analysis_version,date,year,measurement_regime,observation_method,metric,index_value,CHLF,log10_CHLF,method_specific_support,primary_common_support,source_product_id,valid_pixel_count
erken_s2_chlf_matchup_analysis_v1.0,2019-04-17,2019,pre_2023,L1C,NDCI,-0.08065366367949392,4.89651,0.6898866457900016,True,True,S2A_MSIL1C_20190417T102031_N0500_R065_T34VCM_20221023T062324,9
erken_s2_chlf_matchup_analysis_v1.0,2019-04-17,2019,pre_2023,L1C,MCI,3.333333333333313e-05,4.89651,0.6898866457900016,True,True,S2A_MSIL1C_20190417T102031_N0500_R065_T34VCM_20221023T062324,9
erken_s2_chlf_matchup_analysis_v1.0,2019-04-17,2019,pre_2023,L2A,NDCI,-0.18518518518518517,4.89651,0.6898866457900016,True,True,S2A_MSIL2A_20190417T102031_N0500_R065_T34VCM_20221023T092125,9
erken_s2_chlf_matchup_analysis_v1.0,2019-04-17,2019,pre_2023,L2A,MCI,0.00027999999999999987,4.89651,0.6898866457900016,True,True,S2A_MSIL2A_20190417T102031_N0500_R065_T34VCM_20221023T092125,9
erken_s2_chlf_matchup_analysis_v1.0,2019-04-17,2019,pre_2023,ACOLITE,NDCI,-0.00927903250170527,4.89651,0.6898866457900016,True,True,S2A_MSIL1C_20190417T102031_N0500_R065_T34VCM_20221023T062324,9
erken_s2_chlf_matchup_analysis_v1.0,2019-04-17,2019,pre_2023,ACOLITE,MCI,0.00047582335149248464,4.89651,0.6898866457900016,True,True,S2A_MSIL1C_20190417T102031_N0500_R065_T34VCM_20221023T062324,9
erken_s2_chlf_matchup_analysis_v1.0,2019-04-22,2019,pre_2023,L1C,NDCI,0.02514121165134566,3.94,0.5954962218255742,True,False,S2B_MSIL1C_20190422T102029_N0500_R065_T34VCM_20221024T063616,9
erken_s2_chlf_matchup_analysis_v1.0,2019-04-22,2019,pre_2023,L1C,MCI,-0.007004999999999997,3.94,0.5954962218255742,True,False,S2B_MSIL1C_20190422T102029_N0500_R065_T34VCM_20221024T063616,9
erken_s2_chlf_matchup_analysis_v1.0,2019-04-22,2019,pre_2023,L2A,NDCI,0.06920415224913494,3.94,0.5954962218255742,True,False,S2B_MSIL2A_20190422T102029_N0500_R065_T34VCM_20221024T121833,9
erken_s2_chlf_matchup_analysis_v1.0,2019-04-22,2019,pre_2023,L2A,MCI,-0.0018466666666666631,3.94,0.5954962218255742,True,False,S2B_MSIL2A_20190422T102029_N0500_R065_T34VCM_20221024T121833,9
erken_s2_chlf_matchup_analysis_v1.0,2019-04-24,2019,pre_2023,L1C,NDCI,-0.026291370244355024,1.9497,0.2899677916867337,True,True,S2A_MSIL1C_20190424T101031_N0500_R022_T34VCM_20221024T205552,9
erken_s2_chlf_matchup_analysis_v1.0,2019-04-24,2019,pre_2023,L1C,MCI,-0.0018216666666666659,1.9497,0.2899677916867337,True,True,S2A_MSIL1C_20190424T101031_N0500_R022_T34VCM_20221024T205552,9
erken_s2_chlf_matchup_analysis_v1.0,2019-04-24,2019,pre_2023,L2A,NDCI,-0.003236245954692574,1.9497,0.2899677916867337,True,True,S2A_MSIL2A_20190424T101031_N0500_R022_T34VCM_20221025T062127,9
erken_s2_chlf_matchup_analysis_v1.0,2019-04-24,2019,pre_2023,L2A,MCI,0.0008000000000000021,1.9497,0.2899677916867337,True,True,S2A_MSIL2A_20190424T101031_N0500_R022_T34VCM_20221025T062127,9
erken_s2_chlf_matchup_analysis_v1.0,2019-04-24,2019,pre_2023,ACOLITE,NDCI,0.11948751029703267,1.9497,0.2899677916867337,True,True,S2A_MSIL1C_20190424T101031_N0500_R022_T34VCM_20221024T205552,9
erken_s2_chlf_matchup_analysis_v1.0,2019-04-24,2019,pre_2023,ACOLITE,MCI,-0.0029580885544419275,1.9497,0.2899677916867337,True,True,S2A_MSIL1C_20190424T101031_N0500_R022_T34VCM_20221024T205552,9
erken_s2_chlf_matchup_analysis_v1.0,2019-04-27,2019,pre_2023,L1C,NDCI,-0.05553615089067421,2.29786,0.3613235652227519,True,True,S2A_MSIL1C_20190427T102031_N0500_R065_T34VCM_20221110T011848,9
erken_s2_chlf_matchup_analysis_v1.0,2019-04-27,2019,pre_2023,L1C,MCI,-0.0017483333333333378,2.29786,0.3613235652227519,True,True,S2A_MSIL1C_20190427T102031_N0500_R065_T34VCM_20221110T011848,9
erken_s2_chlf_matchup_analysis_v1.0,2019-04-27,2019,pre_2023,L2A,NDCI,-0.03157894736842105,2.29786,0.3613235652227519,True,True,S2A_MSIL2A_20190427T102031_N0500_R065_T34VCM_20221110T101345,9
erken_s2_chlf_matchup_analysis_v1.0,2019-04-27,2019,pre_2023,L2A,MCI,-0.00012000000000000031,2.29786,0.3613235652227519,True,True,S2A_MSIL2A_20190427T102031_N0500_R065_T34VCM_20221110T101345,9
erken_s2_chlf_matchup_analysis_v1.0,2019-04-27,2019,pre_2023,ACOLITE,NDCI,0.00674072674288833,2.29786,0.3613235652227519,True,True,S2A_MSIL1C_20190427T102031_N0500_R065_T34VCM_20221110T011848,9
erken_s2_chlf_matchup_analysis_v1.0,2019-04-27,2019,pre_2023,ACOLITE,MCI,-0.0015136095384756729,2.29786,0.3613235652227519,True,True,S2A_MSIL1C_20190427T102031_N0500_R065_T34VCM_20221110T011848,9
erken_s2_chlf_matchup_analysis_v1.0,2019-04-29,2019,pre_2023,L1C,NDCI,-0.060297572435395456,2.89997,0.46239350517418093,True,True,S2B_MSIL1C_20190429T101029_N0500_R022_T34VCM_20221101T080700,9
erken_s2_chlf_matchup_analysis_v1.0,2019-04-29,2019,pre_2023,L1C,MCI,-0.0014649999999999976,2.89997,0.46239350517418093,True,True,S2B_MSIL1C_20190429T101029_N0500_R022_T34VCM_20221101T080700,9
erken_s2_chlf_matchup_analysis_v1.0,2019-04-29,2019,pre_2023,L2A,NDCI,-0.06586826347305391,2.89997,0.46239350517418093,True,True,S2B_MSIL2A_20190429T101029_N0500_R022_T34VCM_20221101T154544,9
erken_s2_chlf_matchup_analysis_v1.0,2019-04-29,2019,pre_2023,L2A,MCI,-0.000633333333333333,2.89997,0.46239350517418093,True,True,S2B_MSIL2A_20190429T101029_N0500_R022_T34VCM_20221101T154544,9
erken_s2_chlf_matchup_analysis_v1.0,2019-04-29,2019,pre_2023,ACOLITE,NDCI,-0.025569417065714424,2.89997,0.46239350517418093,True,True,S2B_MSIL1C_20190429T101029_N0500_R022_T34VCM_20221101T080700,9
erken_s2_chlf_matchup_analysis_v1.0,2019-04-29,2019,pre_2023,ACOLITE,MCI,-0.0013100313022732738,2.89997,0.46239350517418093,True,True,S2B_MSIL1C_20190429T101029_N0500_R022_T34VCM_20221101T080700,9
erken_s2_chlf_matchup_analysis_v1.0,2019-05-17,2019,pre_2023,L1C,NDCI,-0.04770396790013369,2.24125,0.3504903025702393,True,True,S2A_MSIL1C_20190517T102031_N0500_R065_T34VCM_20221204T064053,9
erken_s2_chlf_matchup_analysis_v1.0,2019-05-17,2019,pre_2023,L1C,MCI,-0.0014966666666666635,2.24125,0.3504903025702393,True,True,S2A_MSIL1C_20190517T102031_N0500_R065_T34VCM_20221204T064053,9
erken_s2_chlf_matchup_analysis_v1.0,2019-05-17,2019,pre_2023,L2A,NDCI,0.02890173410404627,2.24125,0.3504903025702393,True,True,S2A_MSIL2A_20190517T102031_N0500_R065_T34VCM_20221204T165718,9
erken_s2_chlf_matchup_analysis_v1.0,2019-05-17,2019,pre_2023,L2A,MCI,-0.000346666666666667,2.24125,0.3504903025702393,True,True,S2A_MSIL2A_20190517T102031_N0500_R065_T34VCM_20221204T165718,9
erken_s2_chlf_matchup_analysis_v1.0,2019-05-17,2019,pre_2023,ACOLITE,NDCI,0.06485694760810752,2.24125,0.3504903025702393,True,True,S2A_MSIL1C_20190517T102031_N0500_R065_T34VCM_20221204T064053,9
erken_s2_chlf_matchup_analysis_v1.0,2019-05-17,2019,pre_2023,ACOLITE,MCI,-0.0014279803882042558,2.24125,0.3504903025702393,True,True,S2A_MSIL1C_20190517T102031_N0500_R065_T34VCM_20221204T064053,9
erken_s2_chlf_matchup_analysis_v1.0,2019-05-29,2019,pre_2023,L1C,NDCI,-0.05380710659898476,1.14049,0.057091481665399686,True,True,S2B_MSIL1C_20190529T101039_N0500_R022_T34VCM_20221212T161928,9
erken_s2_chlf_matchup_analysis_v1.0,2019-05-29,2019,pre_2023,L1C,MCI,-0.001036666666666665,1.14049,0.057091481665399686,True,True,S2B_MSIL1C_20190529T101039_N0500_R022_T34VCM_20221212T161928,9
erken_s2_chlf_matchup_analysis_v1.0,2019-05-29,2019,pre_2023,L2A,NDCI,0.13924050632911392,1.14049,0.057091481665399686,True,True,S2B_MSIL2A_20190529T101039_N0500_R022_T34VCM_20221213T045958,9
erken_s2_chlf_matchup_analysis_v1.0,2019-05-29,2019,pre_2023,L2A,MCI,-8.666666666666718e-05,1.14049,0.057091481665399686,True,True,S2B_MSIL2A_20190529T101039_N0500_R022_T34VCM_20221213T045958,9
erken_s2_chlf_matchup_analysis_v1.0,2019-05-29,2019,pre_2023,ACOLITE,NDCI,0.06618794476453924,1.14049,0.057091481665399686,True,True,S2B_MSIL1C_20190529T101039_N0500_R022_T34VCM_20221212T161928,9
erken_s2_chlf_matchup_analysis_v1.0,2019-05-29,2019,pre_2023,ACOLITE,MCI,-0.0007721858409543833,1.14049,0.057091481665399686,True,True,S2B_MSIL1C_20190529T101039_N0500_R022_T34VCM_20221212T161928,9
erken_s2_chlf_matchup_analysis_v1.0,2019-06-06,2019,pre_2023,L2A,NDCI,0.028248587570621493,1.57096,0.19616512711480744,True,False,S2A_MSIL2A_20190606T102031_N0500_R065_T34VCM_20230605T110741,9
erken_s2_chlf_matchup_analysis_v1.0,2019-06-06,2019,pre_2023,L2A,MCI,0.0002866666666666677,1.57096,0.19616512711480744,True,False,S2A_MSIL2A_20190606T102031_N0500_R065_T34VCM_20230605T110741,9
erken_s2_chlf_matchup_analysis_v1.0,2019-06-08,2019,pre_2023,L1C,NDCI,-0.06750524109014677,1.46474,0.16576054169601184,True,True,S2B_MSIL1C_20190608T101029_N0500_R022_T34VCM_20230626T033348,9
erken_s2_chlf_matchup_analysis_v1.0,2019-06-08,2019,pre_2023,L1C,MCI,-0.00257166666666667,1.46474,0.16576054169601184,True,True,S2B_MSIL1C_20190608T101029_N0500_R022_T34VCM_20230626T033348,9
erken_s2_chlf_matchup_analysis_v1.0,2019-06-08,2019,pre_2023,L2A,NDCI,0.013824884792626725,1.46474,0.16576054169601184,True,True,S2B_MSIL2A_20190608T101029_N0500_R022_T34VCM_20230626T160325,9
erken_s2_chlf_matchup_analysis_v1.0,2019-06-08,2019,pre_2023,L2A,MCI,-0.0003933333333333341,1.46474,0.16576054169601184,True,True,S2B_MSIL2A_20190608T101029_N0500_R022_T34VCM_20230626T160325,9
erken_s2_chlf_matchup_analysis_v1.0,2019-06-08,2019,pre_2023,ACOLITE,NDCI,0.02593191399170248,1.46474,0.16576054169601184,True,True,S2B_MSIL1C_20190608T101029_N0500_R022_T34VCM_20230626T033348,9
erken_s2_chlf_matchup_analysis_v1.0,2019-06-08,2019,pre_2023,ACOLITE,MCI,-0.0023857407271862027,1.46474,0.16576054169601184,True,True,S2B_MSIL1C_20190608T101029_N0500_R022_T34VCM_20230626T033348,9
erken_s2_chlf_matchup_analysis_v1.0,2019-06-18,2019,pre_2023,L1C,NDCI,-0.0666086199390509,3.2976,0.5181979744351377,True,True,S2B_MSIL1C_20190618T101029_N0500_R022_T34VCM_20230805T075457,9
erken_s2_chlf_matchup_analysis_v1.0,2019-06-18,2019,pre_2023,L1C,MCI,-0.0013850000000000008,3.2976,0.5181979744351377,True,True,S2B_MSIL1C_20190618T101029_N0500_R022_T34VCM_20230805T075457,9
erken_s2_chlf_matchup_analysis_v1.0,2019-06-18,2019,pre_2023,L2A,NDCI,0.004484304932735399,3.2976,0.5181979744351377,True,True,S2B_MSIL2A_20190618T101029_N0500_R022_T34VCM_20230805T164433,9
erken_s2_chlf_matchup_analysis_v1.0,2019-06-18,2019,pre_2023,L2A,MCI,0.0003999999999999993,3.2976,0.5181979744351377,True,True,S2B_MSIL2A_20190618T101029_N0500_R022_T34VCM_20230805T164433,9
erken_s2_chlf_matchup_analysis_v1.0,2019-06-18,2019,pre_2023,ACOLITE,NDCI,0.01162527054198057,3.2976,0.5181979744351377,True,True,S2B_MSIL1C_20190618T101029_N0500_R022_T34VCM_20230805T075457,9
erken_s2_chlf_matchup_analysis_v1.0,2019-06-18,2019,pre_2023,ACOLITE,MCI,-0.0008437815432747204,3.2976,0.5181979744351377,True,True,S2B_MSIL1C_20190618T101029_N0500_R022_T34VCM_20230805T075457,9
erken_s2_chlf_matchup_analysis_v1.0,2019-06-28,2019,pre_2023,L1C,NDCI,-0.05380333951762529,1.89709,0.2780879347770145,True,True,S2B_MSIL1C_20190628T101039_N0500_R022_T34VCM_20221221T083605,9
erken_s2_chlf_matchup_analysis_v1.0,2019-06-28,2019,pre_2023,L1C,MCI,-0.0019233333333333325,1.89709,0.2780879347770145,True,True,S2B_MSIL1C_20190628T101039_N0500_R022_T34VCM_20221221T083605,9
erken_s2_chlf_matchup_analysis_v1.0,2019-06-28,2019,pre_2023,L2A,NDCI,0.036144578313253004,1.89709,0.2780879347770145,True,True,S2B_MSIL2A_20190628T101039_N0500_R022_T34VCM_20221222T110427,9
erken_s2_chlf_matchup_analysis_v1.0,2019-06-28,2019,pre_2023,L2A,MCI,-0.00047333333333333255,1.89709,0.2780879347770145,True,True,S2B_MSIL2A_20190628T101039_N0500_R022_T34VCM_20221222T110427,9
erken_s2_chlf_matchup_analysis_v1.0,2019-06-28,2019,pre_2023,ACOLITE,NDCI,0.045067182438044875,1.89709,0.2780879347770145,True,True,S2B_MSIL1C_20190628T101039_N0500_R022_T34VCM_20221221T083605,9
erken_s2_chlf_matchup_analysis_v1.0,2019-06-28,2019,pre_2023,ACOLITE,MCI,-0.0017564314107100173,1.89709,0.2780879347770145,True,True,S2B_MSIL1C_20190628T101039_N0500_R022_T34VCM_20221221T083605,9
erken_s2_chlf_matchup_analysis_v1.0,2019-07-11,2019,pre_2023,L1C,NDCI,-0.05316172355903754,5.79402,0.7629799899831463,True,True,S2B_MSIL1C_20190711T102029_N0500_R065_T34VCM_20230715T214824,9
erken_s2_chlf_matchup_analysis_v1.0,2019-07-11,2019,pre_2023,L1C,MCI,-0.0018500000000000044,5.79402,0.7629799899831463,True,True,S2B_MSIL1C_20190711T102029_N0500_R065_T34VCM_20230715T214824,9
erken_s2_chlf_matchup_analysis_v1.0,2019-07-11,2019,pre_2023,L2A,NDCI,-0.009009009009008955,5.79402,0.7629799899831463,True,True,S2B_MSIL2A_20190711T102029_N0500_R065_T34VCM_20230716T055255,9
erken_s2_chlf_matchup_analysis_v1.0,2019-07-11,2019,pre_2023,L2A,MCI,0.0010666666666666672,5.79402,0.7629799899831463,True,True,S2B_MSIL2A_20190711T102029_N0500_R065_T34VCM_20230716T055255,9
erken_s2_chlf_matchup_analysis_v1.0,2019-07-11,2019,pre_2023,ACOLITE,NDCI,-0.022154654490054295,5.79402,0.7629799899831463,True,True,S2B_MSIL1C_20190711T102029_N0500_R065_T34VCM_20230715T214824,9
erken_s2_chlf_matchup_analysis_v1.0,2019-07-11,2019,pre_2023,ACOLITE,MCI,-0.0017218882838884973,5.79402,0.7629799899831463,True,True,S2B_MSIL1C_20190711T102029_N0500_R065_T34VCM_20230715T214824,9
erken_s2_chlf_matchup_analysis_v1.0,2019-07-18,2019,pre_2023,L1C,NDCI,-0.025534851621808203,6.36323,0.8036776211657523,True,True,S2B_MSIL1C_20190718T101039_N0500_R022_T34VCM_20230806T134626,9
erken_s2_chlf_matchup_analysis_v1.0,2019-07-18,2019,pre_2023,L1C,MCI,-0.002171666666666669,6.36323,0.8036776211657523,True,True,S2B_MSIL1C_20190718T101039_N0500_R022_T34VCM_20230806T134626,9
erken_s2_chlf_matchup_analysis_v1.0,2019-07-18,2019,pre_2023,L2A,NDCI,0.08391608391608389,6.36323,0.8036776211657523,True,True,S2B_MSIL2A_20190718T101039_N0500_R022_T34VCM_20230806T193442,9
erken_s2_chlf_matchup_analysis_v1.0,2019-07-18,2019,pre_2023,L2A,MCI,0.0008133333333333326,6.36323,0.8036776211657523,True,True,S2B_MSIL2A_20190718T101039_N0500_R022_T34VCM_20230806T193442,9
erken_s2_chlf_matchup_analysis_v1.0,2019-07-18,2019,pre_2023,ACOLITE,NDCI,0.09260402931599465,6.36323,0.8036776211657523,True,True,S2B_MSIL1C_20190718T101039_N0500_R022_T34VCM_20230806T134626,9
erken_s2_chlf_matchup_analysis_v1.0,2019-07-18,2019,pre_2023,ACOLITE,MCI,-0.0018039592852195103,6.36323,0.8036776211657523,True,True,S2B_MSIL1C_20190718T101039_N0500_R022_T34VCM_20230806T134626,9
erken_s2_chlf_matchup_analysis_v1.0,2019-07-23,2019,pre_2023,L1C,NDCI,-0.055093143083630586,8.63214,0.9361184753187852,True,True,S2A_MSIL1C_20190723T101031_N0500_R022_T34VCM_20230718T015529,9
erken_s2_chlf_matchup_analysis_v1.0,2019-07-23,2019,pre_2023,L1C,MCI,-0.0015200000000000005,8.63214,0.9361184753187852,True,True,S2A_MSIL1C_20190723T101031_N0500_R022_T34VCM_20230718T015529,9
erken_s2_chlf_matchup_analysis_v1.0,2019-07-23,2019,pre_2023,L2A,NDCI,0.02222222222222218,8.63214,0.9361184753187852,True,True,S2A_MSIL2A_20190723T101031_N0500_R022_T34VCM_20230719T012350,9
erken_s2_chlf_matchup_analysis_v1.0,2019-07-23,2019,pre_2023,L2A,MCI,0.0012666666666666677,8.63214,0.9361184753187852,True,True,S2A_MSIL2A_20190723T101031_N0500_R022_T34VCM_20230719T012350,9
erken_s2_chlf_matchup_analysis_v1.0,2019-07-23,2019,pre_2023,ACOLITE,NDCI,0.09744782652040462,8.63214,0.9361184753187852,True,True,S2A_MSIL1C_20190723T101031_N0500_R022_T34VCM_20230718T015529,9
erken_s2_chlf_matchup_analysis_v1.0,2019-07-23,2019,pre_2023,ACOLITE,MCI,-0.000709098608543476,8.63214,0.9361184753187852,True,True,S2A_MSIL1C_20190723T101031_N0500_R022_T34VCM_20230718T015529,9
erken_s2_chlf_matchup_analysis_v1.0,2019-07-26,2019,pre_2023,L1C,NDCI,-0.04852243706676398,9.5778,0.9812657640280285,True,True,S2A_MSIL1C_20190726T102031_N0500_R065_T34VCM_20230509T045252,9
erken_s2_chlf_matchup_analysis_v1.0,2019-07-26,2019,pre_2023,L1C,MCI,-0.00145,9.5778,0.9812657640280285,True,True,S2A_MSIL1C_20190726T102031_N0500_R065_T34VCM_20230509T045252,9
erken_s2_chlf_matchup_analysis_v1.0,2019-07-26,2019,pre_2023,L2A,NDCI,0.041009463722397506,9.5778,0.9812657640280285,True,True,S2A_MSIL2A_20190726T102031_N0500_R065_T34VCM_20230509T235130,9
erken_s2_chlf_matchup_analysis_v1.0,2019-07-26,2019,pre_2023,L2A,MCI,0.0012266666666666676,9.5778,0.9812657640280285,True,True,S2A_MSIL2A_20190726T102031_N0500_R065_T34VCM_20230509T235130,9
erken_s2_chlf_matchup_analysis_v1.0,2019-07-26,2019,pre_2023,ACOLITE,NDCI,0.08332885792179515,9.5778,0.9812657640280285,True,True,S2A_MSIL1C_20190726T102031_N0500_R065_T34VCM_20230509T045252,9
erken_s2_chlf_matchup_analysis_v1.0,2019-07-26,2019,pre_2023,ACOLITE,MCI,-0.0007262458403905232,9.5778,0.9812657640280285,True,True,S2A_MSIL1C_20190726T102031_N0500_R065_T34VCM_20230509T045252,9
erken_s2_chlf_matchup_analysis_v1.0,2019-07-28,2019,pre_2023,L1C,NDCI,-0.07518189167340342,7.0803,0.8500516596084559,True,True,S2B_MSIL1C_20190728T101029_N0500_R022_T34VCM_20230710T194856,9
erken_s2_chlf_matchup_analysis_v1.0,2019-07-28,2019,pre_2023,L1C,MCI,-0.0020033333333333327,7.0803,0.8500516596084559,True,True,S2B_MSIL1C_20190728T101029_N0500_R022_T34VCM_20230710T194856,9
erken_s2_chlf_matchup_analysis_v1.0,2019-07-28,2019,pre_2023,L2A,NDCI,-0.010101010101010128,7.0803,0.8500516596084559,True,True,S2B_MSIL2A_20190728T101029_N0500_R022_T34VCM_20230711T050005,9
erken_s2_chlf_matchup_analysis_v1.0,2019-07-28,2019,pre_2023,L2A,MCI,0.0006066666666666668,7.0803,0.8500516596084559,True,True,S2B_MSIL2A_20190728T101029_N0500_R022_T34VCM_20230711T050005,9
erken_s2_chlf_matchup_analysis_v1.0,2019-07-28,2019,pre_2023,ACOLITE,NDCI,0.015790534161362443,7.0803,0.8500516596084559,True,True,S2B_MSIL1C_20190728T101029_N0500_R022_T34VCM_20230710T194856,9
erken_s2_chlf_matchup_analysis_v1.0,2019-07-28,2019,pre_2023,ACOLITE,MCI,-0.0013343171526988343,7.0803,0.8500516596084559,True,True,S2B_MSIL1C_20190728T101029_N0500_R022_T34VCM_20230710T194856,9
erken_s2_chlf_matchup_analysis_v1.0,2019-08-02,2019,pre_2023,L1C,NDCI,-0.003693931398416919,9.54568,0.9798068714126261,True,False,S2A_MSIL1C_20190802T101031_N0500_R022_T34VCM_20230507T065150,9
erken_s2_chlf_matchup_analysis_v1.0,2019-08-02,2019,pre_2023,L1C,MCI,-0.00539166666666667,9.54568,0.9798068714126261,True,False,S2A_MSIL1C_20190802T101031_N0500_R022_T34VCM_20230507T065150,9
erken_s2_chlf_matchup_analysis_v1.0,2019-08-02,2019,pre_2023,L2A,NDCI,0.0968992248062015,9.54568,0.9798068714126261,True,False,S2A_MSIL2A_20190802T101031_N0500_R022_T34VCM_20230508T041636,9
erken_s2_chlf_matchup_analysis_v1.0,2019-08-02,2019,pre_2023,L2A,MCI,-0.0012533333333333355,9.54568,0.9798068714126261,True,False,S2A_MSIL2A_20190802T101031_N0500_R022_T34VCM_20230508T041636,9
erken_s2_chlf_matchup_analysis_v1.0,2019-08-05,2019,pre_2023,L1C,NDCI,-0.06029579067121728,16.2513,1.2108881074837772,True,True,S2A_MSIL1C_20190805T102031_N0500_R065_T34VCM_20230506T110027,9
erken_s2_chlf_matchup_analysis_v1.0,2019-08-05,2019,pre_2023,L1C,MCI,-0.002306666666666665,16.2513,1.2108881074837772,True,True,S2A_MSIL1C_20190805T102031_N0500_R065_T34VCM_20230506T110027,9
erken_s2_chlf_matchup_analysis_v1.0,2019-08-05,2019,pre_2023,L2A,NDCI,0.0,16.2513,1.2108881074837772,True,True,S2A_MSIL2A_20190805T102031_N0500_R065_T34VCM_20230506T211615,9
erken_s2_chlf_matchup_analysis_v1.0,2019-08-05,2019,pre_2023,L2A,MCI,0.0012333333333333328,16.2513,1.2108881074837772,True,True,S2A_MSIL2A_20190805T102031_N0500_R065_T34VCM_20230506T211615,9
erken_s2_chlf_matchup_analysis_v1.0,2019-08-05,2019,pre_2023,ACOLITE,NDCI,-0.08894434630140124,16.2513,1.2108881074837772,True,True,S2A_MSIL1C_20190805T102031_N0500_R065_T34VCM_20230506T110027,9
erken_s2_chlf_matchup_analysis_v1.0,2019-08-05,2019,pre_2023,ACOLITE,MCI,-0.002047241479158402,16.2513,1.2108881074837772,True,True,S2A_MSIL1C_20190805T102031_N0500_R065_T34VCM_20230506T110027,9
erken_s2_chlf_matchup_analysis_v1.0,2019-08-07,2019,pre_2023,ACOLITE,NDCI,0.1334296619737853,22.1273,1.344928424020391,True,False,S2B_MSIL1C_20190807T101029_N0500_R022_T34VCM_20230722T223108,8
erken_s2_chlf_matchup_analysis_v1.0,2019-08-07,2019,pre_2023,ACOLITE,MCI,-0.0005193235973517084,22.1273,1.344928424020391,True,False,S2B_MSIL1C_20190807T101029_N0500_R022_T34VCM_20230722T223108,8
erken_s2_chlf_matchup_analysis_v1.0,2019-08-22,2019,pre_2023,L1C,NDCI,0.010823055625471931,25.7562,1.4108817887822214,True,True,S2A_MSIL1C_20190822T101031_N0500_R022_T34VCM_20230705T195754,9
erken_s2_chlf_matchup_analysis_v1.0,2019-08-22,2019,pre_2023,L1C,MCI,0.004138333333333334,25.7562,1.4108817887822214,True,True,S2A_MSIL1C_20190822T101031_N0500_R022_T34VCM_20230705T195754,9
erken_s2_chlf_matchup_analysis_v1.0,2019-08-22,2019,pre_2023,L2A,NDCI,0.11733800350262694,25.7562,1.4108817887822214,True,True,S2A_MSIL2A_20190822T101031_N0500_R022_T34VCM_20230706T042034,9
erken_s2_chlf_matchup_analysis_v1.0,2019-08-22,2019,pre_2023,L2A,MCI,0.009006666666666666,25.7562,1.4108817887822214,True,True,S2A_MSIL2A_20190822T101031_N0500_R022_T34VCM_20230706T042034,9
erken_s2_chlf_matchup_analysis_v1.0,2019-08-22,2019,pre_2023,ACOLITE,NDCI,0.15773035465288882,25.7562,1.4108817887822214,True,True,S2A_MSIL1C_20190822T101031_N0500_R022_T34VCM_20230705T195754,6
erken_s2_chlf_matchup_analysis_v1.0,2019-08-22,2019,pre_2023,ACOLITE,MCI,0.006088582488397757,25.7562,1.4108817887822214,True,True,S2A_MSIL1C_20190822T101031_N0500_R022_T34VCM_20230705T195754,6
erken_s2_chlf_matchup_analysis_v1.0,2019-08-25,2019,pre_2023,L1C,NDCI,0.004878048780487775,29.2368,1.4659298368770084,True,True,S2A_MSIL1C_20190825T102031_N0500_R065_T34VCM_20230430T034035,9
erken_s2_chlf_matchup_analysis_v1.0,2019-08-25,2019,pre_2023,L1C,MCI,0.003846666666666665,29.2368,1.4659298368770084,True,True,S2A_MSIL1C_20190825T102031_N0500_R065_T34VCM_20230430T034035,9
erken_s2_chlf_matchup_analysis_v1.0,2019-08-25,2019,pre_2023,L2A,NDCI,0.16216216216216223,29.2368,1.4659298368770084,True,True,S2A_MSIL2A_20190825T102031_N0500_R065_T34VCM_20230430T190322,9
erken_s2_chlf_matchup_analysis_v1.0,2019-08-25,2019,pre_2023,L2A,MCI,0.009080000000000001,29.2368,1.4659298368770084,True,True,S2A_MSIL2A_20190825T102031_N0500_R065_T34VCM_20230430T190322,9
erken_s2_chlf_matchup_analysis_v1.0,2019-08-25,2019,pre_2023,ACOLITE,NDCI,0.16823393578718646,29.2368,1.4659298368770084,True,True,S2A_MSIL1C_20190825T102031_N0500_R065_T34VCM_20230430T034035,9
erken_s2_chlf_matchup_analysis_v1.0,2019-08-25,2019,pre_2023,ACOLITE,MCI,0.005703854188323022,29.2368,1.4659298368770084,True,True,S2A_MSIL1C_20190825T102031_N0500_R065_T34VCM_20230430T034035,9
erken_s2_chlf_matchup_analysis_v1.0,2019-08-27,2019,pre_2023,L1C,NDCI,0.016186556927297712,20.134,1.3039300642753686,True,True,S2B_MSIL1C_20190827T101029_N0500_R022_T34VCM_20230523T230349,9
erken_s2_chlf_matchup_analysis_v1.0,2019-08-27,2019,pre_2023,L1C,MCI,0.00410166666666667,20.134,1.3039300642753686,True,True,S2B_MSIL1C_20190827T101029_N0500_R022_T34VCM_20230523T230349,9
erken_s2_chlf_matchup_analysis_v1.0,2019-08-27,2019,pre_2023,L2A,NDCI,0.16738197424892698,20.134,1.3039300642753686,True,True,S2B_MSIL2A_20190827T101029_N0500_R022_T34VCM_20230524T153400,9
erken_s2_chlf_matchup_analysis_v1.0,2019-08-27,2019,pre_2023,L2A,MCI,0.008759999999999997,20.134,1.3039300642753686,True,True,S2B_MSIL2A_20190827T101029_N0500_R022_T34VCM_20230524T153400,9
erken_s2_chlf_matchup_analysis_v1.0,2019-08-27,2019,pre_2023,ACOLITE,NDCI,0.23336505649491324,20.134,1.3039300642753686,True,True,S2B_MSIL1C_20190827T101029_N0500_R022_T34VCM_20230523T230349,9
erken_s2_chlf_matchup_analysis_v1.0,2019-08-27,2019,pre_2023,ACOLITE,MCI,0.005937202336887519,20.134,1.3039300642753686,True,True,S2B_MSIL1C_20190827T101029_N0500_R022_T34VCM_20230523T230349,9
erken_s2_chlf_matchup_analysis_v1.0,2019-09-01,2019,pre_2023,L1C,NDCI,-0.03878326996197721,18.2537,1.2613509086124868,True,True,S2A_MSIL1C_20190901T101031_N0500_R022_T34VCM_20230701T230615,9
erken_s2_chlf_matchup_analysis_v1.0,2019-09-01,2019,pre_2023,L1C,MCI,-0.001910000000000002,18.2537,1.2613509086124868,True,True,S2A_MSIL1C_20190901T101031_N0500_R022_T34VCM_20230701T230615,9
erken_s2_chlf_matchup_analysis_v1.0,2019-09-01,2019,pre_2023,L2A,NDCI,0.06880733944954134,18.2537,1.2613509086124868,True,True,S2A_MSIL2A_20190901T101031_N0500_R022_T34VCM_20230702T225854,9
erken_s2_chlf_matchup_analysis_v1.0,2019-09-01,2019,pre_2023,L2A,MCI,0.0030733333333333307,18.2537,1.2613509086124868,True,True,S2A_MSIL2A_20190901T101031_N0500_R022_T34VCM_20230702T225854,9
erken_s2_chlf_matchup_analysis_v1.0,2019-09-01,2019,pre_2023,ACOLITE,NDCI,0.0909612446263337,18.2537,1.2613509086124868,True,True,S2A_MSIL1C_20190901T101031_N0500_R022_T34VCM_20230701T230615,9
erken_s2_chlf_matchup_analysis_v1.0,2019-09-01,2019,pre_2023,ACOLITE,MCI,-0.000772130116820334,18.2537,1.2613509086124868,True,True,S2A_MSIL1C_20190901T101031_N0500_R022_T34VCM_20230701T230615,9
erken_s2_chlf_matchup_analysis_v1.0,2019-09-04,2019,pre_2023,L1C,NDCI,0.0003049710277524146,16.173,1.2087905865482986,True,False,S2A_MSIL1C_20190904T102021_N0500_R065_T34VCM_20230702T101739,9
erken_s2_chlf_matchup_analysis_v1.0,2019-09-04,2019,pre_2023,L1C,MCI,-0.00179,16.173,1.2087905865482986,True,False,S2A_MSIL1C_20190904T102021_N0500_R065_T34VCM_20230702T101739,9
erken_s2_chlf_matchup_analysis_v1.0,2019-09-04,2019,pre_2023,L2A,NDCI,0.0627546862265688,16.173,1.2087905865482986,True,False,S2A_MSIL2A_20190904T102021_N0500_R065_T34VCM_20230703T073148,9
erken_s2_chlf_matchup_analysis_v1.0,2019-09-04,2019,pre_2023,L2A,MCI,0.0010599999999999984,16.173,1.2087905865482986,True,False,S2A_MSIL2A_20190904T102021_N0500_R065_T34VCM_20230703T073148,9
erken_s2_chlf_matchup_analysis_v1.0,2019-09-06,2019,pre_2023,L1C,NDCI,-0.031351351351351406,12.9029,1.1106873314195744,True,True,S2B_MSIL1C_20190906T101029_N0500_R022_T34VCM_20230501T234630,9
erken_s2_chlf_matchup_analysis_v1.0,2019-09-06,2019,pre_2023,L1C,MCI,0.0015449999999999978,12.9029,1.1106873314195744,True,True,S2B_MSIL1C_20190906T101029_N0500_R022_T34VCM_20230501T234630,9
erken_s2_chlf_matchup_analysis_v1.0,2019-09-06,2019,pre_2023,L2A,NDCI,0.06666666666666667,12.9029,1.1106873314195744,True,True,S2B_MSIL2A_20190906T101029_N0500_R022_T34VCM_20230502T203254,9
erken_s2_chlf_matchup_analysis_v1.0,2019-09-06,2019,pre_2023,L2A,MCI,0.0034999999999999996,12.9029,1.1106873314195744,True,True,S2B_MSIL2A_20190906T101029_N0500_R022_T34VCM_20230502T203254,9
erken_s2_chlf_matchup_analysis_v1.0,2019-09-06,2019,pre_2023,ACOLITE,NDCI,0.07771359365577518,12.9029,1.1106873314195744,True,True,S2B_MSIL1C_20190906T101029_N0500_R022_T34VCM_20230501T234630,9
erken_s2_chlf_matchup_analysis_v1.0,2019-09-06,2019,pre_2023,ACOLITE,MCI,0.002340147520105045,12.9029,1.1106873314195744,True,True,S2B_MSIL1C_20190906T101029_N0500_R022_T34VCM_20230501T234630,9
erken_s2_chlf_matchup_analysis_v1.0,2019-09-26,2019,pre_2023,L1C,NDCI,-0.04910260751777857,0.951944,-0.021388599101159256,True,True,S2B_MSIL1C_20190926T101029_N0500_R022_T34VCM_20230627T065915,9
erken_s2_chlf_matchup_analysis_v1.0,2019-09-26,2019,pre_2023,L1C,MCI,0.0004283333333333292,0.951944,-0.021388599101159256,True,True,S2B_MSIL1C_20190926T101029_N0500_R022_T34VCM_20230627T065915,9
erken_s2_chlf_matchup_analysis_v1.0,2019-09-26,2019,pre_2023,L2A,NDCI,0.07462686567164185,0.951944,-0.021388599101159256,True,True,S2B_MSIL2A_20190926T101029_N0500_R022_T34VCM_20230628T061823,9
erken_s2_chlf_matchup_analysis_v1.0,2019-09-26,2019,pre_2023,L2A,MCI,0.002553333333333333,0.951944,-0.021388599101159256,True,True,S2B_MSIL2A_20190926T101029_N0500_R022_T34VCM_20230628T061823,9
erken_s2_chlf_matchup_analysis_v1.0,2019-09-26,2019,pre_2023,ACOLITE,NDCI,0.0841634959338574,0.951944,-0.021388599101159256,True,True,S2B_MSIL1C_20190926T101029_N0500_R022_T34VCM_20230627T065915,9
erken_s2_chlf_matchup_analysis_v1.0,2019-09-26,2019,pre_2023,ACOLITE,MCI,0.0013756550227602329,0.951944,-0.021388599101159256,True,True,S2B_MSIL1C_20190926T101029_N0500_R022_T34VCM_20230627T065915,9
erken_s2_chlf_matchup_analysis_v1.0,2019-10-01,2019,pre_2023,L1C,NDCI,-0.030429128738621556,1.12823,0.052397643573415933,True,True,S2A_MSIL1C_20191001T101031_N0500_R022_T34VCM_20230614T021139,9
erken_s2_chlf_matchup_analysis_v1.0,2019-10-01,2019,pre_2023,L1C,MCI,-0.0004633333333333295,1.12823,0.052397643573415933,True,True,S2A_MSIL1C_20191001T101031_N0500_R022_T34VCM_20230614T021139,9
erken_s2_chlf_matchup_analysis_v1.0,2019-10-01,2019,pre_2023,L2A,NDCI,0.03157894736842105,1.12823,0.052397643573415933,True,True,S2A_MSIL2A_20191001T101031_N0500_R022_T34VCM_20230614T115927,9
erken_s2_chlf_matchup_analysis_v1.0,2019-10-01,2019,pre_2023,L2A,MCI,0.00136,1.12823,0.052397643573415933,True,True,S2A_MSIL2A_20191001T101031_N0500_R022_T34VCM_20230614T115927,9
erken_s2_chlf_matchup_analysis_v1.0,2019-10-01,2019,pre_2023,ACOLITE,NDCI,0.07502781705192599,1.12823,0.052397643573415933,True,True,S2A_MSIL1C_20191001T101031_N0500_R022_T34VCM_20230614T021139,9
erken_s2_chlf_matchup_analysis_v1.0,2019-10-01,2019,pre_2023,ACOLITE,MCI,0.0002373601620395977,1.12823,0.052397643573415933,True,True,S2A_MSIL1C_20191001T101031_N0500_R022_T34VCM_20230614T021139,9
erken_s2_chlf_matchup_analysis_v1.0,2019-10-04,2019,pre_2023,L1C,NDCI,-0.05316973415132921,2.65805,0.42456314610252144,True,True,S2A_MSIL1C_20191004T102031_N0500_R065_T34VCM_20230613T124317,9
erken_s2_chlf_matchup_analysis_v1.0,2019-10-04,2019,pre_2023,L1C,MCI,-0.00035666666666666486,2.65805,0.42456314610252144,True,True,S2A_MSIL1C_20191004T102031_N0500_R065_T34VCM_20230613T124317,9
erken_s2_chlf_matchup_analysis_v1.0,2019-10-04,2019,pre_2023,L2A,NDCI,-0.11510791366906474,2.65805,0.42456314610252144,True,True,S2A_MSIL2A_20191004T102031_N0500_R065_T34VCM_20230613T223937,9
erken_s2_chlf_matchup_analysis_v1.0,2019-10-04,2019,pre_2023,L2A,MCI,0.0008000000000000004,2.65805,0.42456314610252144,True,True,S2A_MSIL2A_20191004T102031_N0500_R065_T34VCM_20230613T223937,9
erken_s2_chlf_matchup_analysis_v1.0,2019-10-04,2019,pre_2023,ACOLITE,NDCI,-0.02849233377075001,2.65805,0.42456314610252144,True,True,S2A_MSIL1C_20191004T102031_N0500_R065_T34VCM_20230613T124317,9
erken_s2_chlf_matchup_analysis_v1.0,2019-10-04,2019,pre_2023,ACOLITE,MCI,-5.2342625955740726e-05,2.65805,0.42456314610252144,True,True,S2A_MSIL1C_20191004T102031_N0500_R065_T34VCM_20230613T124317,9
erken_s2_chlf_matchup_analysis_v1.0,2019-10-19,2019,pre_2023,L1C,NDCI,-0.01769572955318302,6.62614,0.8212606076076895,True,False,S2B_MSIL1C_20191019T102029_N0500_R065_T34VCM_20230622T001059,8
erken_s2_chlf_matchup_analysis_v1.0,2019-10-19,2019,pre_2023,L1C,MCI,-0.0016741666666666571,6.62614,0.8212606076076895,True,False,S2B_MSIL1C_20191019T102029_N0500_R065_T34VCM_20230622T001059,8
erken_s2_chlf_matchup_analysis_v1.0,2019-10-19,2019,pre_2023,L2A,NDCI,0.04059946095993814,6.62614,0.8212606076076895,True,False,S2B_MSIL2A_20191019T102029_N0500_R065_T34VCM_20230622T072030,8
erken_s2_chlf_matchup_analysis_v1.0,2019-10-19,2019,pre_2023,L2A,MCI,0.00632333333333333,6.62614,0.8212606076076895,True,False,S2B_MSIL2A_20191019T102029_N0500_R065_T34VCM_20230622T072030,8
erken_s2_chlf_matchup_analysis_v1.0,2019-10-29,2019,pre_2023,L1C,NDCI,-0.08794788273615636,3.18072,0.5025254396804123,True,True,S2B_MSIL1C_20191029T102039_N0500_R065_T34VCM_20230614T174242,9
erken_s2_chlf_matchup_analysis_v1.0,2019-10-29,2019,pre_2023,L1C,MCI,-0.0016183333333333327,3.18072,0.5025254396804123,True,True,S2B_MSIL1C_20191029T102039_N0500_R065_T34VCM_20230614T174242,9
erken_s2_chlf_matchup_analysis_v1.0,2019-10-29,2019,pre_2023,L2A,NDCI,-0.1572327044025157,3.18072,0.5025254396804123,True,True,S2B_MSIL2A_20191029T102039_N0500_R065_T34VCM_20230614T232838,9
erken_s2_chlf_matchup_analysis_v1.0,2019-10-29,2019,pre_2023,L2A,MCI,-0.0008600000000000005,3.18072,0.5025254396804123,True,True,S2B_MSIL2A_20191029T102039_N0500_R065_T34VCM_20230614T232838,9
erken_s2_chlf_matchup_analysis_v1.0,2019-10-29,2019,pre_2023,ACOLITE,NDCI,-0.12307430003070542,3.18072,0.5025254396804123,True,True,S2B_MSIL1C_20191029T102039_N0500_R065_T34VCM_20230614T174242,9
erken_s2_chlf_matchup_analysis_v1.0,2019-10-29,2019,pre_2023,ACOLITE,MCI,-0.0012662655984361972,3.18072,0.5025254396804123,True,True,S2B_MSIL1C_20191029T102039_N0500_R065_T34VCM_20230614T174242,9
erken_s2_chlf_matchup_analysis_v1.0,2019-10-31,2019,pre_2023,L1C,NDCI,-0.05772715506083359,4.48983,0.652229897471111,True,True,S2A_MSIL1C_20191031T101141_N0500_R022_T34VCM_20230527T075200,9
erken_s2_chlf_matchup_analysis_v1.0,2019-10-31,2019,pre_2023,L1C,MCI,0.0002066666666666675,4.48983,0.652229897471111,True,True,S2A_MSIL1C_20191031T101141_N0500_R022_T34VCM_20230527T075200,9
erken_s2_chlf_matchup_analysis_v1.0,2019-10-31,2019,pre_2023,L2A,NDCI,0.00429184549356228,4.48983,0.652229897471111,True,True,S2A_MSIL2A_20191031T101141_N0500_R022_T34VCM_20230527T114942,9
erken_s2_chlf_matchup_analysis_v1.0,2019-10-31,2019,pre_2023,L2A,MCI,0.0019066666666666676,4.48983,0.652229897471111,True,True,S2A_MSIL2A_20191031T101141_N0500_R022_T34VCM_20230527T114942,9
erken_s2_chlf_matchup_analysis_v1.0,2019-10-31,2019,pre_2023,ACOLITE,NDCI,0.04577746053294213,4.48983,0.652229897471111,True,True,S2A_MSIL1C_20191031T101141_N0500_R022_T34VCM_20230527T075200,9
erken_s2_chlf_matchup_analysis_v1.0,2019-10-31,2019,pre_2023,ACOLITE,MCI,0.0011539326359828305,4.48983,0.652229897471111,True,True,S2A_MSIL1C_20191031T101141_N0500_R022_T34VCM_20230527T075200,9
erken_s2_chlf_matchup_analysis_v1.0,2019-11-05,2019,pre_2023,L1C,NDCI,-0.07919978076185251,3.00609,0.4780019788850396,True,True,S2B_MSIL1C_20191105T101119_N0500_R022_T34VCM_20230706T195721,9
erken_s2_chlf_matchup_analysis_v1.0,2019-11-05,2019,pre_2023,L1C,MCI,-0.0019383333333333336,3.00609,0.4780019788850396,True,True,S2B_MSIL1C_20191105T101119_N0500_R022_T34VCM_20230706T195721,9
erken_s2_chlf_matchup_analysis_v1.0,2019-11-05,2019,pre_2023,L2A,NDCI,-0.1824817518248175,3.00609,0.4780019788850396,True,True,S2B_MSIL2A_20191105T101119_N0500_R022_T34VCM_20230707T155633,9
erken_s2_chlf_matchup_analysis_v1.0,2019-11-05,2019,pre_2023,L2A,MCI,-0.001926666666666666,3.00609,0.4780019788850396,True,True,S2B_MSIL2A_20191105T101119_N0500_R022_T34VCM_20230707T155633,9
erken_s2_chlf_matchup_analysis_v1.0,2019-11-05,2019,pre_2023,ACOLITE,NDCI,-0.09049448690757461,3.00609,0.4780019788850396,True,True,S2B_MSIL1C_20191105T101119_N0500_R022_T34VCM_20230706T195721,9
erken_s2_chlf_matchup_analysis_v1.0,2019-11-05,2019,pre_2023,ACOLITE,MCI,-0.002377110533416271,3.00609,0.4780019788850396,True,True,S2B_MSIL1C_20191105T101119_N0500_R022_T34VCM_20230706T195721,9
erken_s2_chlf_matchup_analysis_v1.0,2019-11-30,2019,pre_2023,L1C,NDCI,-0.05767894371091037,1.73839,0.24014721506274986,True,False,S2A_MSIL1C_20191130T101401_N0500_R022_T34VCM_20221220T095629,9
erken_s2_chlf_matchup_analysis_v1.0,2019-11-30,2019,pre_2023,L1C,MCI,-0.0015033333333333426,1.73839,0.24014721506274986,True,False,S2A_MSIL1C_20191130T101401_N0500_R022_T34VCM_20221220T095629,9
erken_s2_chlf_matchup_analysis_v1.0,2019-11-30,2019,pre_2023,L2A,NDCI,-0.05298013245033111,1.73839,0.24014721506274986,True,False,S2A_MSIL2A_20191130T101401_N0500_R022_T34VCM_20221220T104952,9
erken_s2_chlf_matchup_analysis_v1.0,2019-11-30,2019,pre_2023,L2A,MCI,-0.00045999999999999514,1.73839,0.24014721506274986,True,False,S2A_MSIL2A_20191130T101401_N0500_R022_T34VCM_20221220T104952,9
erken_s2_chlf_matchup_analysis_v1.0,2019-12-05,2019,pre_2023,L1C,NDCI,-0.05603271983640078,1.58659,0.20046471267642535,True,False,S2B_MSIL1C_20191205T101309_N0500_R022_T34VCM_20230618T044123,9
erken_s2_chlf_matchup_analysis_v1.0,2019-12-05,2019,pre_2023,L1C,MCI,-0.0003283333333333402,1.58659,0.20046471267642535,True,False,S2B_MSIL1C_20191205T101309_N0500_R022_T34VCM_20230618T044123,9
erken_s2_chlf_matchup_analysis_v1.0,2019-12-05,2019,pre_2023,L2A,NDCI,-0.026113671274961604,1.58659,0.20046471267642535,True,False,S2B_MSIL2A_20191205T101309_N0500_R022_T34VCM_20230619T055056,9
erken_s2_chlf_matchup_analysis_v1.0,2019-12-05,2019,pre_2023,L2A,MCI,0.0017799999999999969,1.58659,0.20046471267642535,True,False,S2B_MSIL2A_20191205T101309_N0500_R022_T34VCM_20230619T055056,9
erken_s2_chlf_matchup_analysis_v1.0,2020-01-19,2020,pre_2023,L1C,NDCI,-0.043701799485861184,1.17279,0.06922025422463252,True,False,S2A_MSIL1C_20200119T101331_N0500_R022_T34VCM_20230423T210432,9
erken_s2_chlf_matchup_analysis_v1.0,2020-01-19,2020,pre_2023,L1C,MCI,0.0006066666666666651,1.17279,0.06922025422463252,True,False,S2A_MSIL1C_20200119T101331_N0500_R022_T34VCM_20230423T210432,9
erken_s2_chlf_matchup_analysis_v1.0,2020-01-19,2020,pre_2023,L2A,NDCI,-0.01169590643274857,1.17279,0.06922025422463252,True,False,S2A_MSIL2A_20200119T101331_N0500_R022_T34VCM_20230423T222528,9
erken_s2_chlf_matchup_analysis_v1.0,2020-01-19,2020,pre_2023,L2A,MCI,0.002479999999999998,1.17279,0.06922025422463252,True,False,S2A_MSIL2A_20200119T101331_N0500_R022_T34VCM_20230423T222528,9
erken_s2_chlf_matchup_analysis_v1.0,2020-01-24,2020,pre_2023,L1C,NDCI,-0.06445672191528544,1.20834,0.08218915228822649,True,True,S2B_MSIL1C_20200124T101219_N0500_R022_T34VCM_20230427T023015,9
erken_s2_chlf_matchup_analysis_v1.0,2020-01-24,2020,pre_2023,L1C,MCI,0.0003783333333333347,1.20834,0.08218915228822649,True,True,S2B_MSIL1C_20200124T101219_N0500_R022_T34VCM_20230427T023015,9
erken_s2_chlf_matchup_analysis_v1.0,2020-01-24,2020,pre_2023,L2A,NDCI,-0.05802047781569966,1.20834,0.08218915228822649,True,True,S2B_MSIL2A_20200124T101219_N0500_R022_T34VCM_20230428T002112,9
erken_s2_chlf_matchup_analysis_v1.0,2020-01-24,2020,pre_2023,L2A,MCI,0.001986666666666666,1.20834,0.08218915228822649,True,True,S2B_MSIL2A_20200124T101219_N0500_R022_T34VCM_20230428T002112,9
erken_s2_chlf_matchup_analysis_v1.0,2020-01-24,2020,pre_2023,ACOLITE,NDCI,-0.030300580141777965,1.20834,0.08218915228822649,True,True,S2B_MSIL1C_20200124T101219_N0500_R022_T34VCM_20230427T023015,9
erken_s2_chlf_matchup_analysis_v1.0,2020-01-24,2020,pre_2023,ACOLITE,MCI,0.0014260757714509957,1.20834,0.08218915228822649,True,True,S2B_MSIL1C_20200124T101219_N0500_R022_T34VCM_20230427T023015,9
erken_s2_chlf_matchup_analysis_v1.0,2020-02-03,2020,pre_2023,L1C,NDCI,-0.032952691680261006,1.98,0.2966651902615311,True,False,S2B_MSIL1C_20200203T101129_N0500_R022_T34VCM_20230530T093722,9
erken_s2_chlf_matchup_analysis_v1.0,2020-02-03,2020,pre_2023,L1C,MCI,-0.00012833333333332753,1.98,0.2966651902615311,True,False,S2B_MSIL1C_20200203T101129_N0500_R022_T34VCM_20230530T093722,9
erken_s2_chlf_matchup_analysis_v1.0,2020-02-03,2020,pre_2023,L2A,NDCI,-0.013605442176870744,1.98,0.2966651902615311,True,False,S2B_MSIL2A_20200203T101129_N0500_R022_T34VCM_20230531T080341,9
erken_s2_chlf_matchup_analysis_v1.0,2020-02-03,2020,pre_2023,L2A,MCI,0.0011600000000000013,1.98,0.2966651902615311,True,False,S2B_MSIL2A_20200203T101129_N0500_R022_T34VCM_20230531T080341,9
erken_s2_chlf_matchup_analysis_v1.0,2020-02-06,2020,pre_2023,L1C,NDCI,-0.08010335917312658,2.58,0.41161970596323016,True,True,S2B_MSIL1C_20200206T102109_N0500_R065_T34VCM_20230630T112541,9
erken_s2_chlf_matchup_analysis_v1.0,2020-02-06,2020,pre_2023,L1C,MCI,-0.0005450000000000038,2.58,0.41161970596323016,True,True,S2B_MSIL1C_20200206T102109_N0500_R065_T34VCM_20230630T112541,9
erken_s2_chlf_matchup_analysis_v1.0,2020-02-06,2020,pre_2023,L2A,NDCI,-0.5333333333333333,2.58,0.41161970596323016,True,True,S2B_MSIL2A_20200206T102109_N0500_R065_T34VCM_20230630T201033,9
erken_s2_chlf_matchup_analysis_v1.0,2020-02-06,2020,pre_2023,L2A,MCI,-1.3333333333333255e-05,2.58,0.41161970596323016,True,True,S2B_MSIL2A_20200206T102109_N0500_R065_T34VCM_20230630T201033,9
erken_s2_chlf_matchup_analysis_v1.0,2020-02-06,2020,pre_2023,ACOLITE,NDCI,-0.027298374372960565,2.58,0.41161970596323016,True,True,S2B_MSIL1C_20200206T102109_N0500_R065_T34VCM_20230630T112541,9
erken_s2_chlf_matchup_analysis_v1.0,2020-02-06,2020,pre_2023,ACOLITE,MCI,-0.0003894722089171406,2.58,0.41161970596323016,True,True,S2B_MSIL1C_20200206T102109_N0500_R065_T34VCM_20230630T112541,9
erken_s2_chlf_matchup_analysis_v1.0,2020-02-11,2020,pre_2023,L1C,NDCI,-0.03149055283414978,2.4,0.38021124171160603,True,False,S2A_MSIL1C_20200211T102141_N0500_R065_T34VCM_20230412T160729,9
erken_s2_chlf_matchup_analysis_v1.0,2020-02-11,2020,pre_2023,L1C,MCI,-0.00034000000000000696,2.4,0.38021124171160603,True,False,S2A_MSIL1C_20200211T102141_N0500_R065_T34VCM_20230412T160729,9
erken_s2_chlf_matchup_analysis_v1.0,2020-02-11,2020,pre_2023,L2A,NDCI,0.0,2.4,0.38021124171160603,True,False,S2A_MSIL2A_20200211T102141_N0500_R065_T34VCM_20230413T103023,9
erken_s2_chlf_matchup_analysis_v1.0,2020-02-11,2020,pre_2023,L2A,MCI,0.000559999999999998,2.4,0.38021124171160603,True,False,S2A_MSIL2A_20200211T102141_N0500_R065_T34VCM_20230413T103023,9
erken_s2_chlf_matchup_analysis_v1.0,2020-02-13,2020,pre_2023,L1C,NDCI,-0.06678331875182271,2.56491,0.4090721307776146,True,True,S2B_MSIL1C_20200213T101029_N0500_R022_T34VCM_20230623T124248,9
erken_s2_chlf_matchup_analysis_v1.0,2020-02-13,2020,pre_2023,L1C,MCI,-0.001125000000000001,2.56491,0.4090721307776146,True,True,S2B_MSIL1C_20200213T101029_N0500_R022_T34VCM_20230623T124248,9
erken_s2_chlf_matchup_analysis_v1.0,2020-02-13,2020,pre_2023,L2A,NDCI,-0.03846153846153845,2.56491,0.4090721307776146,True,True,S2B_MSIL2A_20200213T101029_N0500_R022_T34VCM_20230623T214154,9
erken_s2_chlf_matchup_analysis_v1.0,2020-02-13,2020,pre_2023,L2A,MCI,-0.0005466666666666675,2.56491,0.4090721307776146,True,True,S2B_MSIL2A_20200213T101029_N0500_R022_T34VCM_20230623T214154,9
erken_s2_chlf_matchup_analysis_v1.0,2020-02-13,2020,pre_2023,ACOLITE,NDCI,-0.03112482790138219,2.56491,0.4090721307776146,True,True,S2B_MSIL1C_20200213T101029_N0500_R022_T34VCM_20230623T124248,9
erken_s2_chlf_matchup_analysis_v1.0,2020-02-13,2020,pre_2023,ACOLITE,MCI,-0.0010268686960140869,2.56491,0.4090721307776146,True,True,S2B_MSIL1C_20200213T101029_N0500_R022_T34VCM_20230623T124248,9
erken_s2_chlf_matchup_analysis_v1.0,2020-02-21,2020,pre_2023,L1C,NDCI,0.006711409395973146,3.34275,0.5241038974778764,True,False,S2A_MSIL1C_20200221T102041_N0500_R065_T34VCM_20230427T072627,9
erken_s2_chlf_matchup_analysis_v1.0,2020-02-21,2020,pre_2023,L1C,MCI,0.00031999999999998696,3.34275,0.5241038974778764,True,False,S2A_MSIL1C_20200221T102041_N0500_R065_T34VCM_20230427T072627,9
erken_s2_chlf_matchup_analysis_v1.0,2020-02-21,2020,pre_2023,L2A,NDCI,0.020474137931034548,3.34275,0.5241038974778764,True,False,S2A_MSIL2A_20200221T102041_N0500_R065_T34VCM_20230427T130209,9
erken_s2_chlf_matchup_analysis_v1.0,2020-02-21,2020,pre_2023,L2A,MCI,0.002113333333333335,3.34275,0.5241038974778764,True,False,S2A_MSIL2A_20200221T102041_N0500_R065_T34VCM_20230427T130209,9
erken_s2_chlf_matchup_analysis_v1.0,2020-02-23,2020,pre_2023,L1C,NDCI,-0.08136667840789014,3.41313,0.5331528300915415,True,True,S2B_MSIL1C_20200223T100919_N0500_R022_T34VCM_20230609T045354,9
erken_s2_chlf_matchup_analysis_v1.0,2020-02-23,2020,pre_2023,L1C,MCI,0.0004349999999999979,3.41313,0.5331528300915415,True,True,S2B_MSIL1C_20200223T100919_N0500_R022_T34VCM_20230609T045354,9
erken_s2_chlf_matchup_analysis_v1.0,2020-02-23,2020,pre_2023,L2A,NDCI,-1.153846153846154,3.41313,0.5331528300915415,True,True,S2B_MSIL2A_20200223T100919_N0500_R022_T34VCM_20230610T023041,9
erken_s2_chlf_matchup_analysis_v1.0,2020-02-23,2020,pre_2023,L2A,MCI,0.00026666666666666657,3.41313,0.5331528300915415,True,True,S2B_MSIL2A_20200223T100919_N0500_R022_T34VCM_20230610T023041,9
erken_s2_chlf_matchup_analysis_v1.0,2020-02-23,2020,pre_2023,ACOLITE,NDCI,-0.0855432190944795,3.41313,0.5331528300915415,True,True,S2B_MSIL1C_20200223T100919_N0500_R022_T34VCM_20230609T045354,9
erken_s2_chlf_matchup_analysis_v1.0,2020-02-23,2020,pre_2023,ACOLITE,MCI,0.00036815224836270026,3.41313,0.5331528300915415,True,True,S2B_MSIL1C_20200223T100919_N0500_R022_T34VCM_20230609T045354,9
erken_s2_chlf_matchup_analysis_v1.0,2020-02-26,2020,pre_2023,L1C,NDCI,0.004500450045004505,2.49019,0.39623248476783385,True,False,S2B_MSIL1C_20200226T101909_N0500_R065_T34VCM_20230423T061550,9
erken_s2_chlf_matchup_analysis_v1.0,2020-02-26,2020,pre_2023,L1C,MCI,-0.002474999999999991,2.49019,0.39623248476783385,True,False,S2B_MSIL1C_20200226T101909_N0500_R065_T34VCM_20230423T061550,9
erken_s2_chlf_matchup_analysis_v1.0,2020-02-26,2020,pre_2023,L2A,NDCI,0.016241299303944245,2.49019,0.39623248476783385,True,False,S2B_MSIL2A_20200226T101909_N0500_R065_T34VCM_20230423T154511,9
erken_s2_chlf_matchup_analysis_v1.0,2020-02-26,2020,pre_2023,L2A,MCI,-0.002919999999999999,2.49019,0.39623248476783385,True,False,S2B_MSIL2A_20200226T101909_N0500_R065_T34VCM_20230423T154511,9
erken_s2_chlf_matchup_analysis_v1.0,2020-02-28,2020,pre_2023,L1C,NDCI,-0.0680272108843538,2.97993,0.4742060624082039,True,True,S2A_MSIL1C_20200228T101021_N0500_R022_T34VCM_20230423T115912,9
erken_s2_chlf_matchup_analysis_v1.0,2020-02-28,2020,pre_2023,L1C,MCI,0.0004533333333333264,2.97993,0.4742060624082039,True,True,S2A_MSIL1C_20200228T101021_N0500_R022_T34VCM_20230423T115912,9
erken_s2_chlf_matchup_analysis_v1.0,2020-02-28,2020,pre_2023,L2A,NDCI,-0.08661417322834648,2.97993,0.4742060624082039,True,True,S2A_MSIL2A_20200228T101021_N0500_R022_T34VCM_20230423T221510,9
erken_s2_chlf_matchup_analysis_v1.0,2020-02-28,2020,pre_2023,L2A,MCI,0.0009999999999999992,2.97993,0.4742060624082039,True,True,S2A_MSIL2A_20200228T101021_N0500_R022_T34VCM_20230423T221510,9
erken_s2_chlf_matchup_analysis_v1.0,2020-02-28,2020,pre_2023,ACOLITE,NDCI,-0.0990245127669691,2.97993,0.4742060624082039,True,True,S2A_MSIL1C_20200228T101021_N0500_R022_T34VCM_20230423T115912,9
erken_s2_chlf_matchup_analysis_v1.0,2020-02-28,2020,pre_2023,ACOLITE,MCI,0.0005030845912794273,2.97993,0.4742060624082039,True,True,S2A_MSIL1C_20200228T101021_N0500_R022_T34VCM_20230423T115912,9
erken_s2_chlf_matchup_analysis_v1.0,2020-03-14,2020,pre_2023,L1C,NDCI,-0.08212560386473425,5.43291,0.7350325106977891,True,True,S2B_MSIL1C_20200314T101019_N0500_R022_T34VCM_20230413T050119,9
erken_s2_chlf_matchup_analysis_v1.0,2020-03-14,2020,pre_2023,L1C,MCI,-0.000321666666666668,5.43291,0.7350325106977891,True,True,S2B_MSIL1C_20200314T101019_N0500_R022_T34VCM_20230413T050119,9
erken_s2_chlf_matchup_analysis_v1.0,2020-03-14,2020,pre_2023,L2A,NDCI,-0.29411764705882354,5.43291,0.7350325106977891,True,True,S2B_MSIL2A_20200314T101019_N0500_R022_T34VCM_20230414T005822,9
erken_s2_chlf_matchup_analysis_v1.0,2020-03-14,2020,pre_2023,L2A,MCI,-0.00084,5.43291,0.7350325106977891,True,True,S2B_MSIL2A_20200314T101019_N0500_R022_T34VCM_20230414T005822,9
erken_s2_chlf_matchup_analysis_v1.0,2020-03-14,2020,pre_2023,ACOLITE,NDCI,-0.11668003939903591,5.43291,0.7350325106977891,True,True,S2B_MSIL1C_20200314T101019_N0500_R022_T34VCM_20230413T050119,9
erken_s2_chlf_matchup_analysis_v1.0,2020-03-14,2020,pre_2023,ACOLITE,MCI,-0.0005098187054196988,5.43291,0.7350325106977891,True,True,S2B_MSIL1C_20200314T101019_N0500_R022_T34VCM_20230413T050119,9
erken_s2_chlf_matchup_analysis_v1.0,2020-03-19,2020,pre_2023,L1C,NDCI,-0.07099035933391763,6.4644,0.8105282215935797,True,True,S2A_MSIL1C_20200319T101021_N0500_R022_T34VCM_20230628T195927,9
erken_s2_chlf_matchup_analysis_v1.0,2020-03-19,2020,pre_2023,L1C,MCI,0.00040333333333333193,6.4644,0.8105282215935797,True,True,S2A_MSIL1C_20200319T101021_N0500_R022_T34VCM_20230628T195927,9
erken_s2_chlf_matchup_analysis_v1.0,2020-03-19,2020,pre_2023,L2A,NDCI,-0.21212121212121215,6.4644,0.8105282215935797,True,True,S2A_MSIL2A_20200319T101021_N0500_R022_T34VCM_20230629T052326,9
erken_s2_chlf_matchup_analysis_v1.0,2020-03-19,2020,pre_2023,L2A,MCI,0.00041333333333333326,6.4644,0.8105282215935797,True,True,S2A_MSIL2A_20200319T101021_N0500_R022_T34VCM_20230629T052326,9
erken_s2_chlf_matchup_analysis_v1.0,2020-03-19,2020,pre_2023,ACOLITE,NDCI,-0.025161390090739668,6.4644,0.8105282215935797,True,True,S2A_MSIL1C_20200319T101021_N0500_R022_T34VCM_20230628T195927,9
erken_s2_chlf_matchup_analysis_v1.0,2020-03-19,2020,pre_2023,ACOLITE,MCI,0.0007782418901721641,6.4644,0.8105282215935797,True,True,S2A_MSIL1C_20200319T101021_N0500_R022_T34VCM_20230628T195927,9
erken_s2_chlf_matchup_analysis_v1.0,2020-03-22,2020,pre_2023,L1C,NDCI,-0.0718021873514027,8.11266,0.909163275162124,True,True,S2A_MSIL1C_20200322T102021_N0500_R065_T34VCM_20230418T195020,9
erken_s2_chlf_matchup_analysis_v1.0,2020-03-22,2020,pre_2023,L1C,MCI,0.00012000000000000205,8.11266,0.909163275162124,True,True,S2A_MSIL1C_20200322T102021_N0500_R065_T34VCM_20230418T195020,9
erken_s2_chlf_matchup_analysis_v1.0,2020-03-22,2020,pre_2023,L2A,NDCI,-0.36363636363636365,8.11266,0.909163275162124,True,True,S2A_MSIL2A_20200322T102021_N0500_R065_T34VCM_20230419T003850,9
erken_s2_chlf_matchup_analysis_v1.0,2020-03-22,2020,pre_2023,L2A,MCI,-0.00014000000000000015,8.11266,0.909163275162124,True,True,S2A_MSIL2A_20200322T102021_N0500_R065_T34VCM_20230419T003850,9
erken_s2_chlf_matchup_analysis_v1.0,2020-03-22,2020,pre_2023,ACOLITE,NDCI,-0.07467084828620528,8.11266,0.909163275162124,True,True,S2A_MSIL1C_20200322T102021_N0500_R065_T34VCM_20230418T195020,9
erken_s2_chlf_matchup_analysis_v1.0,2020-03-22,2020,pre_2023,ACOLITE,MCI,0.00017812165121237466,8.11266,0.909163275162124,True,True,S2A_MSIL1C_20200322T102021_N0500_R065_T34VCM_20230418T195020,9
erken_s2_chlf_matchup_analysis_v1.0,2020-03-29,2020,pre_2023,L1C,NDCI,-0.04344360302909523,2.72316,0.4350731591790014,True,True,S2A_MSIL1C_20200329T101021_N0500_R022_T34VCM_20230408T234207,9
erken_s2_chlf_matchup_analysis_v1.0,2020-03-29,2020,pre_2023,L1C,MCI,0.00045500000000000054,2.72316,0.4350731591790014,True,True,S2A_MSIL1C_20200329T101021_N0500_R022_T34VCM_20230408T234207,9
erken_s2_chlf_matchup_analysis_v1.0,2020-03-29,2020,pre_2023,L2A,NDCI,0.0,2.72316,0.4350731591790014,True,True,S2A_MSIL2A_20200329T101021_N0500_R022_T34VCM_20230409T134022,9
erken_s2_chlf_matchup_analysis_v1.0,2020-03-29,2020,pre_2023,L2A,MCI,0.0006066666666666668,2.72316,0.4350731591790014,True,True,S2A_MSIL2A_20200329T101021_N0500_R022_T34VCM_20230409T134022,9
erken_s2_chlf_matchup_analysis_v1.0,2020-03-29,2020,pre_2023,ACOLITE,NDCI,0.048991666335529545,2.72316,0.4350731591790014,True,True,S2A_MSIL1C_20200329T101021_N0500_R022_T34VCM_20230408T234207,9
erken_s2_chlf_matchup_analysis_v1.0,2020-03-29,2020,pre_2023,ACOLITE,MCI,0.0005898635524014635,2.72316,0.4350731591790014,True,True,S2A_MSIL1C_20200329T101021_N0500_R022_T34VCM_20230408T234207,9
erken_s2_chlf_matchup_analysis_v1.0,2020-04-01,2020,pre_2023,L1C,NDCI,-0.06761565836298929,16.3386,1.2132148405487106,True,True,S2A_MSIL1C_20200401T102021_N0500_R065_T34VCM_20230404T032154,9
erken_s2_chlf_matchup_analysis_v1.0,2020-04-01,2020,pre_2023,L1C,MCI,3.833333333333466e-05,16.3386,1.2132148405487106,True,True,S2A_MSIL1C_20200401T102021_N0500_R065_T34VCM_20230404T032154,9
erken_s2_chlf_matchup_analysis_v1.0,2020-04-01,2020,pre_2023,L2A,NDCI,-0.0819672131147541,16.3386,1.2132148405487106,True,True,S2A_MSIL2A_20200401T102021_N0500_R065_T34VCM_20230404T191257,9
erken_s2_chlf_matchup_analysis_v1.0,2020-04-01,2020,pre_2023,L2A,MCI,0.0002666666666666659,16.3386,1.2132148405487106,True,True,S2A_MSIL2A_20200401T102021_N0500_R065_T34VCM_20230404T191257,9
erken_s2_chlf_matchup_analysis_v1.0,2020-04-01,2020,pre_2023,ACOLITE,NDCI,0.005750763661180243,16.3386,1.2132148405487106,True,True,S2A_MSIL1C_20200401T102021_N0500_R065_T34VCM_20230404T032154,9
erken_s2_chlf_matchup_analysis_v1.0,2020-04-01,2020,pre_2023,ACOLITE,MCI,0.0005921898099283378,16.3386,1.2132148405487106,True,True,S2A_MSIL1C_20200401T102021_N0500_R065_T34VCM_20230404T032154,9
erken_s2_chlf_matchup_analysis_v1.0,2020-04-03,2020,pre_2023,L1C,NDCI,-0.051090528831789675,15.624,1.193792230279798,True,True,S2B_MSIL1C_20200403T100549_N0500_R022_T34VCM_20230530T162052,9
erken_s2_chlf_matchup_analysis_v1.0,2020-04-03,2020,pre_2023,L1C,MCI,0.0003449999999999981,15.624,1.193792230279798,True,True,S2B_MSIL1C_20200403T100549_N0500_R022_T34VCM_20230530T162052,9
erken_s2_chlf_matchup_analysis_v1.0,2020-04-03,2020,pre_2023,L2A,NDCI,-0.017031630170316284,15.624,1.193792230279798,True,True,S2B_MSIL2A_20200403T100549_N0500_R022_T34VCM_20230530T234318,9
erken_s2_chlf_matchup_analysis_v1.0,2020-04-03,2020,pre_2023,L2A,MCI,0.0012199999999999989,15.624,1.193792230279798,True,True,S2B_MSIL2A_20200403T100549_N0500_R022_T34VCM_20230530T234318,9
erken_s2_chlf_matchup_analysis_v1.0,2020-04-03,2020,pre_2023,ACOLITE,NDCI,-0.17573134801896448,15.624,1.193792230279798,True,True,S2B_MSIL1C_20200403T100549_N0500_R022_T34VCM_20230530T162052,9
erken_s2_chlf_matchup_analysis_v1.0,2020-04-03,2020,pre_2023,ACOLITE,MCI,0.0006664968871821959,15.624,1.193792230279798,True,True,S2B_MSIL1C_20200403T100549_N0500_R022_T34VCM_20230530T162052,9
erken_s2_chlf_matchup_analysis_v1.0,2020-04-11,2020,pre_2023,L1C,NDCI,-0.05843621399176951,30.6547,1.4864970702925762,True,True,S2A_MSIL1C_20200411T102021_N0500_R065_T34VCM_20230405T155520,9
erken_s2_chlf_matchup_analysis_v1.0,2020-04-11,2020,pre_2023,L1C,MCI,0.0009283333333333331,30.6547,1.4864970702925762,True,True,S2A_MSIL1C_20200411T102021_N0500_R065_T34VCM_20230405T155520,9
erken_s2_chlf_matchup_analysis_v1.0,2020-04-11,2020,pre_2023,L2A,NDCI,-0.04000000000000002,30.6547,1.4864970702925762,True,True,S2A_MSIL2A_20200411T102021_N0500_R065_T34VCM_20230406T074601,9
erken_s2_chlf_matchup_analysis_v1.0,2020-04-11,2020,pre_2023,L2A,MCI,0.001553333333333332,30.6547,1.4864970702925762,True,True,S2A_MSIL2A_20200411T102021_N0500_R065_T34VCM_20230406T074601,9
erken_s2_chlf_matchup_analysis_v1.0,2020-04-11,2020,pre_2023,ACOLITE,NDCI,0.013619360879035734,30.6547,1.4864970702925762,True,True,S2A_MSIL1C_20200411T102021_N0500_R065_T34VCM_20230405T155520,9
erken_s2_chlf_matchup_analysis_v1.0,2020-04-11,2020,pre_2023,ACOLITE,MCI,0.0015628907208641366,30.6547,1.4864970702925762,True,True,S2A_MSIL1C_20200411T102021_N0500_R065_T34VCM_20230405T155520,9
erken_s2_chlf_matchup_analysis_v1.0,2020-04-16,2020,pre_2023,L1C,NDCI,-0.03412073490813653,12.4455,1.095012349147017,True,True,S2B_MSIL1C_20200416T101549_N0500_R065_T34VCM_20230522T004845,9
erken_s2_chlf_matchup_analysis_v1.0,2020-04-16,2020,pre_2023,L1C,MCI,0.002076666666666664,12.4455,1.095012349147017,True,True,S2B_MSIL1C_20200416T101549_N0500_R065_T34VCM_20230522T004845,9
erken_s2_chlf_matchup_analysis_v1.0,2020-04-16,2020,pre_2023,L2A,NDCI,-0.012567324955116683,12.4455,1.095012349147017,True,True,S2B_MSIL2A_20200416T101549_N0500_R065_T34VCM_20230522T094018,9
erken_s2_chlf_matchup_analysis_v1.0,2020-04-16,2020,pre_2023,L2A,MCI,0.0030933333333333334,12.4455,1.095012349147017,True,True,S2B_MSIL2A_20200416T101549_N0500_R065_T34VCM_20230522T094018,9
erken_s2_chlf_matchup_analysis_v1.0,2020-04-16,2020,pre_2023,ACOLITE,NDCI,-0.010343635513860056,12.4455,1.095012349147017,True,True,S2B_MSIL1C_20200416T101549_N0500_R065_T34VCM_20230522T004845,9
erken_s2_chlf_matchup_analysis_v1.0,2020-04-16,2020,pre_2023,ACOLITE,MCI,0.002538386856516202,12.4455,1.095012349147017,True,True,S2B_MSIL1C_20200416T101549_N0500_R065_T34VCM_20230522T004845,9
erken_s2_chlf_matchup_analysis_v1.0,2020-04-18,2020,pre_2023,L1C,NDCI,-0.03334353013153868,22.1521,1.345414903253506,True,True,S2A_MSIL1C_20200418T101031_N0500_R022_T34VCM_20230409T173732,9
erken_s2_chlf_matchup_analysis_v1.0,2020-04-18,2020,pre_2023,L1C,MCI,0.002281666666666668,22.1521,1.345414903253506,True,True,S2A_MSIL1C_20200418T101031_N0500_R022_T34VCM_20230409T173732,9
erken_s2_chlf_matchup_analysis_v1.0,2020-04-18,2020,pre_2023,L2A,NDCI,0.015317286652078758,22.1521,1.345414903253506,True,True,S2A_MSIL2A_20200418T101031_N0500_R022_T34VCM_20230410T033739,9
erken_s2_chlf_matchup_analysis_v1.0,2020-04-18,2020,pre_2023,L2A,MCI,0.003300000000000001,22.1521,1.345414903253506,True,True,S2A_MSIL2A_20200418T101031_N0500_R022_T34VCM_20230410T033739,9
erken_s2_chlf_matchup_analysis_v1.0,2020-04-18,2020,pre_2023,ACOLITE,NDCI,0.014395589399165328,22.1521,1.345414903253506,True,True,S2A_MSIL1C_20200418T101031_N0500_R022_T34VCM_20230409T173732,9
erken_s2_chlf_matchup_analysis_v1.0,2020-04-18,2020,pre_2023,ACOLITE,MCI,0.0027189899235963814,22.1521,1.345414903253506,True,True,S2A_MSIL1C_20200418T101031_N0500_R022_T34VCM_20230409T173732,9
erken_s2_chlf_matchup_analysis_v1.0,2020-04-21,2020,pre_2023,L1C,NDCI,-0.07057129140662509,8.36862,0.9226538479816361,True,True,S2A_MSIL1C_20200421T102021_N0500_R065_T34VCM_20230418T165644,9
erken_s2_chlf_matchup_analysis_v1.0,2020-04-21,2020,pre_2023,L1C,MCI,0.0008149999999999998,8.36862,0.9226538479816361,True,True,S2A_MSIL1C_20200421T102021_N0500_R065_T34VCM_20230418T165644,9
erken_s2_chlf_matchup_analysis_v1.0,2020-04-21,2020,pre_2023,L2A,NDCI,-0.06153846153846149,8.36862,0.9226538479816361,True,True,S2A_MSIL2A_20200421T102021_N0500_R065_T34VCM_20230419T010724,9
erken_s2_chlf_matchup_analysis_v1.0,2020-04-21,2020,pre_2023,L2A,MCI,0.0015399999999999997,8.36862,0.9226538479816361,True,True,S2A_MSIL2A_20200421T102021_N0500_R065_T34VCM_20230419T010724,9
erken_s2_chlf_matchup_analysis_v1.0,2020-04-21,2020,pre_2023,ACOLITE,NDCI,-0.008991622541748364,8.36862,0.9226538479816361,True,True,S2A_MSIL1C_20200421T102021_N0500_R065_T34VCM_20230418T165644,9
erken_s2_chlf_matchup_analysis_v1.0,2020-04-21,2020,pre_2023,ACOLITE,MCI,0.0013093295196692153,8.36862,0.9226538479816361,True,True,S2A_MSIL1C_20200421T102021_N0500_R065_T34VCM_20230418T165644,9
erken_s2_chlf_matchup_analysis_v1.0,2020-04-23,2020,pre_2023,L1C,NDCI,-0.07453132144490167,6.13248,0.7876361405060137,True,True,S2B_MSIL1C_20200423T100549_N0500_R022_T34VCM_20230519T113250,9
erken_s2_chlf_matchup_analysis_v1.0,2020-04-23,2020,pre_2023,L1C,MCI,0.0007650000000000018,6.13248,0.7876361405060137,True,True,S2B_MSIL1C_20200423T100549_N0500_R022_T34VCM_20230519T113250,9
erken_s2_chlf_matchup_analysis_v1.0,2020-04-23,2020,pre_2023,L2A,NDCI,-0.08333333333333331,6.13248,0.7876361405060137,True,True,S2B_MSIL2A_20200423T100549_N0500_R022_T34VCM_20230519T193533,9
erken_s2_chlf_matchup_analysis_v1.0,2020-04-23,2020,pre_2023,L2A,MCI,0.00136,6.13248,0.7876361405060137,True,True,S2B_MSIL2A_20200423T100549_N0500_R022_T34VCM_20230519T193533,9
erken_s2_chlf_matchup_analysis_v1.0,2020-04-23,2020,pre_2023,ACOLITE,NDCI,-0.0249226046317495,6.13248,0.7876361405060137,True,True,S2B_MSIL1C_20200423T100549_N0500_R022_T34VCM_20230519T113250,9
erken_s2_chlf_matchup_analysis_v1.0,2020-04-23,2020,pre_2023,ACOLITE,MCI,0.001039080197612445,6.13248,0.7876361405060137,True,True,S2B_MSIL1C_20200423T100549_N0500_R022_T34VCM_20230519T113250,9
erken_s2_chlf_matchup_analysis_v1.0,2020-05-08,2020,pre_2023,L1C,NDCI,-0.06607929515418498,4.8167,0.6827495978606493,True,True,S2A_MSIL1C_20200508T101031_N0500_R022_T34VCM_20230330T224016,9
erken_s2_chlf_matchup_analysis_v1.0,2020-05-08,2020,pre_2023,L1C,MCI,-0.0006783333333333363,4.8167,0.6827495978606493,True,True,S2A_MSIL1C_20200508T101031_N0500_R022_T34VCM_20230330T224016,9
erken_s2_chlf_matchup_analysis_v1.0,2020-05-08,2020,pre_2023,L2A,NDCI,-0.05747126436781608,4.8167,0.6827495978606493,True,True,S2A_MSIL2A_20200508T101031_N0500_R022_T34VCM_20230331T174129,9
erken_s2_chlf_matchup_analysis_v1.0,2020-05-08,2020,pre_2023,L2A,MCI,0.0007866666666666664,4.8167,0.6827495978606493,True,True,S2A_MSIL2A_20200508T101031_N0500_R022_T34VCM_20230331T174129,9
erken_s2_chlf_matchup_analysis_v1.0,2020-05-08,2020,pre_2023,ACOLITE,NDCI,-0.03878603075428172,4.8167,0.6827495978606493,True,True,S2A_MSIL1C_20200508T101031_N0500_R022_T34VCM_20230330T224016,9
erken_s2_chlf_matchup_analysis_v1.0,2020-05-08,2020,pre_2023,ACOLITE,MCI,-0.00030378432323535307,4.8167,0.6827495978606493,True,True,S2A_MSIL1C_20200508T101031_N0500_R022_T34VCM_20230330T224016,9
erken_s2_chlf_matchup_analysis_v1.0,2020-05-21,2020,pre_2023,L1C,NDCI,-0.0728355474118186,2.00678,0.302499764105305,True,True,S2A_MSIL1C_20200521T102031_N0500_R065_T34VCM_20230415T025301,9
erken_s2_chlf_matchup_analysis_v1.0,2020-05-21,2020,pre_2023,L1C,MCI,-0.0012433333333333324,2.00678,0.302499764105305,True,True,S2A_MSIL1C_20200521T102031_N0500_R065_T34VCM_20230415T025301,9
erken_s2_chlf_matchup_analysis_v1.0,2020-05-21,2020,pre_2023,L2A,NDCI,-0.08163265306122452,2.00678,0.302499764105305,True,True,S2A_MSIL2A_20200521T102031_N0500_R065_T34VCM_20230415T081814,9
erken_s2_chlf_matchup_analysis_v1.0,2020-05-21,2020,pre_2023,L2A,MCI,-0.0006999999999999992,2.00678,0.302499764105305,True,True,S2A_MSIL2A_20200521T102031_N0500_R065_T34VCM_20230415T081814,9
erken_s2_chlf_matchup_analysis_v1.0,2020-05-21,2020,pre_2023,ACOLITE,NDCI,-0.037036572918709515,2.00678,0.302499764105305,True,True,S2A_MSIL1C_20200521T102031_N0500_R065_T34VCM_20230415T025301,9
erken_s2_chlf_matchup_analysis_v1.0,2020-05-21,2020,pre_2023,ACOLITE,MCI,-0.001125569889942805,2.00678,0.302499764105305,True,True,S2A_MSIL1C_20200521T102031_N0500_R065_T34VCM_20230415T025301,9
erken_s2_chlf_matchup_analysis_v1.0,2020-05-26,2020,pre_2023,L1C,NDCI,-0.08170426065162904,0.976725,-0.010227696049937628,True,True,S2B_MSIL1C_20200526T101559_N0500_R065_T34VCM_20230504T005432,9
erken_s2_chlf_matchup_analysis_v1.0,2020-05-26,2020,pre_2023,L1C,MCI,-0.0013683333333333325,0.976725,-0.010227696049937628,True,True,S2B_MSIL1C_20200526T101559_N0500_R065_T34VCM_20230504T005432,9
erken_s2_chlf_matchup_analysis_v1.0,2020-05-26,2020,pre_2023,L2A,NDCI,-0.08450704225352117,0.976725,-0.010227696049937628,True,True,S2B_MSIL2A_20200526T101559_N0500_R065_T34VCM_20230504T082505,9
erken_s2_chlf_matchup_analysis_v1.0,2020-05-26,2020,pre_2023,L2A,MCI,-0.0004933333333333326,0.976725,-0.010227696049937628,True,True,S2B_MSIL2A_20200526T101559_N0500_R065_T34VCM_20230504T082505,9
erken_s2_chlf_matchup_analysis_v1.0,2020-05-26,2020,pre_2023,ACOLITE,NDCI,-0.05081957677017216,0.976725,-0.010227696049937628,True,True,S2B_MSIL1C_20200526T101559_N0500_R065_T34VCM_20230504T005432,9
erken_s2_chlf_matchup_analysis_v1.0,2020-05-26,2020,pre_2023,ACOLITE,MCI,-0.001132668058077494,0.976725,-0.010227696049937628,True,True,S2B_MSIL1C_20200526T101559_N0500_R065_T34VCM_20230504T005432,9
erken_s2_chlf_matchup_analysis_v1.0,2020-05-31,2020,pre_2023,L1C,NDCI,-0.07665805340223943,0.712565,-0.1471755132790915,True,True,S2A_MSIL1C_20200531T102031_N0500_R065_T34VCM_20230403T211425,9
erken_s2_chlf_matchup_analysis_v1.0,2020-05-31,2020,pre_2023,L1C,MCI,-0.0009300000000000037,0.712565,-0.1471755132790915,True,True,S2A_MSIL1C_20200531T102031_N0500_R065_T34VCM_20230403T211425,9
erken_s2_chlf_matchup_analysis_v1.0,2020-05-31,2020,pre_2023,L2A,NDCI,-0.0775510204081633,0.712565,-0.1471755132790915,True,True,S2A_MSIL2A_20200531T102031_N0500_R065_T34VCM_20230404T042304,9
erken_s2_chlf_matchup_analysis_v1.0,2020-05-31,2020,pre_2023,L2A,MCI,0.0001799999999999996,0.712565,-0.1471755132790915,True,True,S2A_MSIL2A_20200531T102031_N0500_R065_T34VCM_20230404T042304,9
erken_s2_chlf_matchup_analysis_v1.0,2020-05-31,2020,pre_2023,ACOLITE,NDCI,-0.023090412778177187,0.712565,-0.1471755132790915,True,True,S2A_MSIL1C_20200531T102031_N0500_R065_T34VCM_20230403T211425,9
erken_s2_chlf_matchup_analysis_v1.0,2020-05-31,2020,pre_2023,ACOLITE,MCI,-0.0006569199264049533,0.712565,-0.1471755132790915,True,True,S2A_MSIL1C_20200531T102031_N0500_R065_T34VCM_20230403T211425,9
erken_s2_chlf_matchup_analysis_v1.0,2020-06-02,2020,pre_2023,L1C,NDCI,-0.06768265351860153,2.4867,0.3956233943558362,True,True,S2B_MSIL1C_20200602T100559_N0500_R022_T34VCM_20230618T064144,9
erken_s2_chlf_matchup_analysis_v1.0,2020-06-02,2020,pre_2023,L1C,MCI,-0.001771666666666668,2.4867,0.3956233943558362,True,True,S2B_MSIL1C_20200602T100559_N0500_R022_T34VCM_20230618T064144,9
erken_s2_chlf_matchup_analysis_v1.0,2020-06-02,2020,pre_2023,L2A,NDCI,-0.011627906976744116,2.4867,0.3956233943558362,True,True,S2B_MSIL2A_20200602T100559_N0500_R022_T34VCM_20230618T155201,9
erken_s2_chlf_matchup_analysis_v1.0,2020-06-02,2020,pre_2023,L2A,MCI,-1.9999999999999185e-05,2.4867,0.3956233943558362,True,True,S2B_MSIL2A_20200602T100559_N0500_R022_T34VCM_20230618T155201,9
erken_s2_chlf_matchup_analysis_v1.0,2020-06-02,2020,pre_2023,ACOLITE,NDCI,-0.00027011007295570886,2.4867,0.3956233943558362,True,True,S2B_MSIL1C_20200602T100559_N0500_R022_T34VCM_20230618T064144,9
erken_s2_chlf_matchup_analysis_v1.0,2020-06-02,2020,pre_2023,ACOLITE,MCI,-0.001619866304099559,2.4867,0.3956233943558362,True,True,S2B_MSIL1C_20200602T100559_N0500_R022_T34VCM_20230618T064144,9
erken_s2_chlf_matchup_analysis_v1.0,2020-06-07,2020,pre_2023,ACOLITE,NDCI,0.026445405924829374,5.7,0.7558748556724915,True,False,S2A_MSIL1C_20200607T101031_N0500_R022_T34VCM_20230325T075950,6
erken_s2_chlf_matchup_analysis_v1.0,2020-06-07,2020,pre_2023,ACOLITE,MCI,-0.002139727585017681,5.7,0.7558748556724915,True,False,S2A_MSIL1C_20200607T101031_N0500_R022_T34VCM_20230325T075950,6
erken_s2_chlf_matchup_analysis_v1.0,2020-06-10,2020,pre_2023,L1C,NDCI,-0.060741948634325305,1.94698,0.2893614903314081,True,True,S2A_MSIL1C_20200610T102031_N0500_R065_T34VCM_20230326T185418,9
erken_s2_chlf_matchup_analysis_v1.0,2020-06-10,2020,pre_2023,L1C,MCI,-0.0015716666666666657,1.94698,0.2893614903314081,True,True,S2A_MSIL1C_20200610T102031_N0500_R065_T34VCM_20230326T185418,9
erken_s2_chlf_matchup_analysis_v1.0,2020-06-10,2020,pre_2023,L2A,NDCI,-0.010380622837370238,1.94698,0.2893614903314081,True,True,S2A_MSIL2A_20200610T102031_N0500_R065_T34VCM_20230327T090844,9
erken_s2_chlf_matchup_analysis_v1.0,2020-06-10,2020,pre_2023,L2A,MCI,0.0001799999999999996,1.94698,0.2893614903314081,True,True,S2A_MSIL2A_20200610T102031_N0500_R065_T34VCM_20230327T090844,9
erken_s2_chlf_matchup_analysis_v1.0,2020-06-10,2020,pre_2023,ACOLITE,NDCI,-0.013633637820197596,1.94698,0.2893614903314081,True,True,S2A_MSIL1C_20200610T102031_N0500_R065_T34VCM_20230326T185418,9
erken_s2_chlf_matchup_analysis_v1.0,2020-06-10,2020,pre_2023,ACOLITE,MCI,-0.001182848028838633,1.94698,0.2893614903314081,True,True,S2A_MSIL1C_20200610T102031_N0500_R065_T34VCM_20230326T185418,9
erken_s2_chlf_matchup_analysis_v1.0,2020-06-12,2020,pre_2023,L1C,NDCI,-0.06054449410808619,1.58692,0.20055503360154908,True,True,S2B_MSIL1C_20200612T100559_N0500_R022_T34VCM_20230430T193046,9
erken_s2_chlf_matchup_analysis_v1.0,2020-06-12,2020,pre_2023,L1C,MCI,-0.0020000000000000018,1.58692,0.20055503360154908,True,True,S2B_MSIL1C_20200612T100559_N0500_R022_T34VCM_20230430T193046,9
erken_s2_chlf_matchup_analysis_v1.0,2020-06-12,2020,pre_2023,L2A,NDCI,-0.0038910505836575638,1.58692,0.20055503360154908,True,True,S2B_MSIL2A_20200612T100559_N0500_R022_T34VCM_20230501T085107,9
erken_s2_chlf_matchup_analysis_v1.0,2020-06-12,2020,pre_2023,L2A,MCI,-0.00035333333333333397,1.58692,0.20055503360154908,True,True,S2B_MSIL2A_20200612T100559_N0500_R022_T34VCM_20230501T085107,9
erken_s2_chlf_matchup_analysis_v1.0,2020-06-12,2020,pre_2023,ACOLITE,NDCI,-0.0012373400892038422,1.58692,0.20055503360154908,True,True,S2B_MSIL1C_20200612T100559_N0500_R022_T34VCM_20230430T193046,9
erken_s2_chlf_matchup_analysis_v1.0,2020-06-12,2020,pre_2023,ACOLITE,MCI,-0.001539498940110207,1.58692,0.20055503360154908,True,True,S2B_MSIL1C_20200612T100559_N0500_R022_T34VCM_20230430T193046,9
erken_s2_chlf_matchup_analysis_v1.0,2020-06-15,2020,pre_2023,L1C,NDCI,-0.05843348528802321,1.23678,0.09229245364421447,True,True,S2B_MSIL1C_20200615T101559_N0500_R065_T34VCM_20230427T115930,9
erken_s2_chlf_matchup_analysis_v1.0,2020-06-15,2020,pre_2023,L1C,MCI,-0.0020016666666666655,1.23678,0.09229245364421447,True,True,S2B_MSIL1C_20200615T101559_N0500_R065_T34VCM_20230427T115930,9
erken_s2_chlf_matchup_analysis_v1.0,2020-06-15,2020,pre_2023,L2A,NDCI,0.014814814814814854,1.23678,0.09229245364421447,True,True,S2B_MSIL2A_20200615T101559_N0500_R065_T34VCM_20230428T083529,9
erken_s2_chlf_matchup_analysis_v1.0,2020-06-15,2020,pre_2023,L2A,MCI,-8.666666666666545e-05,1.23678,0.09229245364421447,True,True,S2B_MSIL2A_20200615T101559_N0500_R065_T34VCM_20230428T083529,9
erken_s2_chlf_matchup_analysis_v1.0,2020-06-15,2020,pre_2023,ACOLITE,NDCI,0.031003655352282528,1.23678,0.09229245364421447,True,True,S2B_MSIL1C_20200615T101559_N0500_R065_T34VCM_20230427T115930,9
erken_s2_chlf_matchup_analysis_v1.0,2020-06-15,2020,pre_2023,ACOLITE,MCI,-0.0015616665904720634,1.23678,0.09229245364421447,True,True,S2B_MSIL1C_20200615T101559_N0500_R065_T34VCM_20230427T115930,9
erken_s2_chlf_matchup_analysis_v1.0,2020-06-20,2020,pre_2023,L1C,NDCI,-0.07574304889741129,1.12779,0.05222823942410846,True,True,S2A_MSIL1C_20200620T102031_N0500_R065_T34VCM_20230413T090147,9
erken_s2_chlf_matchup_analysis_v1.0,2020-06-20,2020,pre_2023,L1C,MCI,-0.0018433333333333357,1.12779,0.05222823942410846,True,True,S2A_MSIL1C_20200620T102031_N0500_R065_T34VCM_20230413T090147,9
erken_s2_chlf_matchup_analysis_v1.0,2020-06-20,2020,pre_2023,L2A,NDCI,-0.011627906976744116,1.12779,0.05222823942410846,True,True,S2A_MSIL2A_20200620T102031_N0500_R065_T34VCM_20230413T205714,9
erken_s2_chlf_matchup_analysis_v1.0,2020-06-20,2020,pre_2023,L2A,MCI,-1.3333333333333947e-05,1.12779,0.05222823942410846,True,True,S2A_MSIL2A_20200620T102031_N0500_R065_T34VCM_20230413T205714,9
erken_s2_chlf_matchup_analysis_v1.0,2020-06-20,2020,pre_2023,ACOLITE,NDCI,0.001550791812416427,1.12779,0.05222823942410846,True,True,S2A_MSIL1C_20200620T102031_N0500_R065_T34VCM_20230413T090147,9
erken_s2_chlf_matchup_analysis_v1.0,2020-06-20,2020,pre_2023,ACOLITE,MCI,-0.0012174478421608601,1.12779,0.05222823942410846,True,True,S2A_MSIL1C_20200620T102031_N0500_R065_T34VCM_20230413T090147,9
erken_s2_chlf_matchup_analysis_v1.0,2020-06-22,2020,pre_2023,L1C,NDCI,-0.0761369443025039,1.05671,0.023955817316706464,True,True,S2B_MSIL1C_20200622T100559_N0500_R022_T34VCM_20230501T013926,9
erken_s2_chlf_matchup_analysis_v1.0,2020-06-22,2020,pre_2023,L1C,MCI,-0.0018333333333333326,1.05671,0.023955817316706464,True,True,S2B_MSIL1C_20200622T100559_N0500_R022_T34VCM_20230501T013926,9
erken_s2_chlf_matchup_analysis_v1.0,2020-06-22,2020,pre_2023,L2A,NDCI,-0.06349206349206352,1.05671,0.023955817316706464,True,True,S2B_MSIL2A_20200622T100559_N0500_R022_T34VCM_20230501T093544,9
erken_s2_chlf_matchup_analysis_v1.0,2020-06-22,2020,pre_2023,L2A,MCI,-0.0008599999999999997,1.05671,0.023955817316706464,True,True,S2B_MSIL2A_20200622T100559_N0500_R022_T34VCM_20230501T093544,9
erken_s2_chlf_matchup_analysis_v1.0,2020-06-22,2020,pre_2023,ACOLITE,NDCI,-0.00934674128667997,1.05671,0.023955817316706464,True,True,S2B_MSIL1C_20200622T100559_N0500_R022_T34VCM_20230501T013926,9
erken_s2_chlf_matchup_analysis_v1.0,2020-06-22,2020,pre_2023,ACOLITE,MCI,-0.0017046637833118446,1.05671,0.023955817316706464,True,True,S2B_MSIL1C_20200622T100559_N0500_R022_T34VCM_20230501T013926,9
erken_s2_chlf_matchup_analysis_v1.0,2020-06-25,2020,pre_2023,L1C,NDCI,-0.05358615004122011,1.47657,0.16925404045999892,True,True,S2B_MSIL1C_20200625T101559_N0500_R065_T34VCM_20230507T030438,9
erken_s2_chlf_matchup_analysis_v1.0,2020-06-25,2020,pre_2023,L1C,MCI,-0.0032750000000000036,1.47657,0.16925404045999892,True,True,S2B_MSIL1C_20200625T101559_N0500_R065_T34VCM_20230507T030438,9
erken_s2_chlf_matchup_analysis_v1.0,2020-06-25,2020,pre_2023,L2A,NDCI,0.029535864978902995,1.47657,0.16925404045999892,True,True,S2B_MSIL2A_20200625T101559_N0500_R065_T34VCM_20230507T110141,9
erken_s2_chlf_matchup_analysis_v1.0,2020-06-25,2020,pre_2023,L2A,MCI,-0.001253333333333332,1.47657,0.16925404045999892,True,True,S2B_MSIL2A_20200625T101559_N0500_R065_T34VCM_20230507T110141,9
erken_s2_chlf_matchup_analysis_v1.0,2020-06-25,2020,pre_2023,ACOLITE,NDCI,0.10911604927854142,1.47657,0.16925404045999892,True,True,S2B_MSIL1C_20200625T101559_N0500_R065_T34VCM_20230507T030438,9
erken_s2_chlf_matchup_analysis_v1.0,2020-06-25,2020,pre_2023,ACOLITE,MCI,-0.003106577446063359,1.47657,0.16925404045999892,True,True,S2B_MSIL1C_20200625T101559_N0500_R065_T34VCM_20230507T030438,9
erken_s2_chlf_matchup_analysis_v1.0,2020-06-27,2020,pre_2023,L1C,NDCI,-0.06642066420664205,1.5504,0.1904437597066901,True,True,S2A_MSIL1C_20200627T101031_N0500_R022_T34VCM_20230329T045046,9
erken_s2_chlf_matchup_analysis_v1.0,2020-06-27,2020,pre_2023,L1C,MCI,-0.002053333333333334,1.5504,0.1904437597066901,True,True,S2A_MSIL1C_20200627T101031_N0500_R022_T34VCM_20230329T045046,9
erken_s2_chlf_matchup_analysis_v1.0,2020-06-27,2020,pre_2023,L2A,NDCI,0.018867924528301886,1.5504,0.1904437597066901,True,True,S2A_MSIL2A_20200627T101031_N0500_R022_T34VCM_20230330T005932,9
erken_s2_chlf_matchup_analysis_v1.0,2020-06-27,2020,pre_2023,L2A,MCI,-0.0001799999999999996,1.5504,0.1904437597066901,True,True,S2A_MSIL2A_20200627T101031_N0500_R022_T34VCM_20230330T005932,9
erken_s2_chlf_matchup_analysis_v1.0,2020-06-27,2020,pre_2023,ACOLITE,NDCI,0.0049922017180052515,1.5504,0.1904437597066901,True,True,S2A_MSIL1C_20200627T101031_N0500_R022_T34VCM_20230329T045046,9
erken_s2_chlf_matchup_analysis_v1.0,2020-06-27,2020,pre_2023,ACOLITE,MCI,-0.0016555836113790676,1.5504,0.1904437597066901,True,True,S2A_MSIL1C_20200627T101031_N0500_R022_T34VCM_20230329T045046,9
erken_s2_chlf_matchup_analysis_v1.0,2020-07-02,2020,pre_2023,L1C,NDCI,-0.04377104377104376,4.00389,0.6024821374763031,True,False,S2B_MSIL1C_20200702T100559_N0500_R022_T34VCM_20230530T180855,9
erken_s2_chlf_matchup_analysis_v1.0,2020-07-02,2020,pre_2023,L1C,MCI,-0.003963333333333326,4.00389,0.6024821374763031,True,False,S2B_MSIL1C_20200702T100559_N0500_R022_T34VCM_20230530T180855,9
erken_s2_chlf_matchup_analysis_v1.0,2020-07-02,2020,pre_2023,L2A,NDCI,0.006858710562414272,4.00389,0.6024821374763031,True,False,S2B_MSIL2A_20200702T100559_N0500_R022_T34VCM_20230531T012547,9
erken_s2_chlf_matchup_analysis_v1.0,2020-07-02,2020,pre_2023,L2A,MCI,-0.0011866666666666657,4.00389,0.6024821374763031,True,False,S2B_MSIL2A_20200702T100559_N0500_R022_T34VCM_20230531T012547,9
erken_s2_chlf_matchup_analysis_v1.0,2020-07-12,2020,pre_2023,L1C,NDCI,-0.05850706119704102,6.43307,0.8084182771035134,True,True,S2B_MSIL1C_20200712T100559_N0500_R022_T34VCM_20230614T001712,9
erken_s2_chlf_matchup_analysis_v1.0,2020-07-12,2020,pre_2023,L1C,MCI,0.0002783333333333318,6.43307,0.8084182771035134,True,True,S2B_MSIL1C_20200712T100559_N0500_R022_T34VCM_20230614T001712,9
erken_s2_chlf_matchup_analysis_v1.0,2020-07-12,2020,pre_2023,L2A,NDCI,-0.016304347826086953,6.43307,0.8084182771035134,True,True,S2B_MSIL2A_20200712T100559_N0500_R022_T34VCM_20230614T061252,9
erken_s2_chlf_matchup_analysis_v1.0,2020-07-12,2020,pre_2023,L2A,MCI,0.0030466666666666663,6.43307,0.8084182771035134,True,True,S2B_MSIL2A_20200712T100559_N0500_R022_T34VCM_20230614T061252,9
erken_s2_chlf_matchup_analysis_v1.0,2020-07-12,2020,pre_2023,ACOLITE,NDCI,-0.004386653751508015,6.43307,0.8084182771035134,True,True,S2B_MSIL1C_20200712T100559_N0500_R022_T34VCM_20230614T001712,9
erken_s2_chlf_matchup_analysis_v1.0,2020-07-12,2020,pre_2023,ACOLITE,MCI,0.0009021872033675507,6.43307,0.8084182771035134,True,True,S2B_MSIL1C_20200712T100559_N0500_R022_T34VCM_20230614T001712,9
erken_s2_chlf_matchup_analysis_v1.0,2020-07-25,2020,pre_2023,L1C,NDCI,-0.010123734533183278,5.11865,0.7091554346361342,True,True,S2B_MSIL1C_20200725T101559_N0500_R065_T34VCM_20230429T203729,9
erken_s2_chlf_matchup_analysis_v1.0,2020-07-25,2020,pre_2023,L1C,MCI,0.0020599999999999993,5.11865,0.7091554346361342,True,True,S2B_MSIL1C_20200725T101559_N0500_R065_T34VCM_20230429T203729,9
erken_s2_chlf_matchup_analysis_v1.0,2020-07-25,2020,pre_2023,L2A,NDCI,0.10526315789473686,5.11865,0.7091554346361342,True,True,S2B_MSIL2A_20200725T101559_N0500_R065_T34VCM_20230430T175257,9
erken_s2_chlf_matchup_analysis_v1.0,2020-07-25,2020,pre_2023,L2A,MCI,0.004666666666666668,5.11865,0.7091554346361342,True,True,S2B_MSIL2A_20200725T101559_N0500_R065_T34VCM_20230430T175257,9
erken_s2_chlf_matchup_analysis_v1.0,2020-07-25,2020,pre_2023,ACOLITE,NDCI,0.09502140243851434,5.11865,0.7091554346361342,True,True,S2B_MSIL1C_20200725T101559_N0500_R065_T34VCM_20230429T203729,9
erken_s2_chlf_matchup_analysis_v1.0,2020-07-25,2020,pre_2023,ACOLITE,MCI,0.002851542147497336,5.11865,0.7091554346361342,True,True,S2B_MSIL1C_20200725T101559_N0500_R065_T34VCM_20230429T203729,9
erken_s2_chlf_matchup_analysis_v1.0,2020-08-01,2020,pre_2023,L1C,NDCI,0.10820124052377673,10.0392,1.0016991062922362,True,True,S2B_MSIL1C_20200801T100559_N0500_R022_T34VCM_20230420T124330,9
erken_s2_chlf_matchup_analysis_v1.0,2020-08-01,2020,pre_2023,L1C,MCI,-0.00015833333333332977,10.0392,1.0016991062922362,True,True,S2B_MSIL1C_20200801T100559_N0500_R022_T34VCM_20230420T124330,9
erken_s2_chlf_matchup_analysis_v1.0,2020-08-01,2020,pre_2023,L2A,NDCI,0.3548387096774194,10.0392,1.0016991062922362,True,True,S2B_MSIL2A_20200801T100559_N0500_R022_T34VCM_20230421T101210,9
erken_s2_chlf_matchup_analysis_v1.0,2020-08-01,2020,pre_2023,L2A,MCI,0.002939999999999998,10.0392,1.0016991062922362,True,True,S2B_MSIL2A_20200801T100559_N0500_R022_T34VCM_20230421T101210,9
erken_s2_chlf_matchup_analysis_v1.0,2020-08-01,2020,pre_2023,ACOLITE,NDCI,0.31897666734806,10.0392,1.0016991062922362,True,True,S2B_MSIL1C_20200801T100559_N0500_R022_T34VCM_20230420T124330,9
erken_s2_chlf_matchup_analysis_v1.0,2020-08-01,2020,pre_2023,ACOLITE,MCI,0.0004188578575849561,10.0392,1.0016991062922362,True,True,S2B_MSIL1C_20200801T100559_N0500_R022_T34VCM_20230420T124330,9
erken_s2_chlf_matchup_analysis_v1.0,2020-08-09,2020,pre_2023,L1C,NDCI,-0.041136430896714996,38.9536,1.5905476003368753,True,True,S2A_MSIL1C_20200809T102031_N0500_R065_T34VCM_20230420T085814,9
erken_s2_chlf_matchup_analysis_v1.0,2020-08-09,2020,pre_2023,L1C,MCI,-0.0020483333333333326,38.9536,1.5905476003368753,True,True,S2A_MSIL1C_20200809T102031_N0500_R065_T34VCM_20230420T085814,9
erken_s2_chlf_matchup_analysis_v1.0,2020-08-09,2020,pre_2023,L2A,NDCI,0.033898305084745776,38.9536,1.5905476003368753,True,True,S2A_MSIL2A_20200809T102031_N0500_R065_T34VCM_20230420T170300,9
erken_s2_chlf_matchup_analysis_v1.0,2020-08-09,2020,pre_2023,L2A,MCI,0.001386666666666668,38.9536,1.5905476003368753,True,True,S2A_MSIL2A_20200809T102031_N0500_R065_T34VCM_20230420T170300,9
erken_s2_chlf_matchup_analysis_v1.0,2020-08-09,2020,pre_2023,ACOLITE,NDCI,0.051672756544342495,38.9536,1.5905476003368753,True,True,S2A_MSIL1C_20200809T102031_N0500_R065_T34VCM_20230420T085814,9
erken_s2_chlf_matchup_analysis_v1.0,2020-08-09,2020,pre_2023,ACOLITE,MCI,-0.0010759351154168428,38.9536,1.5905476003368753,True,True,S2A_MSIL1C_20200809T102031_N0500_R065_T34VCM_20230420T085814,9
erken_s2_chlf_matchup_analysis_v1.0,2020-08-11,2020,pre_2023,ACOLITE,NDCI,-0.016280794623081685,7.81668,0.8930223331316298,True,False,S2B_MSIL1C_20200811T100559_N0500_R022_T34VCM_20230520T144508,9
erken_s2_chlf_matchup_analysis_v1.0,2020-08-11,2020,pre_2023,ACOLITE,MCI,-0.0007215352108081181,7.81668,0.8930223331316298,True,False,S2B_MSIL1C_20200811T100559_N0500_R022_T34VCM_20230520T144508,9
erken_s2_chlf_matchup_analysis_v1.0,2020-08-14,2020,pre_2023,L1C,NDCI,-0.060921248142644865,11.1112,1.045760964902633,True,True,S2B_MSIL1C_20200814T101559_N0500_R065_T34VCM_20230418T203343,9
erken_s2_chlf_matchup_analysis_v1.0,2020-08-14,2020,pre_2023,L1C,MCI,-0.0016466666666666643,11.1112,1.045760964902633,True,True,S2B_MSIL1C_20200814T101559_N0500_R065_T34VCM_20230418T203343,9
erken_s2_chlf_matchup_analysis_v1.0,2020-08-14,2020,pre_2023,L2A,NDCI,0.015624999999999974,11.1112,1.045760964902633,True,True,S2B_MSIL2A_20200814T101559_N0500_R065_T34VCM_20230419T055343,9
erken_s2_chlf_matchup_analysis_v1.0,2020-08-14,2020,pre_2023,L2A,MCI,0.0011466666666666656,11.1112,1.045760964902633,True,True,S2B_MSIL2A_20200814T101559_N0500_R065_T34VCM_20230419T055343,9
erken_s2_chlf_matchup_analysis_v1.0,2020-08-14,2020,pre_2023,ACOLITE,NDCI,0.07613460783209591,11.1112,1.045760964902633,True,True,S2B_MSIL1C_20200814T101559_N0500_R065_T34VCM_20230418T203343,9
erken_s2_chlf_matchup_analysis_v1.0,2020-08-14,2020,pre_2023,ACOLITE,MCI,-0.0011779056861996647,11.1112,1.045760964902633,True,True,S2B_MSIL1C_20200814T101559_N0500_R065_T34VCM_20230418T203343,9
erken_s2_chlf_matchup_analysis_v1.0,2020-08-16,2020,pre_2023,L1C,NDCI,-0.07136404697380305,8.45382,0.9270529965283713,True,True,S2A_MSIL1C_20200816T101031_N0500_R022_T34VCM_20230422T024451,9
erken_s2_chlf_matchup_analysis_v1.0,2020-08-16,2020,pre_2023,L1C,MCI,-0.0005450000000000003,8.45382,0.9270529965283713,True,True,S2A_MSIL1C_20200816T101031_N0500_R022_T34VCM_20230422T024451,9
erken_s2_chlf_matchup_analysis_v1.0,2020-08-16,2020,pre_2023,L2A,NDCI,0.01075268817204304,8.45382,0.9270529965283713,True,True,S2A_MSIL2A_20200816T101031_N0500_R022_T34VCM_20230422T120802,9
erken_s2_chlf_matchup_analysis_v1.0,2020-08-16,2020,pre_2023,L2A,MCI,0.001360000000000001,8.45382,0.9270529965283713,True,True,S2A_MSIL2A_20200816T101031_N0500_R022_T34VCM_20230422T120802,9
erken_s2_chlf_matchup_analysis_v1.0,2020-08-16,2020,pre_2023,ACOLITE,NDCI,0.03955835745871677,8.45382,0.9270529965283713,True,True,S2A_MSIL1C_20200816T101031_N0500_R022_T34VCM_20230422T024451,9
erken_s2_chlf_matchup_analysis_v1.0,2020-08-16,2020,pre_2023,ACOLITE,MCI,0.0003972250968217843,8.45382,0.9270529965283713,True,True,S2A_MSIL1C_20200816T101031_N0500_R022_T34VCM_20230422T024451,9
erken_s2_chlf_matchup_analysis_v1.0,2020-08-19,2020,pre_2023,L1C,NDCI,-0.07440860215053763,5.4731,0.7382333832880257,True,True,S2A_MSIL1C_20200819T102031_N0500_R065_T34VCM_20230407T004653,9
erken_s2_chlf_matchup_analysis_v1.0,2020-08-19,2020,pre_2023,L1C,MCI,-0.0015383333333333325,5.4731,0.7382333832880257,True,True,S2A_MSIL1C_20200819T102031_N0500_R065_T34VCM_20230407T004653,9
erken_s2_chlf_matchup_analysis_v1.0,2020-08-19,2020,pre_2023,L2A,NDCI,0.0,5.4731,0.7382333832880257,True,True,S2A_MSIL2A_20200819T102031_N0500_R065_T34VCM_20230407T111047,9
erken_s2_chlf_matchup_analysis_v1.0,2020-08-19,2020,pre_2023,L2A,MCI,0.000693333333333334,5.4731,0.7382333832880257,True,True,S2A_MSIL2A_20200819T102031_N0500_R065_T34VCM_20230407T111047,9
erken_s2_chlf_matchup_analysis_v1.0,2020-08-19,2020,pre_2023,ACOLITE,NDCI,0.01803820182910216,5.4731,0.7382333832880257,True,True,S2A_MSIL1C_20200819T102031_N0500_R065_T34VCM_20230407T004653,9
erken_s2_chlf_matchup_analysis_v1.0,2020-08-19,2020,pre_2023,ACOLITE,MCI,-0.0007355697453022003,5.4731,0.7382333832880257,True,True,S2A_MSIL1C_20200819T102031_N0500_R065_T34VCM_20230407T004653,9
erken_s2_chlf_matchup_analysis_v1.0,2020-08-21,2020,pre_2023,L1C,NDCI,-0.0837894736842106,6.50231,0.8130676708014553,True,True,S2B_MSIL1C_20200821T100559_N0500_R022_T34VCM_20230512T135158,9
erken_s2_chlf_matchup_analysis_v1.0,2020-08-21,2020,pre_2023,L1C,MCI,-0.0006933333333333305,6.50231,0.8130676708014553,True,True,S2B_MSIL1C_20200821T100559_N0500_R022_T34VCM_20230512T135158,9
erken_s2_chlf_matchup_analysis_v1.0,2020-08-21,2020,pre_2023,L2A,NDCI,-0.017751479289940825,6.50231,0.8130676708014553,True,True,S2B_MSIL2A_20200821T100559_N0500_R022_T34VCM_20230512T235511,9
erken_s2_chlf_matchup_analysis_v1.0,2020-08-21,2020,pre_2023,L2A,MCI,0.0018133333333333335,6.50231,0.8130676708014553,True,True,S2B_MSIL2A_20200821T100559_N0500_R022_T34VCM_20230512T235511,9
erken_s2_chlf_matchup_analysis_v1.0,2020-08-21,2020,pre_2023,ACOLITE,NDCI,-0.04188300036166276,6.50231,0.8130676708014553,True,True,S2B_MSIL1C_20200821T100559_N0500_R022_T34VCM_20230512T135158,9
erken_s2_chlf_matchup_analysis_v1.0,2020-08-21,2020,pre_2023,ACOLITE,MCI,-0.00022243075072765368,6.50231,0.8130676708014553,True,True,S2B_MSIL1C_20200821T100559_N0500_R022_T34VCM_20230512T135158,9
erken_s2_chlf_matchup_analysis_v1.0,2020-08-24,2020,pre_2023,L1C,NDCI,-0.08510638297872347,9.76309,0.9895872928266473,True,True,S2B_MSIL1C_20200824T101559_N0500_R065_T34VCM_20230418T053500,9
erken_s2_chlf_matchup_analysis_v1.0,2020-08-24,2020,pre_2023,L1C,MCI,-0.00019500000000000073,9.76309,0.9895872928266473,True,True,S2B_MSIL1C_20200824T101559_N0500_R065_T34VCM_20230418T053500,9
erken_s2_chlf_matchup_analysis_v1.0,2020-08-24,2020,pre_2023,L2A,NDCI,-0.06870229007633585,9.76309,0.9895872928266473,True,True,S2B_MSIL2A_20200824T101559_N0500_R065_T34VCM_20230419T043339,9
erken_s2_chlf_matchup_analysis_v1.0,2020-08-24,2020,pre_2023,L2A,MCI,0.001986666666666668,9.76309,0.9895872928266473,True,True,S2B_MSIL2A_20200824T101559_N0500_R065_T34VCM_20230419T043339,9
erken_s2_chlf_matchup_analysis_v1.0,2020-08-24,2020,pre_2023,ACOLITE,NDCI,-0.08487101775573512,9.76309,0.9895872928266473,True,True,S2B_MSIL1C_20200824T101559_N0500_R065_T34VCM_20230418T053500,9
erken_s2_chlf_matchup_analysis_v1.0,2020-08-24,2020,pre_2023,ACOLITE,MCI,0.00045129712671041454,9.76309,0.9895872928266473,True,True,S2B_MSIL1C_20200824T101559_N0500_R065_T34VCM_20230418T053500,9
erken_s2_chlf_matchup_analysis_v1.0,2020-08-26,2020,pre_2023,L1C,NDCI,-0.03757499210609408,9.09871,0.9589798231348609,True,True,S2A_MSIL1C_20200826T101031_N0500_R022_T34VCM_20230412T174525,9
erken_s2_chlf_matchup_analysis_v1.0,2020-08-26,2020,pre_2023,L1C,MCI,-0.0016400000000000026,9.09871,0.9589798231348609,True,True,S2A_MSIL1C_20200826T101031_N0500_R022_T34VCM_20230412T174525,9
erken_s2_chlf_matchup_analysis_v1.0,2020-08-26,2020,pre_2023,L2A,NDCI,0.01169590643274857,9.09871,0.9589798231348609,True,True,S2A_MSIL2A_20200826T101031_N0500_R022_T34VCM_20230413T171700,9
erken_s2_chlf_matchup_analysis_v1.0,2020-08-26,2020,pre_2023,L2A,MCI,0.0008933333333333328,9.09871,0.9589798231348609,True,True,S2A_MSIL2A_20200826T101031_N0500_R022_T34VCM_20230413T171700,9
erken_s2_chlf_matchup_analysis_v1.0,2020-08-26,2020,pre_2023,ACOLITE,NDCI,0.025335610502002493,9.09871,0.9589798231348609,True,True,S2A_MSIL1C_20200826T101031_N0500_R022_T34VCM_20230412T174525,9
erken_s2_chlf_matchup_analysis_v1.0,2020-08-26,2020,pre_2023,ACOLITE,MCI,-0.0014547710617383303,9.09871,0.9589798231348609,True,True,S2A_MSIL1C_20200826T101031_N0500_R022_T34VCM_20230412T174525,9
erken_s2_chlf_matchup_analysis_v1.0,2020-09-05,2020,pre_2023,L1C,NDCI,-0.07643312101910821,7.35977,0.8668642424228771,True,True,S2A_MSIL1C_20200905T101031_N0500_R022_T34VCM_20230313T151754,9
erken_s2_chlf_matchup_analysis_v1.0,2020-09-05,2020,pre_2023,L1C,MCI,-4.666666666666708e-05,7.35977,0.8668642424228771,True,True,S2A_MSIL1C_20200905T101031_N0500_R022_T34VCM_20230313T151754,9
erken_s2_chlf_matchup_analysis_v1.0,2020-09-05,2020,pre_2023,L2A,NDCI,0.005524861878453102,7.35977,0.8668642424228771,True,True,S2A_MSIL2A_20200905T101031_N0500_R022_T34VCM_20230314T024637,9
erken_s2_chlf_matchup_analysis_v1.0,2020-09-05,2020,pre_2023,L2A,MCI,0.0014466666666666664,7.35977,0.8668642424228771,True,True,S2A_MSIL2A_20200905T101031_N0500_R022_T34VCM_20230314T024637,9
erken_s2_chlf_matchup_analysis_v1.0,2020-09-05,2020,pre_2023,ACOLITE,NDCI,-0.03535695635159663,7.35977,0.8668642424228771,True,True,S2A_MSIL1C_20200905T101031_N0500_R022_T34VCM_20230313T151754,9
erken_s2_chlf_matchup_analysis_v1.0,2020-09-05,2020,pre_2023,ACOLITE,MCI,0.0007370665048559502,7.35977,0.8668642424228771,True,True,S2A_MSIL1C_20200905T101031_N0500_R022_T34VCM_20230313T151754,9
erken_s2_chlf_matchup_analysis_v1.0,2020-09-10,2020,pre_2023,L1C,NDCI,-0.07119741100323622,22.7814,1.3575804095407988,True,True,S2B_MSIL1C_20200910T100559_N0500_R022_T34VCM_20230309T230357,9
erken_s2_chlf_matchup_analysis_v1.0,2020-09-10,2020,pre_2023,L1C,MCI,0.0003766666666666675,22.7814,1.3575804095407988,True,True,S2B_MSIL1C_20200910T100559_N0500_R022_T34VCM_20230309T230357,9
erken_s2_chlf_matchup_analysis_v1.0,2020-09-10,2020,pre_2023,L2A,NDCI,-0.05376344086021501,22.7814,1.3575804095407988,True,True,S2B_MSIL2A_20200910T100559_N0500_R022_T34VCM_20230311T022411,9
erken_s2_chlf_matchup_analysis_v1.0,2020-09-10,2020,pre_2023,L2A,MCI,0.001613333333333333,22.7814,1.3575804095407988,True,True,S2B_MSIL2A_20200910T100559_N0500_R022_T34VCM_20230311T022411,9
erken_s2_chlf_matchup_analysis_v1.0,2020-09-10,2020,pre_2023,ACOLITE,NDCI,-0.014565736375817002,22.7814,1.3575804095407988,True,True,S2B_MSIL1C_20200910T100559_N0500_R022_T34VCM_20230309T230357,9
erken_s2_chlf_matchup_analysis_v1.0,2020-09-10,2020,pre_2023,ACOLITE,MCI,0.0008642484744389844,22.7814,1.3575804095407988,True,True,S2B_MSIL1C_20200910T100559_N0500_R022_T34VCM_20230309T230357,9
erken_s2_chlf_matchup_analysis_v1.0,2020-09-13,2020,pre_2023,L1C,NDCI,-0.06770619614279846,30.6279,1.486117220454058,True,True,S2B_MSIL1C_20200913T101629_N0500_R065_T34VCM_20230418T014843,9
erken_s2_chlf_matchup_analysis_v1.0,2020-09-13,2020,pre_2023,L1C,MCI,0.0005816666666666678,30.6279,1.486117220454058,True,True,S2B_MSIL1C_20200913T101629_N0500_R065_T34VCM_20230418T014843,9
erken_s2_chlf_matchup_analysis_v1.0,2020-09-13,2020,pre_2023,L2A,NDCI,-0.061452513966480465,30.6279,1.486117220454058,True,True,S2B_MSIL2A_20200913T101629_N0500_R065_T34VCM_20230418T112835,9
erken_s2_chlf_matchup_analysis_v1.0,2020-09-13,2020,pre_2023,L2A,MCI,0.0017799999999999995,30.6279,1.486117220454058,True,True,S2B_MSIL2A_20200913T101629_N0500_R065_T34VCM_20230418T112835,9
erken_s2_chlf_matchup_analysis_v1.0,2020-09-13,2020,pre_2023,ACOLITE,NDCI,-0.009656846073378684,30.6279,1.486117220454058,True,True,S2B_MSIL1C_20200913T101629_N0500_R065_T34VCM_20230418T014843,9
erken_s2_chlf_matchup_analysis_v1.0,2020-09-13,2020,pre_2023,ACOLITE,MCI,0.0013466740027070039,30.6279,1.486117220454058,True,True,S2B_MSIL1C_20200913T101629_N0500_R065_T34VCM_20230418T014843,9
erken_s2_chlf_matchup_analysis_v1.0,2020-09-18,2020,pre_2023,L1C,NDCI,-0.05528295714753026,10.0665,1.0028784978719734,True,True,S2A_MSIL1C_20200918T102031_N0500_R065_T34VCM_20230310T160415,9
erken_s2_chlf_matchup_analysis_v1.0,2020-09-18,2020,pre_2023,L1C,MCI,-0.0019766666666666682,10.0665,1.0028784978719734,True,True,S2A_MSIL1C_20200918T102031_N0500_R065_T34VCM_20230310T160415,9
erken_s2_chlf_matchup_analysis_v1.0,2020-09-18,2020,pre_2023,L2A,NDCI,0.026845637583892572,10.0665,1.0028784978719734,True,True,S2A_MSIL2A_20200918T102031_N0500_R065_T34VCM_20230311T043216,9
erken_s2_chlf_matchup_analysis_v1.0,2020-09-18,2020,pre_2023,L2A,MCI,0.0002666666666666668,10.0665,1.0028784978719734,True,True,S2A_MSIL2A_20200918T102031_N0500_R065_T34VCM_20230311T043216,9
erken_s2_chlf_matchup_analysis_v1.0,2020-09-18,2020,pre_2023,ACOLITE,NDCI,0.03505634498655939,10.0665,1.0028784978719734,True,True,S2A_MSIL1C_20200918T102031_N0500_R065_T34VCM_20230310T160415,9
erken_s2_chlf_matchup_analysis_v1.0,2020-09-18,2020,pre_2023,ACOLITE,MCI,-0.0012684167052308716,10.0665,1.0028784978719734,True,True,S2A_MSIL1C_20200918T102031_N0500_R065_T34VCM_20230310T160415,9
erken_s2_chlf_matchup_analysis_v1.0,2020-09-23,2020,pre_2023,L1C,NDCI,-0.05132360886007561,4.88579,0.6889347962843314,True,True,S2B_MSIL1C_20200923T101649_N0500_R065_T34VCM_20230425T040337,9
erken_s2_chlf_matchup_analysis_v1.0,2020-09-23,2020,pre_2023,L1C,MCI,-0.00329666666666667,4.88579,0.6889347962843314,True,True,S2B_MSIL1C_20200923T101649_N0500_R065_T34VCM_20230425T040337,9
erken_s2_chlf_matchup_analysis_v1.0,2020-09-23,2020,pre_2023,L2A,NDCI,0.07758620689655178,4.88579,0.6889347962843314,True,True,S2B_MSIL2A_20200923T101649_N0500_R065_T34VCM_20230426T105356,9
erken_s2_chlf_matchup_analysis_v1.0,2020-09-23,2020,pre_2023,L2A,MCI,-0.00011333333333333334,4.88579,0.6889347962843314,True,True,S2B_MSIL2A_20200923T101649_N0500_R065_T34VCM_20230426T105356,9
erken_s2_chlf_matchup_analysis_v1.0,2020-09-23,2020,pre_2023,ACOLITE,NDCI,0.05083571653912461,4.88579,0.6889347962843314,True,True,S2B_MSIL1C_20200923T101649_N0500_R065_T34VCM_20230425T040337,9
erken_s2_chlf_matchup_analysis_v1.0,2020-09-23,2020,pre_2023,ACOLITE,MCI,-0.003442362820108732,4.88579,0.6889347962843314,True,True,S2B_MSIL1C_20200923T101649_N0500_R065_T34VCM_20230425T040337,9
erken_s2_chlf_matchup_analysis_v1.0,2020-10-15,2020,pre_2023,L1C,NDCI,-0.046189376443417966,2.75556,0.4402098718612973,True,True,S2A_MSIL1C_20201015T101031_N0500_R022_T34VCM_20230307T035130,9
erken_s2_chlf_matchup_analysis_v1.0,2020-10-15,2020,pre_2023,L1C,MCI,-0.0009016666666666687,2.75556,0.4402098718612973,True,True,S2A_MSIL1C_20201015T101031_N0500_R022_T34VCM_20230307T035130,9
erken_s2_chlf_matchup_analysis_v1.0,2020-10-15,2020,pre_2023,L2A,NDCI,0.09937888198757763,2.75556,0.4402098718612973,True,True,S2A_MSIL2A_20201015T101031_N0500_R022_T34VCM_20230308T002351,9
erken_s2_chlf_matchup_analysis_v1.0,2020-10-15,2020,pre_2023,L2A,MCI,0.0011999999999999997,2.75556,0.4402098718612973,True,True,S2A_MSIL2A_20201015T101031_N0500_R022_T34VCM_20230308T002351,9
erken_s2_chlf_matchup_analysis_v1.0,2020-10-15,2020,pre_2023,ACOLITE,NDCI,0.09847107263406248,2.75556,0.4402098718612973,True,True,S2A_MSIL1C_20201015T101031_N0500_R022_T34VCM_20230307T035130,7
erken_s2_chlf_matchup_analysis_v1.0,2020-10-15,2020,pre_2023,ACOLITE,MCI,0.001226231828331946,2.75556,0.4402098718612973,True,True,S2A_MSIL1C_20201015T101031_N0500_R022_T34VCM_20230307T035130,7
erken_s2_chlf_matchup_analysis_v1.0,2020-11-04,2020,pre_2023,L1C,NDCI,-0.07946239094553166,1.0762,0.0318929877104751,True,True,S2A_MSIL1C_20201104T101211_N0500_R022_T34VCM_20230319T003319,9
erken_s2_chlf_matchup_analysis_v1.0,2020-11-04,2020,pre_2023,L1C,MCI,-0.0015133333333333318,1.0762,0.0318929877104751,True,True,S2A_MSIL1C_20201104T101211_N0500_R022_T34VCM_20230319T003319,9
erken_s2_chlf_matchup_analysis_v1.0,2020-11-04,2020,pre_2023,L2A,NDCI,-0.12540192926045024,1.0762,0.0318929877104751,True,True,S2A_MSIL2A_20201104T101211_N0500_R022_T34VCM_20230319T070226,9
erken_s2_chlf_matchup_analysis_v1.0,2020-11-04,2020,pre_2023,L2A,MCI,-0.00011333333333333334,1.0762,0.0318929877104751,True,True,S2A_MSIL2A_20201104T101211_N0500_R022_T34VCM_20230319T070226,9
erken_s2_chlf_matchup_analysis_v1.0,2020-11-04,2020,pre_2023,ACOLITE,NDCI,-0.07756287696248615,1.0762,0.0318929877104751,True,True,S2A_MSIL1C_20201104T101211_N0500_R022_T34VCM_20230319T003319,9
erken_s2_chlf_matchup_analysis_v1.0,2020-11-04,2020,pre_2023,ACOLITE,MCI,-0.00026025064289569855,1.0762,0.0318929877104751,True,True,S2A_MSIL1C_20201104T101211_N0500_R022_T34VCM_20230319T003319,9
erken_s2_chlf_matchup_analysis_v1.0,2020-11-09,2020,pre_2023,L1C,NDCI,-0.07739263134946583,0.920274,-0.03608284768553159,True,False,S2B_MSIL1C_20201109T101239_N0500_R022_T34VCM_20230302T103054,9
erken_s2_chlf_matchup_analysis_v1.0,2020-11-09,2020,pre_2023,L1C,MCI,-0.0014749999999999971,0.920274,-0.03608284768553159,True,False,S2B_MSIL1C_20201109T101239_N0500_R022_T34VCM_20230302T103054,9
erken_s2_chlf_matchup_analysis_v1.0,2020-11-09,2020,pre_2023,L2A,NDCI,-0.20727272727272728,0.920274,-0.03608284768553159,True,False,S2B_MSIL2A_20201109T101239_N0500_R022_T34VCM_20230302T145813,9
erken_s2_chlf_matchup_analysis_v1.0,2020-11-09,2020,pre_2023,L2A,MCI,-0.0007933333333333334,0.920274,-0.03608284768553159,True,False,S2B_MSIL2A_20201109T101239_N0500_R022_T34VCM_20230302T145813,9
erken_s2_chlf_matchup_analysis_v1.0,2020-11-22,2020,pre_2023,L1C,NDCI,-0.0718873006007872,2.13,0.3283796034387377,True,False,S2B_MSIL1C_20201122T102339_N0500_R065_T34VCM_20230402T123818,9
erken_s2_chlf_matchup_analysis_v1.0,2020-11-22,2020,pre_2023,L1C,MCI,-0.0005816666666666678,2.13,0.3283796034387377,True,False,S2B_MSIL1C_20201122T102339_N0500_R065_T34VCM_20230402T123818,9
erken_s2_chlf_matchup_analysis_v1.0,2020-11-22,2020,pre_2023,L2A,NDCI,-0.08,2.13,0.3283796034387377,True,False,S2B_MSIL2A_20201122T102339_N0500_R065_T34VCM_20230402T194726,9
erken_s2_chlf_matchup_analysis_v1.0,2020-11-22,2020,pre_2023,L2A,MCI,0.001386666666666668,2.13,0.3283796034387377,True,False,S2B_MSIL2A_20201122T102339_N0500_R065_T34VCM_20230402T194726,9
erken_s2_chlf_matchup_analysis_v1.0,2021-03-19,2021,pre_2023,L1C,NDCI,-0.06405228758169937,3.43423,0.535829377716535,True,True,S2B_MSIL1C_20210319T100649_N0500_R022_T34VCM_20230518T221153,9
erken_s2_chlf_matchup_analysis_v1.0,2021-03-19,2021,pre_2023,L1C,MCI,-0.00018333333333333396,3.43423,0.535829377716535,True,True,S2B_MSIL1C_20210319T100649_N0500_R022_T34VCM_20230518T221153,9
erken_s2_chlf_matchup_analysis_v1.0,2021-03-19,2021,pre_2023,L2A,NDCI,-0.11587982832618023,3.43423,0.535829377716535,True,True,S2B_MSIL2A_20210319T100649_N0500_R022_T34VCM_20230520T034739,9
erken_s2_chlf_matchup_analysis_v1.0,2021-03-19,2021,pre_2023,L2A,MCI,1.9999999999999185e-05,3.43423,0.535829377716535,True,True,S2B_MSIL2A_20210319T100649_N0500_R022_T34VCM_20230520T034739,9
erken_s2_chlf_matchup_analysis_v1.0,2021-03-19,2021,pre_2023,ACOLITE,NDCI,-0.20034563026398175,3.43423,0.535829377716535,True,True,S2B_MSIL1C_20210319T100649_N0500_R022_T34VCM_20230518T221153,9
erken_s2_chlf_matchup_analysis_v1.0,2021-03-19,2021,pre_2023,ACOLITE,MCI,-0.0017817045251528399,3.43423,0.535829377716535,True,True,S2B_MSIL1C_20210319T100649_N0500_R022_T34VCM_20230518T221153,9
erken_s2_chlf_matchup_analysis_v1.0,2021-03-22,2021,pre_2023,L1C,NDCI,-0.0025008931761343225,4.19045,0.6222606630672551,True,False,S2B_MSIL1C_20210322T101649_N0500_R065_T34VCM_20230604T102539,9
erken_s2_chlf_matchup_analysis_v1.0,2021-03-22,2021,pre_2023,L1C,MCI,-0.0029750000000000054,4.19045,0.6222606630672551,True,False,S2B_MSIL1C_20210322T101649_N0500_R065_T34VCM_20230604T102539,9
erken_s2_chlf_matchup_analysis_v1.0,2021-03-22,2021,pre_2023,L2A,NDCI,0.029554003224073033,4.19045,0.6222606630672551,True,False,S2B_MSIL2A_20210322T101649_N0500_R065_T34VCM_20230605T043412,9
erken_s2_chlf_matchup_analysis_v1.0,2021-03-22,2021,pre_2023,L2A,MCI,0.001286666666666672,4.19045,0.6222606630672551,True,False,S2B_MSIL2A_20210322T101649_N0500_R065_T34VCM_20230605T043412,9
erken_s2_chlf_matchup_analysis_v1.0,2021-04-03,2021,pre_2023,L1C,NDCI,-0.04227578032398257,29.1252,1.4642689163035398,True,True,S2A_MSIL1C_20210403T101021_N0500_R022_T34VCM_20230511T155445,9
erken_s2_chlf_matchup_analysis_v1.0,2021-04-03,2021,pre_2023,L1C,MCI,0.00185833333333333,29.1252,1.4642689163035398,True,True,S2A_MSIL1C_20210403T101021_N0500_R022_T34VCM_20230511T155445,9
erken_s2_chlf_matchup_analysis_v1.0,2021-04-03,2021,pre_2023,L2A,NDCI,0.060773480662983353,29.1252,1.4642689163035398,True,True,S2A_MSIL2A_20210403T101021_N0500_R022_T34VCM_20230512T004623,9
erken_s2_chlf_matchup_analysis_v1.0,2021-04-03,2021,pre_2023,L2A,MCI,0.002919999999999999,29.1252,1.4642689163035398,True,True,S2A_MSIL2A_20210403T101021_N0500_R022_T34VCM_20230512T004623,9
erken_s2_chlf_matchup_analysis_v1.0,2021-04-03,2021,pre_2023,ACOLITE,NDCI,0.1661389260008991,29.1252,1.4642689163035398,True,True,S2A_MSIL1C_20210403T101021_N0500_R022_T34VCM_20230511T155445,9
erken_s2_chlf_matchup_analysis_v1.0,2021-04-03,2021,pre_2023,ACOLITE,MCI,0.002577546409641703,29.1252,1.4642689163035398,True,True,S2A_MSIL1C_20210403T101021_N0500_R022_T34VCM_20230511T155445,9
erken_s2_chlf_matchup_analysis_v1.0,2021-04-08,2021,pre_2023,L1C,NDCI,-0.014761703922395626,37.8682,1.5782746621674006,True,True,S2B_MSIL1C_20210408T100549_N0500_R022_T34VCM_20230512T121936,9
erken_s2_chlf_matchup_analysis_v1.0,2021-04-08,2021,pre_2023,L1C,MCI,0.0030666666666666655,37.8682,1.5782746621674006,True,True,S2B_MSIL1C_20210408T100549_N0500_R022_T34VCM_20230512T121936,9
erken_s2_chlf_matchup_analysis_v1.0,2021-04-08,2021,pre_2023,L2A,NDCI,0.12941176470588228,37.8682,1.5782746621674006,True,True,S2B_MSIL2A_20210408T100549_N0500_R022_T34VCM_20230513T124455,9
erken_s2_chlf_matchup_analysis_v1.0,2021-04-08,2021,pre_2023,L2A,MCI,0.003713333333333334,37.8682,1.5782746621674006,True,True,S2B_MSIL2A_20210408T100549_N0500_R022_T34VCM_20230513T124455,9
erken_s2_chlf_matchup_analysis_v1.0,2021-04-08,2021,pre_2023,ACOLITE,NDCI,0.13738951730924862,37.8682,1.5782746621674006,True,True,S2B_MSIL1C_20210408T100549_N0500_R022_T34VCM_20230512T121936,9
erken_s2_chlf_matchup_analysis_v1.0,2021-04-08,2021,pre_2023,ACOLITE,MCI,0.0036089866732557617,37.8682,1.5782746621674006,True,True,S2B_MSIL1C_20210408T100549_N0500_R022_T34VCM_20230512T121936,9
erken_s2_chlf_matchup_analysis_v1.0,2021-04-13,2021,pre_2023,L1C,NDCI,-0.07255278310940494,16.1616,1.2084843537636758,True,True,S2A_MSIL1C_20210413T101021_N0500_R022_T34VCM_20230513T062335,9
erken_s2_chlf_matchup_analysis_v1.0,2021-04-13,2021,pre_2023,L1C,MCI,-0.00017833333333333243,16.1616,1.2084843537636758,True,True,S2A_MSIL1C_20210413T101021_N0500_R022_T34VCM_20230513T062335,9
erken_s2_chlf_matchup_analysis_v1.0,2021-04-13,2021,pre_2023,L2A,NDCI,-0.14666666666666664,16.1616,1.2084843537636758,True,True,S2A_MSIL2A_20210413T101021_N0500_R022_T34VCM_20230513T131428,9
erken_s2_chlf_matchup_analysis_v1.0,2021-04-13,2021,pre_2023,L2A,MCI,-2.0000000000000052e-05,16.1616,1.2084843537636758,True,True,S2A_MSIL2A_20210413T101021_N0500_R022_T34VCM_20230513T131428,9
erken_s2_chlf_matchup_analysis_v1.0,2021-04-13,2021,pre_2023,ACOLITE,NDCI,-0.06729122332326216,16.1616,1.2084843537636758,True,True,S2A_MSIL1C_20210413T101021_N0500_R022_T34VCM_20230513T062335,9
erken_s2_chlf_matchup_analysis_v1.0,2021-04-13,2021,pre_2023,ACOLITE,MCI,-0.00017609354108572006,16.1616,1.2084843537636758,True,True,S2A_MSIL1C_20210413T101021_N0500_R022_T34VCM_20230513T062335,9
erken_s2_chlf_matchup_analysis_v1.0,2021-04-18,2021,pre_2023,L1C,NDCI,-0.07001795332136447,2.93683,0.46787880787835734,True,True,S2B_MSIL1C_20210418T100549_N0500_R022_T34VCM_20230524T070538,9
erken_s2_chlf_matchup_analysis_v1.0,2021-04-18,2021,pre_2023,L1C,MCI,-0.0010733333333333359,2.93683,0.46787880787835734,True,True,S2B_MSIL1C_20210418T100549_N0500_R022_T34VCM_20230524T070538,9
erken_s2_chlf_matchup_analysis_v1.0,2021-04-18,2021,pre_2023,L2A,NDCI,-0.06382978723404253,2.93683,0.46787880787835734,True,True,S2B_MSIL2A_20210418T100549_N0500_R022_T34VCM_20230525T063818,9
erken_s2_chlf_matchup_analysis_v1.0,2021-04-18,2021,pre_2023,L2A,MCI,-0.0007400000000000002,2.93683,0.46787880787835734,True,True,S2B_MSIL2A_20210418T100549_N0500_R022_T34VCM_20230525T063818,9
erken_s2_chlf_matchup_analysis_v1.0,2021-04-18,2021,pre_2023,ACOLITE,NDCI,-0.04621154765346532,2.93683,0.46787880787835734,True,True,S2B_MSIL1C_20210418T100549_N0500_R022_T34VCM_20230524T070538,9
erken_s2_chlf_matchup_analysis_v1.0,2021-04-18,2021,pre_2023,ACOLITE,MCI,-0.0010088446860512098,2.93683,0.46787880787835734,True,True,S2B_MSIL1C_20210418T100549_N0500_R022_T34VCM_20230524T070538,9
erken_s2_chlf_matchup_analysis_v1.0,2021-04-21,2021,pre_2023,L1C,NDCI,-0.038297872340425546,4.2086,0.624137650849502,True,True,S2B_MSIL1C_20210421T101549_N0500_R065_T34VCM_20230517T212537,9
erken_s2_chlf_matchup_analysis_v1.0,2021-04-21,2021,pre_2023,L1C,MCI,-0.0009149999999999991,4.2086,0.624137650849502,True,True,S2B_MSIL1C_20210421T101549_N0500_R065_T34VCM_20230517T212537,9
erken_s2_chlf_matchup_analysis_v1.0,2021-04-21,2021,pre_2023,L2A,NDCI,0.023255813953488313,4.2086,0.624137650849502,True,True,S2B_MSIL2A_20210421T101549_N0500_R065_T34VCM_20230518T200516,9
erken_s2_chlf_matchup_analysis_v1.0,2021-04-21,2021,pre_2023,L2A,MCI,-1.3333333333332212e-05,4.2086,0.624137650849502,True,True,S2B_MSIL2A_20210421T101549_N0500_R065_T34VCM_20230518T200516,9
erken_s2_chlf_matchup_analysis_v1.0,2021-04-21,2021,pre_2023,ACOLITE,NDCI,0.0955681329790744,4.2086,0.624137650849502,True,True,S2B_MSIL1C_20210421T101549_N0500_R065_T34VCM_20230517T212537,9
erken_s2_chlf_matchup_analysis_v1.0,2021-04-21,2021,pre_2023,ACOLITE,MCI,-0.000591557938605547,4.2086,0.624137650849502,True,True,S2B_MSIL1C_20210421T101549_N0500_R065_T34VCM_20230517T212537,9
erken_s2_chlf_matchup_analysis_v1.0,2021-04-23,2021,pre_2023,L1C,NDCI,-0.055206149545772215,3.53719,0.5486583885496544,True,True,S2A_MSIL1C_20210423T101021_N0500_R022_T34VCM_20230512T034455,9
erken_s2_chlf_matchup_analysis_v1.0,2021-04-23,2021,pre_2023,L1C,MCI,-8.333333333332416e-06,3.53719,0.5486583885496544,True,True,S2A_MSIL1C_20210423T101021_N0500_R022_T34VCM_20230512T034455,9
erken_s2_chlf_matchup_analysis_v1.0,2021-04-23,2021,pre_2023,L2A,NDCI,-0.08333333333333333,3.53719,0.5486583885496544,True,True,S2A_MSIL2A_20210423T101021_N0500_R022_T34VCM_20230512T140300,9
erken_s2_chlf_matchup_analysis_v1.0,2021-04-23,2021,pre_2023,L2A,MCI,0.00098,3.53719,0.5486583885496544,True,True,S2A_MSIL2A_20210423T101021_N0500_R022_T34VCM_20230512T140300,9
erken_s2_chlf_matchup_analysis_v1.0,2021-04-23,2021,pre_2023,ACOLITE,NDCI,-0.030876600283038968,3.53719,0.5486583885496544,True,True,S2A_MSIL1C_20210423T101021_N0500_R022_T34VCM_20230512T034455,9
erken_s2_chlf_matchup_analysis_v1.0,2021-04-23,2021,pre_2023,ACOLITE,MCI,-0.00011118886371453557,3.53719,0.5486583885496544,True,True,S2A_MSIL1C_20210423T101021_N0500_R022_T34VCM_20230512T034455,9
erken_s2_chlf_matchup_analysis_v1.0,2021-05-08,2021,pre_2023,L1C,NDCI,-0.08251748251748249,2.13323,0.32903768261577215,True,True,S2B_MSIL1C_20210508T100549_N0500_R022_T34VCM_20230207T033128,9
erken_s2_chlf_matchup_analysis_v1.0,2021-05-08,2021,pre_2023,L1C,MCI,-0.0003633333333333301,2.13323,0.32903768261577215,True,True,S2B_MSIL1C_20210508T100549_N0500_R022_T34VCM_20230207T033128,9
erken_s2_chlf_matchup_analysis_v1.0,2021-05-08,2021,pre_2023,L2A,NDCI,-0.1428571428571429,2.13323,0.32903768261577215,True,True,S2B_MSIL2A_20210508T100549_N0500_R022_T34VCM_20230207T093304,9
erken_s2_chlf_matchup_analysis_v1.0,2021-05-08,2021,pre_2023,L2A,MCI,0.0004933333333333343,2.13323,0.32903768261577215,True,True,S2B_MSIL2A_20210508T100549_N0500_R022_T34VCM_20230207T093304,9
erken_s2_chlf_matchup_analysis_v1.0,2021-05-08,2021,pre_2023,ACOLITE,NDCI,-0.10031831703616742,2.13323,0.32903768261577215,True,True,S2B_MSIL1C_20210508T100549_N0500_R022_T34VCM_20230207T033128,9
erken_s2_chlf_matchup_analysis_v1.0,2021-05-08,2021,pre_2023,ACOLITE,MCI,-0.00017360867932438885,2.13323,0.32903768261577215,True,True,S2B_MSIL1C_20210508T100549_N0500_R022_T34VCM_20230207T033128,9
erken_s2_chlf_matchup_analysis_v1.0,2021-05-13,2021,pre_2023,L1C,NDCI,-0.05706521739130429,2.07928,0.31791297623235926,True,True,S2A_MSIL1C_20210513T101021_N0500_R022_T34VCM_20230208T105956,9
erken_s2_chlf_matchup_analysis_v1.0,2021-05-13,2021,pre_2023,L1C,MCI,-0.0020483333333333326,2.07928,0.31791297623235926,True,True,S2A_MSIL1C_20210513T101021_N0500_R022_T34VCM_20230208T105956,9
erken_s2_chlf_matchup_analysis_v1.0,2021-05-13,2021,pre_2023,L2A,NDCI,-0.03448275862068963,2.07928,0.31791297623235926,True,True,S2A_MSIL2A_20210513T101021_N0500_R022_T34VCM_20230208T230237,9
erken_s2_chlf_matchup_analysis_v1.0,2021-05-13,2021,pre_2023,L2A,MCI,-0.0004666666666666656,2.07928,0.31791297623235926,True,True,S2A_MSIL2A_20210513T101021_N0500_R022_T34VCM_20230208T230237,9
erken_s2_chlf_matchup_analysis_v1.0,2021-05-13,2021,pre_2023,ACOLITE,NDCI,-0.0223556127130976,2.07928,0.31791297623235926,True,True,S2A_MSIL1C_20210513T101021_N0500_R022_T34VCM_20230208T105956,9
erken_s2_chlf_matchup_analysis_v1.0,2021-05-13,2021,pre_2023,ACOLITE,MCI,-0.0018845015826324625,2.07928,0.31791297623235926,True,True,S2A_MSIL1C_20210513T101021_N0500_R022_T34VCM_20230208T105956,9
erken_s2_chlf_matchup_analysis_v1.0,2021-05-18,2021,pre_2023,L1C,NDCI,-0.07216494845360823,2.2734,0.35667585565863685,True,True,S2B_MSIL1C_20210518T100559_N0500_R022_T34VCM_20230222T092744,9
erken_s2_chlf_matchup_analysis_v1.0,2021-05-18,2021,pre_2023,L1C,MCI,-0.0010533333333333332,2.2734,0.35667585565863685,True,True,S2B_MSIL1C_20210518T100559_N0500_R022_T34VCM_20230222T092744,9
erken_s2_chlf_matchup_analysis_v1.0,2021-05-18,2021,pre_2023,L2A,NDCI,-0.03191489361702127,2.2734,0.35667585565863685,True,True,S2B_MSIL2A_20210518T100559_N0500_R022_T34VCM_20230222T190943,9
erken_s2_chlf_matchup_analysis_v1.0,2021-05-18,2021,pre_2023,L2A,MCI,0.0005733333333333337,2.2734,0.35667585565863685,True,True,S2B_MSIL2A_20210518T100559_N0500_R022_T34VCM_20230222T190943,9
erken_s2_chlf_matchup_analysis_v1.0,2021-05-18,2021,pre_2023,ACOLITE,NDCI,-0.06053146833284697,2.2734,0.35667585565863685,True,True,S2B_MSIL1C_20210518T100559_N0500_R022_T34VCM_20230222T092744,9
erken_s2_chlf_matchup_analysis_v1.0,2021-05-18,2021,pre_2023,ACOLITE,MCI,-0.00089527318874995,2.2734,0.35667585565863685,True,True,S2B_MSIL1C_20210518T100559_N0500_R022_T34VCM_20230222T092744,9
erken_s2_chlf_matchup_analysis_v1.0,2021-05-28,2021,pre_2023,L1C,NDCI,-0.10040160642570282,1.58319,0.1995330380461577,True,True,S2B_MSIL1C_20210528T100559_N0500_R022_T34VCM_20230227T022353,9
erken_s2_chlf_matchup_analysis_v1.0,2021-05-28,2021,pre_2023,L1C,MCI,-0.0011050000000000018,1.58319,0.1995330380461577,True,True,S2B_MSIL1C_20210528T100559_N0500_R022_T34VCM_20230227T022353,9
erken_s2_chlf_matchup_analysis_v1.0,2021-05-28,2021,pre_2023,L2A,NDCI,-0.18012422360248445,1.58319,0.1995330380461577,True,True,S2B_MSIL2A_20210528T100559_N0500_R022_T34VCM_20230227T082312,9
erken_s2_chlf_matchup_analysis_v1.0,2021-05-28,2021,pre_2023,L2A,MCI,0.0005266666666666675,1.58319,0.1995330380461577,True,True,S2B_MSIL2A_20210528T100559_N0500_R022_T34VCM_20230227T082312,9
erken_s2_chlf_matchup_analysis_v1.0,2021-05-28,2021,pre_2023,ACOLITE,NDCI,-0.2185247417379361,1.58319,0.1995330380461577,True,True,S2B_MSIL1C_20210528T100559_N0500_R022_T34VCM_20230227T022353,9
erken_s2_chlf_matchup_analysis_v1.0,2021-05-28,2021,pre_2023,ACOLITE,MCI,-0.0007110028217236202,1.58319,0.1995330380461577,True,True,S2B_MSIL1C_20210528T100559_N0500_R022_T34VCM_20230227T022353,9
erken_s2_chlf_matchup_analysis_v1.0,2021-06-02,2021,pre_2023,L1C,NDCI,-0.07423580786026202,2.02507,0.3064400399399726,True,True,S2A_MSIL1C_20210602T101031_N0500_R022_T34VCM_20230312T040328,9
erken_s2_chlf_matchup_analysis_v1.0,2021-06-02,2021,pre_2023,L1C,MCI,-0.0008400000000000005,2.02507,0.3064400399399726,True,True,S2A_MSIL1C_20210602T101031_N0500_R022_T34VCM_20230312T040328,9
erken_s2_chlf_matchup_analysis_v1.0,2021-06-02,2021,pre_2023,L2A,NDCI,-0.013698630136986337,2.02507,0.3064400399399726,True,True,S2A_MSIL2A_20210602T101031_N0500_R022_T34VCM_20230313T040411,9
erken_s2_chlf_matchup_analysis_v1.0,2021-06-02,2021,pre_2023,L2A,MCI,0.0006466666666666665,2.02507,0.3064400399399726,True,True,S2A_MSIL2A_20210602T101031_N0500_R022_T34VCM_20230313T040411,9
erken_s2_chlf_matchup_analysis_v1.0,2021-06-02,2021,pre_2023,ACOLITE,NDCI,0.02564105173742364,2.02507,0.3064400399399726,True,True,S2A_MSIL1C_20210602T101031_N0500_R022_T34VCM_20230312T040328,9
erken_s2_chlf_matchup_analysis_v1.0,2021-06-02,2021,pre_2023,ACOLITE,MCI,-0.00025850556169946994,2.02507,0.3064400399399726,True,True,S2A_MSIL1C_20210602T101031_N0500_R022_T34VCM_20230312T040328,9
erken_s2_chlf_matchup_analysis_v1.0,2021-06-05,2021,pre_2023,L1C,NDCI,-0.06306306306306306,1.60936,0.206653202909192,True,True,S2A_MSIL1C_20210605T102021_N0500_R065_T34VCM_20230129T173124,9
erken_s2_chlf_matchup_analysis_v1.0,2021-06-05,2021,pre_2023,L1C,MCI,-0.0019200000000000016,1.60936,0.206653202909192,True,True,S2A_MSIL1C_20210605T102021_N0500_R065_T34VCM_20230129T173124,9
erken_s2_chlf_matchup_analysis_v1.0,2021-06-05,2021,pre_2023,L2A,NDCI,-0.005405405405405373,1.60936,0.206653202909192,True,True,S2A_MSIL2A_20210605T102021_N0500_R065_T34VCM_20230130T074617,9
erken_s2_chlf_matchup_analysis_v1.0,2021-06-05,2021,pre_2023,L2A,MCI,-9.99999999999994e-05,1.60936,0.206653202909192,True,True,S2A_MSIL2A_20210605T102021_N0500_R065_T34VCM_20230130T074617,9
erken_s2_chlf_matchup_analysis_v1.0,2021-06-05,2021,pre_2023,ACOLITE,NDCI,0.05732807122765423,1.60936,0.206653202909192,True,True,S2A_MSIL1C_20210605T102021_N0500_R065_T34VCM_20230129T173124,9
erken_s2_chlf_matchup_analysis_v1.0,2021-06-05,2021,pre_2023,ACOLITE,MCI,-0.001549675346662601,1.60936,0.206653202909192,True,True,S2A_MSIL1C_20210605T102021_N0500_R065_T34VCM_20230129T173124,9
erken_s2_chlf_matchup_analysis_v1.0,2021-06-07,2021,pre_2023,L1C,NDCI,-0.06618181818181826,1.84397,0.26575385113168803,True,True,S2B_MSIL1C_20210607T100559_N0500_R022_T34VCM_20230313T212809,9
erken_s2_chlf_matchup_analysis_v1.0,2021-06-07,2021,pre_2023,L1C,MCI,-0.003563333333333335,1.84397,0.26575385113168803,True,True,S2B_MSIL1C_20210607T100559_N0500_R022_T34VCM_20230313T212809,9
erken_s2_chlf_matchup_analysis_v1.0,2021-06-07,2021,pre_2023,L2A,NDCI,-0.028806584362139957,1.84397,0.26575385113168803,True,True,S2B_MSIL2A_20210607T100559_N0500_R022_T34VCM_20230314T071412,9
erken_s2_chlf_matchup_analysis_v1.0,2021-06-07,2021,pre_2023,L2A,MCI,-0.0008600000000000014,1.84397,0.26575385113168803,True,True,S2B_MSIL2A_20210607T100559_N0500_R022_T34VCM_20230314T071412,9
erken_s2_chlf_matchup_analysis_v1.0,2021-06-07,2021,pre_2023,ACOLITE,NDCI,-0.019653422614977,1.84397,0.26575385113168803,True,True,S2B_MSIL1C_20210607T100559_N0500_R022_T34VCM_20230313T212809,9
erken_s2_chlf_matchup_analysis_v1.0,2021-06-07,2021,pre_2023,ACOLITE,MCI,-0.003670804326732953,1.84397,0.26575385113168803,True,True,S2B_MSIL1C_20210607T100559_N0500_R022_T34VCM_20230313T212809,9
erken_s2_chlf_matchup_analysis_v1.0,2021-06-10,2021,pre_2023,L1C,NDCI,-0.050952936600544535,1.86602,0.270916294203134,True,False,S2B_MSIL1C_20210610T101559_N0500_R065_T34VCM_20230321T010521,9
erken_s2_chlf_matchup_analysis_v1.0,2021-06-10,2021,pre_2023,L1C,MCI,-0.0020349999999999986,1.86602,0.270916294203134,True,False,S2B_MSIL1C_20210610T101559_N0500_R065_T34VCM_20230321T010521,9
erken_s2_chlf_matchup_analysis_v1.0,2021-06-10,2021,pre_2023,L2A,NDCI,0.0033003300330032804,1.86602,0.270916294203134,True,False,S2B_MSIL2A_20210610T101559_N0500_R065_T34VCM_20230321T102457,9
erken_s2_chlf_matchup_analysis_v1.0,2021-06-10,2021,pre_2023,L2A,MCI,1.9999999999999185e-05,1.86602,0.270916294203134,True,False,S2B_MSIL2A_20210610T101559_N0500_R065_T34VCM_20230321T102457,9
erken_s2_chlf_matchup_analysis_v1.0,2021-06-12,2021,pre_2023,L1C,NDCI,-0.06400550584996552,1.57359,0.1968915870240037,True,True,S2A_MSIL1C_20210612T101031_N0500_R022_T34VCM_20230316T020649,9
erken_s2_chlf_matchup_analysis_v1.0,2021-06-12,2021,pre_2023,L1C,MCI,-0.001444999999999995,1.57359,0.1968915870240037,True,True,S2A_MSIL1C_20210612T101031_N0500_R022_T34VCM_20230316T020649,9
erken_s2_chlf_matchup_analysis_v1.0,2021-06-12,2021,pre_2023,L2A,NDCI,-0.0318840579710145,1.57359,0.1968915870240037,True,True,S2A_MSIL2A_20210612T101031_N0500_R022_T34VCM_20230316T113702,9
erken_s2_chlf_matchup_analysis_v1.0,2021-06-12,2021,pre_2023,L2A,MCI,0.0009533333333333338,1.57359,0.1968915870240037,True,True,S2A_MSIL2A_20210612T101031_N0500_R022_T34VCM_20230316T113702,9
erken_s2_chlf_matchup_analysis_v1.0,2021-06-12,2021,pre_2023,ACOLITE,NDCI,-0.060187319605218725,1.57359,0.1968915870240037,True,True,S2A_MSIL1C_20210612T101031_N0500_R022_T34VCM_20230316T020649,9
erken_s2_chlf_matchup_analysis_v1.0,2021-06-12,2021,pre_2023,ACOLITE,MCI,-0.0011183843637506165,1.57359,0.1968915870240037,True,True,S2A_MSIL1C_20210612T101031_N0500_R022_T34VCM_20230316T020649,9
erken_s2_chlf_matchup_analysis_v1.0,2021-06-15,2021,pre_2023,L1C,NDCI,-0.05934065934065941,1.66338,0.22099147534752697,True,True,S2A_MSIL1C_20210615T102021_N0500_R065_T34VCM_20230215T145621,9
erken_s2_chlf_matchup_analysis_v1.0,2021-06-15,2021,pre_2023,L1C,MCI,-0.0014483333333333293,1.66338,0.22099147534752697,True,True,S2A_MSIL1C_20210615T102021_N0500_R065_T34VCM_20230215T145621,9
erken_s2_chlf_matchup_analysis_v1.0,2021-06-15,2021,pre_2023,L2A,NDCI,-0.02590673575129536,1.66338,0.22099147534752697,True,True,S2A_MSIL2A_20210615T102021_N0500_R065_T34VCM_20230216T024207,9
erken_s2_chlf_matchup_analysis_v1.0,2021-06-15,2021,pre_2023,L2A,MCI,-0.00024666666666666587,1.66338,0.22099147534752697,True,True,S2A_MSIL2A_20210615T102021_N0500_R065_T34VCM_20230216T024207,9
erken_s2_chlf_matchup_analysis_v1.0,2021-06-15,2021,pre_2023,ACOLITE,NDCI,-0.008153253813057128,1.66338,0.22099147534752697,True,True,S2A_MSIL1C_20210615T102021_N0500_R065_T34VCM_20230215T145621,9
erken_s2_chlf_matchup_analysis_v1.0,2021-06-15,2021,pre_2023,ACOLITE,MCI,-0.0009247199942668295,1.66338,0.22099147534752697,True,True,S2A_MSIL1C_20210615T102021_N0500_R065_T34VCM_20230215T145621,9
erken_s2_chlf_matchup_analysis_v1.0,2021-06-20,2021,pre_2023,L1C,NDCI,-0.054794520547945154,1.7517,0.24345972997094975,True,True,S2B_MSIL1C_20210620T101559_N0500_R065_T34VCM_20230308T041343,9
erken_s2_chlf_matchup_analysis_v1.0,2021-06-20,2021,pre_2023,L1C,MCI,-0.0028800000000000006,1.7517,0.24345972997094975,True,True,S2B_MSIL1C_20210620T101559_N0500_R065_T34VCM_20230308T041343,9
erken_s2_chlf_matchup_analysis_v1.0,2021-06-20,2021,pre_2023,L2A,NDCI,0.012853470437018007,1.7517,0.24345972997094975,True,True,S2B_MSIL2A_20210620T101559_N0500_R065_T34VCM_20230308T092944,9
erken_s2_chlf_matchup_analysis_v1.0,2021-06-20,2021,pre_2023,L2A,MCI,-0.00014000000000000123,1.7517,0.24345972997094975,True,True,S2B_MSIL2A_20210620T101559_N0500_R065_T34VCM_20230308T092944,9
erken_s2_chlf_matchup_analysis_v1.0,2021-06-20,2021,pre_2023,ACOLITE,NDCI,0.0047556563885720144,1.7517,0.24345972997094975,True,True,S2B_MSIL1C_20210620T101559_N0500_R065_T34VCM_20230308T041343,9
erken_s2_chlf_matchup_analysis_v1.0,2021-06-20,2021,pre_2023,ACOLITE,MCI,-0.0028828519706924766,1.7517,0.24345972997094975,True,True,S2B_MSIL1C_20210620T101559_N0500_R065_T34VCM_20230308T041343,9
erken_s2_chlf_matchup_analysis_v1.0,2021-06-27,2021,pre_2023,L1C,NDCI,0.0020905923344948334,1.90951,0.28092193709186986,True,False,S2B_MSIL1C_20210627T100559_N0500_R022_T34VCM_20230318T171149,9
erken_s2_chlf_matchup_analysis_v1.0,2021-06-27,2021,pre_2023,L1C,MCI,-0.00972,1.90951,0.28092193709186986,True,False,S2B_MSIL1C_20210627T100559_N0500_R022_T34VCM_20230318T171149,9
erken_s2_chlf_matchup_analysis_v1.0,2021-06-27,2021,pre_2023,L2A,NDCI,0.07741935483870965,1.90951,0.28092193709186986,True,False,S2B_MSIL2A_20210627T100559_N0500_R022_T34VCM_20230318T220525,9
erken_s2_chlf_matchup_analysis_v1.0,2021-06-27,2021,pre_2023,L2A,MCI,-0.0037133333333333254,1.90951,0.28092193709186986,True,False,S2B_MSIL2A_20210627T100559_N0500_R022_T34VCM_20230318T220525,9
erken_s2_chlf_matchup_analysis_v1.0,2021-06-30,2021,pre_2023,L1C,NDCI,-0.05362365940851475,3.94116,0.5956240663567461,True,True,S2B_MSIL1C_20210630T101559_N0500_R065_T34VCM_20230319T094526,9
erken_s2_chlf_matchup_analysis_v1.0,2021-06-30,2021,pre_2023,L1C,MCI,-0.002704999999999992,3.94116,0.5956240663567461,True,True,S2B_MSIL1C_20210630T101559_N0500_R065_T34VCM_20230319T094526,9
erken_s2_chlf_matchup_analysis_v1.0,2021-06-30,2021,pre_2023,L2A,NDCI,0.012704174228675187,3.94116,0.5956240663567461,True,True,S2B_MSIL2A_20210630T101559_N0500_R065_T34VCM_20230319T172945,9
erken_s2_chlf_matchup_analysis_v1.0,2021-06-30,2021,pre_2023,L2A,MCI,0.0006200000000000025,3.94116,0.5956240663567461,True,True,S2B_MSIL2A_20210630T101559_N0500_R065_T34VCM_20230319T172945,9
erken_s2_chlf_matchup_analysis_v1.0,2021-06-30,2021,pre_2023,ACOLITE,NDCI,-0.02106239843372841,3.94116,0.5956240663567461,True,True,S2B_MSIL1C_20210630T101559_N0500_R065_T34VCM_20230319T094526,8
erken_s2_chlf_matchup_analysis_v1.0,2021-06-30,2021,pre_2023,ACOLITE,MCI,-0.002533854419986407,3.94116,0.5956240663567461,True,True,S2B_MSIL1C_20210630T101559_N0500_R065_T34VCM_20230319T094526,8
erken_s2_chlf_matchup_analysis_v1.0,2021-07-02,2021,pre_2023,L1C,NDCI,-0.06783369803063462,5.04214,0.7026149001233218,True,True,S2A_MSIL1C_20210702T101031_N0500_R022_T34VCM_20230125T004211,9
erken_s2_chlf_matchup_analysis_v1.0,2021-07-02,2021,pre_2023,L1C,MCI,-0.0012333333333333328,5.04214,0.7026149001233218,True,True,S2A_MSIL1C_20210702T101031_N0500_R022_T34VCM_20230125T004211,9
erken_s2_chlf_matchup_analysis_v1.0,2021-07-02,2021,pre_2023,L2A,NDCI,0.11627906976744182,5.04214,0.7026149001233218,True,True,S2A_MSIL2A_20210702T101031_N0500_R022_T34VCM_20230125T130514,9
erken_s2_chlf_matchup_analysis_v1.0,2021-07-02,2021,pre_2023,L2A,MCI,-6.666666666666713e-05,5.04214,0.7026149001233218,True,True,S2A_MSIL2A_20210702T101031_N0500_R022_T34VCM_20230125T130514,9
erken_s2_chlf_matchup_analysis_v1.0,2021-07-02,2021,pre_2023,ACOLITE,NDCI,0.08175995048504697,5.04214,0.7026149001233218,True,True,S2A_MSIL1C_20210702T101031_N0500_R022_T34VCM_20230125T004211,9
erken_s2_chlf_matchup_analysis_v1.0,2021-07-02,2021,pre_2023,ACOLITE,MCI,-0.0006791051787634686,5.04214,0.7026149001233218,True,True,S2A_MSIL1C_20210702T101031_N0500_R022_T34VCM_20230125T004211,9
erken_s2_chlf_matchup_analysis_v1.0,2021-07-05,2021,pre_2023,L1C,NDCI,-0.06969072164948459,4.19646,0.6228830878418162,True,True,S2A_MSIL1C_20210705T102031_N0500_R065_T34VCM_20230122T155553,9
erken_s2_chlf_matchup_analysis_v1.0,2021-07-05,2021,pre_2023,L1C,MCI,-0.002081666666666669,4.19646,0.6228830878418162,True,True,S2A_MSIL1C_20210705T102031_N0500_R065_T34VCM_20230122T155553,9
erken_s2_chlf_matchup_analysis_v1.0,2021-07-05,2021,pre_2023,L2A,NDCI,0.008130081300812959,4.19646,0.6228830878418162,True,True,S2A_MSIL2A_20210705T102031_N0500_R065_T34VCM_20230123T033750,9
erken_s2_chlf_matchup_analysis_v1.0,2021-07-05,2021,pre_2023,L2A,MCI,0.0005199999999999996,4.19646,0.6228830878418162,True,True,S2A_MSIL2A_20210705T102031_N0500_R065_T34VCM_20230123T033750,9
erken_s2_chlf_matchup_analysis_v1.0,2021-07-05,2021,pre_2023,ACOLITE,NDCI,-0.007720861867248189,4.19646,0.6228830878418162,True,True,S2A_MSIL1C_20210705T102031_N0500_R065_T34VCM_20230122T155553,9
erken_s2_chlf_matchup_analysis_v1.0,2021-07-05,2021,pre_2023,ACOLITE,MCI,-0.0013879681006073938,4.19646,0.6228830878418162,True,True,S2A_MSIL1C_20210705T102031_N0500_R065_T34VCM_20230122T155553,9
erken_s2_chlf_matchup_analysis_v1.0,2021-07-10,2021,pre_2023,L1C,NDCI,-0.051663128096249115,3.87964,0.5887914283604188,True,True,S2B_MSIL1C_20210710T101559_N0500_R065_T34VCM_20230204T123859,9
erken_s2_chlf_matchup_analysis_v1.0,2021-07-10,2021,pre_2023,L1C,MCI,-0.0019433333333333386,3.87964,0.5887914283604188,True,True,S2B_MSIL1C_20210710T101559_N0500_R065_T34VCM_20230204T123859,9
erken_s2_chlf_matchup_analysis_v1.0,2021-07-10,2021,pre_2023,L2A,NDCI,0.038961038961038946,3.87964,0.5887914283604188,True,True,S2B_MSIL2A_20210710T101559_N0500_R065_T34VCM_20230204T215947,9
erken_s2_chlf_matchup_analysis_v1.0,2021-07-10,2021,pre_2023,L2A,MCI,0.0014466666666666655,3.87964,0.5887914283604188,True,True,S2B_MSIL2A_20210710T101559_N0500_R065_T34VCM_20230204T215947,9
erken_s2_chlf_matchup_analysis_v1.0,2021-07-10,2021,pre_2023,ACOLITE,NDCI,0.03880670843695931,3.87964,0.5887914283604188,True,True,S2B_MSIL1C_20210710T101559_N0500_R065_T34VCM_20230204T123859,9
erken_s2_chlf_matchup_analysis_v1.0,2021-07-10,2021,pre_2023,ACOLITE,MCI,-0.001364355906844139,3.87964,0.5887914283604188,True,True,S2B_MSIL1C_20210710T101559_N0500_R065_T34VCM_20230204T123859,9
erken_s2_chlf_matchup_analysis_v1.0,2021-07-12,2021,pre_2023,L1C,NDCI,-0.05302378905130407,6.16763,0.7901183122254356,True,True,S2A_MSIL1C_20210712T101031_N0500_R022_T34VCM_20230205T153012,9
erken_s2_chlf_matchup_analysis_v1.0,2021-07-12,2021,pre_2023,L1C,MCI,-0.001611666666666664,6.16763,0.7901183122254356,True,True,S2A_MSIL1C_20210712T101031_N0500_R022_T34VCM_20230205T153012,9
erken_s2_chlf_matchup_analysis_v1.0,2021-07-12,2021,pre_2023,L2A,NDCI,-0.005825242718446567,6.16763,0.7901183122254356,True,True,S2A_MSIL2A_20210712T101031_N0500_R022_T34VCM_20230206T131341,9
erken_s2_chlf_matchup_analysis_v1.0,2021-07-12,2021,pre_2023,L2A,MCI,0.0022333333333333337,6.16763,0.7901183122254356,True,True,S2A_MSIL2A_20210712T101031_N0500_R022_T34VCM_20230206T131341,9
erken_s2_chlf_matchup_analysis_v1.0,2021-07-12,2021,pre_2023,ACOLITE,NDCI,-0.012355725693723986,6.16763,0.7901183122254356,True,True,S2A_MSIL1C_20210712T101031_N0500_R022_T34VCM_20230205T153012,9
erken_s2_chlf_matchup_analysis_v1.0,2021-07-12,2021,pre_2023,ACOLITE,MCI,-0.0011204193035761513,6.16763,0.7901183122254356,True,True,S2A_MSIL1C_20210712T101031_N0500_R022_T34VCM_20230205T153012,9
erken_s2_chlf_matchup_analysis_v1.0,2021-07-15,2021,pre_2023,L1C,NDCI,-0.040178571428571494,6.64056,0.8222047050690436,True,True,S2A_MSIL1C_20210715T102031_N0500_R065_T34VCM_20230129T073741,9
erken_s2_chlf_matchup_analysis_v1.0,2021-07-15,2021,pre_2023,L1C,MCI,-0.003866666666666671,6.64056,0.8222047050690436,True,True,S2A_MSIL1C_20210715T102031_N0500_R065_T34VCM_20230129T073741,9
erken_s2_chlf_matchup_analysis_v1.0,2021-07-15,2021,pre_2023,L2A,NDCI,0.08866995073891633,6.64056,0.8222047050690436,True,True,S2A_MSIL2A_20210715T102031_N0500_R065_T34VCM_20230129T103739,9
erken_s2_chlf_matchup_analysis_v1.0,2021-07-15,2021,pre_2023,L2A,MCI,0.001933333333333332,6.64056,0.8222047050690436,True,True,S2A_MSIL2A_20210715T102031_N0500_R065_T34VCM_20230129T103739,9
erken_s2_chlf_matchup_analysis_v1.0,2021-07-15,2021,pre_2023,ACOLITE,NDCI,0.07855067005760204,6.64056,0.8222047050690436,True,True,S2A_MSIL1C_20210715T102031_N0500_R065_T34VCM_20230129T073741,9
erken_s2_chlf_matchup_analysis_v1.0,2021-07-15,2021,pre_2023,ACOLITE,MCI,-0.0032987186064322785,6.64056,0.8222047050690436,True,True,S2A_MSIL1C_20210715T102031_N0500_R065_T34VCM_20230129T073741,9
erken_s2_chlf_matchup_analysis_v1.0,2021-07-25,2021,pre_2023,L1C,NDCI,-0.06220905628438427,4.87343,0.6878347324131677,True,True,S2A_MSIL1C_20210725T102031_N0500_R065_T34VCM_20230127T211038,9
erken_s2_chlf_matchup_analysis_v1.0,2021-07-25,2021,pre_2023,L1C,MCI,-0.0019516666666666675,4.87343,0.6878347324131677,True,True,S2A_MSIL1C_20210725T102031_N0500_R065_T34VCM_20230127T211038,9
erken_s2_chlf_matchup_analysis_v1.0,2021-07-25,2021,pre_2023,L2A,NDCI,0.02586206896551731,4.87343,0.6878347324131677,True,True,S2A_MSIL2A_20210725T102031_N0500_R065_T34VCM_20230128T072917,9
erken_s2_chlf_matchup_analysis_v1.0,2021-07-25,2021,pre_2023,L2A,MCI,0.00012000000000000031,4.87343,0.6878347324131677,True,True,S2A_MSIL2A_20210725T102031_N0500_R065_T34VCM_20230128T072917,9
erken_s2_chlf_matchup_analysis_v1.0,2021-07-25,2021,pre_2023,ACOLITE,NDCI,0.05502926609190737,4.87343,0.6878347324131677,True,True,S2A_MSIL1C_20210725T102031_N0500_R065_T34VCM_20230127T211038,9
erken_s2_chlf_matchup_analysis_v1.0,2021-07-25,2021,pre_2023,ACOLITE,MCI,-0.0014163667956988008,4.87343,0.6878347324131677,True,True,S2A_MSIL1C_20210725T102031_N0500_R065_T34VCM_20230127T211038,9
erken_s2_chlf_matchup_analysis_v1.0,2021-07-27,2021,pre_2023,L1C,NDCI,-0.05048076923076926,6.28983,0.7986389075979485,True,True,S2B_MSIL1C_20210727T100559_N0500_R022_T34VCM_20230221T195644,9
erken_s2_chlf_matchup_analysis_v1.0,2021-07-27,2021,pre_2023,L1C,MCI,-0.0032783333333333345,6.28983,0.7986389075979485,True,True,S2B_MSIL1C_20210727T100559_N0500_R022_T34VCM_20230221T195644,9
erken_s2_chlf_matchup_analysis_v1.0,2021-07-27,2021,pre_2023,L2A,NDCI,0.03396226415094338,6.28983,0.7986389075979485,True,True,S2B_MSIL2A_20210727T100559_N0500_R022_T34VCM_20230222T034550,9
erken_s2_chlf_matchup_analysis_v1.0,2021-07-27,2021,pre_2023,L2A,MCI,0.0005199999999999996,6.28983,0.7986389075979485,True,True,S2B_MSIL2A_20210727T100559_N0500_R022_T34VCM_20230222T034550,9
erken_s2_chlf_matchup_analysis_v1.0,2021-07-27,2021,pre_2023,ACOLITE,NDCI,0.02503731055527099,6.28983,0.7986389075979485,True,True,S2B_MSIL1C_20210727T100559_N0500_R022_T34VCM_20230221T195644,9
erken_s2_chlf_matchup_analysis_v1.0,2021-07-27,2021,pre_2023,ACOLITE,MCI,-0.0031529917692144707,6.28983,0.7986389075979485,True,True,S2B_MSIL1C_20210727T100559_N0500_R022_T34VCM_20230221T195644,9
erken_s2_chlf_matchup_analysis_v1.0,2021-08-06,2021,pre_2023,L1C,NDCI,-0.07251732101616624,19.9198,1.2992849736794259,True,True,S2B_MSIL1C_20210806T100559_N0500_R022_T34VCM_20230210T231649,9
erken_s2_chlf_matchup_analysis_v1.0,2021-08-06,2021,pre_2023,L1C,MCI,-0.0011916666666666673,19.9198,1.2992849736794259,True,True,S2B_MSIL1C_20210806T100559_N0500_R022_T34VCM_20230210T231649,9
erken_s2_chlf_matchup_analysis_v1.0,2021-08-06,2021,pre_2023,L2A,NDCI,0.0,19.9198,1.2992849736794259,True,True,S2B_MSIL2A_20210806T100559_N0500_R022_T34VCM_20230211T085202,9
erken_s2_chlf_matchup_analysis_v1.0,2021-08-06,2021,pre_2023,L2A,MCI,0.0002133333333333336,19.9198,1.2992849736794259,True,True,S2B_MSIL2A_20210806T100559_N0500_R022_T34VCM_20230211T085202,9
erken_s2_chlf_matchup_analysis_v1.0,2021-08-06,2021,pre_2023,ACOLITE,NDCI,0.0042682705521678915,19.9198,1.2992849736794259,True,True,S2B_MSIL1C_20210806T100559_N0500_R022_T34VCM_20230210T231649,9
erken_s2_chlf_matchup_analysis_v1.0,2021-08-06,2021,pre_2023,ACOLITE,MCI,-0.0007999739920099575,19.9198,1.2992849736794259,True,True,S2B_MSIL1C_20210806T100559_N0500_R022_T34VCM_20230210T231649,9
erken_s2_chlf_matchup_analysis_v1.0,2021-08-09,2021,pre_2023,L1C,NDCI,-0.012184398944856156,25.1835,1.4011160881648113,True,False,S2B_MSIL1C_20210809T101559_N0500_R065_T34VCM_20230116T012618,9
erken_s2_chlf_matchup_analysis_v1.0,2021-08-09,2021,pre_2023,L1C,MCI,-0.014121666666666671,25.1835,1.4011160881648113,True,False,S2B_MSIL1C_20210809T101559_N0500_R065_T34VCM_20230116T012618,9
erken_s2_chlf_matchup_analysis_v1.0,2021-08-09,2021,pre_2023,L2A,NDCI,0.045026178010471186,25.1835,1.4011160881648113,True,False,S2B_MSIL2A_20210809T101559_N0500_R065_T34VCM_20230116T103230,9
erken_s2_chlf_matchup_analysis_v1.0,2021-08-09,2021,pre_2023,L2A,MCI,-0.007846666666666668,25.1835,1.4011160881648113,True,False,S2B_MSIL2A_20210809T101559_N0500_R065_T34VCM_20230116T103230,9
erken_s2_chlf_matchup_analysis_v1.0,2021-08-21,2021,pre_2023,L1C,NDCI,0.0030340630590738947,6.45138,0.8096526235159166,True,False,S2A_MSIL1C_20210821T101031_N0500_R022_T34VCM_20230119T063518,8
erken_s2_chlf_matchup_analysis_v1.0,2021-08-21,2021,pre_2023,L1C,MCI,-0.004779166666666668,6.45138,0.8096526235159166,True,False,S2A_MSIL1C_20210821T101031_N0500_R022_T34VCM_20230119T063518,8
erken_s2_chlf_matchup_analysis_v1.0,2021-08-21,2021,pre_2023,L2A,NDCI,0.03968780713745072,6.45138,0.8096526235159166,True,False,S2A_MSIL2A_20210821T101031_N0500_R022_T34VCM_20230119T144054,8
erken_s2_chlf_matchup_analysis_v1.0,2021-08-21,2021,pre_2023,L2A,MCI,0.0025866666666666746,6.45138,0.8096526235159166,True,False,S2A_MSIL2A_20210821T101031_N0500_R022_T34VCM_20230119T144054,8
erken_s2_chlf_matchup_analysis_v1.0,2021-08-31,2021,pre_2023,L1C,NDCI,-0.0641940085592011,7.83054,0.8937917123687654,True,True,S2A_MSIL1C_20210831T101031_N0500_R022_T34VCM_20230121T150613,9
erken_s2_chlf_matchup_analysis_v1.0,2021-08-31,2021,pre_2023,L1C,MCI,-0.00044666666666666466,7.83054,0.8937917123687654,True,True,S2A_MSIL1C_20210831T101031_N0500_R022_T34VCM_20230121T150613,9
erken_s2_chlf_matchup_analysis_v1.0,2021-08-31,2021,pre_2023,L2A,NDCI,-0.0160771704180065,7.83054,0.8937917123687654,True,True,S2A_MSIL2A_20210831T101031_N0500_R022_T34VCM_20230122T035831,9
erken_s2_chlf_matchup_analysis_v1.0,2021-08-31,2021,pre_2023,L2A,MCI,0.0011266666666666682,7.83054,0.8937917123687654,True,True,S2A_MSIL2A_20210831T101031_N0500_R022_T34VCM_20230122T035831,9
erken_s2_chlf_matchup_analysis_v1.0,2021-08-31,2021,pre_2023,ACOLITE,NDCI,0.011794227626335764,7.83054,0.8937917123687654,True,True,S2A_MSIL1C_20210831T101031_N0500_R022_T34VCM_20230121T150613,9
erken_s2_chlf_matchup_analysis_v1.0,2021-08-31,2021,pre_2023,ACOLITE,MCI,0.000827597578366597,7.83054,0.8937917123687654,True,True,S2A_MSIL1C_20210831T101031_N0500_R022_T34VCM_20230121T150613,9
erken_s2_chlf_matchup_analysis_v1.0,2021-09-03,2021,pre_2023,L1C,NDCI,-0.021021021021021002,16.6761,1.22209449075493,True,False,S2A_MSIL1C_20210903T102021_N0500_R065_T34VCM_20230110T004639,9
erken_s2_chlf_matchup_analysis_v1.0,2021-09-03,2021,pre_2023,L1C,MCI,-0.0026866666666666636,16.6761,1.22209449075493,True,False,S2A_MSIL1C_20210903T102021_N0500_R065_T34VCM_20230110T004639,9
erken_s2_chlf_matchup_analysis_v1.0,2021-09-03,2021,pre_2023,L2A,NDCI,0.03479576399394862,16.6761,1.22209449075493,True,False,S2A_MSIL2A_20210903T102021_N0500_R065_T34VCM_20230110T145151,9
erken_s2_chlf_matchup_analysis_v1.0,2021-09-03,2021,pre_2023,L2A,MCI,-0.00031333333333333213,16.6761,1.22209449075493,True,False,S2A_MSIL2A_20210903T102021_N0500_R065_T34VCM_20230110T145151,9
erken_s2_chlf_matchup_analysis_v1.0,2021-09-08,2021,pre_2023,L1C,NDCI,-0.08342284282133902,5.31605,0.725589057037808,True,True,S2B_MSIL1C_20210908T101559_N0500_R065_T34VCM_20230116T102914,9
erken_s2_chlf_matchup_analysis_v1.0,2021-09-08,2021,pre_2023,L1C,MCI,-0.0006600000000000009,5.31605,0.725589057037808,True,True,S2B_MSIL1C_20210908T101559_N0500_R065_T34VCM_20230116T102914,9
erken_s2_chlf_matchup_analysis_v1.0,2021-09-08,2021,pre_2023,L2A,NDCI,-0.03225806451612904,5.31605,0.725589057037808,True,True,S2B_MSIL2A_20210908T101559_N0500_R065_T34VCM_20230116T194420,9
erken_s2_chlf_matchup_analysis_v1.0,2021-09-08,2021,pre_2023,L2A,MCI,0.002273333333333334,5.31605,0.725589057037808,True,True,S2B_MSIL2A_20210908T101559_N0500_R065_T34VCM_20230116T194420,9
erken_s2_chlf_matchup_analysis_v1.0,2021-09-08,2021,pre_2023,ACOLITE,NDCI,-0.03947048516119461,5.31605,0.725589057037808,True,True,S2B_MSIL1C_20210908T101559_N0500_R065_T34VCM_20230116T102914,9
erken_s2_chlf_matchup_analysis_v1.0,2021-09-08,2021,pre_2023,ACOLITE,MCI,0.000125235877931118,5.31605,0.725589057037808,True,True,S2B_MSIL1C_20210908T101559_N0500_R065_T34VCM_20230116T102914,9
erken_s2_chlf_matchup_analysis_v1.0,2021-09-15,2021,pre_2023,L1C,NDCI,-0.06181089208152361,3.30501,0.5191727778725663,True,True,S2B_MSIL1C_20210915T100629_N0500_R022_T34VCM_20230117T080028,9
erken_s2_chlf_matchup_analysis_v1.0,2021-09-15,2021,pre_2023,L1C,MCI,-0.0014950000000000033,3.30501,0.5191727778725663,True,True,S2B_MSIL1C_20210915T100629_N0500_R022_T34VCM_20230117T080028,9
erken_s2_chlf_matchup_analysis_v1.0,2021-09-15,2021,pre_2023,L2A,NDCI,-0.012345679012345711,3.30501,0.5191727778725663,True,True,S2B_MSIL2A_20210915T100629_N0500_R022_T34VCM_20230117T160231,9
erken_s2_chlf_matchup_analysis_v1.0,2021-09-15,2021,pre_2023,L2A,MCI,0.0005399999999999988,3.30501,0.5191727778725663,True,True,S2B_MSIL2A_20210915T100629_N0500_R022_T34VCM_20230117T160231,9
erken_s2_chlf_matchup_analysis_v1.0,2021-09-15,2021,pre_2023,ACOLITE,NDCI,0.05259544759304259,3.30501,0.5191727778725663,True,True,S2B_MSIL1C_20210915T100629_N0500_R022_T34VCM_20230117T080028,9
erken_s2_chlf_matchup_analysis_v1.0,2021-09-15,2021,pre_2023,ACOLITE,MCI,-0.0005414209018150956,3.30501,0.5191727778725663,True,True,S2B_MSIL1C_20210915T100629_N0500_R022_T34VCM_20230117T080028,9
erken_s2_chlf_matchup_analysis_v1.0,2021-09-25,2021,pre_2023,L1C,NDCI,-0.11189739053516143,1.98507,0.2977758259997459,True,True,S2B_MSIL1C_20210925T101019_N0500_R022_T34VCM_20230113T183335,9
erken_s2_chlf_matchup_analysis_v1.0,2021-09-25,2021,pre_2023,L1C,MCI,-0.0008100000000000017,1.98507,0.2977758259997459,True,True,S2B_MSIL1C_20210925T101019_N0500_R022_T34VCM_20230113T183335,9
erken_s2_chlf_matchup_analysis_v1.0,2021-09-25,2021,pre_2023,L2A,NDCI,-0.7333333333333334,1.98507,0.2977758259997459,True,True,S2B_MSIL2A_20210925T101019_N0500_R022_T34VCM_20230114T073621,9
erken_s2_chlf_matchup_analysis_v1.0,2021-09-25,2021,pre_2023,L2A,MCI,-0.00023333333333333339,1.98507,0.2977758259997459,True,True,S2B_MSIL2A_20210925T101019_N0500_R022_T34VCM_20230114T073621,9
erken_s2_chlf_matchup_analysis_v1.0,2021-09-25,2021,pre_2023,ACOLITE,NDCI,-0.12711981538713826,1.98507,0.2977758259997459,True,True,S2B_MSIL1C_20210925T101019_N0500_R022_T34VCM_20230113T183335,9
erken_s2_chlf_matchup_analysis_v1.0,2021-09-25,2021,pre_2023,ACOLITE,MCI,-0.00014594330762823446,1.98507,0.2977758259997459,True,True,S2B_MSIL1C_20210925T101019_N0500_R022_T34VCM_20230113T183335,9
erken_s2_chlf_matchup_analysis_v1.0,2021-10-08,2021,pre_2023,L1C,NDCI,-0.10609799083538955,1.21004,0.0827997269215291,True,True,S2B_MSIL1C_20211008T101829_N0500_R065_T34VCM_20230106T215021,9
erken_s2_chlf_matchup_analysis_v1.0,2021-10-08,2021,pre_2023,L1C,MCI,-0.0014166666666666668,1.21004,0.0827997269215291,True,True,S2B_MSIL1C_20211008T101829_N0500_R065_T34VCM_20230106T215021,9
erken_s2_chlf_matchup_analysis_v1.0,2021-10-08,2021,pre_2023,L2A,NDCI,-0.1896551724137931,1.21004,0.0827997269215291,True,True,S2B_MSIL2A_20211008T101829_N0500_R065_T34VCM_20230107T082135,9
erken_s2_chlf_matchup_analysis_v1.0,2021-10-08,2021,pre_2023,L2A,MCI,0.0004066666666666667,1.21004,0.0827997269215291,True,True,S2B_MSIL2A_20211008T101829_N0500_R065_T34VCM_20230107T082135,9
erken_s2_chlf_matchup_analysis_v1.0,2021-10-08,2021,pre_2023,ACOLITE,NDCI,-0.10848165476444895,1.21004,0.0827997269215291,True,True,S2B_MSIL1C_20211008T101829_N0500_R065_T34VCM_20230106T215021,9
erken_s2_chlf_matchup_analysis_v1.0,2021-10-08,2021,pre_2023,ACOLITE,MCI,-0.0005340270387629671,1.21004,0.0827997269215291,True,True,S2B_MSIL1C_20211008T101829_N0500_R065_T34VCM_20230106T215021,9
erken_s2_chlf_matchup_analysis_v1.0,2021-10-13,2021,pre_2023,L1C,NDCI,-0.08348567946374164,2.31037,0.363681536641343,True,True,S2A_MSIL1C_20211013T101951_N0500_R065_T34VCM_20230114T211356,9
erken_s2_chlf_matchup_analysis_v1.0,2021-10-13,2021,pre_2023,L1C,MCI,-0.0013283333333333341,2.31037,0.363681536641343,True,True,S2A_MSIL1C_20211013T101951_N0500_R065_T34VCM_20230114T211356,9
erken_s2_chlf_matchup_analysis_v1.0,2021-10-13,2021,pre_2023,L2A,NDCI,-0.10994764397905757,2.31037,0.363681536641343,True,True,S2A_MSIL2A_20211013T101951_N0500_R065_T34VCM_20230115T025636,9
erken_s2_chlf_matchup_analysis_v1.0,2021-10-13,2021,pre_2023,L2A,MCI,-0.0003599999999999992,2.31037,0.363681536641343,True,True,S2A_MSIL2A_20211013T101951_N0500_R065_T34VCM_20230115T025636,9
erken_s2_chlf_matchup_analysis_v1.0,2021-10-13,2021,pre_2023,ACOLITE,NDCI,-0.11947243812391259,2.31037,0.363681536641343,True,True,S2A_MSIL1C_20211013T101951_N0500_R065_T34VCM_20230114T211356,9
erken_s2_chlf_matchup_analysis_v1.0,2021-10-13,2021,pre_2023,ACOLITE,MCI,-0.0009048927885790667,2.31037,0.363681536641343,True,True,S2A_MSIL1C_20211013T101951_N0500_R065_T34VCM_20230114T211356,9
erken_s2_chlf_matchup_analysis_v1.0,2021-10-18,2021,pre_2023,L1C,NDCI,-0.08640321500334902,2.56804,0.40960178405568765,True,True,S2B_MSIL1C_20211018T101939_N0500_R065_T34VCM_20230110T151113,9
erken_s2_chlf_matchup_analysis_v1.0,2021-10-18,2021,pre_2023,L1C,MCI,-0.0001433333333333356,2.56804,0.40960178405568765,True,True,S2B_MSIL1C_20211018T101939_N0500_R065_T34VCM_20230110T151113,9
erken_s2_chlf_matchup_analysis_v1.0,2021-10-18,2021,pre_2023,L2A,NDCI,-0.4368932038834952,2.56804,0.40960178405568765,True,True,S2B_MSIL2A_20211018T101939_N0500_R065_T34VCM_20230111T001402,9
erken_s2_chlf_matchup_analysis_v1.0,2021-10-18,2021,pre_2023,L2A,MCI,7.999999999999978e-05,2.56804,0.40960178405568765,True,True,S2B_MSIL2A_20211018T101939_N0500_R065_T34VCM_20230111T001402,9
erken_s2_chlf_matchup_analysis_v1.0,2021-10-18,2021,pre_2023,ACOLITE,NDCI,-0.07853375191527462,2.56804,0.40960178405568765,True,True,S2B_MSIL1C_20211018T101939_N0500_R065_T34VCM_20230110T151113,9
erken_s2_chlf_matchup_analysis_v1.0,2021-10-18,2021,pre_2023,ACOLITE,MCI,0.00032397943238417215,2.56804,0.40960178405568765,True,True,S2B_MSIL1C_20211018T101939_N0500_R065_T34VCM_20230110T151113,9
erken_s2_chlf_matchup_analysis_v1.0,2021-10-23,2021,pre_2023,L1C,NDCI,-0.05727699530516432,2.70546,0.4322411173084469,True,False,S2A_MSIL1C_20211023T102101_N0500_R065_T34VCM_20230104T080015,9
erken_s2_chlf_matchup_analysis_v1.0,2021-10-23,2021,pre_2023,L1C,MCI,0.0006433333333333291,2.70546,0.4322411173084469,True,False,S2A_MSIL1C_20211023T102101_N0500_R065_T34VCM_20230104T080015,9
erken_s2_chlf_matchup_analysis_v1.0,2021-10-23,2021,pre_2023,L2A,NDCI,-0.02046035805626595,2.70546,0.4322411173084469,True,False,S2A_MSIL2A_20211023T102101_N0500_R065_T34VCM_20230104T155031,9
erken_s2_chlf_matchup_analysis_v1.0,2021-10-23,2021,pre_2023,L2A,MCI,0.0028533333333333327,2.70546,0.4322411173084469,True,False,S2A_MSIL2A_20211023T102101_N0500_R065_T34VCM_20230104T155031,9
erken_s2_chlf_matchup_analysis_v1.0,2021-10-25,2021,pre_2023,L1C,NDCI,-0.09292035398230085,2.73981,0.43772044646540675,True,True,S2B_MSIL1C_20211025T101029_N0500_R022_T34VCM_20230103T015018,9
erken_s2_chlf_matchup_analysis_v1.0,2021-10-25,2021,pre_2023,L1C,MCI,-0.0016549999999999968,2.73981,0.43772044646540675,True,True,S2B_MSIL1C_20211025T101029_N0500_R022_T34VCM_20230103T015018,9
erken_s2_chlf_matchup_analysis_v1.0,2021-10-25,2021,pre_2023,L2A,NDCI,-0.22666666666666668,2.73981,0.43772044646540675,True,True,S2B_MSIL2A_20211025T101029_N0500_R022_T34VCM_20230103T124020,9
erken_s2_chlf_matchup_analysis_v1.0,2021-10-25,2021,pre_2023,L2A,MCI,-0.00038000000000000013,2.73981,0.43772044646540675,True,True,S2B_MSIL2A_20211025T101029_N0500_R022_T34VCM_20230103T124020,9
erken_s2_chlf_matchup_analysis_v1.0,2021-10-25,2021,pre_2023,ACOLITE,NDCI,-0.17248889974135692,2.73981,0.43772044646540675,True,True,S2B_MSIL1C_20211025T101029_N0500_R022_T34VCM_20230103T015018,9
erken_s2_chlf_matchup_analysis_v1.0,2021-10-25,2021,pre_2023,ACOLITE,MCI,-0.0006683229468762873,2.73981,0.43772044646540675,True,True,S2B_MSIL1C_20211025T101029_N0500_R022_T34VCM_20230103T015018,9
erken_s2_chlf_matchup_analysis_v1.0,2021-10-30,2021,pre_2023,L1C,NDCI,-0.06392199349945828,2.05321,0.312433370791454,True,True,S2A_MSIL1C_20211030T101141_N0500_R022_T34VCM_20230106T101931,9
erken_s2_chlf_matchup_analysis_v1.0,2021-10-30,2021,pre_2023,L1C,MCI,-0.0008866666666666745,2.05321,0.312433370791454,True,True,S2A_MSIL1C_20211030T101141_N0500_R022_T34VCM_20230106T101931,9
erken_s2_chlf_matchup_analysis_v1.0,2021-10-30,2021,pre_2023,L2A,NDCI,-0.05849582172701953,2.05321,0.312433370791454,True,True,S2A_MSIL2A_20211030T101141_N0500_R022_T34VCM_20230106T162512,9
erken_s2_chlf_matchup_analysis_v1.0,2021-10-30,2021,pre_2023,L2A,MCI,0.001026666666666667,2.05321,0.312433370791454,True,True,S2A_MSIL2A_20211030T101141_N0500_R022_T34VCM_20230106T162512,9
erken_s2_chlf_matchup_analysis_v1.0,2021-10-30,2021,pre_2023,ACOLITE,NDCI,-0.008544365322050317,2.05321,0.312433370791454,True,True,S2A_MSIL1C_20211030T101141_N0500_R022_T34VCM_20230106T101931,9
erken_s2_chlf_matchup_analysis_v1.0,2021-10-30,2021,pre_2023,ACOLITE,MCI,0.0007105726748704907,2.05321,0.312433370791454,True,True,S2A_MSIL1C_20211030T101141_N0500_R022_T34VCM_20230106T101931,9
erken_s2_chlf_matchup_analysis_v1.0,2021-11-12,2021,pre_2023,L1C,NDCI,-0.0914685314685315,1.25746,0.09949417897204238,True,True,S2A_MSIL1C_20211112T102251_N0500_R065_T34VCM_20221231T071728,9
erken_s2_chlf_matchup_analysis_v1.0,2021-11-12,2021,pre_2023,L1C,MCI,-0.0004766666666666669,1.25746,0.09949417897204238,True,True,S2A_MSIL1C_20211112T102251_N0500_R065_T34VCM_20221231T071728,9
erken_s2_chlf_matchup_analysis_v1.0,2021-11-12,2021,pre_2023,L2A,NDCI,-0.20731707317073175,1.25746,0.09949417897204238,True,True,S2A_MSIL2A_20211112T102251_N0500_R065_T34VCM_20221231T115046,9
erken_s2_chlf_matchup_analysis_v1.0,2021-11-12,2021,pre_2023,L2A,MCI,0.00098,1.25746,0.09949417897204238,True,True,S2A_MSIL2A_20211112T102251_N0500_R065_T34VCM_20221231T115046,9
erken_s2_chlf_matchup_analysis_v1.0,2021-11-12,2021,pre_2023,ACOLITE,NDCI,-0.08959496894846013,1.25746,0.09949417897204238,True,True,S2A_MSIL1C_20211112T102251_N0500_R065_T34VCM_20221231T071728,9
erken_s2_chlf_matchup_analysis_v1.0,2021-11-12,2021,pre_2023,ACOLITE,MCI,2.361486355463658e-05,1.25746,0.09949417897204238,True,True,S2A_MSIL1C_20211112T102251_N0500_R065_T34VCM_20221231T071728,9
erken_s2_chlf_matchup_analysis_v1.0,2021-11-22,2021,pre_2023,L1C,NDCI,-0.05829796738887651,0.690214,-0.1610162359151739,True,False,S2A_MSIL1C_20211122T102331_N0500_R065_T34VCM_20221229T195455,9
erken_s2_chlf_matchup_analysis_v1.0,2021-11-22,2021,pre_2023,L1C,MCI,-0.0002683333333333357,0.690214,-0.1610162359151739,True,False,S2A_MSIL1C_20211122T102331_N0500_R065_T34VCM_20221229T195455,9
erken_s2_chlf_matchup_analysis_v1.0,2021-11-22,2021,pre_2023,L2A,NDCI,-0.10622710622710621,0.690214,-0.1610162359151739,True,False,S2A_MSIL2A_20211122T102331_N0500_R065_T34VCM_20221229T221536,9
erken_s2_chlf_matchup_analysis_v1.0,2021-11-22,2021,pre_2023,L2A,MCI,0.0005466666666666658,0.690214,-0.1610162359151739,True,False,S2A_MSIL2A_20211122T102331_N0500_R065_T34VCM_20221229T221536,9
erken_s2_chlf_matchup_analysis_v1.0,2021-12-04,2021,pre_2023,L1C,NDCI,-0.0745011898224418,2.74,0.437750562820388,True,False,S2B_MSIL1C_20211204T101309_N0500_R022_T34VCM_20221223T195742,9
erken_s2_chlf_matchup_analysis_v1.0,2021-12-04,2021,pre_2023,L1C,MCI,-0.0010583333333333278,2.74,0.437750562820388,True,False,S2B_MSIL1C_20211204T101309_N0500_R022_T34VCM_20221223T195742,9
erken_s2_chlf_matchup_analysis_v1.0,2021-12-04,2021,pre_2023,L2A,NDCI,-0.09252217997465147,2.74,0.437750562820388,True,False,S2B_MSIL2A_20211204T101309_N0500_R022_T34VCM_20221224T020344,9
erken_s2_chlf_matchup_analysis_v1.0,2021-12-04,2021,pre_2023,L2A,MCI,-5.9999999999997555e-05,2.74,0.437750562820388,True,False,S2B_MSIL2A_20211204T101309_N0500_R022_T34VCM_20221224T020344,9
erken_s2_chlf_matchup_analysis_v1.0,2022-04-18,2022,pre_2023,L1C,NDCI,-0.07961165048543689,6.54107,0.8156487968083245,True,True,S2A_MSIL1C_20220418T100601_N0510_R022_T34VCM_20240605T000525,9
erken_s2_chlf_matchup_analysis_v1.0,2022-04-18,2022,pre_2023,L1C,MCI,-0.0001349999999999997,6.54107,0.8156487968083245,True,True,S2A_MSIL1C_20220418T100601_N0510_R022_T34VCM_20240605T000525,9
erken_s2_chlf_matchup_analysis_v1.0,2022-04-18,2022,pre_2023,L2A,NDCI,-0.013333333333333312,6.54107,0.8156487968083245,True,True,S2A_MSIL2A_20220418T100601_N0510_R022_T34VCM_20240605T031409,9
erken_s2_chlf_matchup_analysis_v1.0,2022-04-18,2022,pre_2023,L2A,MCI,0.0007066666666666666,6.54107,0.8156487968083245,True,True,S2A_MSIL2A_20220418T100601_N0510_R022_T34VCM_20240605T031409,9
erken_s2_chlf_matchup_analysis_v1.0,2022-04-18,2022,pre_2023,ACOLITE,NDCI,-0.00046939424954764783,6.54107,0.8156487968083245,True,True,S2A_MSIL1C_20220418T100601_N0510_R022_T34VCM_20240605T000525,9
erken_s2_chlf_matchup_analysis_v1.0,2022-04-18,2022,pre_2023,ACOLITE,MCI,0.00036457047487298624,6.54107,0.8156487968083245,True,True,S2A_MSIL1C_20220418T100601_N0510_R022_T34VCM_20240605T000525,9
erken_s2_chlf_matchup_analysis_v1.0,2022-04-21,2022,pre_2023,L1C,NDCI,-0.06183368869936034,7.10355,0.8514754416913055,True,True,S2A_MSIL1C_20220421T101601_N0510_R065_T34VCM_20240619T094715,9
erken_s2_chlf_matchup_analysis_v1.0,2022-04-21,2022,pre_2023,L1C,MCI,0.00015833333333333324,7.10355,0.8514754416913055,True,True,S2A_MSIL1C_20220421T101601_N0510_R065_T34VCM_20240619T094715,9
erken_s2_chlf_matchup_analysis_v1.0,2022-04-21,2022,pre_2023,L2A,NDCI,-0.02590673575129536,7.10355,0.8514754416913055,True,True,S2A_MSIL2A_20220421T101601_N0510_R065_T34VCM_20240619T155847,9
erken_s2_chlf_matchup_analysis_v1.0,2022-04-21,2022,pre_2023,L2A,MCI,0.0008533333333333344,7.10355,0.8514754416913055,True,True,S2A_MSIL2A_20220421T101601_N0510_R065_T34VCM_20240619T155847,9
erken_s2_chlf_matchup_analysis_v1.0,2022-04-21,2022,pre_2023,ACOLITE,NDCI,-0.004506483803633224,7.10355,0.8514754416913055,True,True,S2A_MSIL1C_20220421T101601_N0510_R065_T34VCM_20240619T094715,9
erken_s2_chlf_matchup_analysis_v1.0,2022-04-21,2022,pre_2023,ACOLITE,MCI,0.0006092768162488937,7.10355,0.8514754416913055,True,True,S2A_MSIL1C_20220421T101601_N0510_R065_T34VCM_20240619T094715,9
erken_s2_chlf_matchup_analysis_v1.0,2022-05-03,2022,pre_2023,L1C,NDCI,-0.055954088952654246,3.18135,0.5026114511592215,True,True,S2B_MSIL1C_20220503T100549_N0510_R022_T34VCM_20240610T224557,9
erken_s2_chlf_matchup_analysis_v1.0,2022-05-03,2022,pre_2023,L1C,MCI,-0.00034999999999999615,3.18135,0.5026114511592215,True,True,S2B_MSIL1C_20220503T100549_N0510_R022_T34VCM_20240610T224557,9
erken_s2_chlf_matchup_analysis_v1.0,2022-05-03,2022,pre_2023,L2A,NDCI,-0.038167938931297746,3.18135,0.5026114511592215,True,True,S2B_MSIL2A_20220503T100549_N0510_R022_T34VCM_20240611T022933,9
erken_s2_chlf_matchup_analysis_v1.0,2022-05-03,2022,pre_2023,L2A,MCI,-6.0000000000001025e-05,3.18135,0.5026114511592215,True,True,S2B_MSIL2A_20220503T100549_N0510_R022_T34VCM_20240611T022933,9
erken_s2_chlf_matchup_analysis_v1.0,2022-05-03,2022,pre_2023,ACOLITE,NDCI,-0.037740442684586706,3.18135,0.5026114511592215,True,True,S2B_MSIL1C_20220503T100549_N0510_R022_T34VCM_20240610T224557,9
erken_s2_chlf_matchup_analysis_v1.0,2022-05-03,2022,pre_2023,ACOLITE,MCI,-0.0001827680195371304,3.18135,0.5026114511592215,True,True,S2B_MSIL1C_20220503T100549_N0510_R022_T34VCM_20240610T224557,9
erken_s2_chlf_matchup_analysis_v1.0,2022-05-06,2022,pre_2023,L1C,NDCI,-0.06590004422821759,2.92844,0.4666363303151974,True,True,S2B_MSIL1C_20220506T101559_N0510_R065_T34VCM_20240612T152624,9
erken_s2_chlf_matchup_analysis_v1.0,2022-05-06,2022,pre_2023,L1C,MCI,-0.0009800000000000017,2.92844,0.4666363303151974,True,True,S2B_MSIL1C_20220506T101559_N0510_R065_T34VCM_20240612T152624,9
erken_s2_chlf_matchup_analysis_v1.0,2022-05-06,2022,pre_2023,L2A,NDCI,0.009090909090909115,2.92844,0.4666363303151974,True,True,S2B_MSIL2A_20220506T101559_N0510_R065_T34VCM_20240612T204458,9
erken_s2_chlf_matchup_analysis_v1.0,2022-05-06,2022,pre_2023,L2A,MCI,6.6666666666652385e-06,2.92844,0.4666363303151974,True,True,S2B_MSIL2A_20220506T101559_N0510_R065_T34VCM_20240612T204458,9
erken_s2_chlf_matchup_analysis_v1.0,2022-05-06,2022,pre_2023,ACOLITE,NDCI,-0.00671927786731274,2.92844,0.4666363303151974,True,True,S2B_MSIL1C_20220506T101559_N0510_R065_T34VCM_20240612T152624,9
erken_s2_chlf_matchup_analysis_v1.0,2022-05-06,2022,pre_2023,ACOLITE,MCI,-0.0008122722618281843,2.92844,0.4666363303151974,True,True,S2B_MSIL1C_20220506T101559_N0510_R065_T34VCM_20240612T152624,9
erken_s2_chlf_matchup_analysis_v1.0,2022-05-11,2022,pre_2023,L1C,NDCI,-0.06389301634472509,3.16565,0.5004628967956916,True,True,S2A_MSIL1C_20220511T101601_N0510_R065_T34VCM_20240617T083749,9
erken_s2_chlf_matchup_analysis_v1.0,2022-05-11,2022,pre_2023,L1C,MCI,-3.333333333332966e-05,3.16565,0.5004628967956916,True,True,S2A_MSIL1C_20220511T101601_N0510_R065_T34VCM_20240617T083749,9
erken_s2_chlf_matchup_analysis_v1.0,2022-05-11,2022,pre_2023,L2A,NDCI,-0.025316455696202486,3.16565,0.5004628967956916,True,True,S2A_MSIL2A_20220511T101601_N0510_R065_T34VCM_20240617T140748,9
erken_s2_chlf_matchup_analysis_v1.0,2022-05-11,2022,pre_2023,L2A,MCI,0.0012799999999999999,3.16565,0.5004628967956916,True,True,S2A_MSIL2A_20220511T101601_N0510_R065_T34VCM_20240617T140748,9
erken_s2_chlf_matchup_analysis_v1.0,2022-05-11,2022,pre_2023,ACOLITE,NDCI,-0.04703890671416571,3.16565,0.5004628967956916,True,True,S2A_MSIL1C_20220511T101601_N0510_R065_T34VCM_20240617T083749,9
erken_s2_chlf_matchup_analysis_v1.0,2022-05-11,2022,pre_2023,ACOLITE,MCI,0.00011992299308379549,3.16565,0.5004628967956916,True,True,S2A_MSIL1C_20220511T101601_N0510_R065_T34VCM_20240617T083749,9
erken_s2_chlf_matchup_analysis_v1.0,2022-05-16,2022,pre_2023,L1C,NDCI,-0.0389884088514225,2.88147,0.45961410234795597,True,False,S2B_MSIL1C_20220516T101559_N0510_R065_T34VCM_20240611T033627,9
erken_s2_chlf_matchup_analysis_v1.0,2022-05-16,2022,pre_2023,L1C,MCI,-0.0015616666666666695,2.88147,0.45961410234795597,True,False,S2B_MSIL1C_20220516T101559_N0510_R065_T34VCM_20240611T033627,9
erken_s2_chlf_matchup_analysis_v1.0,2022-05-16,2022,pre_2023,L2A,NDCI,-0.02046384720327423,2.88147,0.45961410234795597,True,False,S2B_MSIL2A_20220516T101559_N0510_R065_T34VCM_20240611T084724,9
erken_s2_chlf_matchup_analysis_v1.0,2022-05-16,2022,pre_2023,L2A,MCI,-3.333333333333313e-05,2.88147,0.45961410234795597,True,False,S2B_MSIL2A_20220516T101559_N0510_R065_T34VCM_20240611T084724,9
erken_s2_chlf_matchup_analysis_v1.0,2022-05-18,2022,pre_2023,L1C,NDCI,-0.06602870813397126,2.52819,0.40280970918742043,True,True,S2A_MSIL1C_20220518T100601_N0510_R022_T34VCM_20240618T192154,9
erken_s2_chlf_matchup_analysis_v1.0,2022-05-18,2022,pre_2023,L1C,MCI,-0.00015999999999999695,2.52819,0.40280970918742043,True,True,S2A_MSIL1C_20220518T100601_N0510_R022_T34VCM_20240618T192154,9
erken_s2_chlf_matchup_analysis_v1.0,2022-05-18,2022,pre_2023,L2A,NDCI,-0.0596026490066225,2.52819,0.40280970918742043,True,True,S2A_MSIL2A_20220518T100601_N0510_R022_T34VCM_20240619T015458,9
erken_s2_chlf_matchup_analysis_v1.0,2022-05-18,2022,pre_2023,L2A,MCI,0.0005733333333333337,2.52819,0.40280970918742043,True,True,S2A_MSIL2A_20220518T100601_N0510_R022_T34VCM_20240619T015458,9
erken_s2_chlf_matchup_analysis_v1.0,2022-05-18,2022,pre_2023,ACOLITE,NDCI,-0.007498102773366155,2.52819,0.40280970918742043,True,True,S2A_MSIL1C_20220518T100601_N0510_R022_T34VCM_20240618T192154,9
erken_s2_chlf_matchup_analysis_v1.0,2022-05-18,2022,pre_2023,ACOLITE,MCI,0.00019485875964164734,2.52819,0.40280970918742043,True,True,S2A_MSIL1C_20220518T100601_N0510_R022_T34VCM_20240618T192154,9
erken_s2_chlf_matchup_analysis_v1.0,2022-05-23,2022,pre_2023,L1C,NDCI,-0.0701402805611223,2.36619,0.37404961461082353,True,True,S2B_MSIL1C_20220523T100559_N0510_R022_T34VCM_20240615T150016,9
erken_s2_chlf_matchup_analysis_v1.0,2022-05-23,2022,pre_2023,L1C,MCI,-0.0008733333333333336,2.36619,0.37404961461082353,True,True,S2B_MSIL1C_20220523T100559_N0510_R022_T34VCM_20240615T150016,9
erken_s2_chlf_matchup_analysis_v1.0,2022-05-23,2022,pre_2023,L2A,NDCI,-0.02479338842975206,2.36619,0.37404961461082353,True,True,S2B_MSIL2A_20220523T100559_N0510_R022_T34VCM_20240615T181903,9
erken_s2_chlf_matchup_analysis_v1.0,2022-05-23,2022,pre_2023,L2A,MCI,0.00024666666666666587,2.36619,0.37404961461082353,True,True,S2B_MSIL2A_20220523T100559_N0510_R022_T34VCM_20240615T181903,9
erken_s2_chlf_matchup_analysis_v1.0,2022-05-23,2022,pre_2023,ACOLITE,NDCI,-0.026133380090109366,2.36619,0.37404961461082353,True,True,S2B_MSIL1C_20220523T100559_N0510_R022_T34VCM_20240615T150016,9
erken_s2_chlf_matchup_analysis_v1.0,2022-05-23,2022,pre_2023,ACOLITE,MCI,-0.0006916778162121776,2.36619,0.37404961461082353,True,True,S2B_MSIL1C_20220523T100559_N0510_R022_T34VCM_20240615T150016,9
erken_s2_chlf_matchup_analysis_v1.0,2022-06-05,2022,pre_2023,L1C,NDCI,-0.04025764895330117,2.32077,0.3656321018172434,True,False,S2B_MSIL1C_20220605T101559_N0510_R065_T34VCM_20240629T185114,9
erken_s2_chlf_matchup_analysis_v1.0,2022-06-05,2022,pre_2023,L1C,MCI,-0.0018033333333333373,2.32077,0.3656321018172434,True,False,S2B_MSIL1C_20220605T101559_N0510_R065_T34VCM_20240629T185114,9
erken_s2_chlf_matchup_analysis_v1.0,2022-06-05,2022,pre_2023,L2A,NDCI,0.0029673590504450866,2.32077,0.3656321018172434,True,False,S2B_MSIL2A_20220605T101559_N0510_R065_T34VCM_20240630T004608,9
erken_s2_chlf_matchup_analysis_v1.0,2022-06-05,2022,pre_2023,L2A,MCI,0.0008400000000000005,2.32077,0.3656321018172434,True,False,S2B_MSIL2A_20220605T101559_N0510_R065_T34VCM_20240630T004608,9
erken_s2_chlf_matchup_analysis_v1.0,2022-06-12,2022,pre_2023,L1C,NDCI,-0.06539833531510104,1.37456,0.13816370169145015,True,True,S2B_MSIL1C_20220612T100559_N0510_R022_T34VCM_20240702T024330,9
erken_s2_chlf_matchup_analysis_v1.0,2022-06-12,2022,pre_2023,L1C,MCI,-0.0015349999999999947,1.37456,0.13816370169145015,True,True,S2B_MSIL1C_20220612T100559_N0510_R022_T34VCM_20240702T024330,9
erken_s2_chlf_matchup_analysis_v1.0,2022-06-12,2022,pre_2023,L2A,NDCI,-0.048218029350104816,1.37456,0.13816370169145015,True,True,S2B_MSIL2A_20220612T100559_N0510_R022_T34VCM_20240702T053752,9
erken_s2_chlf_matchup_analysis_v1.0,2022-06-12,2022,pre_2023,L2A,MCI,0.0012933333333333338,1.37456,0.13816370169145015,True,True,S2B_MSIL2A_20220612T100559_N0510_R022_T34VCM_20240702T053752,9
erken_s2_chlf_matchup_analysis_v1.0,2022-06-12,2022,pre_2023,ACOLITE,NDCI,-0.0699004016862261,1.37456,0.13816370169145015,True,True,S2B_MSIL1C_20220612T100559_N0510_R022_T34VCM_20240702T024330,9
erken_s2_chlf_matchup_analysis_v1.0,2022-06-12,2022,pre_2023,ACOLITE,MCI,-0.00127027165144682,1.37456,0.13816370169145015,True,True,S2B_MSIL1C_20220612T100559_N0510_R022_T34VCM_20240702T024330,9
erken_s2_chlf_matchup_analysis_v1.0,2022-06-15,2022,pre_2023,L1C,NDCI,-0.0819672131147541,1.37253,0.13752184579394558,True,True,S2B_MSIL1C_20220615T101559_N0510_R065_T34VCM_20240707T140901,9
erken_s2_chlf_matchup_analysis_v1.0,2022-06-15,2022,pre_2023,L1C,MCI,-0.0016916666666666677,1.37253,0.13752184579394558,True,True,S2B_MSIL1C_20220615T101559_N0510_R065_T34VCM_20240707T140901,9
erken_s2_chlf_matchup_analysis_v1.0,2022-06-15,2022,pre_2023,L2A,NDCI,-0.07407407407407403,1.37253,0.13752184579394558,True,True,S2B_MSIL2A_20220615T101559_N0510_R065_T34VCM_20240707T201732,9
erken_s2_chlf_matchup_analysis_v1.0,2022-06-15,2022,pre_2023,L2A,MCI,-0.0004066666666666663,1.37253,0.13752184579394558,True,True,S2B_MSIL2A_20220615T101559_N0510_R065_T34VCM_20240707T201732,9
erken_s2_chlf_matchup_analysis_v1.0,2022-06-15,2022,pre_2023,ACOLITE,NDCI,-0.011572048123711574,1.37253,0.13752184579394558,True,True,S2B_MSIL1C_20220615T101559_N0510_R065_T34VCM_20240707T140901,9
erken_s2_chlf_matchup_analysis_v1.0,2022-06-15,2022,pre_2023,ACOLITE,MCI,-0.0011897166570027668,1.37253,0.13752184579394558,True,True,S2B_MSIL1C_20220615T101559_N0510_R065_T34VCM_20240707T140901,9
erken_s2_chlf_matchup_analysis_v1.0,2022-06-25,2022,pre_2023,L1C,NDCI,-0.0681114551083592,1.73685,0.23976231298639886,True,True,S2B_MSIL1C_20220625T101559_N0510_R065_T34VCM_20240629T052317,9
erken_s2_chlf_matchup_analysis_v1.0,2022-06-25,2022,pre_2023,L1C,MCI,-0.0013383333333333303,1.73685,0.23976231298639886,True,True,S2B_MSIL1C_20220625T101559_N0510_R065_T34VCM_20240629T052317,9
erken_s2_chlf_matchup_analysis_v1.0,2022-06-25,2022,pre_2023,L2A,NDCI,-0.01492537313432837,1.73685,0.23976231298639886,True,True,S2B_MSIL2A_20220625T101559_N0510_R065_T34VCM_20240629T115118,9
erken_s2_chlf_matchup_analysis_v1.0,2022-06-25,2022,pre_2023,L2A,MCI,0.0007799999999999994,1.73685,0.23976231298639886,True,True,S2B_MSIL2A_20220625T101559_N0510_R065_T34VCM_20240629T115118,9
erken_s2_chlf_matchup_analysis_v1.0,2022-06-25,2022,pre_2023,ACOLITE,NDCI,-0.023361681335580538,1.73685,0.23976231298639886,True,True,S2B_MSIL1C_20220625T101559_N0510_R065_T34VCM_20240629T052317,9
erken_s2_chlf_matchup_analysis_v1.0,2022-06-25,2022,pre_2023,ACOLITE,MCI,-0.001345935339728991,1.73685,0.23976231298639886,True,True,S2B_MSIL1C_20220625T101559_N0510_R065_T34VCM_20240629T052317,9
erken_s2_chlf_matchup_analysis_v1.0,2022-06-30,2022,pre_2023,L1C,NDCI,-0.05660377358490563,2.86546,0.4571943503611998,True,True,S2A_MSIL1C_20220630T102041_N0510_R065_T34VCM_20240702T183513,9
erken_s2_chlf_matchup_analysis_v1.0,2022-06-30,2022,pre_2023,L1C,MCI,-0.00463333333333333,2.86546,0.4571943503611998,True,True,S2A_MSIL1C_20220630T102041_N0510_R065_T34VCM_20240702T183513,9
erken_s2_chlf_matchup_analysis_v1.0,2022-06-30,2022,pre_2023,L2A,NDCI,0.0088495575221239,2.86546,0.4571943503611998,True,True,S2A_MSIL2A_20220630T102041_N0510_R065_T34VCM_20240703T001206,9
erken_s2_chlf_matchup_analysis_v1.0,2022-06-30,2022,pre_2023,L2A,MCI,0.0014066666666666672,2.86546,0.4571943503611998,True,True,S2A_MSIL2A_20220630T102041_N0510_R065_T34VCM_20240703T001206,9
erken_s2_chlf_matchup_analysis_v1.0,2022-06-30,2022,pre_2023,ACOLITE,NDCI,0.006119699864096596,2.86546,0.4571943503611998,True,True,S2A_MSIL1C_20220630T102041_N0510_R065_T34VCM_20240702T183513,9
erken_s2_chlf_matchup_analysis_v1.0,2022-06-30,2022,pre_2023,ACOLITE,MCI,-0.004467984785636266,2.86546,0.4571943503611998,True,True,S2A_MSIL1C_20220630T102041_N0510_R065_T34VCM_20240702T183513,9
erken_s2_chlf_matchup_analysis_v1.0,2022-07-12,2022,pre_2023,L1C,NDCI,-0.06392523364485983,5.57172,0.745989283360258,True,True,S2B_MSIL1C_20220712T100559_N0510_R022_T34VCM_20240718T033027,9
erken_s2_chlf_matchup_analysis_v1.0,2022-07-12,2022,pre_2023,L1C,MCI,-0.0016133333333333347,5.57172,0.745989283360258,True,True,S2B_MSIL1C_20220712T100559_N0510_R022_T34VCM_20240718T033027,9
erken_s2_chlf_matchup_analysis_v1.0,2022-07-12,2022,pre_2023,L2A,NDCI,-0.023391812865497137,5.57172,0.745989283360258,True,True,S2B_MSIL2A_20220712T100559_N0510_R022_T34VCM_20240718T063657,9
erken_s2_chlf_matchup_analysis_v1.0,2022-07-12,2022,pre_2023,L2A,MCI,-0.0001066666666666681,5.57172,0.745989283360258,True,True,S2B_MSIL2A_20220712T100559_N0510_R022_T34VCM_20240718T063657,9
erken_s2_chlf_matchup_analysis_v1.0,2022-07-12,2022,pre_2023,ACOLITE,NDCI,-0.008355057209236374,5.57172,0.745989283360258,True,True,S2B_MSIL1C_20220712T100559_N0510_R022_T34VCM_20240718T033027,9
erken_s2_chlf_matchup_analysis_v1.0,2022-07-12,2022,pre_2023,ACOLITE,MCI,-0.0017186357329289116,5.57172,0.745989283360258,True,True,S2B_MSIL1C_20220712T100559_N0510_R022_T34VCM_20240718T033027,9
erken_s2_chlf_matchup_analysis_v1.0,2022-07-15,2022,pre_2023,L1C,NDCI,-0.002351238922047429,6.45479,0.809882117504877,True,False,S2B_MSIL1C_20220715T101559_N0510_R065_T34VCM_20240723T203442,9
erken_s2_chlf_matchup_analysis_v1.0,2022-07-15,2022,pre_2023,L1C,MCI,-0.005740000000000009,6.45479,0.809882117504877,True,False,S2B_MSIL1C_20220715T101559_N0510_R065_T34VCM_20240723T203442,9
erken_s2_chlf_matchup_analysis_v1.0,2022-07-15,2022,pre_2023,L2A,NDCI,0.02260638297872341,6.45479,0.809882117504877,True,False,S2B_MSIL2A_20220715T101559_N0510_R065_T34VCM_20240724T023217,9
erken_s2_chlf_matchup_analysis_v1.0,2022-07-15,2022,pre_2023,L2A,MCI,0.0037133333333333324,6.45479,0.809882117504877,True,False,S2B_MSIL2A_20220715T101559_N0510_R065_T34VCM_20240724T023217,9
erken_s2_chlf_matchup_analysis_v1.0,2022-07-17,2022,pre_2023,L1C,NDCI,-0.06379234491860976,6.83324,0.8346266744685116,True,True,S2A_MSIL1C_20220717T100611_N0510_R022_T34VCM_20240717T071431,9
erken_s2_chlf_matchup_analysis_v1.0,2022-07-17,2022,pre_2023,L1C,MCI,-0.0005183333333333325,6.83324,0.8346266744685116,True,True,S2A_MSIL1C_20220717T100611_N0510_R022_T34VCM_20240717T071431,9
erken_s2_chlf_matchup_analysis_v1.0,2022-07-17,2022,pre_2023,L2A,NDCI,0.017142857142857137,6.83324,0.8346266744685116,True,True,S2A_MSIL2A_20220717T100611_N0510_R022_T34VCM_20240717T130024,9
erken_s2_chlf_matchup_analysis_v1.0,2022-07-17,2022,pre_2023,L2A,MCI,0.0011866666666666657,6.83324,0.8346266744685116,True,True,S2A_MSIL2A_20220717T100611_N0510_R022_T34VCM_20240717T130024,9
erken_s2_chlf_matchup_analysis_v1.0,2022-07-17,2022,pre_2023,ACOLITE,NDCI,0.010452138185433049,6.83324,0.8346266744685116,True,True,S2A_MSIL1C_20220717T100611_N0510_R022_T34VCM_20240717T071431,9
erken_s2_chlf_matchup_analysis_v1.0,2022-07-17,2022,pre_2023,ACOLITE,MCI,4.2136168728271715e-05,6.83324,0.8346266744685116,True,True,S2A_MSIL1C_20220717T100611_N0510_R022_T34VCM_20240717T071431,9
erken_s2_chlf_matchup_analysis_v1.0,2022-07-20,2022,pre_2023,L1C,NDCI,-0.03391442155309029,16.9807,1.2299555893161307,True,True,S2A_MSIL1C_20220720T101611_N0510_R065_T34VCM_20240714T184614,9
erken_s2_chlf_matchup_analysis_v1.0,2022-07-20,2022,pre_2023,L1C,MCI,-0.003353333333333333,16.9807,1.2299555893161307,True,True,S2A_MSIL1C_20220720T101611_N0510_R065_T34VCM_20240714T184614,9
erken_s2_chlf_matchup_analysis_v1.0,2022-07-20,2022,pre_2023,L2A,NDCI,0.08882521489971343,16.9807,1.2299555893161307,True,True,S2A_MSIL2A_20220720T101611_N0510_R065_T34VCM_20240715T001059,9
erken_s2_chlf_matchup_analysis_v1.0,2022-07-20,2022,pre_2023,L2A,MCI,0.00020000000000000226,16.9807,1.2299555893161307,True,True,S2A_MSIL2A_20220720T101611_N0510_R065_T34VCM_20240715T001059,9
erken_s2_chlf_matchup_analysis_v1.0,2022-07-20,2022,pre_2023,ACOLITE,NDCI,0.09460276794049594,16.9807,1.2299555893161307,True,True,S2A_MSIL1C_20220720T101611_N0510_R065_T34VCM_20240714T184614,9
erken_s2_chlf_matchup_analysis_v1.0,2022-07-20,2022,pre_2023,ACOLITE,MCI,-0.0028056966761748,16.9807,1.2299555893161307,True,True,S2A_MSIL1C_20220720T101611_N0510_R065_T34VCM_20240714T184614,9
erken_s2_chlf_matchup_analysis_v1.0,2022-07-30,2022,pre_2023,L1C,NDCI,-0.05321683876092134,15.2335,1.1827996969049595,True,True,S2A_MSIL1C_20220730T101611_N0510_R065_T34VCM_20240716T185606,9
erken_s2_chlf_matchup_analysis_v1.0,2022-07-30,2022,pre_2023,L1C,MCI,-0.0001349999999999997,15.2335,1.1827996969049595,True,True,S2A_MSIL1C_20220730T101611_N0510_R065_T34VCM_20240716T185606,9
erken_s2_chlf_matchup_analysis_v1.0,2022-07-30,2022,pre_2023,L2A,NDCI,0.023437499999999993,15.2335,1.1827996969049595,True,True,S2A_MSIL2A_20220730T101611_N0510_R065_T34VCM_20240716T215056,9
erken_s2_chlf_matchup_analysis_v1.0,2022-07-30,2022,pre_2023,L2A,MCI,0.0028466666666666657,15.2335,1.1827996969049595,True,True,S2A_MSIL2A_20220730T101611_N0510_R065_T34VCM_20240716T215056,9
erken_s2_chlf_matchup_analysis_v1.0,2022-07-30,2022,pre_2023,ACOLITE,NDCI,0.071769769863291,15.2335,1.1827996969049595,True,True,S2A_MSIL1C_20220730T101611_N0510_R065_T34VCM_20240716T185606,9
erken_s2_chlf_matchup_analysis_v1.0,2022-07-30,2022,pre_2023,ACOLITE,MCI,0.0007596503011882303,15.2335,1.1827996969049595,True,True,S2A_MSIL1C_20220730T101611_N0510_R065_T34VCM_20240716T185606,9
erken_s2_chlf_matchup_analysis_v1.0,2022-08-01,2022,pre_2023,L1C,NDCI,-0.05958971019211986,18.1819,1.2596392648265275,True,True,S2B_MSIL1C_20220801T100559_N0510_R022_T34VCM_20240716T234117,9
erken_s2_chlf_matchup_analysis_v1.0,2022-08-01,2022,pre_2023,L1C,MCI,-0.00048166666666666497,18.1819,1.2596392648265275,True,True,S2B_MSIL1C_20220801T100559_N0510_R022_T34VCM_20240716T234117,9
erken_s2_chlf_matchup_analysis_v1.0,2022-08-01,2022,pre_2023,L2A,NDCI,-0.03571428571428575,18.1819,1.2596392648265275,True,True,S2B_MSIL2A_20220801T100559_N0510_R022_T34VCM_20240717T025845,9
erken_s2_chlf_matchup_analysis_v1.0,2022-08-01,2022,pre_2023,L2A,MCI,0.00392,18.1819,1.2596392648265275,True,True,S2B_MSIL2A_20220801T100559_N0510_R022_T34VCM_20240717T025845,9
erken_s2_chlf_matchup_analysis_v1.0,2022-08-01,2022,pre_2023,ACOLITE,NDCI,-0.00927278420943498,18.1819,1.2596392648265275,True,True,S2B_MSIL1C_20220801T100559_N0510_R022_T34VCM_20240716T234117,9
erken_s2_chlf_matchup_analysis_v1.0,2022-08-01,2022,pre_2023,ACOLITE,MCI,0.00034876608600219097,18.1819,1.2596392648265275,True,True,S2B_MSIL1C_20220801T100559_N0510_R022_T34VCM_20240716T234117,9
erken_s2_chlf_matchup_analysis_v1.0,2022-08-14,2022,pre_2023,L1C,NDCI,-0.0832517140058766,12.1309,1.0838930226748236,True,True,S2B_MSIL1C_20220814T101559_N0510_R065_T34VCM_20240707T151342,9
erken_s2_chlf_matchup_analysis_v1.0,2022-08-14,2022,pre_2023,L1C,MCI,-0.0007216666666666691,12.1309,1.0838930226748236,True,True,S2B_MSIL1C_20220814T101559_N0510_R065_T34VCM_20240707T151342,9
erken_s2_chlf_matchup_analysis_v1.0,2022-08-14,2022,pre_2023,L2A,NDCI,-0.029850746268656733,12.1309,1.0838930226748236,True,True,S2B_MSIL2A_20220814T101559_N0510_R065_T34VCM_20240707T220121,9
erken_s2_chlf_matchup_analysis_v1.0,2022-08-14,2022,pre_2023,L2A,MCI,0.0008733333333333336,12.1309,1.0838930226748236,True,True,S2B_MSIL2A_20220814T101559_N0510_R065_T34VCM_20240707T220121,9
erken_s2_chlf_matchup_analysis_v1.0,2022-08-14,2022,pre_2023,ACOLITE,NDCI,-0.00886213800420907,12.1309,1.0838930226748236,True,True,S2B_MSIL1C_20220814T101559_N0510_R065_T34VCM_20240707T151342,9
erken_s2_chlf_matchup_analysis_v1.0,2022-08-14,2022,pre_2023,ACOLITE,MCI,-7.984616483251283e-05,12.1309,1.0838930226748236,True,True,S2B_MSIL1C_20220814T101559_N0510_R065_T34VCM_20240707T151342,9
erken_s2_chlf_matchup_analysis_v1.0,2022-08-19,2022,pre_2023,L1C,NDCI,-0.07242136064374548,12.213,1.0868223570990618,True,True,S2A_MSIL1C_20220819T101611_N0510_R065_T34VCM_20240703T180641,9
erken_s2_chlf_matchup_analysis_v1.0,2022-08-19,2022,pre_2023,L1C,MCI,-0.0028400000000000022,12.213,1.0868223570990618,True,True,S2A_MSIL1C_20220819T101611_N0510_R065_T34VCM_20240703T180641,9
erken_s2_chlf_matchup_analysis_v1.0,2022-08-19,2022,pre_2023,L2A,NDCI,-0.022624434389140212,12.213,1.0868223570990618,True,True,S2A_MSIL2A_20220819T101611_N0510_R065_T34VCM_20240703T214954,9
erken_s2_chlf_matchup_analysis_v1.0,2022-08-19,2022,pre_2023,L2A,MCI,-0.0004666666666666673,12.213,1.0868223570990618,True,True,S2A_MSIL2A_20220819T101611_N0510_R065_T34VCM_20240703T214954,9
erken_s2_chlf_matchup_analysis_v1.0,2022-08-19,2022,pre_2023,ACOLITE,NDCI,-0.00595648098701114,12.213,1.0868223570990618,True,True,S2A_MSIL1C_20220819T101611_N0510_R065_T34VCM_20240703T180641,9
erken_s2_chlf_matchup_analysis_v1.0,2022-08-19,2022,pre_2023,ACOLITE,MCI,-0.0020839116225639977,12.213,1.0868223570990618,True,True,S2A_MSIL1C_20220819T101611_N0510_R065_T34VCM_20240703T180641,9
erken_s2_chlf_matchup_analysis_v1.0,2022-09-08,2022,pre_2023,L1C,NDCI,-0.09068923821039906,2.59266,0.41374556736501,True,True,S2A_MSIL1C_20220908T102031_N0510_R065_T34VCM_20240728T025426,9
erken_s2_chlf_matchup_analysis_v1.0,2022-09-08,2022,pre_2023,L1C,MCI,-8.500000000000174e-05,2.59266,0.41374556736501,True,True,S2A_MSIL1C_20220908T102031_N0510_R065_T34VCM_20240728T025426,9
erken_s2_chlf_matchup_analysis_v1.0,2022-09-08,2022,pre_2023,L2A,NDCI,-0.09947643979057595,2.59266,0.41374556736501,True,True,S2A_MSIL2A_20220908T102031_N0510_R065_T34VCM_20240728T081914,9
erken_s2_chlf_matchup_analysis_v1.0,2022-09-08,2022,pre_2023,L2A,MCI,0.0015600000000000006,2.59266,0.41374556736501,True,True,S2A_MSIL2A_20220908T102031_N0510_R065_T34VCM_20240728T081914,9
erken_s2_chlf_matchup_analysis_v1.0,2022-09-08,2022,pre_2023,ACOLITE,NDCI,-0.06604294302547098,2.59266,0.41374556736501,True,True,S2A_MSIL1C_20220908T102031_N0510_R065_T34VCM_20240728T025426,9
erken_s2_chlf_matchup_analysis_v1.0,2022-09-08,2022,pre_2023,ACOLITE,MCI,0.0005369389429688461,2.59266,0.41374556736501,True,True,S2A_MSIL1C_20220908T102031_N0510_R065_T34VCM_20240728T025426,9
erken_s2_chlf_matchup_analysis_v1.0,2022-09-28,2022,pre_2023,L1C,NDCI,-0.07720930232558142,4.06515,0.609076575261057,True,True,S2A_MSIL1C_20220928T101811_N0510_R065_T34VCM_20240725T175943,9
erken_s2_chlf_matchup_analysis_v1.0,2022-09-28,2022,pre_2023,L1C,MCI,-0.0009133333333333354,4.06515,0.609076575261057,True,True,S2A_MSIL1C_20220928T101811_N0510_R065_T34VCM_20240725T175943,9
erken_s2_chlf_matchup_analysis_v1.0,2022-09-28,2022,pre_2023,L2A,NDCI,-0.1224489795918367,4.06515,0.609076575261057,True,True,S2A_MSIL2A_20220928T101811_N0510_R065_T34VCM_20240726T010605,9
erken_s2_chlf_matchup_analysis_v1.0,2022-09-28,2022,pre_2023,L2A,MCI,0.0006466666666666669,4.06515,0.609076575261057,True,True,S2A_MSIL2A_20220928T101811_N0510_R065_T34VCM_20240726T010605,9
erken_s2_chlf_matchup_analysis_v1.0,2022-09-28,2022,pre_2023,ACOLITE,NDCI,-0.08596445946361672,4.06515,0.609076575261057,True,True,S2A_MSIL1C_20220928T101811_N0510_R065_T34VCM_20240725T175943,9
erken_s2_chlf_matchup_analysis_v1.0,2022-09-28,2022,pre_2023,ACOLITE,MCI,-0.0003019570062557861,4.06515,0.609076575261057,True,True,S2A_MSIL1C_20220928T101811_N0510_R065_T34VCM_20240725T175943,9
erken_s2_chlf_matchup_analysis_v1.0,2022-09-30,2022,pre_2023,L1C,NDCI,-0.09559434746467169,4.64922,0.6673800973823567,True,False,S2B_MSIL1C_20220930T100729_N0510_R022_T34VCM_20240726T061019,9
erken_s2_chlf_matchup_analysis_v1.0,2022-09-30,2022,pre_2023,L1C,MCI,-0.0011483333333333345,4.64922,0.6673800973823567,True,True,S2B_MSIL1C_20220930T100729_N0510_R022_T34VCM_20240726T061019,9
erken_s2_chlf_matchup_analysis_v1.0,2022-09-30,2022,pre_2023,L2A,MCI,-0.00014000000000000015,4.64922,0.6673800973823567,True,True,S2B_MSIL2A_20220930T100729_N0510_R022_T34VCM_20240726T123713,9
erken_s2_chlf_matchup_analysis_v1.0,2022-09-30,2022,pre_2023,ACOLITE,NDCI,-0.2062053180034245,4.64922,0.6673800973823567,True,False,S2B_MSIL1C_20220930T100729_N0510_R022_T34VCM_20240726T061019,9
erken_s2_chlf_matchup_analysis_v1.0,2022-09-30,2022,pre_2023,ACOLITE,MCI,-0.000740350030052165,4.64922,0.6673800973823567,True,True,S2B_MSIL1C_20220930T100729_N0510_R022_T34VCM_20240726T061019,9
erken_s2_chlf_matchup_analysis_v1.0,2022-10-03,2022,pre_2023,L1C,NDCI,-0.073140749846343,4.69594,0.6717225392967594,True,True,S2B_MSIL1C_20221003T101749_N0510_R065_T34VCM_20240722T213751,9
erken_s2_chlf_matchup_analysis_v1.0,2022-10-03,2022,pre_2023,L1C,MCI,-0.0013733333333333306,4.69594,0.6717225392967594,True,True,S2B_MSIL1C_20221003T101749_N0510_R065_T34VCM_20240722T213751,9
erken_s2_chlf_matchup_analysis_v1.0,2022-10-03,2022,pre_2023,L2A,NDCI,-0.18309859154929578,4.69594,0.6717225392967594,True,True,S2B_MSIL2A_20221003T101749_N0510_R065_T34VCM_20240723T043933,9
erken_s2_chlf_matchup_analysis_v1.0,2022-10-03,2022,pre_2023,L2A,MCI,0.0003600000000000001,4.69594,0.6717225392967594,True,True,S2B_MSIL2A_20221003T101749_N0510_R065_T34VCM_20240723T043933,9
erken_s2_chlf_matchup_analysis_v1.0,2022-10-03,2022,pre_2023,ACOLITE,NDCI,-0.04735769453578498,4.69594,0.6717225392967594,True,True,S2B_MSIL1C_20221003T101749_N0510_R065_T34VCM_20240722T213751,9
erken_s2_chlf_matchup_analysis_v1.0,2022-10-03,2022,pre_2023,ACOLITE,MCI,-0.0009173967875540263,4.69594,0.6717225392967594,True,True,S2B_MSIL1C_20221003T101749_N0510_R065_T34VCM_20240722T213751,9
erken_s2_chlf_matchup_analysis_v1.0,2022-10-08,2022,pre_2023,L1C,NDCI,-0.07514450867052029,4.6609,0.6684697852080462,True,True,S2A_MSIL1C_20221008T101931_N0510_R065_T34VCM_20240727T030031,9
erken_s2_chlf_matchup_analysis_v1.0,2022-10-08,2022,pre_2023,L1C,MCI,-0.00033999999999999655,4.6609,0.6684697852080462,True,True,S2A_MSIL1C_20221008T101931_N0510_R065_T34VCM_20240727T030031,9
erken_s2_chlf_matchup_analysis_v1.0,2022-10-08,2022,pre_2023,L2A,NDCI,-0.0666666666666667,4.6609,0.6684697852080462,True,True,S2A_MSIL2A_20221008T101931_N0510_R065_T34VCM_20240727T051721,7
erken_s2_chlf_matchup_analysis_v1.0,2022-10-08,2022,pre_2023,L2A,MCI,0.0007733333333333333,4.6609,0.6684697852080462,True,True,S2A_MSIL2A_20221008T101931_N0510_R065_T34VCM_20240727T051721,9
erken_s2_chlf_matchup_analysis_v1.0,2022-10-08,2022,pre_2023,ACOLITE,NDCI,0.05128040338395721,4.6609,0.6684697852080462,True,True,S2A_MSIL1C_20221008T101931_N0510_R065_T34VCM_20240727T030031,9
erken_s2_chlf_matchup_analysis_v1.0,2022-10-08,2022,pre_2023,ACOLITE,MCI,-0.0001644175499677658,4.6609,0.6684697852080462,True,True,S2A_MSIL1C_20221008T101931_N0510_R065_T34VCM_20240727T030031,9
erken_s2_chlf_matchup_analysis_v1.0,2022-10-10,2022,pre_2023,L1C,NDCI,-0.08948194662480376,5.67719,0.7541334291154524,True,False,S2B_MSIL1C_20221010T100839_N0510_R022_T34VCM_20240731T204200,9
erken_s2_chlf_matchup_analysis_v1.0,2022-10-10,2022,pre_2023,L1C,MCI,-0.0008933333333333328,5.67719,0.7541334291154524,True,True,S2B_MSIL1C_20221010T100839_N0510_R022_T34VCM_20240731T204200,9
erken_s2_chlf_matchup_analysis_v1.0,2022-10-10,2022,pre_2023,L2A,MCI,1.9999999999999836e-05,5.67719,0.7541334291154524,True,True,S2B_MSIL2A_20221010T100839_N0510_R022_T34VCM_20240801T023928,9
erken_s2_chlf_matchup_analysis_v1.0,2022-10-10,2022,pre_2023,ACOLITE,NDCI,-0.025132408250967624,5.67719,0.7541334291154524,True,False,S2B_MSIL1C_20221010T100839_N0510_R022_T34VCM_20240731T204200,9
erken_s2_chlf_matchup_analysis_v1.0,2022-10-10,2022,pre_2023,ACOLITE,MCI,-0.0003614450184007481,5.67719,0.7541334291154524,True,True,S2B_MSIL1C_20221010T100839_N0510_R022_T34VCM_20240731T204200,9
erken_s2_chlf_matchup_analysis_v1.0,2022-10-20,2022,pre_2023,L1C,NDCI,-0.11595783351508542,4.59765,0.6625359071563571,True,False,S2B_MSIL1C_20221020T100939_N0510_R022_T34VCM_20240721T175435,9
erken_s2_chlf_matchup_analysis_v1.0,2022-10-20,2022,pre_2023,L1C,MCI,-0.0012783333333333327,4.59765,0.6625359071563571,True,True,S2B_MSIL1C_20221020T100939_N0510_R022_T34VCM_20240721T175435,9
erken_s2_chlf_matchup_analysis_v1.0,2022-10-20,2022,pre_2023,L2A,MCI,-0.0009333333333333333,4.59765,0.6625359071563571,True,True,S2B_MSIL2A_20221020T100939_N0510_R022_T34VCM_20240721T213259,9
erken_s2_chlf_matchup_analysis_v1.0,2022-10-20,2022,pre_2023,ACOLITE,NDCI,-0.11323444796060943,4.59765,0.6625359071563571,True,False,S2B_MSIL1C_20221020T100939_N0510_R022_T34VCM_20240721T175435,9
erken_s2_chlf_matchup_analysis_v1.0,2022-10-20,2022,pre_2023,ACOLITE,MCI,-0.0006751319703956447,4.59765,0.6625359071563571,True,True,S2B_MSIL1C_20221020T100939_N0510_R022_T34VCM_20240721T175435,9
erken_s2_chlf_matchup_analysis_v1.0,2022-10-30,2022,pre_2023,L1C,NDCI,-0.10136986301369857,3.41282,0.5331133831897966,True,True,S2B_MSIL1C_20221030T101039_N0510_R022_T34VCM_20240726T053613,9
erken_s2_chlf_matchup_analysis_v1.0,2022-10-30,2022,pre_2023,L1C,MCI,-0.0007416666666666683,3.41282,0.5331133831897966,True,True,S2B_MSIL1C_20221030T101039_N0510_R022_T34VCM_20240726T053613,9
erken_s2_chlf_matchup_analysis_v1.0,2022-10-30,2022,pre_2023,L2A,NDCI,-0.523076923076923,3.41282,0.5331133831897966,True,True,S2B_MSIL2A_20221030T101039_N0510_R022_T34VCM_20240726T084236,8
erken_s2_chlf_matchup_analysis_v1.0,2022-10-30,2022,pre_2023,L2A,MCI,0.0004133333333333336,3.41282,0.5331133831897966,True,True,S2B_MSIL2A_20221030T101039_N0510_R022_T34VCM_20240726T084236,9
erken_s2_chlf_matchup_analysis_v1.0,2022-10-30,2022,pre_2023,ACOLITE,NDCI,-0.0503724541553576,3.41282,0.5331133831897966,True,True,S2B_MSIL1C_20221030T101039_N0510_R022_T34VCM_20240726T053613,9
erken_s2_chlf_matchup_analysis_v1.0,2022-10-30,2022,pre_2023,ACOLITE,MCI,-0.0002654624792436753,3.41282,0.5331133831897966,True,True,S2B_MSIL1C_20221030T101039_N0510_R022_T34VCM_20240726T053613,9
erken_s2_chlf_matchup_analysis_v1.0,2022-11-09,2022,pre_2023,L1C,NDCI,-0.085995085995086,2.64153,0.4218555473570381,True,True,S2B_MSIL1C_20221109T101139_N0510_R022_T34VCM_20240802T104646,9
erken_s2_chlf_matchup_analysis_v1.0,2022-11-09,2022,pre_2023,L1C,MCI,-0.001805000000000001,2.64153,0.4218555473570381,True,True,S2B_MSIL1C_20221109T101139_N0510_R022_T34VCM_20240802T104646,9
erken_s2_chlf_matchup_analysis_v1.0,2022-11-09,2022,pre_2023,L2A,NDCI,-0.17307692307692313,2.64153,0.4218555473570381,True,True,S2B_MSIL2A_20221109T101139_N0510_R022_T34VCM_20240802T140016,9
erken_s2_chlf_matchup_analysis_v1.0,2022-11-09,2022,pre_2023,L2A,MCI,0.0,2.64153,0.4218555473570381,True,True,S2B_MSIL2A_20221109T101139_N0510_R022_T34VCM_20240802T140016,9
erken_s2_chlf_matchup_analysis_v1.0,2022-11-09,2022,pre_2023,ACOLITE,NDCI,-0.05480473468519565,2.64153,0.4218555473570381,True,True,S2B_MSIL1C_20221109T101139_N0510_R022_T34VCM_20240802T104646,9
erken_s2_chlf_matchup_analysis_v1.0,2022-11-09,2022,pre_2023,ACOLITE,MCI,-0.0009363763655225437,2.64153,0.4218555473570381,True,True,S2B_MSIL1C_20221109T101139_N0510_R022_T34VCM_20240802T104646,9
erken_s2_chlf_matchup_analysis_v1.0,2022-11-12,2022,pre_2023,L1C,NDCI,-0.08902239213544509,2.50768,0.3992721162492119,True,True,S2B_MSIL1C_20221112T102159_N0510_R065_T34VCM_20240801T081713,9
erken_s2_chlf_matchup_analysis_v1.0,2022-11-12,2022,pre_2023,L1C,MCI,-0.0018299999999999983,2.50768,0.3992721162492119,True,True,S2B_MSIL1C_20221112T102159_N0510_R065_T34VCM_20240801T081713,9
erken_s2_chlf_matchup_analysis_v1.0,2022-11-12,2022,pre_2023,L2A,NDCI,-0.1144278606965174,2.50768,0.3992721162492119,True,True,S2B_MSIL2A_20221112T102159_N0510_R065_T34VCM_20240801T093911,9
erken_s2_chlf_matchup_analysis_v1.0,2022-11-12,2022,pre_2023,L2A,MCI,-0.00017333333333333263,2.50768,0.3992721162492119,True,True,S2B_MSIL2A_20221112T102159_N0510_R065_T34VCM_20240801T093911,9
erken_s2_chlf_matchup_analysis_v1.0,2022-11-12,2022,pre_2023,ACOLITE,NDCI,-0.02890990144965081,2.50768,0.3992721162492119,True,True,S2B_MSIL1C_20221112T102159_N0510_R065_T34VCM_20240801T081713,9
erken_s2_chlf_matchup_analysis_v1.0,2022-11-12,2022,pre_2023,ACOLITE,MCI,-0.0009339267698427051,2.50768,0.3992721162492119,True,True,S2B_MSIL1C_20221112T102159_N0510_R065_T34VCM_20240801T081713,9
erken_s2_chlf_matchup_analysis_v1.0,2022-11-17,2022,pre_2023,L1C,NDCI,-0.03984683498863228,2.24,0.35024801833416286,True,False,S2A_MSIL1C_20221117T102311_N0510_R065_T34VCM_20240802T235859,9
erken_s2_chlf_matchup_analysis_v1.0,2022-11-17,2022,pre_2023,L1C,MCI,-0.002125000000000002,2.24,0.35024801833416286,True,False,S2A_MSIL1C_20221117T102311_N0510_R065_T34VCM_20240802T235859,9
erken_s2_chlf_matchup_analysis_v1.0,2022-11-17,2022,pre_2023,L2A,NDCI,-0.020156774916013472,2.24,0.35024801833416286,True,False,S2A_MSIL2A_20221117T102311_N0510_R065_T34VCM_20240803T060904,9
erken_s2_chlf_matchup_analysis_v1.0,2022-11-17,2022,pre_2023,L2A,MCI,0.0014466666666666655,2.24,0.35024801833416286,True,False,S2A_MSIL2A_20221117T102311_N0510_R065_T34VCM_20240803T060904,9
erken_s2_chlf_matchup_analysis_v1.0,2022-11-22,2022,pre_2023,L1C,NDCI,-0.0662286010721079,2.06154,0.3141917658221907,True,False,S2B_MSIL1C_20221122T102239_N0510_R065_T34VCM_20240801T212349,9
erken_s2_chlf_matchup_analysis_v1.0,2022-11-22,2022,pre_2023,L1C,MCI,-0.0011083333333333223,2.06154,0.3141917658221907,True,True,S2B_MSIL1C_20221122T102239_N0510_R065_T34VCM_20240801T212349,9
erken_s2_chlf_matchup_analysis_v1.0,2022-11-22,2022,pre_2023,L2A,NDCI,-0.06770255271920082,2.06154,0.3141917658221907,True,False,S2B_MSIL2A_20221122T102239_N0510_R065_T34VCM_20240802T005949,9
erken_s2_chlf_matchup_analysis_v1.0,2022-11-22,2022,pre_2023,L2A,MCI,0.0003599999999999992,2.06154,0.3141917658221907,True,True,S2B_MSIL2A_20221122T102239_N0510_R065_T34VCM_20240802T005949,9
erken_s2_chlf_matchup_analysis_v1.0,2022-11-22,2022,pre_2023,ACOLITE,MCI,-0.0019707561781009044,2.06154,0.3141917658221907,True,True,S2B_MSIL1C_20221122T102239_N0510_R065_T34VCM_20240801T212349,9
erken_s2_chlf_matchup_analysis_v1.0,2022-12-09,2022,pre_2023,L1C,NDCI,-0.00856814769013332,2.14273,0.33096745013767975,True,False,S2B_MSIL1C_20221209T101319_N0510_R022_T34VCM_20240804T135647,9
erken_s2_chlf_matchup_analysis_v1.0,2022-12-09,2022,pre_2023,L1C,MCI,0.0013216666666666932,2.14273,0.33096745013767975,True,False,S2B_MSIL1C_20221209T101319_N0510_R022_T34VCM_20240804T135647,9
erken_s2_chlf_matchup_analysis_v1.0,2022-12-09,2022,pre_2023,L2A,NDCI,-0.01986249045072578,2.14273,0.33096745013767975,True,False,S2B_MSIL2A_20221209T101319_N0510_R022_T34VCM_20240804T173308,9
erken_s2_chlf_matchup_analysis_v1.0,2022-12-09,2022,pre_2023,L2A,MCI,0.0005600000000000049,2.14273,0.33096745013767975,True,False,S2B_MSIL2A_20221209T101319_N0510_R022_T34VCM_20240804T173308,9
erken_s2_chlf_matchup_analysis_v1.0,2023-04-21,2023,2023_onward,L1C,NDCI,-0.07003891050583655,13.4612,1.1290837768380664,True,True,S2B_MSIL1C_20230421T101559_N0510_R065_T34VCM_20240903T230709,9
erken_s2_chlf_matchup_analysis_v1.0,2023-04-21,2023,2023_onward,L1C,MCI,0.00040000000000000105,13.4612,1.1290837768380664,True,True,S2B_MSIL1C_20230421T101559_N0510_R065_T34VCM_20240903T230709,9
erken_s2_chlf_matchup_analysis_v1.0,2023-04-21,2023,2023_onward,L2A,NDCI,-0.04999999999999999,13.4612,1.1290837768380664,True,True,S2B_MSIL2A_20230421T101559_N0510_R065_T34VCM_20240904T044255,9
erken_s2_chlf_matchup_analysis_v1.0,2023-04-21,2023,2023_onward,L2A,MCI,0.00102,13.4612,1.1290837768380664,True,True,S2B_MSIL2A_20230421T101559_N0510_R065_T34VCM_20240904T044255,9
erken_s2_chlf_matchup_analysis_v1.0,2023-04-21,2023,2023_onward,ACOLITE,NDCI,0.02656203981535752,13.4612,1.1290837768380664,True,True,S2B_MSIL1C_20230421T101559_N0510_R065_T34VCM_20240903T230709,9
erken_s2_chlf_matchup_analysis_v1.0,2023-04-21,2023,2023_onward,ACOLITE,MCI,0.0009540931321680548,13.4612,1.1290837768380664,True,True,S2B_MSIL1C_20230421T101559_N0510_R065_T34VCM_20240903T230709,9
erken_s2_chlf_matchup_analysis_v1.0,2023-04-28,2023,2023_onward,L1C,NDCI,-0.04680633676615484,11.4929,1.0604296279124217,True,False,S2B_MSIL1C_20230428T100559_N0510_R022_T34VCM_20240831T124210,8
erken_s2_chlf_matchup_analysis_v1.0,2023-04-28,2023,2023_onward,L1C,MCI,0.000949999999999996,11.4929,1.0604296279124217,True,False,S2B_MSIL1C_20230428T100559_N0510_R022_T34VCM_20240831T124210,8
erken_s2_chlf_matchup_analysis_v1.0,2023-04-28,2023,2023_onward,L2A,NDCI,-0.08910400422888859,11.4929,1.0604296279124217,True,False,S2B_MSIL2A_20230428T100559_N0510_R022_T34VCM_20240831T160126,8
erken_s2_chlf_matchup_analysis_v1.0,2023-04-28,2023,2023_onward,L2A,MCI,0.004293333333333333,11.4929,1.0604296279124217,True,False,S2B_MSIL2A_20230428T100559_N0510_R022_T34VCM_20240831T160126,8
erken_s2_chlf_matchup_analysis_v1.0,2023-05-03,2023,2023_onward,L1C,NDCI,-0.06003683241252306,9.7524,0.9891115058004555,True,True,S2A_MSIL1C_20230503T101021_N0510_R022_T34VCM_20240905T061433,9
erken_s2_chlf_matchup_analysis_v1.0,2023-05-03,2023,2023_onward,L1C,MCI,-0.0006099999999999994,9.7524,0.9891115058004555,True,True,S2A_MSIL1C_20230503T101021_N0510_R022_T34VCM_20240905T061433,9
erken_s2_chlf_matchup_analysis_v1.0,2023-05-03,2023,2023_onward,L2A,NDCI,-0.046874999999999986,9.7524,0.9891115058004555,True,True,S2A_MSIL2A_20230503T101021_N0510_R022_T34VCM_20240905T074321,9
erken_s2_chlf_matchup_analysis_v1.0,2023-05-03,2023,2023_onward,L2A,MCI,0.0002066666666666675,9.7524,0.9891115058004555,True,True,S2A_MSIL2A_20230503T101021_N0510_R022_T34VCM_20240905T074321,9
erken_s2_chlf_matchup_analysis_v1.0,2023-05-03,2023,2023_onward,ACOLITE,NDCI,-0.059442017087357024,9.7524,0.9891115058004555,True,True,S2A_MSIL1C_20230503T101021_N0510_R022_T34VCM_20240905T061433,9
erken_s2_chlf_matchup_analysis_v1.0,2023-05-03,2023,2023_onward,ACOLITE,MCI,-0.00029590701063474025,9.7524,0.9891115058004555,True,True,S2A_MSIL1C_20230503T101021_N0510_R022_T34VCM_20240905T061433,9
erken_s2_chlf_matchup_analysis_v1.0,2023-05-06,2023,2023_onward,L1C,NDCI,-0.06723084156088391,7.76744,0.8902779072093351,True,True,S2A_MSIL1C_20230506T101601_N0510_R065_T34VCM_20240901T220541,9
erken_s2_chlf_matchup_analysis_v1.0,2023-05-06,2023,2023_onward,L1C,MCI,-0.0002500000000000002,7.76744,0.8902779072093351,True,True,S2A_MSIL1C_20230506T101601_N0510_R065_T34VCM_20240901T220541,9
erken_s2_chlf_matchup_analysis_v1.0,2023-05-06,2023,2023_onward,L2A,NDCI,-0.0617283950617284,7.76744,0.8902779072093351,True,True,S2A_MSIL2A_20230506T101601_N0510_R065_T34VCM_20240902T035258,9
erken_s2_chlf_matchup_analysis_v1.0,2023-05-06,2023,2023_onward,L2A,MCI,0.0002666666666666668,7.76744,0.8902779072093351,True,True,S2A_MSIL2A_20230506T101601_N0510_R065_T34VCM_20240902T035258,9
erken_s2_chlf_matchup_analysis_v1.0,2023-05-06,2023,2023_onward,ACOLITE,NDCI,-0.01288869153642878,7.76744,0.8902779072093351,True,True,S2A_MSIL1C_20230506T101601_N0510_R065_T34VCM_20240901T220541,9
erken_s2_chlf_matchup_analysis_v1.0,2023-05-06,2023,2023_onward,ACOLITE,MCI,-9.282181660333691e-06,7.76744,0.8902779072093351,True,True,S2A_MSIL1C_20230506T101601_N0510_R065_T34VCM_20240901T220541,9
erken_s2_chlf_matchup_analysis_v1.0,2023-05-08,2023,2023_onward,L1C,NDCI,-0.07735062528948591,3.77422,0.5768272116745148,True,True,S2B_MSIL1C_20230508T100559_N0510_R022_T34VCM_20240908T064907,9
erken_s2_chlf_matchup_analysis_v1.0,2023-05-08,2023,2023_onward,L1C,MCI,-0.0004866666666666665,3.77422,0.5768272116745148,True,True,S2B_MSIL1C_20230508T100559_N0510_R022_T34VCM_20240908T064907,9
erken_s2_chlf_matchup_analysis_v1.0,2023-05-08,2023,2023_onward,L2A,NDCI,-0.08749999999999995,3.77422,0.5768272116745148,True,True,S2B_MSIL2A_20230508T100559_N0510_R022_T34VCM_20240908T113907,9
erken_s2_chlf_matchup_analysis_v1.0,2023-05-08,2023,2023_onward,L2A,MCI,0.00016000000000000042,3.77422,0.5768272116745148,True,True,S2B_MSIL2A_20230508T100559_N0510_R022_T34VCM_20240908T113907,9
erken_s2_chlf_matchup_analysis_v1.0,2023-05-08,2023,2023_onward,ACOLITE,NDCI,-0.06628442455830956,3.77422,0.5768272116745148,True,True,S2B_MSIL1C_20230508T100559_N0510_R022_T34VCM_20240908T064907,9
erken_s2_chlf_matchup_analysis_v1.0,2023-05-08,2023,2023_onward,ACOLITE,MCI,-0.0001793324636916319,3.77422,0.5768272116745148,True,True,S2B_MSIL1C_20230508T100559_N0510_R022_T34VCM_20240908T064907,9
erken_s2_chlf_matchup_analysis_v1.0,2023-05-11,2023,2023_onward,L1C,NDCI,-0.06077765194412992,5.712,0.756788198768118,True,True,S2B_MSIL1C_20230511T101559_N0510_R065_T34VCM_20240906T011141,9
erken_s2_chlf_matchup_analysis_v1.0,2023-05-11,2023,2023_onward,L1C,MCI,-0.0003849999999999999,5.712,0.756788198768118,True,True,S2B_MSIL1C_20230511T101559_N0510_R065_T34VCM_20240906T011141,9
erken_s2_chlf_matchup_analysis_v1.0,2023-05-11,2023,2023_onward,L2A,NDCI,-0.031141868512110715,5.712,0.756788198768118,True,True,S2B_MSIL2A_20230511T101559_N0510_R065_T34VCM_20240906T070917,9
erken_s2_chlf_matchup_analysis_v1.0,2023-05-11,2023,2023_onward,L2A,MCI,0.0008066666666666673,5.712,0.756788198768118,True,True,S2B_MSIL2A_20230511T101559_N0510_R065_T34VCM_20240906T070917,9
erken_s2_chlf_matchup_analysis_v1.0,2023-05-11,2023,2023_onward,ACOLITE,NDCI,-0.006058963225571317,5.712,0.756788198768118,True,True,S2B_MSIL1C_20230511T101559_N0510_R065_T34VCM_20240906T011141,9
erken_s2_chlf_matchup_analysis_v1.0,2023-05-11,2023,2023_onward,ACOLITE,MCI,-0.00042284640173117366,5.712,0.756788198768118,True,True,S2B_MSIL1C_20230511T101559_N0510_R065_T34VCM_20240906T011141,9
erken_s2_chlf_matchup_analysis_v1.0,2023-05-13,2023,2023_onward,L1C,NDCI,-0.08527131782945739,4.33414,0.6369029356514191,True,True,S2A_MSIL1C_20230513T100551_N0510_R022_T34VCM_20240831T233721,9
erken_s2_chlf_matchup_analysis_v1.0,2023-05-13,2023,2023_onward,L1C,MCI,-0.0008799999999999988,4.33414,0.6369029356514191,True,True,S2A_MSIL1C_20230513T100551_N0510_R022_T34VCM_20240831T233721,9
erken_s2_chlf_matchup_analysis_v1.0,2023-05-13,2023,2023_onward,L2A,NDCI,-0.1132075471698113,4.33414,0.6369029356514191,True,True,S2A_MSIL2A_20230513T100551_N0510_R022_T34VCM_20240901T042132,9
erken_s2_chlf_matchup_analysis_v1.0,2023-05-13,2023,2023_onward,L2A,MCI,0.00018666666666666745,4.33414,0.6369029356514191,True,True,S2A_MSIL2A_20230513T100551_N0510_R022_T34VCM_20240901T042132,9
erken_s2_chlf_matchup_analysis_v1.0,2023-05-13,2023,2023_onward,ACOLITE,NDCI,-0.1017866889327785,4.33414,0.6369029356514191,True,True,S2A_MSIL1C_20230513T100551_N0510_R022_T34VCM_20240831T233721,9
erken_s2_chlf_matchup_analysis_v1.0,2023-05-13,2023,2023_onward,ACOLITE,MCI,-0.0005974824850757919,4.33414,0.6369029356514191,True,True,S2A_MSIL1C_20230513T100551_N0510_R022_T34VCM_20240831T233721,9
erken_s2_chlf_matchup_analysis_v1.0,2023-05-18,2023,2023_onward,L1C,NDCI,-0.07384468794664127,3.82461,0.5825871562260219,True,True,S2B_MSIL1C_20230518T100559_N0510_R022_T34VCM_20240905T152733,9
erken_s2_chlf_matchup_analysis_v1.0,2023-05-18,2023,2023_onward,L1C,MCI,-0.0014750000000000006,3.82461,0.5825871562260219,True,True,S2B_MSIL1C_20230518T100559_N0510_R022_T34VCM_20240905T152733,9
erken_s2_chlf_matchup_analysis_v1.0,2023-05-18,2023,2023_onward,L2A,NDCI,-0.0769230769230769,3.82461,0.5825871562260219,True,True,S2B_MSIL2A_20230518T100559_N0510_R022_T34VCM_20240905T193942,9
erken_s2_chlf_matchup_analysis_v1.0,2023-05-18,2023,2023_onward,L2A,MCI,-0.0005200000000000005,3.82461,0.5825871562260219,True,True,S2B_MSIL2A_20230518T100559_N0510_R022_T34VCM_20240905T193942,9
erken_s2_chlf_matchup_analysis_v1.0,2023-05-18,2023,2023_onward,ACOLITE,NDCI,-0.04376345608359552,3.82461,0.5825871562260219,True,True,S2B_MSIL1C_20230518T100559_N0510_R022_T34VCM_20240905T152733,9
erken_s2_chlf_matchup_analysis_v1.0,2023-05-18,2023,2023_onward,ACOLITE,MCI,-0.0012680665279428162,3.82461,0.5825871562260219,True,True,S2B_MSIL1C_20230518T100559_N0510_R022_T34VCM_20240905T152733,9
erken_s2_chlf_matchup_analysis_v1.0,2023-05-21,2023,2023_onward,L1C,NDCI,-0.033684926845866006,2.86046,0.4564358790722385,True,True,S2B_MSIL1C_20230521T101609_N0510_R065_T34VCM_20240904T120907,9
erken_s2_chlf_matchup_analysis_v1.0,2023-05-21,2023,2023_onward,L1C,MCI,-0.002338333333333331,2.86046,0.4564358790722385,True,True,S2B_MSIL1C_20230521T101609_N0510_R065_T34VCM_20240904T120907,9
erken_s2_chlf_matchup_analysis_v1.0,2023-05-21,2023,2023_onward,L2A,NDCI,0.03559870550161813,2.86046,0.4564358790722385,True,True,S2B_MSIL2A_20230521T101609_N0510_R065_T34VCM_20240904T180729,9
erken_s2_chlf_matchup_analysis_v1.0,2023-05-21,2023,2023_onward,L2A,MCI,-0.0001266666666666673,2.86046,0.4564358790722385,True,True,S2B_MSIL2A_20230521T101609_N0510_R065_T34VCM_20240904T180729,9
erken_s2_chlf_matchup_analysis_v1.0,2023-05-21,2023,2023_onward,ACOLITE,NDCI,0.10497780110339353,2.86046,0.4564358790722385,True,True,S2B_MSIL1C_20230521T101609_N0510_R065_T34VCM_20240904T120907,9
erken_s2_chlf_matchup_analysis_v1.0,2023-05-21,2023,2023_onward,ACOLITE,MCI,-0.0020624371245503426,2.86046,0.4564358790722385,True,True,S2B_MSIL1C_20230521T101609_N0510_R065_T34VCM_20240904T120907,9
erken_s2_chlf_matchup_analysis_v1.0,2023-05-23,2023,2023_onward,L1C,NDCI,-0.018015853951477315,2.88486,0.46012474203152126,True,False,S2A_MSIL1C_20230523T100601_N0510_R022_T34VCM_20240903T172605,9
erken_s2_chlf_matchup_analysis_v1.0,2023-05-23,2023,2023_onward,L1C,MCI,-0.004333333333333335,2.88486,0.46012474203152126,True,False,S2A_MSIL1C_20230523T100601_N0510_R022_T34VCM_20240903T172605,9
erken_s2_chlf_matchup_analysis_v1.0,2023-05-23,2023,2023_onward,L2A,NDCI,0.04552590266875986,2.88486,0.46012474203152126,True,False,S2A_MSIL2A_20230523T100601_N0510_R022_T34VCM_20240903T225103,9
erken_s2_chlf_matchup_analysis_v1.0,2023-05-23,2023,2023_onward,L2A,MCI,-0.0007133333333333366,2.88486,0.46012474203152126,True,False,S2A_MSIL2A_20230523T100601_N0510_R022_T34VCM_20240903T225103,9
erken_s2_chlf_matchup_analysis_v1.0,2023-05-26,2023,2023_onward,L1C,NDCI,-0.03614457831325296,2.75368,0.4399134703040334,True,True,S2A_MSIL1C_20230526T101601_N0510_R065_T34VCM_20240906T205837,9
erken_s2_chlf_matchup_analysis_v1.0,2023-05-26,2023,2023_onward,L1C,MCI,-0.0014833333333333365,2.75368,0.4399134703040334,True,True,S2A_MSIL1C_20230526T101601_N0510_R065_T34VCM_20240906T205837,9
erken_s2_chlf_matchup_analysis_v1.0,2023-05-26,2023,2023_onward,L2A,NDCI,-0.01863354037267084,2.75368,0.4399134703040334,True,True,S2A_MSIL2A_20230526T101601_N0510_R065_T34VCM_20240907T023333,9
erken_s2_chlf_matchup_analysis_v1.0,2023-05-26,2023,2023_onward,L2A,MCI,0.0008600000000000031,2.75368,0.4399134703040334,True,True,S2A_MSIL2A_20230526T101601_N0510_R065_T34VCM_20240907T023333,9
erken_s2_chlf_matchup_analysis_v1.0,2023-05-26,2023,2023_onward,ACOLITE,NDCI,0.01039604487373876,2.75368,0.4399134703040334,True,True,S2A_MSIL1C_20230526T101601_N0510_R065_T34VCM_20240906T205837,9
erken_s2_chlf_matchup_analysis_v1.0,2023-05-26,2023,2023_onward,ACOLITE,MCI,-0.0009937255332867316,2.75368,0.4399134703040334,True,True,S2A_MSIL1C_20230526T101601_N0510_R065_T34VCM_20240906T205837,9
erken_s2_chlf_matchup_analysis_v1.0,2023-06-02,2023,2023_onward,L1C,NDCI,-0.03948635634028885,2.05468,0.3127441935815718,True,True,S2A_MSIL1C_20230602T100601_N0510_R022_T34VCM_20240926T040315,9
erken_s2_chlf_matchup_analysis_v1.0,2023-06-02,2023,2023_onward,L1C,MCI,-0.001491666666666669,2.05468,0.3127441935815718,True,True,S2A_MSIL1C_20230602T100601_N0510_R022_T34VCM_20240926T040315,9
erken_s2_chlf_matchup_analysis_v1.0,2023-06-02,2023,2023_onward,L2A,NDCI,0.002288329519450787,2.05468,0.3127441935815718,True,True,S2A_MSIL2A_20230602T100601_N0510_R022_T34VCM_20240926T092342,9
erken_s2_chlf_matchup_analysis_v1.0,2023-06-02,2023,2023_onward,L2A,MCI,0.000279999999999999,2.05468,0.3127441935815718,True,True,S2A_MSIL2A_20230602T100601_N0510_R022_T34VCM_20240926T092342,9
erken_s2_chlf_matchup_analysis_v1.0,2023-06-02,2023,2023_onward,ACOLITE,NDCI,0.020532493125731393,2.05468,0.3127441935815718,True,True,S2A_MSIL1C_20230602T100601_N0510_R022_T34VCM_20240926T040315,9
erken_s2_chlf_matchup_analysis_v1.0,2023-06-02,2023,2023_onward,ACOLITE,MCI,-0.001239889239271482,2.05468,0.3127441935815718,True,True,S2A_MSIL1C_20230602T100601_N0510_R022_T34VCM_20240926T040315,9
erken_s2_chlf_matchup_analysis_v1.0,2023-06-05,2023,2023_onward,L1C,NDCI,-0.04481517827935891,2.07254,0.316502921182088,True,True,S2A_MSIL1C_20230605T101601_N0510_R065_T34VCM_20240926T163924,9
erken_s2_chlf_matchup_analysis_v1.0,2023-06-05,2023,2023_onward,L1C,MCI,-0.0033033333333333317,2.07254,0.316502921182088,True,True,S2A_MSIL1C_20230605T101601_N0510_R065_T34VCM_20240926T163924,9
erken_s2_chlf_matchup_analysis_v1.0,2023-06-05,2023,2023_onward,L2A,NDCI,0.0,2.07254,0.316502921182088,True,True,S2A_MSIL2A_20230605T101601_N0510_R065_T34VCM_20240926T220931,9
erken_s2_chlf_matchup_analysis_v1.0,2023-06-05,2023,2023_onward,L2A,MCI,-0.001266666666666666,2.07254,0.316502921182088,True,True,S2A_MSIL2A_20230605T101601_N0510_R065_T34VCM_20240926T220931,9
erken_s2_chlf_matchup_analysis_v1.0,2023-06-05,2023,2023_onward,ACOLITE,NDCI,0.04705054505434329,2.07254,0.316502921182088,True,True,S2A_MSIL1C_20230605T101601_N0510_R065_T34VCM_20240926T163924,9
erken_s2_chlf_matchup_analysis_v1.0,2023-06-05,2023,2023_onward,ACOLITE,MCI,-0.0025801101699471467,2.07254,0.316502921182088,True,True,S2A_MSIL1C_20230605T101601_N0510_R065_T34VCM_20240926T163924,9
erken_s2_chlf_matchup_analysis_v1.0,2023-06-07,2023,2023_onward,L1C,NDCI,-0.050322580645161305,1.34271,0.1279822233912123,True,True,S2B_MSIL1C_20230607T100559_N0510_R022_T34VCM_20240927T001840,9
erken_s2_chlf_matchup_analysis_v1.0,2023-06-07,2023,2023_onward,L1C,MCI,-0.003705,1.34271,0.1279822233912123,True,True,S2B_MSIL1C_20230607T100559_N0510_R022_T34VCM_20240927T001840,9
erken_s2_chlf_matchup_analysis_v1.0,2023-06-07,2023,2023_onward,L2A,NDCI,0.011904761904761934,1.34271,0.1279822233912123,True,True,S2B_MSIL2A_20230607T100559_N0510_R022_T34VCM_20240927T025730,9
erken_s2_chlf_matchup_analysis_v1.0,2023-06-07,2023,2023_onward,L2A,MCI,-0.0023999999999999994,1.34271,0.1279822233912123,True,True,S2B_MSIL2A_20230607T100559_N0510_R022_T34VCM_20240927T025730,9
erken_s2_chlf_matchup_analysis_v1.0,2023-06-07,2023,2023_onward,ACOLITE,NDCI,0.09579257824818693,1.34271,0.1279822233912123,True,True,S2B_MSIL1C_20230607T100559_N0510_R022_T34VCM_20240927T001840,9
erken_s2_chlf_matchup_analysis_v1.0,2023-06-07,2023,2023_onward,ACOLITE,MCI,-0.0038574424572288997,1.34271,0.1279822233912123,True,True,S2B_MSIL1C_20230607T100559_N0510_R022_T34VCM_20240927T001840,9
erken_s2_chlf_matchup_analysis_v1.0,2023-06-12,2023,2023_onward,L1C,NDCI,-0.05572441742654506,0.904605,-0.04354101611872239,True,True,S2A_MSIL1C_20230612T100601_N0510_R022_T34VCM_20240910T190002,9
erken_s2_chlf_matchup_analysis_v1.0,2023-06-12,2023,2023_onward,L1C,MCI,-0.0017483333333333344,0.904605,-0.04354101611872239,True,True,S2A_MSIL1C_20230612T100601_N0510_R022_T34VCM_20240910T190002,9
erken_s2_chlf_matchup_analysis_v1.0,2023-06-12,2023,2023_onward,L2A,NDCI,0.033898305084745776,0.904605,-0.04354101611872239,True,True,S2A_MSIL2A_20230612T100601_N0510_R022_T34VCM_20240911T004021,9
erken_s2_chlf_matchup_analysis_v1.0,2023-06-12,2023,2023_onward,L2A,MCI,-0.0007000000000000001,0.904605,-0.04354101611872239,True,True,S2A_MSIL2A_20230612T100601_N0510_R022_T34VCM_20240911T004021,9
erken_s2_chlf_matchup_analysis_v1.0,2023-06-12,2023,2023_onward,ACOLITE,NDCI,0.02835744235626816,0.904605,-0.04354101611872239,True,True,S2A_MSIL1C_20230612T100601_N0510_R022_T34VCM_20240910T190002,9
erken_s2_chlf_matchup_analysis_v1.0,2023-06-12,2023,2023_onward,ACOLITE,MCI,-0.0015433151585360367,0.904605,-0.04354101611872239,True,True,S2A_MSIL1C_20230612T100601_N0510_R022_T34VCM_20240910T190002,9
erken_s2_chlf_matchup_analysis_v1.0,2023-06-25,2023,2023_onward,L1C,NDCI,-0.04641350210970461,1.93638,0.2869905883592186,True,True,S2A_MSIL1C_20230625T101601_N0510_R065_T34VCM_20240910T071009,9
erken_s2_chlf_matchup_analysis_v1.0,2023-06-25,2023,2023_onward,L1C,MCI,-0.0023000000000000034,1.93638,0.2869905883592186,True,True,S2A_MSIL1C_20230625T101601_N0510_R065_T34VCM_20240910T071009,9
erken_s2_chlf_matchup_analysis_v1.0,2023-06-25,2023,2023_onward,L2A,NDCI,0.012406947890818868,1.93638,0.2869905883592186,True,True,S2A_MSIL2A_20230625T101601_N0510_R065_T34VCM_20240910T111718,9
erken_s2_chlf_matchup_analysis_v1.0,2023-06-25,2023,2023_onward,L2A,MCI,-0.00042666666666666547,1.93638,0.2869905883592186,True,True,S2A_MSIL2A_20230625T101601_N0510_R065_T34VCM_20240910T111718,9
erken_s2_chlf_matchup_analysis_v1.0,2023-06-25,2023,2023_onward,ACOLITE,NDCI,0.001901661386838266,1.93638,0.2869905883592186,True,True,S2A_MSIL1C_20230625T101601_N0510_R065_T34VCM_20240910T071009,9
erken_s2_chlf_matchup_analysis_v1.0,2023-06-25,2023,2023_onward,ACOLITE,MCI,-0.00177897575000922,1.93638,0.2869905883592186,True,True,S2A_MSIL1C_20230625T101601_N0510_R065_T34VCM_20240910T071009,9
erken_s2_chlf_matchup_analysis_v1.0,2023-06-27,2023,2023_onward,L1C,NDCI,-0.07157983905124947,2.67228,0.42688196131997214,True,True,S2B_MSIL1C_20230627T100559_N0510_R022_T34VCM_20240916T091758,9
erken_s2_chlf_matchup_analysis_v1.0,2023-06-27,2023,2023_onward,L1C,MCI,-0.002579999999999999,2.67228,0.42688196131997214,True,True,S2B_MSIL1C_20230627T100559_N0510_R022_T34VCM_20240916T091758,9
erken_s2_chlf_matchup_analysis_v1.0,2023-06-27,2023,2023_onward,L2A,NDCI,-0.04093567251461984,2.67228,0.42688196131997214,True,True,S2B_MSIL2A_20230627T100559_N0510_R022_T34VCM_20240916T115432,9
erken_s2_chlf_matchup_analysis_v1.0,2023-06-27,2023,2023_onward,L2A,MCI,-0.0006999999999999992,2.67228,0.42688196131997214,True,True,S2B_MSIL2A_20230627T100559_N0510_R022_T34VCM_20240916T115432,9
erken_s2_chlf_matchup_analysis_v1.0,2023-06-27,2023,2023_onward,ACOLITE,NDCI,-0.01529454068465819,2.67228,0.42688196131997214,True,True,S2B_MSIL1C_20230627T100559_N0510_R022_T34VCM_20240916T091758,9
erken_s2_chlf_matchup_analysis_v1.0,2023-06-27,2023,2023_onward,ACOLITE,MCI,-0.002419604454189539,2.67228,0.42688196131997214,True,True,S2B_MSIL1C_20230627T100559_N0510_R022_T34VCM_20240916T091758,9
erken_s2_chlf_matchup_analysis_v1.0,2023-07-20,2023,2023_onward,L1C,NDCI,-0.03249649547597811,10.7149,1.0299881222139793,True,False,S2B_MSIL1C_20230720T101609_N0510_R065_T34VCM_20240913T121651,9
erken_s2_chlf_matchup_analysis_v1.0,2023-07-20,2023,2023_onward,L1C,MCI,-0.0034783333333333333,10.7149,1.0299881222139793,True,False,S2B_MSIL1C_20230720T101609_N0510_R065_T34VCM_20240913T121651,9
erken_s2_chlf_matchup_analysis_v1.0,2023-07-20,2023,2023_onward,L2A,NDCI,-0.005615109749872402,10.7149,1.0299881222139793,True,False,S2B_MSIL2A_20230720T101609_N0510_R065_T34VCM_20240913T185526,9
erken_s2_chlf_matchup_analysis_v1.0,2023-07-20,2023,2023_onward,L2A,MCI,0.0038133333333333214,10.7149,1.0299881222139793,True,False,S2B_MSIL2A_20230720T101609_N0510_R065_T34VCM_20240913T185526,9
erken_s2_chlf_matchup_analysis_v1.0,2023-08-04,2023,2023_onward,L1C,NDCI,-0.08065074420214603,8.23261,0.9155375422474561,True,True,S2A_MSIL1C_20230804T101601_N0510_R065_T34VCM_20241026T163427,9
erken_s2_chlf_matchup_analysis_v1.0,2023-08-04,2023,2023_onward,L1C,MCI,-0.0014383333333333331,8.23261,0.9155375422474561,True,True,S2A_MSIL1C_20230804T101601_N0510_R065_T34VCM_20241026T163427,9
erken_s2_chlf_matchup_analysis_v1.0,2023-08-04,2023,2023_onward,L2A,NDCI,-0.030136986301369868,8.23261,0.9155375422474561,True,True,S2A_MSIL2A_20230804T101601_N0510_R065_T34VCM_20241026T195423,9
erken_s2_chlf_matchup_analysis_v1.0,2023-08-04,2023,2023_onward,L2A,MCI,0.0017800000000000003,8.23261,0.9155375422474561,True,True,S2A_MSIL2A_20230804T101601_N0510_R065_T34VCM_20241026T195423,9
erken_s2_chlf_matchup_analysis_v1.0,2023-08-04,2023,2023_onward,ACOLITE,NDCI,-0.09468957103144124,8.23261,0.9155375422474561,True,True,S2A_MSIL1C_20230804T101601_N0510_R065_T34VCM_20241026T163427,6
erken_s2_chlf_matchup_analysis_v1.0,2023-08-04,2023,2023_onward,ACOLITE,MCI,-0.0004478898675491418,8.23261,0.9155375422474561,True,True,S2A_MSIL1C_20230804T101601_N0510_R065_T34VCM_20241026T163427,6
erken_s2_chlf_matchup_analysis_v1.0,2023-08-29,2023,2023_onward,L1C,NDCI,-0.0699432892249527,6.39648,0.8059410463077048,True,True,S2B_MSIL1C_20230829T101609_N0510_R065_T34VCM_20241017T204632,9
erken_s2_chlf_matchup_analysis_v1.0,2023-08-29,2023,2023_onward,L1C,MCI,-0.0007233333333333328,6.39648,0.8059410463077048,True,True,S2B_MSIL1C_20230829T101609_N0510_R065_T34VCM_20241017T204632,9
erken_s2_chlf_matchup_analysis_v1.0,2023-08-29,2023,2023_onward,L2A,NDCI,0.0,6.39648,0.8059410463077048,True,True,S2B_MSIL2A_20230829T101609_N0510_R065_T34VCM_20241018T022739,9
erken_s2_chlf_matchup_analysis_v1.0,2023-08-29,2023,2023_onward,L2A,MCI,0.0008999999999999998,6.39648,0.8059410463077048,True,True,S2B_MSIL2A_20230829T101609_N0510_R065_T34VCM_20241018T022739,9
erken_s2_chlf_matchup_analysis_v1.0,2023-08-29,2023,2023_onward,ACOLITE,NDCI,0.0394968915473813,6.39648,0.8059410463077048,True,True,S2B_MSIL1C_20230829T101609_N0510_R065_T34VCM_20241017T204632,9
erken_s2_chlf_matchup_analysis_v1.0,2023-08-29,2023,2023_onward,ACOLITE,MCI,-0.0002461332206924755,6.39648,0.8059410463077048,True,True,S2B_MSIL1C_20230829T101609_N0510_R065_T34VCM_20241017T204632,9
erken_s2_chlf_matchup_analysis_v1.0,2023-09-05,2023,2023_onward,L1C,NDCI,-0.1033816425120773,7.11044,0.8518964760686585,True,True,S2B_MSIL1C_20230905T100559_N0510_R022_T34VCM_20241102T083926,9
erken_s2_chlf_matchup_analysis_v1.0,2023-09-05,2023,2023_onward,L1C,MCI,-0.0013766666666666684,7.11044,0.8518964760686585,True,True,S2B_MSIL1C_20230905T100559_N0510_R022_T34VCM_20241102T083926,9
erken_s2_chlf_matchup_analysis_v1.0,2023-09-05,2023,2023_onward,L2A,NDCI,-0.20000000000000004,7.11044,0.8518964760686585,True,True,S2B_MSIL2A_20230905T100559_N0510_R022_T34VCM_20241102T142635,9
erken_s2_chlf_matchup_analysis_v1.0,2023-09-05,2023,2023_onward,L2A,MCI,-0.00010000000000000026,7.11044,0.8518964760686585,True,True,S2B_MSIL2A_20230905T100559_N0510_R022_T34VCM_20241102T142635,9
erken_s2_chlf_matchup_analysis_v1.0,2023-09-05,2023,2023_onward,ACOLITE,NDCI,-0.02046940163888289,7.11044,0.8518964760686585,True,True,S2B_MSIL1C_20230905T100559_N0510_R022_T34VCM_20241102T083926,9
erken_s2_chlf_matchup_analysis_v1.0,2023-09-05,2023,2023_onward,ACOLITE,MCI,-0.0005620776054759812,7.11044,0.8518964760686585,True,True,S2B_MSIL1C_20230905T100559_N0510_R022_T34VCM_20241102T083926,9
erken_s2_chlf_matchup_analysis_v1.0,2023-09-30,2023,2023_onward,L1C,NDCI,-0.04822565969062784,7.09916,0.8512069643603916,True,True,S2A_MSIL1C_20230930T100811_N0510_R022_T34VCM_20241106T053902,9
erken_s2_chlf_matchup_analysis_v1.0,2023-09-30,2023,2023_onward,L1C,MCI,-0.0034866666666666657,7.09916,0.8512069643603916,True,True,S2A_MSIL1C_20230930T100811_N0510_R022_T34VCM_20241106T053902,9
erken_s2_chlf_matchup_analysis_v1.0,2023-09-30,2023,2023_onward,L2A,NDCI,-0.008333333333333283,7.09916,0.8512069643603916,True,True,S2A_MSIL2A_20230930T100811_N0510_R022_T34VCM_20241106T092217,9
erken_s2_chlf_matchup_analysis_v1.0,2023-09-30,2023,2023_onward,L2A,MCI,-0.001253333333333332,7.09916,0.8512069643603916,True,True,S2A_MSIL2A_20230930T100811_N0510_R022_T34VCM_20241106T092217,9
erken_s2_chlf_matchup_analysis_v1.0,2023-09-30,2023,2023_onward,ACOLITE,NDCI,-0.039892831074182455,7.09916,0.8512069643603916,True,True,S2A_MSIL1C_20230930T100811_N0510_R022_T34VCM_20241106T053902,8
erken_s2_chlf_matchup_analysis_v1.0,2023-09-30,2023,2023_onward,ACOLITE,MCI,-0.003868870840718349,7.09916,0.8512069643603916,True,True,S2A_MSIL1C_20230930T100811_N0510_R022_T34VCM_20241106T053902,8
erken_s2_chlf_matchup_analysis_v1.0,2023-10-08,2023,2023_onward,L1C,NDCI,-0.026222128651399557,2.58243,0.41202855825525825,True,False,S2B_MSIL1C_20231008T101829_N0510_R065_T34VCM_20241103T024817,8
erken_s2_chlf_matchup_analysis_v1.0,2023-10-08,2023,2023_onward,L1C,MCI,-0.0030675000000000008,2.58243,0.41202855825525825,True,False,S2B_MSIL1C_20231008T101829_N0510_R065_T34VCM_20241103T024817,8
erken_s2_chlf_matchup_analysis_v1.0,2023-10-08,2023,2023_onward,L2A,NDCI,0.0016149640105071784,2.58243,0.41202855825525825,True,False,S2B_MSIL2A_20231008T101829_N0510_R065_T34VCM_20241103T082727,8
erken_s2_chlf_matchup_analysis_v1.0,2023-10-08,2023,2023_onward,L2A,MCI,-0.0012066666666666684,2.58243,0.41202855825525825,True,False,S2B_MSIL2A_20231008T101829_N0510_R065_T34VCM_20241103T082727,8
erken_s2_chlf_matchup_analysis_v1.0,2023-10-18,2023,2023_onward,L1C,NDCI,-0.07496206373292867,2.8449,0.4540670052789046,True,True,S2B_MSIL1C_20231018T101939_N0509_R065_T34VCM_20231018T122519,9
erken_s2_chlf_matchup_analysis_v1.0,2023-10-18,2023,2023_onward,L1C,MCI,-0.0013199999999999948,2.8449,0.4540670052789046,True,True,S2B_MSIL1C_20231018T101939_N0509_R065_T34VCM_20231018T122519,9
erken_s2_chlf_matchup_analysis_v1.0,2023-10-18,2023,2023_onward,L2A,NDCI,-0.20967741935483872,2.8449,0.4540670052789046,True,True,S2B_MSIL2A_20231018T101939_N0509_R065_T34VCM_20231018T130027,9
erken_s2_chlf_matchup_analysis_v1.0,2023-10-18,2023,2023_onward,L2A,MCI,-0.0011066666666666673,2.8449,0.4540670052789046,True,True,S2B_MSIL2A_20231018T101939_N0509_R065_T34VCM_20231018T130027,9
erken_s2_chlf_matchup_analysis_v1.0,2023-10-18,2023,2023_onward,ACOLITE,NDCI,-0.08744443446235065,2.8449,0.4540670052789046,True,True,S2B_MSIL1C_20231018T101939_N0509_R065_T34VCM_20231018T122519,9
erken_s2_chlf_matchup_analysis_v1.0,2023-10-18,2023,2023_onward,ACOLITE,MCI,-0.0017150805021325741,2.8449,0.4540670052789046,True,True,S2B_MSIL1C_20231018T101939_N0509_R065_T34VCM_20231018T122519,9
erken_s2_chlf_matchup_analysis_v1.0,2023-11-29,2023,2023_onward,L1C,NDCI,-0.06747536012130405,0.968651,-0.013832668847720265,True,False,S2A_MSIL1C_20231129T101351_N0510_R022_T34VCM_20241110T182604,9
erken_s2_chlf_matchup_analysis_v1.0,2023-11-29,2023,2023_onward,L1C,MCI,-0.0003533333333333166,0.968651,-0.013832668847720265,True,False,S2A_MSIL1C_20231129T101351_N0510_R022_T34VCM_20241110T182604,9
erken_s2_chlf_matchup_analysis_v1.0,2023-11-29,2023,2023_onward,L2A,NDCI,-0.08392603129445238,0.968651,-0.013832668847720265,True,False,S2A_MSIL2A_20231129T101351_N0510_R022_T34VCM_20241110T221337,9
erken_s2_chlf_matchup_analysis_v1.0,2023-11-29,2023,2023_onward,L2A,MCI,0.0005533333333333362,0.968651,-0.013832668847720265,True,False,S2A_MSIL2A_20231129T101351_N0510_R022_T34VCM_20241110T221337,9
erken_s2_chlf_matchup_analysis_v1.0,2024-04-17,2024,2023_onward,L1C,NDCI,-0.04553314121037467,4.34274,0.637763828914293,True,False,S2A_MSIL1C_20240417T100601_N0510_R022_T34VCM_20240417T153055,9
erken_s2_chlf_matchup_analysis_v1.0,2024-04-17,2024,2023_onward,L1C,MCI,7.000000000000062e-05,4.34274,0.637763828914293,True,False,S2A_MSIL1C_20240417T100601_N0510_R022_T34VCM_20240417T153055,9
erken_s2_chlf_matchup_analysis_v1.0,2024-04-17,2024,2023_onward,L2A,NDCI,-0.02127659574468087,4.34274,0.637763828914293,True,False,S2A_MSIL2A_20240417T100601_N0510_R022_T34VCM_20240417T174253,9
erken_s2_chlf_matchup_analysis_v1.0,2024-04-17,2024,2023_onward,L2A,MCI,0.0009066666666666702,4.34274,0.637763828914293,True,False,S2A_MSIL2A_20240417T100601_N0510_R022_T34VCM_20240417T174253,9
erken_s2_chlf_matchup_analysis_v1.0,2024-05-07,2024,2023_onward,L1C,NDCI,-0.058823529411764705,3.13567,0.49633035097663514,True,True,S2A_MSIL1C_20240507T100601_N0510_R022_T34VCM_20240507T121117,9
erken_s2_chlf_matchup_analysis_v1.0,2024-05-07,2024,2023_onward,L1C,MCI,-2.6666666666667893e-05,3.13567,0.49633035097663514,True,True,S2A_MSIL1C_20240507T100601_N0510_R022_T34VCM_20240507T121117,9
erken_s2_chlf_matchup_analysis_v1.0,2024-05-07,2024,2023_onward,L2A,NDCI,-0.03921568627450982,3.13567,0.49633035097663514,True,True,S2A_MSIL2A_20240507T100601_N0510_R022_T34VCM_20240507T143953,9
erken_s2_chlf_matchup_analysis_v1.0,2024-05-07,2024,2023_onward,L2A,MCI,0.0005733333333333337,3.13567,0.49633035097663514,True,True,S2A_MSIL2A_20240507T100601_N0510_R022_T34VCM_20240507T143953,9
erken_s2_chlf_matchup_analysis_v1.0,2024-05-07,2024,2023_onward,ACOLITE,NDCI,-0.013669771121893558,3.13567,0.49633035097663514,True,True,S2A_MSIL1C_20240507T100601_N0510_R022_T34VCM_20240507T121117,9
erken_s2_chlf_matchup_analysis_v1.0,2024-05-07,2024,2023_onward,ACOLITE,MCI,9.36567783355706e-05,3.13567,0.49633035097663514,True,True,S2A_MSIL1C_20240507T100601_N0510_R022_T34VCM_20240507T121117,9
erken_s2_chlf_matchup_analysis_v1.0,2024-05-15,2024,2023_onward,L1C,NDCI,-0.058048579662412524,2.10792,0.32385412446373507,True,True,S2B_MSIL1C_20240515T101559_N0510_R065_T34VCM_20240515T140423,9
erken_s2_chlf_matchup_analysis_v1.0,2024-05-15,2024,2023_onward,L1C,MCI,-0.0008449999999999985,2.10792,0.32385412446373507,True,True,S2B_MSIL1C_20240515T101559_N0510_R065_T34VCM_20240515T140423,9
erken_s2_chlf_matchup_analysis_v1.0,2024-05-15,2024,2023_onward,L2A,NDCI,-0.01470588235294115,2.10792,0.32385412446373507,True,True,S2B_MSIL2A_20240515T101559_N0510_R065_T34VCM_20240515T144033,9
erken_s2_chlf_matchup_analysis_v1.0,2024-05-15,2024,2023_onward,L2A,MCI,0.00045333333333333337,2.10792,0.32385412446373507,True,True,S2B_MSIL2A_20240515T101559_N0510_R065_T34VCM_20240515T144033,9
erken_s2_chlf_matchup_analysis_v1.0,2024-05-15,2024,2023_onward,ACOLITE,NDCI,-0.0019748861981256495,2.10792,0.32385412446373507,True,True,S2B_MSIL1C_20240515T101559_N0510_R065_T34VCM_20240515T140423,9
erken_s2_chlf_matchup_analysis_v1.0,2024-05-15,2024,2023_onward,ACOLITE,MCI,-0.0005464583635330193,2.10792,0.32385412446373507,True,True,S2B_MSIL1C_20240515T101559_N0510_R065_T34VCM_20240515T140423,9
erken_s2_chlf_matchup_analysis_v1.0,2024-05-17,2024,2023_onward,L1C,NDCI,-0.06403940886699504,2.42778,0.385209329390487,True,True,S2A_MSIL1C_20240517T100601_N0510_R022_T34VCM_20240517T152850,9
erken_s2_chlf_matchup_analysis_v1.0,2024-05-17,2024,2023_onward,L1C,MCI,-0.0009899999999999978,2.42778,0.385209329390487,True,True,S2A_MSIL1C_20240517T100601_N0510_R022_T34VCM_20240517T152850,9
erken_s2_chlf_matchup_analysis_v1.0,2024-05-17,2024,2023_onward,L2A,NDCI,-0.016806722689075602,2.42778,0.385209329390487,True,True,S2A_MSIL2A_20240517T100601_N0510_R022_T34VCM_20240517T174751,9
erken_s2_chlf_matchup_analysis_v1.0,2024-05-17,2024,2023_onward,L2A,MCI,0.0006266666666666643,2.42778,0.385209329390487,True,True,S2A_MSIL2A_20240517T100601_N0510_R022_T34VCM_20240517T174751,9
erken_s2_chlf_matchup_analysis_v1.0,2024-05-17,2024,2023_onward,ACOLITE,NDCI,-0.02963570801465036,2.42778,0.385209329390487,True,True,S2A_MSIL1C_20240517T100601_N0510_R022_T34VCM_20240517T152850,9
erken_s2_chlf_matchup_analysis_v1.0,2024-05-17,2024,2023_onward,ACOLITE,MCI,-0.0006963427799443409,2.42778,0.385209329390487,True,True,S2A_MSIL1C_20240517T100601_N0510_R022_T34VCM_20240517T152850,9
erken_s2_chlf_matchup_analysis_v1.0,2024-05-20,2024,2023_onward,L1C,NDCI,-0.053162592161427984,2.31766,0.36504972543509895,True,True,S2A_MSIL1C_20240520T102021_N0510_R065_T34VCM_20240520T135434,9
erken_s2_chlf_matchup_analysis_v1.0,2024-05-20,2024,2023_onward,L1C,MCI,-0.0015449999999999978,2.31766,0.36504972543509895,True,True,S2A_MSIL1C_20240520T102021_N0510_R065_T34VCM_20240520T135434,9
erken_s2_chlf_matchup_analysis_v1.0,2024-05-20,2024,2023_onward,L2A,NDCI,-0.011235955056179771,2.31766,0.36504972543509895,True,True,S2A_MSIL2A_20240520T102021_N0510_R065_T34VCM_20240520T145649,9
erken_s2_chlf_matchup_analysis_v1.0,2024-05-20,2024,2023_onward,L2A,MCI,0.00034,2.31766,0.36504972543509895,True,True,S2A_MSIL2A_20240520T102021_N0510_R065_T34VCM_20240520T145649,9
erken_s2_chlf_matchup_analysis_v1.0,2024-05-20,2024,2023_onward,ACOLITE,NDCI,0.011151285088785342,2.31766,0.36504972543509895,True,True,S2A_MSIL1C_20240520T102021_N0510_R065_T34VCM_20240520T135434,9
erken_s2_chlf_matchup_analysis_v1.0,2024-05-20,2024,2023_onward,ACOLITE,MCI,-0.0012204201271136597,2.31766,0.36504972543509895,True,True,S2A_MSIL1C_20240520T102021_N0510_R065_T34VCM_20240520T135434,9
erken_s2_chlf_matchup_analysis_v1.0,2024-05-22,2024,2023_onward,L1C,NDCI,-0.08217716115261478,2.30382,0.36244854416934513,True,True,S2B_MSIL1C_20240522T100559_N0510_R022_T34VCM_20240522T120905,9
erken_s2_chlf_matchup_analysis_v1.0,2024-05-22,2024,2023_onward,L1C,MCI,-0.001436666666666666,2.30382,0.36244854416934513,True,True,S2B_MSIL1C_20240522T100559_N0510_R022_T34VCM_20240522T120905,9
erken_s2_chlf_matchup_analysis_v1.0,2024-05-22,2024,2023_onward,L2A,NDCI,-0.1224489795918367,2.30382,0.36244854416934513,True,True,S2B_MSIL2A_20240522T100559_N0510_R022_T34VCM_20240522T125149,9
erken_s2_chlf_matchup_analysis_v1.0,2024-05-22,2024,2023_onward,L2A,MCI,-0.0005533333333333328,2.30382,0.36244854416934513,True,True,S2B_MSIL2A_20240522T100559_N0510_R022_T34VCM_20240522T125149,9
erken_s2_chlf_matchup_analysis_v1.0,2024-05-22,2024,2023_onward,ACOLITE,NDCI,-0.035385076226274265,2.30382,0.36244854416934513,True,True,S2B_MSIL1C_20240522T100559_N0510_R022_T34VCM_20240522T120905,9
erken_s2_chlf_matchup_analysis_v1.0,2024-05-22,2024,2023_onward,ACOLITE,MCI,-0.0012522640327612558,2.30382,0.36244854416934513,True,True,S2B_MSIL1C_20240522T100559_N0510_R022_T34VCM_20240522T120905,9
erken_s2_chlf_matchup_analysis_v1.0,2024-05-25,2024,2023_onward,L1C,NDCI,-0.047684391080617484,1.9794,0.2965335659289875,True,True,S2B_MSIL1C_20240525T101559_N0510_R065_T34VCM_20240525T122128,9
erken_s2_chlf_matchup_analysis_v1.0,2024-05-25,2024,2023_onward,L1C,MCI,-0.0030366666666666667,1.9794,0.2965335659289875,True,True,S2B_MSIL1C_20240525T101559_N0510_R065_T34VCM_20240525T122128,9
erken_s2_chlf_matchup_analysis_v1.0,2024-05-25,2024,2023_onward,L2A,NDCI,0.04827586206896553,1.9794,0.2965335659289875,True,True,S2B_MSIL2A_20240525T101559_N0510_R065_T34VCM_20240525T130132,9
erken_s2_chlf_matchup_analysis_v1.0,2024-05-25,2024,2023_onward,L2A,MCI,0.0005666666666666667,1.9794,0.2965335659289875,True,True,S2B_MSIL2A_20240525T101559_N0510_R065_T34VCM_20240525T130132,9
erken_s2_chlf_matchup_analysis_v1.0,2024-05-25,2024,2023_onward,ACOLITE,NDCI,0.09039314128761645,1.9794,0.2965335659289875,True,True,S2B_MSIL1C_20240525T101559_N0510_R065_T34VCM_20240525T122128,9
erken_s2_chlf_matchup_analysis_v1.0,2024-05-25,2024,2023_onward,ACOLITE,MCI,-0.0031044894829392426,1.9794,0.2965335659289875,True,True,S2B_MSIL1C_20240525T101559_N0510_R065_T34VCM_20240525T122128,9
erken_s2_chlf_matchup_analysis_v1.0,2024-05-27,2024,2023_onward,L1C,NDCI,-0.04318026045236463,1.83835,0.2644281994320068,True,True,S2A_MSIL1C_20240527T100601_N0510_R022_T34VCM_20240527T135100,9
erken_s2_chlf_matchup_analysis_v1.0,2024-05-27,2024,2023_onward,L1C,MCI,-0.002919999999999999,1.83835,0.2644281994320068,True,True,S2A_MSIL1C_20240527T100601_N0510_R022_T34VCM_20240527T135100,9
erken_s2_chlf_matchup_analysis_v1.0,2024-05-27,2024,2023_onward,L2A,NDCI,0.03864734299516902,1.83835,0.2644281994320068,True,True,S2A_MSIL2A_20240527T100601_N0510_R022_T34VCM_20240527T161753,9
erken_s2_chlf_matchup_analysis_v1.0,2024-05-27,2024,2023_onward,L2A,MCI,0.0010133333333333314,1.83835,0.2644281994320068,True,True,S2A_MSIL2A_20240527T100601_N0510_R022_T34VCM_20240527T161753,9
erken_s2_chlf_matchup_analysis_v1.0,2024-05-27,2024,2023_onward,ACOLITE,NDCI,0.038911105497197715,1.83835,0.2644281994320068,True,True,S2A_MSIL1C_20240527T100601_N0510_R022_T34VCM_20240527T135100,9
erken_s2_chlf_matchup_analysis_v1.0,2024-05-27,2024,2023_onward,ACOLITE,MCI,-0.002446053984264533,1.83835,0.2644281994320068,True,True,S2A_MSIL1C_20240527T100601_N0510_R022_T34VCM_20240527T135100,9
erken_s2_chlf_matchup_analysis_v1.0,2024-05-30,2024,2023_onward,L1C,NDCI,-0.05625524769101593,1.76819,0.24752893008771434,True,True,S2A_MSIL1C_20240530T102021_N0510_R065_T34VCM_20240530T154023,9
erken_s2_chlf_matchup_analysis_v1.0,2024-05-30,2024,2023_onward,L1C,MCI,-0.0029500000000000012,1.76819,0.24752893008771434,True,True,S2A_MSIL1C_20240530T102021_N0510_R065_T34VCM_20240530T154023,9
erken_s2_chlf_matchup_analysis_v1.0,2024-05-30,2024,2023_onward,L2A,NDCI,0.029535864978902995,1.76819,0.24752893008771434,True,True,S2A_MSIL2A_20240530T102021_N0510_R065_T34VCM_20240530T175752,9
erken_s2_chlf_matchup_analysis_v1.0,2024-05-30,2024,2023_onward,L2A,MCI,-0.0008466666666666657,1.76819,0.24752893008771434,True,True,S2A_MSIL2A_20240530T102021_N0510_R065_T34VCM_20240530T175752,9
erken_s2_chlf_matchup_analysis_v1.0,2024-05-30,2024,2023_onward,ACOLITE,NDCI,0.07762577995985225,1.76819,0.24752893008771434,True,True,S2A_MSIL1C_20240530T102021_N0510_R065_T34VCM_20240530T154023,9
erken_s2_chlf_matchup_analysis_v1.0,2024-05-30,2024,2023_onward,ACOLITE,MCI,-0.002743616032724579,1.76819,0.24752893008771434,True,True,S2A_MSIL1C_20240530T102021_N0510_R065_T34VCM_20240530T154023,9
erken_s2_chlf_matchup_analysis_v1.0,2024-06-04,2024,2023_onward,L1C,NDCI,-0.07227615965480047,1.32885,0.12347596074042215,True,True,S2B_MSIL1C_20240604T101559_N0510_R065_T34VCM_20240604T122050,9
erken_s2_chlf_matchup_analysis_v1.0,2024-06-04,2024,2023_onward,L1C,MCI,-0.0015133333333333353,1.32885,0.12347596074042215,True,True,S2B_MSIL1C_20240604T101559_N0510_R065_T34VCM_20240604T122050,9
erken_s2_chlf_matchup_analysis_v1.0,2024-06-04,2024,2023_onward,L2A,NDCI,-0.07070707070707072,1.32885,0.12347596074042215,True,True,S2B_MSIL2A_20240604T101559_N0510_R065_T34VCM_20240604T130328,9
erken_s2_chlf_matchup_analysis_v1.0,2024-06-04,2024,2023_onward,L2A,MCI,-0.0006266666666666669,1.32885,0.12347596074042215,True,True,S2B_MSIL2A_20240604T101559_N0510_R065_T34VCM_20240604T130328,9
erken_s2_chlf_matchup_analysis_v1.0,2024-06-04,2024,2023_onward,ACOLITE,NDCI,0.013645713477398,1.32885,0.12347596074042215,True,True,S2B_MSIL1C_20240604T101559_N0510_R065_T34VCM_20240604T122050,9
erken_s2_chlf_matchup_analysis_v1.0,2024-06-04,2024,2023_onward,ACOLITE,MCI,-0.0013523571503659092,1.32885,0.12347596074042215,True,True,S2B_MSIL1C_20240604T101559_N0510_R065_T34VCM_20240604T122050,9
erken_s2_chlf_matchup_analysis_v1.0,2024-06-06,2024,2023_onward,L1C,NDCI,-0.03727100442198359,1.1987,0.0787105053282762,True,True,S2A_MSIL1C_20240606T100601_N0510_R022_T34VCM_20240606T135117,9
erken_s2_chlf_matchup_analysis_v1.0,2024-06-06,2024,2023_onward,L1C,MCI,-0.0021233333333333312,1.1987,0.0787105053282762,True,True,S2A_MSIL1C_20240606T100601_N0510_R022_T34VCM_20240606T135117,9
erken_s2_chlf_matchup_analysis_v1.0,2024-06-06,2024,2023_onward,L2A,NDCI,-0.04411764705882351,1.1987,0.0787105053282762,True,True,S2A_MSIL2A_20240606T100601_N0510_R022_T34VCM_20240606T155900,9
erken_s2_chlf_matchup_analysis_v1.0,2024-06-06,2024,2023_onward,L2A,MCI,0.0018133333333333335,1.1987,0.0787105053282762,True,True,S2A_MSIL2A_20240606T100601_N0510_R022_T34VCM_20240606T155900,9
erken_s2_chlf_matchup_analysis_v1.0,2024-06-06,2024,2023_onward,ACOLITE,NDCI,0.006922942542915337,1.1987,0.0787105053282762,True,True,S2A_MSIL1C_20240606T100601_N0510_R022_T34VCM_20240606T135117,9
erken_s2_chlf_matchup_analysis_v1.0,2024-06-06,2024,2023_onward,ACOLITE,MCI,-0.002179403851429621,1.1987,0.0787105053282762,True,True,S2A_MSIL1C_20240606T100601_N0510_R022_T34VCM_20240606T135117,9
erken_s2_chlf_matchup_analysis_v1.0,2024-06-09,2024,2023_onward,L1C,NDCI,-0.041978522616335806,1.3083,0.11670734139308889,True,True,S2A_MSIL1C_20240609T102031_N0510_R065_T34VCM_20240609T140142,9
erken_s2_chlf_matchup_analysis_v1.0,2024-06-09,2024,2023_onward,L1C,MCI,-0.001685000000000006,1.3083,0.11670734139308889,True,True,S2A_MSIL1C_20240609T102031_N0510_R065_T34VCM_20240609T140142,9
erken_s2_chlf_matchup_analysis_v1.0,2024-06-09,2024,2023_onward,L2A,NDCI,-0.024390243902439046,1.3083,0.11670734139308889,True,True,S2A_MSIL2A_20240609T102031_N0510_R065_T34VCM_20240609T163346,9
erken_s2_chlf_matchup_analysis_v1.0,2024-06-09,2024,2023_onward,L2A,MCI,0.0006466666666666669,1.3083,0.11670734139308889,True,True,S2A_MSIL2A_20240609T102031_N0510_R065_T34VCM_20240609T163346,9
erken_s2_chlf_matchup_analysis_v1.0,2024-06-09,2024,2023_onward,ACOLITE,NDCI,-0.0030086647687909544,1.3083,0.11670734139308889,True,True,S2A_MSIL1C_20240609T102031_N0510_R065_T34VCM_20240609T140142,9
erken_s2_chlf_matchup_analysis_v1.0,2024-06-09,2024,2023_onward,ACOLITE,MCI,-0.0013931173831224428,1.3083,0.11670734139308889,True,True,S2A_MSIL1C_20240609T102031_N0510_R065_T34VCM_20240609T140142,9
erken_s2_chlf_matchup_analysis_v1.0,2024-06-11,2024,2023_onward,L1C,NDCI,-0.0585088599130725,1.6488,0.21716797877115646,True,True,S2B_MSIL1C_20240611T100559_N0510_R022_T34VCM_20240611T120915,9
erken_s2_chlf_matchup_analysis_v1.0,2024-06-11,2024,2023_onward,L1C,MCI,-0.0007333333333333289,1.6488,0.21716797877115646,True,True,S2B_MSIL1C_20240611T100559_N0510_R022_T34VCM_20240611T120915,9
erken_s2_chlf_matchup_analysis_v1.0,2024-06-11,2024,2023_onward,L2A,NDCI,-0.025773195876288683,1.6488,0.21716797877115646,True,True,S2B_MSIL2A_20240611T100559_N0510_R022_T34VCM_20240611T125329,9
erken_s2_chlf_matchup_analysis_v1.0,2024-06-11,2024,2023_onward,L2A,MCI,0.0017000000000000001,1.6488,0.21716797877115646,True,True,S2B_MSIL2A_20240611T100559_N0510_R022_T34VCM_20240611T125329,9
erken_s2_chlf_matchup_analysis_v1.0,2024-06-11,2024,2023_onward,ACOLITE,NDCI,-0.04794076068042334,1.6488,0.21716797877115646,True,True,S2B_MSIL1C_20240611T100559_N0510_R022_T34VCM_20240611T120915,9
erken_s2_chlf_matchup_analysis_v1.0,2024-06-11,2024,2023_onward,ACOLITE,MCI,-0.00045697285483280864,1.6488,0.21716797877115646,True,True,S2B_MSIL1C_20240611T100559_N0510_R022_T34VCM_20240611T120915,9
erken_s2_chlf_matchup_analysis_v1.0,2024-06-14,2024,2023_onward,L1C,NDCI,-0.05987832212616072,1.92851,0.2852218951769423,True,True,S2B_MSIL1C_20240614T101559_N0510_R065_T34VCM_20240614T125223,9
erken_s2_chlf_matchup_analysis_v1.0,2024-06-14,2024,2023_onward,L1C,MCI,-0.002088333333333331,1.92851,0.2852218951769423,True,True,S2B_MSIL1C_20240614T101559_N0510_R065_T34VCM_20240614T125223,9
erken_s2_chlf_matchup_analysis_v1.0,2024-06-14,2024,2023_onward,L2A,NDCI,-0.03820224719101124,1.92851,0.2852218951769423,True,True,S2B_MSIL2A_20240614T101559_N0510_R065_T34VCM_20240614T133836,9
erken_s2_chlf_matchup_analysis_v1.0,2024-06-14,2024,2023_onward,L2A,MCI,0.0007333333333333324,1.92851,0.2852218951769423,True,True,S2B_MSIL2A_20240614T101559_N0510_R065_T34VCM_20240614T133836,9
erken_s2_chlf_matchup_analysis_v1.0,2024-06-14,2024,2023_onward,ACOLITE,NDCI,-0.032552053487082525,1.92851,0.2852218951769423,True,True,S2B_MSIL1C_20240614T101559_N0510_R065_T34VCM_20240614T125223,9
erken_s2_chlf_matchup_analysis_v1.0,2024-06-14,2024,2023_onward,ACOLITE,MCI,-0.0020550467073917403,1.92851,0.2852218951769423,True,True,S2B_MSIL1C_20240614T101559_N0510_R065_T34VCM_20240614T125223,9
erken_s2_chlf_matchup_analysis_v1.0,2024-06-21,2024,2023_onward,L1C,NDCI,-0.08950800237107293,1.00616,0.002667047908651981,True,True,S2B_MSIL1C_20240621T100559_N0510_R022_T34VCM_20240621T123558,9
erken_s2_chlf_matchup_analysis_v1.0,2024-06-21,2024,2023_onward,L1C,MCI,-0.0013349999999999994,1.00616,0.002667047908651981,True,True,S2B_MSIL1C_20240621T100559_N0510_R022_T34VCM_20240621T123558,9
erken_s2_chlf_matchup_analysis_v1.0,2024-06-21,2024,2023_onward,L2A,NDCI,-0.18367346938775506,1.00616,0.002667047908651981,True,True,S2B_MSIL2A_20240621T100559_N0510_R022_T34VCM_20240621T130723,9
erken_s2_chlf_matchup_analysis_v1.0,2024-06-21,2024,2023_onward,L2A,MCI,-0.00041333333333333326,1.00616,0.002667047908651981,True,True,S2B_MSIL2A_20240621T100559_N0510_R022_T34VCM_20240621T130723,9
erken_s2_chlf_matchup_analysis_v1.0,2024-06-21,2024,2023_onward,ACOLITE,NDCI,0.0028734120610342624,1.00616,0.002667047908651981,True,True,S2B_MSIL1C_20240621T100559_N0510_R022_T34VCM_20240621T123558,9
erken_s2_chlf_matchup_analysis_v1.0,2024-06-21,2024,2023_onward,ACOLITE,MCI,-0.000957412598654628,1.00616,0.002667047908651981,True,True,S2B_MSIL1C_20240621T100559_N0510_R022_T34VCM_20240621T123558,9
erken_s2_chlf_matchup_analysis_v1.0,2024-06-29,2024,2023_onward,L1C,NDCI,-0.03457106274007684,2.11591,0.32549719108780334,True,True,S2A_MSIL1C_20240629T102021_N0510_R065_T34VCM_20240629T122126,9
erken_s2_chlf_matchup_analysis_v1.0,2024-06-29,2024,2023_onward,L1C,MCI,-0.0011349999999999971,2.11591,0.32549719108780334,True,True,S2A_MSIL1C_20240629T102021_N0510_R065_T34VCM_20240629T122126,9
erken_s2_chlf_matchup_analysis_v1.0,2024-06-29,2024,2023_onward,L2A,NDCI,0.014256619144602837,2.11591,0.32549719108780334,True,True,S2A_MSIL2A_20240629T102021_N0510_R065_T34VCM_20240629T134949,9
erken_s2_chlf_matchup_analysis_v1.0,2024-06-29,2024,2023_onward,L2A,MCI,0.0007666666666666655,2.11591,0.32549719108780334,True,True,S2A_MSIL2A_20240629T102021_N0510_R065_T34VCM_20240629T134949,9
erken_s2_chlf_matchup_analysis_v1.0,2024-06-29,2024,2023_onward,ACOLITE,NDCI,0.008788180866304642,2.11591,0.32549719108780334,True,True,S2A_MSIL1C_20240629T102021_N0510_R065_T34VCM_20240629T122126,9
erken_s2_chlf_matchup_analysis_v1.0,2024-06-29,2024,2023_onward,ACOLITE,MCI,-0.0005930885672569275,2.11591,0.32549719108780334,True,True,S2A_MSIL1C_20240629T102021_N0510_R065_T34VCM_20240629T122126,9
erken_s2_chlf_matchup_analysis_v1.0,2024-07-09,2024,2023_onward,L1C,NDCI,-0.05771495877502941,7.49817,0.8749552826079342,True,True,S2A_MSIL1C_20240709T102031_N0510_R065_T34VCM_20240709T122027,9
erken_s2_chlf_matchup_analysis_v1.0,2024-07-09,2024,2023_onward,L1C,MCI,-0.00038166666666666557,7.49817,0.8749552826079342,True,True,S2A_MSIL1C_20240709T102031_N0510_R065_T34VCM_20240709T122027,9
erken_s2_chlf_matchup_analysis_v1.0,2024-07-09,2024,2023_onward,L2A,NDCI,0.0,7.49817,0.8749552826079342,True,True,S2A_MSIL2A_20240709T102031_N0510_R065_T34VCM_20240709T142949,9
erken_s2_chlf_matchup_analysis_v1.0,2024-07-09,2024,2023_onward,L2A,MCI,0.0020800000000000003,7.49817,0.8749552826079342,True,True,S2A_MSIL2A_20240709T102031_N0510_R065_T34VCM_20240709T142949,9
erken_s2_chlf_matchup_analysis_v1.0,2024-07-09,2024,2023_onward,ACOLITE,NDCI,0.002593596221268794,7.49817,0.8749552826079342,True,True,S2A_MSIL1C_20240709T102031_N0510_R065_T34VCM_20240709T122027,9
erken_s2_chlf_matchup_analysis_v1.0,2024-07-09,2024,2023_onward,ACOLITE,MCI,-4.7290200988451755e-05,7.49817,0.8749552826079342,True,True,S2A_MSIL1C_20240709T102031_N0510_R065_T34VCM_20240709T122027,9
erken_s2_chlf_matchup_analysis_v1.0,2024-07-21,2024,2023_onward,L1C,NDCI,-0.07052810902896081,11.0231,1.0423037472894483,True,True,S2B_MSIL1C_20240721T100559_N0510_R022_T34VCM_20240721T121133,9
erken_s2_chlf_matchup_analysis_v1.0,2024-07-21,2024,2023_onward,L1C,MCI,-0.0008283333333333337,11.0231,1.0423037472894483,True,True,S2B_MSIL1C_20240721T100559_N0510_R022_T34VCM_20240721T121133,9
erken_s2_chlf_matchup_analysis_v1.0,2024-07-21,2024,2023_onward,L2A,NDCI,-0.0218068535825546,11.0231,1.0423037472894483,True,True,S2B_MSIL2A_20240721T100559_N0510_R022_T34VCM_20240721T125344,9
erken_s2_chlf_matchup_analysis_v1.0,2024-07-21,2024,2023_onward,L2A,MCI,0.0024933333333333335,11.0231,1.0423037472894483,True,True,S2B_MSIL2A_20240721T100559_N0510_R022_T34VCM_20240721T125344,9
erken_s2_chlf_matchup_analysis_v1.0,2024-07-21,2024,2023_onward,ACOLITE,NDCI,-0.05376983068526758,11.0231,1.0423037472894483,True,True,S2B_MSIL1C_20240721T100559_N0510_R022_T34VCM_20240721T121133,9
erken_s2_chlf_matchup_analysis_v1.0,2024-07-21,2024,2023_onward,ACOLITE,MCI,-0.00032005912313858714,11.0231,1.0423037472894483,True,True,S2B_MSIL1C_20240721T100559_N0510_R022_T34VCM_20240721T121133,9
erken_s2_chlf_matchup_analysis_v1.0,2024-07-26,2024,2023_onward,L1C,NDCI,-0.03803680981595091,5.14607,0.7114756894543838,True,True,S2A_MSIL1C_20240726T100601_N0511_R022_T34VCM_20240726T153045,9
erken_s2_chlf_matchup_analysis_v1.0,2024-07-26,2024,2023_onward,L1C,MCI,-0.003023333333333336,5.14607,0.7114756894543838,True,True,S2A_MSIL1C_20240726T100601_N0511_R022_T34VCM_20240726T153045,9
erken_s2_chlf_matchup_analysis_v1.0,2024-07-26,2024,2023_onward,L2A,NDCI,0.06870229007633585,5.14607,0.7114756894543838,True,True,S2A_MSIL2A_20240726T100601_N0511_R022_T34VCM_20240726T173850,9
erken_s2_chlf_matchup_analysis_v1.0,2024-07-26,2024,2023_onward,L2A,MCI,-0.0007600000000000003,5.14607,0.7114756894543838,True,True,S2A_MSIL2A_20240726T100601_N0511_R022_T34VCM_20240726T173850,9
erken_s2_chlf_matchup_analysis_v1.0,2024-07-26,2024,2023_onward,ACOLITE,NDCI,0.1403490906457808,5.14607,0.7114756894543838,True,True,S2A_MSIL1C_20240726T100601_N0511_R022_T34VCM_20240726T153045,6
erken_s2_chlf_matchup_analysis_v1.0,2024-07-26,2024,2023_onward,ACOLITE,MCI,-0.0029721658676862724,5.14607,0.7114756894543838,True,True,S2A_MSIL1C_20240726T100601_N0511_R022_T34VCM_20240726T153045,6
erken_s2_chlf_matchup_analysis_v1.0,2024-08-13,2024,2023_onward,L1C,NDCI,-0.07384468794664127,12.441,1.0948552900836803,True,True,S2B_MSIL1C_20240813T101559_N0511_R065_T34VCM_20240813T125216,9
erken_s2_chlf_matchup_analysis_v1.0,2024-08-13,2024,2023_onward,L1C,MCI,-0.00021000000000000185,12.441,1.0948552900836803,True,True,S2B_MSIL1C_20240813T101559_N0511_R065_T34VCM_20240813T125216,9
erken_s2_chlf_matchup_analysis_v1.0,2024-08-13,2024,2023_onward,L2A,NDCI,-0.03105590062111804,12.441,1.0948552900836803,True,True,S2B_MSIL2A_20240813T101559_N0511_R065_T34VCM_20240813T133715,9
erken_s2_chlf_matchup_analysis_v1.0,2024-08-13,2024,2023_onward,L2A,MCI,0.001340000000000001,12.441,1.0948552900836803,True,True,S2B_MSIL2A_20240813T101559_N0511_R065_T34VCM_20240813T133715,9
erken_s2_chlf_matchup_analysis_v1.0,2024-08-13,2024,2023_onward,ACOLITE,NDCI,0.009062899083820023,12.441,1.0948552900836803,True,True,S2B_MSIL1C_20240813T101559_N0511_R065_T34VCM_20240813T125216,9
erken_s2_chlf_matchup_analysis_v1.0,2024-08-13,2024,2023_onward,ACOLITE,MCI,0.0004784965887665747,12.441,1.0948552900836803,True,True,S2B_MSIL1C_20240813T101559_N0511_R065_T34VCM_20240813T125216,9
erken_s2_chlf_matchup_analysis_v1.0,2024-08-18,2024,2023_onward,L1C,NDCI,-0.027493751420131787,14.5549,1.163009225948146,True,True,S2A_MSIL1C_20240818T102021_N0511_R065_T34VCM_20240818T124603,9
erken_s2_chlf_matchup_analysis_v1.0,2024-08-18,2024,2023_onward,L1C,MCI,-0.002631666666666664,14.5549,1.163009225948146,True,True,S2A_MSIL1C_20240818T102021_N0511_R065_T34VCM_20240818T124603,9
erken_s2_chlf_matchup_analysis_v1.0,2024-08-18,2024,2023_onward,L2A,NDCI,0.05304518664047153,14.5549,1.163009225948146,True,True,S2A_MSIL2A_20240818T102021_N0511_R065_T34VCM_20240818T140657,9
erken_s2_chlf_matchup_analysis_v1.0,2024-08-18,2024,2023_onward,L2A,MCI,-0.000279999999999999,14.5549,1.163009225948146,True,True,S2A_MSIL2A_20240818T102021_N0511_R065_T34VCM_20240818T140657,9
erken_s2_chlf_matchup_analysis_v1.0,2024-08-18,2024,2023_onward,ACOLITE,NDCI,0.1366899856729517,14.5549,1.163009225948146,True,True,S2A_MSIL1C_20240818T102021_N0511_R065_T34VCM_20240818T124603,9
erken_s2_chlf_matchup_analysis_v1.0,2024-08-18,2024,2023_onward,ACOLITE,MCI,-0.0027694464971621813,14.5549,1.163009225948146,True,True,S2A_MSIL1C_20240818T102021_N0511_R065_T34VCM_20240818T124603,9
erken_s2_chlf_matchup_analysis_v1.0,2024-08-20,2024,2023_onward,L1C,NDCI,-0.0019128586609989035,18.3159,1.2628282637284078,True,True,S2B_MSIL1C_20240820T100559_N0511_R022_T34VCM_20240820T123551,9
erken_s2_chlf_matchup_analysis_v1.0,2024-08-20,2024,2023_onward,L1C,MCI,-0.0017066666666666688,18.3159,1.2628282637284078,True,True,S2B_MSIL1C_20240820T100559_N0511_R022_T34VCM_20240820T123551,9
erken_s2_chlf_matchup_analysis_v1.0,2024-08-20,2024,2023_onward,L2A,NDCI,0.1196013289036545,18.3159,1.2628282637284078,True,True,S2B_MSIL2A_20240820T100559_N0511_R022_T34VCM_20240820T130319,9
erken_s2_chlf_matchup_analysis_v1.0,2024-08-20,2024,2023_onward,L2A,MCI,0.0036533333333333314,18.3159,1.2628282637284078,True,True,S2B_MSIL2A_20240820T100559_N0511_R022_T34VCM_20240820T130319,9
erken_s2_chlf_matchup_analysis_v1.0,2024-08-20,2024,2023_onward,ACOLITE,NDCI,0.20179142880817086,18.3159,1.2628282637284078,True,True,S2B_MSIL1C_20240820T100559_N0511_R022_T34VCM_20240820T123551,9
erken_s2_chlf_matchup_analysis_v1.0,2024-08-20,2024,2023_onward,ACOLITE,MCI,-0.0014199379831552512,18.3159,1.2628282637284078,True,True,S2B_MSIL1C_20240820T100559_N0511_R022_T34VCM_20240820T123551,9
erken_s2_chlf_matchup_analysis_v1.0,2024-08-28,2024,2023_onward,L1C,NDCI,-0.03405572755417954,9.31973,0.9694033306792337,True,True,S2A_MSIL1C_20240828T102021_N0511_R065_T34VCM_20240828T130205,9
erken_s2_chlf_matchup_analysis_v1.0,2024-08-28,2024,2023_onward,L1C,MCI,0.0010550000000000004,9.31973,0.9694033306792337,True,True,S2A_MSIL1C_20240828T102021_N0511_R065_T34VCM_20240828T130205,9
erken_s2_chlf_matchup_analysis_v1.0,2024-08-28,2024,2023_onward,L2A,NDCI,0.07169811320754718,9.31973,0.9694033306792337,True,True,S2A_MSIL2A_20240828T102021_N0511_R065_T34VCM_20240828T150452,9
erken_s2_chlf_matchup_analysis_v1.0,2024-08-28,2024,2023_onward,L2A,MCI,0.0041600000000000005,9.31973,0.9694033306792337,True,True,S2A_MSIL2A_20240828T102021_N0511_R065_T34VCM_20240828T150452,9
erken_s2_chlf_matchup_analysis_v1.0,2024-08-28,2024,2023_onward,ACOLITE,NDCI,0.1137024129032814,9.31973,0.9694033306792337,True,True,S2A_MSIL1C_20240828T102021_N0511_R065_T34VCM_20240828T130205,9
erken_s2_chlf_matchup_analysis_v1.0,2024-08-28,2024,2023_onward,ACOLITE,MCI,0.0022765462597211204,9.31973,0.9694033306792337,True,True,S2A_MSIL1C_20240828T102021_N0511_R065_T34VCM_20240828T130205,9
erken_s2_chlf_matchup_analysis_v1.0,2024-09-07,2024,2023_onward,L1C,NDCI,-0.06364922206506371,14.6808,1.1667497222094085,True,True,S2A_MSIL1C_20240907T102021_N0511_R065_T34VCM_20240907T125720,9
erken_s2_chlf_matchup_analysis_v1.0,2024-09-07,2024,2023_onward,L1C,MCI,-0.001684999999999999,14.6808,1.1667497222094085,True,True,S2A_MSIL1C_20240907T102021_N0511_R065_T34VCM_20240907T125720,9
erken_s2_chlf_matchup_analysis_v1.0,2024-09-07,2024,2023_onward,L2A,NDCI,0.015873015873015914,14.6808,1.1667497222094085,True,True,S2A_MSIL2A_20240907T102021_N0511_R065_T34VCM_20240907T143052,9
erken_s2_chlf_matchup_analysis_v1.0,2024-09-07,2024,2023_onward,L2A,MCI,0.0005000000000000004,14.6808,1.1667497222094085,True,True,S2A_MSIL2A_20240907T102021_N0511_R065_T34VCM_20240907T143052,9
erken_s2_chlf_matchup_analysis_v1.0,2024-09-07,2024,2023_onward,ACOLITE,NDCI,0.08824745824542327,14.6808,1.1667497222094085,True,True,S2A_MSIL1C_20240907T102021_N0511_R065_T34VCM_20240907T125720,9
erken_s2_chlf_matchup_analysis_v1.0,2024-09-07,2024,2023_onward,ACOLITE,MCI,-0.0009577117084215089,14.6808,1.1667497222094085,True,True,S2A_MSIL1C_20240907T102021_N0511_R065_T34VCM_20240907T125720,9
erken_s2_chlf_matchup_analysis_v1.0,2024-09-12,2024,2023_onward,L1C,NDCI,-0.05498403689251502,10.9353,1.0388307020108194,True,True,S2B_MSIL1C_20240912T102019_N0511_R065_T34VCM_20240912T171852,9
erken_s2_chlf_matchup_analysis_v1.0,2024-09-12,2024,2023_onward,L1C,MCI,-0.0013066666666666643,10.9353,1.0388307020108194,True,True,S2B_MSIL1C_20240912T102019_N0511_R065_T34VCM_20240912T171852,9
erken_s2_chlf_matchup_analysis_v1.0,2024-09-12,2024,2023_onward,L2A,NDCI,0.015267175572519057,10.9353,1.0388307020108194,True,True,S2B_MSIL2A_20240912T102019_N0511_R065_T34VCM_20240912T175037,9
erken_s2_chlf_matchup_analysis_v1.0,2024-09-12,2024,2023_onward,L2A,MCI,0.0007533333333333333,10.9353,1.0388307020108194,True,True,S2B_MSIL2A_20240912T102019_N0511_R065_T34VCM_20240912T175037,9
erken_s2_chlf_matchup_analysis_v1.0,2024-09-12,2024,2023_onward,ACOLITE,NDCI,0.03195002142825393,10.9353,1.0388307020108194,True,True,S2B_MSIL1C_20240912T102019_N0511_R065_T34VCM_20240912T171852,9
erken_s2_chlf_matchup_analysis_v1.0,2024-09-12,2024,2023_onward,ACOLITE,MCI,-0.0008951390782992036,10.9353,1.0388307020108194,True,True,S2B_MSIL1C_20240912T102019_N0511_R065_T34VCM_20240912T171852,9
erken_s2_chlf_matchup_analysis_v1.0,2024-09-14,2024,2023_onward,L1C,NDCI,-0.07403231867718901,26.836,1.4287177832038316,True,True,S2A_MSIL1C_20240914T100631_N0511_R022_T34VCM_20240914T124515,9
erken_s2_chlf_matchup_analysis_v1.0,2024-09-14,2024,2023_onward,L1C,MCI,-0.0004333333333333307,26.836,1.4287177832038316,True,True,S2A_MSIL1C_20240914T100631_N0511_R022_T34VCM_20240914T124515,9
erken_s2_chlf_matchup_analysis_v1.0,2024-09-14,2024,2023_onward,L2A,NDCI,-0.07017543859649125,26.836,1.4287177832038316,True,True,S2A_MSIL2A_20240914T100631_N0511_R022_T34VCM_20240914T145600,9
erken_s2_chlf_matchup_analysis_v1.0,2024-09-14,2024,2023_onward,L2A,MCI,0.0007266666666666654,26.836,1.4287177832038316,True,True,S2A_MSIL2A_20240914T100631_N0511_R022_T34VCM_20240914T145600,9
erken_s2_chlf_matchup_analysis_v1.0,2024-09-14,2024,2023_onward,ACOLITE,NDCI,-0.01311613709745454,26.836,1.4287177832038316,True,True,S2A_MSIL1C_20240914T100631_N0511_R022_T34VCM_20240914T124515,9
erken_s2_chlf_matchup_analysis_v1.0,2024-09-14,2024,2023_onward,ACOLITE,MCI,0.0002826087176799781,26.836,1.4287177832038316,True,True,S2A_MSIL1C_20240914T100631_N0511_R022_T34VCM_20240914T124515,9
erken_s2_chlf_matchup_analysis_v1.0,2024-09-19,2024,2023_onward,L1C,NDCI,-0.08348134991119004,3.73104,0.5718299050810745,True,True,S2B_MSIL1C_20240919T101019_N0511_R022_T34VCM_20240919T135226,9
erken_s2_chlf_matchup_analysis_v1.0,2024-09-19,2024,2023_onward,L1C,MCI,-0.0002449999999999987,3.73104,0.5718299050810745,True,True,S2B_MSIL1C_20240919T101019_N0511_R022_T34VCM_20240919T135226,9
erken_s2_chlf_matchup_analysis_v1.0,2024-09-19,2024,2023_onward,L2A,NDCI,-0.12820512820512828,3.73104,0.5718299050810745,True,True,S2B_MSIL2A_20240919T101019_N0511_R022_T34VCM_20240919T141852,9
erken_s2_chlf_matchup_analysis_v1.0,2024-09-19,2024,2023_onward,L2A,MCI,0.0009066666666666667,3.73104,0.5718299050810745,True,True,S2B_MSIL2A_20240919T101019_N0511_R022_T34VCM_20240919T141852,9
erken_s2_chlf_matchup_analysis_v1.0,2024-09-19,2024,2023_onward,ACOLITE,NDCI,0.016530746594929913,3.73104,0.5718299050810745,True,True,S2B_MSIL1C_20240919T101019_N0511_R022_T34VCM_20240919T135226,9
erken_s2_chlf_matchup_analysis_v1.0,2024-09-19,2024,2023_onward,ACOLITE,MCI,0.0004493388036886847,3.73104,0.5718299050810745,True,True,S2B_MSIL1C_20240919T101019_N0511_R022_T34VCM_20240919T135226,9
erken_s2_chlf_matchup_analysis_v1.0,2024-09-29,2024,2023_onward,L1C,NDCI,-0.07371928363182005,3.20969,0.5064630891678951,True,True,S2B_MSIL1C_20240929T100719_N0511_R022_T34VCM_20240929T124821,9
erken_s2_chlf_matchup_analysis_v1.0,2024-09-29,2024,2023_onward,L1C,MCI,0.0004949999999999989,3.20969,0.5064630891678951,True,True,S2B_MSIL1C_20240929T100719_N0511_R022_T34VCM_20240929T124821,9
erken_s2_chlf_matchup_analysis_v1.0,2024-09-29,2024,2023_onward,L2A,NDCI,-0.18840579710144933,3.20969,0.5064630891678951,True,True,S2B_MSIL2A_20240929T100719_N0511_R022_T34VCM_20240929T133706,9
erken_s2_chlf_matchup_analysis_v1.0,2024-09-29,2024,2023_onward,L2A,MCI,0.0012066666666666662,3.20969,0.5064630891678951,True,True,S2B_MSIL2A_20240929T100719_N0511_R022_T34VCM_20240929T133706,9
erken_s2_chlf_matchup_analysis_v1.0,2024-09-29,2024,2023_onward,ACOLITE,NDCI,0.008371868674160853,3.20969,0.5064630891678951,True,True,S2B_MSIL1C_20240929T100719_N0511_R022_T34VCM_20240929T124821,9
erken_s2_chlf_matchup_analysis_v1.0,2024-09-29,2024,2023_onward,ACOLITE,MCI,0.0010057559547324976,3.20969,0.5064630891678951,True,True,S2B_MSIL1C_20240929T100719_N0511_R022_T34VCM_20240929T124821,9
erken_s2_chlf_matchup_analysis_v1.0,2024-10-04,2024,2023_onward,L1C,NDCI,-0.09207708779443258,3.40797,0.5324957630630303,True,True,S2A_MSIL1C_20241004T100851_N0511_R022_T34VCM_20241004T105753,9
erken_s2_chlf_matchup_analysis_v1.0,2024-10-04,2024,2023_onward,L1C,MCI,-0.0011099999999999999,3.40797,0.5324957630630303,True,True,S2A_MSIL1C_20241004T100851_N0511_R022_T34VCM_20241004T105753,9
erken_s2_chlf_matchup_analysis_v1.0,2024-10-04,2024,2023_onward,L2A,NDCI,-1.4545454545454546,3.40797,0.5324957630630303,True,True,S2A_MSIL2A_20241004T100851_N0511_R022_T34VCM_20241004T121647,9
erken_s2_chlf_matchup_analysis_v1.0,2024-10-04,2024,2023_onward,L2A,MCI,-0.0007466666666666667,3.40797,0.5324957630630303,True,True,S2A_MSIL2A_20241004T100851_N0511_R022_T34VCM_20241004T121647,9
erken_s2_chlf_matchup_analysis_v1.0,2024-10-04,2024,2023_onward,ACOLITE,NDCI,-0.03325746193775996,3.40797,0.5324957630630303,True,True,S2A_MSIL1C_20241004T100851_N0511_R022_T34VCM_20241004T105753,9
erken_s2_chlf_matchup_analysis_v1.0,2024-10-04,2024,2023_onward,ACOLITE,MCI,-0.000614007283002138,3.40797,0.5324957630630303,True,True,S2A_MSIL1C_20241004T100851_N0511_R022_T34VCM_20241004T105753,9
erken_s2_chlf_matchup_analysis_v1.0,2024-10-07,2024,2023_onward,L1C,NDCI,-0.05778269283936965,3.63103,0.5600298371201724,True,True,S2A_MSIL1C_20241007T101921_N0511_R065_T34VCM_20241007T122440,9
erken_s2_chlf_matchup_analysis_v1.0,2024-10-07,2024,2023_onward,L1C,MCI,-0.0014749999999999971,3.63103,0.5600298371201724,True,True,S2A_MSIL1C_20241007T101921_N0511_R065_T34VCM_20241007T122440,9
erken_s2_chlf_matchup_analysis_v1.0,2024-10-07,2024,2023_onward,L2A,NDCI,-0.01169590643274857,3.63103,0.5600298371201724,True,True,S2A_MSIL2A_20241007T101921_N0511_R065_T34VCM_20241007T145846,9
erken_s2_chlf_matchup_analysis_v1.0,2024-10-07,2024,2023_onward,L2A,MCI,0.0011533333333333326,3.63103,0.5600298371201724,True,True,S2A_MSIL2A_20241007T101921_N0511_R065_T34VCM_20241007T145846,9
erken_s2_chlf_matchup_analysis_v1.0,2024-10-07,2024,2023_onward,ACOLITE,NDCI,0.09107480653080226,3.63103,0.5600298371201724,True,True,S2A_MSIL1C_20241007T101921_N0511_R065_T34VCM_20241007T122440,6
erken_s2_chlf_matchup_analysis_v1.0,2024-10-07,2024,2023_onward,ACOLITE,MCI,0.001328402447203796,3.63103,0.5600298371201724,True,True,S2A_MSIL1C_20241007T101921_N0511_R065_T34VCM_20241007T122440,6
erken_s2_chlf_matchup_analysis_v1.0,2024-10-17,2024,2023_onward,L1C,NDCI,-0.07156673114119923,2.72864,0.4359462413032062,True,True,S2A_MSIL1C_20241017T102021_N0511_R065_T34VCM_20241017T122244,9
erken_s2_chlf_matchup_analysis_v1.0,2024-10-17,2024,2023_onward,L1C,MCI,-0.0006116666666666701,2.72864,0.4359462413032062,True,True,S2A_MSIL1C_20241017T102021_N0511_R065_T34VCM_20241017T122244,9
erken_s2_chlf_matchup_analysis_v1.0,2024-10-17,2024,2023_onward,L2A,NDCI,-0.028037383177570086,2.72864,0.4359462413032062,True,True,S2A_MSIL2A_20241017T102021_N0511_R065_T34VCM_20241017T143350,9
erken_s2_chlf_matchup_analysis_v1.0,2024-10-17,2024,2023_onward,L2A,MCI,0.0006066666666666664,2.72864,0.4359462413032062,True,True,S2A_MSIL2A_20241017T102021_N0511_R065_T34VCM_20241017T143350,9
erken_s2_chlf_matchup_analysis_v1.0,2024-10-17,2024,2023_onward,ACOLITE,NDCI,-0.021516903923214568,2.72864,0.4359462413032062,True,True,S2A_MSIL1C_20241017T102021_N0511_R065_T34VCM_20241017T122244,9
erken_s2_chlf_matchup_analysis_v1.0,2024-10-17,2024,2023_onward,ACOLITE,MCI,0.00035371609653035794,2.72864,0.4359462413032062,True,True,S2A_MSIL1C_20241017T102021_N0511_R065_T34VCM_20241017T122244,9
erken_s2_chlf_matchup_analysis_v1.0,2024-10-19,2024,2023_onward,L1C,NDCI,-0.04239401496259353,3.00953,0.478498676874804,True,False,S2B_MSIL1C_20241019T100939_N0511_R022_T34VCM_20241019T121218,9
erken_s2_chlf_matchup_analysis_v1.0,2024-10-19,2024,2023_onward,L1C,MCI,-0.001831666666666662,3.00953,0.478498676874804,True,False,S2B_MSIL1C_20241019T100939_N0511_R022_T34VCM_20241019T121218,9
erken_s2_chlf_matchup_analysis_v1.0,2024-10-19,2024,2023_onward,L2A,NDCI,0.05248226950354612,3.00953,0.478498676874804,True,False,S2B_MSIL2A_20241019T100939_N0511_R022_T34VCM_20241019T123549,9
erken_s2_chlf_matchup_analysis_v1.0,2024-10-19,2024,2023_onward,L2A,MCI,0.002360000000000001,3.00953,0.478498676874804,True,False,S2B_MSIL2A_20241019T100939_N0511_R022_T34VCM_20241019T123549,9
erken_s2_chlf_matchup_analysis_v1.0,2024-10-24,2024,2023_onward,L1C,NDCI,-0.08403835307388612,3.67746,0.5655479575725785,True,True,S2A_MSIL1C_20241024T101101_N0511_R022_T34VCM_20241024T105806,9
erken_s2_chlf_matchup_analysis_v1.0,2024-10-24,2024,2023_onward,L1C,MCI,-0.001114999999999998,3.67746,0.5655479575725785,True,True,S2A_MSIL1C_20241024T101101_N0511_R022_T34VCM_20241024T105806,9
erken_s2_chlf_matchup_analysis_v1.0,2024-10-24,2024,2023_onward,L2A,NDCI,-0.03636363636363638,3.67746,0.5655479575725785,True,True,S2A_MSIL2A_20241024T101101_N0511_R022_T34VCM_20241024T122648,9
erken_s2_chlf_matchup_analysis_v1.0,2024-10-24,2024,2023_onward,L2A,MCI,0.0010866666666666663,3.67746,0.5655479575725785,True,True,S2A_MSIL2A_20241024T101101_N0511_R022_T34VCM_20241024T122648,9
erken_s2_chlf_matchup_analysis_v1.0,2024-10-24,2024,2023_onward,ACOLITE,NDCI,-0.013737580630170693,3.67746,0.5655479575725785,True,True,S2A_MSIL1C_20241024T101101_N0511_R022_T34VCM_20241024T105806,9
erken_s2_chlf_matchup_analysis_v1.0,2024-10-24,2024,2023_onward,ACOLITE,MCI,0.00029530295481284413,3.67746,0.5655479575725785,True,True,S2A_MSIL1C_20241024T101101_N0511_R022_T34VCM_20241024T105806,9
erken_s2_chlf_matchup_analysis_v1.0,2024-11-08,2024,2023_onward,L1C,NDCI,-0.1078486730660644,2.27516,0.3570119437068526,True,True,S2B_MSIL1C_20241108T101129_N0511_R022_T34VCM_20241108T110229,9
erken_s2_chlf_matchup_analysis_v1.0,2024-11-08,2024,2023_onward,L1C,MCI,-0.002558333333333329,2.27516,0.3570119437068526,True,True,S2B_MSIL1C_20241108T101129_N0511_R022_T34VCM_20241108T110229,9
erken_s2_chlf_matchup_analysis_v1.0,2024-11-08,2024,2023_onward,L2A,NDCI,-0.2679738562091503,2.27516,0.3570119437068526,True,True,S2B_MSIL2A_20241108T101129_N0511_R022_T34VCM_20241108T112954,9
erken_s2_chlf_matchup_analysis_v1.0,2024-11-08,2024,2023_onward,L2A,MCI,-0.0014866666666666657,2.27516,0.3570119437068526,True,True,S2B_MSIL2A_20241108T101129_N0511_R022_T34VCM_20241108T112954,9
erken_s2_chlf_matchup_analysis_v1.0,2024-11-08,2024,2023_onward,ACOLITE,NDCI,-0.1774842477448259,2.27516,0.3570119437068526,True,True,S2B_MSIL1C_20241108T101129_N0511_R022_T34VCM_20241108T110229,9
erken_s2_chlf_matchup_analysis_v1.0,2024-11-08,2024,2023_onward,ACOLITE,MCI,-0.0021662716132899128,2.27516,0.3570119437068526,True,True,S2B_MSIL1C_20241108T101129_N0511_R022_T34VCM_20241108T110229,9
erken_s2_chlf_matchup_analysis_v1.0,2024-11-13,2024,2023_onward,L1C,NDCI,-0.08636363636363639,2.34685,0.3704853323535559,True,True,S2A_MSIL1C_20241113T101251_N0511_R022_T34VCM_20241113T121135,9
erken_s2_chlf_matchup_analysis_v1.0,2024-11-13,2024,2023_onward,L1C,MCI,-0.0016149999999999984,2.34685,0.3704853323535559,True,True,S2A_MSIL1C_20241113T101251_N0511_R022_T34VCM_20241113T121135,9
erken_s2_chlf_matchup_analysis_v1.0,2024-11-13,2024,2023_onward,L2A,NDCI,-0.04166666666666666,2.34685,0.3704853323535559,True,True,S2A_MSIL2A_20241113T101251_N0511_R022_T34VCM_20241113T142853,9
erken_s2_chlf_matchup_analysis_v1.0,2024-11-13,2024,2023_onward,L2A,MCI,0.0002199999999999997,2.34685,0.3704853323535559,True,True,S2A_MSIL2A_20241113T101251_N0511_R022_T34VCM_20241113T142853,9
erken_s2_chlf_matchup_analysis_v1.0,2024-11-13,2024,2023_onward,ACOLITE,NDCI,0.08351421011164903,2.34685,0.3704853323535559,True,True,S2A_MSIL1C_20241113T101251_N0511_R022_T34VCM_20241113T121135,9
erken_s2_chlf_matchup_analysis_v1.0,2024-11-13,2024,2023_onward,ACOLITE,MCI,0.0003914901986718181,2.34685,0.3704853323535559,True,True,S2A_MSIL1C_20241113T101251_N0511_R022_T34VCM_20241113T121135,9
erken_s2_chlf_matchup_analysis_v1.0,2024-11-26,2024,2023_onward,L1C,NDCI,-0.06768599664366959,3.74696,0.5736790568856313,True,False,S2A_MSIL1C_20241126T102351_N0511_R065_T34VCM_20241126T104240,9
erken_s2_chlf_matchup_analysis_v1.0,2024-11-26,2024,2023_onward,L1C,MCI,-0.0011966666666666653,3.74696,0.5736790568856313,True,False,S2A_MSIL1C_20241126T102351_N0511_R065_T34VCM_20241126T104240,9
erken_s2_chlf_matchup_analysis_v1.0,2024-11-26,2024,2023_onward,L2A,NDCI,-0.06142506142506148,3.74696,0.5736790568856313,True,False,S2A_MSIL2A_20241126T102351_N0511_R065_T34VCM_20241126T111848,9
erken_s2_chlf_matchup_analysis_v1.0,2024-11-26,2024,2023_onward,L2A,MCI,0.0006266666666666643,3.74696,0.5736790568856313,True,False,S2A_MSIL2A_20241126T102351_N0511_R065_T34VCM_20241126T111848,9
erken_s2_chlf_matchup_analysis_v1.0,2025-03-21,2025,2023_onward,L1C,NDCI,-0.03411042944785275,27.9665,1.4466381179339722,True,False,S2B_MSIL1C_20250321T101629_N0511_R065_T34VCM_20250321T153322,9
erken_s2_chlf_matchup_analysis_v1.0,2025-03-21,2025,2023_onward,L1C,MCI,0.0009116666666666648,27.9665,1.4466381179339722,True,False,S2B_MSIL1C_20250321T101629_N0511_R065_T34VCM_20250321T153322,9
erken_s2_chlf_matchup_analysis_v1.0,2025-03-21,2025,2023_onward,L2A,NDCI,-0.006451612903225842,27.9665,1.4466381179339722,True,False,S2B_MSIL2A_20250321T101629_N0511_R065_T34VCM_20250321T160730,9
erken_s2_chlf_matchup_analysis_v1.0,2025-03-21,2025,2023_onward,L2A,MCI,0.0019400000000000008,27.9665,1.4466381179339722,True,False,S2B_MSIL2A_20250321T101629_N0511_R065_T34VCM_20250321T160730,9
erken_s2_chlf_matchup_analysis_v1.0,2025-03-23,2025,2023_onward,L1C,NDCI,-0.07099035933391763,38.2595,1.582739290085949,True,True,S2C_MSIL1C_20250323T100711_N0511_R022_T34VCM_20250323T142452,9
erken_s2_chlf_matchup_analysis_v1.0,2025-03-23,2025,2023_onward,L1C,MCI,0.0003499999999999996,38.2595,1.582739290085949,True,True,S2C_MSIL1C_20250323T100711_N0511_R022_T34VCM_20250323T142452,9
erken_s2_chlf_matchup_analysis_v1.0,2025-03-23,2025,2023_onward,L2A,NDCI,-0.14666666666666664,38.2595,1.582739290085949,True,True,S2C_MSIL2A_20250323T100711_N0511_R022_T34VCM_20250323T160703,9
erken_s2_chlf_matchup_analysis_v1.0,2025-03-23,2025,2023_onward,L2A,MCI,0.0005533333333333336,38.2595,1.582739290085949,True,True,S2C_MSIL2A_20250323T100711_N0511_R022_T34VCM_20250323T160703,9
erken_s2_chlf_matchup_analysis_v1.0,2025-03-23,2025,2023_onward,ACOLITE,NDCI,0.003281079364570432,38.2595,1.582739290085949,True,True,S2C_MSIL1C_20250323T100711_N0511_R022_T34VCM_20250323T142452,9
erken_s2_chlf_matchup_analysis_v1.0,2025-03-23,2025,2023_onward,ACOLITE,MCI,0.0008350304948786897,38.2595,1.582739290085949,True,True,S2C_MSIL1C_20250323T100711_N0511_R022_T34VCM_20250323T142452,9
erken_s2_chlf_matchup_analysis_v1.0,2025-04-04,2025,2023_onward,L1C,NDCI,-0.01988454137267483,7.71409,0.8872847014570855,True,True,S2A_MSIL1C_20250404T101041_N0511_R022_T34VCM_20250404T153020,9
erken_s2_chlf_matchup_analysis_v1.0,2025-04-04,2025,2023_onward,L1C,MCI,0.0019316666666666649,7.71409,0.8872847014570855,True,True,S2A_MSIL1C_20250404T101041_N0511_R022_T34VCM_20250404T153020,9
erken_s2_chlf_matchup_analysis_v1.0,2025-04-04,2025,2023_onward,L2A,NDCI,0.05978260869565219,7.71409,0.8872847014570855,True,True,S2A_MSIL2A_20250404T101041_N0511_R022_T34VCM_20250404T165218,9
erken_s2_chlf_matchup_analysis_v1.0,2025-04-04,2025,2023_onward,L2A,MCI,0.003213333333333332,7.71409,0.8872847014570855,True,True,S2A_MSIL2A_20250404T101041_N0511_R022_T34VCM_20250404T165218,9
erken_s2_chlf_matchup_analysis_v1.0,2025-04-04,2025,2023_onward,ACOLITE,NDCI,0.07899646014103491,7.71409,0.8872847014570855,True,True,S2A_MSIL1C_20250404T101041_N0511_R022_T34VCM_20250404T153020,9
erken_s2_chlf_matchup_analysis_v1.0,2025-04-04,2025,2023_onward,ACOLITE,MCI,0.002317638012270133,7.71409,0.8872847014570855,True,True,S2A_MSIL1C_20250404T101041_N0511_R022_T34VCM_20250404T153020,9
erken_s2_chlf_matchup_analysis_v1.0,2025-04-07,2025,2023_onward,L1C,NDCI,-0.06328024106758504,6.28904,0.7985843569680184,True,True,S2B_MSIL1C_20250407T100559_N0511_R022_T34VCM_20250407T123602,9
erken_s2_chlf_matchup_analysis_v1.0,2025-04-07,2025,2023_onward,L1C,MCI,0.0004516666666666662,6.28904,0.7985843569680184,True,True,S2B_MSIL1C_20250407T100559_N0511_R022_T34VCM_20250407T123602,9
erken_s2_chlf_matchup_analysis_v1.0,2025-04-07,2025,2023_onward,L2A,NDCI,0.0,6.28904,0.7985843569680184,True,True,S2B_MSIL2A_20250407T100559_N0511_R022_T34VCM_20250407T125834,9
erken_s2_chlf_matchup_analysis_v1.0,2025-04-07,2025,2023_onward,L2A,MCI,0.001293333333333333,6.28904,0.7985843569680184,True,True,S2B_MSIL2A_20250407T100559_N0511_R022_T34VCM_20250407T125834,9
erken_s2_chlf_matchup_analysis_v1.0,2025-04-07,2025,2023_onward,ACOLITE,NDCI,0.023389765561143933,6.28904,0.7985843569680184,True,True,S2B_MSIL1C_20250407T100559_N0511_R022_T34VCM_20250407T123602,9
erken_s2_chlf_matchup_analysis_v1.0,2025-04-07,2025,2023_onward,ACOLITE,MCI,0.0007814271685977776,6.28904,0.7985843569680184,True,True,S2B_MSIL1C_20250407T100559_N0511_R022_T34VCM_20250407T123602,9
erken_s2_chlf_matchup_analysis_v1.0,2025-04-12,2025,2023_onward,L1C,NDCI,-0.07062264939406603,8.27189,0.9176047505188896,True,True,S2C_MSIL1C_20250412T101041_N0511_R022_T34VCM_20250412T134850,9
erken_s2_chlf_matchup_analysis_v1.0,2025-04-12,2025,2023_onward,L1C,MCI,0.00018500000000000114,8.27189,0.9176047505188896,True,True,S2C_MSIL1C_20250412T101041_N0511_R022_T34VCM_20250412T134850,9
erken_s2_chlf_matchup_analysis_v1.0,2025-04-12,2025,2023_onward,L2A,NDCI,-0.03409090909090908,8.27189,0.9176047505188896,True,True,S2C_MSIL2A_20250412T101041_N0511_R022_T34VCM_20250412T154117,9
erken_s2_chlf_matchup_analysis_v1.0,2025-04-12,2025,2023_onward,L2A,MCI,0.0013133333333333348,8.27189,0.9176047505188896,True,True,S2C_MSIL2A_20250412T101041_N0511_R022_T34VCM_20250412T154117,9
erken_s2_chlf_matchup_analysis_v1.0,2025-04-12,2025,2023_onward,ACOLITE,NDCI,-0.06203002530420401,8.27189,0.9176047505188896,True,True,S2C_MSIL1C_20250412T101041_N0511_R022_T34VCM_20250412T134850,9
erken_s2_chlf_matchup_analysis_v1.0,2025-04-12,2025,2023_onward,ACOLITE,MCI,0.000487763714045286,8.27189,0.9176047505188896,True,True,S2C_MSIL1C_20250412T101041_N0511_R022_T34VCM_20250412T134850,9
erken_s2_chlf_matchup_analysis_v1.0,2025-04-14,2025,2023_onward,L1C,NDCI,-0.06926903941829313,7.0387,0.8474924553124861,True,True,S2A_MSIL1C_20250414T100701_N0511_R022_T34VCM_20250414T153115,9
erken_s2_chlf_matchup_analysis_v1.0,2025-04-14,2025,2023_onward,L1C,MCI,-0.00040833333333333346,7.0387,0.8474924553124861,True,True,S2A_MSIL1C_20250414T100701_N0511_R022_T34VCM_20250414T153115,9
erken_s2_chlf_matchup_analysis_v1.0,2025-04-14,2025,2023_onward,L2A,NDCI,-0.06818181818181816,7.0387,0.8474924553124861,True,True,S2A_MSIL2A_20250414T100701_N0511_R022_T34VCM_20250414T172412,9
erken_s2_chlf_matchup_analysis_v1.0,2025-04-14,2025,2023_onward,L2A,MCI,0.0005266666666666666,7.0387,0.8474924553124861,True,True,S2A_MSIL2A_20250414T100701_N0511_R022_T34VCM_20250414T172412,9
erken_s2_chlf_matchup_analysis_v1.0,2025-04-14,2025,2023_onward,ACOLITE,NDCI,-0.05116955405094429,7.0387,0.8474924553124861,True,True,S2A_MSIL1C_20250414T100701_N0511_R022_T34VCM_20250414T153115,9
erken_s2_chlf_matchup_analysis_v1.0,2025-04-14,2025,2023_onward,ACOLITE,MCI,-6.080434347192475e-05,7.0387,0.8474924553124861,True,True,S2A_MSIL1C_20250414T100701_N0511_R022_T34VCM_20250414T153115,9
erken_s2_chlf_matchup_analysis_v1.0,2025-05-04,2025,2023_onward,L1C,NDCI,-0.05828308929084119,3.5681,0.5524370174640645,True,True,S2A_MSIL1C_20250504T100701_N0511_R022_T34VCM_20250504T152814,9
erken_s2_chlf_matchup_analysis_v1.0,2025-05-04,2025,2023_onward,L1C,MCI,0.00015666666666666607,3.5681,0.5524370174640645,True,True,S2A_MSIL1C_20250504T100701_N0511_R022_T34VCM_20250504T152814,9
erken_s2_chlf_matchup_analysis_v1.0,2025-05-04,2025,2023_onward,L2A,NDCI,-0.03891050583657591,3.5681,0.5524370174640645,True,True,S2A_MSIL2A_20250504T100701_N0511_R022_T34VCM_20250504T171412,9
erken_s2_chlf_matchup_analysis_v1.0,2025-05-04,2025,2023_onward,L2A,MCI,0.0015200000000000005,3.5681,0.5524370174640645,True,True,S2A_MSIL2A_20250504T100701_N0511_R022_T34VCM_20250504T171412,9
erken_s2_chlf_matchup_analysis_v1.0,2025-05-04,2025,2023_onward,ACOLITE,NDCI,-0.02965699985343755,3.5681,0.5524370174640645,True,True,S2A_MSIL1C_20250504T100701_N0511_R022_T34VCM_20250504T152814,9
erken_s2_chlf_matchup_analysis_v1.0,2025-05-04,2025,2023_onward,ACOLITE,MCI,0.00019606513281663317,3.5681,0.5524370174640645,True,True,S2A_MSIL1C_20250504T100701_N0511_R022_T34VCM_20250504T152814,9
erken_s2_chlf_matchup_analysis_v1.0,2025-05-07,2025,2023_onward,ACOLITE,NDCI,-0.04668641186222594,2.75957,0.44084141497245644,True,False,S2B_MSIL1C_20250507T100559_N0511_R022_T34VCM_20250507T123606,7
erken_s2_chlf_matchup_analysis_v1.0,2025-05-07,2025,2023_onward,ACOLITE,MCI,-0.00055231029788653,2.75957,0.44084141497245644,True,False,S2B_MSIL1C_20250507T100559_N0511_R022_T34VCM_20250507T123606,7
erken_s2_chlf_matchup_analysis_v1.0,2025-05-12,2025,2023_onward,L1C,NDCI,-0.08604764219737479,2.03819,0.30924466647383014,True,True,S2C_MSIL1C_20250512T100611_N0511_R022_T34VCM_20250512T152838,9
erken_s2_chlf_matchup_analysis_v1.0,2025-05-12,2025,2023_onward,L1C,MCI,-0.001114999999999998,2.03819,0.30924466647383014,True,True,S2C_MSIL1C_20250512T100611_N0511_R022_T34VCM_20250512T152838,9
erken_s2_chlf_matchup_analysis_v1.0,2025-05-12,2025,2023_onward,L2A,NDCI,-0.09375000000000006,2.03819,0.30924466647383014,True,True,S2C_MSIL2A_20250512T100611_N0511_R022_T34VCM_20250512T173114,9
erken_s2_chlf_matchup_analysis_v1.0,2025-05-12,2025,2023_onward,L2A,MCI,-6.000000000000016e-05,2.03819,0.30924466647383014,True,True,S2C_MSIL2A_20250512T100611_N0511_R022_T34VCM_20250512T173114,9
erken_s2_chlf_matchup_analysis_v1.0,2025-05-12,2025,2023_onward,ACOLITE,NDCI,-0.06846117976971305,2.03819,0.30924466647383014,True,True,S2C_MSIL1C_20250512T100611_N0511_R022_T34VCM_20250512T152838,9
erken_s2_chlf_matchup_analysis_v1.0,2025-05-12,2025,2023_onward,ACOLITE,MCI,-0.0007459510738650954,2.03819,0.30924466647383014,True,True,S2C_MSIL1C_20250512T100611_N0511_R022_T34VCM_20250512T152838,9
erken_s2_chlf_matchup_analysis_v1.0,2025-05-14,2025,2023_onward,L1C,NDCI,-0.05226480836236931,1.38771,0.14229871787769405,True,False,S2A_MSIL1C_20250514T101041_N0511_R022_T34VCM_20250514T142711,9
erken_s2_chlf_matchup_analysis_v1.0,2025-05-14,2025,2023_onward,L1C,MCI,-0.0009033333333333254,1.38771,0.14229871787769405,True,False,S2A_MSIL1C_20250514T101041_N0511_R022_T34VCM_20250514T142711,9
erken_s2_chlf_matchup_analysis_v1.0,2025-05-14,2025,2023_onward,L2A,NDCI,-0.04057971014492759,1.38771,0.14229871787769405,True,False,S2A_MSIL2A_20250514T101041_N0511_R022_T34VCM_20250514T154511,9
erken_s2_chlf_matchup_analysis_v1.0,2025-05-14,2025,2023_onward,L2A,MCI,0.000559999999999998,1.38771,0.14229871787769405,True,False,S2A_MSIL2A_20250514T101041_N0511_R022_T34VCM_20250514T154511,9
erken_s2_chlf_matchup_analysis_v1.0,2025-05-15,2025,2023_onward,L1C,NDCI,-0.0457127400595077,1.54534,0.1890240461419784,True,False,S2C_MSIL1C_20250515T101611_N0511_R065_T34VCM_20250515T140132,9
erken_s2_chlf_matchup_analysis_v1.0,2025-05-15,2025,2023_onward,L1C,MCI,-0.0011999999999999997,1.54534,0.1890240461419784,True,False,S2C_MSIL1C_20250515T101611_N0511_R065_T34VCM_20250515T140132,9
erken_s2_chlf_matchup_analysis_v1.0,2025-05-15,2025,2023_onward,L2A,NDCI,-0.013996889580093283,1.54534,0.1890240461419784,True,False,S2C_MSIL2A_20250515T101611_N0511_R065_T34VCM_20250515T154718,9
erken_s2_chlf_matchup_analysis_v1.0,2025-05-15,2025,2023_onward,L2A,MCI,0.000706666666666661,1.54534,0.1890240461419784,True,False,S2C_MSIL2A_20250515T101611_N0511_R065_T34VCM_20250515T154718,9
erken_s2_chlf_matchup_analysis_v1.0,2025-05-20,2025,2023_onward,L1C,NDCI,-0.03830582373092488,1.78727,0.2521901656296314,True,True,S2B_MSIL1C_20250520T101559_N0511_R065_T34VCM_20250520T124535,9
erken_s2_chlf_matchup_analysis_v1.0,2025-05-20,2025,2023_onward,L1C,MCI,-0.0004566666666666677,1.78727,0.2521901656296314,True,True,S2B_MSIL1C_20250520T101559_N0511_R065_T34VCM_20250520T124535,9
erken_s2_chlf_matchup_analysis_v1.0,2025-05-20,2025,2023_onward,L2A,NDCI,-0.001980198019801968,1.78727,0.2521901656296314,True,True,S2B_MSIL2A_20250520T101559_N0511_R065_T34VCM_20250520T130619,9
erken_s2_chlf_matchup_analysis_v1.0,2025-05-20,2025,2023_onward,L2A,MCI,0.0010266666666666688,1.78727,0.2521901656296314,True,True,S2B_MSIL2A_20250520T101559_N0511_R065_T34VCM_20250520T130619,9
erken_s2_chlf_matchup_analysis_v1.0,2025-05-20,2025,2023_onward,ACOLITE,NDCI,-0.012169740799283709,1.78727,0.2521901656296314,True,True,S2B_MSIL1C_20250520T101559_N0511_R065_T34VCM_20250520T124535,9
erken_s2_chlf_matchup_analysis_v1.0,2025-05-20,2025,2023_onward,ACOLITE,MCI,-0.0007533746461073562,1.78727,0.2521901656296314,True,True,S2B_MSIL1C_20250520T101559_N0511_R065_T34VCM_20250520T124535,9
erken_s2_chlf_matchup_analysis_v1.0,2025-05-27,2025,2023_onward,L1C,NDCI,-0.06172839506172845,1.54215,0.18812661820521057,True,False,S2A_MSIL1C_20250527T102041_N0511_R065_T34VCM_20250527T153559,9
erken_s2_chlf_matchup_analysis_v1.0,2025-05-27,2025,2023_onward,L1C,MCI,-0.0006433333333333291,1.54215,0.18812661820521057,True,False,S2A_MSIL1C_20250527T102041_N0511_R065_T34VCM_20250527T153559,9
erken_s2_chlf_matchup_analysis_v1.0,2025-05-27,2025,2023_onward,L2A,NDCI,-0.04313725490196072,1.54215,0.18812661820521057,True,False,S2A_MSIL2A_20250527T102041_N0511_R065_T34VCM_20250527T165916,9
erken_s2_chlf_matchup_analysis_v1.0,2025-05-27,2025,2023_onward,L2A,MCI,0.0015466666666666684,1.54215,0.18812661820521057,True,False,S2A_MSIL2A_20250527T102041_N0511_R065_T34VCM_20250527T165916,9
erken_s2_chlf_matchup_analysis_v1.0,2025-06-01,2025,2023_onward,L1C,NDCI,0.04174830444611907,1.18888,0.0751380211721992,True,False,S2C_MSIL1C_20250601T101041_N0511_R022_T34VCM_20250601T124124,9
erken_s2_chlf_matchup_analysis_v1.0,2025-06-01,2025,2023_onward,L1C,MCI,-0.011496666666666669,1.18888,0.0751380211721992,True,False,S2C_MSIL1C_20250601T101041_N0511_R022_T34VCM_20250601T124124,9
erken_s2_chlf_matchup_analysis_v1.0,2025-06-01,2025,2023_onward,L2A,NDCI,0.11488049344641482,1.18888,0.0751380211721992,True,False,S2C_MSIL2A_20250601T101041_N0511_R022_T34VCM_20250601T142413,9
erken_s2_chlf_matchup_analysis_v1.0,2025-06-01,2025,2023_onward,L2A,MCI,-0.007793333333333333,1.18888,0.0751380211721992,True,False,S2C_MSIL2A_20250601T101041_N0511_R022_T34VCM_20250601T142413,9
erken_s2_chlf_matchup_analysis_v1.0,2025-06-03,2025,2023_onward,L1C,NDCI,-0.04761904761904768,1.23642,0.09216602147973983,True,False,S2A_MSIL1C_20250603T101041_N0511_R022_T34VCM_20250603T105730,9
erken_s2_chlf_matchup_analysis_v1.0,2025-06-03,2025,2023_onward,L1C,MCI,-0.001748333333333331,1.23642,0.09216602147973983,True,False,S2A_MSIL1C_20250603T101041_N0511_R022_T34VCM_20250603T105730,9
erken_s2_chlf_matchup_analysis_v1.0,2025-06-03,2025,2023_onward,L2A,NDCI,-0.0229885057471264,1.23642,0.09216602147973983,True,False,S2A_MSIL2A_20250603T101041_N0511_R022_T34VCM_20250603T120411,9
erken_s2_chlf_matchup_analysis_v1.0,2025-06-03,2025,2023_onward,L2A,MCI,0.00102,1.23642,0.09216602147973983,True,False,S2A_MSIL2A_20250603T101041_N0511_R022_T34VCM_20250603T120411,9
erken_s2_chlf_matchup_analysis_v1.0,2025-06-14,2025,2023_onward,L1C,NDCI,-0.02912621359223298,1.72823,0.23760153969600328,True,True,S2C_MSIL1C_20250614T101621_N0511_R065_T34VCM_20250614T124536,9
erken_s2_chlf_matchup_analysis_v1.0,2025-06-14,2025,2023_onward,L1C,MCI,-0.004708333333333328,1.72823,0.23760153969600328,True,True,S2C_MSIL1C_20250614T101621_N0511_R065_T34VCM_20250614T124536,9
erken_s2_chlf_matchup_analysis_v1.0,2025-06-14,2025,2023_onward,L2A,NDCI,0.03401360544217684,1.72823,0.23760153969600328,True,True,S2C_MSIL2A_20250614T101621_N0511_R065_T34VCM_20250614T142405,9
erken_s2_chlf_matchup_analysis_v1.0,2025-06-14,2025,2023_onward,L2A,MCI,-0.0027333333333333324,1.72823,0.23760153969600328,True,True,S2C_MSIL2A_20250614T101621_N0511_R065_T34VCM_20250614T142405,9
erken_s2_chlf_matchup_analysis_v1.0,2025-06-14,2025,2023_onward,ACOLITE,NDCI,0.10098452668422461,1.72823,0.23760153969600328,True,True,S2C_MSIL1C_20250614T101621_N0511_R065_T34VCM_20250614T124536,9
erken_s2_chlf_matchup_analysis_v1.0,2025-06-14,2025,2023_onward,ACOLITE,MCI,-0.004539939636985461,1.72823,0.23760153969600328,True,True,S2C_MSIL1C_20250614T101621_N0511_R065_T34VCM_20250614T124536,9
erken_s2_chlf_matchup_analysis_v1.0,2025-06-26,2025,2023_onward,L1C,NDCI,-0.05193578847969781,1.73124,0.2383572778410945,True,True,S2B_MSIL1C_20250626T100559_N0511_R022_T34VCM_20250626T123609,9
erken_s2_chlf_matchup_analysis_v1.0,2025-06-26,2025,2023_onward,L1C,MCI,-0.0022049999999999986,1.73124,0.2383572778410945,True,True,S2B_MSIL1C_20250626T100559_N0511_R022_T34VCM_20250626T123609,9
erken_s2_chlf_matchup_analysis_v1.0,2025-06-26,2025,2023_onward,L2A,NDCI,0.059523809523809465,1.73124,0.2383572778410945,True,True,S2B_MSIL2A_20250626T100559_N0511_R022_T34VCM_20250626T130127,9
erken_s2_chlf_matchup_analysis_v1.0,2025-06-26,2025,2023_onward,L2A,MCI,-0.0007600000000000003,1.73124,0.2383572778410945,True,True,S2B_MSIL2A_20250626T100559_N0511_R022_T34VCM_20250626T130127,9
erken_s2_chlf_matchup_analysis_v1.0,2025-06-26,2025,2023_onward,ACOLITE,NDCI,0.08067101732742007,1.73124,0.2383572778410945,True,True,S2B_MSIL1C_20250626T100559_N0511_R022_T34VCM_20250626T123609,9
erken_s2_chlf_matchup_analysis_v1.0,2025-06-26,2025,2023_onward,ACOLITE,MCI,-0.002040473589052757,1.73124,0.2383572778410945,True,True,S2B_MSIL1C_20250626T100559_N0511_R022_T34VCM_20250626T123609,9
erken_s2_chlf_matchup_analysis_v1.0,2025-07-03,2025,2023_onward,L1C,NDCI,-0.06545820745216521,2.98132,0.47440859353532855,True,True,S2A_MSIL1C_20250703T100711_N0511_R022_T34VCM_20250703T105812,9
erken_s2_chlf_matchup_analysis_v1.0,2025-07-03,2025,2023_onward,L1C,MCI,-0.0018383333333333376,2.98132,0.47440859353532855,True,True,S2A_MSIL1C_20250703T100711_N0511_R022_T34VCM_20250703T105812,9
erken_s2_chlf_matchup_analysis_v1.0,2025-07-03,2025,2023_onward,L2A,NDCI,-0.06483300589390957,2.98132,0.47440859353532855,True,True,S2A_MSIL2A_20250703T100711_N0511_R022_T34VCM_20250703T120917,9
erken_s2_chlf_matchup_analysis_v1.0,2025-07-03,2025,2023_onward,L2A,MCI,0.004006666666666669,2.98132,0.47440859353532855,True,True,S2A_MSIL2A_20250703T100711_N0511_R022_T34VCM_20250703T120917,9
erken_s2_chlf_matchup_analysis_v1.0,2025-07-03,2025,2023_onward,ACOLITE,NDCI,-0.06244008700948092,2.98132,0.47440859353532855,True,True,S2A_MSIL1C_20250703T100711_N0511_R022_T34VCM_20250703T105812,9
erken_s2_chlf_matchup_analysis_v1.0,2025-07-03,2025,2023_onward,ACOLITE,MCI,-0.000977518409490584,2.98132,0.47440859353532855,True,True,S2A_MSIL1C_20250703T100711_N0511_R022_T34VCM_20250703T105812,9
erken_s2_chlf_matchup_analysis_v1.0,2025-07-04,2025,2023_onward,L1C,NDCI,-0.055702917771883284,2.74202,0.4380706181624512,True,True,S2C_MSIL1C_20250704T102041_N0511_R065_T34VCM_20250704T140054,9
erken_s2_chlf_matchup_analysis_v1.0,2025-07-04,2025,2023_onward,L1C,MCI,-0.0021916666666666647,2.74202,0.4380706181624512,True,True,S2C_MSIL1C_20250704T102041_N0511_R065_T34VCM_20250704T140054,9
erken_s2_chlf_matchup_analysis_v1.0,2025-07-04,2025,2023_onward,L2A,NDCI,0.012987012987012983,2.74202,0.4380706181624512,True,True,S2C_MSIL2A_20250704T102041_N0511_R065_T34VCM_20250704T153115,9
erken_s2_chlf_matchup_analysis_v1.0,2025-07-04,2025,2023_onward,L2A,MCI,-0.0007666666666666672,2.74202,0.4380706181624512,True,True,S2C_MSIL2A_20250704T102041_N0511_R065_T34VCM_20250704T153115,9
erken_s2_chlf_matchup_analysis_v1.0,2025-07-04,2025,2023_onward,ACOLITE,NDCI,0.015679136617696834,2.74202,0.4380706181624512,True,True,S2C_MSIL1C_20250704T102041_N0511_R065_T34VCM_20250704T140054,9
erken_s2_chlf_matchup_analysis_v1.0,2025-07-04,2025,2023_onward,ACOLITE,MCI,-0.001730817928910255,2.74202,0.4380706181624512,True,True,S2C_MSIL1C_20250704T102041_N0511_R065_T34VCM_20250704T140054,9
erken_s2_chlf_matchup_analysis_v1.0,2025-07-09,2025,2023_onward,L1C,NDCI,-0.05134474327628362,4.45827,0.6491663665128439,True,True,S2B_MSIL1C_20250709T101559_N0511_R065_T34VCM_20250709T153510,9
erken_s2_chlf_matchup_analysis_v1.0,2025-07-09,2025,2023_onward,L1C,MCI,-0.002085,4.45827,0.6491663665128439,True,True,S2B_MSIL1C_20250709T101559_N0511_R065_T34VCM_20250709T153510,9
erken_s2_chlf_matchup_analysis_v1.0,2025-07-09,2025,2023_onward,L2A,NDCI,0.019157088122605317,4.45827,0.6491663665128439,True,True,S2B_MSIL2A_20250709T101559_N0511_R065_T34VCM_20250709T155807,9
erken_s2_chlf_matchup_analysis_v1.0,2025-07-09,2025,2023_onward,L2A,MCI,-0.0002866666666666677,4.45827,0.6491663665128439,True,True,S2B_MSIL2A_20250709T101559_N0511_R065_T34VCM_20250709T155807,9
erken_s2_chlf_matchup_analysis_v1.0,2025-07-09,2025,2023_onward,ACOLITE,NDCI,0.005749003379705531,4.45827,0.6491663665128439,True,True,S2B_MSIL1C_20250709T101559_N0511_R065_T34VCM_20250709T153510,9
erken_s2_chlf_matchup_analysis_v1.0,2025-07-09,2025,2023_onward,ACOLITE,MCI,-0.002005152901013692,4.45827,0.6491663665128439,True,True,S2B_MSIL1C_20250709T101559_N0511_R065_T34VCM_20250709T153510,9
erken_s2_chlf_matchup_analysis_v1.0,2025-07-16,2025,2023_onward,L1C,NDCI,-0.053708439897698246,5.29492,0.7238594028153607,True,True,S2B_MSIL1C_20250716T100559_N0511_R022_T34VCM_20250716T122002,9
erken_s2_chlf_matchup_analysis_v1.0,2025-07-16,2025,2023_onward,L1C,MCI,-0.0019066666666666676,5.29492,0.7238594028153607,True,True,S2B_MSIL1C_20250716T100559_N0511_R022_T34VCM_20250716T122002,9
erken_s2_chlf_matchup_analysis_v1.0,2025-07-16,2025,2023_onward,L2A,NDCI,0.01913875598086121,5.29492,0.7238594028153607,True,True,S2B_MSIL2A_20250716T100559_N0511_R022_T34VCM_20250716T124455,9
erken_s2_chlf_matchup_analysis_v1.0,2025-07-16,2025,2023_onward,L2A,MCI,0.0011733333333333318,5.29492,0.7238594028153607,True,True,S2B_MSIL2A_20250716T100559_N0511_R022_T34VCM_20250716T124455,9
erken_s2_chlf_matchup_analysis_v1.0,2025-07-16,2025,2023_onward,ACOLITE,NDCI,0.021630716449036403,5.29492,0.7238594028153607,True,True,S2B_MSIL1C_20250716T100559_N0511_R022_T34VCM_20250716T122002,9
erken_s2_chlf_matchup_analysis_v1.0,2025-07-16,2025,2023_onward,ACOLITE,MCI,-0.001452167270084223,5.29492,0.7238594028153607,True,True,S2B_MSIL1C_20250716T100559_N0511_R022_T34VCM_20250716T122002,9
erken_s2_chlf_matchup_analysis_v1.0,2025-07-19,2025,2023_onward,L1C,NDCI,-0.04379860826852231,4.66615,0.66895869569331,True,True,S2B_MSIL1C_20250719T101559_N0511_R065_T34VCM_20250719T123330,9
erken_s2_chlf_matchup_analysis_v1.0,2025-07-19,2025,2023_onward,L1C,MCI,-0.0008650000000000047,4.66615,0.66895869569331,True,True,S2B_MSIL1C_20250719T101559_N0511_R065_T34VCM_20250719T123330,9
erken_s2_chlf_matchup_analysis_v1.0,2025-07-19,2025,2023_onward,L2A,NDCI,0.05970149253731346,4.66615,0.66895869569331,True,True,S2B_MSIL2A_20250719T101559_N0511_R065_T34VCM_20250719T130235,9
erken_s2_chlf_matchup_analysis_v1.0,2025-07-19,2025,2023_onward,L2A,MCI,0.0013066666666666678,4.66615,0.66895869569331,True,True,S2B_MSIL2A_20250719T101559_N0511_R065_T34VCM_20250719T130235,9
erken_s2_chlf_matchup_analysis_v1.0,2025-07-19,2025,2023_onward,ACOLITE,NDCI,0.11560043952239525,4.66615,0.66895869569331,True,True,S2B_MSIL1C_20250719T101559_N0511_R065_T34VCM_20250719T123330,9
erken_s2_chlf_matchup_analysis_v1.0,2025-07-19,2025,2023_onward,ACOLITE,MCI,-0.00042904941365122864,4.66615,0.66895869569331,True,True,S2B_MSIL1C_20250719T101559_N0511_R065_T34VCM_20250719T123330,9
erken_s2_chlf_matchup_analysis_v1.0,2025-07-21,2025,2023_onward,L1C,NDCI,-0.05671154630762958,6.6352,0.8218540180199427,True,True,S2C_MSIL1C_20250721T101051_N0511_R022_T34VCM_20250721T134947,9
erken_s2_chlf_matchup_analysis_v1.0,2025-07-21,2025,2023_onward,L1C,MCI,-0.0015849999999999961,6.6352,0.8218540180199427,True,True,S2C_MSIL1C_20250721T101051_N0511_R022_T34VCM_20250721T134947,9
erken_s2_chlf_matchup_analysis_v1.0,2025-07-21,2025,2023_onward,L2A,NDCI,0.04132231404958681,6.6352,0.8218540180199427,True,True,S2C_MSIL2A_20250721T101051_N0511_R022_T34VCM_20250721T152330,9
erken_s2_chlf_matchup_analysis_v1.0,2025-07-21,2025,2023_onward,L2A,MCI,0.0007466666666666663,6.6352,0.8218540180199427,True,True,S2C_MSIL2A_20250721T101051_N0511_R022_T34VCM_20250721T152330,9
erken_s2_chlf_matchup_analysis_v1.0,2025-07-21,2025,2023_onward,ACOLITE,NDCI,0.014162991259950082,6.6352,0.8218540180199427,True,True,S2C_MSIL1C_20250721T101051_N0511_R022_T34VCM_20250721T134947,6
erken_s2_chlf_matchup_analysis_v1.0,2025-07-21,2025,2023_onward,ACOLITE,MCI,-0.0010051779448986059,6.6352,0.8218540180199427,True,True,S2C_MSIL1C_20250721T101051_N0511_R022_T34VCM_20250721T134947,6
erken_s2_chlf_matchup_analysis_v1.0,2025-07-23,2025,2023_onward,L1C,NDCI,-0.06299694189602448,4.77102,0.6786112371146655,True,False,S2A_MSIL1C_20250723T100711_N0511_R022_T34VCM_20250723T124234,9
erken_s2_chlf_matchup_analysis_v1.0,2025-07-23,2025,2023_onward,L1C,MCI,-0.0031100000000000017,4.77102,0.6786112371146655,True,False,S2A_MSIL1C_20250723T100711_N0511_R022_T34VCM_20250723T124234,9
erken_s2_chlf_matchup_analysis_v1.0,2025-07-23,2025,2023_onward,L2A,NDCI,-0.016548463356973978,4.77102,0.6786112371146655,True,False,S2A_MSIL2A_20250723T100711_N0511_R022_T34VCM_20250723T135913,9
erken_s2_chlf_matchup_analysis_v1.0,2025-07-23,2025,2023_onward,L2A,MCI,0.00019333333333333355,4.77102,0.6786112371146655,True,False,S2A_MSIL2A_20250723T100711_N0511_R022_T34VCM_20250723T135913,9
erken_s2_chlf_matchup_analysis_v1.0,2025-07-24,2025,2023_onward,L1C,NDCI,-0.06960352422907487,5.79484,0.7630414492596852,True,True,S2C_MSIL1C_20250724T102041_N0511_R065_T34VCM_20250724T135905,9
erken_s2_chlf_matchup_analysis_v1.0,2025-07-24,2025,2023_onward,L1C,MCI,-0.0015916666666666648,5.79484,0.7630414492596852,True,True,S2C_MSIL1C_20250724T102041_N0511_R065_T34VCM_20250724T135905,9
erken_s2_chlf_matchup_analysis_v1.0,2025-07-24,2025,2023_onward,L2A,NDCI,0.04210526315789475,5.79484,0.7630414492596852,True,True,S2C_MSIL2A_20250724T102041_N0511_R065_T34VCM_20250724T152814,9
erken_s2_chlf_matchup_analysis_v1.0,2025-07-24,2025,2023_onward,L2A,MCI,0.0009533333333333338,5.79484,0.7630414492596852,True,True,S2C_MSIL2A_20250724T102041_N0511_R065_T34VCM_20250724T152814,9
erken_s2_chlf_matchup_analysis_v1.0,2025-07-24,2025,2023_onward,ACOLITE,NDCI,0.04800759625613707,5.79484,0.7630414492596852,True,True,S2C_MSIL1C_20250724T102041_N0511_R065_T34VCM_20250724T135905,9
erken_s2_chlf_matchup_analysis_v1.0,2025-07-24,2025,2023_onward,ACOLITE,MCI,-0.0007831777756412833,5.79484,0.7630414492596852,True,True,S2C_MSIL1C_20250724T102041_N0511_R065_T34VCM_20250724T135905,9
erken_s2_chlf_matchup_analysis_v1.0,2025-07-26,2025,2023_onward,L1C,NDCI,-0.08265078183172002,6.962,0.8427340189482696,True,True,S2B_MSIL1C_20250726T100559_N0511_R022_T34VCM_20250726T120532,9
erken_s2_chlf_matchup_analysis_v1.0,2025-07-26,2025,2023_onward,L1C,MCI,-0.001469999999999999,6.962,0.8427340189482696,True,True,S2B_MSIL1C_20250726T100559_N0511_R022_T34VCM_20250726T120532,9
erken_s2_chlf_matchup_analysis_v1.0,2025-07-26,2025,2023_onward,L2A,NDCI,-0.008849557522123916,6.962,0.8427340189482696,True,True,S2B_MSIL2A_20250726T100559_N0511_R022_T34VCM_20250726T122650,9
erken_s2_chlf_matchup_analysis_v1.0,2025-07-26,2025,2023_onward,L2A,MCI,0.0018733333333333345,6.962,0.8427340189482696,True,True,S2B_MSIL2A_20250726T100559_N0511_R022_T34VCM_20250726T122650,9
erken_s2_chlf_matchup_analysis_v1.0,2025-07-26,2025,2023_onward,ACOLITE,NDCI,-0.0702779869606305,6.962,0.8427340189482696,True,True,S2B_MSIL1C_20250726T100559_N0511_R022_T34VCM_20250726T120532,9
erken_s2_chlf_matchup_analysis_v1.0,2025-07-26,2025,2023_onward,ACOLITE,MCI,-0.0008860715044041474,6.962,0.8427340189482696,True,True,S2B_MSIL1C_20250726T100559_N0511_R022_T34VCM_20250726T120532,9
erken_s2_chlf_matchup_analysis_v1.0,2025-08-02,2025,2023_onward,L1C,NDCI,0.028714107365792718,28.3394,1.452390651153235,True,True,S2A_MSIL1C_20250802T101041_N0511_R022_T34VCM_20250802T124343,9
erken_s2_chlf_matchup_analysis_v1.0,2025-08-02,2025,2023_onward,L1C,MCI,0.007528333333333331,28.3394,1.452390651153235,True,True,S2A_MSIL1C_20250802T101041_N0511_R022_T34VCM_20250802T124343,9
erken_s2_chlf_matchup_analysis_v1.0,2025-08-02,2025,2023_onward,L2A,NDCI,0.16380655226209045,28.3394,1.452390651153235,True,True,S2A_MSIL2A_20250802T101041_N0511_R022_T34VCM_20250802T140417,9
erken_s2_chlf_matchup_analysis_v1.0,2025-08-02,2025,2023_onward,L2A,MCI,0.015246666666666665,28.3394,1.452390651153235,True,True,S2A_MSIL2A_20250802T101041_N0511_R022_T34VCM_20250802T140417,9
erken_s2_chlf_matchup_analysis_v1.0,2025-08-02,2025,2023_onward,ACOLITE,NDCI,0.15470212335168698,28.3394,1.452390651153235,True,True,S2A_MSIL1C_20250802T101041_N0511_R022_T34VCM_20250802T124343,9
erken_s2_chlf_matchup_analysis_v1.0,2025-08-02,2025,2023_onward,ACOLITE,MCI,0.010105374827980997,28.3394,1.452390651153235,True,True,S2A_MSIL1C_20250802T101041_N0511_R022_T34VCM_20250802T124343,9
erken_s2_chlf_matchup_analysis_v1.0,2025-08-05,2025,2023_onward,L1C,NDCI,-0.05363255990871059,31.3848,1.4967193654489523,True,True,S2B_MSIL1C_20250805T100559_N0511_R022_T34VCM_20250805T134518,9
erken_s2_chlf_matchup_analysis_v1.0,2025-08-05,2025,2023_onward,L1C,MCI,-0.0004949999999999989,31.3848,1.4967193654489523,True,True,S2B_MSIL1C_20250805T100559_N0511_R022_T34VCM_20250805T134518,9
erken_s2_chlf_matchup_analysis_v1.0,2025-08-05,2025,2023_onward,L2A,NDCI,0.004694835680751145,31.3848,1.4967193654489523,True,True,S2B_MSIL2A_20250805T100559_N0511_R022_T34VCM_20250805T141708,9
erken_s2_chlf_matchup_analysis_v1.0,2025-08-05,2025,2023_onward,L2A,MCI,0.001706666666666667,31.3848,1.4967193654489523,True,True,S2B_MSIL2A_20250805T100559_N0511_R022_T34VCM_20250805T141708,9
erken_s2_chlf_matchup_analysis_v1.0,2025-08-05,2025,2023_onward,ACOLITE,NDCI,0.021632516016734618,31.3848,1.4967193654489523,True,True,S2B_MSIL1C_20250805T100559_N0511_R022_T34VCM_20250805T134518,9
erken_s2_chlf_matchup_analysis_v1.0,2025-08-05,2025,2023_onward,ACOLITE,MCI,-0.0002456637099385265,31.3848,1.4967193654489523,True,True,S2B_MSIL1C_20250805T100559_N0511_R022_T34VCM_20250805T134518,9
erken_s2_chlf_matchup_analysis_v1.0,2025-08-12,2025,2023_onward,L1C,NDCI,0.008917197452229377,29.8771,1.4753384406962542,True,True,S2A_MSIL1C_20250812T100701_N0511_R022_T34VCM_20250812T103126,9
erken_s2_chlf_matchup_analysis_v1.0,2025-08-12,2025,2023_onward,L1C,MCI,0.005479999999999999,29.8771,1.4753384406962542,True,True,S2A_MSIL1C_20250812T100701_N0511_R022_T34VCM_20250812T103126,9
erken_s2_chlf_matchup_analysis_v1.0,2025-08-12,2025,2023_onward,L2A,NDCI,0.1403118040089087,29.8771,1.4753384406962542,True,True,S2A_MSIL2A_20250812T100701_N0511_R022_T34VCM_20250812T121415,9
erken_s2_chlf_matchup_analysis_v1.0,2025-08-12,2025,2023_onward,L2A,MCI,0.009273333333333335,29.8771,1.4753384406962542,True,True,S2A_MSIL2A_20250812T100701_N0511_R022_T34VCM_20250812T121415,9
erken_s2_chlf_matchup_analysis_v1.0,2025-08-12,2025,2023_onward,ACOLITE,NDCI,0.14532385584651444,29.8771,1.4753384406962542,True,True,S2A_MSIL1C_20250812T100701_N0511_R022_T34VCM_20250812T103126,9
erken_s2_chlf_matchup_analysis_v1.0,2025-08-12,2025,2023_onward,ACOLITE,MCI,0.007024623950322469,29.8771,1.4753384406962542,True,True,S2A_MSIL1C_20250812T100701_N0511_R022_T34VCM_20250812T103126,9
erken_s2_chlf_matchup_analysis_v1.0,2025-08-15,2025,2023_onward,L1C,NDCI,-0.03646408839779003,20.2379,1.3061654456317695,True,True,S2B_MSIL1C_20250815T100559_N0511_R022_T34VCM_20250815T120541,9
erken_s2_chlf_matchup_analysis_v1.0,2025-08-15,2025,2023_onward,L1C,MCI,-5.66666666666632e-05,20.2379,1.3061654456317695,True,True,S2B_MSIL1C_20250815T100559_N0511_R022_T34VCM_20250815T120541,9
erken_s2_chlf_matchup_analysis_v1.0,2025-08-15,2025,2023_onward,L2A,NDCI,0.07589285714285715,20.2379,1.3061654456317695,True,True,S2B_MSIL2A_20250815T100559_N0511_R022_T34VCM_20250815T122915,9
erken_s2_chlf_matchup_analysis_v1.0,2025-08-15,2025,2023_onward,L2A,MCI,0.005193333333333331,20.2379,1.3061654456317695,True,True,S2B_MSIL2A_20250815T100559_N0511_R022_T34VCM_20250815T122915,9
erken_s2_chlf_matchup_analysis_v1.0,2025-08-15,2025,2023_onward,ACOLITE,NDCI,0.10131867235065452,20.2379,1.3061654456317695,True,True,S2B_MSIL1C_20250815T100559_N0511_R022_T34VCM_20250815T120541,9
erken_s2_chlf_matchup_analysis_v1.0,2025-08-15,2025,2023_onward,ACOLITE,MCI,0.0010493688906232507,20.2379,1.3061654456317695,True,True,S2B_MSIL1C_20250815T100559_N0511_R022_T34VCM_20250815T120541,9
erken_s2_chlf_matchup_analysis_v1.0,2025-08-18,2025,2023_onward,L1C,NDCI,-0.027888446215139466,24.4864,1.3889249396751642,True,True,S2B_MSIL1C_20250818T101559_N0511_R065_T34VCM_20250818T123519,9
erken_s2_chlf_matchup_analysis_v1.0,2025-08-18,2025,2023_onward,L1C,MCI,0.0016749999999999994,24.4864,1.3889249396751642,True,True,S2B_MSIL1C_20250818T101559_N0511_R065_T34VCM_20250818T123519,9
erken_s2_chlf_matchup_analysis_v1.0,2025-08-18,2025,2023_onward,L2A,NDCI,0.09929078014184399,24.4864,1.3889249396751642,True,True,S2B_MSIL2A_20250818T101559_N0511_R065_T34VCM_20250818T125628,9
erken_s2_chlf_matchup_analysis_v1.0,2025-08-18,2025,2023_onward,L2A,MCI,0.00426,24.4864,1.3889249396751642,True,True,S2B_MSIL2A_20250818T101559_N0511_R065_T34VCM_20250818T125628,9
erken_s2_chlf_matchup_analysis_v1.0,2025-08-18,2025,2023_onward,ACOLITE,NDCI,0.11266739201110608,24.4864,1.3889249396751642,True,True,S2B_MSIL1C_20250818T101559_N0511_R065_T34VCM_20250818T123519,9
erken_s2_chlf_matchup_analysis_v1.0,2025-08-18,2025,2023_onward,ACOLITE,MCI,0.0030335644260048866,24.4864,1.3889249396751642,True,True,S2B_MSIL1C_20250818T101559_N0511_R065_T34VCM_20250818T123519,9
erken_s2_chlf_matchup_analysis_v1.0,2025-08-28,2025,2023_onward,L1C,NDCI,0.02028985507246371,37.6974,1.5763113978293608,True,False,S2B_MSIL1C_20250828T101559_N0511_R065_T34VCM_20250828T123500,9
erken_s2_chlf_matchup_analysis_v1.0,2025-08-28,2025,2023_onward,L1C,MCI,-0.013065000000000021,37.6974,1.5763113978293608,True,False,S2B_MSIL1C_20250828T101559_N0511_R065_T34VCM_20250828T123500,9
erken_s2_chlf_matchup_analysis_v1.0,2025-08-28,2025,2023_onward,L2A,NDCI,0.08302446256486286,37.6974,1.5763113978293608,True,False,S2B_MSIL2A_20250828T101559_N0511_R065_T34VCM_20250828T130342,9
erken_s2_chlf_matchup_analysis_v1.0,2025-08-28,2025,2023_onward,L2A,MCI,-0.003993333333333321,37.6974,1.5763113978293608,True,False,S2B_MSIL2A_20250828T101559_N0511_R065_T34VCM_20250828T130342,9
erken_s2_chlf_matchup_analysis_v1.0,2025-09-04,2025,2023_onward,L1C,NDCI,-0.08108108108108104,8.613,0.9351544472161685,True,True,S2A_MSIL1C_20250904T102041_N0511_R065_T34VCM_20250904T104314,9
erken_s2_chlf_matchup_analysis_v1.0,2025-09-04,2025,2023_onward,L1C,MCI,-0.0010299999999999962,8.613,0.9351544472161685,True,True,S2A_MSIL1C_20250904T102041_N0511_R065_T34VCM_20250904T104314,9
erken_s2_chlf_matchup_analysis_v1.0,2025-09-04,2025,2023_onward,L2A,NDCI,-0.023255813953488434,8.613,0.9351544472161685,True,True,S2A_MSIL2A_20250904T102041_N0511_R065_T34VCM_20250904T121100,9
erken_s2_chlf_matchup_analysis_v1.0,2025-09-04,2025,2023_onward,L2A,MCI,0.0020666666666666663,8.613,0.9351544472161685,True,True,S2A_MSIL2A_20250904T102041_N0511_R065_T34VCM_20250904T121100,9
erken_s2_chlf_matchup_analysis_v1.0,2025-09-04,2025,2023_onward,ACOLITE,NDCI,-0.03297194366006893,8.613,0.9351544472161685,True,True,S2A_MSIL1C_20250904T102041_N0511_R065_T34VCM_20250904T104314,9
erken_s2_chlf_matchup_analysis_v1.0,2025-09-04,2025,2023_onward,ACOLITE,MCI,3.737471997737954e-05,8.613,0.9351544472161685,True,True,S2A_MSIL1C_20250904T102041_N0511_R065_T34VCM_20250904T104314,9
erken_s2_chlf_matchup_analysis_v1.0,2025-09-07,2025,2023_onward,L1C,NDCI,-0.08940527766837342,4.57605,0.660490761109588,True,True,S2B_MSIL1C_20250907T101559_N0511_R065_T34VCM_20250907T135457,9
erken_s2_chlf_matchup_analysis_v1.0,2025-09-07,2025,2023_onward,L1C,MCI,-0.0017233333333333371,4.57605,0.660490761109588,True,True,S2B_MSIL1C_20250907T101559_N0511_R065_T34VCM_20250907T135457,9
erken_s2_chlf_matchup_analysis_v1.0,2025-09-07,2025,2023_onward,L2A,NDCI,-0.017142857142857137,4.57605,0.660490761109588,True,True,S2B_MSIL2A_20250907T101559_N0511_R065_T34VCM_20250907T142103,9
erken_s2_chlf_matchup_analysis_v1.0,2025-09-07,2025,2023_onward,L2A,MCI,-5.999999999999929e-05,4.57605,0.660490761109588,True,True,S2B_MSIL2A_20250907T101559_N0511_R065_T34VCM_20250907T142103,9
erken_s2_chlf_matchup_analysis_v1.0,2025-09-07,2025,2023_onward,ACOLITE,NDCI,-0.024471567393294903,4.57605,0.660490761109588,True,True,S2B_MSIL1C_20250907T101559_N0511_R065_T34VCM_20250907T135457,9
erken_s2_chlf_matchup_analysis_v1.0,2025-09-07,2025,2023_onward,ACOLITE,MCI,-0.0013675077352672815,4.57605,0.660490761109588,True,True,S2B_MSIL1C_20250907T101559_N0511_R065_T34VCM_20250907T135457,9
erken_s2_chlf_matchup_analysis_v1.0,2025-09-12,2025,2023_onward,L1C,NDCI,-0.0746543778801843,3.84136,0.5844850097653146,True,False,S2C_MSIL1C_20250912T101641_N0511_R065_T34VCM_20250912T135921,9
erken_s2_chlf_matchup_analysis_v1.0,2025-09-12,2025,2023_onward,L1C,MCI,-0.0036133333333333365,3.84136,0.5844850097653146,True,False,S2C_MSIL1C_20250912T101641_N0511_R065_T34VCM_20250912T135921,9
erken_s2_chlf_matchup_analysis_v1.0,2025-09-12,2025,2023_onward,L2A,NDCI,-0.05213270142180102,3.84136,0.5844850097653146,True,False,S2C_MSIL2A_20250912T101641_N0511_R065_T34VCM_20250912T152814,9
erken_s2_chlf_matchup_analysis_v1.0,2025-09-12,2025,2023_onward,L2A,MCI,0.0004933333333333352,3.84136,0.5844850097653146,True,False,S2C_MSIL2A_20250912T101641_N0511_R065_T34VCM_20250912T152814,9
erken_s2_chlf_matchup_analysis_v1.0,2025-09-19,2025,2023_onward,L1C,NDCI,-0.0710829921845925,5.634,0.7508168426497546,True,False,S2C_MSIL1C_20250919T101041_N0511_R022_T34VCM_20250919T134957,9
erken_s2_chlf_matchup_analysis_v1.0,2025-09-19,2025,2023_onward,L1C,MCI,-0.001578333333333331,5.634,0.7508168426497546,True,False,S2C_MSIL1C_20250919T101041_N0511_R022_T34VCM_20250919T134957,9
erken_s2_chlf_matchup_analysis_v1.0,2025-09-19,2025,2023_onward,L2A,NDCI,-0.018518518518518486,5.634,0.7508168426497546,True,False,S2C_MSIL2A_20250919T101041_N0511_R022_T34VCM_20250919T150924,9
erken_s2_chlf_matchup_analysis_v1.0,2025-09-19,2025,2023_onward,L2A,MCI,0.0004199999999999985,5.634,0.7508168426497546,True,False,S2C_MSIL2A_20250919T101041_N0511_R022_T34VCM_20250919T150924,9
erken_s2_chlf_matchup_analysis_v1.0,2025-09-22,2025,2023_onward,L1C,NDCI,-0.0788091068301226,5.40352,0.7326767632571076,True,True,S2C_MSIL1C_20250922T101741_N0511_R065_T34VCM_20250922T143225,9
erken_s2_chlf_matchup_analysis_v1.0,2025-09-22,2025,2023_onward,L1C,MCI,-0.0005966666666666655,5.40352,0.7326767632571076,True,True,S2C_MSIL1C_20250922T101741_N0511_R065_T34VCM_20250922T143225,9
erken_s2_chlf_matchup_analysis_v1.0,2025-09-22,2025,2023_onward,L2A,NDCI,-0.20000000000000004,5.40352,0.7326767632571076,True,True,S2C_MSIL2A_20250922T101741_N0511_R065_T34VCM_20250922T155314,9
erken_s2_chlf_matchup_analysis_v1.0,2025-09-22,2025,2023_onward,L2A,MCI,0.000306666666666666,5.40352,0.7326767632571076,True,True,S2C_MSIL2A_20250922T101741_N0511_R065_T34VCM_20250922T155314,9
erken_s2_chlf_matchup_analysis_v1.0,2025-09-22,2025,2023_onward,ACOLITE,NDCI,-0.012448696913666875,5.40352,0.7326767632571076,True,True,S2C_MSIL1C_20250922T101741_N0511_R065_T34VCM_20250922T143225,9
erken_s2_chlf_matchup_analysis_v1.0,2025-09-22,2025,2023_onward,ACOLITE,MCI,0.00030079732338587385,5.40352,0.7326767632571076,True,True,S2C_MSIL1C_20250922T101741_N0511_R065_T34VCM_20250922T143225,9
erken_s2_chlf_matchup_analysis_v1.0,2025-10-09,2025,2023_onward,L1C,NDCI,-0.08238076468269609,14.2097,1.1525849090520364,True,True,S2C_MSIL1C_20251009T100941_N0511_R022_T34VCM_20251009T152949,9
erken_s2_chlf_matchup_analysis_v1.0,2025-10-09,2025,2023_onward,L1C,MCI,0.00011000000000000246,14.2097,1.1525849090520364,True,True,S2C_MSIL1C_20251009T100941_N0511_R022_T34VCM_20251009T152949,9
erken_s2_chlf_matchup_analysis_v1.0,2025-10-09,2025,2023_onward,L2A,NDCI,-0.38888888888888895,14.2097,1.1525849090520364,True,True,S2C_MSIL2A_20251009T100941_N0511_R022_T34VCM_20251009T170113,8
erken_s2_chlf_matchup_analysis_v1.0,2025-10-09,2025,2023_onward,L2A,MCI,0.0017199999999999997,14.2097,1.1525849090520364,True,True,S2C_MSIL2A_20251009T100941_N0511_R022_T34VCM_20251009T170113,9
erken_s2_chlf_matchup_analysis_v1.0,2025-10-09,2025,2023_onward,ACOLITE,NDCI,0.021735769728066425,14.2097,1.1525849090520364,True,True,S2C_MSIL1C_20251009T100941_N0511_R022_T34VCM_20251009T152949,9
erken_s2_chlf_matchup_analysis_v1.0,2025-10-09,2025,2023_onward,ACOLITE,MCI,0.0011796879582107065,14.2097,1.1525849090520364,True,True,S2C_MSIL1C_20251009T100941_N0511_R022_T34VCM_20251009T152949,9
erken_s2_chlf_matchup_analysis_v1.0,2025-10-11,2025,2023_onward,L1C,NDCI,-0.08370044052863439,12.9205,1.1112793203958529,True,False,S2A_MSIL1C_20251011T100951_N0511_R022_T34VCM_20251011T102927,9
erken_s2_chlf_matchup_analysis_v1.0,2025-10-11,2025,2023_onward,L1C,MCI,0.00018166666666666678,12.9205,1.1112793203958529,True,True,S2A_MSIL1C_20251011T100951_N0511_R022_T34VCM_20251011T102927,9
erken_s2_chlf_matchup_analysis_v1.0,2025-10-11,2025,2023_onward,L2A,MCI,0.0005400000000000005,12.9205,1.1112793203958529,True,True,S2A_MSIL2A_20251011T100951_N0511_R022_T34VCM_20251011T120013,9
erken_s2_chlf_matchup_analysis_v1.0,2025-10-11,2025,2023_onward,ACOLITE,NDCI,0.18786185589226617,12.9205,1.1112793203958529,True,False,S2A_MSIL1C_20251011T100951_N0511_R022_T34VCM_20251011T102927,9
erken_s2_chlf_matchup_analysis_v1.0,2025-10-11,2025,2023_onward,ACOLITE,MCI,0.0006700479735930761,12.9205,1.1112793203958529,True,True,S2A_MSIL1C_20251011T100951_N0511_R022_T34VCM_20251011T102927,9
erken_s2_chlf_matchup_analysis_v1.0,2025-10-17,2025,2023_onward,L1C,NDCI,-0.07575233483223798,12.6276,1.1013208164460166,True,True,S2B_MSIL1C_20251017T101929_N0511_R065_T34VCM_20251017T123415,9
erken_s2_chlf_matchup_analysis_v1.0,2025-10-17,2025,2023_onward,L1C,MCI,-0.0002133333333333362,12.6276,1.1013208164460166,True,True,S2B_MSIL1C_20251017T101929_N0511_R065_T34VCM_20251017T123415,9
erken_s2_chlf_matchup_analysis_v1.0,2025-10-17,2025,2023_onward,L2A,NDCI,-0.16,12.6276,1.1013208164460166,True,True,S2B_MSIL2A_20251017T101929_N0511_R065_T34VCM_20251017T125110,9
erken_s2_chlf_matchup_analysis_v1.0,2025-10-17,2025,2023_onward,L2A,MCI,0.0010733333333333333,12.6276,1.1013208164460166,True,True,S2B_MSIL2A_20251017T101929_N0511_R065_T34VCM_20251017T125110,9
erken_s2_chlf_matchup_analysis_v1.0,2025-10-17,2025,2023_onward,ACOLITE,NDCI,-0.020574874841653677,12.6276,1.1013208164460166,True,True,S2B_MSIL1C_20251017T101929_N0511_R065_T34VCM_20251017T123415,9
erken_s2_chlf_matchup_analysis_v1.0,2025-10-17,2025,2023_onward,ACOLITE,MCI,0.0004273486013213791,12.6276,1.1013208164460166,True,True,S2B_MSIL1C_20251017T101929_N0511_R065_T34VCM_20251017T123415,9
erken_s2_chlf_matchup_analysis_v1.0,2025-10-19,2025,2023_onward,L1C,NDCI,-0.08075418000711489,14.1511,1.1507901999565833,True,True,S2C_MSIL1C_20251019T101041_N0511_R022_T34VCM_20251019T152831,9
erken_s2_chlf_matchup_analysis_v1.0,2025-10-19,2025,2023_onward,L1C,MCI,-0.0007649999999999949,14.1511,1.1507901999565833,True,True,S2C_MSIL1C_20251019T101041_N0511_R022_T34VCM_20251019T152831,9
erken_s2_chlf_matchup_analysis_v1.0,2025-10-19,2025,2023_onward,L2A,NDCI,-3.8571428571428568,14.1511,1.1507901999565833,True,True,S2C_MSIL2A_20251019T101041_N0511_R022_T34VCM_20251019T170018,6
erken_s2_chlf_matchup_analysis_v1.0,2025-10-19,2025,2023_onward,L2A,MCI,-0.0005666666666666665,14.1511,1.1507901999565833,True,True,S2C_MSIL2A_20251019T101041_N0511_R022_T34VCM_20251019T170018,9
erken_s2_chlf_matchup_analysis_v1.0,2025-10-19,2025,2023_onward,ACOLITE,NDCI,0.004359930237427012,14.1511,1.1507901999565833,True,True,S2C_MSIL1C_20251019T101041_N0511_R022_T34VCM_20251019T152831,9
erken_s2_chlf_matchup_analysis_v1.0,2025-10-19,2025,2023_onward,ACOLITE,MCI,0.0002670412262280788,14.1511,1.1507901999565833,True,True,S2C_MSIL1C_20251019T101041_N0511_R022_T34VCM_20251019T152831,9
erken_s2_chlf_matchup_analysis_v1.0,2025-11-03,2025,2023_onward,L1C,NDCI,-0.060115289596486425,15.406,1.187689893525184,True,False,S2B_MSIL1C_20251103T101109_N0511_R022_T34VCM_20251103T120648,9
erken_s2_chlf_matchup_analysis_v1.0,2025-11-03,2025,2023_onward,L1C,MCI,-0.0006833333333333344,15.406,1.187689893525184,True,False,S2B_MSIL1C_20251103T101109_N0511_R022_T34VCM_20251103T120648,9
erken_s2_chlf_matchup_analysis_v1.0,2025-11-03,2025,2023_onward,L2A,NDCI,-0.005050505050505108,15.406,1.187689893525184,True,False,S2B_MSIL2A_20251103T101109_N0511_R022_T34VCM_20251103T122031,9
erken_s2_chlf_matchup_analysis_v1.0,2025-11-03,2025,2023_onward,L2A,MCI,0.0007933333333333334,15.406,1.187689893525184,True,False,S2B_MSIL2A_20251103T101109_N0511_R022_T34VCM_20251103T122031,9
erken_s2_chlf_matchup_analysis_v1.0,2025-11-16,2025,2023_onward,L1C,NDCI,-0.06985210466439136,7.64426,0.883335450052911,True,True,S2B_MSIL1C_20251116T102219_N0511_R065_T34VCM_20251116T123250,9
erken_s2_chlf_matchup_analysis_v1.0,2025-11-16,2025,2023_onward,L1C,MCI,-0.00039666666666667016,7.64426,0.883335450052911,True,True,S2B_MSIL1C_20251116T102219_N0511_R065_T34VCM_20251116T123250,9
erken_s2_chlf_matchup_analysis_v1.0,2025-11-16,2025,2023_onward,L2A,NDCI,-0.04370179948586119,7.64426,0.883335450052911,True,True,S2B_MSIL2A_20251116T102219_N0511_R065_T34VCM_20251116T125013,9
erken_s2_chlf_matchup_analysis_v1.0,2025-11-16,2025,2023_onward,L2A,MCI,0.001593333333333332,7.64426,0.883335450052911,True,True,S2B_MSIL2A_20251116T102219_N0511_R065_T34VCM_20251116T125013,9
erken_s2_chlf_matchup_analysis_v1.0,2025-11-16,2025,2023_onward,ACOLITE,NDCI,-0.007262849627907388,7.64426,0.883335450052911,True,True,S2B_MSIL1C_20251116T102219_N0511_R065_T34VCM_20251116T123250,9
erken_s2_chlf_matchup_analysis_v1.0,2025-11-16,2025,2023_onward,ACOLITE,MCI,-0.00018894144644339937,7.64426,0.883335450052911,True,True,S2B_MSIL1C_20251116T102219_N0511_R065_T34VCM_20251116T123250,9
erken_s2_chlf_matchup_analysis_v1.0,2025-11-20,2025,2023_onward,L1C,NDCI,-0.020195439739413696,7.27669,0.8619338735943779,True,False,S2A_MSIL1C_20251120T101341_N0511_R022_T34VCM_20251120T102705,9
erken_s2_chlf_matchup_analysis_v1.0,2025-11-20,2025,2023_onward,L1C,MCI,0.00021166666666666556,7.27669,0.8619338735943779,True,False,S2A_MSIL1C_20251120T101341_N0511_R022_T34VCM_20251120T102705,9
erken_s2_chlf_matchup_analysis_v1.0,2025-11-20,2025,2023_onward,L2A,NDCI,0.008097165991902786,7.27669,0.8619338735943779,True,False,S2A_MSIL2A_20251120T101341_N0511_R022_T34VCM_20251120T113909,9
erken_s2_chlf_matchup_analysis_v1.0,2025-11-20,2025,2023_onward,L2A,MCI,0.002626666666666666,7.27669,0.8619338735943779,True,False,S2A_MSIL2A_20251120T101341_N0511_R022_T34VCM_20251120T113909,9
erken_s2_chlf_matchup_analysis_v1.0,2025-11-26,2025,2023_onward,L1C,NDCI,-0.08798411122144982,8.01808,0.9040703850880156,True,False,S2B_MSIL1C_20251126T102249_N0511_R065_T34VCM_20251126T123657,9
erken_s2_chlf_matchup_analysis_v1.0,2025-11-26,2025,2023_onward,L1C,MCI,-0.0025366666666666662,8.01808,0.9040703850880156,True,False,S2B_MSIL1C_20251126T102249_N0511_R065_T34VCM_20251126T123657,9
erken_s2_chlf_matchup_analysis_v1.0,2025-11-26,2025,2023_onward,L2A,NDCI,-0.12970711297071133,8.01808,0.9040703850880156,True,False,S2B_MSIL2A_20251126T102249_N0511_R065_T34VCM_20251126T125827,9
erken_s2_chlf_matchup_analysis_v1.0,2025-11-26,2025,2023_onward,L2A,MCI,-0.002459999999999997,8.01808,0.9040703850880156,True,False,S2B_MSIL2A_20251126T102249_N0511_R065_T34VCM_20251126T125827,9
