date,year,scl_gate_pass,l2a_representative_status,l2a_product_id,l1c_pairing_status,source_l1c_product_id,atmospheric_correction_method,reflectance_quantity,acolite_product_directory_count,acolite_phase6a_alignment_status
2019-04-17,2019,True,frozen_representative,S2A_MSIL2A_20190417T102031_N0500_R065_T34VCM_20221023T092125,exact_unique,S2A_MSIL1C_20190417T102031_N0500_R065_T34VCM_20221023T062324,ACOLITE,rhos,1,eligible_exact_l1c_product_found
2019-04-19,2019,False,no_representative_frozen_scl_gate_failed,,no_l2a_representative_for_date,,ACOLITE,rhos,0,not_eligible_no_frozen_l2a_representative
2019-04-22,2019,True,frozen_representative,S2B_MSIL2A_20190422T102029_N0500_R065_T34VCM_20221024T121833,exact_unique,S2B_MSIL1C_20190422T102029_N0500_R065_T34VCM_20221024T063616,ACOLITE,rhos,1,eligible_exact_l1c_product_found
2019-04-24,2019,True,frozen_representative,S2A_MSIL2A_20190424T101031_N0500_R022_T34VCM_20221025T062127,exact_unique,S2A_MSIL1C_20190424T101031_N0500_R022_T34VCM_20221024T205552,ACOLITE,rhos,1,eligible_exact_l1c_product_found
2019-04-27,2019,True,frozen_representative,S2A_MSIL2A_20190427T102031_N0500_R065_T34VCM_20221110T101345,exact_unique,S2A_MSIL1C_20190427T102031_N0500_R065_T34VCM_20221110T011848,ACOLITE,rhos,1,eligible_exact_l1c_product_found
2019-04-29,2019,True,frozen_representative,S2B_MSIL2A_20190429T101029_N0500_R022_T34VCM_20221101T154544,exact_unique,S2B_MSIL1C_20190429T101029_N0500_R022_T34VCM_20221101T080700,ACOLITE,rhos,1,eligible_exact_l1c_product_found
2019-05-02,2019,False,no_representative_frozen_scl_gate_failed,,no_l2a_representative_for_date,,ACOLITE,rhos,0,not_eligible_no_frozen_l2a_representative
2019-05-04,2019,False,no_representative_frozen_scl_gate_failed,,no_l2a_representative_for_date,,ACOLITE,rhos,0,not_eligible_no_frozen_l2a_representative
2019-05-07,2019,False,no_representative_frozen_scl_gate_failed,,no_l2a_representative_for_date,,ACOLITE,rhos,0,not_eligible_no_frozen_l2a_representative
2019-05-09,2019,False,no_representative_frozen_scl_gate_failed,,no_l2a_representative_for_date,,ACOLITE,rhos,0,not_eligible_no_frozen_l2a_representative
2019-05-12,2019,False,no_representative_frozen_scl_gate_failed,,no_l2a_representative_for_date,,ACOLITE,rhos,0,not_eligible_no_frozen_l2a_representative
2019-05-14,2019,False,no_representative_frozen_scl_gate_failed,,no_l2a_representative_for_date,,ACOLITE,rhos,0,not_eligible_no_frozen_l2a_representative
2019-05-17,2019,True,frozen_representative,S2A_MSIL2A_20190517T102031_N0500_R065_T34VCM_20221204T165718,exact_unique,S2A_MSIL1C_20190517T102031_N0500_R065_T34VCM_20221204T064053,ACOLITE,rhos,1,eligible_exact_l1c_product_found
2019-05-19,2019,False,no_representative_frozen_scl_gate_failed,,no_l2a_representative_for_date,,ACOLITE,rhos,0,not_eligible_no_frozen_l2a_representative
2019-05-24,2019,False,no_representative_frozen_scl_gate_failed,,no_l2a_representative_for_date,,ACOLITE,rhos,0,not_eligible_no_frozen_l2a_representative
2019-05-27,2019,False,no_representative_frozen_scl_gate_failed,,no_l2a_representative_for_date,,ACOLITE,rhos,0,not_eligible_no_frozen_l2a_representative
2019-05-29,2019,True,frozen_representative,S2B_MSIL2A_20190529T101039_N0500_R022_T34VCM_20221213T045958,exact_unique,S2B_MSIL1C_20190529T101039_N0500_R022_T34VCM_20221212T161928,ACOLITE,rhos,1,eligible_exact_l1c_product_found
2019-06-01,2019,False,no_representative_frozen_scl_gate_failed,,no_l2a_representative_for_date,,ACOLITE,rhos,0,not_eligible_no_frozen_l2a_representative
2019-06-03,2019,False,no_representative_frozen_scl_gate_failed,,no_l2a_representative_for_date,,ACOLITE,rhos,0,not_eligible_no_frozen_l2a_representative
2019-06-06,2019,True,frozen_representative,S2A_MSIL2A_20190606T102031_N0500_R065_T34VCM_20230605T110741,ambiguous_multiple_candidates,,ACOLITE,rhos,0,not_eligible_l1c_pairing_ambiguous_multiple_candidates
2019-06-08,2019,True,frozen_representative,S2B_MSIL2A_20190608T101029_N0500_R022_T34VCM_20230626T160325,exact_unique,S2B_MSIL1C_20190608T101029_N0500_R022_T34VCM_20230626T033348,ACOLITE,rhos,1,eligible_exact_l1c_product_found
2019-06-11,2019,False,no_representative_frozen_scl_gate_failed,,no_l2a_representative_for_date,,ACOLITE,rhos,0,not_eligible_no_frozen_l2a_representative
2019-06-13,2019,False,no_representative_frozen_scl_gate_failed,,no_l2a_representative_for_date,,ACOLITE,rhos,0,not_eligible_no_frozen_l2a_representative
2019-06-16,2019,False,no_representative_frozen_scl_gate_failed,,no_l2a_representative_for_date,,ACOLITE,rhos,0,not_eligible_no_frozen_l2a_representative
2019-06-18,2019,True,frozen_representative,S2B_MSIL2A_20190618T101029_N0500_R022_T34VCM_20230805T164433,exact_unique,S2B_MSIL1C_20190618T101029_N0500_R022_T34VCM_20230805T075457,ACOLITE,rhos,1,eligible_exact_l1c_product_found
2019-06-21,2019,False,no_representative_frozen_scl_gate_failed,,no_l2a_representative_for_date,,ACOLITE,rhos,0,not_eligible_no_frozen_l2a_representative
2019-06-23,2019,False,no_representative_frozen_scl_gate_failed,,no_l2a_representative_for_date,,ACOLITE,rhos,0,not_eligible_no_frozen_l2a_representative
2019-06-26,2019,False,no_representative_frozen_scl_gate_failed,,no_l2a_representative_for_date,,ACOLITE,rhos,0,not_eligible_no_frozen_l2a_representative
2019-06-28,2019,True,frozen_representative,S2B_MSIL2A_20190628T101039_N0500_R022_T34VCM_20221222T110427,exact_unique,S2B_MSIL1C_20190628T101039_N0500_R022_T34VCM_20221221T083605,ACOLITE,rhos,1,eligible_exact_l1c_product_found
2019-07-01,2019,False,no_representative_frozen_scl_gate_failed,,no_l2a_representative_for_date,,ACOLITE,rhos,0,not_eligible_no_frozen_l2a_representative
2019-07-03,2019,False,no_representative_frozen_scl_gate_failed,,no_l2a_representative_for_date,,ACOLITE,rhos,0,not_eligible_no_frozen_l2a_representative
2019-07-06,2019,False,no_representative_frozen_scl_gate_failed,,no_l2a_representative_for_date,,ACOLITE,rhos,0,not_eligible_no_frozen_l2a_representative
2019-07-08,2019,False,no_representative_frozen_scl_gate_failed,,no_l2a_representative_for_date,,ACOLITE,rhos,0,not_eligible_no_frozen_l2a_representative
2019-07-11,2019,True,frozen_representative,S2B_MSIL2A_20190711T102029_N0500_R065_T34VCM_20230716T055255,exact_unique,S2B_MSIL1C_20190711T102029_N0500_R065_T34VCM_20230715T214824,ACOLITE,rhos,1,eligible_exact_l1c_product_found
2019-07-13,2019,False,no_representative_frozen_scl_gate_failed,,no_l2a_representative_for_date,,ACOLITE,rhos,0,not_eligible_no_frozen_l2a_representative
2019-07-16,2019,False,no_representative_frozen_scl_gate_failed,,no_l2a_representative_for_date,,ACOLITE,rhos,0,not_eligible_no_frozen_l2a_representative
2019-07-18,2019,True,frozen_representative,S2B_MSIL2A_20190718T101039_N0500_R022_T34VCM_20230806T193442,exact_unique,S2B_MSIL1C_20190718T101039_N0500_R022_T34VCM_20230806T134626,ACOLITE,rhos,1,eligible_exact_l1c_product_found
2019-07-21,2019,False,no_representative_frozen_scl_gate_failed,,no_l2a_representative_for_date,,ACOLITE,rhos,0,not_eligible_no_frozen_l2a_representative
2019-07-23,2019,True,frozen_representative,S2A_MSIL2A_20190723T101031_N0500_R022_T34VCM_20230719T012350,exact_unique,S2A_MSIL1C_20190723T101031_N0500_R022_T34VCM_20230718T015529,ACOLITE,rhos,1,eligible_exact_l1c_product_found
2019-07-26,2019,True,frozen_representative,S2A_MSIL2A_20190726T102031_N0500_R065_T34VCM_20230509T235130,exact_unique,S2A_MSIL1C_20190726T102031_N0500_R065_T34VCM_20230509T045252,ACOLITE,rhos,1,eligible_exact_l1c_product_found
2019-07-28,2019,True,frozen_representative,S2B_MSIL2A_20190728T101029_N0500_R022_T34VCM_20230711T050005,exact_unique,S2B_MSIL1C_20190728T101029_N0500_R022_T34VCM_20230710T194856,ACOLITE,rhos,1,eligible_exact_l1c_product_found
2019-07-31,2019,False,no_representative_frozen_scl_gate_failed,,no_l2a_representative_for_date,,ACOLITE,rhos,0,not_eligible_no_frozen_l2a_representative
2019-08-02,2019,True,frozen_representative,S2A_MSIL2A_20190802T101031_N0500_R022_T34VCM_20230508T041636,exact_unique,S2A_MSIL1C_20190802T101031_N0500_R022_T34VCM_20230507T065150,ACOLITE,rhos,1,eligible_exact_l1c_product_found
2019-08-05,2019,True,frozen_representative,S2A_MSIL2A_20190805T102031_N0500_R065_T34VCM_20230506T211615,exact_unique,S2A_MSIL1C_20190805T102031_N0500_R065_T34VCM_20230506T110027,ACOLITE,rhos,1,eligible_exact_l1c_product_found
2019-08-07,2019,True,frozen_representative,S2B_MSIL2A_20190807T101029_N0500_R022_T34VCM_20230723T201405,exact_unique,S2B_MSIL1C_20190807T101029_N0500_R022_T34VCM_20230722T223108,ACOLITE,rhos,1,eligible_exact_l1c_product_found
2019-08-10,2019,False,no_representative_frozen_scl_gate_failed,,no_l2a_representative_for_date,,ACOLITE,rhos,0,not_eligible_no_frozen_l2a_representative
2019-08-12,2019,False,no_representative_frozen_scl_gate_failed,,no_l2a_representative_for_date,,ACOLITE,rhos,0,not_eligible_no_frozen_l2a_representative
2019-08-15,2019,False,no_representative_frozen_scl_gate_failed,,no_l2a_representative_for_date,,ACOLITE,rhos,0,not_eligible_no_frozen_l2a_representative
2019-08-17,2019,False,no_representative_frozen_scl_gate_failed,,no_l2a_representative_for_date,,ACOLITE,rhos,0,not_eligible_no_frozen_l2a_representative
2019-08-20,2019,False,no_representative_frozen_scl_gate_failed,,no_l2a_representative_for_date,,ACOLITE,rhos,0,not_eligible_no_frozen_l2a_representative
2019-08-22,2019,True,frozen_representative,S2A_MSIL2A_20190822T101031_N0500_R022_T34VCM_20230706T042034,exact_unique,S2A_MSIL1C_20190822T101031_N0500_R022_T34VCM_20230705T195754,ACOLITE,rhos,1,eligible_exact_l1c_product_found
2019-08-25,2019,True,frozen_representative,S2A_MSIL2A_20190825T102031_N0500_R065_T34VCM_20230430T190322,exact_unique,S2A_MSIL1C_20190825T102031_N0500_R065_T34VCM_20230430T034035,ACOLITE,rhos,1,eligible_exact_l1c_product_found
2019-08-27,2019,True,frozen_representative,S2B_MSIL2A_20190827T101029_N0500_R022_T34VCM_20230524T153400,exact_unique,S2B_MSIL1C_20190827T101029_N0500_R022_T34VCM_20230523T230349,ACOLITE,rhos,1,eligible_exact_l1c_product_found
2019-08-30,2019,False,no_representative_frozen_scl_gate_failed,,no_l2a_representative_for_date,,ACOLITE,rhos,0,not_eligible_no_frozen_l2a_representative
2019-09-01,2019,True,frozen_representative,S2A_MSIL2A_20190901T101031_N0500_R022_T34VCM_20230702T225854,exact_unique,S2A_MSIL1C_20190901T101031_N0500_R022_T34VCM_20230701T230615,ACOLITE,rhos,1,eligible_exact_l1c_product_found
2019-09-04,2019,True,frozen_representative,S2A_MSIL2A_20190904T102021_N0500_R065_T34VCM_20230703T073148,exact_unique,S2A_MSIL1C_20190904T102021_N0500_R065_T34VCM_20230702T101739,ACOLITE,rhos,1,eligible_exact_l1c_product_found
2019-09-06,2019,True,frozen_representative,S2B_MSIL2A_20190906T101029_N0500_R022_T34VCM_20230502T203254,exact_unique,S2B_MSIL1C_20190906T101029_N0500_R022_T34VCM_20230501T234630,ACOLITE,rhos,1,eligible_exact_l1c_product_found
2019-09-09,2019,False,no_representative_frozen_scl_gate_failed,,no_l2a_representative_for_date,,ACOLITE,rhos,0,not_eligible_no_frozen_l2a_representative
2019-09-11,2019,False,no_representative_frozen_scl_gate_failed,,no_l2a_representative_for_date,,ACOLITE,rhos,0,not_eligible_no_frozen_l2a_representative
2019-09-14,2019,False,no_representative_frozen_scl_gate_failed,,no_l2a_representative_for_date,,ACOLITE,rhos,0,not_eligible_no_frozen_l2a_representative
2019-09-16,2019,False,no_representative_frozen_scl_gate_failed,,no_l2a_representative_for_date,,ACOLITE,rhos,0,not_eligible_no_frozen_l2a_representative
2019-09-19,2019,False,no_representative_frozen_scl_gate_failed,,no_l2a_representative_for_date,,ACOLITE,rhos,0,not_eligible_no_frozen_l2a_representative
2019-09-21,2019,False,no_representative_frozen_scl_gate_failed,,no_l2a_representative_for_date,,ACOLITE,rhos,0,not_eligible_no_frozen_l2a_representative
2019-09-24,2019,False,no_representative_frozen_scl_gate_failed,,no_l2a_representative_for_date,,ACOLITE,rhos,0,not_eligible_no_frozen_l2a_representative
2019-09-26,2019,True,frozen_representative,S2B_MSIL2A_20190926T101029_N0500_R022_T34VCM_20230628T061823,exact_unique,S2B_MSIL1C_20190926T101029_N0500_R022_T34VCM_20230627T065915,ACOLITE,rhos,1,eligible_exact_l1c_product_found
2019-09-29,2019,False,no_representative_frozen_scl_gate_failed,,no_l2a_representative_for_date,,ACOLITE,rhos,0,not_eligible_no_frozen_l2a_representative
2019-10-01,2019,True,frozen_representative,S2A_MSIL2A_20191001T101031_N0500_R022_T34VCM_20230614T115927,exact_unique,S2A_MSIL1C_20191001T101031_N0500_R022_T34VCM_20230614T021139,ACOLITE,rhos,1,eligible_exact_l1c_product_found
2019-10-04,2019,True,frozen_representative,S2A_MSIL2A_20191004T102031_N0500_R065_T34VCM_20230613T223937,exact_unique,S2A_MSIL1C_20191004T102031_N0500_R065_T34VCM_20230613T124317,ACOLITE,rhos,1,eligible_exact_l1c_product_found
2019-10-06,2019,False,no_representative_frozen_scl_gate_failed,,no_l2a_representative_for_date,,ACOLITE,rhos,0,not_eligible_no_frozen_l2a_representative
2019-10-09,2019,False,no_representative_frozen_scl_gate_failed,,no_l2a_representative_for_date,,ACOLITE,rhos,0,not_eligible_no_frozen_l2a_representative
2019-10-11,2019,False,no_representative_frozen_scl_gate_failed,,no_l2a_representative_for_date,,ACOLITE,rhos,0,not_eligible_no_frozen_l2a_representative
2019-10-14,2019,False,no_representative_frozen_scl_gate_failed,,no_l2a_representative_for_date,,ACOLITE,rhos,0,not_eligible_no_frozen_l2a_representative
2019-10-16,2019,False,no_representative_frozen_scl_gate_failed,,no_l2a_representative_for_date,,ACOLITE,rhos,0,not_eligible_no_frozen_l2a_representative
2019-10-19,2019,True,frozen_representative,S2B_MSIL2A_20191019T102029_N0500_R065_T34VCM_20230622T072030,exact_unique,S2B_MSIL1C_20191019T102029_N0500_R065_T34VCM_20230622T001059,ACOLITE,rhos,1,eligible_exact_l1c_product_found
2019-10-21,2019,False,no_representative_frozen_scl_gate_failed,,no_l2a_representative_for_date,,ACOLITE,rhos,0,not_eligible_no_frozen_l2a_representative
2019-10-24,2019,False,no_representative_frozen_scl_gate_failed,,no_l2a_representative_for_date,,ACOLITE,rhos,0,not_eligible_no_frozen_l2a_representative
2019-10-26,2019,False,no_representative_frozen_scl_gate_failed,,no_l2a_representative_for_date,,ACOLITE,rhos,0,not_eligible_no_frozen_l2a_representative
2019-10-29,2019,True,frozen_representative,S2B_MSIL2A_20191029T102039_N0500_R065_T34VCM_20230614T232838,exact_unique,S2B_MSIL1C_20191029T102039_N0500_R065_T34VCM_20230614T174242,ACOLITE,rhos,1,eligible_exact_l1c_product_found
2019-10-31,2019,True,frozen_representative,S2A_MSIL2A_20191031T101141_N0500_R022_T34VCM_20230527T114942,exact_unique,S2A_MSIL1C_20191031T101141_N0500_R022_T34VCM_20230527T075200,ACOLITE,rhos,1,eligible_exact_l1c_product_found
2019-11-03,2019,True,frozen_representative,S2A_MSIL2A_20191103T102211_N0500_R065_T34VCM_20230610T094957,exact_unique,S2A_MSIL1C_20191103T102211_N0500_R065_T34VCM_20230609T192718,ACOLITE,rhos,1,eligible_exact_l1c_product_found
2019-11-05,2019,True,frozen_representative,S2B_MSIL2A_20191105T101119_N0500_R022_T34VCM_20230707T155633,exact_unique,S2B_MSIL1C_20191105T101119_N0500_R022_T34VCM_20230706T195721,ACOLITE,rhos,1,eligible_exact_l1c_product_found
2019-11-08,2019,False,no_representative_frozen_scl_gate_failed,,no_l2a_representative_for_date,,ACOLITE,rhos,0,not_eligible_no_frozen_l2a_representative
2019-11-10,2019,False,no_representative_frozen_scl_gate_failed,,no_l2a_representative_for_date,,ACOLITE,rhos,0,not_eligible_no_frozen_l2a_representative
2019-11-13,2019,False,no_representative_frozen_scl_gate_failed,,no_l2a_representative_for_date,,ACOLITE,rhos,0,not_eligible_no_frozen_l2a_representative
2019-11-15,2019,False,no_representative_frozen_scl_gate_failed,,no_l2a_representative_for_date,,ACOLITE,rhos,0,not_eligible_no_frozen_l2a_representative
2019-11-18,2019,False,no_representative_frozen_scl_gate_failed,,no_l2a_representative_for_date,,ACOLITE,rhos,0,not_eligible_no_frozen_l2a_representative
2019-11-20,2019,False,no_representative_frozen_scl_gate_failed,,no_l2a_representative_for_date,,ACOLITE,rhos,0,not_eligible_no_frozen_l2a_representative
2019-11-23,2019,False,no_representative_frozen_scl_gate_failed,,no_l2a_representative_for_date,,ACOLITE,rhos,0,not_eligible_no_frozen_l2a_representative
2019-11-28,2019,False,no_representative_frozen_scl_gate_failed,,no_l2a_representative_for_date,,ACOLITE,rhos,0,not_eligible_no_frozen_l2a_representative
2019-11-30,2019,True,frozen_representative,S2A_MSIL2A_20191130T101401_N0500_R022_T34VCM_20221220T104952,exact_unique,S2A_MSIL1C_20191130T101401_N0500_R022_T34VCM_20221220T095629,ACOLITE,rhos,1,eligible_exact_l1c_product_found
2019-12-05,2019,True,frozen_representative,S2B_MSIL2A_20191205T101309_N0500_R022_T34VCM_20230619T055056,exact_unique,S2B_MSIL1C_20191205T101309_N0500_R022_T34VCM_20230618T044123,ACOLITE,rhos,1,eligible_exact_l1c_product_found
2019-12-08,2019,False,no_representative_frozen_scl_gate_failed,,no_l2a_representative_for_date,,ACOLITE,rhos,0,not_eligible_no_frozen_l2a_representative
2019-12-15,2019,False,no_representative_frozen_scl_gate_failed,,no_l2a_representative_for_date,,ACOLITE,rhos,0,not_eligible_no_frozen_l2a_representative
2019-12-18,2019,False,no_representative_frozen_scl_gate_failed,,no_l2a_representative_for_date,,ACOLITE,rhos,0,not_eligible_no_frozen_l2a_representative
2019-12-25,2019,False,no_representative_frozen_scl_gate_failed,,no_l2a_representative_for_date,,ACOLITE,rhos,0,not_eligible_no_frozen_l2a_representative
2019-12-28,2019,False,no_representative_frozen_scl_gate_failed,,no_l2a_representative_for_date,,ACOLITE,rhos,0,not_eligible_no_frozen_l2a_representative
2020-01-04,2020,False,no_representative_frozen_scl_gate_failed,,no_l2a_representative_for_date,,ACOLITE,rhos,0,not_eligible_no_frozen_l2a_representative
2020-01-07,2020,False,no_representative_frozen_scl_gate_failed,,no_l2a_representative_for_date,,ACOLITE,rhos,0,not_eligible_no_frozen_l2a_representative
2020-01-14,2020,False,no_representative_frozen_scl_gate_failed,,no_l2a_representative_for_date,,ACOLITE,rhos,0,not_eligible_no_frozen_l2a_representative
2020-01-17,2020,False,no_representative_frozen_scl_gate_failed,,no_l2a_representative_for_date,,ACOLITE,rhos,0,not_eligible_no_frozen_l2a_representative
2020-01-19,2020,True,frozen_representative,S2A_MSIL2A_20200119T101331_N0500_R022_T34VCM_20230423T222528,exact_unique,S2A_MSIL1C_20200119T101331_N0500_R022_T34VCM_20230423T210432,ACOLITE,rhos,1,eligible_exact_l1c_product_found
2020-01-22,2020,False,no_representative_frozen_scl_gate_failed,,no_l2a_representative_for_date,,ACOLITE,rhos,0,not_eligible_no_frozen_l2a_representative
2020-01-24,2020,True,frozen_representative,S2B_MSIL2A_20200124T101219_N0500_R022_T34VCM_20230428T002112,exact_unique,S2B_MSIL1C_20200124T101219_N0500_R022_T34VCM_20230427T023015,ACOLITE,rhos,1,eligible_exact_l1c_product_found
2020-01-27,2020,False,no_representative_frozen_scl_gate_failed,,no_l2a_representative_for_date,,ACOLITE,rhos,0,not_eligible_no_frozen_l2a_representative
2020-01-29,2020,False,no_representative_frozen_scl_gate_failed,,no_l2a_representative_for_date,,ACOLITE,rhos,0,not_eligible_no_frozen_l2a_representative
2020-02-01,2020,False,no_representative_frozen_scl_gate_failed,,no_l2a_representative_for_date,,ACOLITE,rhos,0,not_eligible_no_frozen_l2a_representative
2020-02-03,2020,True,frozen_representative,S2B_MSIL2A_20200203T101129_N0500_R022_T34VCM_20230531T080341,exact_unique,S2B_MSIL1C_20200203T101129_N0500_R022_T34VCM_20230530T093722,ACOLITE,rhos,1,eligible_exact_l1c_product_found
2020-02-06,2020,True,frozen_representative,S2B_MSIL2A_20200206T102109_N0500_R065_T34VCM_20230630T201033,exact_unique,S2B_MSIL1C_20200206T102109_N0500_R065_T34VCM_20230630T112541,ACOLITE,rhos,1,eligible_exact_l1c_product_found
2020-02-08,2020,False,no_representative_frozen_scl_gate_failed,,no_l2a_representative_for_date,,ACOLITE,rhos,0,not_eligible_no_frozen_l2a_representative
2020-02-11,2020,True,frozen_representative,S2A_MSIL2A_20200211T102141_N0500_R065_T34VCM_20230413T103023,exact_unique,S2A_MSIL1C_20200211T102141_N0500_R065_T34VCM_20230412T160729,ACOLITE,rhos,1,eligible_exact_l1c_product_found
2020-02-13,2020,True,frozen_representative,S2B_MSIL2A_20200213T101029_N0500_R022_T34VCM_20230623T214154,exact_unique,S2B_MSIL1C_20200213T101029_N0500_R022_T34VCM_20230623T124248,ACOLITE,rhos,1,eligible_exact_l1c_product_found
2020-02-16,2020,False,no_representative_frozen_scl_gate_failed,,no_l2a_representative_for_date,,ACOLITE,rhos,0,not_eligible_no_frozen_l2a_representative
2020-02-18,2020,False,no_representative_frozen_scl_gate_failed,,no_l2a_representative_for_date,,ACOLITE,rhos,0,not_eligible_no_frozen_l2a_representative
2020-02-21,2020,True,frozen_representative,S2A_MSIL2A_20200221T102041_N0500_R065_T34VCM_20230427T130209,exact_unique,S2A_MSIL1C_20200221T102041_N0500_R065_T34VCM_20230427T072627,ACOLITE,rhos,1,eligible_exact_l1c_product_found
2020-02-23,2020,True,frozen_representative,S2B_MSIL2A_20200223T100919_N0500_R022_T34VCM_20230610T023041,exact_unique,S2B_MSIL1C_20200223T100919_N0500_R022_T34VCM_20230609T045354,ACOLITE,rhos,1,eligible_exact_l1c_product_found
2020-02-26,2020,True,frozen_representative,S2B_MSIL2A_20200226T101909_N0500_R065_T34VCM_20230423T154511,exact_unique,S2B_MSIL1C_20200226T101909_N0500_R065_T34VCM_20230423T061550,ACOLITE,rhos,1,eligible_exact_l1c_product_found
2020-02-28,2020,True,frozen_representative,S2A_MSIL2A_20200228T101021_N0500_R022_T34VCM_20230423T221510,exact_unique,S2A_MSIL1C_20200228T101021_N0500_R022_T34VCM_20230423T115912,ACOLITE,rhos,1,eligible_exact_l1c_product_found
2020-03-02,2020,False,no_representative_frozen_scl_gate_failed,,no_l2a_representative_for_date,,ACOLITE,rhos,0,not_eligible_no_frozen_l2a_representative
2020-03-04,2020,False,no_representative_frozen_scl_gate_failed,,no_l2a_representative_for_date,,ACOLITE,rhos,0,not_eligible_no_frozen_l2a_representative
2020-03-07,2020,False,no_representative_frozen_scl_gate_failed,,no_l2a_representative_for_date,,ACOLITE,rhos,0,not_eligible_no_frozen_l2a_representative
2020-03-09,2020,False,no_representative_frozen_scl_gate_failed,,no_l2a_representative_for_date,,ACOLITE,rhos,0,not_eligible_no_frozen_l2a_representative
2020-03-12,2020,False,no_representative_frozen_scl_gate_failed,,no_l2a_representative_for_date,,ACOLITE,rhos,0,not_eligible_no_frozen_l2a_representative
2020-03-14,2020,True,frozen_representative,S2B_MSIL2A_20200314T101019_N0500_R022_T34VCM_20230414T005822,exact_unique,S2B_MSIL1C_20200314T101019_N0500_R022_T34VCM_20230413T050119,ACOLITE,rhos,1,eligible_exact_l1c_product_found
2020-03-17,2020,False,no_representative_frozen_scl_gate_failed,,no_l2a_representative_for_date,,ACOLITE,rhos,0,not_eligible_no_frozen_l2a_representative
2020-03-19,2020,True,frozen_representative,S2A_MSIL2A_20200319T101021_N0500_R022_T34VCM_20230629T052326,exact_unique,S2A_MSIL1C_20200319T101021_N0500_R022_T34VCM_20230628T195927,ACOLITE,rhos,1,eligible_exact_l1c_product_found
2020-03-22,2020,True,frozen_representative,S2A_MSIL2A_20200322T102021_N0500_R065_T34VCM_20230419T003850,exact_unique,S2A_MSIL1C_20200322T102021_N0500_R065_T34VCM_20230418T195020,ACOLITE,rhos,1,eligible_exact_l1c_product_found
2020-03-24,2020,False,no_representative_frozen_scl_gate_failed,,no_l2a_representative_for_date,,ACOLITE,rhos,0,not_eligible_no_frozen_l2a_representative
2020-03-27,2020,False,no_representative_frozen_scl_gate_failed,,no_l2a_representative_for_date,,ACOLITE,rhos,0,not_eligible_no_frozen_l2a_representative
2020-03-29,2020,True,frozen_representative,S2A_MSIL2A_20200329T101021_N0500_R022_T34VCM_20230409T134022,exact_unique,S2A_MSIL1C_20200329T101021_N0500_R022_T34VCM_20230408T234207,ACOLITE,rhos,1,eligible_exact_l1c_product_found
2020-04-01,2020,True,frozen_representative,S2A_MSIL2A_20200401T102021_N0500_R065_T34VCM_20230404T191257,exact_unique,S2A_MSIL1C_20200401T102021_N0500_R065_T34VCM_20230404T032154,ACOLITE,rhos,1,eligible_exact_l1c_product_found
2020-04-03,2020,True,frozen_representative,S2B_MSIL2A_20200403T100549_N0500_R022_T34VCM_20230530T234318,exact_unique,S2B_MSIL1C_20200403T100549_N0500_R022_T34VCM_20230530T162052,ACOLITE,rhos,1,eligible_exact_l1c_product_found
2020-04-06,2020,False,no_representative_frozen_scl_gate_failed,,no_l2a_representative_for_date,,ACOLITE,rhos,0,not_eligible_no_frozen_l2a_representative
2020-04-08,2020,False,no_representative_frozen_scl_gate_failed,,no_l2a_representative_for_date,,ACOLITE,rhos,0,not_eligible_no_frozen_l2a_representative
2020-04-11,2020,True,frozen_representative,S2A_MSIL2A_20200411T102021_N0500_R065_T34VCM_20230406T074601,exact_unique,S2A_MSIL1C_20200411T102021_N0500_R065_T34VCM_20230405T155520,ACOLITE,rhos,1,eligible_exact_l1c_product_found
2020-04-13,2020,False,no_representative_frozen_scl_gate_failed,,no_l2a_representative_for_date,,ACOLITE,rhos,0,not_eligible_no_frozen_l2a_representative
2020-04-16,2020,True,frozen_representative,S2B_MSIL2A_20200416T101549_N0500_R065_T34VCM_20230522T094018,exact_unique,S2B_MSIL1C_20200416T101549_N0500_R065_T34VCM_20230522T004845,ACOLITE,rhos,1,eligible_exact_l1c_product_found
2020-04-18,2020,True,frozen_representative,S2A_MSIL2A_20200418T101031_N0500_R022_T34VCM_20230410T033739,exact_unique,S2A_MSIL1C_20200418T101031_N0500_R022_T34VCM_20230409T173732,ACOLITE,rhos,1,eligible_exact_l1c_product_found
2020-04-21,2020,True,frozen_representative,S2A_MSIL2A_20200421T102021_N0500_R065_T34VCM_20230419T010724,exact_unique,S2A_MSIL1C_20200421T102021_N0500_R065_T34VCM_20230418T165644,ACOLITE,rhos,1,eligible_exact_l1c_product_found
2020-04-23,2020,True,frozen_representative,S2B_MSIL2A_20200423T100549_N0500_R022_T34VCM_20230519T193533,exact_unique,S2B_MSIL1C_20200423T100549_N0500_R022_T34VCM_20230519T113250,ACOLITE,rhos,1,eligible_exact_l1c_product_found
2020-04-26,2020,False,no_representative_frozen_scl_gate_failed,,no_l2a_representative_for_date,,ACOLITE,rhos,0,not_eligible_no_frozen_l2a_representative
2020-04-28,2020,False,no_representative_frozen_scl_gate_failed,,no_l2a_representative_for_date,,ACOLITE,rhos,0,not_eligible_no_frozen_l2a_representative
2020-05-01,2020,False,no_representative_frozen_scl_gate_failed,,no_l2a_representative_for_date,,ACOLITE,rhos,0,not_eligible_no_frozen_l2a_representative
2020-05-03,2020,False,no_representative_frozen_scl_gate_failed,,no_l2a_representative_for_date,,ACOLITE,rhos,0,not_eligible_no_frozen_l2a_representative
2020-05-06,2020,False,no_representative_frozen_scl_gate_failed,,no_l2a_representative_for_date,,ACOLITE,rhos,0,not_eligible_no_frozen_l2a_representative
2020-05-08,2020,True,frozen_representative,S2A_MSIL2A_20200508T101031_N0500_R022_T34VCM_20230331T174129,exact_unique,S2A_MSIL1C_20200508T101031_N0500_R022_T34VCM_20230330T224016,ACOLITE,rhos,1,eligible_exact_l1c_product_found
2020-05-11,2020,False,no_representative_frozen_scl_gate_failed,,no_l2a_representative_for_date,,ACOLITE,rhos,0,not_eligible_no_frozen_l2a_representative
2020-05-13,2020,False,no_representative_frozen_scl_gate_failed,,no_l2a_representative_for_date,,ACOLITE,rhos,0,not_eligible_no_frozen_l2a_representative
2020-05-16,2020,False,no_representative_frozen_scl_gate_failed,,no_l2a_representative_for_date,,ACOLITE,rhos,0,not_eligible_no_frozen_l2a_representative
2020-05-18,2020,False,no_representative_frozen_scl_gate_failed,,no_l2a_representative_for_date,,ACOLITE,rhos,0,not_eligible_no_frozen_l2a_representative
2020-05-21,2020,True,frozen_representative,S2A_MSIL2A_20200521T102031_N0500_R065_T34VCM_20230415T081814,exact_unique,S2A_MSIL1C_20200521T102031_N0500_R065_T34VCM_20230415T025301,ACOLITE,rhos,1,eligible_exact_l1c_product_found
2020-05-23,2020,False,no_representative_frozen_scl_gate_failed,,no_l2a_representative_for_date,,ACOLITE,rhos,0,not_eligible_no_frozen_l2a_representative
2020-05-26,2020,True,frozen_representative,S2B_MSIL2A_20200526T101559_N0500_R065_T34VCM_20230504T082505,exact_unique,S2B_MSIL1C_20200526T101559_N0500_R065_T34VCM_20230504T005432,ACOLITE,rhos,1,eligible_exact_l1c_product_found
2020-05-28,2020,False,no_representative_frozen_scl_gate_failed,,no_l2a_representative_for_date,,ACOLITE,rhos,0,not_eligible_no_frozen_l2a_representative
2020-05-31,2020,True,frozen_representative,S2A_MSIL2A_20200531T102031_N0500_R065_T34VCM_20230404T042304,exact_unique,S2A_MSIL1C_20200531T102031_N0500_R065_T34VCM_20230403T211425,ACOLITE,rhos,1,eligible_exact_l1c_product_found
2020-06-02,2020,True,frozen_representative,S2B_MSIL2A_20200602T100559_N0500_R022_T34VCM_20230618T155201,exact_unique,S2B_MSIL1C_20200602T100559_N0500_R022_T34VCM_20230618T064144,ACOLITE,rhos,1,eligible_exact_l1c_product_found
2020-06-05,2020,True,frozen_representative,S2B_MSIL2A_20200605T101559_N0500_R065_T34VCM_20230616T115605,exact_unique,S2B_MSIL1C_20200605T101559_N0500_R065_T34VCM_20230616T040205,ACOLITE,rhos,1,eligible_exact_l1c_product_found
2020-06-07,2020,True,frozen_representative,S2A_MSIL2A_20200607T101031_N0500_R022_T34VCM_20230325T194752,exact_unique,S2A_MSIL1C_20200607T101031_N0500_R022_T34VCM_20230325T075950,ACOLITE,rhos,1,eligible_exact_l1c_product_found
2020-06-10,2020,True,frozen_representative,S2A_MSIL2A_20200610T102031_N0500_R065_T34VCM_20230327T090844,exact_unique,S2A_MSIL1C_20200610T102031_N0500_R065_T34VCM_20230326T185418,ACOLITE,rhos,1,eligible_exact_l1c_product_found
2020-06-12,2020,True,frozen_representative,S2B_MSIL2A_20200612T100559_N0500_R022_T34VCM_20230501T085107,exact_unique,S2B_MSIL1C_20200612T100559_N0500_R022_T34VCM_20230430T193046,ACOLITE,rhos,1,eligible_exact_l1c_product_found
2020-06-15,2020,True,frozen_representative,S2B_MSIL2A_20200615T101559_N0500_R065_T34VCM_20230428T083529,exact_unique,S2B_MSIL1C_20200615T101559_N0500_R065_T34VCM_20230427T115930,ACOLITE,rhos,1,eligible_exact_l1c_product_found
2020-06-17,2020,False,no_representative_frozen_scl_gate_failed,,no_l2a_representative_for_date,,ACOLITE,rhos,0,not_eligible_no_frozen_l2a_representative
2020-06-20,2020,True,frozen_representative,S2A_MSIL2A_20200620T102031_N0500_R065_T34VCM_20230413T205714,exact_unique,S2A_MSIL1C_20200620T102031_N0500_R065_T34VCM_20230413T090147,ACOLITE,rhos,1,eligible_exact_l1c_product_found
2020-06-22,2020,True,frozen_representative,S2B_MSIL2A_20200622T100559_N0500_R022_T34VCM_20230501T093544,exact_unique,S2B_MSIL1C_20200622T100559_N0500_R022_T34VCM_20230501T013926,ACOLITE,rhos,1,eligible_exact_l1c_product_found
2020-06-25,2020,True,frozen_representative,S2B_MSIL2A_20200625T101559_N0500_R065_T34VCM_20230507T110141,exact_unique,S2B_MSIL1C_20200625T101559_N0500_R065_T34VCM_20230507T030438,ACOLITE,rhos,1,eligible_exact_l1c_product_found
2020-06-27,2020,True,frozen_representative,S2A_MSIL2A_20200627T101031_N0500_R022_T34VCM_20230330T005932,exact_unique,S2A_MSIL1C_20200627T101031_N0500_R022_T34VCM_20230329T045046,ACOLITE,rhos,1,eligible_exact_l1c_product_found
2020-06-30,2020,False,no_representative_frozen_scl_gate_failed,,no_l2a_representative_for_date,,ACOLITE,rhos,0,not_eligible_no_frozen_l2a_representative
2020-07-02,2020,True,frozen_representative,S2B_MSIL2A_20200702T100559_N0500_R022_T34VCM_20230531T012547,exact_unique,S2B_MSIL1C_20200702T100559_N0500_R022_T34VCM_20230530T180855,ACOLITE,rhos,1,eligible_exact_l1c_product_found
2020-07-05,2020,False,no_representative_frozen_scl_gate_failed,,no_l2a_representative_for_date,,ACOLITE,rhos,0,not_eligible_no_frozen_l2a_representative
2020-07-07,2020,False,no_representative_frozen_scl_gate_failed,,no_l2a_representative_for_date,,ACOLITE,rhos,0,not_eligible_no_frozen_l2a_representative
2020-07-10,2020,False,no_representative_frozen_scl_gate_failed,,no_l2a_representative_for_date,,ACOLITE,rhos,0,not_eligible_no_frozen_l2a_representative
2020-07-12,2020,True,frozen_representative,S2B_MSIL2A_20200712T100559_N0500_R022_T34VCM_20230614T061252,exact_unique,S2B_MSIL1C_20200712T100559_N0500_R022_T34VCM_20230614T001712,ACOLITE,rhos,1,eligible_exact_l1c_product_found
2020-07-15,2020,False,no_representative_frozen_scl_gate_failed,,no_l2a_representative_for_date,,ACOLITE,rhos,0,not_eligible_no_frozen_l2a_representative
2020-07-17,2020,False,no_representative_frozen_scl_gate_failed,,no_l2a_representative_for_date,,ACOLITE,rhos,0,not_eligible_no_frozen_l2a_representative
2020-07-20,2020,False,no_representative_frozen_scl_gate_failed,,no_l2a_representative_for_date,,ACOLITE,rhos,0,not_eligible_no_frozen_l2a_representative
2020-07-22,2020,False,no_representative_frozen_scl_gate_failed,,no_l2a_representative_for_date,,ACOLITE,rhos,0,not_eligible_no_frozen_l2a_representative
2020-07-25,2020,True,frozen_representative,S2B_MSIL2A_20200725T101559_N0500_R065_T34VCM_20230430T175257,exact_unique,S2B_MSIL1C_20200725T101559_N0500_R065_T34VCM_20230429T203729,ACOLITE,rhos,1,eligible_exact_l1c_product_found
2020-07-27,2020,False,no_representative_frozen_scl_gate_failed,,no_l2a_representative_for_date,,ACOLITE,rhos,0,not_eligible_no_frozen_l2a_representative
2020-07-30,2020,False,no_representative_frozen_scl_gate_failed,,no_l2a_representative_for_date,,ACOLITE,rhos,0,not_eligible_no_frozen_l2a_representative
2020-08-01,2020,True,frozen_representative,S2B_MSIL2A_20200801T100559_N0500_R022_T34VCM_20230421T101210,exact_unique,S2B_MSIL1C_20200801T100559_N0500_R022_T34VCM_20230420T124330,ACOLITE,rhos,1,eligible_exact_l1c_product_found
2020-08-04,2020,False,no_representative_frozen_scl_gate_failed,,no_l2a_representative_for_date,,ACOLITE,rhos,0,not_eligible_no_frozen_l2a_representative
2020-08-06,2020,False,no_representative_frozen_scl_gate_failed,,no_l2a_representative_for_date,,ACOLITE,rhos,0,not_eligible_no_frozen_l2a_representative
2020-08-09,2020,True,frozen_representative,S2A_MSIL2A_20200809T102031_N0500_R065_T34VCM_20230420T170300,exact_unique,S2A_MSIL1C_20200809T102031_N0500_R065_T34VCM_20230420T085814,ACOLITE,rhos,1,eligible_exact_l1c_product_found
2020-08-11,2020,True,frozen_representative,S2B_MSIL2A_20200811T100559_N0500_R022_T34VCM_20230520T221430,exact_unique,S2B_MSIL1C_20200811T100559_N0500_R022_T34VCM_20230520T144508,ACOLITE,rhos,1,eligible_exact_l1c_product_found
2020-08-14,2020,True,frozen_representative,S2B_MSIL2A_20200814T101559_N0500_R065_T34VCM_20230419T055343,exact_unique,S2B_MSIL1C_20200814T101559_N0500_R065_T34VCM_20230418T203343,ACOLITE,rhos,1,eligible_exact_l1c_product_found
2020-08-16,2020,True,frozen_representative,S2A_MSIL2A_20200816T101031_N0500_R022_T34VCM_20230422T120802,exact_unique,S2A_MSIL1C_20200816T101031_N0500_R022_T34VCM_20230422T024451,ACOLITE,rhos,1,eligible_exact_l1c_product_found
2020-08-19,2020,True,frozen_representative,S2A_MSIL2A_20200819T102031_N0500_R065_T34VCM_20230407T111047,exact_unique,S2A_MSIL1C_20200819T102031_N0500_R065_T34VCM_20230407T004653,ACOLITE,rhos,1,eligible_exact_l1c_product_found
2020-08-21,2020,True,frozen_representative,S2B_MSIL2A_20200821T100559_N0500_R022_T34VCM_20230512T235511,exact_unique,S2B_MSIL1C_20200821T100559_N0500_R022_T34VCM_20230512T135158,ACOLITE,rhos,1,eligible_exact_l1c_product_found
2020-08-24,2020,True,frozen_representative,S2B_MSIL2A_20200824T101559_N0500_R065_T34VCM_20230419T043339,exact_unique,S2B_MSIL1C_20200824T101559_N0500_R065_T34VCM_20230418T053500,ACOLITE,rhos,1,eligible_exact_l1c_product_found
2020-08-26,2020,True,frozen_representative,S2A_MSIL2A_20200826T101031_N0500_R022_T34VCM_20230413T171700,exact_unique,S2A_MSIL1C_20200826T101031_N0500_R022_T34VCM_20230412T174525,ACOLITE,rhos,1,eligible_exact_l1c_product_found
2020-08-29,2020,False,no_representative_frozen_scl_gate_failed,,no_l2a_representative_for_date,,ACOLITE,rhos,0,not_eligible_no_frozen_l2a_representative
2020-08-31,2020,False,no_representative_frozen_scl_gate_failed,,no_l2a_representative_for_date,,ACOLITE,rhos,0,not_eligible_no_frozen_l2a_representative
2020-09-03,2020,False,no_representative_frozen_scl_gate_failed,,no_l2a_representative_for_date,,ACOLITE,rhos,0,not_eligible_no_frozen_l2a_representative
2020-09-05,2020,True,frozen_representative,S2A_MSIL2A_20200905T101031_N0500_R022_T34VCM_20230314T024637,exact_unique,S2A_MSIL1C_20200905T101031_N0500_R022_T34VCM_20230313T151754,ACOLITE,rhos,1,eligible_exact_l1c_product_found
2020-09-08,2020,False,no_representative_frozen_scl_gate_failed,,no_l2a_representative_for_date,,ACOLITE,rhos,0,not_eligible_no_frozen_l2a_representative
2020-09-10,2020,True,frozen_representative,S2B_MSIL2A_20200910T100559_N0500_R022_T34VCM_20230311T022411,exact_unique,S2B_MSIL1C_20200910T100559_N0500_R022_T34VCM_20230309T230357,ACOLITE,rhos,1,eligible_exact_l1c_product_found
2020-09-13,2020,True,frozen_representative,S2B_MSIL2A_20200913T101629_N0500_R065_T34VCM_20230418T112835,exact_unique,S2B_MSIL1C_20200913T101629_N0500_R065_T34VCM_20230418T014843,ACOLITE,rhos,1,eligible_exact_l1c_product_found
2020-09-15,2020,False,no_representative_frozen_scl_gate_failed,,no_l2a_representative_for_date,,ACOLITE,rhos,0,not_eligible_no_frozen_l2a_representative
2020-09-18,2020,True,frozen_representative,S2A_MSIL2A_20200918T102031_N0500_R065_T34VCM_20230311T043216,exact_unique,S2A_MSIL1C_20200918T102031_N0500_R065_T34VCM_20230310T160415,ACOLITE,rhos,1,eligible_exact_l1c_product_found
2020-09-20,2020,False,no_representative_frozen_scl_gate_failed,,no_l2a_representative_for_date,,ACOLITE,rhos,0,not_eligible_no_frozen_l2a_representative
2020-09-23,2020,True,frozen_representative,S2B_MSIL2A_20200923T101649_N0500_R065_T34VCM_20230426T105356,exact_unique,S2B_MSIL1C_20200923T101649_N0500_R065_T34VCM_20230425T040337,ACOLITE,rhos,1,eligible_exact_l1c_product_found
2020-09-25,2020,False,no_representative_frozen_scl_gate_failed,,no_l2a_representative_for_date,,ACOLITE,rhos,0,not_eligible_no_frozen_l2a_representative
2020-09-28,2020,False,no_representative_frozen_scl_gate_failed,,no_l2a_representative_for_date,,ACOLITE,rhos,0,not_eligible_no_frozen_l2a_representative
2020-09-30,2020,False,no_representative_frozen_scl_gate_failed,,no_l2a_representative_for_date,,ACOLITE,rhos,0,not_eligible_no_frozen_l2a_representative
2020-10-03,2020,False,no_representative_frozen_scl_gate_failed,,no_l2a_representative_for_date,,ACOLITE,rhos,0,not_eligible_no_frozen_l2a_representative
2020-10-08,2020,False,no_representative_frozen_scl_gate_failed,,no_l2a_representative_for_date,,ACOLITE,rhos,0,not_eligible_no_frozen_l2a_representative
2020-10-10,2020,False,no_representative_frozen_scl_gate_failed,,no_l2a_representative_for_date,,ACOLITE,rhos,0,not_eligible_no_frozen_l2a_representative
2020-10-13,2020,False,no_representative_frozen_scl_gate_failed,,no_l2a_representative_for_date,,ACOLITE,rhos,0,not_eligible_no_frozen_l2a_representative
2020-10-15,2020,True,frozen_representative,S2A_MSIL2A_20201015T101031_N0500_R022_T34VCM_20230308T002351,exact_unique,S2A_MSIL1C_20201015T101031_N0500_R022_T34VCM_20230307T035130,ACOLITE,rhos,1,eligible_exact_l1c_product_found
2020-10-18,2020,False,no_representative_frozen_scl_gate_failed,,no_l2a_representative_for_date,,ACOLITE,rhos,0,not_eligible_no_frozen_l2a_representative
2020-10-20,2020,False,no_representative_frozen_scl_gate_failed,,no_l2a_representative_for_date,,ACOLITE,rhos,0,not_eligible_no_frozen_l2a_representative
2020-10-23,2020,False,no_representative_frozen_scl_gate_failed,,no_l2a_representative_for_date,,ACOLITE,rhos,0,not_eligible_no_frozen_l2a_representative
2020-10-25,2020,False,no_representative_frozen_scl_gate_failed,,no_l2a_representative_for_date,,ACOLITE,rhos,0,not_eligible_no_frozen_l2a_representative
2020-10-28,2020,False,no_representative_frozen_scl_gate_failed,,no_l2a_representative_for_date,,ACOLITE,rhos,0,not_eligible_no_frozen_l2a_representative
2020-10-30,2020,False,no_representative_frozen_scl_gate_failed,,no_l2a_representative_for_date,,ACOLITE,rhos,0,not_eligible_no_frozen_l2a_representative
2020-11-02,2020,False,no_representative_frozen_scl_gate_failed,,no_l2a_representative_for_date,,ACOLITE,rhos,0,not_eligible_no_frozen_l2a_representative
2020-11-04,2020,True,frozen_representative,S2A_MSIL2A_20201104T101211_N0500_R022_T34VCM_20230319T070226,exact_unique,S2A_MSIL1C_20201104T101211_N0500_R022_T34VCM_20230319T003319,ACOLITE,rhos,1,eligible_exact_l1c_product_found
2020-11-07,2020,False,no_representative_frozen_scl_gate_failed,,no_l2a_representative_for_date,,ACOLITE,rhos,0,not_eligible_no_frozen_l2a_representative
2020-11-09,2020,True,frozen_representative,S2B_MSIL2A_20201109T101239_N0500_R022_T34VCM_20230302T145813,exact_unique,S2B_MSIL1C_20201109T101239_N0500_R022_T34VCM_20230302T103054,ACOLITE,rhos,1,eligible_exact_l1c_product_found
2020-11-12,2020,False,no_representative_frozen_scl_gate_failed,,no_l2a_representative_for_date,,ACOLITE,rhos,0,not_eligible_no_frozen_l2a_representative
2020-11-14,2020,False,no_representative_frozen_scl_gate_failed,,no_l2a_representative_for_date,,ACOLITE,rhos,0,not_eligible_no_frozen_l2a_representative
2020-11-17,2020,False,no_representative_frozen_scl_gate_failed,,no_l2a_representative_for_date,,ACOLITE,rhos,0,not_eligible_no_frozen_l2a_representative
2020-11-19,2020,False,no_representative_frozen_scl_gate_failed,,no_l2a_representative_for_date,,ACOLITE,rhos,0,not_eligible_no_frozen_l2a_representative
2020-11-22,2020,True,frozen_representative,S2B_MSIL2A_20201122T102339_N0500_R065_T34VCM_20230402T194726,exact_unique,S2B_MSIL1C_20201122T102339_N0500_R065_T34VCM_20230402T123818,ACOLITE,rhos,1,eligible_exact_l1c_product_found
2020-11-24,2020,False,no_representative_frozen_scl_gate_failed,,no_l2a_representative_for_date,,ACOLITE,rhos,0,not_eligible_no_frozen_l2a_representative
2020-11-27,2020,False,no_representative_frozen_scl_gate_failed,,no_l2a_representative_for_date,,ACOLITE,rhos,0,not_eligible_no_frozen_l2a_representative
2020-11-29,2020,False,no_representative_frozen_scl_gate_failed,,no_l2a_representative_for_date,,ACOLITE,rhos,0,not_eligible_no_frozen_l2a_representative
2020-12-12,2020,False,no_representative_frozen_scl_gate_failed,,no_l2a_representative_for_date,,ACOLITE,rhos,0,not_eligible_no_frozen_l2a_representative
2020-12-19,2020,False,no_representative_frozen_scl_gate_failed,,no_l2a_representative_for_date,,ACOLITE,rhos,0,not_eligible_no_frozen_l2a_representative
2020-12-22,2020,False,no_representative_frozen_scl_gate_failed,,no_l2a_representative_for_date,,ACOLITE,rhos,0,not_eligible_no_frozen_l2a_representative
2020-12-29,2020,False,no_representative_frozen_scl_gate_failed,,no_l2a_representative_for_date,,ACOLITE,rhos,0,not_eligible_no_frozen_l2a_representative
2021-01-01,2021,False,no_representative_frozen_scl_gate_failed,,no_l2a_representative_for_date,,ACOLITE,rhos,0,not_eligible_no_frozen_l2a_representative
2021-01-08,2021,False,no_representative_frozen_scl_gate_failed,,no_l2a_representative_for_date,,ACOLITE,rhos,0,not_eligible_no_frozen_l2a_representative
2021-01-11,2021,False,no_representative_frozen_scl_gate_failed,,no_l2a_representative_for_date,,ACOLITE,rhos,0,not_eligible_no_frozen_l2a_representative
2021-01-13,2021,False,no_representative_frozen_scl_gate_failed,,no_l2a_representative_for_date,,ACOLITE,rhos,0,not_eligible_no_frozen_l2a_representative
2021-01-16,2021,False,no_representative_frozen_scl_gate_failed,,no_l2a_representative_for_date,,ACOLITE,rhos,0,not_eligible_no_frozen_l2a_representative
2021-01-18,2021,False,no_representative_frozen_scl_gate_failed,,no_l2a_representative_for_date,,ACOLITE,rhos,0,not_eligible_no_frozen_l2a_representative
2021-01-21,2021,False,no_representative_frozen_scl_gate_failed,,no_l2a_representative_for_date,,ACOLITE,rhos,0,not_eligible_no_frozen_l2a_representative
2021-01-23,2021,False,no_representative_frozen_scl_gate_failed,,no_l2a_representative_for_date,,ACOLITE,rhos,0,not_eligible_no_frozen_l2a_representative
2021-01-26,2021,False,no_representative_frozen_scl_gate_failed,,no_l2a_representative_for_date,,ACOLITE,rhos,0,not_eligible_no_frozen_l2a_representative
2021-01-28,2021,False,no_representative_frozen_scl_gate_failed,,no_l2a_representative_for_date,,ACOLITE,rhos,0,not_eligible_no_frozen_l2a_representative
2021-01-31,2021,False,no_representative_frozen_scl_gate_failed,,no_l2a_representative_for_date,,ACOLITE,rhos,0,not_eligible_no_frozen_l2a_representative
2021-02-02,2021,False,no_representative_frozen_scl_gate_failed,,no_l2a_representative_for_date,,ACOLITE,rhos,0,not_eligible_no_frozen_l2a_representative
2021-02-05,2021,False,no_representative_frozen_scl_gate_failed,,no_l2a_representative_for_date,,ACOLITE,rhos,0,not_eligible_no_frozen_l2a_representative
2021-02-07,2021,False,no_representative_frozen_scl_gate_failed,,no_l2a_representative_for_date,,ACOLITE,rhos,0,not_eligible_no_frozen_l2a_representative
2021-02-10,2021,False,no_representative_frozen_scl_gate_failed,,no_l2a_representative_for_date,,ACOLITE,rhos,0,not_eligible_no_frozen_l2a_representative
2021-02-12,2021,False,no_representative_frozen_scl_gate_failed,,no_l2a_representative_for_date,,ACOLITE,rhos,0,not_eligible_no_frozen_l2a_representative
2021-02-15,2021,False,no_representative_frozen_scl_gate_failed,,no_l2a_representative_for_date,,ACOLITE,rhos,0,not_eligible_no_frozen_l2a_representative
2021-02-17,2021,False,no_representative_frozen_scl_gate_failed,,no_l2a_representative_for_date,,ACOLITE,rhos,0,not_eligible_no_frozen_l2a_representative
2021-02-20,2021,False,no_representative_frozen_scl_gate_failed,,no_l2a_representative_for_date,,ACOLITE,rhos,0,not_eligible_no_frozen_l2a_representative
2021-02-22,2021,False,no_representative_frozen_scl_gate_failed,,no_l2a_representative_for_date,,ACOLITE,rhos,0,not_eligible_no_frozen_l2a_representative
2021-02-25,2021,False,no_representative_frozen_scl_gate_failed,,no_l2a_representative_for_date,,ACOLITE,rhos,0,not_eligible_no_frozen_l2a_representative
2021-02-27,2021,True,frozen_representative,S2B_MSIL2A_20210227T101029_N0500_R022_T34VCM_20230602T214212,exact_unique,S2B_MSIL1C_20210227T101029_N0500_R022_T34VCM_20230602T112715,ACOLITE,rhos,1,eligible_exact_l1c_product_found
2021-03-02,2021,False,no_representative_frozen_scl_gate_failed,,no_l2a_representative_for_date,,ACOLITE,rhos,0,not_eligible_no_frozen_l2a_representative
2021-03-04,2021,False,no_representative_frozen_scl_gate_failed,,no_l2a_representative_for_date,,ACOLITE,rhos,0,not_eligible_no_frozen_l2a_representative
2021-03-07,2021,False,no_representative_frozen_scl_gate_failed,,no_l2a_representative_for_date,,ACOLITE,rhos,0,not_eligible_no_frozen_l2a_representative
2021-03-09,2021,False,no_representative_frozen_scl_gate_failed,,no_l2a_representative_for_date,,ACOLITE,rhos,0,not_eligible_no_frozen_l2a_representative
2021-03-12,2021,False,no_representative_frozen_scl_gate_failed,,no_l2a_representative_for_date,,ACOLITE,rhos,0,not_eligible_no_frozen_l2a_representative
2021-03-14,2021,False,no_representative_frozen_scl_gate_failed,,no_l2a_representative_for_date,,ACOLITE,rhos,0,not_eligible_no_frozen_l2a_representative
2021-03-17,2021,False,no_representative_frozen_scl_gate_failed,,no_l2a_representative_for_date,,ACOLITE,rhos,0,not_eligible_no_frozen_l2a_representative
2021-03-19,2021,True,frozen_representative,S2B_MSIL2A_20210319T100649_N0500_R022_T34VCM_20230520T034739,exact_unique,S2B_MSIL1C_20210319T100649_N0500_R022_T34VCM_20230518T221153,ACOLITE,rhos,1,eligible_exact_l1c_product_found
2021-03-22,2021,True,frozen_representative,S2B_MSIL2A_20210322T101649_N0500_R065_T34VCM_20230605T043412,exact_unique,S2B_MSIL1C_20210322T101649_N0500_R065_T34VCM_20230604T102539,ACOLITE,rhos,1,eligible_exact_l1c_product_found
2021-03-24,2021,False,no_representative_frozen_scl_gate_failed,,no_l2a_representative_for_date,,ACOLITE,rhos,0,not_eligible_no_frozen_l2a_representative
2021-03-27,2021,False,no_representative_frozen_scl_gate_failed,,no_l2a_representative_for_date,,ACOLITE,rhos,0,not_eligible_no_frozen_l2a_representative
2021-03-29,2021,False,no_representative_frozen_scl_gate_failed,,no_l2a_representative_for_date,,ACOLITE,rhos,0,not_eligible_no_frozen_l2a_representative
2021-04-01,2021,False,no_representative_frozen_scl_gate_failed,,no_l2a_representative_for_date,,ACOLITE,rhos,0,not_eligible_no_frozen_l2a_representative
2021-04-03,2021,True,frozen_representative,S2A_MSIL2A_20210403T101021_N0500_R022_T34VCM_20230512T004623,exact_unique,S2A_MSIL1C_20210403T101021_N0500_R022_T34VCM_20230511T155445,ACOLITE,rhos,1,eligible_exact_l1c_product_found
2021-04-06,2021,False,no_representative_frozen_scl_gate_failed,,no_l2a_representative_for_date,,ACOLITE,rhos,0,not_eligible_no_frozen_l2a_representative
2021-04-08,2021,True,frozen_representative,S2B_MSIL2A_20210408T100549_N0500_R022_T34VCM_20230513T124455,exact_unique,S2B_MSIL1C_20210408T100549_N0500_R022_T34VCM_20230512T121936,ACOLITE,rhos,1,eligible_exact_l1c_product_found
2021-04-11,2021,False,no_representative_frozen_scl_gate_failed,,no_l2a_representative_for_date,,ACOLITE,rhos,0,not_eligible_no_frozen_l2a_representative
2021-04-13,2021,True,frozen_representative,S2A_MSIL2A_20210413T101021_N0500_R022_T34VCM_20230513T131428,exact_unique,S2A_MSIL1C_20210413T101021_N0500_R022_T34VCM_20230513T062335,ACOLITE,rhos,1,eligible_exact_l1c_product_found
2021-04-16,2021,False,no_representative_frozen_scl_gate_failed,,no_l2a_representative_for_date,,ACOLITE,rhos,0,not_eligible_no_frozen_l2a_representative
2021-04-18,2021,True,frozen_representative,S2B_MSIL2A_20210418T100549_N0500_R022_T34VCM_20230525T063818,exact_unique,S2B_MSIL1C_20210418T100549_N0500_R022_T34VCM_20230524T070538,ACOLITE,rhos,1,eligible_exact_l1c_product_found
2021-04-21,2021,True,frozen_representative,S2B_MSIL2A_20210421T101549_N0500_R065_T34VCM_20230518T200516,exact_unique,S2B_MSIL1C_20210421T101549_N0500_R065_T34VCM_20230517T212537,ACOLITE,rhos,1,eligible_exact_l1c_product_found
2021-04-23,2021,True,frozen_representative,S2A_MSIL2A_20210423T101021_N0500_R022_T34VCM_20230512T140300,exact_unique,S2A_MSIL1C_20210423T101021_N0500_R022_T34VCM_20230512T034455,ACOLITE,rhos,1,eligible_exact_l1c_product_found
2021-04-26,2021,False,no_representative_frozen_scl_gate_failed,,no_l2a_representative_for_date,,ACOLITE,rhos,0,not_eligible_no_frozen_l2a_representative
2021-04-28,2021,False,no_representative_frozen_scl_gate_failed,,no_l2a_representative_for_date,,ACOLITE,rhos,0,not_eligible_no_frozen_l2a_representative
2021-05-01,2021,False,no_representative_frozen_scl_gate_failed,,no_l2a_representative_for_date,,ACOLITE,rhos,0,not_eligible_no_frozen_l2a_representative
2021-05-03,2021,False,no_representative_frozen_scl_gate_failed,,no_l2a_representative_for_date,,ACOLITE,rhos,0,not_eligible_no_frozen_l2a_representative
2021-05-06,2021,False,no_representative_frozen_scl_gate_failed,,no_l2a_representative_for_date,,ACOLITE,rhos,0,not_eligible_no_frozen_l2a_representative
2021-05-08,2021,True,frozen_representative,S2B_MSIL2A_20210508T100549_N0500_R022_T34VCM_20230207T093304,exact_unique,S2B_MSIL1C_20210508T100549_N0500_R022_T34VCM_20230207T033128,ACOLITE,rhos,1,eligible_exact_l1c_product_found
2021-05-11,2021,False,no_representative_frozen_scl_gate_failed,,no_l2a_representative_for_date,,ACOLITE,rhos,0,not_eligible_no_frozen_l2a_representative
2021-05-13,2021,True,frozen_representative,S2A_MSIL2A_20210513T101021_N0500_R022_T34VCM_20230208T230237,exact_unique,S2A_MSIL1C_20210513T101021_N0500_R022_T34VCM_20230208T105956,ACOLITE,rhos,1,eligible_exact_l1c_product_found
2021-05-16,2021,False,no_representative_frozen_scl_gate_failed,,no_l2a_representative_for_date,,ACOLITE,rhos,0,not_eligible_no_frozen_l2a_representative
2021-05-18,2021,True,frozen_representative,S2B_MSIL2A_20210518T100559_N0500_R022_T34VCM_20230222T190943,exact_unique,S2B_MSIL1C_20210518T100559_N0500_R022_T34VCM_20230222T092744,ACOLITE,rhos,1,eligible_exact_l1c_product_found
2021-05-21,2021,False,no_representative_frozen_scl_gate_failed,,no_l2a_representative_for_date,,ACOLITE,rhos,0,not_eligible_no_frozen_l2a_representative
2021-05-23,2021,False,no_representative_frozen_scl_gate_failed,,no_l2a_representative_for_date,,ACOLITE,rhos,0,not_eligible_no_frozen_l2a_representative
2021-05-26,2021,False,no_representative_frozen_scl_gate_failed,,no_l2a_representative_for_date,,ACOLITE,rhos,0,not_eligible_no_frozen_l2a_representative
2021-05-28,2021,True,frozen_representative,S2B_MSIL2A_20210528T100559_N0500_R022_T34VCM_20230227T082312,exact_unique,S2B_MSIL1C_20210528T100559_N0500_R022_T34VCM_20230227T022353,ACOLITE,rhos,1,eligible_exact_l1c_product_found
2021-05-31,2021,False,no_representative_frozen_scl_gate_failed,,no_l2a_representative_for_date,,ACOLITE,rhos,0,not_eligible_no_frozen_l2a_representative
2021-06-02,2021,True,frozen_representative,S2A_MSIL2A_20210602T101031_N0500_R022_T34VCM_20230313T040411,exact_unique,S2A_MSIL1C_20210602T101031_N0500_R022_T34VCM_20230312T040328,ACOLITE,rhos,1,eligible_exact_l1c_product_found
2021-06-05,2021,True,frozen_representative,S2A_MSIL2A_20210605T102021_N0500_R065_T34VCM_20230130T074617,exact_unique,S2A_MSIL1C_20210605T102021_N0500_R065_T34VCM_20230129T173124,ACOLITE,rhos,1,eligible_exact_l1c_product_found
2021-06-07,2021,True,frozen_representative,S2B_MSIL2A_20210607T100559_N0500_R022_T34VCM_20230314T071412,exact_unique,S2B_MSIL1C_20210607T100559_N0500_R022_T34VCM_20230313T212809,ACOLITE,rhos,1,eligible_exact_l1c_product_found
2021-06-10,2021,True,frozen_representative,S2B_MSIL2A_20210610T101559_N0500_R065_T34VCM_20230321T102457,exact_unique,S2B_MSIL1C_20210610T101559_N0500_R065_T34VCM_20230321T010521,ACOLITE,rhos,1,eligible_exact_l1c_product_found
2021-06-12,2021,True,frozen_representative,S2A_MSIL2A_20210612T101031_N0500_R022_T34VCM_20230316T113702,exact_unique,S2A_MSIL1C_20210612T101031_N0500_R022_T34VCM_20230316T020649,ACOLITE,rhos,1,eligible_exact_l1c_product_found
2021-06-15,2021,True,frozen_representative,S2A_MSIL2A_20210615T102021_N0500_R065_T34VCM_20230216T024207,exact_unique,S2A_MSIL1C_20210615T102021_N0500_R065_T34VCM_20230215T145621,ACOLITE,rhos,1,eligible_exact_l1c_product_found
2021-06-17,2021,False,no_representative_frozen_scl_gate_failed,,no_l2a_representative_for_date,,ACOLITE,rhos,0,not_eligible_no_frozen_l2a_representative
2021-06-20,2021,True,frozen_representative,S2B_MSIL2A_20210620T101559_N0500_R065_T34VCM_20230308T092944,exact_unique,S2B_MSIL1C_20210620T101559_N0500_R065_T34VCM_20230308T041343,ACOLITE,rhos,1,eligible_exact_l1c_product_found
2021-06-22,2021,False,no_representative_frozen_scl_gate_failed,,no_l2a_representative_for_date,,ACOLITE,rhos,0,not_eligible_no_frozen_l2a_representative
2021-06-25,2021,False,no_representative_frozen_scl_gate_failed,,no_l2a_representative_for_date,,ACOLITE,rhos,0,not_eligible_no_frozen_l2a_representative
2021-06-27,2021,True,frozen_representative,S2B_MSIL2A_20210627T100559_N0500_R022_T34VCM_20230318T220525,exact_unique,S2B_MSIL1C_20210627T100559_N0500_R022_T34VCM_20230318T171149,ACOLITE,rhos,1,eligible_exact_l1c_product_found
2021-06-30,2021,True,frozen_representative,S2B_MSIL2A_20210630T101559_N0500_R065_T34VCM_20230319T172945,exact_unique,S2B_MSIL1C_20210630T101559_N0500_R065_T34VCM_20230319T094526,ACOLITE,rhos,1,eligible_exact_l1c_product_found
2021-07-02,2021,True,frozen_representative,S2A_MSIL2A_20210702T101031_N0500_R022_T34VCM_20230125T130514,exact_unique,S2A_MSIL1C_20210702T101031_N0500_R022_T34VCM_20230125T004211,ACOLITE,rhos,1,eligible_exact_l1c_product_found
2021-07-05,2021,True,frozen_representative,S2A_MSIL2A_20210705T102031_N0500_R065_T34VCM_20230123T033750,exact_unique,S2A_MSIL1C_20210705T102031_N0500_R065_T34VCM_20230122T155553,ACOLITE,rhos,1,eligible_exact_l1c_product_found
2021-07-07,2021,False,no_representative_frozen_scl_gate_failed,,no_l2a_representative_for_date,,ACOLITE,rhos,0,not_eligible_no_frozen_l2a_representative
2021-07-10,2021,True,frozen_representative,S2B_MSIL2A_20210710T101559_N0500_R065_T34VCM_20230204T215947,exact_unique,S2B_MSIL1C_20210710T101559_N0500_R065_T34VCM_20230204T123859,ACOLITE,rhos,1,eligible_exact_l1c_product_found
2021-07-12,2021,True,frozen_representative,S2A_MSIL2A_20210712T101031_N0500_R022_T34VCM_20230206T131341,exact_unique,S2A_MSIL1C_20210712T101031_N0500_R022_T34VCM_20230205T153012,ACOLITE,rhos,1,eligible_exact_l1c_product_found
2021-07-15,2021,True,frozen_representative,S2A_MSIL2A_20210715T102031_N0500_R065_T34VCM_20230129T103739,exact_unique,S2A_MSIL1C_20210715T102031_N0500_R065_T34VCM_20230129T073741,ACOLITE,rhos,1,eligible_exact_l1c_product_found
2021-07-17,2021,False,no_representative_frozen_scl_gate_failed,,no_l2a_representative_for_date,,ACOLITE,rhos,0,not_eligible_no_frozen_l2a_representative
2021-07-20,2021,False,no_representative_frozen_scl_gate_failed,,no_l2a_representative_for_date,,ACOLITE,rhos,0,not_eligible_no_frozen_l2a_representative
2021-07-22,2021,False,no_representative_frozen_scl_gate_failed,,no_l2a_representative_for_date,,ACOLITE,rhos,0,not_eligible_no_frozen_l2a_representative
2021-07-25,2021,True,frozen_representative,S2A_MSIL2A_20210725T102031_N0500_R065_T34VCM_20230128T072917,exact_unique,S2A_MSIL1C_20210725T102031_N0500_R065_T34VCM_20230127T211038,ACOLITE,rhos,1,eligible_exact_l1c_product_found
2021-07-27,2021,True,frozen_representative,S2B_MSIL2A_20210727T100559_N0500_R022_T34VCM_20230222T034550,exact_unique,S2B_MSIL1C_20210727T100559_N0500_R022_T34VCM_20230221T195644,ACOLITE,rhos,1,eligible_exact_l1c_product_found
2021-07-30,2021,False,no_representative_frozen_scl_gate_failed,,no_l2a_representative_for_date,,ACOLITE,rhos,0,not_eligible_no_frozen_l2a_representative
2021-08-01,2021,False,no_representative_frozen_scl_gate_failed,,no_l2a_representative_for_date,,ACOLITE,rhos,0,not_eligible_no_frozen_l2a_representative
2021-08-04,2021,False,no_representative_frozen_scl_gate_failed,,no_l2a_representative_for_date,,ACOLITE,rhos,0,not_eligible_no_frozen_l2a_representative
2021-08-06,2021,True,frozen_representative,S2B_MSIL2A_20210806T100559_N0500_R022_T34VCM_20230211T085202,exact_unique,S2B_MSIL1C_20210806T100559_N0500_R022_T34VCM_20230210T231649,ACOLITE,rhos,1,eligible_exact_l1c_product_found
2021-08-09,2021,True,frozen_representative,S2B_MSIL2A_20210809T101559_N0500_R065_T34VCM_20230116T103230,exact_unique,S2B_MSIL1C_20210809T101559_N0500_R065_T34VCM_20230116T012618,ACOLITE,rhos,1,eligible_exact_l1c_product_found
2021-08-11,2021,True,frozen_representative,S2A_MSIL2A_20210811T101031_N0500_R022_T34VCM_20230116T212140,exact_unique,S2A_MSIL1C_20210811T101031_N0500_R022_T34VCM_20230116T084428,ACOLITE,rhos,1,eligible_exact_l1c_product_found
2021-08-14,2021,False,no_representative_frozen_scl_gate_failed,,no_l2a_representative_for_date,,ACOLITE,rhos,0,not_eligible_no_frozen_l2a_representative
2021-08-16,2021,False,no_representative_frozen_scl_gate_failed,,no_l2a_representative_for_date,,ACOLITE,rhos,0,not_eligible_no_frozen_l2a_representative
2021-08-19,2021,False,no_representative_frozen_scl_gate_failed,,no_l2a_representative_for_date,,ACOLITE,rhos,0,not_eligible_no_frozen_l2a_representative
2021-08-21,2021,True,frozen_representative,S2A_MSIL2A_20210821T101031_N0500_R022_T34VCM_20230119T144054,exact_unique,S2A_MSIL1C_20210821T101031_N0500_R022_T34VCM_20230119T063518,ACOLITE,rhos,1,eligible_exact_l1c_product_found
2021-08-24,2021,False,no_representative_frozen_scl_gate_failed,,no_l2a_representative_for_date,,ACOLITE,rhos,0,not_eligible_no_frozen_l2a_representative
2021-08-26,2021,False,no_representative_frozen_scl_gate_failed,,no_l2a_representative_for_date,,ACOLITE,rhos,0,not_eligible_no_frozen_l2a_representative
2021-08-29,2021,False,no_representative_frozen_scl_gate_failed,,no_l2a_representative_for_date,,ACOLITE,rhos,0,not_eligible_no_frozen_l2a_representative
2021-08-31,2021,True,frozen_representative,S2A_MSIL2A_20210831T101031_N0500_R022_T34VCM_20230122T035831,exact_unique,S2A_MSIL1C_20210831T101031_N0500_R022_T34VCM_20230121T150613,ACOLITE,rhos,1,eligible_exact_l1c_product_found
2021-09-03,2021,True,frozen_representative,S2A_MSIL2A_20210903T102021_N0500_R065_T34VCM_20230110T145151,exact_unique,S2A_MSIL1C_20210903T102021_N0500_R065_T34VCM_20230110T004639,ACOLITE,rhos,1,eligible_exact_l1c_product_found
2021-09-05,2021,False,no_representative_frozen_scl_gate_failed,,no_l2a_representative_for_date,,ACOLITE,rhos,0,not_eligible_no_frozen_l2a_representative
2021-09-08,2021,True,frozen_representative,S2B_MSIL2A_20210908T101559_N0500_R065_T34VCM_20230116T194420,exact_unique,S2B_MSIL1C_20210908T101559_N0500_R065_T34VCM_20230116T102914,ACOLITE,rhos,1,eligible_exact_l1c_product_found
2021-09-10,2021,False,no_representative_frozen_scl_gate_failed,,no_l2a_representative_for_date,,ACOLITE,rhos,0,not_eligible_no_frozen_l2a_representative
2021-09-13,2021,False,no_representative_frozen_scl_gate_failed,,no_l2a_representative_for_date,,ACOLITE,rhos,0,not_eligible_no_frozen_l2a_representative
2021-09-15,2021,True,frozen_representative,S2B_MSIL2A_20210915T100629_N0500_R022_T34VCM_20230117T160231,exact_unique,S2B_MSIL1C_20210915T100629_N0500_R022_T34VCM_20230117T080028,ACOLITE,rhos,1,eligible_exact_l1c_product_found
2021-09-18,2021,False,no_representative_frozen_scl_gate_failed,,no_l2a_representative_for_date,,ACOLITE,rhos,0,not_eligible_no_frozen_l2a_representative
2021-09-20,2021,False,no_representative_frozen_scl_gate_failed,,no_l2a_representative_for_date,,ACOLITE,rhos,0,not_eligible_no_frozen_l2a_representative
2021-09-23,2021,False,no_representative_frozen_scl_gate_failed,,no_l2a_representative_for_date,,ACOLITE,rhos,0,not_eligible_no_frozen_l2a_representative
2021-09-25,2021,True,frozen_representative,S2B_MSIL2A_20210925T101019_N0500_R022_T34VCM_20230114T073621,exact_unique,S2B_MSIL1C_20210925T101019_N0500_R022_T34VCM_20230113T183335,ACOLITE,rhos,1,eligible_exact_l1c_product_found
2021-09-28,2021,False,no_representative_frozen_scl_gate_failed,,no_l2a_representative_for_date,,ACOLITE,rhos,0,not_eligible_no_frozen_l2a_representative
2021-09-30,2021,False,no_representative_frozen_scl_gate_failed,,no_l2a_representative_for_date,,ACOLITE,rhos,0,not_eligible_no_frozen_l2a_representative
2021-10-03,2021,False,no_representative_frozen_scl_gate_failed,,no_l2a_representative_for_date,,ACOLITE,rhos,0,not_eligible_no_frozen_l2a_representative
2021-10-05,2021,False,no_representative_frozen_scl_gate_failed,,no_l2a_representative_for_date,,ACOLITE,rhos,0,not_eligible_no_frozen_l2a_representative
2021-10-08,2021,True,frozen_representative,S2B_MSIL2A_20211008T101829_N0500_R065_T34VCM_20230107T082135,exact_unique,S2B_MSIL1C_20211008T101829_N0500_R065_T34VCM_20230106T215021,ACOLITE,rhos,1,eligible_exact_l1c_product_found
2021-10-10,2021,False,no_representative_frozen_scl_gate_failed,,no_l2a_representative_for_date,,ACOLITE,rhos,0,not_eligible_no_frozen_l2a_representative
2021-10-13,2021,True,frozen_representative,S2A_MSIL2A_20211013T101951_N0500_R065_T34VCM_20230115T025636,exact_unique,S2A_MSIL1C_20211013T101951_N0500_R065_T34VCM_20230114T211356,ACOLITE,rhos,1,eligible_exact_l1c_product_found
2021-10-15,2021,False,no_representative_frozen_scl_gate_failed,,no_l2a_representative_for_date,,ACOLITE,rhos,0,not_eligible_no_frozen_l2a_representative
2021-10-18,2021,True,frozen_representative,S2B_MSIL2A_20211018T101939_N0500_R065_T34VCM_20230111T001402,exact_unique,S2B_MSIL1C_20211018T101939_N0500_R065_T34VCM_20230110T151113,ACOLITE,rhos,1,eligible_exact_l1c_product_found
2021-10-20,2021,False,no_representative_frozen_scl_gate_failed,,no_l2a_representative_for_date,,ACOLITE,rhos,0,not_eligible_no_frozen_l2a_representative
2021-10-23,2021,True,frozen_representative,S2A_MSIL2A_20211023T102101_N0500_R065_T34VCM_20230104T155031,exact_unique,S2A_MSIL1C_20211023T102101_N0500_R065_T34VCM_20230104T080015,ACOLITE,rhos,1,eligible_exact_l1c_product_found
2021-10-25,2021,True,frozen_representative,S2B_MSIL2A_20211025T101029_N0500_R022_T34VCM_20230103T124020,exact_unique,S2B_MSIL1C_20211025T101029_N0500_R022_T34VCM_20230103T015018,ACOLITE,rhos,1,eligible_exact_l1c_product_found
2021-10-28,2021,False,no_representative_frozen_scl_gate_failed,,no_l2a_representative_for_date,,ACOLITE,rhos,0,not_eligible_no_frozen_l2a_representative
2021-10-30,2021,True,frozen_representative,S2A_MSIL2A_20211030T101141_N0500_R022_T34VCM_20230106T162512,exact_unique,S2A_MSIL1C_20211030T101141_N0500_R022_T34VCM_20230106T101931,ACOLITE,rhos,1,eligible_exact_l1c_product_found
2021-11-02,2021,False,no_representative_frozen_scl_gate_failed,,no_l2a_representative_for_date,,ACOLITE,rhos,0,not_eligible_no_frozen_l2a_representative
2021-11-04,2021,False,no_representative_frozen_scl_gate_failed,,no_l2a_representative_for_date,,ACOLITE,rhos,0,not_eligible_no_frozen_l2a_representative
2021-11-07,2021,False,no_representative_frozen_scl_gate_failed,,no_l2a_representative_for_date,,ACOLITE,rhos,0,not_eligible_no_frozen_l2a_representative
2021-11-12,2021,True,frozen_representative,S2A_MSIL2A_20211112T102251_N0500_R065_T34VCM_20221231T115046,exact_unique,S2A_MSIL1C_20211112T102251_N0500_R065_T34VCM_20221231T071728,ACOLITE,rhos,1,eligible_exact_l1c_product_found
2021-11-14,2021,False,no_representative_frozen_scl_gate_failed,,no_l2a_representative_for_date,,ACOLITE,rhos,0,not_eligible_no_frozen_l2a_representative
2021-11-17,2021,False,no_representative_frozen_scl_gate_failed,,no_l2a_representative_for_date,,ACOLITE,rhos,0,not_eligible_no_frozen_l2a_representative
2021-11-19,2021,False,no_representative_frozen_scl_gate_failed,,no_l2a_representative_for_date,,ACOLITE,rhos,0,not_eligible_no_frozen_l2a_representative
2021-11-22,2021,True,frozen_representative,S2A_MSIL2A_20211122T102331_N0500_R065_T34VCM_20221229T221536,exact_unique,S2A_MSIL1C_20211122T102331_N0500_R065_T34VCM_20221229T195455,ACOLITE,rhos,1,eligible_exact_l1c_product_found
2021-11-24,2021,False,no_representative_frozen_scl_gate_failed,,no_l2a_representative_for_date,,ACOLITE,rhos,0,not_eligible_no_frozen_l2a_representative
2021-11-27,2021,False,no_representative_frozen_scl_gate_failed,,no_l2a_representative_for_date,,ACOLITE,rhos,0,not_eligible_no_frozen_l2a_representative
2021-11-29,2021,False,no_representative_frozen_scl_gate_failed,,no_l2a_representative_for_date,,ACOLITE,rhos,0,not_eligible_no_frozen_l2a_representative
2021-12-04,2021,True,frozen_representative,S2B_MSIL2A_20211204T101309_N0500_R022_T34VCM_20221224T020344,exact_unique,S2B_MSIL1C_20211204T101309_N0500_R022_T34VCM_20221223T195742,ACOLITE,rhos,1,eligible_exact_l1c_product_found
2021-12-07,2021,False,no_representative_frozen_scl_gate_failed,,no_l2a_representative_for_date,,ACOLITE,rhos,0,not_eligible_no_frozen_l2a_representative
2021-12-14,2021,False,no_representative_frozen_scl_gate_failed,,no_l2a_representative_for_date,,ACOLITE,rhos,0,not_eligible_no_frozen_l2a_representative
2021-12-17,2021,True,frozen_representative,S2B_MSIL2A_20211217T102329_N0500_R065_T34VCM_20221228T160151,exact_unique,S2B_MSIL1C_20211217T102329_N0500_R065_T34VCM_20221228T091556,ACOLITE,rhos,1,eligible_exact_l1c_product_found
2021-12-24,2021,False,no_representative_frozen_scl_gate_failed,,no_l2a_representative_for_date,,ACOLITE,rhos,0,not_eligible_no_frozen_l2a_representative
2021-12-27,2021,False,no_representative_frozen_scl_gate_failed,,no_l2a_representative_for_date,,ACOLITE,rhos,0,not_eligible_no_frozen_l2a_representative
2022-01-03,2022,False,no_representative_frozen_scl_gate_failed,,no_l2a_representative_for_date,,ACOLITE,rhos,0,not_eligible_no_frozen_l2a_representative
2022-01-06,2022,False,no_representative_frozen_scl_gate_failed,,no_l2a_representative_for_date,,ACOLITE,rhos,0,not_eligible_no_frozen_l2a_representative
2022-01-13,2022,False,no_representative_frozen_scl_gate_failed,,no_l2a_representative_for_date,,ACOLITE,rhos,0,not_eligible_no_frozen_l2a_representative
2022-01-16,2022,False,no_representative_frozen_scl_gate_failed,,no_l2a_representative_for_date,,ACOLITE,rhos,0,not_eligible_no_frozen_l2a_representative
2022-01-18,2022,False,no_representative_frozen_scl_gate_failed,,no_l2a_representative_for_date,,ACOLITE,rhos,0,not_eligible_no_frozen_l2a_representative
2022-01-21,2022,False,no_representative_frozen_scl_gate_failed,,no_l2a_representative_for_date,,ACOLITE,rhos,0,not_eligible_no_frozen_l2a_representative
2022-01-26,2022,False,no_representative_frozen_scl_gate_failed,,no_l2a_representative_for_date,,ACOLITE,rhos,0,not_eligible_no_frozen_l2a_representative
2022-01-28,2022,False,no_representative_frozen_scl_gate_failed,,no_l2a_representative_for_date,,ACOLITE,rhos,0,not_eligible_no_frozen_l2a_representative
2022-01-31,2022,False,no_representative_frozen_scl_gate_failed,,no_l2a_representative_for_date,,ACOLITE,rhos,0,not_eligible_no_frozen_l2a_representative
2022-02-02,2022,False,no_representative_frozen_scl_gate_failed,,no_l2a_representative_for_date,,ACOLITE,rhos,0,not_eligible_no_frozen_l2a_representative
2022-02-05,2022,False,no_representative_frozen_scl_gate_failed,,no_l2a_representative_for_date,,ACOLITE,rhos,0,not_eligible_no_frozen_l2a_representative
2022-02-07,2022,False,no_representative_frozen_scl_gate_failed,,no_l2a_representative_for_date,,ACOLITE,rhos,0,not_eligible_no_frozen_l2a_representative
2022-02-10,2022,False,no_representative_frozen_scl_gate_failed,,no_l2a_representative_for_date,,ACOLITE,rhos,0,not_eligible_no_frozen_l2a_representative
2022-02-12,2022,False,no_representative_frozen_scl_gate_failed,,no_l2a_representative_for_date,,ACOLITE,rhos,0,not_eligible_no_frozen_l2a_representative
2022-02-15,2022,False,no_representative_frozen_scl_gate_failed,,no_l2a_representative_for_date,,ACOLITE,rhos,0,not_eligible_no_frozen_l2a_representative
2022-02-17,2022,False,no_representative_frozen_scl_gate_failed,,no_l2a_representative_for_date,,ACOLITE,rhos,0,not_eligible_no_frozen_l2a_representative
2022-02-20,2022,False,no_representative_frozen_scl_gate_failed,,no_l2a_representative_for_date,,ACOLITE,rhos,0,not_eligible_no_frozen_l2a_representative
2022-02-22,2022,False,no_representative_frozen_scl_gate_failed,,no_l2a_representative_for_date,,ACOLITE,rhos,0,not_eligible_no_frozen_l2a_representative
2022-02-25,2022,False,no_representative_frozen_scl_gate_failed,,no_l2a_representative_for_date,,ACOLITE,rhos,0,not_eligible_no_frozen_l2a_representative
2022-02-27,2022,False,no_representative_frozen_scl_gate_failed,,no_l2a_representative_for_date,,ACOLITE,rhos,0,not_eligible_no_frozen_l2a_representative
2022-03-02,2022,False,no_representative_frozen_scl_gate_failed,,no_l2a_representative_for_date,,ACOLITE,rhos,0,not_eligible_no_frozen_l2a_representative
2022-03-04,2022,False,no_representative_frozen_scl_gate_failed,,no_l2a_representative_for_date,,ACOLITE,rhos,0,not_eligible_no_frozen_l2a_representative
2022-03-07,2022,False,no_representative_frozen_scl_gate_failed,,no_l2a_representative_for_date,,ACOLITE,rhos,0,not_eligible_no_frozen_l2a_representative
2022-03-09,2022,False,no_representative_frozen_scl_gate_failed,,no_l2a_representative_for_date,,ACOLITE,rhos,0,not_eligible_no_frozen_l2a_representative
2022-03-12,2022,False,no_representative_frozen_scl_gate_failed,,no_l2a_representative_for_date,,ACOLITE,rhos,0,not_eligible_no_frozen_l2a_representative
2022-03-14,2022,False,no_representative_frozen_scl_gate_failed,,no_l2a_representative_for_date,,ACOLITE,rhos,0,not_eligible_no_frozen_l2a_representative
2022-03-17,2022,False,no_representative_frozen_scl_gate_failed,,no_l2a_representative_for_date,,ACOLITE,rhos,0,not_eligible_no_frozen_l2a_representative
2022-03-19,2022,False,no_representative_frozen_scl_gate_failed,,no_l2a_representative_for_date,,ACOLITE,rhos,0,not_eligible_no_frozen_l2a_representative
2022-03-22,2022,False,no_representative_frozen_scl_gate_failed,,no_l2a_representative_for_date,,ACOLITE,rhos,0,not_eligible_no_frozen_l2a_representative
2022-03-24,2022,True,frozen_representative,S2B_MSIL2A_20220324T100649_N0510_R022_T34VCM_20240522T201307,exact_unique,S2B_MSIL1C_20220324T100649_N0510_R022_T34VCM_20240522T170647,ACOLITE,rhos,1,eligible_exact_l1c_product_found
2022-03-27,2022,False,no_representative_frozen_scl_gate_failed,,no_l2a_representative_for_date,,ACOLITE,rhos,0,not_eligible_no_frozen_l2a_representative
2022-03-29,2022,False,no_representative_frozen_scl_gate_failed,,no_l2a_representative_for_date,,ACOLITE,rhos,0,not_eligible_no_frozen_l2a_representative
2022-04-01,2022,False,no_representative_frozen_scl_gate_failed,,no_l2a_representative_for_date,,ACOLITE,rhos,0,not_eligible_no_frozen_l2a_representative
2022-04-03,2022,False,no_representative_frozen_scl_gate_failed,,no_l2a_representative_for_date,,ACOLITE,rhos,0,not_eligible_no_frozen_l2a_representative
2022-04-06,2022,False,no_representative_frozen_scl_gate_failed,,no_l2a_representative_for_date,,ACOLITE,rhos,0,not_eligible_no_frozen_l2a_representative
2022-04-08,2022,False,no_representative_frozen_scl_gate_failed,,no_l2a_representative_for_date,,ACOLITE,rhos,0,not_eligible_no_frozen_l2a_representative
2022-04-11,2022,True,frozen_representative,S2A_MSIL2A_20220411T101601_N0510_R065_T34VCM_20240524T081910,exact_unique,S2A_MSIL1C_20220411T101601_N0510_R065_T34VCM_20240524T020040,ACOLITE,rhos,1,eligible_exact_l1c_product_found
2022-04-13,2022,False,no_representative_frozen_scl_gate_failed,,no_l2a_representative_for_date,,ACOLITE,rhos,0,not_eligible_no_frozen_l2a_representative
2022-04-16,2022,False,no_representative_frozen_scl_gate_failed,,no_l2a_representative_for_date,,ACOLITE,rhos,0,not_eligible_no_frozen_l2a_representative
2022-04-18,2022,True,frozen_representative,S2A_MSIL2A_20220418T100601_N0510_R022_T34VCM_20240605T031409,exact_unique,S2A_MSIL1C_20220418T100601_N0510_R022_T34VCM_20240605T000525,ACOLITE,rhos,1,eligible_exact_l1c_product_found
2022-04-21,2022,True,frozen_representative,S2A_MSIL2A_20220421T101601_N0510_R065_T34VCM_20240619T155847,exact_unique,S2A_MSIL1C_20220421T101601_N0510_R065_T34VCM_20240619T094715,ACOLITE,rhos,1,eligible_exact_l1c_product_found
2022-04-23,2022,False,no_representative_frozen_scl_gate_failed,,no_l2a_representative_for_date,,ACOLITE,rhos,0,not_eligible_no_frozen_l2a_representative
2022-04-26,2022,False,no_representative_frozen_scl_gate_failed,,no_l2a_representative_for_date,,ACOLITE,rhos,0,not_eligible_no_frozen_l2a_representative
2022-04-28,2022,False,no_representative_frozen_scl_gate_failed,,no_l2a_representative_for_date,,ACOLITE,rhos,0,not_eligible_no_frozen_l2a_representative
2022-05-01,2022,False,no_representative_frozen_scl_gate_failed,,no_l2a_representative_for_date,,ACOLITE,rhos,0,not_eligible_no_frozen_l2a_representative
2022-05-03,2022,True,frozen_representative,S2B_MSIL2A_20220503T100549_N0510_R022_T34VCM_20240611T022933,exact_unique,S2B_MSIL1C_20220503T100549_N0510_R022_T34VCM_20240610T224557,ACOLITE,rhos,1,eligible_exact_l1c_product_found
2022-05-06,2022,True,frozen_representative,S2B_MSIL2A_20220506T101559_N0510_R065_T34VCM_20240612T204458,exact_unique,S2B_MSIL1C_20220506T101559_N0510_R065_T34VCM_20240612T152624,ACOLITE,rhos,1,eligible_exact_l1c_product_found
2022-05-08,2022,False,no_representative_frozen_scl_gate_failed,,no_l2a_representative_for_date,,ACOLITE,rhos,0,not_eligible_no_frozen_l2a_representative
2022-05-11,2022,True,frozen_representative,S2A_MSIL2A_20220511T101601_N0510_R065_T34VCM_20240617T140748,exact_unique,S2A_MSIL1C_20220511T101601_N0510_R065_T34VCM_20240617T083749,ACOLITE,rhos,1,eligible_exact_l1c_product_found
2022-05-13,2022,False,no_representative_frozen_scl_gate_failed,,no_l2a_representative_for_date,,ACOLITE,rhos,0,not_eligible_no_frozen_l2a_representative
2022-05-16,2022,True,frozen_representative,S2B_MSIL2A_20220516T101559_N0510_R065_T34VCM_20240611T084724,exact_unique,S2B_MSIL1C_20220516T101559_N0510_R065_T34VCM_20240611T033627,ACOLITE,rhos,1,eligible_exact_l1c_product_found
2022-05-18,2022,True,frozen_representative,S2A_MSIL2A_20220518T100601_N0510_R022_T34VCM_20240619T015458,exact_unique,S2A_MSIL1C_20220518T100601_N0510_R022_T34VCM_20240618T192154,ACOLITE,rhos,1,eligible_exact_l1c_product_found
2022-05-21,2022,False,no_representative_frozen_scl_gate_failed,,no_l2a_representative_for_date,,ACOLITE,rhos,0,not_eligible_no_frozen_l2a_representative
2022-05-23,2022,True,frozen_representative,S2B_MSIL2A_20220523T100559_N0510_R022_T34VCM_20240615T181903,exact_unique,S2B_MSIL1C_20220523T100559_N0510_R022_T34VCM_20240615T150016,ACOLITE,rhos,1,eligible_exact_l1c_product_found
2022-05-26,2022,False,no_representative_frozen_scl_gate_failed,,no_l2a_representative_for_date,,ACOLITE,rhos,0,not_eligible_no_frozen_l2a_representative
2022-05-28,2022,False,no_representative_frozen_scl_gate_failed,,no_l2a_representative_for_date,,ACOLITE,rhos,0,not_eligible_no_frozen_l2a_representative
2022-05-31,2022,False,no_representative_frozen_scl_gate_failed,,no_l2a_representative_for_date,,ACOLITE,rhos,0,not_eligible_no_frozen_l2a_representative
2022-06-02,2022,False,no_representative_frozen_scl_gate_failed,,no_l2a_representative_for_date,,ACOLITE,rhos,0,not_eligible_no_frozen_l2a_representative
2022-06-05,2022,True,frozen_representative,S2B_MSIL2A_20220605T101559_N0510_R065_T34VCM_20240630T004608,exact_unique,S2B_MSIL1C_20220605T101559_N0510_R065_T34VCM_20240629T185114,ACOLITE,rhos,1,eligible_exact_l1c_product_found
2022-06-07,2022,True,frozen_representative,S2A_MSIL2A_20220607T100601_N0510_R022_T34VCM_20240714T234043,exact_unique,S2A_MSIL1C_20220607T100601_N0510_R022_T34VCM_20240714T182335,ACOLITE,rhos,1,eligible_exact_l1c_product_found
2022-06-10,2022,False,no_representative_frozen_scl_gate_failed,,no_l2a_representative_for_date,,ACOLITE,rhos,0,not_eligible_no_frozen_l2a_representative
2022-06-12,2022,True,frozen_representative,S2B_MSIL2A_20220612T100559_N0510_R022_T34VCM_20240702T053752,exact_unique,S2B_MSIL1C_20220612T100559_N0510_R022_T34VCM_20240702T024330,ACOLITE,rhos,1,eligible_exact_l1c_product_found
2022-06-15,2022,True,frozen_representative,S2B_MSIL2A_20220615T101559_N0510_R065_T34VCM_20240707T201732,exact_unique,S2B_MSIL1C_20220615T101559_N0510_R065_T34VCM_20240707T140901,ACOLITE,rhos,1,eligible_exact_l1c_product_found
2022-06-17,2022,False,no_representative_frozen_scl_gate_failed,,no_l2a_representative_for_date,,ACOLITE,rhos,0,not_eligible_no_frozen_l2a_representative
2022-06-20,2022,False,no_representative_frozen_scl_gate_failed,,no_l2a_representative_for_date,,ACOLITE,rhos,0,not_eligible_no_frozen_l2a_representative
2022-06-22,2022,False,no_representative_frozen_scl_gate_failed,,no_l2a_representative_for_date,,ACOLITE,rhos,0,not_eligible_no_frozen_l2a_representative
2022-06-25,2022,True,frozen_representative,S2B_MSIL2A_20220625T101559_N0510_R065_T34VCM_20240629T115118,exact_unique,S2B_MSIL1C_20220625T101559_N0510_R065_T34VCM_20240629T052317,ACOLITE,rhos,1,eligible_exact_l1c_product_found
2022-06-27,2022,False,no_representative_frozen_scl_gate_failed,,no_l2a_representative_for_date,,ACOLITE,rhos,0,not_eligible_no_frozen_l2a_representative
2022-06-30,2022,True,frozen_representative,S2A_MSIL2A_20220630T102041_N0510_R065_T34VCM_20240703T001206,exact_unique,S2A_MSIL1C_20220630T102041_N0510_R065_T34VCM_20240702T183513,ACOLITE,rhos,1,eligible_exact_l1c_product_found
2022-07-02,2022,False,no_representative_frozen_scl_gate_failed,,no_l2a_representative_for_date,,ACOLITE,rhos,0,not_eligible_no_frozen_l2a_representative
2022-07-05,2022,False,no_representative_frozen_scl_gate_failed,,no_l2a_representative_for_date,,ACOLITE,rhos,0,not_eligible_no_frozen_l2a_representative
2022-07-07,2022,False,no_representative_frozen_scl_gate_failed,,no_l2a_representative_for_date,,ACOLITE,rhos,0,not_eligible_no_frozen_l2a_representative
2022-07-10,2022,False,no_representative_frozen_scl_gate_failed,,no_l2a_representative_for_date,,ACOLITE,rhos,0,not_eligible_no_frozen_l2a_representative
2022-07-12,2022,True,frozen_representative,S2B_MSIL2A_20220712T100559_N0510_R022_T34VCM_20240718T063657,exact_unique,S2B_MSIL1C_20220712T100559_N0510_R022_T34VCM_20240718T033027,ACOLITE,rhos,1,eligible_exact_l1c_product_found
2022-07-15,2022,True,frozen_representative,S2B_MSIL2A_20220715T101559_N0510_R065_T34VCM_20240724T023217,exact_unique,S2B_MSIL1C_20220715T101559_N0510_R065_T34VCM_20240723T203442,ACOLITE,rhos,1,eligible_exact_l1c_product_found
2022-07-17,2022,True,frozen_representative,S2A_MSIL2A_20220717T100611_N0510_R022_T34VCM_20240717T130024,exact_unique,S2A_MSIL1C_20220717T100611_N0510_R022_T34VCM_20240717T071431,ACOLITE,rhos,1,eligible_exact_l1c_product_found
2022-07-20,2022,True,frozen_representative,S2A_MSIL2A_20220720T101611_N0510_R065_T34VCM_20240715T001059,exact_unique,S2A_MSIL1C_20220720T101611_N0510_R065_T34VCM_20240714T184614,ACOLITE,rhos,1,eligible_exact_l1c_product_found
2022-07-22,2022,False,no_representative_frozen_scl_gate_failed,,no_l2a_representative_for_date,,ACOLITE,rhos,0,not_eligible_no_frozen_l2a_representative
2022-07-25,2022,False,no_representative_frozen_scl_gate_failed,,no_l2a_representative_for_date,,ACOLITE,rhos,0,not_eligible_no_frozen_l2a_representative
2022-07-27,2022,False,no_representative_frozen_scl_gate_failed,,no_l2a_representative_for_date,,ACOLITE,rhos,0,not_eligible_no_frozen_l2a_representative
2022-07-30,2022,True,frozen_representative,S2A_MSIL2A_20220730T101611_N0510_R065_T34VCM_20240716T215056,exact_unique,S2A_MSIL1C_20220730T101611_N0510_R065_T34VCM_20240716T185606,ACOLITE,rhos,1,eligible_exact_l1c_product_found
2022-08-01,2022,True,frozen_representative,S2B_MSIL2A_20220801T100559_N0510_R022_T34VCM_20240717T025845,exact_unique,S2B_MSIL1C_20220801T100559_N0510_R022_T34VCM_20240716T234117,ACOLITE,rhos,1,eligible_exact_l1c_product_found
2022-08-04,2022,False,no_representative_frozen_scl_gate_failed,,no_l2a_representative_for_date,,ACOLITE,rhos,0,not_eligible_no_frozen_l2a_representative
2022-08-06,2022,False,no_representative_frozen_scl_gate_failed,,no_l2a_representative_for_date,,ACOLITE,rhos,0,not_eligible_no_frozen_l2a_representative
2022-08-09,2022,False,no_representative_frozen_scl_gate_failed,,no_l2a_representative_for_date,,ACOLITE,rhos,0,not_eligible_no_frozen_l2a_representative
2022-08-11,2022,False,no_representative_frozen_scl_gate_failed,,no_l2a_representative_for_date,,ACOLITE,rhos,0,not_eligible_no_frozen_l2a_representative
2022-08-14,2022,True,frozen_representative,S2B_MSIL2A_20220814T101559_N0510_R065_T34VCM_20240707T220121,exact_unique,S2B_MSIL1C_20220814T101559_N0510_R065_T34VCM_20240707T151342,ACOLITE,rhos,1,eligible_exact_l1c_product_found
2022-08-16,2022,False,no_representative_frozen_scl_gate_failed,,no_l2a_representative_for_date,,ACOLITE,rhos,0,not_eligible_no_frozen_l2a_representative
2022-08-19,2022,True,frozen_representative,S2A_MSIL2A_20220819T101611_N0510_R065_T34VCM_20240703T214954,exact_unique,S2A_MSIL1C_20220819T101611_N0510_R065_T34VCM_20240703T180641,ACOLITE,rhos,1,eligible_exact_l1c_product_found
2022-08-21,2022,False,no_representative_frozen_scl_gate_failed,,no_l2a_representative_for_date,,ACOLITE,rhos,0,not_eligible_no_frozen_l2a_representative
2022-08-24,2022,False,no_representative_frozen_scl_gate_failed,,no_l2a_representative_for_date,,ACOLITE,rhos,0,not_eligible_no_frozen_l2a_representative
2022-08-26,2022,False,no_representative_frozen_scl_gate_failed,,no_l2a_representative_for_date,,ACOLITE,rhos,0,not_eligible_no_frozen_l2a_representative
2022-08-29,2022,False,no_representative_frozen_scl_gate_failed,,no_l2a_representative_for_date,,ACOLITE,rhos,0,not_eligible_no_frozen_l2a_representative
2022-08-31,2022,False,no_representative_frozen_scl_gate_failed,,no_l2a_representative_for_date,,ACOLITE,rhos,0,not_eligible_no_frozen_l2a_representative
2022-09-03,2022,False,no_representative_frozen_scl_gate_failed,,no_l2a_representative_for_date,,ACOLITE,rhos,0,not_eligible_no_frozen_l2a_representative
2022-09-05,2022,False,no_representative_frozen_scl_gate_failed,,no_l2a_representative_for_date,,ACOLITE,rhos,0,not_eligible_no_frozen_l2a_representative
2022-09-08,2022,True,frozen_representative,S2A_MSIL2A_20220908T102031_N0510_R065_T34VCM_20240728T081914,exact_unique,S2A_MSIL1C_20220908T102031_N0510_R065_T34VCM_20240728T025426,ACOLITE,rhos,1,eligible_exact_l1c_product_found
2022-09-10,2022,False,no_representative_frozen_scl_gate_failed,,no_l2a_representative_for_date,,ACOLITE,rhos,0,not_eligible_no_frozen_l2a_representative
2022-09-13,2022,False,no_representative_frozen_scl_gate_failed,,no_l2a_representative_for_date,,ACOLITE,rhos,0,not_eligible_no_frozen_l2a_representative
2022-09-15,2022,False,no_representative_frozen_scl_gate_failed,,no_l2a_representative_for_date,,ACOLITE,rhos,0,not_eligible_no_frozen_l2a_representative
2022-09-18,2022,False,no_representative_frozen_scl_gate_failed,,no_l2a_representative_for_date,,ACOLITE,rhos,0,not_eligible_no_frozen_l2a_representative
2022-09-20,2022,False,no_representative_frozen_scl_gate_failed,,no_l2a_representative_for_date,,ACOLITE,rhos,0,not_eligible_no_frozen_l2a_representative
2022-09-23,2022,False,no_representative_frozen_scl_gate_failed,,no_l2a_representative_for_date,,ACOLITE,rhos,0,not_eligible_no_frozen_l2a_representative
2022-09-25,2022,False,no_representative_frozen_scl_gate_failed,,no_l2a_representative_for_date,,ACOLITE,rhos,0,not_eligible_no_frozen_l2a_representative
2022-09-28,2022,True,frozen_representative,S2A_MSIL2A_20220928T101811_N0510_R065_T34VCM_20240726T010605,exact_unique,S2A_MSIL1C_20220928T101811_N0510_R065_T34VCM_20240725T175943,ACOLITE,rhos,1,eligible_exact_l1c_product_found
2022-09-30,2022,True,frozen_representative,S2B_MSIL2A_20220930T100729_N0510_R022_T34VCM_20240726T123713,exact_unique,S2B_MSIL1C_20220930T100729_N0510_R022_T34VCM_20240726T061019,ACOLITE,rhos,1,eligible_exact_l1c_product_found
2022-10-03,2022,True,frozen_representative,S2B_MSIL2A_20221003T101749_N0510_R065_T34VCM_20240723T043933,exact_unique,S2B_MSIL1C_20221003T101749_N0510_R065_T34VCM_20240722T213751,ACOLITE,rhos,1,eligible_exact_l1c_product_found
2022-10-05,2022,False,no_representative_frozen_scl_gate_failed,,no_l2a_representative_for_date,,ACOLITE,rhos,0,not_eligible_no_frozen_l2a_representative
2022-10-08,2022,True,frozen_representative,S2A_MSIL2A_20221008T101931_N0510_R065_T34VCM_20240727T051721,exact_unique,S2A_MSIL1C_20221008T101931_N0510_R065_T34VCM_20240727T030031,ACOLITE,rhos,1,eligible_exact_l1c_product_found
2022-10-10,2022,True,frozen_representative,S2B_MSIL2A_20221010T100839_N0510_R022_T34VCM_20240801T023928,exact_unique,S2B_MSIL1C_20221010T100839_N0510_R022_T34VCM_20240731T204200,ACOLITE,rhos,1,eligible_exact_l1c_product_found
2022-10-13,2022,False,no_representative_frozen_scl_gate_failed,,no_l2a_representative_for_date,,ACOLITE,rhos,0,not_eligible_no_frozen_l2a_representative
2022-10-15,2022,False,no_representative_frozen_scl_gate_failed,,no_l2a_representative_for_date,,ACOLITE,rhos,0,not_eligible_no_frozen_l2a_representative
2022-10-18,2022,False,no_representative_frozen_scl_gate_failed,,no_l2a_representative_for_date,,ACOLITE,rhos,0,not_eligible_no_frozen_l2a_representative
2022-10-20,2022,True,frozen_representative,S2B_MSIL2A_20221020T100939_N0510_R022_T34VCM_20240721T213259,exact_unique,S2B_MSIL1C_20221020T100939_N0510_R022_T34VCM_20240721T175435,ACOLITE,rhos,1,eligible_exact_l1c_product_found
2022-10-23,2022,True,frozen_representative,S2B_MSIL2A_20221023T102029_N0510_R065_T34VCM_20240725T235429,exact_unique,S2B_MSIL1C_20221023T102029_N0510_R065_T34VCM_20240725T210836,ACOLITE,rhos,1,eligible_exact_l1c_product_found
2022-10-25,2022,False,no_representative_frozen_scl_gate_failed,,no_l2a_representative_for_date,,ACOLITE,rhos,0,not_eligible_no_frozen_l2a_representative
2022-10-28,2022,False,no_representative_frozen_scl_gate_failed,,no_l2a_representative_for_date,,ACOLITE,rhos,0,not_eligible_no_frozen_l2a_representative
2022-10-30,2022,True,frozen_representative,S2B_MSIL2A_20221030T101039_N0510_R022_T34VCM_20240726T084236,exact_unique,S2B_MSIL1C_20221030T101039_N0510_R022_T34VCM_20240726T053613,ACOLITE,rhos,1,eligible_exact_l1c_product_found
2022-11-02,2022,False,no_representative_frozen_scl_gate_failed,,no_l2a_representative_for_date,,ACOLITE,rhos,0,not_eligible_no_frozen_l2a_representative
2022-11-04,2022,False,no_representative_frozen_scl_gate_failed,,no_l2a_representative_for_date,,ACOLITE,rhos,0,not_eligible_no_frozen_l2a_representative
2022-11-09,2022,True,frozen_representative,S2B_MSIL2A_20221109T101139_N0510_R022_T34VCM_20240802T140016,exact_unique,S2B_MSIL1C_20221109T101139_N0510_R022_T34VCM_20240802T104646,ACOLITE,rhos,1,eligible_exact_l1c_product_found
2022-11-12,2022,True,frozen_representative,S2B_MSIL2A_20221112T102159_N0510_R065_T34VCM_20240801T093911,exact_unique,S2B_MSIL1C_20221112T102159_N0510_R065_T34VCM_20240801T081713,ACOLITE,rhos,1,eligible_exact_l1c_product_found
2022-11-14,2022,False,no_representative_frozen_scl_gate_failed,,no_l2a_representative_for_date,,ACOLITE,rhos,0,not_eligible_no_frozen_l2a_representative
2022-11-17,2022,True,frozen_representative,S2A_MSIL2A_20221117T102311_N0510_R065_T34VCM_20240803T060904,exact_unique,S2A_MSIL1C_20221117T102311_N0510_R065_T34VCM_20240802T235859,ACOLITE,rhos,1,eligible_exact_l1c_product_found
2022-11-19,2022,False,no_representative_frozen_scl_gate_failed,,no_l2a_representative_for_date,,ACOLITE,rhos,0,not_eligible_no_frozen_l2a_representative
2022-11-22,2022,True,frozen_representative,S2B_MSIL2A_20221122T102239_N0510_R065_T34VCM_20240802T005949,exact_unique,S2B_MSIL1C_20221122T102239_N0510_R065_T34VCM_20240801T212349,ACOLITE,rhos,1,eligible_exact_l1c_product_found
2022-11-24,2022,False,no_representative_frozen_scl_gate_failed,,no_l2a_representative_for_date,,ACOLITE,rhos,0,not_eligible_no_frozen_l2a_representative
2022-11-27,2022,False,no_representative_frozen_scl_gate_failed,,no_l2a_representative_for_date,,ACOLITE,rhos,0,not_eligible_no_frozen_l2a_representative
2022-11-29,2022,False,no_representative_frozen_scl_gate_failed,,no_l2a_representative_for_date,,ACOLITE,rhos,0,not_eligible_no_frozen_l2a_representative
2022-12-02,2022,False,no_representative_frozen_scl_gate_failed,,no_l2a_representative_for_date,,ACOLITE,rhos,0,not_eligible_no_frozen_l2a_representative
2022-12-09,2022,True,frozen_representative,S2B_MSIL2A_20221209T101319_N0510_R022_T34VCM_20240804T173308,exact_unique,S2B_MSIL1C_20221209T101319_N0510_R022_T34VCM_20240804T135647,ACOLITE,rhos,1,eligible_exact_l1c_product_found
2022-12-19,2022,False,no_representative_frozen_scl_gate_failed,,no_l2a_representative_for_date,,ACOLITE,rhos,0,not_eligible_no_frozen_l2a_representative
2022-12-22,2022,False,no_representative_frozen_scl_gate_failed,,no_l2a_representative_for_date,,ACOLITE,rhos,0,not_eligible_no_frozen_l2a_representative
2022-12-29,2022,False,no_representative_frozen_scl_gate_failed,,no_l2a_representative_for_date,,ACOLITE,rhos,0,not_eligible_no_frozen_l2a_representative
2023-01-01,2023,True,frozen_representative,S2B_MSIL2A_20230101T102339_N0510_R065_T34VCM_20240806T223544,exact_unique,S2B_MSIL1C_20230101T102339_N0510_R065_T34VCM_20240806T191302,ACOLITE,rhos,1,eligible_exact_l1c_product_found
2023-01-08,2023,False,no_representative_frozen_scl_gate_failed,,no_l2a_representative_for_date,,ACOLITE,rhos,0,not_eligible_no_frozen_l2a_representative
2023-01-11,2023,False,no_representative_frozen_scl_gate_failed,,no_l2a_representative_for_date,,ACOLITE,rhos,0,not_eligible_no_frozen_l2a_representative
2023-01-13,2023,False,no_representative_frozen_scl_gate_failed,,no_l2a_representative_for_date,,ACOLITE,rhos,0,not_eligible_no_frozen_l2a_representative
2023-01-16,2023,True,frozen_representative,S2A_MSIL2A_20230116T102351_N0510_R065_T34VCM_20240811T041047,exact_unique,S2A_MSIL1C_20230116T102351_N0510_R065_T34VCM_20240811T010933,ACOLITE,rhos,1,eligible_exact_l1c_product_found
2023-01-18,2023,True,frozen_representative,S2B_MSIL2A_20230118T101239_N0510_R022_T34VCM_20240809T052213,exact_unique,S2B_MSIL1C_20230118T101239_N0510_R022_T34VCM_20240809T014406,ACOLITE,rhos,1,eligible_exact_l1c_product_found
2023-01-21,2023,False,no_representative_frozen_scl_gate_failed,,no_l2a_representative_for_date,,ACOLITE,rhos,0,not_eligible_no_frozen_l2a_representative
2023-01-23,2023,False,no_representative_frozen_scl_gate_failed,,no_l2a_representative_for_date,,ACOLITE,rhos,0,not_eligible_no_frozen_l2a_representative
2023-01-26,2023,True,frozen_representative,S2A_MSIL2A_20230126T102311_N0510_R065_T34VCM_20240810T093409,exact_unique,S2A_MSIL1C_20230126T102311_N0510_R065_T34VCM_20240810T061841,ACOLITE,rhos,1,eligible_exact_l1c_product_found
2023-01-28,2023,False,no_representative_frozen_scl_gate_failed,,no_l2a_representative_for_date,,ACOLITE,rhos,0,not_eligible_no_frozen_l2a_representative
2023-01-31,2023,True,frozen_representative,S2B_MSIL2A_20230131T102149_N0510_R065_T34VCM_20240807T024425,exact_unique,S2B_MSIL1C_20230131T102149_N0510_R065_T34VCM_20240807T012631,ACOLITE,rhos,1,eligible_exact_l1c_product_found
2023-02-02,2023,False,no_representative_frozen_scl_gate_failed,,no_l2a_representative_for_date,,ACOLITE,rhos,0,not_eligible_no_frozen_l2a_representative
2023-02-05,2023,False,no_representative_frozen_scl_gate_failed,,no_l2a_representative_for_date,,ACOLITE,rhos,0,not_eligible_no_frozen_l2a_representative
2023-02-07,2023,False,no_representative_frozen_scl_gate_failed,,no_l2a_representative_for_date,,ACOLITE,rhos,0,not_eligible_no_frozen_l2a_representative
2023-02-10,2023,True,frozen_representative,S2B_MSIL2A_20230210T102049_N0510_R065_T34VCM_20240813T082206,exact_unique,S2B_MSIL1C_20230210T102049_N0510_R065_T34VCM_20240813T055248,ACOLITE,rhos,1,eligible_exact_l1c_product_found
2023-02-12,2023,False,no_representative_frozen_scl_gate_failed,,no_l2a_representative_for_date,,ACOLITE,rhos,0,not_eligible_no_frozen_l2a_representative
2023-02-15,2023,False,no_representative_frozen_scl_gate_failed,,no_l2a_representative_for_date,,ACOLITE,rhos,0,not_eligible_no_frozen_l2a_representative
2023-02-17,2023,False,no_representative_frozen_scl_gate_failed,,no_l2a_representative_for_date,,ACOLITE,rhos,0,not_eligible_no_frozen_l2a_representative
2023-02-20,2023,False,no_representative_frozen_scl_gate_failed,,no_l2a_representative_for_date,,ACOLITE,rhos,0,not_eligible_no_frozen_l2a_representative
2023-02-22,2023,False,no_representative_frozen_scl_gate_failed,,no_l2a_representative_for_date,,ACOLITE,rhos,0,not_eligible_no_frozen_l2a_representative
2023-02-25,2023,False,no_representative_frozen_scl_gate_failed,,no_l2a_representative_for_date,,ACOLITE,rhos,0,not_eligible_no_frozen_l2a_representative
2023-02-27,2023,False,no_representative_frozen_scl_gate_failed,,no_l2a_representative_for_date,,ACOLITE,rhos,0,not_eligible_no_frozen_l2a_representative
2023-03-02,2023,False,no_representative_frozen_scl_gate_failed,,no_l2a_representative_for_date,,ACOLITE,rhos,0,not_eligible_no_frozen_l2a_representative
2023-03-07,2023,False,no_representative_frozen_scl_gate_failed,,no_l2a_representative_for_date,,ACOLITE,rhos,0,not_eligible_no_frozen_l2a_representative
2023-03-09,2023,False,no_representative_frozen_scl_gate_failed,,no_l2a_representative_for_date,,ACOLITE,rhos,0,not_eligible_no_frozen_l2a_representative
2023-03-12,2023,False,no_representative_frozen_scl_gate_failed,,no_l2a_representative_for_date,,ACOLITE,rhos,0,not_eligible_no_frozen_l2a_representative
2023-03-14,2023,False,no_representative_frozen_scl_gate_failed,,no_l2a_representative_for_date,,ACOLITE,rhos,0,not_eligible_no_frozen_l2a_representative
2023-03-17,2023,False,no_representative_frozen_scl_gate_failed,,no_l2a_representative_for_date,,ACOLITE,rhos,0,not_eligible_no_frozen_l2a_representative
2023-03-19,2023,True,frozen_representative,S2B_MSIL2A_20230319T100649_N0510_R022_T34VCM_20240825T042343,exact_unique,S2B_MSIL1C_20230319T100649_N0510_R022_T34VCM_20240824T223547,ACOLITE,rhos,1,eligible_exact_l1c_product_found
2023-03-22,2023,False,no_representative_frozen_scl_gate_failed,,no_l2a_representative_for_date,,ACOLITE,rhos,0,not_eligible_no_frozen_l2a_representative
2023-03-24,2023,False,no_representative_frozen_scl_gate_failed,,no_l2a_representative_for_date,,ACOLITE,rhos,0,not_eligible_no_frozen_l2a_representative
2023-03-27,2023,False,no_representative_frozen_scl_gate_failed,,no_l2a_representative_for_date,,ACOLITE,rhos,0,not_eligible_no_frozen_l2a_representative
2023-03-29,2023,False,no_representative_frozen_scl_gate_failed,,no_l2a_representative_for_date,,ACOLITE,rhos,0,not_eligible_no_frozen_l2a_representative
2023-04-01,2023,False,no_representative_frozen_scl_gate_failed,,no_l2a_representative_for_date,,ACOLITE,rhos,0,not_eligible_no_frozen_l2a_representative
2023-04-03,2023,False,no_representative_frozen_scl_gate_failed,,no_l2a_representative_for_date,,ACOLITE,rhos,0,not_eligible_no_frozen_l2a_representative
2023-04-06,2023,False,no_representative_frozen_scl_gate_failed,,no_l2a_representative_for_date,,ACOLITE,rhos,0,not_eligible_no_frozen_l2a_representative
2023-04-08,2023,False,no_representative_frozen_scl_gate_failed,,no_l2a_representative_for_date,,ACOLITE,rhos,0,not_eligible_no_frozen_l2a_representative
2023-04-11,2023,False,no_representative_frozen_scl_gate_failed,,no_l2a_representative_for_date,,ACOLITE,rhos,0,not_eligible_no_frozen_l2a_representative
2023-04-13,2023,False,no_representative_frozen_scl_gate_failed,,no_l2a_representative_for_date,,ACOLITE,rhos,0,not_eligible_no_frozen_l2a_representative
2023-04-16,2023,True,frozen_representative,S2A_MSIL2A_20230416T101601_N0510_R065_T34VCM_20240904T172156,exact_unique,S2A_MSIL1C_20230416T101601_N0510_R065_T34VCM_20240904T121040,ACOLITE,rhos,1,eligible_exact_l1c_product_found
2023-04-18,2023,True,frozen_representative,S2B_MSIL2A_20230418T100559_N0510_R022_T34VCM_20240905T154426,exact_unique,S2B_MSIL1C_20230418T100559_N0510_R022_T34VCM_20240905T125629,ACOLITE,rhos,1,eligible_exact_l1c_product_found
2023-04-21,2023,True,frozen_representative,S2B_MSIL2A_20230421T101559_N0510_R065_T34VCM_20240904T044255,exact_unique,S2B_MSIL1C_20230421T101559_N0510_R065_T34VCM_20240903T230709,ACOLITE,rhos,1,eligible_exact_l1c_product_found
2023-04-23,2023,True,frozen_representative,S2A_MSIL2A_20230423T100551_N0510_R022_T34VCM_20240830T184906,exact_unique,S2A_MSIL1C_20230423T100551_N0510_R022_T34VCM_20240830T153717,ACOLITE,rhos,1,eligible_exact_l1c_product_found
2023-04-26,2023,False,no_representative_frozen_scl_gate_failed,,no_l2a_representative_for_date,,ACOLITE,rhos,0,not_eligible_no_frozen_l2a_representative
2023-04-28,2023,True,frozen_representative,S2B_MSIL2A_20230428T100559_N0510_R022_T34VCM_20240831T160126,exact_unique,S2B_MSIL1C_20230428T100559_N0510_R022_T34VCM_20240831T124210,ACOLITE,rhos,1,eligible_exact_l1c_product_found
2023-05-01,2023,False,no_representative_frozen_scl_gate_failed,,no_l2a_representative_for_date,,ACOLITE,rhos,0,not_eligible_no_frozen_l2a_representative
2023-05-03,2023,True,frozen_representative,S2A_MSIL2A_20230503T101021_N0510_R022_T34VCM_20240905T074321,exact_unique,S2A_MSIL1C_20230503T101021_N0510_R022_T34VCM_20240905T061433,ACOLITE,rhos,1,eligible_exact_l1c_product_found
2023-05-06,2023,True,frozen_representative,S2A_MSIL2A_20230506T101601_N0510_R065_T34VCM_20240902T035258,exact_unique,S2A_MSIL1C_20230506T101601_N0510_R065_T34VCM_20240901T220541,ACOLITE,rhos,1,eligible_exact_l1c_product_found
2023-05-08,2023,True,frozen_representative,S2B_MSIL2A_20230508T100559_N0510_R022_T34VCM_20240908T113907,exact_unique,S2B_MSIL1C_20230508T100559_N0510_R022_T34VCM_20240908T064907,ACOLITE,rhos,1,eligible_exact_l1c_product_found
2023-05-11,2023,True,frozen_representative,S2B_MSIL2A_20230511T101559_N0510_R065_T34VCM_20240906T070917,exact_unique,S2B_MSIL1C_20230511T101559_N0510_R065_T34VCM_20240906T011141,ACOLITE,rhos,1,eligible_exact_l1c_product_found
2023-05-13,2023,True,frozen_representative,S2A_MSIL2A_20230513T100551_N0510_R022_T34VCM_20240901T042132,exact_unique,S2A_MSIL1C_20230513T100551_N0510_R022_T34VCM_20240831T233721,ACOLITE,rhos,1,eligible_exact_l1c_product_found
2023-05-16,2023,False,no_representative_frozen_scl_gate_failed,,no_l2a_representative_for_date,,ACOLITE,rhos,0,not_eligible_no_frozen_l2a_representative
2023-05-18,2023,True,frozen_representative,S2B_MSIL2A_20230518T100559_N0510_R022_T34VCM_20240905T193942,exact_unique,S2B_MSIL1C_20230518T100559_N0510_R022_T34VCM_20240905T152733,ACOLITE,rhos,1,eligible_exact_l1c_product_found
2023-05-21,2023,True,frozen_representative,S2B_MSIL2A_20230521T101609_N0510_R065_T34VCM_20240904T180729,exact_unique,S2B_MSIL1C_20230521T101609_N0510_R065_T34VCM_20240904T120907,ACOLITE,rhos,1,eligible_exact_l1c_product_found
2023-05-23,2023,True,frozen_representative,S2A_MSIL2A_20230523T100601_N0510_R022_T34VCM_20240903T225103,exact_unique,S2A_MSIL1C_20230523T100601_N0510_R022_T34VCM_20240903T172605,ACOLITE,rhos,1,eligible_exact_l1c_product_found
2023-05-26,2023,True,frozen_representative,S2A_MSIL2A_20230526T101601_N0510_R065_T34VCM_20240907T023333,exact_unique,S2A_MSIL1C_20230526T101601_N0510_R065_T34VCM_20240906T205837,ACOLITE,rhos,1,eligible_exact_l1c_product_found
2023-05-28,2023,False,no_representative_frozen_scl_gate_failed,,no_l2a_representative_for_date,,ACOLITE,rhos,0,not_eligible_no_frozen_l2a_representative
2023-05-31,2023,False,no_representative_frozen_scl_gate_failed,,no_l2a_representative_for_date,,ACOLITE,rhos,0,not_eligible_no_frozen_l2a_representative
2023-06-02,2023,True,frozen_representative,S2A_MSIL2A_20230602T100601_N0510_R022_T34VCM_20240926T092342,exact_unique,S2A_MSIL1C_20230602T100601_N0510_R022_T34VCM_20240926T040315,ACOLITE,rhos,1,eligible_exact_l1c_product_found
2023-06-05,2023,True,frozen_representative,S2A_MSIL2A_20230605T101601_N0510_R065_T34VCM_20240926T220931,exact_unique,S2A_MSIL1C_20230605T101601_N0510_R065_T34VCM_20240926T163924,ACOLITE,rhos,1,eligible_exact_l1c_product_found
2023-06-07,2023,True,frozen_representative,S2B_MSIL2A_20230607T100559_N0510_R022_T34VCM_20240927T025730,exact_unique,S2B_MSIL1C_20230607T100559_N0510_R022_T34VCM_20240927T001840,ACOLITE,rhos,1,eligible_exact_l1c_product_found
2023-06-10,2023,True,frozen_representative,S2B_MSIL2A_20230610T101609_N0510_R065_T34VCM_20240909T065358,exact_unique,S2B_MSIL1C_20230610T101609_N0510_R065_T34VCM_20240909T001808,ACOLITE,rhos,1,eligible_exact_l1c_product_found
2023-06-12,2023,True,frozen_representative,S2A_MSIL2A_20230612T100601_N0510_R022_T34VCM_20240911T004021,exact_unique,S2A_MSIL1C_20230612T100601_N0510_R022_T34VCM_20240910T190002,ACOLITE,rhos,1,eligible_exact_l1c_product_found
2023-06-15,2023,False,no_representative_frozen_scl_gate_failed,,no_l2a_representative_for_date,,ACOLITE,rhos,0,not_eligible_no_frozen_l2a_representative
2023-06-17,2023,False,no_representative_frozen_scl_gate_failed,,no_l2a_representative_for_date,,ACOLITE,rhos,0,not_eligible_no_frozen_l2a_representative
2023-06-20,2023,False,no_representative_frozen_scl_gate_failed,,no_l2a_representative_for_date,,ACOLITE,rhos,0,not_eligible_no_frozen_l2a_representative
2023-06-22,2023,False,no_representative_frozen_scl_gate_failed,,no_l2a_representative_for_date,,ACOLITE,rhos,0,not_eligible_no_frozen_l2a_representative
2023-06-25,2023,True,frozen_representative,S2A_MSIL2A_20230625T101601_N0510_R065_T34VCM_20240910T111718,exact_unique,S2A_MSIL1C_20230625T101601_N0510_R065_T34VCM_20240910T071009,ACOLITE,rhos,1,eligible_exact_l1c_product_found
2023-06-27,2023,True,frozen_representative,S2B_MSIL2A_20230627T100559_N0510_R022_T34VCM_20240916T115432,exact_unique,S2B_MSIL1C_20230627T100559_N0510_R022_T34VCM_20240916T091758,ACOLITE,rhos,1,eligible_exact_l1c_product_found
2023-06-30,2023,False,no_representative_frozen_scl_gate_failed,,no_l2a_representative_for_date,,ACOLITE,rhos,0,not_eligible_no_frozen_l2a_representative
2023-07-02,2023,False,no_representative_frozen_scl_gate_failed,,no_l2a_representative_for_date,,ACOLITE,rhos,0,not_eligible_no_frozen_l2a_representative
2023-07-05,2023,False,no_representative_frozen_scl_gate_failed,,no_l2a_representative_for_date,,ACOLITE,rhos,0,not_eligible_no_frozen_l2a_representative
2023-07-07,2023,False,no_representative_frozen_scl_gate_failed,,no_l2a_representative_for_date,,ACOLITE,rhos,0,not_eligible_no_frozen_l2a_representative
2023-07-10,2023,False,no_representative_frozen_scl_gate_failed,,no_l2a_representative_for_date,,ACOLITE,rhos,0,not_eligible_no_frozen_l2a_representative
2023-07-12,2023,False,no_representative_frozen_scl_gate_failed,,no_l2a_representative_for_date,,ACOLITE,rhos,0,not_eligible_no_frozen_l2a_representative
2023-07-15,2023,False,no_representative_frozen_scl_gate_failed,,no_l2a_representative_for_date,,ACOLITE,rhos,0,not_eligible_no_frozen_l2a_representative
2023-07-17,2023,False,no_representative_frozen_scl_gate_failed,,no_l2a_representative_for_date,,ACOLITE,rhos,0,not_eligible_no_frozen_l2a_representative
2023-07-20,2023,True,frozen_representative,S2B_MSIL2A_20230720T101609_N0510_R065_T34VCM_20240913T185526,exact_unique,S2B_MSIL1C_20230720T101609_N0510_R065_T34VCM_20240913T121651,ACOLITE,rhos,1,eligible_exact_l1c_product_found
2023-07-22,2023,False,no_representative_frozen_scl_gate_failed,,no_l2a_representative_for_date,,ACOLITE,rhos,0,not_eligible_no_frozen_l2a_representative
2023-07-25,2023,False,no_representative_frozen_scl_gate_failed,,no_l2a_representative_for_date,,ACOLITE,rhos,0,not_eligible_no_frozen_l2a_representative
2023-07-27,2023,False,no_representative_frozen_scl_gate_failed,,no_l2a_representative_for_date,,ACOLITE,rhos,0,not_eligible_no_frozen_l2a_representative
2023-07-30,2023,False,no_representative_frozen_scl_gate_failed,,no_l2a_representative_for_date,,ACOLITE,rhos,0,not_eligible_no_frozen_l2a_representative
2023-08-01,2023,False,no_representative_frozen_scl_gate_failed,,no_l2a_representative_for_date,,ACOLITE,rhos,0,not_eligible_no_frozen_l2a_representative
2023-08-04,2023,True,frozen_representative,S2A_MSIL2A_20230804T101601_N0510_R065_T34VCM_20241026T195423,exact_unique,S2A_MSIL1C_20230804T101601_N0510_R065_T34VCM_20241026T163427,ACOLITE,rhos,1,eligible_exact_l1c_product_found
2023-08-06,2023,False,no_representative_frozen_scl_gate_failed,,no_l2a_representative_for_date,,ACOLITE,rhos,0,not_eligible_no_frozen_l2a_representative
2023-08-09,2023,False,no_representative_frozen_scl_gate_failed,,no_l2a_representative_for_date,,ACOLITE,rhos,0,not_eligible_no_frozen_l2a_representative
2023-08-11,2023,False,no_representative_frozen_scl_gate_failed,,no_l2a_representative_for_date,,ACOLITE,rhos,0,not_eligible_no_frozen_l2a_representative
2023-08-14,2023,False,no_representative_frozen_scl_gate_failed,,no_l2a_representative_for_date,,ACOLITE,rhos,0,not_eligible_no_frozen_l2a_representative
2023-08-16,2023,False,no_representative_frozen_scl_gate_failed,,no_l2a_representative_for_date,,ACOLITE,rhos,0,not_eligible_no_frozen_l2a_representative
2023-08-19,2023,False,no_representative_frozen_scl_gate_failed,,no_l2a_representative_for_date,,ACOLITE,rhos,0,not_eligible_no_frozen_l2a_representative
2023-08-21,2023,False,no_representative_frozen_scl_gate_failed,,no_l2a_representative_for_date,,ACOLITE,rhos,0,not_eligible_no_frozen_l2a_representative
2023-08-24,2023,False,no_representative_frozen_scl_gate_failed,,no_l2a_representative_for_date,,ACOLITE,rhos,0,not_eligible_no_frozen_l2a_representative
2023-08-26,2023,False,no_representative_frozen_scl_gate_failed,,no_l2a_representative_for_date,,ACOLITE,rhos,0,not_eligible_no_frozen_l2a_representative
2023-08-29,2023,True,frozen_representative,S2B_MSIL2A_20230829T101609_N0510_R065_T34VCM_20241018T022739,exact_unique,S2B_MSIL1C_20230829T101609_N0510_R065_T34VCM_20241017T204632,ACOLITE,rhos,1,eligible_exact_l1c_product_found
2023-08-31,2023,False,no_representative_frozen_scl_gate_failed,,no_l2a_representative_for_date,,ACOLITE,rhos,0,not_eligible_no_frozen_l2a_representative
2023-09-03,2023,False,no_representative_frozen_scl_gate_failed,,no_l2a_representative_for_date,,ACOLITE,rhos,0,not_eligible_no_frozen_l2a_representative
2023-09-05,2023,True,frozen_representative,S2B_MSIL2A_20230905T100559_N0510_R022_T34VCM_20241102T142635,exact_unique,S2B_MSIL1C_20230905T100559_N0510_R022_T34VCM_20241102T083926,ACOLITE,rhos,1,eligible_exact_l1c_product_found
2023-09-08,2023,False,no_representative_frozen_scl_gate_failed,,no_l2a_representative_for_date,,ACOLITE,rhos,0,not_eligible_no_frozen_l2a_representative
2023-09-10,2023,False,no_representative_frozen_scl_gate_failed,,no_l2a_representative_for_date,,ACOLITE,rhos,0,not_eligible_no_frozen_l2a_representative
2023-09-13,2023,False,no_representative_frozen_scl_gate_failed,,no_l2a_representative_for_date,,ACOLITE,rhos,0,not_eligible_no_frozen_l2a_representative
2023-09-15,2023,False,no_representative_frozen_scl_gate_failed,,no_l2a_representative_for_date,,ACOLITE,rhos,0,not_eligible_no_frozen_l2a_representative
2023-09-18,2023,False,no_representative_frozen_scl_gate_failed,,no_l2a_representative_for_date,,ACOLITE,rhos,0,not_eligible_no_frozen_l2a_representative
2023-09-20,2023,False,no_representative_frozen_scl_gate_failed,,no_l2a_representative_for_date,,ACOLITE,rhos,0,not_eligible_no_frozen_l2a_representative
2023-09-23,2023,False,no_representative_frozen_scl_gate_failed,,no_l2a_representative_for_date,,ACOLITE,rhos,0,not_eligible_no_frozen_l2a_representative
2023-09-25,2023,False,no_representative_frozen_scl_gate_failed,,no_l2a_representative_for_date,,ACOLITE,rhos,0,not_eligible_no_frozen_l2a_representative
2023-09-28,2023,False,no_representative_frozen_scl_gate_failed,,no_l2a_representative_for_date,,ACOLITE,rhos,0,not_eligible_no_frozen_l2a_representative
2023-09-30,2023,True,frozen_representative,S2A_MSIL2A_20230930T100811_N0510_R022_T34VCM_20241106T092217,exact_unique,S2A_MSIL1C_20230930T100811_N0510_R022_T34VCM_20241106T053902,ACOLITE,rhos,1,eligible_exact_l1c_product_found
2023-10-03,2023,False,no_representative_frozen_scl_gate_failed,,no_l2a_representative_for_date,,ACOLITE,rhos,0,not_eligible_no_frozen_l2a_representative
2023-10-05,2023,False,no_representative_frozen_scl_gate_failed,,no_l2a_representative_for_date,,ACOLITE,rhos,0,not_eligible_no_frozen_l2a_representative
2023-10-08,2023,True,frozen_representative,S2B_MSIL2A_20231008T101829_N0510_R065_T34VCM_20241103T082727,exact_unique,S2B_MSIL1C_20231008T101829_N0510_R065_T34VCM_20241103T024817,ACOLITE,rhos,1,eligible_exact_l1c_product_found
2023-10-10,2023,False,no_representative_frozen_scl_gate_failed,,no_l2a_representative_for_date,,ACOLITE,rhos,0,not_eligible_no_frozen_l2a_representative
2023-10-13,2023,False,no_representative_frozen_scl_gate_failed,,no_l2a_representative_for_date,,ACOLITE,rhos,0,not_eligible_no_frozen_l2a_representative
2023-10-15,2023,False,no_representative_frozen_scl_gate_failed,,no_l2a_representative_for_date,,ACOLITE,rhos,0,not_eligible_no_frozen_l2a_representative
2023-10-18,2023,True,frozen_representative,S2B_MSIL2A_20231018T101939_N0509_R065_T34VCM_20231018T130027,exact_unique,S2B_MSIL1C_20231018T101939_N0509_R065_T34VCM_20231018T122519,ACOLITE,rhos,1,eligible_exact_l1c_product_found
2023-10-20,2023,False,no_representative_frozen_scl_gate_failed,,no_l2a_representative_for_date,,ACOLITE,rhos,0,not_eligible_no_frozen_l2a_representative
2023-10-23,2023,False,no_representative_frozen_scl_gate_failed,,no_l2a_representative_for_date,,ACOLITE,rhos,0,not_eligible_no_frozen_l2a_representative
2023-10-25,2023,False,no_representative_frozen_scl_gate_failed,,no_l2a_representative_for_date,,ACOLITE,rhos,0,not_eligible_no_frozen_l2a_representative
2023-10-28,2023,False,no_representative_frozen_scl_gate_failed,,no_l2a_representative_for_date,,ACOLITE,rhos,0,not_eligible_no_frozen_l2a_representative
2023-10-30,2023,False,no_representative_frozen_scl_gate_failed,,no_l2a_representative_for_date,,ACOLITE,rhos,0,not_eligible_no_frozen_l2a_representative
2023-11-02,2023,False,no_representative_frozen_scl_gate_failed,,no_l2a_representative_for_date,,ACOLITE,rhos,0,not_eligible_no_frozen_l2a_representative
2023-11-04,2023,False,no_representative_frozen_scl_gate_failed,,no_l2a_representative_for_date,,ACOLITE,rhos,0,not_eligible_no_frozen_l2a_representative
2023-11-07,2023,False,no_representative_frozen_scl_gate_failed,,no_l2a_representative_for_date,,ACOLITE,rhos,0,not_eligible_no_frozen_l2a_representative
2023-11-09,2023,False,no_representative_frozen_scl_gate_failed,,no_l2a_representative_for_date,,ACOLITE,rhos,0,not_eligible_no_frozen_l2a_representative
2023-11-12,2023,False,no_representative_frozen_scl_gate_failed,,no_l2a_representative_for_date,,ACOLITE,rhos,0,not_eligible_no_frozen_l2a_representative
2023-11-14,2023,False,no_representative_frozen_scl_gate_failed,,no_l2a_representative_for_date,,ACOLITE,rhos,0,not_eligible_no_frozen_l2a_representative
2023-11-17,2023,False,no_representative_frozen_scl_gate_failed,,no_l2a_representative_for_date,,ACOLITE,rhos,0,not_eligible_no_frozen_l2a_representative
2023-11-19,2023,False,no_representative_frozen_scl_gate_failed,,no_l2a_representative_for_date,,ACOLITE,rhos,0,not_eligible_no_frozen_l2a_representative
2023-11-22,2023,False,no_representative_frozen_scl_gate_failed,,no_l2a_representative_for_date,,ACOLITE,rhos,0,not_eligible_no_frozen_l2a_representative
2023-11-24,2023,False,no_representative_frozen_scl_gate_failed,,no_l2a_representative_for_date,,ACOLITE,rhos,0,not_eligible_no_frozen_l2a_representative
2023-11-27,2023,False,no_representative_frozen_scl_gate_failed,,no_l2a_representative_for_date,,ACOLITE,rhos,0,not_eligible_no_frozen_l2a_representative
2023-11-29,2023,True,frozen_representative,S2A_MSIL2A_20231129T101351_N0510_R022_T34VCM_20241110T221337,exact_unique,S2A_MSIL1C_20231129T101351_N0510_R022_T34VCM_20241110T182604,ACOLITE,rhos,1,eligible_exact_l1c_product_found
2023-12-07,2023,False,no_representative_frozen_scl_gate_failed,,no_l2a_representative_for_date,,ACOLITE,rhos,0,not_eligible_no_frozen_l2a_representative
2023-12-14,2023,False,no_representative_frozen_scl_gate_failed,,no_l2a_representative_for_date,,ACOLITE,rhos,0,not_eligible_no_frozen_l2a_representative
2023-12-17,2023,False,no_representative_frozen_scl_gate_failed,,no_l2a_representative_for_date,,ACOLITE,rhos,0,not_eligible_no_frozen_l2a_representative
2023-12-24,2023,False,no_representative_frozen_scl_gate_failed,,no_l2a_representative_for_date,,ACOLITE,rhos,0,not_eligible_no_frozen_l2a_representative
2023-12-27,2023,False,no_representative_frozen_scl_gate_failed,,no_l2a_representative_for_date,,ACOLITE,rhos,0,not_eligible_no_frozen_l2a_representative
2024-01-03,2024,False,no_representative_frozen_scl_gate_failed,,no_l2a_representative_for_date,,ACOLITE,rhos,0,not_eligible_no_frozen_l2a_representative
2024-01-06,2024,False,no_representative_frozen_scl_gate_failed,,no_l2a_representative_for_date,,ACOLITE,rhos,0,not_eligible_no_frozen_l2a_representative
2024-01-13,2024,False,no_representative_frozen_scl_gate_failed,,no_l2a_representative_for_date,,ACOLITE,rhos,0,not_eligible_no_frozen_l2a_representative
2024-01-16,2024,False,no_representative_frozen_scl_gate_failed,,no_l2a_representative_for_date,,ACOLITE,rhos,0,not_eligible_no_frozen_l2a_representative
2024-01-18,2024,False,no_representative_frozen_scl_gate_failed,,no_l2a_representative_for_date,,ACOLITE,rhos,0,not_eligible_no_frozen_l2a_representative
2024-01-21,2024,False,no_representative_frozen_scl_gate_failed,,no_l2a_representative_for_date,,ACOLITE,rhos,0,not_eligible_no_frozen_l2a_representative
2024-01-23,2024,False,no_representative_frozen_scl_gate_failed,,no_l2a_representative_for_date,,ACOLITE,rhos,0,not_eligible_no_frozen_l2a_representative
2024-01-26,2024,False,no_representative_frozen_scl_gate_failed,,no_l2a_representative_for_date,,ACOLITE,rhos,0,not_eligible_no_frozen_l2a_representative
2024-01-28,2024,False,no_representative_frozen_scl_gate_failed,,no_l2a_representative_for_date,,ACOLITE,rhos,0,not_eligible_no_frozen_l2a_representative
2024-01-31,2024,False,no_representative_frozen_scl_gate_failed,,no_l2a_representative_for_date,,ACOLITE,rhos,0,not_eligible_no_frozen_l2a_representative
2024-02-02,2024,False,no_representative_frozen_scl_gate_failed,,no_l2a_representative_for_date,,ACOLITE,rhos,0,not_eligible_no_frozen_l2a_representative
2024-02-05,2024,False,no_representative_frozen_scl_gate_failed,,no_l2a_representative_for_date,,ACOLITE,rhos,0,not_eligible_no_frozen_l2a_representative
2024-02-07,2024,False,no_representative_frozen_scl_gate_failed,,no_l2a_representative_for_date,,ACOLITE,rhos,0,not_eligible_no_frozen_l2a_representative
2024-02-10,2024,False,no_representative_frozen_scl_gate_failed,,no_l2a_representative_for_date,,ACOLITE,rhos,0,not_eligible_no_frozen_l2a_representative
2024-02-12,2024,False,no_representative_frozen_scl_gate_failed,,no_l2a_representative_for_date,,ACOLITE,rhos,0,not_eligible_no_frozen_l2a_representative
2024-02-15,2024,False,no_representative_frozen_scl_gate_failed,,no_l2a_representative_for_date,,ACOLITE,rhos,0,not_eligible_no_frozen_l2a_representative
2024-02-17,2024,False,no_representative_frozen_scl_gate_failed,,no_l2a_representative_for_date,,ACOLITE,rhos,0,not_eligible_no_frozen_l2a_representative
2024-02-20,2024,False,no_representative_frozen_scl_gate_failed,,no_l2a_representative_for_date,,ACOLITE,rhos,0,not_eligible_no_frozen_l2a_representative
2024-02-22,2024,False,no_representative_frozen_scl_gate_failed,,no_l2a_representative_for_date,,ACOLITE,rhos,0,not_eligible_no_frozen_l2a_representative
2024-02-25,2024,False,no_representative_frozen_scl_gate_failed,,no_l2a_representative_for_date,,ACOLITE,rhos,0,not_eligible_no_frozen_l2a_representative
2024-02-27,2024,False,no_representative_frozen_scl_gate_failed,,no_l2a_representative_for_date,,ACOLITE,rhos,0,not_eligible_no_frozen_l2a_representative
2024-03-01,2024,False,no_representative_frozen_scl_gate_failed,,no_l2a_representative_for_date,,ACOLITE,rhos,0,not_eligible_no_frozen_l2a_representative
2024-03-03,2024,False,no_representative_frozen_scl_gate_failed,,no_l2a_representative_for_date,,ACOLITE,rhos,0,not_eligible_no_frozen_l2a_representative
2024-03-06,2024,False,no_representative_frozen_scl_gate_failed,,no_l2a_representative_for_date,,ACOLITE,rhos,0,not_eligible_no_frozen_l2a_representative
2024-03-08,2024,False,no_representative_frozen_scl_gate_failed,,no_l2a_representative_for_date,,ACOLITE,rhos,0,not_eligible_no_frozen_l2a_representative
2024-03-11,2024,False,no_representative_frozen_scl_gate_failed,,no_l2a_representative_for_date,,ACOLITE,rhos,0,not_eligible_no_frozen_l2a_representative
2024-03-13,2024,False,no_representative_frozen_scl_gate_failed,,no_l2a_representative_for_date,,ACOLITE,rhos,0,not_eligible_no_frozen_l2a_representative
2024-03-16,2024,False,no_representative_frozen_scl_gate_failed,,no_l2a_representative_for_date,,ACOLITE,rhos,0,not_eligible_no_frozen_l2a_representative
2024-03-18,2024,False,no_representative_frozen_scl_gate_failed,,no_l2a_representative_for_date,,ACOLITE,rhos,0,not_eligible_no_frozen_l2a_representative
2024-03-21,2024,False,no_representative_frozen_scl_gate_failed,,no_l2a_representative_for_date,,ACOLITE,rhos,0,not_eligible_no_frozen_l2a_representative
2024-03-23,2024,False,no_representative_frozen_scl_gate_failed,,no_l2a_representative_for_date,,ACOLITE,rhos,0,not_eligible_no_frozen_l2a_representative
2024-03-26,2024,False,no_representative_frozen_scl_gate_failed,,no_l2a_representative_for_date,,ACOLITE,rhos,0,not_eligible_no_frozen_l2a_representative
2024-03-28,2024,True,frozen_representative,S2A_MSIL2A_20240328T100631_N0510_R022_T34VCM_20240328T142447,exact_unique,S2A_MSIL1C_20240328T100631_N0510_R022_T34VCM_20240328T120957,ACOLITE,rhos,1,eligible_exact_l1c_product_found
2024-03-31,2024,False,no_representative_frozen_scl_gate_failed,,no_l2a_representative_for_date,,ACOLITE,rhos,0,not_eligible_no_frozen_l2a_representative
2024-04-02,2024,False,no_representative_frozen_scl_gate_failed,,no_l2a_representative_for_date,,ACOLITE,rhos,0,not_eligible_no_frozen_l2a_representative
2024-04-05,2024,False,no_representative_frozen_scl_gate_failed,,no_l2a_representative_for_date,,ACOLITE,rhos,0,not_eligible_no_frozen_l2a_representative
2024-04-07,2024,False,no_representative_frozen_scl_gate_failed,,no_l2a_representative_for_date,,ACOLITE,rhos,0,not_eligible_no_frozen_l2a_representative
2024-04-10,2024,False,no_representative_frozen_scl_gate_failed,,no_l2a_representative_for_date,,ACOLITE,rhos,0,not_eligible_no_frozen_l2a_representative
2024-04-12,2024,False,no_representative_frozen_scl_gate_failed,,no_l2a_representative_for_date,,ACOLITE,rhos,0,not_eligible_no_frozen_l2a_representative
2024-04-15,2024,False,no_representative_frozen_scl_gate_failed,,no_l2a_representative_for_date,,ACOLITE,rhos,0,not_eligible_no_frozen_l2a_representative
2024-04-17,2024,True,frozen_representative,S2A_MSIL2A_20240417T100601_N0510_R022_T34VCM_20240417T174253,exact_unique,S2A_MSIL1C_20240417T100601_N0510_R022_T34VCM_20240417T153055,ACOLITE,rhos,1,eligible_exact_l1c_product_found
2024-04-20,2024,False,no_representative_frozen_scl_gate_failed,,no_l2a_representative_for_date,,ACOLITE,rhos,0,not_eligible_no_frozen_l2a_representative
2024-04-22,2024,False,no_representative_frozen_scl_gate_failed,,no_l2a_representative_for_date,,ACOLITE,rhos,0,not_eligible_no_frozen_l2a_representative
2024-04-25,2024,False,no_representative_frozen_scl_gate_failed,,no_l2a_representative_for_date,,ACOLITE,rhos,0,not_eligible_no_frozen_l2a_representative
2024-04-27,2024,False,no_representative_frozen_scl_gate_failed,,no_l2a_representative_for_date,,ACOLITE,rhos,0,not_eligible_no_frozen_l2a_representative
2024-04-30,2024,False,no_representative_frozen_scl_gate_failed,,no_l2a_representative_for_date,,ACOLITE,rhos,0,not_eligible_no_frozen_l2a_representative
2024-05-02,2024,False,no_representative_frozen_scl_gate_failed,,no_l2a_representative_for_date,,ACOLITE,rhos,0,not_eligible_no_frozen_l2a_representative
2024-05-05,2024,False,no_representative_frozen_scl_gate_failed,,no_l2a_representative_for_date,,ACOLITE,rhos,0,not_eligible_no_frozen_l2a_representative
2024-05-07,2024,True,frozen_representative,S2A_MSIL2A_20240507T100601_N0510_R022_T34VCM_20240507T143953,exact_unique,S2A_MSIL1C_20240507T100601_N0510_R022_T34VCM_20240507T121117,ACOLITE,rhos,1,eligible_exact_l1c_product_found
2024-05-10,2024,True,frozen_representative,S2A_MSIL2A_20240510T102021_N0510_R065_T34VCM_20240510T142253,exact_unique,S2A_MSIL1C_20240510T102021_N0510_R065_T34VCM_20240510T122121,ACOLITE,rhos,1,eligible_exact_l1c_product_found
2024-05-15,2024,True,frozen_representative,S2B_MSIL2A_20240515T101559_N0510_R065_T34VCM_20240515T144033,exact_unique,S2B_MSIL1C_20240515T101559_N0510_R065_T34VCM_20240515T140423,ACOLITE,rhos,1,eligible_exact_l1c_product_found
2024-05-17,2024,True,frozen_representative,S2A_MSIL2A_20240517T100601_N0510_R022_T34VCM_20240517T174751,exact_unique,S2A_MSIL1C_20240517T100601_N0510_R022_T34VCM_20240517T152850,ACOLITE,rhos,1,eligible_exact_l1c_product_found
2024-05-20,2024,True,frozen_representative,S2A_MSIL2A_20240520T102021_N0510_R065_T34VCM_20240520T145649,exact_unique,S2A_MSIL1C_20240520T102021_N0510_R065_T34VCM_20240520T135434,ACOLITE,rhos,1,eligible_exact_l1c_product_found
2024-05-22,2024,True,frozen_representative,S2B_MSIL2A_20240522T100559_N0510_R022_T34VCM_20240522T125149,exact_unique,S2B_MSIL1C_20240522T100559_N0510_R022_T34VCM_20240522T120905,ACOLITE,rhos,1,eligible_exact_l1c_product_found
2024-05-25,2024,True,frozen_representative,S2B_MSIL2A_20240525T101559_N0510_R065_T34VCM_20240525T130132,exact_unique,S2B_MSIL1C_20240525T101559_N0510_R065_T34VCM_20240525T122128,ACOLITE,rhos,1,eligible_exact_l1c_product_found
2024-05-27,2024,True,frozen_representative,S2A_MSIL2A_20240527T100601_N0510_R022_T34VCM_20240527T161753,exact_unique,S2A_MSIL1C_20240527T100601_N0510_R022_T34VCM_20240527T135100,ACOLITE,rhos,1,eligible_exact_l1c_product_found
2024-05-30,2024,True,frozen_representative,S2A_MSIL2A_20240530T102021_N0510_R065_T34VCM_20240530T175752,exact_unique,S2A_MSIL1C_20240530T102021_N0510_R065_T34VCM_20240530T154023,ACOLITE,rhos,1,eligible_exact_l1c_product_found
2024-06-01,2024,False,no_representative_frozen_scl_gate_failed,,no_l2a_representative_for_date,,ACOLITE,rhos,0,not_eligible_no_frozen_l2a_representative
2024-06-04,2024,True,frozen_representative,S2B_MSIL2A_20240604T101559_N0510_R065_T34VCM_20240604T130328,exact_unique,S2B_MSIL1C_20240604T101559_N0510_R065_T34VCM_20240604T122050,ACOLITE,rhos,1,eligible_exact_l1c_product_found
2024-06-06,2024,True,frozen_representative,S2A_MSIL2A_20240606T100601_N0510_R022_T34VCM_20240606T155900,exact_unique,S2A_MSIL1C_20240606T100601_N0510_R022_T34VCM_20240606T135117,ACOLITE,rhos,1,eligible_exact_l1c_product_found
2024-06-09,2024,True,frozen_representative,S2A_MSIL2A_20240609T102031_N0510_R065_T34VCM_20240609T163346,exact_unique,S2A_MSIL1C_20240609T102031_N0510_R065_T34VCM_20240609T140142,ACOLITE,rhos,1,eligible_exact_l1c_product_found
2024-06-11,2024,True,frozen_representative,S2B_MSIL2A_20240611T100559_N0510_R022_T34VCM_20240611T125329,exact_unique,S2B_MSIL1C_20240611T100559_N0510_R022_T34VCM_20240611T120915,ACOLITE,rhos,1,eligible_exact_l1c_product_found
2024-06-14,2024,True,frozen_representative,S2B_MSIL2A_20240614T101559_N0510_R065_T34VCM_20240614T133836,exact_unique,S2B_MSIL1C_20240614T101559_N0510_R065_T34VCM_20240614T125223,ACOLITE,rhos,1,eligible_exact_l1c_product_found
2024-06-16,2024,False,no_representative_frozen_scl_gate_failed,,no_l2a_representative_for_date,,ACOLITE,rhos,0,not_eligible_no_frozen_l2a_representative
2024-06-19,2024,False,no_representative_frozen_scl_gate_failed,,no_l2a_representative_for_date,,ACOLITE,rhos,0,not_eligible_no_frozen_l2a_representative
2024-06-21,2024,True,frozen_representative,S2B_MSIL2A_20240621T100559_N0510_R022_T34VCM_20240621T130723,exact_unique,S2B_MSIL1C_20240621T100559_N0510_R022_T34VCM_20240621T123558,ACOLITE,rhos,1,eligible_exact_l1c_product_found
2024-06-24,2024,False,no_representative_frozen_scl_gate_failed,,no_l2a_representative_for_date,,ACOLITE,rhos,0,not_eligible_no_frozen_l2a_representative
2024-06-26,2024,False,no_representative_frozen_scl_gate_failed,,no_l2a_representative_for_date,,ACOLITE,rhos,0,not_eligible_no_frozen_l2a_representative
2024-06-29,2024,True,frozen_representative,S2A_MSIL2A_20240629T102021_N0510_R065_T34VCM_20240629T134949,exact_unique,S2A_MSIL1C_20240629T102021_N0510_R065_T34VCM_20240629T122126,ACOLITE,rhos,1,eligible_exact_l1c_product_found
2024-07-01,2024,False,no_representative_frozen_scl_gate_failed,,no_l2a_representative_for_date,,ACOLITE,rhos,0,not_eligible_no_frozen_l2a_representative
2024-07-04,2024,False,no_representative_frozen_scl_gate_failed,,no_l2a_representative_for_date,,ACOLITE,rhos,0,not_eligible_no_frozen_l2a_representative
2024-07-06,2024,False,no_representative_frozen_scl_gate_failed,,no_l2a_representative_for_date,,ACOLITE,rhos,0,not_eligible_no_frozen_l2a_representative
2024-07-09,2024,True,frozen_representative,S2A_MSIL2A_20240709T102031_N0510_R065_T34VCM_20240709T142949,exact_unique,S2A_MSIL1C_20240709T102031_N0510_R065_T34VCM_20240709T122027,ACOLITE,rhos,1,eligible_exact_l1c_product_found
2024-07-11,2024,False,no_representative_frozen_scl_gate_failed,,no_l2a_representative_for_date,,ACOLITE,rhos,0,not_eligible_no_frozen_l2a_representative
2024-07-14,2024,False,no_representative_frozen_scl_gate_failed,,no_l2a_representative_for_date,,ACOLITE,rhos,0,not_eligible_no_frozen_l2a_representative
2024-07-16,2024,False,no_representative_frozen_scl_gate_failed,,no_l2a_representative_for_date,,ACOLITE,rhos,0,not_eligible_no_frozen_l2a_representative
2024-07-19,2024,False,no_representative_frozen_scl_gate_failed,,no_l2a_representative_for_date,,ACOLITE,rhos,0,not_eligible_no_frozen_l2a_representative
2024-07-21,2024,True,frozen_representative,S2B_MSIL2A_20240721T100559_N0510_R022_T34VCM_20240721T125344,exact_unique,S2B_MSIL1C_20240721T100559_N0510_R022_T34VCM_20240721T121133,ACOLITE,rhos,1,eligible_exact_l1c_product_found
2024-07-24,2024,False,no_representative_frozen_scl_gate_failed,,no_l2a_representative_for_date,,ACOLITE,rhos,0,not_eligible_no_frozen_l2a_representative
2024-07-26,2024,True,frozen_representative,S2A_MSIL2A_20240726T100601_N0511_R022_T34VCM_20240726T173850,exact_unique,S2A_MSIL1C_20240726T100601_N0511_R022_T34VCM_20240726T153045,ACOLITE,rhos,1,eligible_exact_l1c_product_found
2024-07-29,2024,False,no_representative_frozen_scl_gate_failed,,no_l2a_representative_for_date,,ACOLITE,rhos,0,not_eligible_no_frozen_l2a_representative
2024-07-31,2024,False,no_representative_frozen_scl_gate_failed,,no_l2a_representative_for_date,,ACOLITE,rhos,0,not_eligible_no_frozen_l2a_representative
2024-08-03,2024,False,no_representative_frozen_scl_gate_failed,,no_l2a_representative_for_date,,ACOLITE,rhos,0,not_eligible_no_frozen_l2a_representative
2024-08-05,2024,False,no_representative_frozen_scl_gate_failed,,no_l2a_representative_for_date,,ACOLITE,rhos,0,not_eligible_no_frozen_l2a_representative
2024-08-08,2024,False,no_representative_frozen_scl_gate_failed,,no_l2a_representative_for_date,,ACOLITE,rhos,0,not_eligible_no_frozen_l2a_representative
2024-08-10,2024,False,no_representative_frozen_scl_gate_failed,,no_l2a_representative_for_date,,ACOLITE,rhos,0,not_eligible_no_frozen_l2a_representative
2024-08-13,2024,True,frozen_representative,S2B_MSIL2A_20240813T101559_N0511_R065_T34VCM_20240813T133715,exact_unique,S2B_MSIL1C_20240813T101559_N0511_R065_T34VCM_20240813T125216,ACOLITE,rhos,1,eligible_exact_l1c_product_found
2024-08-15,2024,False,no_representative_frozen_scl_gate_failed,,no_l2a_representative_for_date,,ACOLITE,rhos,0,not_eligible_no_frozen_l2a_representative
2024-08-18,2024,True,frozen_representative,S2A_MSIL2A_20240818T102021_N0511_R065_T34VCM_20240818T140657,exact_unique,S2A_MSIL1C_20240818T102021_N0511_R065_T34VCM_20240818T124603,ACOLITE,rhos,1,eligible_exact_l1c_product_found
2024-08-20,2024,True,frozen_representative,S2B_MSIL2A_20240820T100559_N0511_R022_T34VCM_20240820T130319,exact_unique,S2B_MSIL1C_20240820T100559_N0511_R022_T34VCM_20240820T123551,ACOLITE,rhos,1,eligible_exact_l1c_product_found
2024-08-23,2024,False,no_representative_frozen_scl_gate_failed,,no_l2a_representative_for_date,,ACOLITE,rhos,0,not_eligible_no_frozen_l2a_representative
2024-08-25,2024,False,no_representative_frozen_scl_gate_failed,,no_l2a_representative_for_date,,ACOLITE,rhos,0,not_eligible_no_frozen_l2a_representative
2024-08-28,2024,True,frozen_representative,S2A_MSIL2A_20240828T102021_N0511_R065_T34VCM_20240828T150452,exact_unique,S2A_MSIL1C_20240828T102021_N0511_R065_T34VCM_20240828T130205,ACOLITE,rhos,1,eligible_exact_l1c_product_found
2024-08-30,2024,False,no_representative_frozen_scl_gate_failed,,no_l2a_representative_for_date,,ACOLITE,rhos,0,not_eligible_no_frozen_l2a_representative
2024-09-02,2024,False,no_representative_frozen_scl_gate_failed,,no_l2a_representative_for_date,,ACOLITE,rhos,0,not_eligible_no_frozen_l2a_representative
2024-09-04,2024,True,frozen_representative,S2A_MSIL2A_20240904T100551_N0511_R022_T34VCM_20240904T154147,exact_unique,S2A_MSIL1C_20240904T100551_N0511_R022_T34VCM_20240904T135217,ACOLITE,rhos,1,eligible_exact_l1c_product_found
2024-09-07,2024,True,frozen_representative,S2A_MSIL2A_20240907T102021_N0511_R065_T34VCM_20240907T143052,exact_unique,S2A_MSIL1C_20240907T102021_N0511_R065_T34VCM_20240907T125720,ACOLITE,rhos,1,eligible_exact_l1c_product_found
2024-09-09,2024,False,no_representative_frozen_scl_gate_failed,,no_l2a_representative_for_date,,ACOLITE,rhos,0,not_eligible_no_frozen_l2a_representative
2024-09-12,2024,True,frozen_representative,S2B_MSIL2A_20240912T102019_N0511_R065_T34VCM_20240912T175037,exact_unique,S2B_MSIL1C_20240912T102019_N0511_R065_T34VCM_20240912T171852,ACOLITE,rhos,1,eligible_exact_l1c_product_found
2024-09-14,2024,True,frozen_representative,S2A_MSIL2A_20240914T100631_N0511_R022_T34VCM_20240914T145600,exact_unique,S2A_MSIL1C_20240914T100631_N0511_R022_T34VCM_20240914T124515,ACOLITE,rhos,1,eligible_exact_l1c_product_found
2024-09-17,2024,False,no_representative_frozen_scl_gate_failed,,no_l2a_representative_for_date,,ACOLITE,rhos,0,not_eligible_no_frozen_l2a_representative
2024-09-19,2024,True,frozen_representative,S2B_MSIL2A_20240919T101019_N0511_R022_T34VCM_20240919T141852,exact_unique,S2B_MSIL1C_20240919T101019_N0511_R022_T34VCM_20240919T135226,ACOLITE,rhos,1,eligible_exact_l1c_product_found
2024-09-22,2024,False,no_representative_frozen_scl_gate_failed,,no_l2a_representative_for_date,,ACOLITE,rhos,0,not_eligible_no_frozen_l2a_representative
2024-09-24,2024,False,no_representative_frozen_scl_gate_failed,,no_l2a_representative_for_date,,ACOLITE,rhos,0,not_eligible_no_frozen_l2a_representative
2024-09-27,2024,False,no_representative_frozen_scl_gate_failed,,no_l2a_representative_for_date,,ACOLITE,rhos,0,not_eligible_no_frozen_l2a_representative
2024-09-29,2024,True,frozen_representative,S2B_MSIL2A_20240929T100719_N0511_R022_T34VCM_20240929T133706,exact_unique,S2B_MSIL1C_20240929T100719_N0511_R022_T34VCM_20240929T124821,ACOLITE,rhos,1,eligible_exact_l1c_product_found
2024-10-02,2024,False,no_representative_frozen_scl_gate_failed,,no_l2a_representative_for_date,,ACOLITE,rhos,0,not_eligible_no_frozen_l2a_representative
2024-10-04,2024,True,frozen_representative,S2A_MSIL2A_20241004T100851_N0511_R022_T34VCM_20241004T121647,exact_unique,S2A_MSIL1C_20241004T100851_N0511_R022_T34VCM_20241004T105753,ACOLITE,rhos,1,eligible_exact_l1c_product_found
2024-10-07,2024,True,frozen_representative,S2A_MSIL2A_20241007T101921_N0511_R065_T34VCM_20241007T145846,exact_unique,S2A_MSIL1C_20241007T101921_N0511_R065_T34VCM_20241007T122440,ACOLITE,rhos,1,eligible_exact_l1c_product_found
2024-10-09,2024,False,no_representative_frozen_scl_gate_failed,,no_l2a_representative_for_date,,ACOLITE,rhos,0,not_eligible_no_frozen_l2a_representative
2024-10-12,2024,True,frozen_representative,S2B_MSIL2A_20241012T101859_N0511_R065_T34VCM_20241012T143335,exact_unique,S2B_MSIL1C_20241012T101859_N0511_R065_T34VCM_20241012T140027,ACOLITE,rhos,1,eligible_exact_l1c_product_found
2024-10-14,2024,False,no_representative_frozen_scl_gate_failed,,no_l2a_representative_for_date,,ACOLITE,rhos,0,not_eligible_no_frozen_l2a_representative
2024-10-17,2024,True,frozen_representative,S2A_MSIL2A_20241017T102021_N0511_R065_T34VCM_20241017T143350,exact_unique,S2A_MSIL1C_20241017T102021_N0511_R065_T34VCM_20241017T122244,ACOLITE,rhos,1,eligible_exact_l1c_product_found
2024-10-19,2024,True,frozen_representative,S2B_MSIL2A_20241019T100939_N0511_R022_T34VCM_20241019T123549,exact_unique,S2B_MSIL1C_20241019T100939_N0511_R022_T34VCM_20241019T121218,ACOLITE,rhos,1,eligible_exact_l1c_product_found
2024-10-22,2024,False,no_representative_frozen_scl_gate_failed,,no_l2a_representative_for_date,,ACOLITE,rhos,0,not_eligible_no_frozen_l2a_representative
2024-10-24,2024,True,frozen_representative,S2A_MSIL2A_20241024T101101_N0511_R022_T34VCM_20241024T122648,exact_unique,S2A_MSIL1C_20241024T101101_N0511_R022_T34VCM_20241024T105806,ACOLITE,rhos,1,eligible_exact_l1c_product_found
2024-10-27,2024,False,no_representative_frozen_scl_gate_failed,,no_l2a_representative_for_date,,ACOLITE,rhos,0,not_eligible_no_frozen_l2a_representative
2024-10-29,2024,False,no_representative_frozen_scl_gate_failed,,no_l2a_representative_for_date,,ACOLITE,rhos,0,not_eligible_no_frozen_l2a_representative
2024-11-01,2024,False,no_representative_frozen_scl_gate_failed,,no_l2a_representative_for_date,,ACOLITE,rhos,0,not_eligible_no_frozen_l2a_representative
2024-11-03,2024,False,no_representative_frozen_scl_gate_failed,,no_l2a_representative_for_date,,ACOLITE,rhos,0,not_eligible_no_frozen_l2a_representative
2024-11-06,2024,False,no_representative_frozen_scl_gate_failed,,no_l2a_representative_for_date,,ACOLITE,rhos,0,not_eligible_no_frozen_l2a_representative
2024-11-08,2024,True,frozen_representative,S2B_MSIL2A_20241108T101129_N0511_R022_T34VCM_20241108T112954,exact_unique,S2B_MSIL1C_20241108T101129_N0511_R022_T34VCM_20241108T110229,ACOLITE,rhos,1,eligible_exact_l1c_product_found
2024-11-11,2024,False,no_representative_frozen_scl_gate_failed,,no_l2a_representative_for_date,,ACOLITE,rhos,0,not_eligible_no_frozen_l2a_representative
2024-11-13,2024,True,frozen_representative,S2A_MSIL2A_20241113T101251_N0511_R022_T34VCM_20241113T142853,exact_unique,S2A_MSIL1C_20241113T101251_N0511_R022_T34VCM_20241113T121135,ACOLITE,rhos,1,eligible_exact_l1c_product_found
2024-11-16,2024,False,no_representative_frozen_scl_gate_failed,,no_l2a_representative_for_date,,ACOLITE,rhos,0,not_eligible_no_frozen_l2a_representative
2024-11-18,2024,False,no_representative_frozen_scl_gate_failed,,no_l2a_representative_for_date,,ACOLITE,rhos,0,not_eligible_no_frozen_l2a_representative
2024-11-21,2024,False,no_representative_frozen_scl_gate_failed,,no_l2a_representative_for_date,,ACOLITE,rhos,0,not_eligible_no_frozen_l2a_representative
2024-11-26,2024,True,frozen_representative,S2A_MSIL2A_20241126T102351_N0511_R065_T34VCM_20241126T111848,exact_unique,S2A_MSIL1C_20241126T102351_N0511_R065_T34VCM_20241126T104240,ACOLITE,rhos,1,eligible_exact_l1c_product_found
2024-11-28,2024,True,frozen_representative,S2B_MSIL2A_20241128T101259_N0511_R022_T34VCM_20241128T112016,exact_unique,S2B_MSIL1C_20241128T101259_N0511_R022_T34VCM_20241128T105426,ACOLITE,rhos,1,eligible_exact_l1c_product_found
2024-12-01,2024,False,no_representative_frozen_scl_gate_failed,,no_l2a_representative_for_date,,ACOLITE,rhos,0,not_eligible_no_frozen_l2a_representative
2024-12-08,2024,False,no_representative_frozen_scl_gate_failed,,no_l2a_representative_for_date,,ACOLITE,rhos,0,not_eligible_no_frozen_l2a_representative
2024-12-11,2024,False,no_representative_frozen_scl_gate_failed,,no_l2a_representative_for_date,,ACOLITE,rhos,0,not_eligible_no_frozen_l2a_representative
2024-12-18,2024,False,no_representative_frozen_scl_gate_failed,,no_l2a_representative_for_date,,ACOLITE,rhos,0,not_eligible_no_frozen_l2a_representative
2024-12-21,2024,False,no_representative_frozen_scl_gate_failed,,no_l2a_representative_for_date,,ACOLITE,rhos,0,not_eligible_no_frozen_l2a_representative
2024-12-28,2024,False,no_representative_frozen_scl_gate_failed,,no_l2a_representative_for_date,,ACOLITE,rhos,0,not_eligible_no_frozen_l2a_representative
2024-12-31,2024,False,no_representative_frozen_scl_gate_failed,,no_l2a_representative_for_date,,ACOLITE,rhos,0,not_eligible_no_frozen_l2a_representative
2025-01-07,2025,False,no_representative_frozen_scl_gate_failed,,no_l2a_representative_for_date,,ACOLITE,rhos,0,not_eligible_no_frozen_l2a_representative
2025-01-10,2025,False,no_representative_frozen_scl_gate_failed,,no_l2a_representative_for_date,,ACOLITE,rhos,0,not_eligible_no_frozen_l2a_representative
2025-01-15,2025,False,no_representative_frozen_scl_gate_failed,,no_l2a_representative_for_date,,ACOLITE,rhos,0,not_eligible_no_frozen_l2a_representative
2025-01-17,2025,False,no_representative_frozen_scl_gate_failed,,no_l2a_representative_for_date,,ACOLITE,rhos,0,not_eligible_no_frozen_l2a_representative
2025-01-20,2025,True,frozen_representative,S2B_MSIL2A_20250120T102239_N0511_R065_T34VCM_20250120T130540,exact_unique,S2B_MSIL1C_20250120T102239_N0511_R065_T34VCM_20250120T124806,ACOLITE,rhos,1,eligible_exact_l1c_product_found
2025-01-22,2025,False,no_representative_frozen_scl_gate_failed,,no_l2a_representative_for_date,,ACOLITE,rhos,0,not_eligible_no_frozen_l2a_representative
2025-01-25,2025,True,frozen_representative,S2C_MSIL2A_20250125T102341_N0511_R065_T34VCM_20250125T134454,exact_unique,S2C_MSIL1C_20250125T102341_N0511_R065_T34VCM_20250125T122039,ACOLITE,rhos,1,eligible_exact_l1c_product_found
2025-01-27,2025,True,frozen_representative,S2B_MSIL2A_20250127T101209_N0511_R022_T34VCM_20250127T130241,exact_unique,S2B_MSIL1C_20250127T101209_N0511_R022_T34VCM_20250127T123932,ACOLITE,rhos,1,eligible_exact_l1c_product_found
2025-01-30,2025,False,no_representative_frozen_scl_gate_failed,,no_l2a_representative_for_date,,ACOLITE,rhos,0,not_eligible_no_frozen_l2a_representative
2025-02-01,2025,False,no_representative_frozen_scl_gate_failed,,no_l2a_representative_for_date,,ACOLITE,rhos,0,not_eligible_no_frozen_l2a_representative
2025-02-04,2025,False,no_representative_frozen_scl_gate_failed,,no_l2a_representative_for_date,,ACOLITE,rhos,0,not_eligible_no_frozen_l2a_representative
2025-02-06,2025,True,frozen_representative,S2B_MSIL2A_20250206T101109_N0511_R022_T34VCM_20250206T122414,exact_unique,S2B_MSIL1C_20250206T101109_N0511_R022_T34VCM_20250206T120635,ACOLITE,rhos,1,eligible_exact_l1c_product_found
2025-02-09,2025,False,no_representative_frozen_scl_gate_failed,,no_l2a_representative_for_date,,ACOLITE,rhos,0,not_eligible_no_frozen_l2a_representative
2025-02-11,2025,True,frozen_representative,S2C_MSIL2A_20250211T101201_N0511_R022_T34VCM_20250211T142256,exact_unique,S2C_MSIL1C_20250211T101201_N0511_R022_T34VCM_20250211T122750,ACOLITE,rhos,1,eligible_exact_l1c_product_found
2025-02-14,2025,False,no_representative_frozen_scl_gate_failed,,no_l2a_representative_for_date,,ACOLITE,rhos,0,not_eligible_no_frozen_l2a_representative
2025-02-16,2025,False,no_representative_frozen_scl_gate_failed,,no_l2a_representative_for_date,,ACOLITE,rhos,0,not_eligible_no_frozen_l2a_representative
2025-02-19,2025,False,no_representative_frozen_scl_gate_failed,,no_l2a_representative_for_date,,ACOLITE,rhos,0,not_eligible_no_frozen_l2a_representative
2025-02-21,2025,False,no_representative_frozen_scl_gate_failed,,no_l2a_representative_for_date,,ACOLITE,rhos,0,not_eligible_no_frozen_l2a_representative
2025-02-24,2025,False,no_representative_frozen_scl_gate_failed,,no_l2a_representative_for_date,,ACOLITE,rhos,0,not_eligible_no_frozen_l2a_representative
2025-02-26,2025,False,no_representative_frozen_scl_gate_failed,,no_l2a_representative_for_date,,ACOLITE,rhos,0,not_eligible_no_frozen_l2a_representative
2025-03-01,2025,False,no_representative_frozen_scl_gate_failed,,no_l2a_representative_for_date,,ACOLITE,rhos,0,not_eligible_no_frozen_l2a_representative
2025-03-03,2025,False,no_representative_frozen_scl_gate_failed,,no_l2a_representative_for_date,,ACOLITE,rhos,0,not_eligible_no_frozen_l2a_representative
2025-03-06,2025,False,no_representative_frozen_scl_gate_failed,,no_l2a_representative_for_date,,ACOLITE,rhos,0,not_eligible_no_frozen_l2a_representative
2025-03-08,2025,False,no_representative_frozen_scl_gate_failed,,no_l2a_representative_for_date,,ACOLITE,rhos,0,not_eligible_no_frozen_l2a_representative
2025-03-11,2025,False,no_representative_frozen_scl_gate_failed,,no_l2a_representative_for_date,,ACOLITE,rhos,0,not_eligible_no_frozen_l2a_representative
2025-03-13,2025,False,no_representative_frozen_scl_gate_failed,,no_l2a_representative_for_date,,ACOLITE,rhos,0,not_eligible_no_frozen_l2a_representative
2025-03-15,2025,False,no_representative_frozen_scl_gate_failed,,no_l2a_representative_for_date,,ACOLITE,rhos,0,not_eligible_no_frozen_l2a_representative
2025-03-16,2025,False,no_representative_frozen_scl_gate_failed,,no_l2a_representative_for_date,,ACOLITE,rhos,0,not_eligible_no_frozen_l2a_representative
2025-03-18,2025,False,no_representative_frozen_scl_gate_failed,,no_l2a_representative_for_date,,ACOLITE,rhos,0,not_eligible_no_frozen_l2a_representative
2025-03-21,2025,True,frozen_representative,S2B_MSIL2A_20250321T101629_N0511_R065_T34VCM_20250321T160730,exact_unique,S2B_MSIL1C_20250321T101629_N0511_R065_T34VCM_20250321T153322,ACOLITE,rhos,1,eligible_exact_l1c_product_found
2025-03-23,2025,True,frozen_representative,S2C_MSIL2A_20250323T100711_N0511_R022_T34VCM_20250323T160703,exact_unique,S2C_MSIL1C_20250323T100711_N0511_R022_T34VCM_20250323T142452,ACOLITE,rhos,1,eligible_exact_l1c_product_found
2025-03-25,2025,False,no_representative_frozen_scl_gate_failed,,no_l2a_representative_for_date,,ACOLITE,rhos,0,not_eligible_no_frozen_l2a_representative
2025-03-26,2025,False,no_representative_frozen_scl_gate_failed,,no_l2a_representative_for_date,,ACOLITE,rhos,0,not_eligible_no_frozen_l2a_representative
2025-03-28,2025,True,frozen_representative,S2B_MSIL2A_20250328T100559_N0511_R022_T34VCM_20250328T122235,exact_unique,S2B_MSIL1C_20250328T100559_N0511_R022_T34VCM_20250328T120642,ACOLITE,rhos,1,eligible_exact_l1c_product_found
2025-03-31,2025,False,no_representative_frozen_scl_gate_failed,,no_l2a_representative_for_date,,ACOLITE,rhos,0,not_eligible_no_frozen_l2a_representative
2025-04-02,2025,False,no_representative_frozen_scl_gate_failed,,no_l2a_representative_for_date,,ACOLITE,rhos,0,not_eligible_no_frozen_l2a_representative
2025-04-04,2025,True,frozen_representative,S2A_MSIL2A_20250404T101041_N0511_R022_T34VCM_20250404T165218,exact_unique,S2A_MSIL1C_20250404T101041_N0511_R022_T34VCM_20250404T153020,ACOLITE,rhos,1,eligible_exact_l1c_product_found
2025-04-05,2025,False,no_representative_frozen_scl_gate_failed,,no_l2a_representative_for_date,,ACOLITE,rhos,0,not_eligible_no_frozen_l2a_representative
2025-04-07,2025,True,frozen_representative,S2B_MSIL2A_20250407T100559_N0511_R022_T34VCM_20250407T125834,exact_unique,S2B_MSIL1C_20250407T100559_N0511_R022_T34VCM_20250407T123602,ACOLITE,rhos,1,eligible_exact_l1c_product_found
2025-04-10,2025,False,no_representative_frozen_scl_gate_failed,,no_l2a_representative_for_date,,ACOLITE,rhos,0,not_eligible_no_frozen_l2a_representative
2025-04-12,2025,True,frozen_representative,S2C_MSIL2A_20250412T101041_N0511_R022_T34VCM_20250412T154117,exact_unique,S2C_MSIL1C_20250412T101041_N0511_R022_T34VCM_20250412T134850,ACOLITE,rhos,1,eligible_exact_l1c_product_found
2025-04-14,2025,True,frozen_representative,S2A_MSIL2A_20250414T100701_N0511_R022_T34VCM_20250414T172412,exact_unique,S2A_MSIL1C_20250414T100701_N0511_R022_T34VCM_20250414T153115,ACOLITE,rhos,1,eligible_exact_l1c_product_found
2025-04-15,2025,False,no_representative_frozen_scl_gate_failed,,no_l2a_representative_for_date,,ACOLITE,rhos,0,not_eligible_no_frozen_l2a_representative
2025-04-17,2025,False,no_representative_frozen_scl_gate_failed,,no_l2a_representative_for_date,,ACOLITE,rhos,0,not_eligible_no_frozen_l2a_representative
2025-04-20,2025,False,no_representative_frozen_scl_gate_failed,,no_l2a_representative_for_date,,ACOLITE,rhos,0,not_eligible_no_frozen_l2a_representative
2025-04-22,2025,False,no_representative_frozen_scl_gate_failed,,no_l2a_representative_for_date,,ACOLITE,rhos,0,not_eligible_no_frozen_l2a_representative
2025-04-24,2025,False,no_representative_frozen_scl_gate_failed,,no_l2a_representative_for_date,,ACOLITE,rhos,0,not_eligible_no_frozen_l2a_representative
2025-04-25,2025,False,no_representative_frozen_scl_gate_failed,,no_l2a_representative_for_date,,ACOLITE,rhos,0,not_eligible_no_frozen_l2a_representative
2025-04-27,2025,True,frozen_representative,S2B_MSIL2A_20250427T100559_N0511_R022_T34VCM_20250427T130507,exact_unique,S2B_MSIL1C_20250427T100559_N0511_R022_T34VCM_20250427T123603,ACOLITE,rhos,1,eligible_exact_l1c_product_found
2025-04-30,2025,False,no_representative_frozen_scl_gate_failed,,no_l2a_representative_for_date,,ACOLITE,rhos,0,not_eligible_no_frozen_l2a_representative
2025-05-02,2025,False,no_representative_frozen_scl_gate_failed,,no_l2a_representative_for_date,,ACOLITE,rhos,0,not_eligible_no_frozen_l2a_representative
2025-05-04,2025,True,frozen_representative,S2A_MSIL2A_20250504T100701_N0511_R022_T34VCM_20250504T171412,exact_unique,S2A_MSIL1C_20250504T100701_N0511_R022_T34VCM_20250504T152814,ACOLITE,rhos,1,eligible_exact_l1c_product_found
2025-05-05,2025,False,no_representative_frozen_scl_gate_failed,,no_l2a_representative_for_date,,ACOLITE,rhos,0,not_eligible_no_frozen_l2a_representative
2025-05-07,2025,True,frozen_representative,S2B_MSIL2A_20250507T100559_N0511_R022_T34VCM_20250507T125642,exact_unique,S2B_MSIL1C_20250507T100559_N0511_R022_T34VCM_20250507T123606,ACOLITE,rhos,1,eligible_exact_l1c_product_found
2025-05-10,2025,False,no_representative_frozen_scl_gate_failed,,no_l2a_representative_for_date,,ACOLITE,rhos,0,not_eligible_no_frozen_l2a_representative
2025-05-12,2025,True,frozen_representative,S2C_MSIL2A_20250512T100611_N0511_R022_T34VCM_20250512T173114,exact_unique,S2C_MSIL1C_20250512T100611_N0511_R022_T34VCM_20250512T152838,ACOLITE,rhos,1,eligible_exact_l1c_product_found
2025-05-14,2025,True,frozen_representative,S2A_MSIL2A_20250514T101041_N0511_R022_T34VCM_20250514T154511,exact_unique,S2A_MSIL1C_20250514T101041_N0511_R022_T34VCM_20250514T142711,ACOLITE,rhos,1,eligible_exact_l1c_product_found
2025-05-15,2025,True,frozen_representative,S2C_MSIL2A_20250515T101611_N0511_R065_T34VCM_20250515T154718,exact_unique,S2C_MSIL1C_20250515T101611_N0511_R065_T34VCM_20250515T140132,ACOLITE,rhos,1,eligible_exact_l1c_product_found
2025-05-17,2025,False,no_representative_frozen_scl_gate_failed,,no_l2a_representative_for_date,,ACOLITE,rhos,0,not_eligible_no_frozen_l2a_representative
2025-05-20,2025,True,frozen_representative,S2B_MSIL2A_20250520T101559_N0511_R065_T34VCM_20250520T130619,exact_unique,S2B_MSIL1C_20250520T101559_N0511_R065_T34VCM_20250520T124535,ACOLITE,rhos,1,eligible_exact_l1c_product_found
2025-05-22,2025,False,no_representative_frozen_scl_gate_failed,,no_l2a_representative_for_date,,ACOLITE,rhos,0,not_eligible_no_frozen_l2a_representative
2025-05-24,2025,False,no_representative_frozen_scl_gate_failed,,no_l2a_representative_for_date,,ACOLITE,rhos,0,not_eligible_no_frozen_l2a_representative
2025-05-25,2025,False,no_representative_frozen_scl_gate_failed,,no_l2a_representative_for_date,,ACOLITE,rhos,0,not_eligible_no_frozen_l2a_representative
2025-05-27,2025,True,frozen_representative,S2A_MSIL2A_20250527T102041_N0511_R065_T34VCM_20250527T165916,exact_unique,S2A_MSIL1C_20250527T102041_N0511_R065_T34VCM_20250527T153559,ACOLITE,rhos,1,eligible_exact_l1c_product_found
2025-05-30,2025,False,no_representative_frozen_scl_gate_failed,,no_l2a_representative_for_date,,ACOLITE,rhos,0,not_eligible_no_frozen_l2a_representative
2025-06-01,2025,True,frozen_representative,S2C_MSIL2A_20250601T101041_N0511_R022_T34VCM_20250601T142413,exact_unique,S2C_MSIL1C_20250601T101041_N0511_R022_T34VCM_20250601T124124,ACOLITE,rhos,1,eligible_exact_l1c_product_found
2025-06-03,2025,True,frozen_representative,S2A_MSIL2A_20250603T101041_N0511_R022_T34VCM_20250603T120411,exact_unique,S2A_MSIL1C_20250603T101041_N0511_R022_T34VCM_20250603T105730,ACOLITE,rhos,1,eligible_exact_l1c_product_found
2025-06-04,2025,False,no_representative_frozen_scl_gate_failed,,no_l2a_representative_for_date,,ACOLITE,rhos,0,not_eligible_no_frozen_l2a_representative
2025-06-06,2025,False,no_representative_frozen_scl_gate_failed,,no_l2a_representative_for_date,,ACOLITE,rhos,0,not_eligible_no_frozen_l2a_representative
2025-06-09,2025,False,no_representative_frozen_scl_gate_failed,,no_l2a_representative_for_date,,ACOLITE,rhos,0,not_eligible_no_frozen_l2a_representative
2025-06-11,2025,False,no_representative_frozen_scl_gate_failed,,no_l2a_representative_for_date,,ACOLITE,rhos,0,not_eligible_no_frozen_l2a_representative
2025-06-13,2025,False,no_representative_frozen_scl_gate_failed,,no_l2a_representative_for_date,,ACOLITE,rhos,0,not_eligible_no_frozen_l2a_representative
2025-06-14,2025,True,frozen_representative,S2C_MSIL2A_20250614T101621_N0511_R065_T34VCM_20250614T142405,exact_unique,S2C_MSIL1C_20250614T101621_N0511_R065_T34VCM_20250614T124536,ACOLITE,rhos,1,eligible_exact_l1c_product_found
2025-06-16,2025,False,no_representative_frozen_scl_gate_failed,,no_l2a_representative_for_date,,ACOLITE,rhos,0,not_eligible_no_frozen_l2a_representative
2025-06-19,2025,False,no_representative_frozen_scl_gate_failed,,no_l2a_representative_for_date,,ACOLITE,rhos,0,not_eligible_no_frozen_l2a_representative
2025-06-21,2025,False,no_representative_frozen_scl_gate_failed,,no_l2a_representative_for_date,,ACOLITE,rhos,0,not_eligible_no_frozen_l2a_representative
2025-06-23,2025,False,no_representative_frozen_scl_gate_failed,,no_l2a_representative_for_date,,ACOLITE,rhos,0,not_eligible_no_frozen_l2a_representative
2025-06-24,2025,False,no_representative_frozen_scl_gate_failed,,no_l2a_representative_for_date,,ACOLITE,rhos,0,not_eligible_no_frozen_l2a_representative
2025-06-26,2025,True,frozen_representative,S2B_MSIL2A_20250626T100559_N0511_R022_T34VCM_20250626T130127,exact_unique,S2B_MSIL1C_20250626T100559_N0511_R022_T34VCM_20250626T123609,ACOLITE,rhos,1,eligible_exact_l1c_product_found
2025-07-01,2025,False,no_representative_frozen_scl_gate_failed,,no_l2a_representative_for_date,,ACOLITE,rhos,0,not_eligible_no_frozen_l2a_representative
2025-07-03,2025,True,frozen_representative,S2A_MSIL2A_20250703T100711_N0511_R022_T34VCM_20250703T120917,exact_unique,S2A_MSIL1C_20250703T100711_N0511_R022_T34VCM_20250703T105812,ACOLITE,rhos,1,eligible_exact_l1c_product_found
2025-07-04,2025,True,frozen_representative,S2C_MSIL2A_20250704T102041_N0511_R065_T34VCM_20250704T153115,exact_unique,S2C_MSIL1C_20250704T102041_N0511_R065_T34VCM_20250704T140054,ACOLITE,rhos,1,eligible_exact_l1c_product_found
2025-07-06,2025,False,no_representative_frozen_scl_gate_failed,,no_l2a_representative_for_date,,ACOLITE,rhos,0,not_eligible_no_frozen_l2a_representative
2025-07-09,2025,True,frozen_representative,S2B_MSIL2A_20250709T101559_N0511_R065_T34VCM_20250709T155807,exact_unique,S2B_MSIL1C_20250709T101559_N0511_R065_T34VCM_20250709T153510,ACOLITE,rhos,1,eligible_exact_l1c_product_found
2025-07-11,2025,False,no_representative_frozen_scl_gate_failed,,no_l2a_representative_for_date,,ACOLITE,rhos,0,not_eligible_no_frozen_l2a_representative
2025-07-13,2025,False,no_representative_frozen_scl_gate_failed,,no_l2a_representative_for_date,,ACOLITE,rhos,0,not_eligible_no_frozen_l2a_representative
2025-07-14,2025,False,no_representative_frozen_scl_gate_failed,,no_l2a_representative_for_date,,ACOLITE,rhos,0,not_eligible_no_frozen_l2a_representative
2025-07-16,2025,True,frozen_representative,S2B_MSIL2A_20250716T100559_N0511_R022_T34VCM_20250716T124455,exact_unique,S2B_MSIL1C_20250716T100559_N0511_R022_T34VCM_20250716T122002,ACOLITE,rhos,1,eligible_exact_l1c_product_found
2025-07-19,2025,True,frozen_representative,S2B_MSIL2A_20250719T101559_N0511_R065_T34VCM_20250719T130235,exact_unique,S2B_MSIL1C_20250719T101559_N0511_R065_T34VCM_20250719T123330,ACOLITE,rhos,1,eligible_exact_l1c_product_found
2025-07-21,2025,True,frozen_representative,S2C_MSIL2A_20250721T101051_N0511_R022_T34VCM_20250721T152330,exact_unique,S2C_MSIL1C_20250721T101051_N0511_R022_T34VCM_20250721T134947,ACOLITE,rhos,1,eligible_exact_l1c_product_found
2025-07-23,2025,True,frozen_representative,S2A_MSIL2A_20250723T100711_N0511_R022_T34VCM_20250723T135913,exact_unique,S2A_MSIL1C_20250723T100711_N0511_R022_T34VCM_20250723T124234,ACOLITE,rhos,1,eligible_exact_l1c_product_found
2025-07-24,2025,True,frozen_representative,S2C_MSIL2A_20250724T102041_N0511_R065_T34VCM_20250724T152814,exact_unique,S2C_MSIL1C_20250724T102041_N0511_R065_T34VCM_20250724T135905,ACOLITE,rhos,1,eligible_exact_l1c_product_found
2025-07-26,2025,True,frozen_representative,S2B_MSIL2A_20250726T100559_N0511_R022_T34VCM_20250726T122650,exact_unique,S2B_MSIL1C_20250726T100559_N0511_R022_T34VCM_20250726T120532,ACOLITE,rhos,1,eligible_exact_l1c_product_found
2025-07-29,2025,False,no_representative_frozen_scl_gate_failed,,no_l2a_representative_for_date,,ACOLITE,rhos,0,not_eligible_no_frozen_l2a_representative
2025-07-31,2025,False,no_representative_frozen_scl_gate_failed,,no_l2a_representative_for_date,,ACOLITE,rhos,0,not_eligible_no_frozen_l2a_representative
2025-08-02,2025,True,frozen_representative,S2A_MSIL2A_20250802T101041_N0511_R022_T34VCM_20250802T140417,exact_unique,S2A_MSIL1C_20250802T101041_N0511_R022_T34VCM_20250802T124343,ACOLITE,rhos,1,eligible_exact_l1c_product_found
2025-08-03,2025,False,no_representative_frozen_scl_gate_failed,,no_l2a_representative_for_date,,ACOLITE,rhos,0,not_eligible_no_frozen_l2a_representative
2025-08-05,2025,True,frozen_representative,S2B_MSIL2A_20250805T100559_N0511_R022_T34VCM_20250805T141708,exact_unique,S2B_MSIL1C_20250805T100559_N0511_R022_T34VCM_20250805T134518,ACOLITE,rhos,1,eligible_exact_l1c_product_found
2025-08-08,2025,False,no_representative_frozen_scl_gate_failed,,no_l2a_representative_for_date,,ACOLITE,rhos,0,not_eligible_no_frozen_l2a_representative
2025-08-12,2025,True,frozen_representative,S2A_MSIL2A_20250812T100701_N0511_R022_T34VCM_20250812T121415,exact_unique,S2A_MSIL1C_20250812T100701_N0511_R022_T34VCM_20250812T103126,ACOLITE,rhos,1,eligible_exact_l1c_product_found
2025-08-13,2025,False,no_representative_frozen_scl_gate_failed,,no_l2a_representative_for_date,,ACOLITE,rhos,0,not_eligible_no_frozen_l2a_representative
2025-08-15,2025,True,frozen_representative,S2B_MSIL2A_20250815T100559_N0511_R022_T34VCM_20250815T122915,exact_unique,S2B_MSIL1C_20250815T100559_N0511_R022_T34VCM_20250815T120541,ACOLITE,rhos,1,eligible_exact_l1c_product_found
2025-08-18,2025,True,frozen_representative,S2B_MSIL2A_20250818T101559_N0511_R065_T34VCM_20250818T125628,exact_unique,S2B_MSIL1C_20250818T101559_N0511_R065_T34VCM_20250818T123519,ACOLITE,rhos,1,eligible_exact_l1c_product_found
2025-08-20,2025,False,no_representative_frozen_scl_gate_failed,,no_l2a_representative_for_date,,ACOLITE,rhos,0,not_eligible_no_frozen_l2a_representative
2025-08-22,2025,False,no_representative_frozen_scl_gate_failed,,no_l2a_representative_for_date,,ACOLITE,rhos,0,not_eligible_no_frozen_l2a_representative
2025-08-23,2025,False,no_representative_frozen_scl_gate_failed,,no_l2a_representative_for_date,,ACOLITE,rhos,0,not_eligible_no_frozen_l2a_representative
2025-08-25,2025,False,no_representative_frozen_scl_gate_failed,,no_l2a_representative_for_date,,ACOLITE,rhos,0,not_eligible_no_frozen_l2a_representative
2025-08-28,2025,True,frozen_representative,S2B_MSIL2A_20250828T101559_N0511_R065_T34VCM_20250828T130342,exact_unique,S2B_MSIL1C_20250828T101559_N0511_R065_T34VCM_20250828T123500,ACOLITE,rhos,1,eligible_exact_l1c_product_found
2025-08-30,2025,False,no_representative_frozen_scl_gate_failed,,no_l2a_representative_for_date,,ACOLITE,rhos,0,not_eligible_no_frozen_l2a_representative
2025-09-01,2025,False,no_representative_frozen_scl_gate_failed,,no_l2a_representative_for_date,,ACOLITE,rhos,0,not_eligible_no_frozen_l2a_representative
2025-09-02,2025,False,no_representative_frozen_scl_gate_failed,,no_l2a_representative_for_date,,ACOLITE,rhos,0,not_eligible_no_frozen_l2a_representative
2025-09-04,2025,True,frozen_representative,S2A_MSIL2A_20250904T102041_N0511_R065_T34VCM_20250904T121100,exact_unique,S2A_MSIL1C_20250904T102041_N0511_R065_T34VCM_20250904T104314,ACOLITE,rhos,1,eligible_exact_l1c_product_found
2025-09-07,2025,True,frozen_representative,S2B_MSIL2A_20250907T101559_N0511_R065_T34VCM_20250907T142103,exact_unique,S2B_MSIL1C_20250907T101559_N0511_R065_T34VCM_20250907T135457,ACOLITE,rhos,1,eligible_exact_l1c_product_found
2025-09-11,2025,False,no_representative_frozen_scl_gate_failed,,no_l2a_representative_for_date,,ACOLITE,rhos,0,not_eligible_no_frozen_l2a_representative
2025-09-12,2025,True,frozen_representative,S2C_MSIL2A_20250912T101641_N0511_R065_T34VCM_20250912T152814,exact_unique,S2C_MSIL1C_20250912T101641_N0511_R065_T34VCM_20250912T135921,ACOLITE,rhos,1,eligible_exact_l1c_product_found
2025-09-14,2025,False,no_representative_frozen_scl_gate_failed,,no_l2a_representative_for_date,,ACOLITE,rhos,0,not_eligible_no_frozen_l2a_representative
2025-09-17,2025,False,no_representative_frozen_scl_gate_failed,,no_l2a_representative_for_date,,ACOLITE,rhos,0,not_eligible_no_frozen_l2a_representative
2025-09-19,2025,True,frozen_representative,S2C_MSIL2A_20250919T101041_N0511_R022_T34VCM_20250919T150924,exact_unique,S2C_MSIL1C_20250919T101041_N0511_R022_T34VCM_20250919T134957,ACOLITE,rhos,1,eligible_exact_l1c_product_found
2025-09-21,2025,False,no_representative_frozen_scl_gate_failed,,no_l2a_representative_for_date,,ACOLITE,rhos,0,not_eligible_no_frozen_l2a_representative
2025-09-22,2025,True,frozen_representative,S2C_MSIL2A_20250922T101741_N0511_R065_T34VCM_20250922T155314,exact_unique,S2C_MSIL1C_20250922T101741_N0511_R065_T34VCM_20250922T143225,ACOLITE,rhos,1,eligible_exact_l1c_product_found
2025-09-24,2025,False,no_representative_frozen_scl_gate_failed,,no_l2a_representative_for_date,,ACOLITE,rhos,0,not_eligible_no_frozen_l2a_representative
2025-09-27,2025,True,frozen_representative,S2B_MSIL2A_20250927T101709_N0511_R065_T34VCM_20250927T141318,exact_unique,S2B_MSIL1C_20250927T101709_N0511_R065_T34VCM_20250927T135509,ACOLITE,rhos,1,eligible_exact_l1c_product_found
2025-09-29,2025,False,no_representative_frozen_scl_gate_failed,,no_l2a_representative_for_date,,ACOLITE,rhos,0,not_eligible_no_frozen_l2a_representative
2025-10-02,2025,False,no_representative_frozen_scl_gate_failed,,no_l2a_representative_for_date,,ACOLITE,rhos,0,not_eligible_no_frozen_l2a_representative
2025-10-04,2025,False,no_representative_frozen_scl_gate_failed,,no_l2a_representative_for_date,,ACOLITE,rhos,0,not_eligible_no_frozen_l2a_representative
2025-10-07,2025,False,no_representative_frozen_scl_gate_failed,,no_l2a_representative_for_date,,ACOLITE,rhos,0,not_eligible_no_frozen_l2a_representative
2025-10-09,2025,True,frozen_representative,S2C_MSIL2A_20251009T100941_N0511_R022_T34VCM_20251009T170113,exact_unique,S2C_MSIL1C_20251009T100941_N0511_R022_T34VCM_20251009T152949,ACOLITE,rhos,1,eligible_exact_l1c_product_found
2025-10-11,2025,True,frozen_representative,S2A_MSIL2A_20251011T100951_N0511_R022_T34VCM_20251011T120013,exact_unique,S2A_MSIL1C_20251011T100951_N0511_R022_T34VCM_20251011T102927,ACOLITE,rhos,1,eligible_exact_l1c_product_found
2025-10-12,2025,False,no_representative_frozen_scl_gate_failed,,no_l2a_representative_for_date,,ACOLITE,rhos,0,not_eligible_no_frozen_l2a_representative
2025-10-14,2025,False,no_representative_frozen_scl_gate_failed,,no_l2a_representative_for_date,,ACOLITE,rhos,0,not_eligible_no_frozen_l2a_representative
2025-10-17,2025,True,frozen_representative,S2B_MSIL2A_20251017T101929_N0511_R065_T34VCM_20251017T125110,exact_unique,S2B_MSIL1C_20251017T101929_N0511_R065_T34VCM_20251017T123415,ACOLITE,rhos,1,eligible_exact_l1c_product_found
2025-10-19,2025,True,frozen_representative,S2C_MSIL2A_20251019T101041_N0511_R022_T34VCM_20251019T170018,exact_unique,S2C_MSIL1C_20251019T101041_N0511_R022_T34VCM_20251019T152831,ACOLITE,rhos,1,eligible_exact_l1c_product_found
2025-10-21,2025,False,no_representative_frozen_scl_gate_failed,,no_l2a_representative_for_date,,ACOLITE,rhos,0,not_eligible_no_frozen_l2a_representative
2025-10-22,2025,False,no_representative_frozen_scl_gate_failed,,no_l2a_representative_for_date,,ACOLITE,rhos,0,not_eligible_no_frozen_l2a_representative
2025-10-24,2025,False,no_representative_frozen_scl_gate_failed,,no_l2a_representative_for_date,,ACOLITE,rhos,0,not_eligible_no_frozen_l2a_representative
2025-10-27,2025,False,no_representative_frozen_scl_gate_failed,,no_l2a_representative_for_date,,ACOLITE,rhos,0,not_eligible_no_frozen_l2a_representative
2025-10-29,2025,False,no_representative_frozen_scl_gate_failed,,no_l2a_representative_for_date,,ACOLITE,rhos,0,not_eligible_no_frozen_l2a_representative
2025-10-31,2025,False,no_representative_frozen_scl_gate_failed,,no_l2a_representative_for_date,,ACOLITE,rhos,0,not_eligible_no_frozen_l2a_representative
2025-11-01,2025,False,no_representative_frozen_scl_gate_failed,,no_l2a_representative_for_date,,ACOLITE,rhos,0,not_eligible_no_frozen_l2a_representative
2025-11-03,2025,True,frozen_representative,S2B_MSIL2A_20251103T101109_N0511_R022_T34VCM_20251103T122031,exact_unique,S2B_MSIL1C_20251103T101109_N0511_R022_T34VCM_20251103T120648,ACOLITE,rhos,1,eligible_exact_l1c_product_found
2025-11-06,2025,False,no_representative_frozen_scl_gate_failed,,no_l2a_representative_for_date,,ACOLITE,rhos,0,not_eligible_no_frozen_l2a_representative
2025-11-08,2025,False,no_representative_frozen_scl_gate_failed,,no_l2a_representative_for_date,,ACOLITE,rhos,0,not_eligible_no_frozen_l2a_representative
2025-11-10,2025,False,no_representative_frozen_scl_gate_failed,,no_l2a_representative_for_date,,ACOLITE,rhos,0,not_eligible_no_frozen_l2a_representative
2025-11-11,2025,False,no_representative_frozen_scl_gate_failed,,no_l2a_representative_for_date,,ACOLITE,rhos,0,not_eligible_no_frozen_l2a_representative
2025-11-13,2025,False,no_representative_frozen_scl_gate_failed,,no_l2a_representative_for_date,,ACOLITE,rhos,0,not_eligible_no_frozen_l2a_representative
2025-11-16,2025,True,frozen_representative,S2B_MSIL2A_20251116T102219_N0511_R065_T34VCM_20251116T125013,exact_unique,S2B_MSIL1C_20251116T102219_N0511_R065_T34VCM_20251116T123250,ACOLITE,rhos,1,eligible_exact_l1c_product_found
2025-11-18,2025,False,no_representative_frozen_scl_gate_failed,,no_l2a_representative_for_date,,ACOLITE,rhos,0,not_eligible_no_frozen_l2a_representative
2025-11-20,2025,True,frozen_representative,S2A_MSIL2A_20251120T101341_N0511_R022_T34VCM_20251120T113909,exact_unique,S2A_MSIL1C_20251120T101341_N0511_R022_T34VCM_20251120T102705,ACOLITE,rhos,1,eligible_exact_l1c_product_found
2025-11-21,2025,False,no_representative_frozen_scl_gate_failed,,no_l2a_representative_for_date,,ACOLITE,rhos,0,not_eligible_no_frozen_l2a_representative
2025-11-23,2025,False,no_representative_frozen_scl_gate_failed,,no_l2a_representative_for_date,,ACOLITE,rhos,0,not_eligible_no_frozen_l2a_representative
2025-11-26,2025,True,frozen_representative,S2B_MSIL2A_20251126T102249_N0511_R065_T34VCM_20251126T125827,exact_unique,S2B_MSIL1C_20251126T102249_N0511_R065_T34VCM_20251126T123657,ACOLITE,rhos,1,eligible_exact_l1c_product_found
2025-11-28,2025,False,no_representative_frozen_scl_gate_failed,,no_l2a_representative_for_date,,ACOLITE,rhos,0,not_eligible_no_frozen_l2a_representative
2025-11-30,2025,False,no_representative_frozen_scl_gate_failed,,no_l2a_representative_for_date,,ACOLITE,rhos,0,not_eligible_no_frozen_l2a_representative
