date,year,doy,CHLF,PRESENCE_ICE,ice_flag,open_water,measurement_regime,reference_value_available,s2_inventory_date,s2_date_usable,n_products_on_date,n_products_passing,selected_product_id,selected_platform,selected_acquisition_datetime,selected_processing_baseline,selected_central_scl,selected_water_pixel_count_3x3,selected_bad_pixel_count_3x3,selected_persistent_nonwater_pixel_count_3x3,selected_class2_pixel_count_3x3,selected_water_fraction_3x3,selected_bad_scl_fraction_3x3,qc_rule_id,mask_version,s2_openwater_reference_candidate
2019-04-17,2019,107,4.89651,0,0,True,pre_2023,True,True,True,1,1,S2A_MSIL2A_20190417T102031_N0500_R065_T34VCM_20221023T092125,S2A,2019-04-17T10:20:31Z,N0500,6,9,0,0,0,1,0,scl3x3_b1_w8_centernotbad_p0_class2zero_v1,erken_s2_observation_mask_v1,True
2019-04-18,2019,108,6.32,0,0,True,pre_2023,True,False,False,,,,,,,,,,,,,,,,False
2019-04-19,2019,109,4.95,0,0,True,pre_2023,True,True,False,1,0,,,,,,,,,,,,scl3x3_b1_w8_centernotbad_p0_class2zero_v1,erken_s2_observation_mask_v1,False
2019-04-20,2019,110,4.07,0,0,True,pre_2023,True,False,False,,,,,,,,,,,,,,,,False
2019-04-21,2019,111,4.09,0,0,True,pre_2023,True,False,False,,,,,,,,,,,,,,,,False
2019-04-22,2019,112,3.94,0,0,True,pre_2023,True,True,True,1,1,S2B_MSIL2A_20190422T102029_N0500_R065_T34VCM_20221024T121833,S2B,2019-04-22T10:20:29Z,N0500,6,9,0,0,0,1,0,scl3x3_b1_w8_centernotbad_p0_class2zero_v1,erken_s2_observation_mask_v1,True
2019-04-23,2019,113,4.4,0,0,True,pre_2023,True,False,False,,,,,,,,,,,,,,,,False
2019-04-24,2019,114,1.9497,0,0,True,pre_2023,True,True,True,1,1,S2A_MSIL2A_20190424T101031_N0500_R022_T34VCM_20221025T062127,S2A,2019-04-24T10:10:31Z,N0500,6,9,0,0,0,1,0,scl3x3_b1_w8_centernotbad_p0_class2zero_v1,erken_s2_observation_mask_v1,True
2019-04-25,2019,115,2.10535,0,0,True,pre_2023,True,False,False,,,,,,,,,,,,,,,,False
2019-04-26,2019,116,2.56001,0,0,True,pre_2023,True,False,False,,,,,,,,,,,,,,,,False
2019-04-27,2019,117,2.29786,0,0,True,pre_2023,True,True,True,1,1,S2A_MSIL2A_20190427T102031_N0500_R065_T34VCM_20221110T101345,S2A,2019-04-27T10:20:31Z,N0500,6,9,0,0,0,1,0,scl3x3_b1_w8_centernotbad_p0_class2zero_v1,erken_s2_observation_mask_v1,True
2019-04-28,2019,118,2.71565,0,0,True,pre_2023,True,False,False,,,,,,,,,,,,,,,,False
2019-04-29,2019,119,2.89997,0,0,True,pre_2023,True,True,True,1,1,S2B_MSIL2A_20190429T101029_N0500_R022_T34VCM_20221101T154544,S2B,2019-04-29T10:10:29Z,N0500,6,9,0,0,0,1,0,scl3x3_b1_w8_centernotbad_p0_class2zero_v1,erken_s2_observation_mask_v1,True
2019-04-30,2019,120,1.86066,0,0,True,pre_2023,True,False,False,,,,,,,,,,,,,,,,False
2019-05-01,2019,121,1.95101,0,0,True,pre_2023,True,False,False,,,,,,,,,,,,,,,,False
2019-05-02,2019,122,1.78985,0,0,True,pre_2023,True,True,False,1,0,,,,,,,,,,,,scl3x3_b1_w8_centernotbad_p0_class2zero_v1,erken_s2_observation_mask_v1,False
2019-05-03,2019,123,1.63357,0,0,True,pre_2023,True,False,False,,,,,,,,,,,,,,,,False
2019-05-04,2019,124,1.5652,0,0,True,pre_2023,True,True,False,1,0,,,,,,,,,,,,scl3x3_b1_w8_centernotbad_p0_class2zero_v1,erken_s2_observation_mask_v1,False
2019-05-05,2019,125,1.50904,0,0,True,pre_2023,True,False,False,,,,,,,,,,,,,,,,False
2019-05-06,2019,126,1.4016,0,0,True,pre_2023,True,False,False,,,,,,,,,,,,,,,,False
2019-05-07,2019,127,1.95345,0,0,True,pre_2023,True,True,False,1,0,,,,,,,,,,,,scl3x3_b1_w8_centernotbad_p0_class2zero_v1,erken_s2_observation_mask_v1,False
2019-05-08,2019,128,1.78077,0,0,True,pre_2023,True,False,False,,,,,,,,,,,,,,,,False
2019-05-09,2019,129,1.83473,0,0,True,pre_2023,True,True,False,1,0,,,,,,,,,,,,scl3x3_b1_w8_centernotbad_p0_class2zero_v1,erken_s2_observation_mask_v1,False
2019-05-10,2019,130,1.8851,0,0,True,pre_2023,True,False,False,,,,,,,,,,,,,,,,False
2019-05-11,2019,131,1.98223,0,0,True,pre_2023,True,False,False,,,,,,,,,,,,,,,,False
2019-05-12,2019,132,1.82754,0,0,True,pre_2023,True,True,False,1,0,,,,,,,,,,,,scl3x3_b1_w8_centernotbad_p0_class2zero_v1,erken_s2_observation_mask_v1,False
2019-05-13,2019,133,1.88869,0,0,True,pre_2023,True,False,False,,,,,,,,,,,,,,,,False
2019-05-14,2019,134,2.04339,0,0,True,pre_2023,True,True,False,1,0,,,,,,,,,,,,scl3x3_b1_w8_centernotbad_p0_class2zero_v1,erken_s2_observation_mask_v1,False
2019-05-15,2019,135,2.25204,0,0,True,pre_2023,True,False,False,,,,,,,,,,,,,,,,False
2019-05-16,2019,136,2.39235,0,0,True,pre_2023,True,False,False,,,,,,,,,,,,,,,,False
2019-05-17,2019,137,2.24125,0,0,True,pre_2023,True,True,True,1,1,S2A_MSIL2A_20190517T102031_N0500_R065_T34VCM_20221204T165718,S2A,2019-05-17T10:20:31Z,N0500,6,9,0,0,0,1,0,scl3x3_b1_w8_centernotbad_p0_class2zero_v1,erken_s2_observation_mask_v1,True
2019-05-18,2019,138,2.01821,0,0,True,pre_2023,True,False,False,,,,,,,,,,,,,,,,False
2019-05-19,2019,139,1.82034,0,0,True,pre_2023,True,True,False,1,0,,,,,,,,,,,,scl3x3_b1_w8_centernotbad_p0_class2zero_v1,erken_s2_observation_mask_v1,False
2019-05-20,2019,140,1.64047,0,0,True,pre_2023,True,False,False,,,,,,,,,,,,,,,,False
2019-05-21,2019,141,1.46394,0,0,True,pre_2023,True,False,False,,,,,,,,,,,,,,,,False
2019-05-22,2019,142,1.23321,0,0,True,pre_2023,True,False,False,,,,,,,,,,,,,,,,False
2019-05-23,2019,143,0.783685,0,0,True,pre_2023,True,False,False,,,,,,,,,,,,,,,,False
2019-05-24,2019,144,0.624561,0,0,True,pre_2023,True,True,False,1,0,,,,,,,,,,,,scl3x3_b1_w8_centernotbad_p0_class2zero_v1,erken_s2_observation_mask_v1,False
2019-05-25,2019,145,0.771751,0,0,True,pre_2023,True,False,False,,,,,,,,,,,,,,,,False
2019-05-26,2019,146,0.81551,0,0,True,pre_2023,True,False,False,,,,,,,,,,,,,,,,False
2019-05-27,2019,147,0.807554,0,0,True,pre_2023,True,True,False,1,0,,,,,,,,,,,,scl3x3_b1_w8_centernotbad_p0_class2zero_v1,erken_s2_observation_mask_v1,False
2019-05-28,2019,148,1.35801,0,0,True,pre_2023,True,False,False,,,,,,,,,,,,,,,,False
2019-05-29,2019,149,1.14049,0,0,True,pre_2023,True,True,True,1,1,S2B_MSIL2A_20190529T101039_N0500_R022_T34VCM_20221213T045958,S2B,2019-05-29T10:10:39Z,N0500,6,9,0,0,0,1,0,scl3x3_b1_w8_centernotbad_p0_class2zero_v1,erken_s2_observation_mask_v1,True
2019-05-30,2019,150,1.24631,0,0,True,pre_2023,True,False,False,,,,,,,,,,,,,,,,False
2019-05-31,2019,151,1.19928,0,0,True,pre_2023,True,False,False,,,,,,,,,,,,,,,,False
2019-06-01,2019,152,1.35801,0,0,True,pre_2023,True,True,False,1,0,,,,,,,,,,,,scl3x3_b1_w8_centernotbad_p0_class2zero_v1,erken_s2_observation_mask_v1,False
2019-06-02,2019,153,1.36977,0,0,True,pre_2023,True,False,False,,,,,,,,,,,,,,,,False
2019-06-03,2019,154,1.62256,0,0,True,pre_2023,True,True,False,1,0,,,,,,,,,,,,scl3x3_b1_w8_centernotbad_p0_class2zero_v1,erken_s2_observation_mask_v1,False
2019-06-04,2019,155,1.75545,0,0,True,pre_2023,True,False,False,,,,,,,,,,,,,,,,False
2019-06-05,2019,156,1.49828,0,0,True,pre_2023,True,False,False,,,,,,,,,,,,,,,,False
2019-06-06,2019,157,1.57096,0,0,True,pre_2023,True,True,True,1,1,S2A_MSIL2A_20190606T102031_N0500_R065_T34VCM_20230605T110741,S2A,2019-06-06T10:20:31Z,N0500,6,9,0,0,0,1,0,scl3x3_b1_w8_centernotbad_p0_class2zero_v1,erken_s2_observation_mask_v1,True
2019-06-07,2019,158,2.22506,0,0,True,pre_2023,True,False,False,,,,,,,,,,,,,,,,False
2019-06-08,2019,159,1.46474,0,0,True,pre_2023,True,True,True,1,1,S2B_MSIL2A_20190608T101029_N0500_R022_T34VCM_20230626T160325,S2B,2019-06-08T10:10:29Z,N0500,6,9,0,0,0,1,0,scl3x3_b1_w8_centernotbad_p0_class2zero_v1,erken_s2_observation_mask_v1,True
2019-06-09,2019,160,1.03985,0,0,True,pre_2023,True,False,False,,,,,,,,,,,,,,,,False
2019-06-10,2019,161,1.05662,0,0,True,pre_2023,True,False,False,,,,,,,,,,,,,,,,False
2019-06-11,2019,162,1.16844,0,0,True,pre_2023,True,True,False,1,0,,,,,,,,,,,,scl3x3_b1_w8_centernotbad_p0_class2zero_v1,erken_s2_observation_mask_v1,False
2019-06-12,2019,163,1.66338,0,0,True,pre_2023,True,False,False,,,,,,,,,,,,,,,,False
2019-06-13,2019,164,1.5413,0,0,True,pre_2023,True,True,False,1,0,,,,,,,,,,,,scl3x3_b1_w8_centernotbad_p0_class2zero_v1,erken_s2_observation_mask_v1,False
2019-06-14,2019,165,1.35817,0,0,True,pre_2023,True,False,False,,,,,,,,,,,,,,,,False
2019-06-15,2019,166,1.66338,0,0,True,pre_2023,True,False,False,,,,,,,,,,,,,,,,False
2019-06-16,2019,167,1.32002,0,0,True,pre_2023,True,True,False,1,0,,,,,,,,,,,,scl3x3_b1_w8_centernotbad_p0_class2zero_v1,erken_s2_observation_mask_v1,False
2019-06-17,2019,168,1.72442,0,0,True,pre_2023,True,False,False,,,,,,,,,,,,,,,,False
2019-06-18,2019,169,3.2976,0,0,True,pre_2023,True,True,True,1,1,S2B_MSIL2A_20190618T101029_N0500_R022_T34VCM_20230805T164433,S2B,2019-06-18T10:10:29Z,N0500,6,9,0,0,0,1,0,scl3x3_b1_w8_centernotbad_p0_class2zero_v1,erken_s2_observation_mask_v1,True
2019-06-19,2019,170,3.16245,0,0,True,pre_2023,True,False,False,,,,,,,,,,,,,,,,False
2019-06-20,2019,171,3.06785,0,0,True,pre_2023,True,False,False,,,,,,,,,,,,,,,,False
2019-06-21,2019,172,2.59483,0,0,True,pre_2023,True,True,False,1,0,,,,,,,,,,,,scl3x3_b1_w8_centernotbad_p0_class2zero_v1,erken_s2_observation_mask_v1,False
2019-06-22,2019,173,2.5678,0,0,True,pre_2023,True,False,False,,,,,,,,,,,,,,,,False
2019-06-23,2019,174,3.08136,0,0,True,pre_2023,True,True,False,1,0,,,,,,,,,,,,scl3x3_b1_w8_centernotbad_p0_class2zero_v1,erken_s2_observation_mask_v1,False
2019-06-24,2019,175,2.55429,0,0,True,pre_2023,True,False,False,,,,,,,,,,,,,,,,False
2019-06-25,2019,176,2.79351,0,0,True,pre_2023,True,False,False,,,,,,,,,,,,,,,,False
2019-06-26,2019,177,2.41826,0,0,True,pre_2023,True,True,False,1,0,,,,,,,,,,,,scl3x3_b1_w8_centernotbad_p0_class2zero_v1,erken_s2_observation_mask_v1,False
2019-06-27,2019,178,2.43911,0,0,True,pre_2023,True,False,False,,,,,,,,,,,,,,,,False
2019-06-28,2019,179,1.89709,0,0,True,pre_2023,True,True,True,1,1,S2B_MSIL2A_20190628T101039_N0500_R022_T34VCM_20221222T110427,S2B,2019-06-28T10:10:39Z,N0500,6,9,0,0,0,1,0,scl3x3_b1_w8_centernotbad_p0_class2zero_v1,erken_s2_observation_mask_v1,True
2019-06-29,2019,180,3.4085,0,0,True,pre_2023,True,False,False,,,,,,,,,,,,,,,,False
2019-06-30,2019,181,3.49189,0,0,True,pre_2023,True,False,False,,,,,,,,,,,,,,,,False
2019-07-01,2019,182,8.60633,0,0,True,pre_2023,True,True,False,1,0,,,,,,,,,,,,scl3x3_b1_w8_centernotbad_p0_class2zero_v1,erken_s2_observation_mask_v1,False
2019-07-02,2019,183,2.47038,0,0,True,pre_2023,True,False,False,,,,,,,,,,,,,,,,False
2019-07-03,2019,184,10.0777,0,0,True,pre_2023,True,True,False,1,0,,,,,,,,,,,,scl3x3_b1_w8_centernotbad_p0_class2zero_v1,erken_s2_observation_mask_v1,False
2019-07-04,2019,185,9.5451,0,0,True,pre_2023,True,False,False,,,,,,,,,,,,,,,,False
2019-07-05,2019,186,8.02936,0,0,True,pre_2023,True,False,False,,,,,,,,,,,,,,,,False
2019-07-06,2019,187,8.35708,0,0,True,pre_2023,True,True,False,1,0,,,,,,,,,,,,scl3x3_b1_w8_centernotbad_p0_class2zero_v1,erken_s2_observation_mask_v1,False
2019-07-07,2019,188,7.61969,0,0,True,pre_2023,True,False,False,,,,,,,,,,,,,,,,False
2019-07-08,2019,189,9.13544,0,0,True,pre_2023,True,True,False,1,0,,,,,,,,,,,,scl3x3_b1_w8_centernotbad_p0_class2zero_v1,erken_s2_observation_mask_v1,False
2019-07-09,2019,190,4.62717,0,0,True,pre_2023,True,False,False,,,,,,,,,,,,,,,,False
2019-07-10,2019,191,4.3254,0,0,True,pre_2023,True,False,False,,,,,,,,,,,,,,,,False
2019-07-11,2019,192,5.79402,0,0,True,pre_2023,True,True,True,1,1,S2B_MSIL2A_20190711T102029_N0500_R065_T34VCM_20230716T055255,S2B,2019-07-11T10:20:29Z,N0500,6,9,0,0,0,1,0,scl3x3_b1_w8_centernotbad_p0_class2zero_v1,erken_s2_observation_mask_v1,True
2019-07-12,2019,193,6.61886,0,0,True,pre_2023,True,False,False,,,,,,,,,,,,,,,,False
2019-07-13,2019,194,6.86028,0,0,True,pre_2023,True,True,False,1,0,,,,,,,,,,,,scl3x3_b1_w8_centernotbad_p0_class2zero_v1,erken_s2_observation_mask_v1,False
2019-07-14,2019,195,8.10761,0,0,True,pre_2023,True,False,False,,,,,,,,,,,,,,,,False
2019-07-15,2019,196,9.37505,0,0,True,pre_2023,True,False,False,,,,,,,,,,,,,,,,False
2019-07-16,2019,197,5.46507,0,0,True,pre_2023,True,True,False,1,0,,,,,,,,,,,,scl3x3_b1_w8_centernotbad_p0_class2zero_v1,erken_s2_observation_mask_v1,False
2019-07-17,2019,198,6.50024,0,0,True,pre_2023,True,False,False,,,,,,,,,,,,,,,,False
2019-07-18,2019,199,6.36323,0,0,True,pre_2023,True,True,True,1,1,S2B_MSIL2A_20190718T101039_N0500_R022_T34VCM_20230806T193442,S2B,2019-07-18T10:10:39Z,N0500,6,9,0,0,0,1,0,scl3x3_b1_w8_centernotbad_p0_class2zero_v1,erken_s2_observation_mask_v1,True
2019-07-19,2019,200,6.13488,0,0,True,pre_2023,True,False,False,,,,,,,,,,,,,,,,False
2019-07-20,2019,201,6.50024,0,0,True,pre_2023,True,False,False,,,,,,,,,,,,,,,,False
2019-07-21,2019,202,6.78947,0,0,True,pre_2023,True,True,False,1,0,,,,,,,,,,,,scl3x3_b1_w8_centernotbad_p0_class2zero_v1,erken_s2_observation_mask_v1,False
2019-07-22,2019,203,7.95321,0,0,True,pre_2023,True,False,False,,,,,,,,,,,,,,,,False
2019-07-23,2019,204,8.63214,0,0,True,pre_2023,True,True,True,1,1,S2A_MSIL2A_20190723T101031_N0500_R022_T34VCM_20230719T012350,S2A,2019-07-23T10:10:31Z,N0500,6,9,0,0,0,1,0,scl3x3_b1_w8_centernotbad_p0_class2zero_v1,erken_s2_observation_mask_v1,True
2019-07-24,2019,205,5.86792,0,0,True,pre_2023,True,False,False,,,,,,,,,,,,,,,,False
2019-07-25,2019,206,6.5226,0,0,True,pre_2023,True,False,False,,,,,,,,,,,,,,,,False
2019-07-26,2019,207,9.5778,0,0,True,pre_2023,True,True,True,1,1,S2A_MSIL2A_20190726T102031_N0500_R065_T34VCM_20230509T235130,S2A,2019-07-26T10:20:31Z,N0500,6,9,0,0,0,1,0,scl3x3_b1_w8_centernotbad_p0_class2zero_v1,erken_s2_observation_mask_v1,True
2019-07-27,2019,208,5.40721,0,0,True,pre_2023,True,False,False,,,,,,,,,,,,,,,,False
2019-07-28,2019,209,7.0803,0,0,True,pre_2023,True,True,True,1,1,S2B_MSIL2A_20190728T101029_N0500_R022_T34VCM_20230711T050005,S2B,2019-07-28T10:10:29Z,N0500,6,9,0,0,0,1,0,scl3x3_b1_w8_centernotbad_p0_class2zero_v1,erken_s2_observation_mask_v1,True
2019-07-29,2019,210,6.61959,0,0,True,pre_2023,True,False,False,,,,,,,,,,,,,,,,False
2019-07-30,2019,211,8.244,0,0,True,pre_2023,True,False,False,,,,,,,,,,,,,,,,False
2019-07-31,2019,212,8.12567,0,0,True,pre_2023,True,True,False,1,0,,,,,,,,,,,,scl3x3_b1_w8_centernotbad_p0_class2zero_v1,erken_s2_observation_mask_v1,False
2019-08-01,2019,213,9.23012,0,0,True,pre_2023,True,False,False,,,,,,,,,,,,,,,,False
2019-08-02,2019,214,9.54568,0,0,True,pre_2023,True,True,True,1,1,S2A_MSIL2A_20190802T101031_N0500_R022_T34VCM_20230508T041636,S2A,2019-08-02T10:10:31Z,N0500,6,9,0,0,0,1,0,scl3x3_b1_w8_centernotbad_p0_class2zero_v1,erken_s2_observation_mask_v1,True
2019-08-03,2019,215,12.3463,0,0,True,pre_2023,True,False,False,,,,,,,,,,,,,,,,False
2019-08-04,2019,216,11.5179,0,0,True,pre_2023,True,False,False,,,,,,,,,,,,,,,,False
2019-08-05,2019,217,16.2513,0,0,True,pre_2023,True,True,True,1,1,S2A_MSIL2A_20190805T102031_N0500_R065_T34VCM_20230506T211615,S2A,2019-08-05T10:20:31Z,N0500,6,9,0,0,0,1,0,scl3x3_b1_w8_centernotbad_p0_class2zero_v1,erken_s2_observation_mask_v1,True
2019-08-06,2019,218,25.5721,0,0,True,pre_2023,True,False,False,,,,,,,,,,,,,,,,False
2019-08-07,2019,219,22.1273,0,0,True,pre_2023,True,True,True,1,1,S2B_MSIL2A_20190807T101029_N0500_R022_T34VCM_20230723T201405,S2B,2019-08-07T10:10:29Z,N0500,6,9,0,0,0,1,0,scl3x3_b1_w8_centernotbad_p0_class2zero_v1,erken_s2_observation_mask_v1,True
2019-08-08,2019,220,18.6515,0,0,True,pre_2023,True,False,False,,,,,,,,,,,,,,,,False
2019-08-09,2019,221,18.7135,0,0,True,pre_2023,True,False,False,,,,,,,,,,,,,,,,False
2019-08-10,2019,222,22.4376,0,0,True,pre_2023,True,True,False,1,0,,,,,,,,,,,,scl3x3_b1_w8_centernotbad_p0_class2zero_v1,erken_s2_observation_mask_v1,False
2019-08-11,2019,223,12.4136,0,0,True,pre_2023,True,False,False,,,,,,,,,,,,,,,,False
2019-08-12,2019,224,13.4998,0,0,True,pre_2023,True,True,False,1,0,,,,,,,,,,,,scl3x3_b1_w8_centernotbad_p0_class2zero_v1,erken_s2_observation_mask_v1,False
2019-08-13,2019,225,30.1825,0,0,True,pre_2023,True,False,False,,,,,,,,,,,,,,,,False
2019-08-14,2019,226,25.7557,0,0,True,pre_2023,True,False,False,,,,,,,,,,,,,,,,False
2019-08-15,2019,227,46.8835,0,0,True,pre_2023,True,True,False,1,0,,,,,,,,,,,,scl3x3_b1_w8_centernotbad_p0_class2zero_v1,erken_s2_observation_mask_v1,False
2019-08-16,2019,228,24.9106,0,0,True,pre_2023,True,False,False,,,,,,,,,,,,,,,,False
2019-08-17,2019,229,39.9616,0,0,True,pre_2023,True,True,False,1,0,,,,,,,,,,,,scl3x3_b1_w8_centernotbad_p0_class2zero_v1,erken_s2_observation_mask_v1,False
2019-08-18,2019,230,27.6472,0,0,True,pre_2023,True,False,False,,,,,,,,,,,,,,,,False
2019-08-19,2019,231,35.5751,0,0,True,pre_2023,True,False,False,,,,,,,,,,,,,,,,False
2019-08-20,2019,232,19.2794,0,0,True,pre_2023,True,True,False,1,0,,,,,,,,,,,,scl3x3_b1_w8_centernotbad_p0_class2zero_v1,erken_s2_observation_mask_v1,False
2019-08-21,2019,233,37.0454,0,0,True,pre_2023,True,False,False,,,,,,,,,,,,,,,,False
2019-08-22,2019,234,25.7562,0,0,True,pre_2023,True,True,True,1,1,S2A_MSIL2A_20190822T101031_N0500_R022_T34VCM_20230706T042034,S2A,2019-08-22T10:10:31Z,N0500,6,9,0,0,0,1,0,scl3x3_b1_w8_centernotbad_p0_class2zero_v1,erken_s2_observation_mask_v1,True
2019-08-23,2019,235,41.6761,0,0,True,pre_2023,True,False,False,,,,,,,,,,,,,,,,False
2019-08-24,2019,236,33.353,0,0,True,pre_2023,True,False,False,,,,,,,,,,,,,,,,False
2019-08-25,2019,237,29.2368,0,0,True,pre_2023,True,True,True,1,1,S2A_MSIL2A_20190825T102031_N0500_R065_T34VCM_20230430T190322,S2A,2019-08-25T10:20:31Z,N0500,6,9,0,0,0,1,0,scl3x3_b1_w8_centernotbad_p0_class2zero_v1,erken_s2_observation_mask_v1,True
2019-08-26,2019,238,60.8949,0,0,True,pre_2023,True,False,False,,,,,,,,,,,,,,,,False
2019-08-27,2019,239,20.134,0,0,True,pre_2023,True,True,True,1,1,S2B_MSIL2A_20190827T101029_N0500_R022_T34VCM_20230524T153400,S2B,2019-08-27T10:10:29Z,N0500,6,9,0,0,0,1,0,scl3x3_b1_w8_centernotbad_p0_class2zero_v1,erken_s2_observation_mask_v1,True
2019-08-28,2019,240,58.3879,0,0,True,pre_2023,True,False,False,,,,,,,,,,,,,,,,False
2019-08-29,2019,241,58.5319,0,0,True,pre_2023,True,False,False,,,,,,,,,,,,,,,,False
2019-08-30,2019,242,58.6758,0,0,True,pre_2023,True,True,False,1,0,,,,,,,,,,,,scl3x3_b1_w8_centernotbad_p0_class2zero_v1,erken_s2_observation_mask_v1,False
2019-08-31,2019,243,25.7171,0,0,True,pre_2023,True,False,False,,,,,,,,,,,,,,,,False
2019-09-01,2019,244,18.2537,0,0,True,pre_2023,True,True,True,1,1,S2A_MSIL2A_20190901T101031_N0500_R022_T34VCM_20230702T225854,S2A,2019-09-01T10:10:31Z,N0500,6,9,0,0,0,1,0,scl3x3_b1_w8_centernotbad_p0_class2zero_v1,erken_s2_observation_mask_v1,True
2019-09-02,2019,245,10.6745,0,0,True,pre_2023,True,False,False,,,,,,,,,,,,,,,,False
2019-09-03,2019,246,20.4824,0,0,True,pre_2023,True,False,False,,,,,,,,,,,,,,,,False
2019-09-04,2019,247,16.173,0,0,True,pre_2023,True,True,True,1,1,S2A_MSIL2A_20190904T102021_N0500_R065_T34VCM_20230703T073148,S2A,2019-09-04T10:20:21Z,N0500,6,9,0,0,0,1,0,scl3x3_b1_w8_centernotbad_p0_class2zero_v1,erken_s2_observation_mask_v1,True
2019-09-05,2019,248,44.1081,0,0,True,pre_2023,True,False,False,,,,,,,,,,,,,,,,False
2019-09-06,2019,249,12.9029,0,0,True,pre_2023,True,True,True,1,1,S2B_MSIL2A_20190906T101029_N0500_R022_T34VCM_20230502T203254,S2B,2019-09-06T10:10:29Z,N0500,6,9,0,0,0,1,0,scl3x3_b1_w8_centernotbad_p0_class2zero_v1,erken_s2_observation_mask_v1,True
2019-09-07,2019,250,24.8171,0,0,True,pre_2023,True,False,False,,,,,,,,,,,,,,,,False
2019-09-08,2019,251,11.027,0,0,True,pre_2023,True,False,False,,,,,,,,,,,,,,,,False
2019-09-09,2019,252,10.1651,0,0,True,pre_2023,True,True,False,1,0,,,,,,,,,,,,scl3x3_b1_w8_centernotbad_p0_class2zero_v1,erken_s2_observation_mask_v1,False
2019-09-10,2019,253,7.64784,0,0,True,pre_2023,True,False,False,,,,,,,,,,,,,,,,False
2019-09-11,2019,254,5.15999,0,0,True,pre_2023,True,True,False,1,0,,,,,,,,,,,,scl3x3_b1_w8_centernotbad_p0_class2zero_v1,erken_s2_observation_mask_v1,False
2019-09-12,2019,255,6.67113,0,0,True,pre_2023,True,False,False,,,,,,,,,,,,,,,,False
2019-09-13,2019,256,5.2337,0,0,True,pre_2023,True,False,False,,,,,,,,,,,,,,,,False
2019-09-14,2019,257,7.05813,0,0,True,pre_2023,True,True,False,1,0,,,,,,,,,,,,scl3x3_b1_w8_centernotbad_p0_class2zero_v1,erken_s2_observation_mask_v1,False
2019-09-15,2019,258,6.41313,0,0,True,pre_2023,True,False,False,,,,,,,,,,,,,,,,False
2019-09-16,2019,259,6.09984,0,0,True,pre_2023,True,True,False,1,0,,,,,,,,,,,,scl3x3_b1_w8_centernotbad_p0_class2zero_v1,erken_s2_observation_mask_v1,False
2019-09-17,2019,260,16.9445,0,0,True,pre_2023,True,False,False,,,,,,,,,,,,,,,,False
2019-09-18,2019,261,17.9622,0,0,True,pre_2023,True,False,False,,,,,,,,,,,,,,,,False
2019-09-19,2019,262,20.7608,0,0,True,pre_2023,True,True,False,1,0,,,,,,,,,,,,scl3x3_b1_w8_centernotbad_p0_class2zero_v1,erken_s2_observation_mask_v1,False
2019-09-20,2019,263,19.8449,0,0,True,pre_2023,True,False,False,,,,,,,,,,,,,,,,False
2019-09-21,2019,264,19.0816,0,0,True,pre_2023,True,True,False,1,0,,,,,,,,,,,,scl3x3_b1_w8_centernotbad_p0_class2zero_v1,erken_s2_observation_mask_v1,False
2019-09-22,2019,265,27.7828,0,0,True,pre_2023,True,False,False,,,,,,,,,,,,,,,,False
2019-09-23,2019,266,21.5241,0,0,True,pre_2023,True,False,False,,,,,,,,,,,,,,,,False
2019-09-24,2019,267,11.2647,0,0,True,pre_2023,True,True,False,1,0,,,,,,,,,,,,scl3x3_b1_w8_centernotbad_p0_class2zero_v1,erken_s2_observation_mask_v1,False
2019-09-25,2019,268,1.75992,0,0,True,pre_2023,True,False,False,,,,,,,,,,,,,,,,False
2019-09-26,2019,269,0.951944,0,0,True,pre_2023,True,True,True,1,1,S2B_MSIL2A_20190926T101029_N0500_R022_T34VCM_20230628T061823,S2B,2019-09-26T10:10:29Z,N0500,6,9,0,0,0,1,0,scl3x3_b1_w8_centernotbad_p0_class2zero_v1,erken_s2_observation_mask_v1,True
2019-09-27,2019,270,1.05772,0,0,True,pre_2023,True,False,False,,,,,,,,,,,,,,,,False
2019-09-28,2019,271,1.00189,0,0,True,pre_2023,True,False,False,,,,,,,,,,,,,,,,False
2019-09-29,2019,272,1.26338,0,0,True,pre_2023,True,True,False,1,0,,,,,,,,,,,,scl3x3_b1_w8_centernotbad_p0_class2zero_v1,erken_s2_observation_mask_v1,False
2019-09-30,2019,273,2.55615,0,0,True,pre_2023,True,False,False,,,,,,,,,,,,,,,,False
2019-10-01,2019,274,1.12823,0,0,True,pre_2023,True,True,True,1,1,S2A_MSIL2A_20191001T101031_N0500_R022_T34VCM_20230614T115927,S2A,2019-10-01T10:10:31Z,N0500,6,9,0,0,0,1,0,scl3x3_b1_w8_centernotbad_p0_class2zero_v1,erken_s2_observation_mask_v1,True
2019-10-02,2019,275,1.12823,0,0,True,pre_2023,True,False,False,,,,,,,,,,,,,,,,False
2019-10-03,2019,276,1.0489,0,0,True,pre_2023,True,False,False,,,,,,,,,,,,,,,,False
2019-10-04,2019,277,2.65805,0,0,True,pre_2023,True,True,True,1,1,S2A_MSIL2A_20191004T102031_N0500_R065_T34VCM_20230613T223937,S2A,2019-10-04T10:20:31Z,N0500,6,9,0,0,0,1,0,scl3x3_b1_w8_centernotbad_p0_class2zero_v1,erken_s2_observation_mask_v1,True
2019-10-05,2019,278,1.04009,0,0,True,pre_2023,True,False,False,,,,,,,,,,,,,,,,False
2019-10-06,2019,279,1.28395,0,0,True,pre_2023,True,True,False,1,0,,,,,,,,,,,,scl3x3_b1_w8_centernotbad_p0_class2zero_v1,erken_s2_observation_mask_v1,False
2019-10-07,2019,280,0.869677,0,0,True,pre_2023,True,False,False,,,,,,,,,,,,,,,,False
2019-10-08,2019,281,0.916687,0,0,True,pre_2023,True,False,False,,,,,,,,,,,,,,,,False
2019-10-09,2019,282,7.93791,0,0,True,pre_2023,True,True,False,1,0,,,,,,,,,,,,scl3x3_b1_w8_centernotbad_p0_class2zero_v1,erken_s2_observation_mask_v1,False
2019-10-10,2019,283,6.0207,0,0,True,pre_2023,True,False,False,,,,,,,,,,,,,,,,False
2019-10-11,2019,284,6.81113,0,0,True,pre_2023,True,True,False,1,0,,,,,,,,,,,,scl3x3_b1_w8_centernotbad_p0_class2zero_v1,erken_s2_observation_mask_v1,False
2019-10-12,2019,285,11.5074,0,0,True,pre_2023,True,False,False,,,,,,,,,,,,,,,,False
2019-10-13,2019,286,10.8933,0,0,True,pre_2023,True,False,False,,,,,,,,,,,,,,,,False
2019-10-14,2019,287,7.01294,0,0,True,pre_2023,True,True,False,1,0,,,,,,,,,,,,scl3x3_b1_w8_centernotbad_p0_class2zero_v1,erken_s2_observation_mask_v1,False
2019-10-15,2019,288,10.1915,0,0,True,pre_2023,True,False,False,,,,,,,,,,,,,,,,False
2019-10-16,2019,289,5.78526,0,0,True,pre_2023,True,True,False,1,0,,,,,,,,,,,,scl3x3_b1_w8_centernotbad_p0_class2zero_v1,erken_s2_observation_mask_v1,False
2019-10-17,2019,290,7.53429,0,0,True,pre_2023,True,False,False,,,,,,,,,,,,,,,,False
2019-10-18,2019,291,5.23028,0,0,True,pre_2023,True,False,False,,,,,,,,,,,,,,,,False
2019-10-19,2019,292,6.62614,0,0,True,pre_2023,True,True,True,1,1,S2B_MSIL2A_20191019T102029_N0500_R065_T34VCM_20230622T072030,S2B,2019-10-19T10:20:29Z,N0500,6,8,1,0,0,0.8888888889,0.1111111111,scl3x3_b1_w8_centernotbad_p0_class2zero_v1,erken_s2_observation_mask_v1,True
2019-10-20,2019,293,6.55887,0,0,True,pre_2023,True,False,False,,,,,,,,,,,,,,,,False
2019-10-21,2019,294,5.81889,0,0,True,pre_2023,True,True,False,1,0,,,,,,,,,,,,scl3x3_b1_w8_centernotbad_p0_class2zero_v1,erken_s2_observation_mask_v1,False
2019-10-22,2019,295,3.19095,0,0,True,pre_2023,True,False,False,,,,,,,,,,,,,,,,False
2019-10-23,2019,296,3.08868,0,0,True,pre_2023,True,False,False,,,,,,,,,,,,,,,,False
2019-10-24,2019,297,3.2365,0,0,True,pre_2023,True,True,False,1,0,,,,,,,,,,,,scl3x3_b1_w8_centernotbad_p0_class2zero_v1,erken_s2_observation_mask_v1,False
2019-10-25,2019,298,3.72278,0,0,True,pre_2023,True,False,False,,,,,,,,,,,,,,,,False
2019-10-26,2019,299,4.12164,0,0,True,pre_2023,True,True,False,1,0,,,,,,,,,,,,scl3x3_b1_w8_centernotbad_p0_class2zero_v1,erken_s2_observation_mask_v1,False
2019-10-27,2019,300,3.3955,0,0,True,pre_2023,True,False,False,,,,,,,,,,,,,,,,False
2019-10-28,2019,301,3.81482,0,0,True,pre_2023,True,False,False,,,,,,,,,,,,,,,,False
2019-10-29,2019,302,3.18072,0,0,True,pre_2023,True,True,True,1,1,S2B_MSIL2A_20191029T102039_N0500_R065_T34VCM_20230614T232838,S2B,2019-10-29T10:20:39Z,N0500,6,9,0,0,0,1,0,scl3x3_b1_w8_centernotbad_p0_class2zero_v1,erken_s2_observation_mask_v1,True
2019-10-30,2019,303,3.74323,0,0,True,pre_2023,True,False,False,,,,,,,,,,,,,,,,False
2019-10-31,2019,304,4.48983,0,0,True,pre_2023,True,True,True,1,1,S2A_MSIL2A_20191031T101141_N0500_R022_T34VCM_20230527T114942,S2A,2019-10-31T10:11:41Z,N0500,6,9,0,0,0,1,0,scl3x3_b1_w8_centernotbad_p0_class2zero_v1,erken_s2_observation_mask_v1,True
2019-11-01,2019,305,3.12847,0,0,True,pre_2023,True,False,False,,,,,,,,,,,,,,,,False
2019-11-02,2019,306,3.11496,0,0,True,pre_2023,True,False,False,,,,,,,,,,,,,,,,False
2019-11-03,2019,307,3.10146,0,0,True,pre_2023,True,True,True,1,1,S2A_MSIL2A_20191103T102211_N0500_R065_T34VCM_20230610T094957,S2A,2019-11-03T10:22:11Z,N0500,6,9,0,0,0,1,0,scl3x3_b1_w8_centernotbad_p0_class2zero_v1,erken_s2_observation_mask_v1,True
2019-11-04,2019,308,3.08795,0,0,True,pre_2023,True,False,False,,,,,,,,,,,,,,,,False
2019-11-05,2019,309,3.00609,0,0,True,pre_2023,True,True,True,1,1,S2B_MSIL2A_20191105T101119_N0500_R022_T34VCM_20230707T155633,S2B,2019-11-05T10:11:19Z,N0500,6,9,0,0,0,1,0,scl3x3_b1_w8_centernotbad_p0_class2zero_v1,erken_s2_observation_mask_v1,True
2019-11-06,2019,310,2.9394,0,0,True,pre_2023,True,False,False,,,,,,,,,,,,,,,,False
2019-11-07,2019,311,2.8727,0,0,True,pre_2023,True,False,False,,,,,,,,,,,,,,,,False
2019-11-08,2019,312,2.80601,0,0,True,pre_2023,True,True,False,1,0,,,,,,,,,,,,scl3x3_b1_w8_centernotbad_p0_class2zero_v1,erken_s2_observation_mask_v1,False
2019-11-09,2019,313,2.73931,0,0,True,pre_2023,True,False,False,,,,,,,,,,,,,,,,False
2019-11-10,2019,314,2.67262,0,0,True,pre_2023,True,True,False,1,0,,,,,,,,,,,,scl3x3_b1_w8_centernotbad_p0_class2zero_v1,erken_s2_observation_mask_v1,False
2019-11-11,2019,315,2.60592,0,0,True,pre_2023,True,False,False,,,,,,,,,,,,,,,,False
2019-11-12,2019,316,2.53923,0,0,True,pre_2023,True,False,False,,,,,,,,,,,,,,,,False
2019-11-13,2019,317,2.47253,0,0,True,pre_2023,True,True,False,1,0,,,,,,,,,,,,scl3x3_b1_w8_centernotbad_p0_class2zero_v1,erken_s2_observation_mask_v1,False
2019-11-14,2019,318,2.40584,0,0,True,pre_2023,True,False,False,,,,,,,,,,,,,,,,False
2019-11-15,2019,319,2.33915,0,0,True,pre_2023,True,True,False,1,0,,,,,,,,,,,,scl3x3_b1_w8_centernotbad_p0_class2zero_v1,erken_s2_observation_mask_v1,False
2019-11-16,2019,320,2.27245,0,0,True,pre_2023,True,False,False,,,,,,,,,,,,,,,,False
2019-11-17,2019,321,2.20576,0,0,True,pre_2023,True,False,False,,,,,,,,,,,,,,,,False
2019-11-18,2019,322,2.13906,0,0,True,pre_2023,True,True,False,1,0,,,,,,,,,,,,scl3x3_b1_w8_centernotbad_p0_class2zero_v1,erken_s2_observation_mask_v1,False
2019-11-19,2019,323,2.07237,0,0,True,pre_2023,True,False,False,,,,,,,,,,,,,,,,False
2019-11-20,2019,324,2.04201,0,0,True,pre_2023,True,True,False,1,0,,,,,,,,,,,,scl3x3_b1_w8_centernotbad_p0_class2zero_v1,erken_s2_observation_mask_v1,False
2019-11-21,2019,325,2.01165,0,0,True,pre_2023,True,False,False,,,,,,,,,,,,,,,,False
2019-11-22,2019,326,1.98128,0,0,True,pre_2023,True,False,False,,,,,,,,,,,,,,,,False
2019-11-23,2019,327,1.95092,0,0,True,pre_2023,True,True,False,1,0,,,,,,,,,,,,scl3x3_b1_w8_centernotbad_p0_class2zero_v1,erken_s2_observation_mask_v1,False
2019-11-24,2019,328,1.92056,0,0,True,pre_2023,True,False,False,,,,,,,,,,,,,,,,False
2019-11-25,2019,329,1.8902,0,0,True,pre_2023,True,False,False,,,,,,,,,,,,,,,,False
2019-11-26,2019,330,1.85984,0,0,True,pre_2023,True,False,False,,,,,,,,,,,,,,,,False
2019-11-27,2019,331,1.82948,0,0,True,pre_2023,True,False,False,,,,,,,,,,,,,,,,False
2019-11-28,2019,332,1.79912,0,0,True,pre_2023,True,True,False,1,0,,,,,,,,,,,,scl3x3_b1_w8_centernotbad_p0_class2zero_v1,erken_s2_observation_mask_v1,False
2019-11-29,2019,333,1.76875,0,0,True,pre_2023,True,False,False,,,,,,,,,,,,,,,,False
2019-11-30,2019,334,1.73839,0,0,True,pre_2023,True,True,True,1,1,S2A_MSIL2A_20191130T101401_N0500_R022_T34VCM_20221220T104952,S2A,2019-11-30T10:14:01Z,N0500,6,9,0,0,0,1,0,scl3x3_b1_w8_centernotbad_p0_class2zero_v1,erken_s2_observation_mask_v1,True
2019-12-01,2019,335,1.70803,0,0,True,pre_2023,True,False,False,,,,,,,,,,,,,,,,False
2019-12-02,2019,336,1.67767,0,0,True,pre_2023,True,False,False,,,,,,,,,,,,,,,,False
2019-12-03,2019,337,1.64731,0,0,True,pre_2023,True,False,False,,,,,,,,,,,,,,,,False
2019-12-04,2019,338,1.61695,0,0,True,pre_2023,True,False,False,,,,,,,,,,,,,,,,False
2019-12-05,2019,339,1.58659,0,0,True,pre_2023,True,True,True,1,1,S2B_MSIL2A_20191205T101309_N0500_R022_T34VCM_20230619T055056,S2B,2019-12-05T10:13:09Z,N0500,6,9,0,0,0,1,0,scl3x3_b1_w8_centernotbad_p0_class2zero_v1,erken_s2_observation_mask_v1,True
2019-12-06,2019,340,1.55623,0,0,True,pre_2023,True,False,False,,,,,,,,,,,,,,,,False
2019-12-07,2019,341,1.52586,0,0,True,pre_2023,True,False,False,,,,,,,,,,,,,,,,False
2019-12-08,2019,342,1.4955,0,0,True,pre_2023,True,True,False,1,0,,,,,,,,,,,,scl3x3_b1_w8_centernotbad_p0_class2zero_v1,erken_s2_observation_mask_v1,False
2019-12-09,2019,343,1.46514,0,0,True,pre_2023,True,False,False,,,,,,,,,,,,,,,,False
2019-12-10,2019,344,1.43478,0,0,True,pre_2023,True,False,False,,,,,,,,,,,,,,,,False
2019-12-11,2019,345,1.42582,0,0,True,pre_2023,True,False,False,,,,,,,,,,,,,,,,False
2019-12-12,2019,346,1.41686,0,0,True,pre_2023,True,False,False,,,,,,,,,,,,,,,,False
2019-12-13,2019,347,1.4079,0,0,True,pre_2023,True,False,False,,,,,,,,,,,,,,,,False
2019-12-14,2019,348,1.39894,0,0,True,pre_2023,True,False,False,,,,,,,,,,,,,,,,False
2019-12-15,2019,349,1.38998,0,0,True,pre_2023,True,True,False,1,0,,,,,,,,,,,,scl3x3_b1_w8_centernotbad_p0_class2zero_v1,erken_s2_observation_mask_v1,False
2019-12-16,2019,350,1.38102,0,0,True,pre_2023,True,False,False,,,,,,,,,,,,,,,,False
2019-12-17,2019,351,1.37206,0,0,True,pre_2023,True,False,False,,,,,,,,,,,,,,,,False
2019-12-18,2019,352,1.3631,0,0,True,pre_2023,True,True,False,1,0,,,,,,,,,,,,scl3x3_b1_w8_centernotbad_p0_class2zero_v1,erken_s2_observation_mask_v1,False
2019-12-19,2019,353,1.35414,0,0,True,pre_2023,True,False,False,,,,,,,,,,,,,,,,False
2019-12-20,2019,354,1.34518,0,0,True,pre_2023,True,False,False,,,,,,,,,,,,,,,,False
2019-12-21,2019,355,1.33622,0,0,True,pre_2023,True,False,False,,,,,,,,,,,,,,,,False
2019-12-22,2019,356,1.32726,0,0,True,pre_2023,True,False,False,,,,,,,,,,,,,,,,False
2019-12-23,2019,357,1.3183,0,0,True,pre_2023,True,False,False,,,,,,,,,,,,,,,,False
2019-12-24,2019,358,1.30934,0,0,True,pre_2023,True,False,False,,,,,,,,,,,,,,,,False
2019-12-25,2019,359,1.30038,0,0,True,pre_2023,True,True,False,1,0,,,,,,,,,,,,scl3x3_b1_w8_centernotbad_p0_class2zero_v1,erken_s2_observation_mask_v1,False
2019-12-26,2019,360,1.29142,0,0,True,pre_2023,True,False,False,,,,,,,,,,,,,,,,False
2019-12-27,2019,361,1.28245,0,0,True,pre_2023,True,False,False,,,,,,,,,,,,,,,,False
2019-12-28,2019,362,1.27349,0,0,True,pre_2023,True,True,False,1,0,,,,,,,,,,,,scl3x3_b1_w8_centernotbad_p0_class2zero_v1,erken_s2_observation_mask_v1,False
2019-12-29,2019,363,1.26453,0,0,True,pre_2023,True,False,False,,,,,,,,,,,,,,,,False
2019-12-30,2019,364,1.25557,0,0,True,pre_2023,True,False,False,,,,,,,,,,,,,,,,False
2019-12-31,2019,365,1.24661,0,0,True,pre_2023,True,False,False,,,,,,,,,,,,,,,,False
2020-01-01,2020,1,1.23765,0,0,True,pre_2023,True,False,False,,,,,,,,,,,,,,,,False
2020-01-02,2020,2,1.22869,0,0,True,pre_2023,True,False,False,,,,,,,,,,,,,,,,False
2020-01-03,2020,3,1.21973,0,0,True,pre_2023,True,False,False,,,,,,,,,,,,,,,,False
2020-01-04,2020,4,1.21077,0,0,True,pre_2023,True,True,False,1,0,,,,,,,,,,,,scl3x3_b1_w8_centernotbad_p0_class2zero_v1,erken_s2_observation_mask_v1,False
2020-01-05,2020,5,1.20181,0,0,True,pre_2023,True,False,False,,,,,,,,,,,,,,,,False
2020-01-06,2020,6,1.19285,0,0,True,pre_2023,True,False,False,,,,,,,,,,,,,,,,False
2020-01-07,2020,7,1.18389,0,0,True,pre_2023,True,True,False,1,0,,,,,,,,,,,,scl3x3_b1_w8_centernotbad_p0_class2zero_v1,erken_s2_observation_mask_v1,False
2020-01-08,2020,8,1.17493,0,0,True,pre_2023,True,False,False,,,,,,,,,,,,,,,,False
2020-01-09,2020,9,1.16597,0,0,True,pre_2023,True,False,False,,,,,,,,,,,,,,,,False
2020-01-10,2020,10,1.15701,0,0,True,pre_2023,True,False,False,,,,,,,,,,,,,,,,False
2020-01-11,2020,11,1.14805,0,0,True,pre_2023,True,False,False,,,,,,,,,,,,,,,,False
2020-01-12,2020,12,1.13909,0,0,True,pre_2023,True,False,False,,,,,,,,,,,,,,,,False
2020-01-13,2020,13,1.13013,0,0,True,pre_2023,True,False,False,,,,,,,,,,,,,,,,False
2020-01-14,2020,14,1.13724,0,0,True,pre_2023,True,True,False,1,0,,,,,,,,,,,,scl3x3_b1_w8_centernotbad_p0_class2zero_v1,erken_s2_observation_mask_v1,False
2020-01-15,2020,15,1.14435,0,0,True,pre_2023,True,False,False,,,,,,,,,,,,,,,,False
2020-01-16,2020,16,1.15146,0,0,True,pre_2023,True,False,False,,,,,,,,,,,,,,,,False
2020-01-17,2020,17,1.15857,0,0,True,pre_2023,True,True,False,1,0,,,,,,,,,,,,scl3x3_b1_w8_centernotbad_p0_class2zero_v1,erken_s2_observation_mask_v1,False
2020-01-18,2020,18,1.16568,0,0,True,pre_2023,True,False,False,,,,,,,,,,,,,,,,False
2020-01-19,2020,19,1.17279,0,0,True,pre_2023,True,True,True,1,1,S2A_MSIL2A_20200119T101331_N0500_R022_T34VCM_20230423T222528,S2A,2020-01-19T10:13:31Z,N0500,6,9,0,0,0,1,0,scl3x3_b1_w8_centernotbad_p0_class2zero_v1,erken_s2_observation_mask_v1,True
2020-01-20,2020,20,1.1799,0,0,True,pre_2023,True,False,False,,,,,,,,,,,,,,,,False
2020-01-21,2020,21,1.18701,0,0,True,pre_2023,True,False,False,,,,,,,,,,,,,,,,False
2020-01-22,2020,22,1.19412,0,0,True,pre_2023,True,True,False,1,0,,,,,,,,,,,,scl3x3_b1_w8_centernotbad_p0_class2zero_v1,erken_s2_observation_mask_v1,False
2020-01-23,2020,23,1.20123,0,0,True,pre_2023,True,False,False,,,,,,,,,,,,,,,,False
2020-01-24,2020,24,1.20834,0,0,True,pre_2023,True,True,True,1,1,S2B_MSIL2A_20200124T101219_N0500_R022_T34VCM_20230428T002112,S2B,2020-01-24T10:12:19Z,N0500,6,9,0,0,0,1,0,scl3x3_b1_w8_centernotbad_p0_class2zero_v1,erken_s2_observation_mask_v1,True
2020-01-25,2020,25,1.21545,0,0,True,pre_2023,True,False,False,,,,,,,,,,,,,,,,False
2020-01-26,2020,26,1.22256,0,0,True,pre_2023,True,False,False,,,,,,,,,,,,,,,,False
2020-01-27,2020,27,1.22967,0,0,True,pre_2023,True,True,False,1,0,,,,,,,,,,,,scl3x3_b1_w8_centernotbad_p0_class2zero_v1,erken_s2_observation_mask_v1,False
2020-01-28,2020,28,1.23678,0,0,True,pre_2023,True,False,False,,,,,,,,,,,,,,,,False
2020-01-29,2020,29,1.32532,0,0,True,pre_2023,True,True,False,1,0,,,,,,,,,,,,scl3x3_b1_w8_centernotbad_p0_class2zero_v1,erken_s2_observation_mask_v1,False
2020-01-30,2020,30,1.41386,0,0,True,pre_2023,True,False,False,,,,,,,,,,,,,,,,False
2020-01-31,2020,31,2.2,0,0,True,pre_2023,True,False,False,,,,,,,,,,,,,,,,False
2020-02-01,2020,32,2.36,0,0,True,pre_2023,True,True,False,1,0,,,,,,,,,,,,scl3x3_b1_w8_centernotbad_p0_class2zero_v1,erken_s2_observation_mask_v1,False
2020-02-02,2020,33,1.76,0,0,True,pre_2023,True,False,False,,,,,,,,,,,,,,,,False
2020-02-03,2020,34,1.98,0,0,True,pre_2023,True,True,True,1,1,S2B_MSIL2A_20200203T101129_N0500_R022_T34VCM_20230531T080341,S2B,2020-02-03T10:11:29Z,N0500,6,9,0,0,0,1,0,scl3x3_b1_w8_centernotbad_p0_class2zero_v1,erken_s2_observation_mask_v1,True
2020-02-04,2020,35,2.48,0,0,True,pre_2023,True,False,False,,,,,,,,,,,,,,,,False
2020-02-05,2020,36,2.54,0,0,True,pre_2023,True,False,False,,,,,,,,,,,,,,,,False
2020-02-06,2020,37,2.58,0,0,True,pre_2023,True,True,True,1,1,S2B_MSIL2A_20200206T102109_N0500_R065_T34VCM_20230630T201033,S2B,2020-02-06T10:21:09Z,N0500,6,9,0,0,0,1,0,scl3x3_b1_w8_centernotbad_p0_class2zero_v1,erken_s2_observation_mask_v1,True
2020-02-07,2020,38,2.11,0,0,True,pre_2023,True,False,False,,,,,,,,,,,,,,,,False
2020-02-08,2020,39,2.36,0,0,True,pre_2023,True,True,False,1,0,,,,,,,,,,,,scl3x3_b1_w8_centernotbad_p0_class2zero_v1,erken_s2_observation_mask_v1,False
2020-02-09,2020,40,2.54,0,0,True,pre_2023,True,False,False,,,,,,,,,,,,,,,,False
2020-02-10,2020,41,2.29,0,0,True,pre_2023,True,False,False,,,,,,,,,,,,,,,,False
2020-02-11,2020,42,2.4,0,0,True,pre_2023,True,True,True,1,1,S2A_MSIL2A_20200211T102141_N0500_R065_T34VCM_20230413T103023,S2A,2020-02-11T10:21:41Z,N0500,6,9,0,0,0,1,0,scl3x3_b1_w8_centernotbad_p0_class2zero_v1,erken_s2_observation_mask_v1,True
2020-02-12,2020,43,2.56491,0,0,True,pre_2023,True,False,False,,,,,,,,,,,,,,,,False
2020-02-13,2020,44,2.56491,0,0,True,pre_2023,True,True,True,1,1,S2B_MSIL2A_20200213T101029_N0500_R022_T34VCM_20230623T214154,S2B,2020-02-13T10:10:29Z,N0500,6,9,0,0,0,1,0,scl3x3_b1_w8_centernotbad_p0_class2zero_v1,erken_s2_observation_mask_v1,True
2020-02-14,2020,45,2.62722,0,0,True,pre_2023,True,False,False,,,,,,,,,,,,,,,,False
2020-02-15,2020,46,4.06024,0,0,True,pre_2023,True,False,False,,,,,,,,,,,,,,,,False
2020-02-16,2020,47,3.1672,0,0,True,pre_2023,True,True,False,1,0,,,,,,,,,,,,scl3x3_b1_w8_centernotbad_p0_class2zero_v1,erken_s2_observation_mask_v1,False
2020-02-17,2020,48,2.60645,0,0,True,pre_2023,True,False,False,,,,,,,,,,,,,,,,False
2020-02-18,2020,49,2.71029,0,0,True,pre_2023,True,True,False,1,0,,,,,,,,,,,,scl3x3_b1_w8_centernotbad_p0_class2zero_v1,erken_s2_observation_mask_v1,False
2020-02-19,2020,50,2.87644,0,0,True,pre_2023,True,False,False,,,,,,,,,,,,,,,,False
2020-02-20,2020,51,3.38967,0,0,True,pre_2023,True,False,False,,,,,,,,,,,,,,,,False
2020-02-21,2020,52,3.34275,0,0,True,pre_2023,True,True,True,1,1,S2A_MSIL2A_20200221T102041_N0500_R065_T34VCM_20230427T130209,S2A,2020-02-21T10:20:41Z,N0500,6,9,0,0,0,1,0,scl3x3_b1_w8_centernotbad_p0_class2zero_v1,erken_s2_observation_mask_v1,True
2020-02-22,2020,53,3.17855,0,0,True,pre_2023,True,False,False,,,,,,,,,,,,,,,,False
2020-02-23,2020,54,3.41313,0,0,True,pre_2023,True,True,True,1,1,S2B_MSIL2A_20200223T100919_N0500_R022_T34VCM_20230610T023041,S2B,2020-02-23T10:09:19Z,N0500,6,9,0,0,0,1,0,scl3x3_b1_w8_centernotbad_p0_class2zero_v1,erken_s2_observation_mask_v1,True
2020-02-24,2020,55,3.44831,0,0,True,pre_2023,True,False,False,,,,,,,,,,,,,,,,False
2020-02-25,2020,56,3.11274,0,0,True,pre_2023,True,False,False,,,,,,,,,,,,,,,,False
2020-02-26,2020,57,2.49019,0,0,True,pre_2023,True,True,True,1,1,S2B_MSIL2A_20200226T101909_N0500_R065_T34VCM_20230423T154511,S2B,2020-02-26T10:19:09Z,N0500,6,9,0,0,0,1,0,scl3x3_b1_w8_centernotbad_p0_class2zero_v1,erken_s2_observation_mask_v1,True
2020-02-27,2020,58,2.48189,0,0,True,pre_2023,True,False,False,,,,,,,,,,,,,,,,False
2020-02-28,2020,59,2.97993,0,0,True,pre_2023,True,True,True,1,1,S2A_MSIL2A_20200228T101021_N0500_R022_T34VCM_20230423T221510,S2A,2020-02-28T10:10:21Z,N0500,6,9,0,0,0,1,0,scl3x3_b1_w8_centernotbad_p0_class2zero_v1,erken_s2_observation_mask_v1,True
2020-02-29,2020,60,3.25385,0,0,True,pre_2023,True,False,False,,,,,,,,,,,,,,,,False
2020-03-01,2020,61,3.22895,0,0,True,pre_2023,True,False,False,,,,,,,,,,,,,,,,False
2020-03-02,2020,62,3.18745,0,0,True,pre_2023,True,True,False,1,0,,,,,,,,,,,,scl3x3_b1_w8_centernotbad_p0_class2zero_v1,erken_s2_observation_mask_v1,False
2020-03-03,2020,63,5.04504,0,0,True,pre_2023,True,False,False,,,,,,,,,,,,,,,,False
2020-03-04,2020,64,4.21861,0,0,True,pre_2023,True,True,False,1,0,,,,,,,,,,,,scl3x3_b1_w8_centernotbad_p0_class2zero_v1,erken_s2_observation_mask_v1,False
2020-03-05,2020,65,3.94955,0,0,True,pre_2023,True,False,False,,,,,,,,,,,,,,,,False
2020-03-06,2020,66,3.93033,0,0,True,pre_2023,True,False,False,,,,,,,,,,,,,,,,False
2020-03-07,2020,67,13.7417,0,0,True,pre_2023,True,True,False,1,0,,,,,,,,,,,,scl3x3_b1_w8_centernotbad_p0_class2zero_v1,erken_s2_observation_mask_v1,False
2020-03-08,2020,68,7.12071,0,0,True,pre_2023,True,False,False,,,,,,,,,,,,,,,,False
2020-03-09,2020,69,5.2084,0,0,True,pre_2023,True,True,False,1,0,,,,,,,,,,,,scl3x3_b1_w8_centernotbad_p0_class2zero_v1,erken_s2_observation_mask_v1,False
2020-03-10,2020,70,5.45049,0,0,True,pre_2023,True,False,False,,,,,,,,,,,,,,,,False
2020-03-11,2020,71,4.7472,0,0,True,pre_2023,True,False,False,,,,,,,,,,,,,,,,False
2020-03-12,2020,72,5.7406,0,0,True,pre_2023,True,True,False,1,0,,,,,,,,,,,,scl3x3_b1_w8_centernotbad_p0_class2zero_v1,erken_s2_observation_mask_v1,False
2020-03-13,2020,73,6.93619,0,0,True,pre_2023,True,False,False,,,,,,,,,,,,,,,,False
2020-03-14,2020,74,5.43291,0,0,True,pre_2023,True,True,True,1,1,S2B_MSIL2A_20200314T101019_N0500_R022_T34VCM_20230414T005822,S2B,2020-03-14T10:10:19Z,N0500,6,9,0,0,0,1,0,scl3x3_b1_w8_centernotbad_p0_class2zero_v1,erken_s2_observation_mask_v1,True
2020-03-15,2020,75,10.9449,0,0,True,pre_2023,True,False,False,,,,,,,,,,,,,,,,False
2020-03-16,2020,76,5.82851,0,0,True,pre_2023,True,False,False,,,,,,,,,,,,,,,,False
2020-03-17,2020,77,6.4242,0,0,True,pre_2023,True,True,False,1,0,,,,,,,,,,,,scl3x3_b1_w8_centernotbad_p0_class2zero_v1,erken_s2_observation_mask_v1,False
2020-03-18,2020,78,6.81817,0,0,True,pre_2023,True,False,False,,,,,,,,,,,,,,,,False
2020-03-19,2020,79,6.4644,0,0,True,pre_2023,True,True,True,1,1,S2A_MSIL2A_20200319T101021_N0500_R022_T34VCM_20230629T052326,S2A,2020-03-19T10:10:21Z,N0500,6,9,0,0,0,1,0,scl3x3_b1_w8_centernotbad_p0_class2zero_v1,erken_s2_observation_mask_v1,True
2020-03-20,2020,80,7.06742,0,0,True,pre_2023,True,False,False,,,,,,,,,,,,,,,,False
2020-03-21,2020,81,8.4986,0,0,True,pre_2023,True,False,False,,,,,,,,,,,,,,,,False
2020-03-22,2020,82,8.11266,0,0,True,pre_2023,True,True,True,1,1,S2A_MSIL2A_20200322T102021_N0500_R065_T34VCM_20230419T003850,S2A,2020-03-22T10:20:21Z,N0500,6,9,0,0,0,1,0,scl3x3_b1_w8_centernotbad_p0_class2zero_v1,erken_s2_observation_mask_v1,True
2020-03-23,2020,83,6.68953,0,0,True,pre_2023,True,False,False,,,,,,,,,,,,,,,,False
2020-03-24,2020,84,9.17325,0,0,True,pre_2023,True,True,False,1,0,,,,,,,,,,,,scl3x3_b1_w8_centernotbad_p0_class2zero_v1,erken_s2_observation_mask_v1,False
2020-03-25,2020,85,8.91181,0,0,True,pre_2023,True,False,False,,,,,,,,,,,,,,,,False
2020-03-26,2020,86,9.5711,0,0,True,pre_2023,True,False,False,,,,,,,,,,,,,,,,False
2020-03-27,2020,87,10.4868,0,0,True,pre_2023,True,True,False,1,0,,,,,,,,,,,,scl3x3_b1_w8_centernotbad_p0_class2zero_v1,erken_s2_observation_mask_v1,False
2020-03-28,2020,88,2.5511,0,0,True,pre_2023,True,False,False,,,,,,,,,,,,,,,,False
2020-03-29,2020,89,2.72316,0,0,True,pre_2023,True,True,True,1,1,S2A_MSIL2A_20200329T101021_N0500_R022_T34VCM_20230409T134022,S2A,2020-03-29T10:10:21Z,N0500,6,9,0,0,0,1,0,scl3x3_b1_w8_centernotbad_p0_class2zero_v1,erken_s2_observation_mask_v1,True
2020-03-30,2020,90,12.8523,0,0,True,pre_2023,True,False,False,,,,,,,,,,,,,,,,False
2020-03-31,2020,91,12.5707,0,0,True,pre_2023,True,False,False,,,,,,,,,,,,,,,,False
2020-04-01,2020,92,16.3386,0,0,True,pre_2023,True,True,True,1,1,S2A_MSIL2A_20200401T102021_N0500_R065_T34VCM_20230404T191257,S2A,2020-04-01T10:20:21Z,N0500,6,9,0,0,0,1,0,scl3x3_b1_w8_centernotbad_p0_class2zero_v1,erken_s2_observation_mask_v1,True
2020-04-02,2020,93,14.821,0,0,True,pre_2023,True,False,False,,,,,,,,,,,,,,,,False
2020-04-03,2020,94,15.624,0,0,True,pre_2023,True,True,True,1,1,S2B_MSIL2A_20200403T100549_N0500_R022_T34VCM_20230530T234318,S2B,2020-04-03T10:05:49Z,N0500,6,9,0,0,0,1,0,scl3x3_b1_w8_centernotbad_p0_class2zero_v1,erken_s2_observation_mask_v1,True
2020-04-04,2020,95,17.0933,0,0,True,pre_2023,True,False,False,,,,,,,,,,,,,,,,False
2020-04-05,2020,96,20.9801,1,1,False,pre_2023,True,False,False,,,,,,,,,,,,,,,,False
2020-04-06,2020,97,15.5669,1,1,False,pre_2023,True,True,False,1,0,,,,,,,,,,,,scl3x3_b1_w8_centernotbad_p0_class2zero_v1,erken_s2_observation_mask_v1,False
2020-04-07,2020,98,15.5783,1,1,False,pre_2023,True,False,False,,,,,,,,,,,,,,,,False
2020-04-08,2020,99,17.077,1,1,False,pre_2023,True,True,False,1,0,,,,,,,,,,,,scl3x3_b1_w8_centernotbad_p0_class2zero_v1,erken_s2_observation_mask_v1,False
2020-04-09,2020,100,18.9689,1,1,False,pre_2023,True,False,False,,,,,,,,,,,,,,,,False
2020-04-10,2020,101,23.8218,1,1,False,pre_2023,True,False,False,,,,,,,,,,,,,,,,False
2020-04-11,2020,102,30.6547,0,0,True,pre_2023,True,True,True,1,1,S2A_MSIL2A_20200411T102021_N0500_R065_T34VCM_20230406T074601,S2A,2020-04-11T10:20:21Z,N0500,6,9,0,0,0,1,0,scl3x3_b1_w8_centernotbad_p0_class2zero_v1,erken_s2_observation_mask_v1,True
2020-04-12,2020,103,26.586,0,0,True,pre_2023,True,False,False,,,,,,,,,,,,,,,,False
2020-04-13,2020,104,23.6743,0,0,True,pre_2023,True,True,False,1,0,,,,,,,,,,,,scl3x3_b1_w8_centernotbad_p0_class2zero_v1,erken_s2_observation_mask_v1,False
2020-04-14,2020,105,23.1463,0,0,True,pre_2023,True,False,False,,,,,,,,,,,,,,,,False
2020-04-15,2020,106,12.2692,0,0,True,pre_2023,True,False,False,,,,,,,,,,,,,,,,False
2020-04-16,2020,107,12.4455,0,0,True,pre_2023,True,True,True,1,1,S2B_MSIL2A_20200416T101549_N0500_R065_T34VCM_20230522T094018,S2B,2020-04-16T10:15:49Z,N0500,6,9,0,0,0,1,0,scl3x3_b1_w8_centernotbad_p0_class2zero_v1,erken_s2_observation_mask_v1,True
2020-04-17,2020,108,22.0824,0,0,True,pre_2023,True,False,False,,,,,,,,,,,,,,,,False
2020-04-18,2020,109,22.1521,0,0,True,pre_2023,True,True,True,1,1,S2A_MSIL2A_20200418T101031_N0500_R022_T34VCM_20230410T033739,S2A,2020-04-18T10:10:31Z,N0500,6,9,0,0,0,1,0,scl3x3_b1_w8_centernotbad_p0_class2zero_v1,erken_s2_observation_mask_v1,True
2020-04-19,2020,110,21.3438,0,0,True,pre_2023,True,False,False,,,,,,,,,,,,,,,,False
2020-04-20,2020,111,19.7202,0,0,True,pre_2023,True,False,False,,,,,,,,,,,,,,,,False
2020-04-21,2020,112,8.36862,0,0,True,pre_2023,True,True,True,1,1,S2A_MSIL2A_20200421T102021_N0500_R065_T34VCM_20230419T010724,S2A,2020-04-21T10:20:21Z,N0500,6,9,0,0,0,1,0,scl3x3_b1_w8_centernotbad_p0_class2zero_v1,erken_s2_observation_mask_v1,True
2020-04-22,2020,113,6.73093,0,0,True,pre_2023,True,False,False,,,,,,,,,,,,,,,,False
2020-04-23,2020,114,6.13248,0,0,True,pre_2023,True,True,True,1,1,S2B_MSIL2A_20200423T100549_N0500_R022_T34VCM_20230519T193533,S2B,2020-04-23T10:05:49Z,N0500,6,9,0,0,0,1,0,scl3x3_b1_w8_centernotbad_p0_class2zero_v1,erken_s2_observation_mask_v1,True
2020-04-24,2020,115,6.06492,0,0,True,pre_2023,True,False,False,,,,,,,,,,,,,,,,False
2020-04-25,2020,116,7.26825,0,0,True,pre_2023,True,False,False,,,,,,,,,,,,,,,,False
2020-04-26,2020,117,5.07072,0,0,True,pre_2023,True,True,False,1,0,,,,,,,,,,,,scl3x3_b1_w8_centernotbad_p0_class2zero_v1,erken_s2_observation_mask_v1,False
2020-04-27,2020,118,6.22257,0,0,True,pre_2023,True,False,False,,,,,,,,,,,,,,,,False
2020-04-28,2020,119,7.20306,0,0,True,pre_2023,True,True,False,1,0,,,,,,,,,,,,scl3x3_b1_w8_centernotbad_p0_class2zero_v1,erken_s2_observation_mask_v1,False
2020-04-29,2020,120,5.24897,0,0,True,pre_2023,True,False,False,,,,,,,,,,,,,,,,False
2020-04-30,2020,121,9.2502,0,0,True,pre_2023,True,False,False,,,,,,,,,,,,,,,,False
2020-05-01,2020,122,7.43146,0,0,True,pre_2023,True,True,False,1,0,,,,,,,,,,,,scl3x3_b1_w8_centernotbad_p0_class2zero_v1,erken_s2_observation_mask_v1,False
2020-05-02,2020,123,7.32995,0,0,True,pre_2023,True,False,False,,,,,,,,,,,,,,,,False
2020-05-03,2020,124,6.84777,0,0,True,pre_2023,True,True,False,1,0,,,,,,,,,,,,scl3x3_b1_w8_centernotbad_p0_class2zero_v1,erken_s2_observation_mask_v1,False
2020-05-04,2020,125,5.60003,0,0,True,pre_2023,True,False,False,,,,,,,,,,,,,,,,False
2020-05-05,2020,126,5.34168,0,0,True,pre_2023,True,False,False,,,,,,,,,,,,,,,,False
2020-05-06,2020,127,5.18419,0,0,True,pre_2023,True,True,False,1,0,,,,,,,,,,,,scl3x3_b1_w8_centernotbad_p0_class2zero_v1,erken_s2_observation_mask_v1,False
2020-05-07,2020,128,5.63479,0,0,True,pre_2023,True,False,False,,,,,,,,,,,,,,,,False
2020-05-08,2020,129,4.8167,0,0,True,pre_2023,True,True,True,1,1,S2A_MSIL2A_20200508T101031_N0500_R022_T34VCM_20230331T174129,S2A,2020-05-08T10:10:31Z,N0500,6,9,0,0,0,1,0,scl3x3_b1_w8_centernotbad_p0_class2zero_v1,erken_s2_observation_mask_v1,True
2020-05-09,2020,130,5.62604,0,0,True,pre_2023,True,False,False,,,,,,,,,,,,,,,,False
2020-05-10,2020,131,5.34605,0,0,True,pre_2023,True,False,False,,,,,,,,,,,,,,,,False
2020-05-11,2020,132,4.58921,0,0,True,pre_2023,True,True,False,1,0,,,,,,,,,,,,scl3x3_b1_w8_centernotbad_p0_class2zero_v1,erken_s2_observation_mask_v1,False
2020-05-12,2020,133,4.2656,0,0,True,pre_2023,True,False,False,,,,,,,,,,,,,,,,False
2020-05-13,2020,134,4.33862,0,0,True,pre_2023,True,True,False,1,0,,,,,,,,,,,,scl3x3_b1_w8_centernotbad_p0_class2zero_v1,erken_s2_observation_mask_v1,False
2020-05-14,2020,135,3.94342,0,0,True,pre_2023,True,False,False,,,,,,,,,,,,,,,,False
2020-05-15,2020,136,4.34292,0,0,True,pre_2023,True,False,False,,,,,,,,,,,,,,,,False
2020-05-16,2020,137,3.70716,0,0,True,pre_2023,True,True,False,1,0,,,,,,,,,,,,scl3x3_b1_w8_centernotbad_p0_class2zero_v1,erken_s2_observation_mask_v1,False
2020-05-17,2020,138,3.25611,0,0,True,pre_2023,True,False,False,,,,,,,,,,,,,,,,False
2020-05-18,2020,139,3.31196,0,0,True,pre_2023,True,True,False,1,0,,,,,,,,,,,,scl3x3_b1_w8_centernotbad_p0_class2zero_v1,erken_s2_observation_mask_v1,False
2020-05-19,2020,140,2.00678,0,0,True,pre_2023,True,False,False,,,,,,,,,,,,,,,,False
2020-05-20,2020,141,1.90443,0,0,True,pre_2023,True,False,False,,,,,,,,,,,,,,,,False
2020-05-21,2020,142,2.00678,0,0,True,pre_2023,True,True,True,1,1,S2A_MSIL2A_20200521T102031_N0500_R065_T34VCM_20230415T081814,S2A,2020-05-21T10:20:31Z,N0500,6,9,0,0,0,1,0,scl3x3_b1_w8_centernotbad_p0_class2zero_v1,erken_s2_observation_mask_v1,True
2020-05-22,2020,143,1.42558,0,0,True,pre_2023,True,False,False,,,,,,,,,,,,,,,,False
2020-05-23,2020,144,1.28302,0,0,True,pre_2023,True,True,False,1,0,,,,,,,,,,,,scl3x3_b1_w8_centernotbad_p0_class2zero_v1,erken_s2_observation_mask_v1,False
2020-05-24,2020,145,1.21722,0,0,True,pre_2023,True,False,False,,,,,,,,,,,,,,,,False
2020-05-25,2020,146,0.965007,0,0,True,pre_2023,True,False,False,,,,,,,,,,,,,,,,False
2020-05-26,2020,147,0.976725,0,0,True,pre_2023,True,True,True,1,1,S2B_MSIL2A_20200526T101559_N0500_R065_T34VCM_20230504T082505,S2B,2020-05-26T10:15:59Z,N0500,6,9,0,0,0,1,0,scl3x3_b1_w8_centernotbad_p0_class2zero_v1,erken_s2_observation_mask_v1,True
2020-05-27,2020,148,0.592694,0,0,True,pre_2023,True,False,False,,,,,,,,,,,,,,,,False
2020-05-28,2020,149,0.594914,0,0,True,pre_2023,True,True,False,1,0,,,,,,,,,,,,scl3x3_b1_w8_centernotbad_p0_class2zero_v1,erken_s2_observation_mask_v1,False
2020-05-29,2020,150,0.570496,0,0,True,pre_2023,True,False,False,,,,,,,,,,,,,,,,False
2020-05-30,2020,151,0.670389,0,0,True,pre_2023,True,False,False,,,,,,,,,,,,,,,,False
2020-05-31,2020,152,0.712565,0,0,True,pre_2023,True,True,True,1,1,S2A_MSIL2A_20200531T102031_N0500_R065_T34VCM_20230404T042304,S2A,2020-05-31T10:20:31Z,N0500,6,9,0,0,0,1,0,scl3x3_b1_w8_centernotbad_p0_class2zero_v1,erken_s2_observation_mask_v1,True
2020-06-01,2020,153,0.504121,0,0,True,pre_2023,True,False,False,,,,,,,,,,,,,,,,False
2020-06-02,2020,154,2.4867,0,0,True,pre_2023,True,True,True,1,1,S2B_MSIL2A_20200602T100559_N0500_R022_T34VCM_20230618T155201,S2B,2020-06-02T10:05:59Z,N0500,6,9,0,0,0,1,0,scl3x3_b1_w8_centernotbad_p0_class2zero_v1,erken_s2_observation_mask_v1,True
2020-06-03,2020,155,4.75,0,0,True,pre_2023,True,False,False,,,,,,,,,,,,,,,,False
2020-06-04,2020,156,5.06,0,0,True,pre_2023,True,False,False,,,,,,,,,,,,,,,,False
2020-06-05,2020,157,5.25,0,0,True,pre_2023,True,True,True,1,1,S2B_MSIL2A_20200605T101559_N0500_R065_T34VCM_20230616T115605,S2B,2020-06-05T10:15:59Z,N0500,6,9,0,0,0,1,0,scl3x3_b1_w8_centernotbad_p0_class2zero_v1,erken_s2_observation_mask_v1,True
2020-06-06,2020,158,4.53,0,0,True,pre_2023,True,False,False,,,,,,,,,,,,,,,,False
2020-06-07,2020,159,5.7,0,0,True,pre_2023,True,True,True,1,1,S2A_MSIL2A_20200607T101031_N0500_R022_T34VCM_20230325T194752,S2A,2020-06-07T10:10:31Z,N0500,6,9,0,0,0,1,0,scl3x3_b1_w8_centernotbad_p0_class2zero_v1,erken_s2_observation_mask_v1,True
2020-06-08,2020,160,6.47,0,0,True,pre_2023,True,False,False,,,,,,,,,,,,,,,,False
2020-06-09,2020,161,2.19591,0,0,True,pre_2023,True,False,False,,,,,,,,,,,,,,,,False
2020-06-10,2020,162,1.94698,0,0,True,pre_2023,True,True,True,1,1,S2A_MSIL2A_20200610T102031_N0500_R065_T34VCM_20230327T090844,S2A,2020-06-10T10:20:31Z,N0500,6,9,0,0,0,1,0,scl3x3_b1_w8_centernotbad_p0_class2zero_v1,erken_s2_observation_mask_v1,True
2020-06-11,2020,163,1.5647,0,0,True,pre_2023,True,False,False,,,,,,,,,,,,,,,,False
2020-06-12,2020,164,1.58692,0,0,True,pre_2023,True,True,True,1,1,S2B_MSIL2A_20200612T100559_N0500_R022_T34VCM_20230501T085107,S2B,2020-06-12T10:05:59Z,N0500,6,9,0,0,0,1,0,scl3x3_b1_w8_centernotbad_p0_class2zero_v1,erken_s2_observation_mask_v1,True
2020-06-13,2020,165,1.37356,0,0,True,pre_2023,True,False,False,,,,,,,,,,,,,,,,False
2020-06-14,2020,166,1.20908,0,0,True,pre_2023,True,False,False,,,,,,,,,,,,,,,,False
2020-06-15,2020,167,1.23678,0,0,True,pre_2023,True,True,True,1,1,S2B_MSIL2A_20200615T101559_N0500_R065_T34VCM_20230428T083529,S2B,2020-06-15T10:15:59Z,N0500,6,9,0,0,0,1,0,scl3x3_b1_w8_centernotbad_p0_class2zero_v1,erken_s2_observation_mask_v1,True
2020-06-16,2020,168,1.08988,0,0,True,pre_2023,True,False,False,,,,,,,,,,,,,,,,False
2020-06-17,2020,169,1.34103,0,0,True,pre_2023,True,True,False,1,0,,,,,,,,,,,,scl3x3_b1_w8_centernotbad_p0_class2zero_v1,erken_s2_observation_mask_v1,False
2020-06-18,2020,170,1.2889,0,0,True,pre_2023,True,False,False,,,,,,,,,,,,,,,,False
2020-06-19,2020,171,1.2273,0,0,True,pre_2023,True,False,False,,,,,,,,,,,,,,,,False
2020-06-20,2020,172,1.12779,0,0,True,pre_2023,True,True,True,1,1,S2A_MSIL2A_20200620T102031_N0500_R065_T34VCM_20230413T205714,S2A,2020-06-20T10:20:31Z,N0500,6,9,0,0,0,1,0,scl3x3_b1_w8_centernotbad_p0_class2zero_v1,erken_s2_observation_mask_v1,True
2020-06-21,2020,173,1.40737,0,0,True,pre_2023,True,False,False,,,,,,,,,,,,,,,,False
2020-06-22,2020,174,1.05671,0,0,True,pre_2023,True,True,True,1,1,S2B_MSIL2A_20200622T100559_N0500_R022_T34VCM_20230501T093544,S2B,2020-06-22T10:05:59Z,N0500,6,9,0,0,0,1,0,scl3x3_b1_w8_centernotbad_p0_class2zero_v1,erken_s2_observation_mask_v1,True
2020-06-23,2020,175,2.0754,0,0,True,pre_2023,True,False,False,,,,,,,,,,,,,,,,False
2020-06-24,2020,176,1.89493,0,0,True,pre_2023,True,False,False,,,,,,,,,,,,,,,,False
2020-06-25,2020,177,1.47657,0,0,True,pre_2023,True,True,True,1,1,S2B_MSIL2A_20200625T101559_N0500_R065_T34VCM_20230507T110141,S2B,2020-06-25T10:15:59Z,N0500,6,9,0,0,0,1,0,scl3x3_b1_w8_centernotbad_p0_class2zero_v1,erken_s2_observation_mask_v1,True
2020-06-26,2020,178,2.01798,0,0,True,pre_2023,True,False,False,,,,,,,,,,,,,,,,False
2020-06-27,2020,179,1.5504,0,0,True,pre_2023,True,True,True,1,1,S2A_MSIL2A_20200627T101031_N0500_R022_T34VCM_20230330T005932,S2A,2020-06-27T10:10:31Z,N0500,6,9,0,0,0,1,0,scl3x3_b1_w8_centernotbad_p0_class2zero_v1,erken_s2_observation_mask_v1,True
2020-06-28,2020,180,1.57501,0,0,True,pre_2023,True,False,False,,,,,,,,,,,,,,,,False
2020-06-29,2020,181,1.78009,0,0,True,pre_2023,True,False,False,,,,,,,,,,,,,,,,False
2020-06-30,2020,182,3.61755,0,0,True,pre_2023,True,True,False,1,0,,,,,,,,,,,,scl3x3_b1_w8_centernotbad_p0_class2zero_v1,erken_s2_observation_mask_v1,False
2020-07-01,2020,183,3.38926,0,0,True,pre_2023,True,False,False,,,,,,,,,,,,,,,,False
2020-07-02,2020,184,4.00389,0,0,True,pre_2023,True,True,True,1,1,S2B_MSIL2A_20200702T100559_N0500_R022_T34VCM_20230531T012547,S2B,2020-07-02T10:05:59Z,N0500,6,9,0,0,0,1,0,scl3x3_b1_w8_centernotbad_p0_class2zero_v1,erken_s2_observation_mask_v1,True
2020-07-03,2020,185,4.91706,0,0,True,pre_2023,True,False,False,,,,,,,,,,,,,,,,False
2020-07-04,2020,186,5.11023,0,0,True,pre_2023,True,False,False,,,,,,,,,,,,,,,,False
2020-07-05,2020,187,6.07608,0,0,True,pre_2023,True,True,False,1,0,,,,,,,,,,,,scl3x3_b1_w8_centernotbad_p0_class2zero_v1,erken_s2_observation_mask_v1,False
2020-07-06,2020,188,5.32096,0,0,True,pre_2023,True,False,False,,,,,,,,,,,,,,,,False
2020-07-07,2020,189,6.09039,0,0,True,pre_2023,True,True,False,1,0,,,,,,,,,,,,scl3x3_b1_w8_centernotbad_p0_class2zero_v1,erken_s2_observation_mask_v1,False
2020-07-08,2020,190,5.48291,0,0,True,pre_2023,True,False,False,,,,,,,,,,,,,,,,False
2020-07-09,2020,191,5.65425,0,0,True,pre_2023,True,False,False,,,,,,,,,,,,,,,,False
2020-07-10,2020,192,4.45486,0,0,True,pre_2023,True,True,False,1,0,,,,,,,,,,,,scl3x3_b1_w8_centernotbad_p0_class2zero_v1,erken_s2_observation_mask_v1,False
2020-07-11,2020,193,4.64178,0,0,True,pre_2023,True,False,False,,,,,,,,,,,,,,,,False
2020-07-12,2020,194,6.43307,0,0,True,pre_2023,True,True,True,1,1,S2B_MSIL2A_20200712T100559_N0500_R022_T34VCM_20230614T061252,S2B,2020-07-12T10:05:59Z,N0500,6,9,0,0,0,1,0,scl3x3_b1_w8_centernotbad_p0_class2zero_v1,erken_s2_observation_mask_v1,True
2020-07-13,2020,195,4.19006,0,0,True,pre_2023,True,False,False,,,,,,,,,,,,,,,,False
2020-07-14,2020,196,3.7242,0,0,True,pre_2023,True,False,False,,,,,,,,,,,,,,,,False
2020-07-15,2020,197,4.62549,0,0,True,pre_2023,True,True,False,1,0,,,,,,,,,,,,scl3x3_b1_w8_centernotbad_p0_class2zero_v1,erken_s2_observation_mask_v1,False
2020-07-16,2020,198,4.11533,0,0,True,pre_2023,True,False,False,,,,,,,,,,,,,,,,False
2020-07-17,2020,199,3.36708,0,0,True,pre_2023,True,True,False,1,0,,,,,,,,,,,,scl3x3_b1_w8_centernotbad_p0_class2zero_v1,erken_s2_observation_mask_v1,False
2020-07-18,2020,200,3.38409,0,0,True,pre_2023,True,False,False,,,,,,,,,,,,,,,,False
2020-07-19,2020,201,3.86024,0,0,True,pre_2023,True,False,False,,,,,,,,,,,,,,,,False
2020-07-20,2020,202,3.69019,0,0,True,pre_2023,True,True,False,1,0,,,,,,,,,,,,scl3x3_b1_w8_centernotbad_p0_class2zero_v1,erken_s2_observation_mask_v1,False
2020-07-21,2020,203,4.20035,0,0,True,pre_2023,True,False,False,,,,,,,,,,,,,,,,False
2020-07-22,2020,204,4.0303,0,0,True,pre_2023,True,True,False,1,0,,,,,,,,,,,,scl3x3_b1_w8_centernotbad_p0_class2zero_v1,erken_s2_observation_mask_v1,False
2020-07-23,2020,205,4.25137,0,0,True,pre_2023,True,False,False,,,,,,,,,,,,,,,,False
2020-07-24,2020,206,4.13233,0,0,True,pre_2023,True,False,False,,,,,,,,,,,,,,,,False
2020-07-25,2020,207,5.11865,0,0,True,pre_2023,True,True,True,1,1,S2B_MSIL2A_20200725T101559_N0500_R065_T34VCM_20230430T175257,S2B,2020-07-25T10:15:59Z,N0500,6,9,0,0,0,1,0,scl3x3_b1_w8_centernotbad_p0_class2zero_v1,erken_s2_observation_mask_v1,True
2020-07-26,2020,208,5.03362,0,0,True,pre_2023,True,False,False,,,,,,,,,,,,,,,,False
2020-07-27,2020,209,6.05395,0,0,True,pre_2023,True,True,False,1,0,,,,,,,,,,,,scl3x3_b1_w8_centernotbad_p0_class2zero_v1,erken_s2_observation_mask_v1,False
2020-07-28,2020,210,7.87644,0,0,True,pre_2023,True,False,False,,,,,,,,,,,,,,,,False
2020-07-29,2020,211,8.07012,0,0,True,pre_2023,True,False,False,,,,,,,,,,,,,,,,False
2020-07-30,2020,212,9.58731,0,0,True,pre_2023,True,True,False,1,0,,,,,,,,,,,,scl3x3_b1_w8_centernotbad_p0_class2zero_v1,erken_s2_observation_mask_v1,False
2020-07-31,2020,213,9.91011,0,0,True,pre_2023,True,False,False,,,,,,,,,,,,,,,,False
2020-08-01,2020,214,10.0392,0,0,True,pre_2023,True,True,True,1,1,S2B_MSIL2A_20200801T100559_N0500_R022_T34VCM_20230421T101210,S2B,2020-08-01T10:05:59Z,N0500,6,9,0,0,0,1,0,scl3x3_b1_w8_centernotbad_p0_class2zero_v1,erken_s2_observation_mask_v1,True
2020-08-02,2020,215,11.2659,0,0,True,pre_2023,True,False,False,,,,,,,,,,,,,,,,False
2020-08-03,2020,216,11.7824,0,0,True,pre_2023,True,False,False,,,,,,,,,,,,,,,,False
2020-08-04,2020,217,32.0606,0,0,True,pre_2023,True,True,False,1,0,,,,,,,,,,,,scl3x3_b1_w8_centernotbad_p0_class2zero_v1,erken_s2_observation_mask_v1,False
2020-08-05,2020,218,21.4005,0,0,True,pre_2023,True,False,False,,,,,,,,,,,,,,,,False
2020-08-06,2020,219,36.1483,0,0,True,pre_2023,True,True,False,1,0,,,,,,,,,,,,scl3x3_b1_w8_centernotbad_p0_class2zero_v1,erken_s2_observation_mask_v1,False
2020-08-07,2020,220,36.7895,0,0,True,pre_2023,True,False,False,,,,,,,,,,,,,,,,False
2020-08-08,2020,221,38.3124,0,0,True,pre_2023,True,False,False,,,,,,,,,,,,,,,,False
2020-08-09,2020,222,38.9536,0,0,True,pre_2023,True,True,True,1,1,S2A_MSIL2A_20200809T102031_N0500_R065_T34VCM_20230420T170300,S2A,2020-08-09T10:20:31Z,N0500,6,9,0,0,0,1,0,scl3x3_b1_w8_centernotbad_p0_class2zero_v1,erken_s2_observation_mask_v1,True
2020-08-10,2020,223,36.4689,0,0,True,pre_2023,True,False,False,,,,,,,,,,,,,,,,False
2020-08-11,2020,224,7.81668,0,0,True,pre_2023,True,True,True,1,1,S2B_MSIL2A_20200811T100559_N0500_R022_T34VCM_20230520T221430,S2B,2020-08-11T10:05:59Z,N0500,6,8,1,0,0,0.8888888889,0.1111111111,scl3x3_b1_w8_centernotbad_p0_class2zero_v1,erken_s2_observation_mask_v1,True
2020-08-12,2020,225,6.23159,0,0,True,pre_2023,True,False,False,,,,,,,,,,,,,,,,False
2020-08-13,2020,226,6.88427,0,0,True,pre_2023,True,False,False,,,,,,,,,,,,,,,,False
2020-08-14,2020,227,11.1112,0,0,True,pre_2023,True,True,True,1,1,S2B_MSIL2A_20200814T101559_N0500_R065_T34VCM_20230419T055343,S2B,2020-08-14T10:15:59Z,N0500,6,9,0,0,0,1,0,scl3x3_b1_w8_centernotbad_p0_class2zero_v1,erken_s2_observation_mask_v1,True
2020-08-15,2020,228,7.7079,0,0,True,pre_2023,True,False,False,,,,,,,,,,,,,,,,False
2020-08-16,2020,229,8.45382,0,0,True,pre_2023,True,True,True,1,1,S2A_MSIL2A_20200816T101031_N0500_R022_T34VCM_20230422T120802,S2A,2020-08-16T10:10:31Z,N0500,6,9,0,0,0,1,0,scl3x3_b1_w8_centernotbad_p0_class2zero_v1,erken_s2_observation_mask_v1,True
2020-08-17,2020,230,8.2518,0,0,True,pre_2023,True,False,False,,,,,,,,,,,,,,,,False
2020-08-18,2020,231,5.87709,0,0,True,pre_2023,True,False,False,,,,,,,,,,,,,,,,False
2020-08-19,2020,232,5.4731,0,0,True,pre_2023,True,True,True,1,1,S2A_MSIL2A_20200819T102031_N0500_R065_T34VCM_20230407T111047,S2A,2020-08-19T10:20:31Z,N0500,6,9,0,0,0,1,0,scl3x3_b1_w8_centernotbad_p0_class2zero_v1,erken_s2_observation_mask_v1,True
2020-08-20,2020,233,5.80014,0,0,True,pre_2023,True,False,False,,,,,,,,,,,,,,,,False
2020-08-21,2020,234,6.50231,0,0,True,pre_2023,True,True,True,1,1,S2B_MSIL2A_20200821T100559_N0500_R022_T34VCM_20230512T235511,S2B,2020-08-21T10:05:59Z,N0500,6,9,0,0,0,1,0,scl3x3_b1_w8_centernotbad_p0_class2zero_v1,erken_s2_observation_mask_v1,True
2020-08-22,2020,235,7.59886,0,0,True,pre_2023,True,False,False,,,,,,,,,,,,,,,,False
2020-08-23,2020,236,12.4852,0,0,True,pre_2023,True,False,False,,,,,,,,,,,,,,,,False
2020-08-24,2020,237,9.76309,0,0,True,pre_2023,True,True,True,1,1,S2B_MSIL2A_20200824T101559_N0500_R065_T34VCM_20230419T043339,S2B,2020-08-24T10:15:59Z,N0500,6,9,0,0,0,1,0,scl3x3_b1_w8_centernotbad_p0_class2zero_v1,erken_s2_observation_mask_v1,True
2020-08-25,2020,238,8.95464,0,0,True,pre_2023,True,False,False,,,,,,,,,,,,,,,,False
2020-08-26,2020,239,9.09871,0,0,True,pre_2023,True,True,True,1,1,S2A_MSIL2A_20200826T101031_N0500_R022_T34VCM_20230413T171700,S2A,2020-08-26T10:10:31Z,N0500,6,9,0,0,0,1,0,scl3x3_b1_w8_centernotbad_p0_class2zero_v1,erken_s2_observation_mask_v1,True
2020-08-27,2020,240,10.1579,0,0,True,pre_2023,True,False,False,,,,,,,,,,,,,,,,False
2020-08-28,2020,241,10.2748,0,0,True,pre_2023,True,False,False,,,,,,,,,,,,,,,,False
2020-08-29,2020,242,10.3918,0,0,True,pre_2023,True,True,False,1,0,,,,,,,,,,,,scl3x3_b1_w8_centernotbad_p0_class2zero_v1,erken_s2_observation_mask_v1,False
2020-08-30,2020,243,15.5265,0,0,True,pre_2023,True,False,False,,,,,,,,,,,,,,,,False
2020-08-31,2020,244,6.50541,0,0,True,pre_2023,True,True,False,1,0,,,,,,,,,,,,scl3x3_b1_w8_centernotbad_p0_class2zero_v1,erken_s2_observation_mask_v1,False
2020-09-01,2020,245,9.69336,0,0,True,pre_2023,True,False,False,,,,,,,,,,,,,,,,False
2020-09-02,2020,246,7.20788,0,0,True,pre_2023,True,False,False,,,,,,,,,,,,,,,,False
2020-09-03,2020,247,16.5422,0,0,True,pre_2023,True,True,False,1,0,,,,,,,,,,,,scl3x3_b1_w8_centernotbad_p0_class2zero_v1,erken_s2_observation_mask_v1,False
2020-09-04,2020,248,7.48405,0,0,True,pre_2023,True,False,False,,,,,,,,,,,,,,,,False
2020-09-05,2020,249,7.35977,0,0,True,pre_2023,True,True,True,1,1,S2A_MSIL2A_20200905T101031_N0500_R022_T34VCM_20230314T024637,S2A,2020-09-05T10:10:31Z,N0500,6,9,0,0,0,1,0,scl3x3_b1_w8_centernotbad_p0_class2zero_v1,erken_s2_observation_mask_v1,True
2020-09-06,2020,250,16.5975,0,0,True,pre_2023,True,False,False,,,,,,,,,,,,,,,,False
2020-09-07,2020,251,13.0488,0,0,True,pre_2023,True,False,False,,,,,,,,,,,,,,,,False
2020-09-08,2020,252,9.62973,0,0,True,pre_2023,True,True,False,1,0,,,,,,,,,,,,scl3x3_b1_w8_centernotbad_p0_class2zero_v1,erken_s2_observation_mask_v1,False
2020-09-09,2020,253,42.7319,0,0,True,pre_2023,True,False,False,,,,,,,,,,,,,,,,False
2020-09-10,2020,254,22.7814,0,0,True,pre_2023,True,True,True,1,1,S2B_MSIL2A_20200910T100559_N0500_R022_T34VCM_20230311T022411,S2B,2020-09-10T10:05:59Z,N0500,6,9,0,0,0,1,0,scl3x3_b1_w8_centernotbad_p0_class2zero_v1,erken_s2_observation_mask_v1,True
2020-09-11,2020,255,35.7325,0,0,True,pre_2023,True,False,False,,,,,,,,,,,,,,,,False
2020-09-12,2020,256,28.8446,0,0,True,pre_2023,True,False,False,,,,,,,,,,,,,,,,False
2020-09-13,2020,257,30.6279,0,0,True,pre_2023,True,True,True,1,1,S2B_MSIL2A_20200913T101629_N0500_R065_T34VCM_20230418T112835,S2B,2020-09-13T10:16:29Z,N0500,6,9,0,0,0,1,0,scl3x3_b1_w8_centernotbad_p0_class2zero_v1,erken_s2_observation_mask_v1,True
2020-09-14,2020,258,19.3486,0,0,True,pre_2023,True,False,False,,,,,,,,,,,,,,,,False
2020-09-15,2020,259,8.57353,0,0,True,pre_2023,True,True,False,1,0,,,,,,,,,,,,scl3x3_b1_w8_centernotbad_p0_class2zero_v1,erken_s2_observation_mask_v1,False
2020-09-16,2020,260,11.9734,0,0,True,pre_2023,True,False,False,,,,,,,,,,,,,,,,False
2020-09-17,2020,261,6.97708,0,0,True,pre_2023,True,False,False,,,,,,,,,,,,,,,,False
2020-09-18,2020,262,10.0665,0,0,True,pre_2023,True,True,True,1,1,S2A_MSIL2A_20200918T102031_N0500_R065_T34VCM_20230311T043216,S2A,2020-09-18T10:20:31Z,N0500,6,9,0,0,0,1,0,scl3x3_b1_w8_centernotbad_p0_class2zero_v1,erken_s2_observation_mask_v1,True
2020-09-19,2020,263,13.2299,0,0,True,pre_2023,True,False,False,,,,,,,,,,,,,,,,False
2020-09-20,2020,264,16.3193,0,0,True,pre_2023,True,True,False,1,0,,,,,,,,,,,,scl3x3_b1_w8_centernotbad_p0_class2zero_v1,erken_s2_observation_mask_v1,False
2020-09-21,2020,265,3.91722,0,0,True,pre_2023,True,False,False,,,,,,,,,,,,,,,,False
2020-09-22,2020,266,6.07538,0,0,True,pre_2023,True,False,False,,,,,,,,,,,,,,,,False
2020-09-23,2020,267,4.88579,0,0,True,pre_2023,True,True,True,1,1,S2B_MSIL2A_20200923T101649_N0500_R065_T34VCM_20230426T105356,S2B,2020-09-23T10:16:49Z,N0500,6,9,0,0,0,1,0,scl3x3_b1_w8_centernotbad_p0_class2zero_v1,erken_s2_observation_mask_v1,True
2020-09-24,2020,268,4.27778,0,0,True,pre_2023,True,False,False,,,,,,,,,,,,,,,,False
2020-09-25,2020,269,4.42978,0,0,True,pre_2023,True,True,False,1,0,,,,,,,,,,,,scl3x3_b1_w8_centernotbad_p0_class2zero_v1,erken_s2_observation_mask_v1,False
2020-09-26,2020,270,3.89777,0,0,True,pre_2023,True,False,False,,,,,,,,,,,,,,,,False
2020-09-27,2020,271,3.02919,0,0,True,pre_2023,True,False,False,,,,,,,,,,,,,,,,False
2020-09-28,2020,272,3.02919,0,0,True,pre_2023,True,True,False,1,0,,,,,,,,,,,,scl3x3_b1_w8_centernotbad_p0_class2zero_v1,erken_s2_observation_mask_v1,False
2020-09-29,2020,273,2.4732,0,0,True,pre_2023,True,False,False,,,,,,,,,,,,,,,,False
2020-09-30,2020,274,3.31847,0,0,True,pre_2023,True,True,False,1,0,,,,,,,,,,,,scl3x3_b1_w8_centernotbad_p0_class2zero_v1,erken_s2_observation_mask_v1,False
2020-10-01,2020,275,3.57936,0,0,True,pre_2023,True,False,False,,,,,,,,,,,,,,,,False
2020-10-02,2020,276,3.03671,0,0,True,pre_2023,True,False,False,,,,,,,,,,,,,,,,False
2020-10-03,2020,277,2.53581,0,0,True,pre_2023,True,True,False,1,0,,,,,,,,,,,,scl3x3_b1_w8_centernotbad_p0_class2zero_v1,erken_s2_observation_mask_v1,False
2020-10-04,2020,278,2.67147,0,0,True,pre_2023,True,False,False,,,,,,,,,,,,,,,,False
2020-10-05,2020,279,2.62973,0,0,True,pre_2023,True,False,False,,,,,,,,,,,,,,,,False
2020-10-06,2020,280,2.76539,0,0,True,pre_2023,True,False,False,,,,,,,,,,,,,,,,False
2020-10-07,2020,281,2.51494,0,0,True,pre_2023,True,False,False,,,,,,,,,,,,,,,,False
2020-10-08,2020,282,2.88018,0,0,True,pre_2023,True,True,False,1,0,,,,,,,,,,,,scl3x3_b1_w8_centernotbad_p0_class2zero_v1,erken_s2_observation_mask_v1,False
2020-10-09,2020,283,2.91149,0,0,True,pre_2023,True,False,False,,,,,,,,,,,,,,,,False
2020-10-10,2020,284,2.86975,0,0,True,pre_2023,True,True,False,1,0,,,,,,,,,,,,scl3x3_b1_w8_centernotbad_p0_class2zero_v1,erken_s2_observation_mask_v1,False
2020-10-11,2020,285,2.76539,0,0,True,pre_2023,True,False,False,,,,,,,,,,,,,,,,False
2020-10-12,2020,286,3.06802,0,0,True,pre_2023,True,False,False,,,,,,,,,,,,,,,,False
2020-10-13,2020,287,2.41952,0,0,True,pre_2023,True,True,False,1,0,,,,,,,,,,,,scl3x3_b1_w8_centernotbad_p0_class2zero_v1,erken_s2_observation_mask_v1,False
2020-10-14,2020,288,2.58274,0,0,True,pre_2023,True,False,False,,,,,,,,,,,,,,,,False
2020-10-15,2020,289,2.75556,0,0,True,pre_2023,True,True,True,1,1,S2A_MSIL2A_20201015T101031_N0500_R022_T34VCM_20230308T002351,S2A,2020-10-15T10:10:31Z,N0500,6,9,0,0,0,1,0,scl3x3_b1_w8_centernotbad_p0_class2zero_v1,erken_s2_observation_mask_v1,True
2020-10-16,2020,290,3.00519,0,0,True,pre_2023,True,False,False,,,,,,,,,,,,,,,,False
2020-10-17,2020,291,3.22602,0,0,True,pre_2023,True,False,False,,,,,,,,,,,,,,,,False
2020-10-18,2020,292,2.57314,0,0,True,pre_2023,True,True,False,1,0,,,,,,,,,,,,scl3x3_b1_w8_centernotbad_p0_class2zero_v1,erken_s2_observation_mask_v1,False
2020-10-19,2020,293,2.56353,0,0,True,pre_2023,True,False,False,,,,,,,,,,,,,,,,False
2020-10-20,2020,294,2.88998,0,0,True,pre_2023,True,True,False,1,0,,,,,,,,,,,,scl3x3_b1_w8_centernotbad_p0_class2zero_v1,erken_s2_observation_mask_v1,False
2020-10-21,2020,295,3.69648,0,0,True,pre_2023,True,False,False,,,,,,,,,,,,,,,,False
2020-10-22,2020,296,3.75409,0,0,True,pre_2023,True,False,False,,,,,,,,,,,,,,,,False
2020-10-23,2020,297,2.80356,0,0,True,pre_2023,True,True,False,1,0,,,,,,,,,,,,scl3x3_b1_w8_centernotbad_p0_class2zero_v1,erken_s2_observation_mask_v1,False
2020-10-24,2020,298,3.24522,0,0,True,pre_2023,True,False,False,,,,,,,,,,,,,,,,False
2020-10-25,2020,299,3.0628,0,0,True,pre_2023,True,True,False,1,0,,,,,,,,,,,,scl3x3_b1_w8_centernotbad_p0_class2zero_v1,erken_s2_observation_mask_v1,False
2020-10-26,2020,300,2.06082,0,0,True,pre_2023,True,False,False,,,,,,,,,,,,,,,,False
2020-10-27,2020,301,1.32568,0,0,True,pre_2023,True,False,False,,,,,,,,,,,,,,,,False
2020-10-28,2020,302,1.29449,0,0,True,pre_2023,True,True,False,1,0,,,,,,,,,,,,scl3x3_b1_w8_centernotbad_p0_class2zero_v1,erken_s2_observation_mask_v1,False
2020-10-29,2020,303,1.26331,0,0,True,pre_2023,True,False,False,,,,,,,,,,,,,,,,False
2020-10-30,2020,304,1.23212,0,0,True,pre_2023,True,True,False,1,0,,,,,,,,,,,,scl3x3_b1_w8_centernotbad_p0_class2zero_v1,erken_s2_observation_mask_v1,False
2020-10-31,2020,305,1.20094,0,0,True,pre_2023,True,False,False,,,,,,,,,,,,,,,,False
2020-11-01,2020,306,1.98181,0,0,True,pre_2023,True,False,False,,,,,,,,,,,,,,,,False
2020-11-02,2020,307,1.86988,0,0,True,pre_2023,True,True,False,1,0,,,,,,,,,,,,scl3x3_b1_w8_centernotbad_p0_class2zero_v1,erken_s2_observation_mask_v1,False
2020-11-03,2020,308,1.5736,0,0,True,pre_2023,True,False,False,,,,,,,,,,,,,,,,False
2020-11-04,2020,309,1.0762,0,0,True,pre_2023,True,True,True,1,1,S2A_MSIL2A_20201104T101211_N0500_R022_T34VCM_20230319T070226,S2A,2020-11-04T10:12:11Z,N0500,6,9,0,0,0,1,0,scl3x3_b1_w8_centernotbad_p0_class2zero_v1,erken_s2_observation_mask_v1,True
2020-11-05,2020,310,1.04501,0,0,True,pre_2023,True,False,False,,,,,,,,,,,,,,,,False
2020-11-06,2020,311,1.01383,0,0,True,pre_2023,True,False,False,,,,,,,,,,,,,,,,False
2020-11-07,2020,312,0.982644,0,0,True,pre_2023,True,True,False,1,0,,,,,,,,,,,,scl3x3_b1_w8_centernotbad_p0_class2zero_v1,erken_s2_observation_mask_v1,False
2020-11-08,2020,313,0.951459,0,0,True,pre_2023,True,False,False,,,,,,,,,,,,,,,,False
2020-11-09,2020,314,0.920274,0,0,True,pre_2023,True,True,True,1,1,S2B_MSIL2A_20201109T101239_N0500_R022_T34VCM_20230302T145813,S2B,2020-11-09T10:12:39Z,N0500,6,9,0,0,0,1,0,scl3x3_b1_w8_centernotbad_p0_class2zero_v1,erken_s2_observation_mask_v1,True
2020-11-10,2020,315,1.35036,0,0,True,pre_2023,True,False,False,,,,,,,,,,,,,,,,False
2020-11-11,2020,316,1.35644,0,0,True,pre_2023,True,False,False,,,,,,,,,,,,,,,,False
2020-11-12,2020,317,2.85,0,0,True,pre_2023,True,True,False,1,0,,,,,,,,,,,,scl3x3_b1_w8_centernotbad_p0_class2zero_v1,erken_s2_observation_mask_v1,False
2020-11-13,2020,318,2.96,0,0,True,pre_2023,True,False,False,,,,,,,,,,,,,,,,False
2020-11-14,2020,319,2.45,0,0,True,pre_2023,True,True,False,1,0,,,,,,,,,,,,scl3x3_b1_w8_centernotbad_p0_class2zero_v1,erken_s2_observation_mask_v1,False
2020-11-15,2020,320,2.46,0,0,True,pre_2023,True,False,False,,,,,,,,,,,,,,,,False
2020-11-16,2020,321,2.29,0,0,True,pre_2023,True,False,False,,,,,,,,,,,,,,,,False
2020-11-17,2020,322,2.41,0,0,True,pre_2023,True,True,False,1,0,,,,,,,,,,,,scl3x3_b1_w8_centernotbad_p0_class2zero_v1,erken_s2_observation_mask_v1,False
2020-11-18,2020,323,2.09,0,0,True,pre_2023,True,False,False,,,,,,,,,,,,,,,,False
2020-11-19,2020,324,2.14,0,0,True,pre_2023,True,True,False,1,0,,,,,,,,,,,,scl3x3_b1_w8_centernotbad_p0_class2zero_v1,erken_s2_observation_mask_v1,False
2020-11-20,2020,325,2.24,0,0,True,pre_2023,True,False,False,,,,,,,,,,,,,,,,False
2020-11-21,2020,326,2.35,0,0,True,pre_2023,True,False,False,,,,,,,,,,,,,,,,False
2020-11-22,2020,327,2.13,0,0,True,pre_2023,True,True,True,1,1,S2B_MSIL2A_20201122T102339_N0500_R065_T34VCM_20230402T194726,S2B,2020-11-22T10:23:39Z,N0500,6,9,0,0,0,1,0,scl3x3_b1_w8_centernotbad_p0_class2zero_v1,erken_s2_observation_mask_v1,True
2020-11-23,2020,328,2.15,0,0,True,pre_2023,True,False,False,,,,,,,,,,,,,,,,False
2020-11-24,2020,329,1.4355,0,0,True,pre_2023,True,True,False,1,0,,,,,,,,,,,,scl3x3_b1_w8_centernotbad_p0_class2zero_v1,erken_s2_observation_mask_v1,False
2020-11-25,2020,330,0.898489,0,0,True,pre_2023,True,False,False,,,,,,,,,,,,,,,,False
2020-11-26,2020,331,0.851722,0,0,True,pre_2023,True,False,False,,,,,,,,,,,,,,,,False
2020-11-27,2020,332,0.804954,0,0,True,pre_2023,True,True,False,1,0,,,,,,,,,,,,scl3x3_b1_w8_centernotbad_p0_class2zero_v1,erken_s2_observation_mask_v1,False
2020-11-28,2020,333,0.758187,0,0,True,pre_2023,True,False,False,,,,,,,,,,,,,,,,False
2020-11-29,2020,334,0.711419,0,0,True,pre_2023,True,True,False,1,0,,,,,,,,,,,,scl3x3_b1_w8_centernotbad_p0_class2zero_v1,erken_s2_observation_mask_v1,False
2020-11-30,2020,335,0.664652,0,0,True,pre_2023,True,False,False,,,,,,,,,,,,,,,,False
2020-12-01,2020,336,0.617884,0,0,True,pre_2023,True,False,False,,,,,,,,,,,,,,,,False
2020-12-02,2020,337,0.571116,0,0,True,pre_2023,True,False,False,,,,,,,,,,,,,,,,False
2020-12-03,2020,338,0.524349,0,0,True,pre_2023,True,False,False,,,,,,,,,,,,,,,,False
2020-12-04,2020,339,0.477581,0,0,True,pre_2023,True,False,False,,,,,,,,,,,,,,,,False
2020-12-05,2020,340,0.763844,0,0,True,pre_2023,True,False,False,,,,,,,,,,,,,,,,False
2020-12-06,2020,341,0.836278,0,0,True,pre_2023,True,False,False,,,,,,,,,,,,,,,,False
2020-12-07,2020,342,0.763844,0,0,True,pre_2023,True,False,False,,,,,,,,,,,,,,,,False
2020-12-08,2020,343,0.44118,0,0,True,pre_2023,True,False,False,,,,,,,,,,,,,,,,False
2020-12-09,2020,344,0.437241,0,0,True,pre_2023,True,False,False,,,,,,,,,,,,,,,,False
2020-12-10,2020,345,0.445119,0,0,True,pre_2023,True,False,False,,,,,,,,,,,,,,,,False
2020-12-11,2020,346,0.445119,0,0,True,pre_2023,True,False,False,,,,,,,,,,,,,,,,False
2020-12-12,2020,347,0.460876,0,0,True,pre_2023,True,True,False,1,0,,,,,,,,,,,,scl3x3_b1_w8_centernotbad_p0_class2zero_v1,erken_s2_observation_mask_v1,False
2020-12-13,2020,348,0.409667,0,0,True,pre_2023,True,False,False,,,,,,,,,,,,,,,,False
2020-12-14,2020,349,0.476632,0,0,True,pre_2023,True,False,False,,,,,,,,,,,,,,,,False
2020-12-15,2020,350,0.48451,0,0,True,pre_2023,True,False,False,,,,,,,,,,,,,,,,False
2020-12-16,2020,351,0.492388,0,0,True,pre_2023,True,False,False,,,,,,,,,,,,,,,,False
2020-12-17,2020,352,0.370276,0,0,True,pre_2023,True,False,False,,,,,,,,,,,,,,,,False
2020-12-18,2020,353,0.488449,0,0,True,pre_2023,True,False,False,,,,,,,,,,,,,,,,False
2020-12-19,2020,354,0.437241,0,0,True,pre_2023,True,True,False,1,0,,,,,,,,,,,,scl3x3_b1_w8_centernotbad_p0_class2zero_v1,erken_s2_observation_mask_v1,False
2020-12-20,2020,355,0.413606,0,0,True,pre_2023,True,False,False,,,,,,,,,,,,,,,,False
2020-12-21,2020,356,0.488449,0,0,True,pre_2023,True,False,False,,,,,,,,,,,,,,,,False
2020-12-22,2020,357,0.401789,0,0,True,pre_2023,True,True,False,1,0,,,,,,,,,,,,scl3x3_b1_w8_centernotbad_p0_class2zero_v1,erken_s2_observation_mask_v1,False
2020-12-23,2020,358,0.492388,0,0,True,pre_2023,True,False,False,,,,,,,,,,,,,,,,False
2020-12-24,2020,359,0.378154,0,0,True,pre_2023,True,False,False,,,,,,,,,,,,,,,,False
2020-12-25,2020,360,0.389972,0,0,True,pre_2023,True,False,False,,,,,,,,,,,,,,,,False
2020-12-26,2020,361,0.429363,0,0,True,pre_2023,True,False,False,,,,,,,,,,,,,,,,False
2020-12-27,2020,362,0.480571,0,0,True,pre_2023,True,False,False,,,,,,,,,,,,,,,,False
2020-12-28,2020,363,0.386033,0,0,True,pre_2023,True,False,False,,,,,,,,,,,,,,,,False
2020-12-29,2020,364,0.413606,0,0,True,pre_2023,True,True,False,1,0,,,,,,,,,,,,scl3x3_b1_w8_centernotbad_p0_class2zero_v1,erken_s2_observation_mask_v1,False
2020-12-30,2020,365,0.417545,0,0,True,pre_2023,True,False,False,,,,,,,,,,,,,,,,False
2020-12-31,2020,366,0.464815,0,0,True,pre_2023,True,False,False,,,,,,,,,,,,,,,,False
2021-01-01,2021,1,0.61844,0,0,True,pre_2023,True,True,False,1,0,,,,,,,,,,,,scl3x3_b1_w8_centernotbad_p0_class2zero_v1,erken_s2_observation_mask_v1,False
2021-01-02,2021,2,0.512084,0,0,True,pre_2023,True,False,False,,,,,,,,,,,,,,,,False
2021-01-03,2021,3,0.52784,0,0,True,pre_2023,True,False,False,,,,,,,,,,,,,,,,False
2021-01-04,2021,4,0.437241,0,0,True,pre_2023,True,False,False,,,,,,,,,,,,,,,,False
2021-01-05,2021,5,0.783882,0,0,True,pre_2023,True,False,False,,,,,,,,,,,,,,,,False
2021-01-06,2021,6,0.630257,0,0,True,pre_2023,True,False,False,,,,,,,,,,,,,,,,False
2021-01-07,2021,7,0.508145,0,0,True,pre_2023,True,False,False,,,,,,,,,,,,,,,,False
2021-01-08,2021,8,0.492388,0,0,True,pre_2023,True,True,False,1,0,,,,,,,,,,,,scl3x3_b1_w8_centernotbad_p0_class2zero_v1,erken_s2_observation_mask_v1,False
2021-01-09,2021,9,0.512084,0,0,True,pre_2023,True,False,False,,,,,,,,,,,,,,,,False
2021-01-10,2021,10,0.52784,0,0,True,pre_2023,True,False,False,,,,,,,,,,,,,,,,False
2021-01-11,2021,11,0.504206,0,0,True,pre_2023,True,True,False,1,0,,,,,,,,,,,,scl3x3_b1_w8_centernotbad_p0_class2zero_v1,erken_s2_observation_mask_v1,False
2021-01-12,2021,12,0.71739,0,0,True,pre_2023,True,False,False,,,,,,,,,,,,,,,,False
2021-01-13,2021,13,0.9947,0,0,True,pre_2023,True,True,False,1,0,,,,,,,,,,,,scl3x3_b1_w8_centernotbad_p0_class2zero_v1,erken_s2_observation_mask_v1,False
2021-01-14,2021,14,0.765618,0,0,True,pre_2023,True,False,False,,,,,,,,,,,,,,,,False
2021-01-15,2021,15,0.801789,0,0,True,pre_2023,True,False,False,,,,,,,,,,,,,,,,False
2021-01-16,2021,16,0.711362,0,0,True,pre_2023,True,True,False,1,0,,,,,,,,,,,,scl3x3_b1_w8_centernotbad_p0_class2zero_v1,erken_s2_observation_mask_v1,False
2021-01-17,2021,17,0.91633,0,0,True,pre_2023,True,False,False,,,,,,,,,,,,,,,,False
2021-01-18,2021,18,1.04896,0,0,True,pre_2023,True,True,False,1,0,,,,,,,,,,,,scl3x3_b1_w8_centernotbad_p0_class2zero_v1,erken_s2_observation_mask_v1,False
2021-01-19,2021,19,0.970586,0,0,True,pre_2023,True,False,False,,,,,,,,,,,,,,,,False
2021-01-20,2021,20,1.0369,0,0,True,pre_2023,True,False,False,,,,,,,,,,,,,,,,False
2021-01-21,2021,21,0.874131,0,0,True,pre_2023,True,True,False,1,0,,,,,,,,,,,,scl3x3_b1_w8_centernotbad_p0_class2zero_v1,erken_s2_observation_mask_v1,False
2021-01-22,2021,22,0.79576,0,0,True,pre_2023,True,False,False,,,,,,,,,,,,,,,,False
2021-01-23,2021,23,0.862074,0,0,True,pre_2023,True,True,False,1,0,,,,,,,,,,,,scl3x3_b1_w8_centernotbad_p0_class2zero_v1,erken_s2_observation_mask_v1,False
2021-01-24,2021,24,0.922359,0,0,True,pre_2023,True,False,False,,,,,,,,,,,,,,,,False
2021-01-25,2021,25,1.13938,0,0,True,pre_2023,True,False,False,,,,,,,,,,,,,,,,False
2021-01-26,2021,26,0.904273,0,0,True,pre_2023,True,True,False,1,0,,,,,,,,,,,,scl3x3_b1_w8_centernotbad_p0_class2zero_v1,erken_s2_observation_mask_v1,False
2021-01-27,2021,27,1.0369,0,0,True,pre_2023,True,False,False,,,,,,,,,,,,,,,,False
2021-01-28,2021,28,1.04293,0,0,True,pre_2023,True,True,False,1,0,,,,,,,,,,,,scl3x3_b1_w8_centernotbad_p0_class2zero_v1,erken_s2_observation_mask_v1,False
2021-01-29,2021,29,1.04896,1,1,False,pre_2023,True,False,False,,,,,,,,,,,,,,,,False
2021-01-30,2021,30,1.12733,0,0,True,pre_2023,True,False,False,,,,,,,,,,,,,,,,False
2021-01-31,2021,31,1.04896,0,0,True,pre_2023,True,True,False,1,0,,,,,,,,,,,,scl3x3_b1_w8_centernotbad_p0_class2zero_v1,erken_s2_observation_mask_v1,False
2021-02-01,2021,32,0.934416,1,1,False,pre_2023,True,False,False,,,,,,,,,,,,,,,,False
2021-02-02,2021,33,1.19364,1,1,False,pre_2023,True,True,False,1,0,,,,,,,,,,,,scl3x3_b1_w8_centernotbad_p0_class2zero_v1,erken_s2_observation_mask_v1,False
2021-02-03,2021,34,1.50109,1,1,False,pre_2023,True,False,False,,,,,,,,,,,,,,,,False
2021-02-04,2021,35,1.39258,1,1,False,pre_2023,True,False,False,,,,,,,,,,,,,,,,False
2021-02-05,2021,36,1.3745,1,1,False,pre_2023,True,True,False,1,0,,,,,,,,,,,,scl3x3_b1_w8_centernotbad_p0_class2zero_v1,erken_s2_observation_mask_v1,False
2021-02-06,2021,37,1.7362,1,1,False,pre_2023,True,False,False,,,,,,,,,,,,,,,,False
2021-02-07,2021,38,1.71209,1,1,False,pre_2023,True,True,False,1,0,,,,,,,,,,,,scl3x3_b1_w8_centernotbad_p0_class2zero_v1,erken_s2_observation_mask_v1,False
2021-02-08,2021,39,1.3745,1,1,False,pre_2023,True,False,False,,,,,,,,,,,,,,,,False
2021-02-09,2021,40,1.23584,1,1,False,pre_2023,True,False,False,,,,,,,,,,,,,,,,False
2021-02-10,2021,41,1.32024,1,1,False,pre_2023,True,True,False,1,0,,,,,,,,,,,,scl3x3_b1_w8_centernotbad_p0_class2zero_v1,erken_s2_observation_mask_v1,False
2021-02-11,2021,42,1.46492,1,1,False,pre_2023,True,False,False,,,,,,,,,,,,,,,,False
2021-02-12,2021,43,1.32024,1,1,False,pre_2023,True,True,False,1,0,,,,,,,,,,,,scl3x3_b1_w8_centernotbad_p0_class2zero_v1,erken_s2_observation_mask_v1,False
2021-02-13,2021,44,1.28407,1,1,False,pre_2023,True,False,False,,,,,,,,,,,,,,,,False
2021-02-14,2021,45,1.52521,1,1,False,pre_2023,True,False,False,,,,,,,,,,,,,,,,False
2021-02-15,2021,46,1.3745,1,1,False,pre_2023,True,True,False,1,0,,,,,,,,,,,,scl3x3_b1_w8_centernotbad_p0_class2zero_v1,erken_s2_observation_mask_v1,False
2021-02-16,2021,47,0.93141,1,1,False,pre_2023,True,False,False,,,,,,,,,,,,,,,,False
2021-02-17,2021,48,1.03906,1,1,False,pre_2023,True,True,False,1,0,,,,,,,,,,,,scl3x3_b1_w8_centernotbad_p0_class2zero_v1,erken_s2_observation_mask_v1,False
2021-02-18,2021,49,1.23564,1,1,False,pre_2023,True,False,False,,,,,,,,,,,,,,,,False
2021-02-19,2021,50,1.21224,1,1,False,pre_2023,True,False,False,,,,,,,,,,,,,,,,False
2021-02-20,2021,51,0.856523,1,1,False,pre_2023,True,True,False,1,0,,,,,,,,,,,,scl3x3_b1_w8_centernotbad_p0_class2zero_v1,erken_s2_observation_mask_v1,False
2021-02-21,2021,52,1.07182,1,1,False,pre_2023,True,False,False,,,,,,,,,,,,,,,,False
2021-02-22,2021,53,0.940771,1,1,False,pre_2023,True,True,False,1,0,,,,,,,,,,,,scl3x3_b1_w8_centernotbad_p0_class2zero_v1,erken_s2_observation_mask_v1,False
2021-02-23,2021,54,0.959493,1,1,False,pre_2023,True,False,False,,,,,,,,,,,,,,,,False
2021-02-24,2021,55,1.12799,1,1,False,pre_2023,True,False,False,,,,,,,,,,,,,,,,False
2021-02-25,2021,56,0.940771,1,1,False,pre_2023,True,True,False,1,0,,,,,,,,,,,,scl3x3_b1_w8_centernotbad_p0_class2zero_v1,erken_s2_observation_mask_v1,False
2021-02-26,2021,57,0.82844,1,1,False,pre_2023,True,False,False,,,,,,,,,,,,,,,,False
2021-02-27,2021,58,0.879925,1,1,False,pre_2023,True,True,True,1,1,S2B_MSIL2A_20210227T101029_N0500_R022_T34VCM_20230602T214212,S2B,2021-02-27T10:10:29Z,N0500,6,9,0,0,0,1,0,scl3x3_b1_w8_centernotbad_p0_class2zero_v1,erken_s2_observation_mask_v1,False
2021-02-28,2021,59,0.837801,0,0,True,pre_2023,True,False,False,,,,,,,,,,,,,,,,False
2021-03-01,2021,60,0.959493,0,0,True,pre_2023,True,False,False,,,,,,,,,,,,,,,,False
2021-03-02,2021,61,0.908008,0,0,True,pre_2023,True,True,False,1,0,,,,,,,,,,,,scl3x3_b1_w8_centernotbad_p0_class2zero_v1,erken_s2_observation_mask_v1,False
2021-03-03,2021,62,0.861203,0,0,True,pre_2023,True,False,False,,,,,,,,,,,,,,,,False
2021-03-04,2021,63,0.950132,0,0,True,pre_2023,True,True,False,1,0,,,,,,,,,,,,scl3x3_b1_w8_centernotbad_p0_class2zero_v1,erken_s2_observation_mask_v1,False
2021-03-05,2021,64,0.978215,0,0,True,pre_2023,True,False,False,,,,,,,,,,,,,,,,False
2021-03-06,2021,65,1.0531,0,0,True,pre_2023,True,False,False,,,,,,,,,,,,,,,,False
2021-03-07,2021,66,1.06714,0,0,True,pre_2023,True,True,False,1,0,,,,,,,,,,,,scl3x3_b1_w8_centernotbad_p0_class2zero_v1,erken_s2_observation_mask_v1,False
2021-03-08,2021,67,1.14203,0,0,True,pre_2023,True,False,False,,,,,,,,,,,,,,,,False
2021-03-09,2021,68,1.41818,0,0,True,pre_2023,True,True,False,1,0,,,,,,,,,,,,scl3x3_b1_w8_centernotbad_p0_class2zero_v1,erken_s2_observation_mask_v1,False
2021-03-10,2021,69,1.72709,0,0,True,pre_2023,True,False,False,,,,,,,,,,,,,,,,False
2021-03-11,2021,70,1.87218,1,1,False,pre_2023,True,False,False,,,,,,,,,,,,,,,,False
2021-03-12,2021,71,1.70837,1,1,False,pre_2023,True,True,False,1,0,,,,,,,,,,,,scl3x3_b1_w8_centernotbad_p0_class2zero_v1,erken_s2_observation_mask_v1,False
2021-03-13,2021,72,1.59135,0,0,True,pre_2023,True,False,False,,,,,,,,,,,,,,,,False
2021-03-14,2021,73,1.84878,0,0,True,pre_2023,True,True,False,1,0,,,,,,,,,,,,scl3x3_b1_w8_centernotbad_p0_class2zero_v1,erken_s2_observation_mask_v1,False
2021-03-15,2021,74,2.1062,0,0,True,pre_2023,True,False,False,,,,,,,,,,,,,,,,False
2021-03-16,2021,75,3.26772,0,0,True,pre_2023,True,False,False,,,,,,,,,,,,,,,,False
2021-03-17,2021,76,3.5383,0,0,True,pre_2023,True,True,False,1,0,,,,,,,,,,,,scl3x3_b1_w8_centernotbad_p0_class2zero_v1,erken_s2_observation_mask_v1,False
2021-03-18,2021,77,3.67011,0,0,True,pre_2023,True,False,False,,,,,,,,,,,,,,,,False
2021-03-19,2021,78,3.43423,0,0,True,pre_2023,True,True,True,1,1,S2B_MSIL2A_20210319T100649_N0500_R022_T34VCM_20230520T034739,S2B,2021-03-19T10:06:49Z,N0500,6,9,0,0,0,1,0,scl3x3_b1_w8_centernotbad_p0_class2zero_v1,erken_s2_observation_mask_v1,True
2021-03-20,2021,79,4.68998,0,0,True,pre_2023,True,False,False,,,,,,,,,,,,,,,,False
2021-03-21,2021,80,4.00313,0,0,True,pre_2023,True,False,False,,,,,,,,,,,,,,,,False
2021-03-22,2021,81,4.19045,0,0,True,pre_2023,True,True,True,1,1,S2B_MSIL2A_20210322T101649_N0500_R065_T34VCM_20230605T043412,S2B,2021-03-22T10:16:49Z,N0500,6,9,0,0,0,1,0,scl3x3_b1_w8_centernotbad_p0_class2zero_v1,erken_s2_observation_mask_v1,True
2021-03-23,2021,82,5.12706,0,0,True,pre_2023,True,False,False,,,,,,,,,,,,,,,,False
2021-03-24,2021,83,5.84166,0,0,True,pre_2023,True,True,False,1,0,,,,,,,,,,,,scl3x3_b1_w8_centernotbad_p0_class2zero_v1,erken_s2_observation_mask_v1,False
2021-03-25,2021,84,5.62658,0,0,True,pre_2023,True,False,False,,,,,,,,,,,,,,,,False
2021-03-26,2021,85,7.40322,0,0,True,pre_2023,True,False,False,,,,,,,,,,,,,,,,False
2021-03-27,2021,86,9.62277,0,0,True,pre_2023,True,True,False,1,0,,,,,,,,,,,,scl3x3_b1_w8_centernotbad_p0_class2zero_v1,erken_s2_observation_mask_v1,False
2021-03-28,2021,87,11.2254,0,0,True,pre_2023,True,False,False,,,,,,,,,,,,,,,,False
2021-03-29,2021,88,10.7361,0,0,True,pre_2023,True,True,False,1,0,,,,,,,,,,,,scl3x3_b1_w8_centernotbad_p0_class2zero_v1,erken_s2_observation_mask_v1,False
2021-03-30,2021,89,13.0663,0,0,True,pre_2023,True,False,False,,,,,,,,,,,,,,,,False
2021-03-31,2021,90,16.4563,0,0,True,pre_2023,True,False,False,,,,,,,,,,,,,,,,False
2021-04-01,2021,91,20.6682,0,0,True,pre_2023,True,True,False,1,0,,,,,,,,,,,,scl3x3_b1_w8_centernotbad_p0_class2zero_v1,erken_s2_observation_mask_v1,False
2021-04-02,2021,92,29.1557,0,0,True,pre_2023,True,False,False,,,,,,,,,,,,,,,,False
2021-04-03,2021,93,29.1252,0,0,True,pre_2023,True,True,True,1,1,S2A_MSIL2A_20210403T101021_N0500_R022_T34VCM_20230512T004623,S2A,2021-04-03T10:10:21Z,N0500,6,9,0,0,0,1,0,scl3x3_b1_w8_centernotbad_p0_class2zero_v1,erken_s2_observation_mask_v1,True
2021-04-04,2021,94,27.8084,0,0,True,pre_2023,True,False,False,,,,,,,,,,,,,,,,False
2021-04-05,2021,95,23.4226,0,0,True,pre_2023,True,False,False,,,,,,,,,,,,,,,,False
2021-04-06,2021,96,32.955,0,0,True,pre_2023,True,True,False,1,0,,,,,,,,,,,,scl3x3_b1_w8_centernotbad_p0_class2zero_v1,erken_s2_observation_mask_v1,False
2021-04-07,2021,97,35.5461,0,0,True,pre_2023,True,False,False,,,,,,,,,,,,,,,,False
2021-04-08,2021,98,37.8682,0,0,True,pre_2023,True,True,True,1,1,S2B_MSIL2A_20210408T100549_N0500_R022_T34VCM_20230513T124455,S2B,2021-04-08T10:05:49Z,N0500,6,9,0,0,0,1,0,scl3x3_b1_w8_centernotbad_p0_class2zero_v1,erken_s2_observation_mask_v1,True
2021-04-09,2021,99,35.8534,0,0,True,pre_2023,True,False,False,,,,,,,,,,,,,,,,False
2021-04-10,2021,100,25.1514,0,0,True,pre_2023,True,False,False,,,,,,,,,,,,,,,,False
2021-04-11,2021,101,23.6604,0,0,True,pre_2023,True,True,False,1,0,,,,,,,,,,,,scl3x3_b1_w8_centernotbad_p0_class2zero_v1,erken_s2_observation_mask_v1,False
2021-04-12,2021,102,26.8031,0,0,True,pre_2023,True,False,False,,,,,,,,,,,,,,,,False
2021-04-13,2021,103,16.1616,0,0,True,pre_2023,True,True,True,1,1,S2A_MSIL2A_20210413T101021_N0500_R022_T34VCM_20230513T131428,S2A,2021-04-13T10:10:21Z,N0500,6,9,0,0,0,1,0,scl3x3_b1_w8_centernotbad_p0_class2zero_v1,erken_s2_observation_mask_v1,True
2021-04-14,2021,104,10.6212,0,0,True,pre_2023,True,False,False,,,,,,,,,,,,,,,,False
2021-04-15,2021,105,6.27004,0,0,True,pre_2023,True,False,False,,,,,,,,,,,,,,,,False
2021-04-16,2021,106,4.29113,0,0,True,pre_2023,True,True,False,1,0,,,,,,,,,,,,scl3x3_b1_w8_centernotbad_p0_class2zero_v1,erken_s2_observation_mask_v1,False
2021-04-17,2021,107,3.2131,0,0,True,pre_2023,True,False,False,,,,,,,,,,,,,,,,False
2021-04-18,2021,108,2.93683,0,0,True,pre_2023,True,True,True,1,1,S2B_MSIL2A_20210418T100549_N0500_R022_T34VCM_20230525T063818,S2B,2021-04-18T10:05:49Z,N0500,6,9,0,0,0,1,0,scl3x3_b1_w8_centernotbad_p0_class2zero_v1,erken_s2_observation_mask_v1,True
2021-04-19,2021,109,2.62753,0,0,True,pre_2023,True,False,False,,,,,,,,,,,,,,,,False
2021-04-20,2021,110,3.91383,0,0,True,pre_2023,True,False,False,,,,,,,,,,,,,,,,False
2021-04-21,2021,111,4.2086,0,0,True,pre_2023,True,True,True,1,1,S2B_MSIL2A_20210421T101549_N0500_R065_T34VCM_20230518T200516,S2B,2021-04-21T10:15:49Z,N0500,6,9,0,0,0,1,0,scl3x3_b1_w8_centernotbad_p0_class2zero_v1,erken_s2_observation_mask_v1,True
2021-04-22,2021,112,3.60269,0,0,True,pre_2023,True,False,False,,,,,,,,,,,,,,,,False
2021-04-23,2021,113,3.53719,0,0,True,pre_2023,True,True,True,1,1,S2A_MSIL2A_20210423T101021_N0500_R022_T34VCM_20230512T140300,S2A,2021-04-23T10:10:21Z,N0500,6,9,0,0,0,1,0,scl3x3_b1_w8_centernotbad_p0_class2zero_v1,erken_s2_observation_mask_v1,True
2021-04-24,2021,114,3.59177,0,0,True,pre_2023,True,False,False,,,,,,,,,,,,,,,,False
2021-04-25,2021,115,3.892,0,0,True,pre_2023,True,False,False,,,,,,,,,,,,,,,,False
2021-04-26,2021,116,3.90837,0,0,True,pre_2023,True,True,False,1,0,,,,,,,,,,,,scl3x3_b1_w8_centernotbad_p0_class2zero_v1,erken_s2_observation_mask_v1,False
2021-04-27,2021,117,3.70818,0,0,True,pre_2023,True,False,False,,,,,,,,,,,,,,,,False
2021-04-28,2021,118,4.2967,0,0,True,pre_2023,True,True,False,1,0,,,,,,,,,,,,scl3x3_b1_w8_centernotbad_p0_class2zero_v1,erken_s2_observation_mask_v1,False
2021-04-29,2021,119,4.1101,0,0,True,pre_2023,True,False,False,,,,,,,,,,,,,,,,False
2021-04-30,2021,120,3.62684,0,0,True,pre_2023,True,False,False,,,,,,,,,,,,,,,,False
2021-05-01,2021,121,3.11487,0,0,True,pre_2023,True,True,False,1,0,,,,,,,,,,,,scl3x3_b1_w8_centernotbad_p0_class2zero_v1,erken_s2_observation_mask_v1,False
2021-05-02,2021,122,2.94262,0,0,True,pre_2023,True,False,False,,,,,,,,,,,,,,,,False
2021-05-03,2021,123,3.201,0,0,True,pre_2023,True,True,False,1,0,,,,,,,,,,,,scl3x3_b1_w8_centernotbad_p0_class2zero_v1,erken_s2_observation_mask_v1,False
2021-05-04,2021,124,2.51851,0,0,True,pre_2023,True,False,False,,,,,,,,,,,,,,,,False
2021-05-05,2021,125,2.21435,0,0,True,pre_2023,True,False,False,,,,,,,,,,,,,,,,False
2021-05-06,2021,126,2.29546,0,0,True,pre_2023,True,True,False,1,0,,,,,,,,,,,,scl3x3_b1_w8_centernotbad_p0_class2zero_v1,erken_s2_observation_mask_v1,False
2021-05-07,2021,127,1.93451,0,0,True,pre_2023,True,False,False,,,,,,,,,,,,,,,,False
2021-05-08,2021,128,2.13323,0,0,True,pre_2023,True,True,True,1,1,S2B_MSIL2A_20210508T100549_N0500_R022_T34VCM_20230207T093304,S2B,2021-05-08T10:05:49Z,N0500,6,9,0,0,0,1,0,scl3x3_b1_w8_centernotbad_p0_class2zero_v1,erken_s2_observation_mask_v1,True
2021-05-09,2021,129,2.03996,0,0,True,pre_2023,True,False,False,,,,,,,,,,,,,,,,False
2021-05-10,2021,130,2.12918,0,0,True,pre_2023,True,False,False,,,,,,,,,,,,,,,,False
2021-05-11,2021,131,1.96803,0,0,True,pre_2023,True,True,False,1,0,,,,,,,,,,,,scl3x3_b1_w8_centernotbad_p0_class2zero_v1,erken_s2_observation_mask_v1,False
2021-05-12,2021,132,2.04859,0,0,True,pre_2023,True,False,False,,,,,,,,,,,,,,,,False
2021-05-13,2021,133,2.07928,0,0,True,pre_2023,True,True,True,1,1,S2A_MSIL2A_20210513T101021_N0500_R022_T34VCM_20230208T230237,S2A,2021-05-13T10:10:21Z,N0500,6,9,0,0,0,1,0,scl3x3_b1_w8_centernotbad_p0_class2zero_v1,erken_s2_observation_mask_v1,True
2021-05-14,2021,134,1.90665,0,0,True,pre_2023,True,False,False,,,,,,,,,,,,,,,,False
2021-05-15,2021,135,2.14066,0,0,True,pre_2023,True,False,False,,,,,,,,,,,,,,,,False
2021-05-16,2021,136,2.29028,0,0,True,pre_2023,True,True,False,1,0,,,,,,,,,,,,scl3x3_b1_w8_centernotbad_p0_class2zero_v1,erken_s2_observation_mask_v1,False
2021-05-17,2021,137,2.09079,0,0,True,pre_2023,True,False,False,,,,,,,,,,,,,,,,False
2021-05-18,2021,138,2.2734,0,0,True,pre_2023,True,True,True,1,1,S2B_MSIL2A_20210518T100559_N0500_R022_T34VCM_20230222T190943,S2B,2021-05-18T10:05:59Z,N0500,6,9,0,0,0,1,0,scl3x3_b1_w8_centernotbad_p0_class2zero_v1,erken_s2_observation_mask_v1,True
2021-05-19,2021,139,2.16756,0,0,True,pre_2023,True,False,False,,,,,,,,,,,,,,,,False
2021-05-20,2021,140,1.98129,0,0,True,pre_2023,True,False,False,,,,,,,,,,,,,,,,False
2021-05-21,2021,141,2.25647,0,0,True,pre_2023,True,True,False,1,0,,,,,,,,,,,,scl3x3_b1_w8_centernotbad_p0_class2zero_v1,erken_s2_observation_mask_v1,False
2021-05-22,2021,142,2.43427,0,0,True,pre_2023,True,False,False,,,,,,,,,,,,,,,,False
2021-05-23,2021,143,1.90508,0,0,True,pre_2023,True,True,False,1,0,,,,,,,,,,,,scl3x3_b1_w8_centernotbad_p0_class2zero_v1,erken_s2_observation_mask_v1,False
2021-05-24,2021,144,1.74421,0,0,True,pre_2023,True,False,False,,,,,,,,,,,,,,,,False
2021-05-25,2021,145,1.75473,0,0,True,pre_2023,True,False,False,,,,,,,,,,,,,,,,False
2021-05-26,2021,146,1.35447,0,0,True,pre_2023,True,True,False,1,0,,,,,,,,,,,,scl3x3_b1_w8_centernotbad_p0_class2zero_v1,erken_s2_observation_mask_v1,False
2021-05-27,2021,147,1.44738,0,0,True,pre_2023,True,False,False,,,,,,,,,,,,,,,,False
2021-05-28,2021,148,1.58319,0,0,True,pre_2023,True,True,True,1,1,S2B_MSIL2A_20210528T100559_N0500_R022_T34VCM_20230227T082312,S2B,2021-05-28T10:05:59Z,N0500,6,9,0,0,0,1,0,scl3x3_b1_w8_centernotbad_p0_class2zero_v1,erken_s2_observation_mask_v1,True
2021-05-29,2021,149,1.36161,0,0,True,pre_2023,True,False,False,,,,,,,,,,,,,,,,False
2021-05-30,2021,150,1.53316,0,0,True,pre_2023,True,False,False,,,,,,,,,,,,,,,,False
2021-05-31,2021,151,1.51171,0,0,True,pre_2023,True,True,False,1,0,,,,,,,,,,,,scl3x3_b1_w8_centernotbad_p0_class2zero_v1,erken_s2_observation_mask_v1,False
2021-06-01,2021,152,1.97568,0,0,True,pre_2023,True,False,False,,,,,,,,,,,,,,,,False
2021-06-02,2021,153,2.02507,0,0,True,pre_2023,True,True,True,1,1,S2A_MSIL2A_20210602T101031_N0500_R022_T34VCM_20230313T040411,S2A,2021-06-02T10:10:31Z,N0500,6,9,0,0,0,1,0,scl3x3_b1_w8_centernotbad_p0_class2zero_v1,erken_s2_observation_mask_v1,True
2021-06-03,2021,154,2.1856,0,0,True,pre_2023,True,False,False,,,,,,,,,,,,,,,,False
2021-06-04,2021,155,1.69991,0,0,True,pre_2023,True,False,False,,,,,,,,,,,,,,,,False
2021-06-05,2021,156,1.60936,0,0,True,pre_2023,True,True,True,1,1,S2A_MSIL2A_20210605T102021_N0500_R065_T34VCM_20230130T074617,S2A,2021-06-05T10:20:21Z,N0500,6,9,0,0,0,1,0,scl3x3_b1_w8_centernotbad_p0_class2zero_v1,erken_s2_observation_mask_v1,True
2021-06-06,2021,157,1.35416,0,0,True,pre_2023,True,False,False,,,,,,,,,,,,,,,,False
2021-06-07,2021,158,1.84397,0,0,True,pre_2023,True,True,True,1,1,S2B_MSIL2A_20210607T100559_N0500_R022_T34VCM_20230314T071412,S2B,2021-06-07T10:05:59Z,N0500,6,9,0,0,0,1,0,scl3x3_b1_w8_centernotbad_p0_class2zero_v1,erken_s2_observation_mask_v1,True
2021-06-08,2021,159,1.86138,0,0,True,pre_2023,True,False,False,,,,,,,,,,,,,,,,False
2021-06-09,2021,160,1.62929,0,0,True,pre_2023,True,False,False,,,,,,,,,,,,,,,,False
2021-06-10,2021,161,1.86602,0,0,True,pre_2023,True,True,True,1,1,S2B_MSIL2A_20210610T101559_N0500_R065_T34VCM_20230321T102457,S2B,2021-06-10T10:15:59Z,N0500,6,9,0,0,0,1,0,scl3x3_b1_w8_centernotbad_p0_class2zero_v1,erken_s2_observation_mask_v1,True
2021-06-11,2021,162,1.57359,0,0,True,pre_2023,True,False,False,,,,,,,,,,,,,,,,False
2021-06-12,2021,163,1.57359,0,0,True,pre_2023,True,True,True,1,1,S2A_MSIL2A_20210612T101031_N0500_R022_T34VCM_20230316T113702,S2A,2021-06-12T10:10:31Z,N0500,6,9,0,0,0,1,0,scl3x3_b1_w8_centernotbad_p0_class2zero_v1,erken_s2_observation_mask_v1,True
2021-06-13,2021,164,1.36934,0,0,True,pre_2023,True,False,False,,,,,,,,,,,,,,,,False
2021-06-14,2021,165,1.58287,0,0,True,pre_2023,True,False,False,,,,,,,,,,,,,,,,False
2021-06-15,2021,166,1.66338,0,0,True,pre_2023,True,True,True,1,1,S2A_MSIL2A_20210615T102021_N0500_R065_T34VCM_20230216T024207,S2A,2021-06-15T10:20:21Z,N0500,6,9,0,0,0,1,0,scl3x3_b1_w8_centernotbad_p0_class2zero_v1,erken_s2_observation_mask_v1,True
2021-06-16,2021,167,1.73698,0,0,True,pre_2023,True,False,False,,,,,,,,,,,,,,,,False
2021-06-17,2021,168,1.88418,0,0,True,pre_2023,True,True,False,1,0,,,,,,,,,,,,scl3x3_b1_w8_centernotbad_p0_class2zero_v1,erken_s2_observation_mask_v1,False
2021-06-18,2021,169,1.62658,0,0,True,pre_2023,True,False,False,,,,,,,,,,,,,,,,False
2021-06-19,2021,170,1.6045,0,0,True,pre_2023,True,False,False,,,,,,,,,,,,,,,,False
2021-06-20,2021,171,1.7517,0,0,True,pre_2023,True,True,True,1,1,S2B_MSIL2A_20210620T101559_N0500_R065_T34VCM_20230308T092944,S2B,2021-06-20T10:15:59Z,N0500,6,9,0,0,0,1,0,scl3x3_b1_w8_centernotbad_p0_class2zero_v1,erken_s2_observation_mask_v1,True
2021-06-21,2021,172,1.52354,0,0,True,pre_2023,True,False,False,,,,,,,,,,,,,,,,False
2021-06-22,2021,173,1.6488,0,0,True,pre_2023,True,True,False,1,0,,,,,,,,,,,,scl3x3_b1_w8_centernotbad_p0_class2zero_v1,erken_s2_observation_mask_v1,False
2021-06-23,2021,174,1.40923,0,0,True,pre_2023,True,False,False,,,,,,,,,,,,,,,,False
2021-06-24,2021,175,1.66289,0,0,True,pre_2023,True,False,False,,,,,,,,,,,,,,,,False
2021-06-25,2021,176,1.85314,0,0,True,pre_2023,True,True,False,1,0,,,,,,,,,,,,scl3x3_b1_w8_centernotbad_p0_class2zero_v1,erken_s2_observation_mask_v1,False
2021-06-26,2021,177,1.90951,0,0,True,pre_2023,True,False,False,,,,,,,,,,,,,,,,False
2021-06-27,2021,178,1.90951,0,0,True,pre_2023,True,True,True,1,1,S2B_MSIL2A_20210627T100559_N0500_R022_T34VCM_20230318T220525,S2B,2021-06-27T10:05:59Z,N0500,6,9,0,0,0,1,0,scl3x3_b1_w8_centernotbad_p0_class2zero_v1,erken_s2_observation_mask_v1,True
2021-06-28,2021,179,2.15612,0,0,True,pre_2023,True,False,False,,,,,,,,,,,,,,,,False
2021-06-29,2021,180,4.9464,0,0,True,pre_2023,True,False,False,,,,,,,,,,,,,,,,False
2021-06-30,2021,181,3.94116,0,0,True,pre_2023,True,True,True,1,1,S2B_MSIL2A_20210630T101559_N0500_R065_T34VCM_20230319T172945,S2B,2021-06-30T10:15:59Z,N0500,6,9,0,0,0,1,0,scl3x3_b1_w8_centernotbad_p0_class2zero_v1,erken_s2_observation_mask_v1,True
2021-07-01,2021,182,3.92521,0,0,True,pre_2023,True,False,False,,,,,,,,,,,,,,,,False
2021-07-02,2021,183,5.04214,0,0,True,pre_2023,True,True,True,1,1,S2A_MSIL2A_20210702T101031_N0500_R022_T34VCM_20230125T130514,S2A,2021-07-02T10:10:31Z,N0500,6,9,0,0,0,1,0,scl3x3_b1_w8_centernotbad_p0_class2zero_v1,erken_s2_observation_mask_v1,True
2021-07-03,2021,184,4.46772,0,0,True,pre_2023,True,False,False,,,,,,,,,,,,,,,,False
2021-07-04,2021,185,3.95712,0,0,True,pre_2023,True,False,False,,,,,,,,,,,,,,,,False
2021-07-05,2021,186,4.19646,0,0,True,pre_2023,True,True,True,1,1,S2A_MSIL2A_20210705T102031_N0500_R065_T34VCM_20230123T033750,S2A,2021-07-05T10:20:31Z,N0500,6,9,0,0,0,1,0,scl3x3_b1_w8_centernotbad_p0_class2zero_v1,erken_s2_observation_mask_v1,True
2021-07-06,2021,187,2.88486,0,0,True,pre_2023,True,False,False,,,,,,,,,,,,,,,,False
2021-07-07,2021,188,3.44194,0,0,True,pre_2023,True,True,False,1,0,,,,,,,,,,,,scl3x3_b1_w8_centernotbad_p0_class2zero_v1,erken_s2_observation_mask_v1,False
2021-07-08,2021,189,4.84458,0,0,True,pre_2023,True,False,False,,,,,,,,,,,,,,,,False
2021-07-09,2021,190,3.74037,0,0,True,pre_2023,True,False,False,,,,,,,,,,,,,,,,False
2021-07-10,2021,191,3.87964,0,0,True,pre_2023,True,True,True,1,1,S2B_MSIL2A_20210710T101559_N0500_R065_T34VCM_20230204T215947,S2B,2021-07-10T10:15:59Z,N0500,6,9,0,0,0,1,0,scl3x3_b1_w8_centernotbad_p0_class2zero_v1,erken_s2_observation_mask_v1,True
2021-07-11,2021,192,4.29745,0,0,True,pre_2023,True,False,False,,,,,,,,,,,,,,,,False
2021-07-12,2021,193,6.16763,0,0,True,pre_2023,True,True,True,1,1,S2A_MSIL2A_20210712T101031_N0500_R022_T34VCM_20230206T131341,S2A,2021-07-12T10:10:31Z,N0500,6,9,0,0,0,1,0,scl3x3_b1_w8_centernotbad_p0_class2zero_v1,erken_s2_observation_mask_v1,True
2021-07-13,2021,194,6.77862,0,0,True,pre_2023,True,False,False,,,,,,,,,,,,,,,,False
2021-07-14,2021,195,6.51631,0,0,True,pre_2023,True,False,False,,,,,,,,,,,,,,,,False
2021-07-15,2021,196,6.64056,0,0,True,pre_2023,True,True,True,1,1,S2A_MSIL2A_20210715T102031_N0500_R065_T34VCM_20230129T103739,S2A,2021-07-15T10:20:31Z,N0500,6,9,0,0,0,1,0,scl3x3_b1_w8_centernotbad_p0_class2zero_v1,erken_s2_observation_mask_v1,True
2021-07-16,2021,197,6.40586,0,0,True,pre_2023,True,False,False,,,,,,,,,,,,,,,,False
2021-07-17,2021,198,6.06072,0,0,True,pre_2023,True,True,False,1,0,,,,,,,,,,,,scl3x3_b1_w8_centernotbad_p0_class2zero_v1,erken_s2_observation_mask_v1,False
2021-07-18,2021,199,6.03311,0,0,True,pre_2023,True,False,False,,,,,,,,,,,,,,,,False
2021-07-19,2021,200,5.32902,0,0,True,pre_2023,True,False,False,,,,,,,,,,,,,,,,False
2021-07-20,2021,201,6.36445,0,0,True,pre_2023,True,True,False,1,0,,,,,,,,,,,,scl3x3_b1_w8_centernotbad_p0_class2zero_v1,erken_s2_observation_mask_v1,False
2021-07-21,2021,202,5.39805,0,0,True,pre_2023,True,False,False,,,,,,,,,,,,,,,,False
2021-07-22,2021,203,5.75699,0,0,True,pre_2023,True,True,False,1,0,,,,,,,,,,,,scl3x3_b1_w8_centernotbad_p0_class2zero_v1,erken_s2_observation_mask_v1,False
2021-07-23,2021,204,5.37043,0,0,True,pre_2023,True,False,False,,,,,,,,,,,,,,,,False
2021-07-24,2021,205,4.94246,0,0,True,pre_2023,True,False,False,,,,,,,,,,,,,,,,False
2021-07-25,2021,206,4.87343,0,0,True,pre_2023,True,True,True,1,1,S2A_MSIL2A_20210725T102031_N0500_R065_T34VCM_20230128T072917,S2A,2021-07-25T10:20:31Z,N0500,6,9,0,0,0,1,0,scl3x3_b1_w8_centernotbad_p0_class2zero_v1,erken_s2_observation_mask_v1,True
2021-07-26,2021,207,4.98387,0,0,True,pre_2023,True,False,False,,,,,,,,,,,,,,,,False
2021-07-27,2021,208,6.28983,0,0,True,pre_2023,True,True,True,1,1,S2B_MSIL2A_20210727T100559_N0500_R022_T34VCM_20230222T034550,S2B,2021-07-27T10:05:59Z,N0500,6,9,0,0,0,1,0,scl3x3_b1_w8_centernotbad_p0_class2zero_v1,erken_s2_observation_mask_v1,True
2021-07-28,2021,209,5.62273,0,0,True,pre_2023,True,False,False,,,,,,,,,,,,,,,,False
2021-07-29,2021,210,8.04336,0,0,True,pre_2023,True,False,False,,,,,,,,,,,,,,,,False
2021-07-30,2021,211,8.57704,0,0,True,pre_2023,True,True,False,1,0,,,,,,,,,,,,scl3x3_b1_w8_centernotbad_p0_class2zero_v1,erken_s2_observation_mask_v1,False
2021-07-31,2021,212,8.25302,0,0,True,pre_2023,True,False,False,,,,,,,,,,,,,,,,False
2021-08-01,2021,213,7.62404,0,0,True,pre_2023,True,True,False,1,0,,,,,,,,,,,,scl3x3_b1_w8_centernotbad_p0_class2zero_v1,erken_s2_observation_mask_v1,False
2021-08-02,2021,214,7.7384,0,0,True,pre_2023,True,False,False,,,,,,,,,,,,,,,,False
2021-08-03,2021,215,20.7455,0,0,True,pre_2023,True,False,False,,,,,,,,,,,,,,,,False
2021-08-04,2021,216,24.8223,0,0,True,pre_2023,True,True,False,1,0,,,,,,,,,,,,scl3x3_b1_w8_centernotbad_p0_class2zero_v1,erken_s2_observation_mask_v1,False
2021-08-05,2021,217,17.4427,0,0,True,pre_2023,True,False,False,,,,,,,,,,,,,,,,False
2021-08-06,2021,218,19.9198,0,0,True,pre_2023,True,True,True,1,1,S2B_MSIL2A_20210806T100559_N0500_R022_T34VCM_20230211T085202,S2B,2021-08-06T10:05:59Z,N0500,6,9,0,0,0,1,0,scl3x3_b1_w8_centernotbad_p0_class2zero_v1,erken_s2_observation_mask_v1,True
2021-08-07,2021,219,18.7328,0,0,True,pre_2023,True,False,False,,,,,,,,,,,,,,,,False
2021-08-08,2021,220,24.1514,0,0,True,pre_2023,True,False,False,,,,,,,,,,,,,,,,False
2021-08-09,2021,221,25.1835,0,0,True,pre_2023,True,True,True,1,1,S2B_MSIL2A_20210809T101559_N0500_R065_T34VCM_20230116T103230,S2B,2021-08-09T10:15:59Z,N0500,6,9,0,0,0,1,0,scl3x3_b1_w8_centernotbad_p0_class2zero_v1,erken_s2_observation_mask_v1,True
2021-08-10,2021,222,14.1211,0,0,True,pre_2023,True,False,False,,,,,,,,,,,,,,,,False
2021-08-11,2021,223,14.9703,0,0,True,pre_2023,True,True,True,1,1,S2A_MSIL2A_20210811T101031_N0500_R022_T34VCM_20230116T212140,S2A,2021-08-11T10:10:31Z,N0500,6,9,0,0,0,1,0,scl3x3_b1_w8_centernotbad_p0_class2zero_v1,erken_s2_observation_mask_v1,True
2021-08-12,2021,224,14.0726,0,0,True,pre_2023,True,False,False,,,,,,,,,,,,,,,,False
2021-08-13,2021,225,12.3256,0,0,True,pre_2023,True,False,False,,,,,,,,,,,,,,,,False
2021-08-14,2021,226,12.6168,0,0,True,pre_2023,True,True,False,1,0,,,,,,,,,,,,scl3x3_b1_w8_centernotbad_p0_class2zero_v1,erken_s2_observation_mask_v1,False
2021-08-15,2021,227,13.2476,0,0,True,pre_2023,True,False,False,,,,,,,,,,,,,,,,False
2021-08-16,2021,228,12.3984,0,0,True,pre_2023,True,True,False,1,0,,,,,,,,,,,,scl3x3_b1_w8_centernotbad_p0_class2zero_v1,erken_s2_observation_mask_v1,False
2021-08-17,2021,229,4.02957,0,0,True,pre_2023,True,False,False,,,,,,,,,,,,,,,,False
2021-08-18,2021,230,3.85658,0,0,True,pre_2023,True,False,False,,,,,,,,,,,,,,,,False
2021-08-19,2021,231,4.67064,0,0,True,pre_2023,True,True,False,1,0,,,,,,,,,,,,scl3x3_b1_w8_centernotbad_p0_class2zero_v1,erken_s2_observation_mask_v1,False
2021-08-20,2021,232,5.19977,0,0,True,pre_2023,True,False,False,,,,,,,,,,,,,,,,False
2021-08-21,2021,233,6.45138,0,0,True,pre_2023,True,True,True,1,1,S2A_MSIL2A_20210821T101031_N0500_R022_T34VCM_20230119T144054,S2A,2021-08-21T10:10:31Z,N0500,6,8,1,0,0,0.8888888889,0.1111111111,scl3x3_b1_w8_centernotbad_p0_class2zero_v1,erken_s2_observation_mask_v1,True
2021-08-22,2021,234,6.53279,0,0,True,pre_2023,True,False,False,,,,,,,,,,,,,,,,False
2021-08-23,2021,235,8.34406,0,0,True,pre_2023,True,False,False,,,,,,,,,,,,,,,,False
2021-08-24,2021,236,9.38727,0,0,True,pre_2023,True,True,False,1,0,,,,,,,,,,,,scl3x3_b1_w8_centernotbad_p0_class2zero_v1,erken_s2_observation_mask_v1,False
2021-08-25,2021,237,9.84227,0,0,True,pre_2023,True,False,False,,,,,,,,,,,,,,,,False
2021-08-26,2021,238,9.3753,0,0,True,pre_2023,True,True,False,1,0,,,,,,,,,,,,scl3x3_b1_w8_centernotbad_p0_class2zero_v1,erken_s2_observation_mask_v1,False
2021-08-27,2021,239,8.59702,0,0,True,pre_2023,True,False,False,,,,,,,,,,,,,,,,False
2021-08-28,2021,240,9.48306,0,0,True,pre_2023,True,False,False,,,,,,,,,,,,,,,,False
2021-08-29,2021,241,8.01031,0,0,True,pre_2023,True,True,False,1,0,,,,,,,,,,,,scl3x3_b1_w8_centernotbad_p0_class2zero_v1,erken_s2_observation_mask_v1,False
2021-08-30,2021,242,7.37571,0,0,True,pre_2023,True,False,False,,,,,,,,,,,,,,,,False
2021-08-31,2021,243,7.83054,0,0,True,pre_2023,True,True,True,1,1,S2A_MSIL2A_20210831T101031_N0500_R022_T34VCM_20230122T035831,S2A,2021-08-31T10:10:31Z,N0500,6,9,0,0,0,1,0,scl3x3_b1_w8_centernotbad_p0_class2zero_v1,erken_s2_observation_mask_v1,True
2021-09-01,2021,244,10.3849,0,0,True,pre_2023,True,False,False,,,,,,,,,,,,,,,,False
2021-09-02,2021,245,10.6192,0,0,True,pre_2023,True,False,False,,,,,,,,,,,,,,,,False
2021-09-03,2021,246,16.6761,0,0,True,pre_2023,True,True,True,1,1,S2A_MSIL2A_20210903T102021_N0500_R065_T34VCM_20230110T145151,S2A,2021-09-03T10:20:21Z,N0500,6,9,0,0,0,1,0,scl3x3_b1_w8_centernotbad_p0_class2zero_v1,erken_s2_observation_mask_v1,True
2021-09-04,2021,247,12.3928,0,0,True,pre_2023,True,False,False,,,,,,,,,,,,,,,,False
2021-09-05,2021,248,10.753,0,0,True,pre_2023,True,True,False,1,0,,,,,,,,,,,,scl3x3_b1_w8_centernotbad_p0_class2zero_v1,erken_s2_observation_mask_v1,False
2021-09-06,2021,249,10.5746,0,0,True,pre_2023,True,False,False,,,,,,,,,,,,,,,,False
2021-09-07,2021,250,6.83622,0,0,True,pre_2023,True,False,False,,,,,,,,,,,,,,,,False
2021-09-08,2021,251,5.31605,0,0,True,pre_2023,True,True,True,1,1,S2B_MSIL2A_20210908T101559_N0500_R065_T34VCM_20230116T194420,S2B,2021-09-08T10:15:59Z,N0500,6,9,0,0,0,1,0,scl3x3_b1_w8_centernotbad_p0_class2zero_v1,erken_s2_observation_mask_v1,True
2021-09-09,2021,252,5.01566,0,0,True,pre_2023,True,False,False,,,,,,,,,,,,,,,,False
2021-09-10,2021,253,4.65154,0,0,True,pre_2023,True,True,False,1,0,,,,,,,,,,,,scl3x3_b1_w8_centernotbad_p0_class2zero_v1,erken_s2_observation_mask_v1,False
2021-09-11,2021,254,4.41487,0,0,True,pre_2023,True,False,False,,,,,,,,,,,,,,,,False
2021-09-12,2021,255,4.95194,0,0,True,pre_2023,True,False,False,,,,,,,,,,,,,,,,False
2021-09-13,2021,256,3.45907,0,0,True,pre_2023,True,True,False,1,0,,,,,,,,,,,,scl3x3_b1_w8_centernotbad_p0_class2zero_v1,erken_s2_observation_mask_v1,False
2021-09-14,2021,257,3.52476,0,0,True,pre_2023,True,False,False,,,,,,,,,,,,,,,,False
2021-09-15,2021,258,3.30501,0,0,True,pre_2023,True,True,True,1,1,S2B_MSIL2A_20210915T100629_N0500_R022_T34VCM_20230117T160231,S2B,2021-09-15T10:06:29Z,N0500,6,9,0,0,0,1,0,scl3x3_b1_w8_centernotbad_p0_class2zero_v1,erken_s2_observation_mask_v1,True
2021-09-16,2021,259,2.89189,0,0,True,pre_2023,True,False,False,,,,,,,,,,,,,,,,False
2021-09-17,2021,260,2.62819,0,0,True,pre_2023,True,False,False,,,,,,,,,,,,,,,,False
2021-09-18,2021,261,2.67214,0,0,True,pre_2023,True,True,False,1,0,,,,,,,,,,,,scl3x3_b1_w8_centernotbad_p0_class2zero_v1,erken_s2_observation_mask_v1,False
2021-09-19,2021,262,2.52271,0,0,True,pre_2023,True,False,False,,,,,,,,,,,,,,,,False
2021-09-20,2021,263,2.68093,0,0,True,pre_2023,True,True,False,1,0,,,,,,,,,,,,scl3x3_b1_w8_centernotbad_p0_class2zero_v1,erken_s2_observation_mask_v1,False
2021-09-21,2021,264,1.8621,0,0,True,pre_2023,True,False,False,,,,,,,,,,,,,,,,False
2021-09-22,2021,265,2.79901,0,0,True,pre_2023,True,False,False,,,,,,,,,,,,,,,,False
2021-09-23,2021,266,1.80354,0,0,True,pre_2023,True,True,False,1,0,,,,,,,,,,,,scl3x3_b1_w8_centernotbad_p0_class2zero_v1,erken_s2_observation_mask_v1,False
2021-09-24,2021,267,1.66301,0,0,True,pre_2023,True,False,False,,,,,,,,,,,,,,,,False
2021-09-25,2021,268,1.98507,0,0,True,pre_2023,True,True,True,1,1,S2B_MSIL2A_20210925T101019_N0500_R022_T34VCM_20230114T073621,S2B,2021-09-25T10:10:19Z,N0500,6,9,0,0,0,1,0,scl3x3_b1_w8_centernotbad_p0_class2zero_v1,erken_s2_observation_mask_v1,True
2021-09-26,2021,269,1.7567,0,0,True,pre_2023,True,False,False,,,,,,,,,,,,,,,,False
2021-09-27,2021,270,2.00264,0,0,True,pre_2023,True,False,False,,,,,,,,,,,,,,,,False
2021-09-28,2021,271,1.6488,0,0,True,pre_2023,True,True,False,1,0,,,,,,,,,,,,scl3x3_b1_w8_centernotbad_p0_class2zero_v1,erken_s2_observation_mask_v1,False
2021-09-29,2021,272,1.36707,0,0,True,pre_2023,True,False,False,,,,,,,,,,,,,,,,False
2021-09-30,2021,273,1.36245,0,0,True,pre_2023,True,True,False,1,0,,,,,,,,,,,,scl3x3_b1_w8_centernotbad_p0_class2zero_v1,erken_s2_observation_mask_v1,False
2021-10-01,2021,274,1.24237,0,0,True,pre_2023,True,False,False,,,,,,,,,,,,,,,,False
2021-10-02,2021,275,1.41788,0,0,True,pre_2023,True,False,False,,,,,,,,,,,,,,,,False
2021-10-03,2021,276,1.51025,0,0,True,pre_2023,True,True,False,1,0,,,,,,,,,,,,scl3x3_b1_w8_centernotbad_p0_class2zero_v1,erken_s2_observation_mask_v1,False
2021-10-04,2021,277,1.41326,0,0,True,pre_2023,True,False,False,,,,,,,,,,,,,,,,False
2021-10-05,2021,278,1.39016,0,0,True,pre_2023,True,True,False,1,0,,,,,,,,,,,,scl3x3_b1_w8_centernotbad_p0_class2zero_v1,erken_s2_observation_mask_v1,False
2021-10-06,2021,279,1.21466,0,0,True,pre_2023,True,False,False,,,,,,,,,,,,,,,,False
2021-10-07,2021,280,1.27932,0,0,True,pre_2023,True,False,False,,,,,,,,,,,,,,,,False
2021-10-08,2021,281,1.21004,0,0,True,pre_2023,True,True,True,1,1,S2B_MSIL2A_20211008T101829_N0500_R065_T34VCM_20230107T082135,S2B,2021-10-08T10:18:29Z,N0500,6,9,0,0,0,1,0,scl3x3_b1_w8_centernotbad_p0_class2zero_v1,erken_s2_observation_mask_v1,True
2021-10-09,2021,282,1.25623,0,0,True,pre_2023,True,False,False,,,,,,,,,,,,,,,,False
2021-10-10,2021,283,1.24699,0,0,True,pre_2023,True,True,False,1,0,,,,,,,,,,,,scl3x3_b1_w8_centernotbad_p0_class2zero_v1,erken_s2_observation_mask_v1,False
2021-10-11,2021,284,2.47356,0,0,True,pre_2023,True,False,False,,,,,,,,,,,,,,,,False
2021-10-12,2021,285,2.41344,0,0,True,pre_2023,True,False,False,,,,,,,,,,,,,,,,False
2021-10-13,2021,286,2.31037,0,0,True,pre_2023,True,True,True,1,1,S2A_MSIL2A_20211013T101951_N0500_R065_T34VCM_20230115T025636,S2A,2021-10-13T10:19:51Z,N0500,6,9,0,0,0,1,0,scl3x3_b1_w8_centernotbad_p0_class2zero_v1,erken_s2_observation_mask_v1,True
2021-10-14,2021,287,2.48215,0,0,True,pre_2023,True,False,False,,,,,,,,,,,,,,,,False
2021-10-15,2021,288,2.43062,0,0,True,pre_2023,True,True,False,1,0,,,,,,,,,,,,scl3x3_b1_w8_centernotbad_p0_class2zero_v1,erken_s2_observation_mask_v1,False
2021-10-16,2021,289,2.3705,0,0,True,pre_2023,True,False,False,,,,,,,,,,,,,,,,False
2021-10-17,2021,290,2.67969,0,0,True,pre_2023,True,False,False,,,,,,,,,,,,,,,,False
2021-10-18,2021,291,2.56804,0,0,True,pre_2023,True,True,True,1,1,S2B_MSIL2A_20211018T101939_N0500_R065_T34VCM_20230111T001402,S2B,2021-10-18T10:19:39Z,N0500,6,9,0,0,0,1,0,scl3x3_b1_w8_centernotbad_p0_class2zero_v1,erken_s2_observation_mask_v1,True
2021-10-19,2021,292,3.39256,0,0,True,pre_2023,True,False,False,,,,,,,,,,,,,,,,False
2021-10-20,2021,293,3.59869,0,0,True,pre_2023,True,True,False,1,0,,,,,,,,,,,,scl3x3_b1_w8_centernotbad_p0_class2zero_v1,erken_s2_observation_mask_v1,False
2021-10-21,2021,294,2.65392,0,0,True,pre_2023,True,False,False,,,,,,,,,,,,,,,,False
2021-10-22,2021,295,2.46497,0,0,True,pre_2023,True,False,False,,,,,,,,,,,,,,,,False
2021-10-23,2021,296,2.70546,0,0,True,pre_2023,True,True,True,1,1,S2A_MSIL2A_20211023T102101_N0500_R065_T34VCM_20230104T155031,S2A,2021-10-23T10:21:01Z,N0500,6,9,0,0,0,1,0,scl3x3_b1_w8_centernotbad_p0_class2zero_v1,erken_s2_observation_mask_v1,True
2021-10-24,2021,297,3.25514,0,0,True,pre_2023,True,False,False,,,,,,,,,,,,,,,,False
2021-10-25,2021,298,2.73981,0,0,True,pre_2023,True,True,True,1,1,S2B_MSIL2A_20211025T101029_N0500_R022_T34VCM_20230103T124020,S2B,2021-10-25T10:10:29Z,N0500,6,9,0,0,0,1,0,scl3x3_b1_w8_centernotbad_p0_class2zero_v1,erken_s2_observation_mask_v1,True
2021-10-26,2021,299,2.27412,0,0,True,pre_2023,True,False,False,,,,,,,,,,,,,,,,False
2021-10-27,2021,300,2.0597,0,0,True,pre_2023,True,False,False,,,,,,,,,,,,,,,,False
2021-10-28,2021,301,2.13767,0,0,True,pre_2023,True,True,False,1,0,,,,,,,,,,,,scl3x3_b1_w8_centernotbad_p0_class2zero_v1,erken_s2_observation_mask_v1,False
2021-10-29,2021,302,1.98173,0,0,True,pre_2023,True,False,False,,,,,,,,,,,,,,,,False
2021-10-30,2021,303,2.05321,0,0,True,pre_2023,True,True,True,1,1,S2A_MSIL2A_20211030T101141_N0500_R022_T34VCM_20230106T162512,S2A,2021-10-30T10:11:41Z,N0500,6,9,0,0,0,1,0,scl3x3_b1_w8_centernotbad_p0_class2zero_v1,erken_s2_observation_mask_v1,True
2021-10-31,2021,304,2.39107,0,0,True,pre_2023,True,False,False,,,,,,,,,,,,,,,,False
2021-11-01,2021,305,2.47554,0,0,True,pre_2023,True,False,False,,,,,,,,,,,,,,,,False
2021-11-02,2021,306,2.61199,0,0,True,pre_2023,True,True,False,1,0,,,,,,,,,,,,scl3x3_b1_w8_centernotbad_p0_class2zero_v1,erken_s2_observation_mask_v1,False
2021-11-03,2021,307,2.47554,0,0,True,pre_2023,True,False,False,,,,,,,,,,,,,,,,False
2021-11-04,2021,308,2.61849,0,0,True,pre_2023,True,True,False,1,0,,,,,,,,,,,,scl3x3_b1_w8_centernotbad_p0_class2zero_v1,erken_s2_observation_mask_v1,False
2021-11-05,2021,309,2.13767,0,0,True,pre_2023,True,False,False,,,,,,,,,,,,,,,,False
2021-11-06,2021,310,1.89727,0,0,True,pre_2023,True,False,False,,,,,,,,,,,,,,,,False
2021-11-07,2021,311,1.94275,0,0,True,pre_2023,True,True,False,1,0,,,,,,,,,,,,scl3x3_b1_w8_centernotbad_p0_class2zero_v1,erken_s2_observation_mask_v1,False
2021-11-08,2021,312,2.0727,0,0,True,pre_2023,True,False,False,,,,,,,,,,,,,,,,False
2021-11-09,2021,313,1.66338,0,0,True,pre_2023,True,False,False,,,,,,,,,,,,,,,,False
2021-11-10,2021,314,1.40748,0,0,True,pre_2023,True,False,False,,,,,,,,,,,,,,,,False
2021-11-11,2021,315,1.26629,0,0,True,pre_2023,True,False,False,,,,,,,,,,,,,,,,False
2021-11-12,2021,316,1.25746,0,0,True,pre_2023,True,True,True,1,1,S2A_MSIL2A_20211112T102251_N0500_R065_T34VCM_20221231T115046,S2A,2021-11-12T10:22:51Z,N0500,6,9,0,0,0,1,0,scl3x3_b1_w8_centernotbad_p0_class2zero_v1,erken_s2_observation_mask_v1,True
2021-11-13,2021,317,1.37659,0,0,True,pre_2023,True,False,False,,,,,,,,,,,,,,,,False
2021-11-14,2021,318,1.58396,0,0,True,pre_2023,True,True,False,1,0,,,,,,,,,,,,scl3x3_b1_w8_centernotbad_p0_class2zero_v1,erken_s2_observation_mask_v1,False
2021-11-15,2021,319,1.44277,0,0,True,pre_2023,True,False,False,,,,,,,,,,,,,,,,False
2021-11-16,2021,320,0.71038,0,0,True,pre_2023,True,False,False,,,,,,,,,,,,,,,,False
2021-11-17,2021,321,0.707019,0,0,True,pre_2023,True,True,False,1,0,,,,,,,,,,,,scl3x3_b1_w8_centernotbad_p0_class2zero_v1,erken_s2_observation_mask_v1,False
2021-11-18,2021,322,0.703658,0,0,True,pre_2023,True,False,False,,,,,,,,,,,,,,,,False
2021-11-19,2021,323,0.700297,0,0,True,pre_2023,True,True,False,1,0,,,,,,,,,,,,scl3x3_b1_w8_centernotbad_p0_class2zero_v1,erken_s2_observation_mask_v1,False
2021-11-20,2021,324,0.696936,0,0,True,pre_2023,True,False,False,,,,,,,,,,,,,,,,False
2021-11-21,2021,325,0.693575,0,0,True,pre_2023,True,False,False,,,,,,,,,,,,,,,,False
2021-11-22,2021,326,0.690214,0,0,True,pre_2023,True,True,True,1,1,S2A_MSIL2A_20211122T102331_N0500_R065_T34VCM_20221229T221536,S2A,2021-11-22T10:23:31Z,N0500,6,9,0,0,0,1,0,scl3x3_b1_w8_centernotbad_p0_class2zero_v1,erken_s2_observation_mask_v1,True
2021-11-23,2021,327,1.55673,0,0,True,pre_2023,True,False,False,,,,,,,,,,,,,,,,False
2021-11-24,2021,328,2.52,0,0,True,pre_2023,True,True,False,1,0,,,,,,,,,,,,scl3x3_b1_w8_centernotbad_p0_class2zero_v1,erken_s2_observation_mask_v1,False
2021-11-25,2021,329,2.64,0,0,True,pre_2023,True,False,False,,,,,,,,,,,,,,,,False
2021-11-26,2021,330,2.52,0,0,True,pre_2023,True,False,False,,,,,,,,,,,,,,,,False
2021-11-27,2021,331,2.95,0,0,True,pre_2023,True,True,False,1,0,,,,,,,,,,,,scl3x3_b1_w8_centernotbad_p0_class2zero_v1,erken_s2_observation_mask_v1,False
2021-11-28,2021,332,3.15,0,0,True,pre_2023,True,False,False,,,,,,,,,,,,,,,,False
2021-11-29,2021,333,2.66,0,0,True,pre_2023,True,True,False,1,0,,,,,,,,,,,,scl3x3_b1_w8_centernotbad_p0_class2zero_v1,erken_s2_observation_mask_v1,False
2021-11-30,2021,334,2.35,0,0,True,pre_2023,True,False,False,,,,,,,,,,,,,,,,False
2021-12-01,2021,335,2.28,0,0,True,pre_2023,True,False,False,,,,,,,,,,,,,,,,False
2021-12-02,2021,336,2.88,0,0,True,pre_2023,True,False,False,,,,,,,,,,,,,,,,False
2021-12-03,2021,337,2.64,0,0,True,pre_2023,True,False,False,,,,,,,,,,,,,,,,False
2021-12-04,2021,338,2.74,0,0,True,pre_2023,True,True,True,1,1,S2B_MSIL2A_20211204T101309_N0500_R022_T34VCM_20221224T020344,S2B,2021-12-04T10:13:09Z,N0500,6,9,0,0,0,1,0,scl3x3_b1_w8_centernotbad_p0_class2zero_v1,erken_s2_observation_mask_v1,True
2021-12-05,2021,339,2.4,0,0,True,pre_2023,True,False,False,,,,,,,,,,,,,,,,False
2021-12-06,2021,340,2.91,0,0,True,pre_2023,True,False,False,,,,,,,,,,,,,,,,False
2021-12-07,2021,341,3.14,1,1,False,pre_2023,True,True,False,1,0,,,,,,,,,,,,scl3x3_b1_w8_centernotbad_p0_class2zero_v1,erken_s2_observation_mask_v1,False
2021-12-08,2021,342,3.02,1,1,False,pre_2023,True,False,False,,,,,,,,,,,,,,,,False
2021-12-09,2021,343,3.33,1,1,False,pre_2023,True,False,False,,,,,,,,,,,,,,,,False
2021-12-10,2021,344,3.1,1,1,False,pre_2023,True,False,False,,,,,,,,,,,,,,,,False
2021-12-11,2021,345,2.64,1,1,False,pre_2023,True,False,False,,,,,,,,,,,,,,,,False
2021-12-12,2021,346,2.36,1,1,False,pre_2023,True,False,False,,,,,,,,,,,,,,,,False
2021-12-13,2021,347,2.61,1,1,False,pre_2023,True,False,False,,,,,,,,,,,,,,,,False
2021-12-14,2021,348,1.64808,1,1,False,pre_2023,True,True,False,1,0,,,,,,,,,,,,scl3x3_b1_w8_centernotbad_p0_class2zero_v1,erken_s2_observation_mask_v1,False
2021-12-15,2021,349,1.53124,1,1,False,pre_2023,True,False,False,,,,,,,,,,,,,,,,False
2021-12-16,2021,350,1.64193,1,1,False,pre_2023,True,False,False,,,,,,,,,,,,,,,,False
2021-12-17,2021,351,1.64808,1,1,False,pre_2023,True,True,True,1,1,S2B_MSIL2A_20211217T102329_N0500_R065_T34VCM_20221228T160151,S2B,2021-12-17T10:23:29Z,N0500,6,9,0,0,0,1,0,scl3x3_b1_w8_centernotbad_p0_class2zero_v1,erken_s2_observation_mask_v1,False
2021-12-18,2021,352,1.58043,1,1,False,pre_2023,True,False,False,,,,,,,,,,,,,,,,False
2021-12-19,2021,353,1.54354,1,1,False,pre_2023,True,False,False,,,,,,,,,,,,,,,,False
2021-12-20,2021,354,1.4021,1,1,False,pre_2023,True,False,False,,,,,,,,,,,,,,,,False
2021-12-21,2021,355,1.3406,1,1,False,pre_2023,True,False,False,,,,,,,,,,,,,,,,False
2021-12-22,2021,356,1.29756,1,1,False,pre_2023,True,False,False,,,,,,,,,,,,,,,,False
2021-12-23,2021,357,1.50049,1,1,False,pre_2023,True,False,False,,,,,,,,,,,,,,,,False
2021-12-24,2021,358,1.21761,1,1,False,pre_2023,True,True,False,1,0,,,,,,,,,,,,scl3x3_b1_w8_centernotbad_p0_class2zero_v1,erken_s2_observation_mask_v1,False
2021-12-25,2021,359,1.50049,1,1,False,pre_2023,True,False,False,,,,,,,,,,,,,,,,False
2021-12-26,2021,360,1.45129,1,1,False,pre_2023,True,False,False,,,,,,,,,,,,,,,,False
2021-12-27,2021,361,1.43285,1,1,False,pre_2023,True,True,False,1,0,,,,,,,,,,,,scl3x3_b1_w8_centernotbad_p0_class2zero_v1,erken_s2_observation_mask_v1,False
2021-12-28,2021,362,1.70343,1,1,False,pre_2023,True,False,False,,,,,,,,,,,,,,,,False
2021-12-29,2021,363,1.29756,1,1,False,pre_2023,True,False,False,,,,,,,,,,,,,,,,False
2021-12-30,2021,364,1.59888,1,1,False,pre_2023,True,False,False,,,,,,,,,,,,,,,,False
2021-12-31,2021,365,1.91251,1,1,False,pre_2023,True,False,False,,,,,,,,,,,,,,,,False
2022-01-01,2022,1,1.38365,1,1,False,pre_2023,True,False,False,,,,,,,,,,,,,,,,False
2022-01-02,2022,2,1.30371,1,1,False,pre_2023,True,False,False,,,,,,,,,,,,,,,,False
2022-01-03,2022,3,1.93711,1,1,False,pre_2023,True,True,False,1,0,,,,,,,,,,,,scl3x3_b1_w8_centernotbad_p0_class2zero_v1,erken_s2_observation_mask_v1,False
2022-01-04,2022,4,1.27296,1,1,False,pre_2023,True,False,False,,,,,,,,,,,,,,,,False
2022-01-05,2022,5,1.24836,1,1,False,pre_2023,True,False,False,,,,,,,,,,,,,,,,False
2022-01-06,2022,6,1.58043,1,1,False,pre_2023,True,True,False,1,0,,,,,,,,,,,,scl3x3_b1_w8_centernotbad_p0_class2zero_v1,erken_s2_observation_mask_v1,False
2022-01-07,2022,7,1.439,1,1,False,pre_2023,True,False,False,,,,,,,,,,,,,,,,False
2022-01-08,2022,8,1.60503,1,1,False,pre_2023,True,False,False,,,,,,,,,,,,,,,,False
2022-01-09,2022,9,1.95556,1,1,False,pre_2023,True,False,False,,,,,,,,,,,,,,,,False
2022-01-10,2022,10,1.46974,1,1,False,pre_2023,True,False,False,,,,,,,,,,,,,,,,False
2022-01-11,2022,11,1.45744,1,1,False,pre_2023,True,False,False,,,,,,,,,,,,,,,,False
2022-01-12,2022,12,1.48204,1,1,False,pre_2023,True,False,False,,,,,,,,,,,,,,,,False
2022-01-13,2022,13,1.40825,1,1,False,pre_2023,True,True,False,1,0,,,,,,,,,,,,scl3x3_b1_w8_centernotbad_p0_class2zero_v1,erken_s2_observation_mask_v1,False
2022-01-14,2022,14,1.54969,1,1,False,pre_2023,True,False,False,,,,,,,,,,,,,,,,False
2022-01-15,2022,15,1.65423,1,1,False,pre_2023,True,False,False,,,,,,,,,,,,,,,,False
2022-01-16,2022,16,1.3529,1,1,False,pre_2023,True,True,False,1,0,,,,,,,,,,,,scl3x3_b1_w8_centernotbad_p0_class2zero_v1,erken_s2_observation_mask_v1,False
2022-01-17,2022,17,1.50664,1,1,False,pre_2023,True,False,False,,,,,,,,,,,,,,,,False
2022-01-18,2022,18,0.82404,1,1,False,pre_2023,True,True,False,1,0,,,,,,,,,,,,scl3x3_b1_w8_centernotbad_p0_class2zero_v1,erken_s2_observation_mask_v1,False
2022-01-19,2022,19,0.769708,1,1,False,pre_2023,True,False,False,,,,,,,,,,,,,,,,False
2022-01-20,2022,20,0.884409,1,1,False,pre_2023,True,False,False,,,,,,,,,,,,,,,,False
2022-01-21,2022,21,0.860262,1,1,False,pre_2023,True,True,False,1,0,,,,,,,,,,,,scl3x3_b1_w8_centernotbad_p0_class2zero_v1,erken_s2_observation_mask_v1,False
2022-01-22,2022,22,0.851206,1,1,False,pre_2023,True,False,False,,,,,,,,,,,,,,,,False
2022-01-23,2022,23,0.872335,1,1,False,pre_2023,True,False,False,,,,,,,,,,,,,,,,False
2022-01-24,2022,24,0.775745,1,1,False,pre_2023,True,False,False,,,,,,,,,,,,,,,,False
2022-01-25,2022,25,0.802911,1,1,False,pre_2023,True,False,False,,,,,,,,,,,,,,,,False
2022-01-26,2022,26,0.848188,1,1,False,pre_2023,True,True,False,1,0,,,,,,,,,,,,scl3x3_b1_w8_centernotbad_p0_class2zero_v1,erken_s2_observation_mask_v1,False
2022-01-27,2022,27,1.03231,1,1,False,pre_2023,True,False,False,,,,,,,,,,,,,,,,False
2022-01-28,2022,28,1.16211,1,1,False,pre_2023,True,True,False,1,0,,,,,,,,,,,,scl3x3_b1_w8_centernotbad_p0_class2zero_v1,erken_s2_observation_mask_v1,False
2022-01-29,2022,29,3.38068,1,1,False,pre_2023,True,False,False,,,,,,,,,,,,,,,,False
2022-01-30,2022,30,1.28888,1,1,False,pre_2023,True,False,False,,,,,,,,,,,,,,,,False
2022-01-31,2022,31,1.24964,1,1,False,pre_2023,True,True,False,1,0,,,,,,,,,,,,scl3x3_b1_w8_centernotbad_p0_class2zero_v1,erken_s2_observation_mask_v1,False
2022-02-01,2022,32,1.42471,1,1,False,pre_2023,True,False,False,,,,,,,,,,,,,,,,False
2022-02-02,2022,33,1.2587,1,1,False,pre_2023,True,True,False,1,0,,,,,,,,,,,,scl3x3_b1_w8_centernotbad_p0_class2zero_v1,erken_s2_observation_mask_v1,False
2022-02-03,2022,34,1.2587,1,1,False,pre_2023,True,False,False,,,,,,,,,,,,,,,,False
2022-02-04,2022,35,1.43679,1,1,False,pre_2023,True,False,False,,,,,,,,,,,,,,,,False
2022-02-05,2022,36,1.30096,1,1,False,pre_2023,True,True,False,1,0,,,,,,,,,,,,scl3x3_b1_w8_centernotbad_p0_class2zero_v1,erken_s2_observation_mask_v1,False
2022-02-06,2022,37,1.40358,1,1,False,pre_2023,True,False,False,,,,,,,,,,,,,,,,False
2022-02-07,2022,38,1.41868,1,1,False,pre_2023,True,True,False,1,0,,,,,,,,,,,,scl3x3_b1_w8_centernotbad_p0_class2zero_v1,erken_s2_observation_mask_v1,False
2022-02-08,2022,39,1.64204,1,1,False,pre_2023,True,False,False,,,,,,,,,,,,,,,,False
2022-02-09,2022,40,1.62997,1,1,False,pre_2023,True,False,False,,,,,,,,,,,,,,,,False
2022-02-10,2022,41,1.84126,1,1,False,pre_2023,True,True,False,1,0,,,,,,,,,,,,scl3x3_b1_w8_centernotbad_p0_class2zero_v1,erken_s2_observation_mask_v1,False
2022-02-11,2022,42,1.76882,1,1,False,pre_2023,True,False,False,,,,,,,,,,,,,,,,False
2022-02-12,2022,43,1.77184,1,1,False,pre_2023,True,True,False,1,0,,,,,,,,,,,,scl3x3_b1_w8_centernotbad_p0_class2zero_v1,erken_s2_observation_mask_v1,False
2022-02-13,2022,44,2.20951,1,1,False,pre_2023,True,False,False,,,,,,,,,,,,,,,,False
2022-02-14,2022,45,3.26844,1,1,False,pre_2023,True,False,False,,,,,,,,,,,,,,,,False
2022-02-15,2022,46,3.27601,1,1,False,pre_2023,True,True,False,1,0,,,,,,,,,,,,scl3x3_b1_w8_centernotbad_p0_class2zero_v1,erken_s2_observation_mask_v1,False
2022-02-16,2022,47,2.97337,1,1,False,pre_2023,True,False,False,,,,,,,,,,,,,,,,False
2022-02-17,2022,48,3.11334,1,1,False,pre_2023,True,True,False,1,0,,,,,,,,,,,,scl3x3_b1_w8_centernotbad_p0_class2zero_v1,erken_s2_observation_mask_v1,False
2022-02-18,2022,49,3.23439,1,1,False,pre_2023,True,False,False,,,,,,,,,,,,,,,,False
2022-02-19,2022,50,3.05281,1,1,False,pre_2023,True,False,False,,,,,,,,,,,,,,,,False
2022-02-20,2022,51,3.03768,1,1,False,pre_2023,True,True,False,1,0,,,,,,,,,,,,scl3x3_b1_w8_centernotbad_p0_class2zero_v1,erken_s2_observation_mask_v1,False
2022-02-21,2022,52,3.37058,1,1,False,pre_2023,True,False,False,,,,,,,,,,,,,,,,False
2022-02-22,2022,53,4.68703,1,1,False,pre_2023,True,True,False,1,0,,,,,,,,,,,,scl3x3_b1_w8_centernotbad_p0_class2zero_v1,erken_s2_observation_mask_v1,False
2022-02-23,2022,54,3.30627,1,1,False,pre_2023,True,False,False,,,,,,,,,,,,,,,,False
2022-02-24,2022,55,3.04903,1,1,False,pre_2023,True,False,False,,,,,,,,,,,,,,,,False
2022-02-25,2022,56,2.54969,1,1,False,pre_2023,True,True,False,1,0,,,,,,,,,,,,scl3x3_b1_w8_centernotbad_p0_class2zero_v1,erken_s2_observation_mask_v1,False
2022-02-26,2022,57,2.61021,1,1,False,pre_2023,True,False,False,,,,,,,,,,,,,,,,False
2022-02-27,2022,58,2.49672,1,1,False,pre_2023,True,True,False,1,0,,,,,,,,,,,,scl3x3_b1_w8_centernotbad_p0_class2zero_v1,erken_s2_observation_mask_v1,False
2022-02-28,2022,59,2.36811,1,1,False,pre_2023,True,False,False,,,,,,,,,,,,,,,,False
2022-03-01,2022,60,2.43242,1,1,False,pre_2023,True,False,False,,,,,,,,,,,,,,,,False
2022-03-02,2022,61,2.79179,1,1,False,pre_2023,True,True,False,1,0,,,,,,,,,,,,scl3x3_b1_w8_centernotbad_p0_class2zero_v1,erken_s2_observation_mask_v1,False
2022-03-03,2022,62,2.76531,1,1,False,pre_2023,True,False,False,,,,,,,,,,,,,,,,False
2022-03-04,2022,63,2.42485,1,1,False,pre_2023,True,True,False,1,0,,,,,,,,,,,,scl3x3_b1_w8_centernotbad_p0_class2zero_v1,erken_s2_observation_mask_v1,False
2022-03-05,2022,64,4.02881,1,1,False,pre_2023,True,False,False,,,,,,,,,,,,,,,,False
2022-03-06,2022,65,2.8334,1,1,False,pre_2023,True,False,False,,,,,,,,,,,,,,,,False
2022-03-07,2022,66,2.89393,1,1,False,pre_2023,True,True,False,1,0,,,,,,,,,,,,scl3x3_b1_w8_centernotbad_p0_class2zero_v1,erken_s2_observation_mask_v1,False
2022-03-08,2022,67,4.24065,1,1,False,pre_2023,True,False,False,,,,,,,,,,,,,,,,False
2022-03-09,2022,68,3.77535,1,1,False,pre_2023,True,True,False,1,0,,,,,,,,,,,,scl3x3_b1_w8_centernotbad_p0_class2zero_v1,erken_s2_observation_mask_v1,False
2022-03-10,2022,69,4.252,1,1,False,pre_2023,True,False,False,,,,,,,,,,,,,,,,False
2022-03-11,2022,70,5.37552,1,1,False,pre_2023,True,False,False,,,,,,,,,,,,,,,,False
2022-03-12,2022,71,4.73243,1,1,False,pre_2023,True,True,False,1,0,,,,,,,,,,,,scl3x3_b1_w8_centernotbad_p0_class2zero_v1,erken_s2_observation_mask_v1,False
2022-03-13,2022,72,7.71715,1,1,False,pre_2023,True,False,False,,,,,,,,,,,,,,,,False
2022-03-14,2022,73,6.52175,1,1,False,pre_2023,True,True,False,1,0,,,,,,,,,,,,scl3x3_b1_w8_centernotbad_p0_class2zero_v1,erken_s2_observation_mask_v1,False
2022-03-15,2022,74,10.2451,1,1,False,pre_2023,True,False,False,,,,,,,,,,,,,,,,False
2022-03-16,2022,75,13.6856,1,1,False,pre_2023,True,False,False,,,,,,,,,,,,,,,,False
2022-03-17,2022,76,18.9039,1,1,False,pre_2023,True,True,False,1,0,,,,,,,,,,,,scl3x3_b1_w8_centernotbad_p0_class2zero_v1,erken_s2_observation_mask_v1,False
2022-03-18,2022,77,18.3829,1,1,False,pre_2023,True,False,False,,,,,,,,,,,,,,,,False
2022-03-19,2022,78,17.3254,1,1,False,pre_2023,True,True,False,1,0,,,,,,,,,,,,scl3x3_b1_w8_centernotbad_p0_class2zero_v1,erken_s2_observation_mask_v1,False
2022-03-20,2022,79,19.8618,1,1,False,pre_2023,True,False,False,,,,,,,,,,,,,,,,False
2022-03-21,2022,80,22.4058,1,1,False,pre_2023,True,False,False,,,,,,,,,,,,,,,,False
2022-03-22,2022,81,16.4254,1,1,False,pre_2023,True,True,False,1,0,,,,,,,,,,,,scl3x3_b1_w8_centernotbad_p0_class2zero_v1,erken_s2_observation_mask_v1,False
2022-03-23,2022,82,13.9885,1,1,False,pre_2023,True,False,False,,,,,,,,,,,,,,,,False
2022-03-24,2022,83,22.0504,1,1,False,pre_2023,True,True,True,1,1,S2B_MSIL2A_20220324T100649_N0510_R022_T34VCM_20240522T201307,S2B,2022-03-24T10:06:49Z,N0510,6,8,1,0,0,0.8888888889,0.1111111111,scl3x3_b1_w8_centernotbad_p0_class2zero_v1,erken_s2_observation_mask_v1,False
2022-03-25,2022,84,17.0976,1,1,False,pre_2023,True,False,False,,,,,,,,,,,,,,,,False
2022-03-26,2022,85,17.9181,1,1,False,pre_2023,True,False,False,,,,,,,,,,,,,,,,False
2022-03-27,2022,86,13.0246,1,1,False,pre_2023,True,True,False,1,0,,,,,,,,,,,,scl3x3_b1_w8_centernotbad_p0_class2zero_v1,erken_s2_observation_mask_v1,False
2022-03-28,2022,87,13.7562,1,1,False,pre_2023,True,False,False,,,,,,,,,,,,,,,,False
2022-03-29,2022,88,10.1665,1,1,False,pre_2023,True,True,False,1,0,,,,,,,,,,,,scl3x3_b1_w8_centernotbad_p0_class2zero_v1,erken_s2_observation_mask_v1,False
2022-03-30,2022,89,8.28347,1,1,False,pre_2023,True,False,False,,,,,,,,,,,,,,,,False
2022-03-31,2022,90,8.32012,1,1,False,pre_2023,True,False,False,,,,,,,,,,,,,,,,False
2022-04-01,2022,91,5.80942,1,1,False,pre_2023,True,True,False,1,0,,,,,,,,,,,,scl3x3_b1_w8_centernotbad_p0_class2zero_v1,erken_s2_observation_mask_v1,False
2022-04-02,2022,92,7.07393,1,1,False,pre_2023,True,False,False,,,,,,,,,,,,,,,,False
2022-04-03,2022,93,6.01559,1,1,False,pre_2023,True,True,False,1,0,,,,,,,,,,,,scl3x3_b1_w8_centernotbad_p0_class2zero_v1,erken_s2_observation_mask_v1,False
2022-04-04,2022,94,4.6228,1,1,False,pre_2023,True,False,False,,,,,,,,,,,,,,,,False
2022-04-05,2022,95,7.31218,1,1,False,pre_2023,True,False,False,,,,,,,,,,,,,,,,False
2022-04-06,2022,96,7.80066,1,1,False,pre_2023,True,True,False,1,0,,,,,,,,,,,,scl3x3_b1_w8_centernotbad_p0_class2zero_v1,erken_s2_observation_mask_v1,False
2022-04-07,2022,97,8.4611,1,1,False,pre_2023,True,False,False,,,,,,,,,,,,,,,,False
2022-04-08,2022,98,8.00627,1,1,False,pre_2023,True,True,False,1,0,,,,,,,,,,,,scl3x3_b1_w8_centernotbad_p0_class2zero_v1,erken_s2_observation_mask_v1,False
2022-04-09,2022,99,8.3178,1,1,False,pre_2023,True,False,False,,,,,,,,,,,,,,,,False
2022-04-10,2022,100,10.5982,1,1,False,pre_2023,True,False,False,,,,,,,,,,,,,,,,False
2022-04-11,2022,101,7.76264,1,1,False,pre_2023,True,True,True,1,1,S2A_MSIL2A_20220411T101601_N0510_R065_T34VCM_20240524T081910,S2A,2022-04-11T10:16:01Z,N0510,6,9,0,0,0,1,0,scl3x3_b1_w8_centernotbad_p0_class2zero_v1,erken_s2_observation_mask_v1,False
2022-04-12,2022,102,6.98637,1,1,False,pre_2023,True,False,False,,,,,,,,,,,,,,,,False
2022-04-13,2022,103,7.0646,1,1,False,pre_2023,True,True,False,1,0,,,,,,,,,,,,scl3x3_b1_w8_centernotbad_p0_class2zero_v1,erken_s2_observation_mask_v1,False
2022-04-14,2022,104,10.9459,1,1,False,pre_2023,True,False,False,,,,,,,,,,,,,,,,False
2022-04-15,2022,105,9.20685,0,0,True,pre_2023,True,False,False,,,,,,,,,,,,,,,,False
2022-04-16,2022,106,8.02139,0,0,True,pre_2023,True,True,False,1,0,,,,,,,,,,,,scl3x3_b1_w8_centernotbad_p0_class2zero_v1,erken_s2_observation_mask_v1,False
2022-04-17,2022,107,7.93113,0,0,True,pre_2023,True,False,False,,,,,,,,,,,,,,,,False
2022-04-18,2022,108,6.54107,0,0,True,pre_2023,True,True,True,1,1,S2A_MSIL2A_20220418T100601_N0510_R022_T34VCM_20240605T031409,S2A,2022-04-18T10:06:01Z,N0510,6,9,0,0,0,1,0,scl3x3_b1_w8_centernotbad_p0_class2zero_v1,erken_s2_observation_mask_v1,True
2022-04-19,2022,109,7.43769,0,0,True,pre_2023,True,False,False,,,,,,,,,,,,,,,,False
2022-04-20,2022,110,7.09857,0,0,True,pre_2023,True,False,False,,,,,,,,,,,,,,,,False
2022-04-21,2022,111,7.10355,0,0,True,pre_2023,True,True,True,1,1,S2A_MSIL2A_20220421T101601_N0510_R065_T34VCM_20240619T155847,S2A,2022-04-21T10:16:01Z,N0510,6,9,0,0,0,1,0,scl3x3_b1_w8_centernotbad_p0_class2zero_v1,erken_s2_observation_mask_v1,True
2022-04-22,2022,112,6.715,0,0,True,pre_2023,True,False,False,,,,,,,,,,,,,,,,False
2022-04-23,2022,113,6.32146,0,0,True,pre_2023,True,True,False,1,0,,,,,,,,,,,,scl3x3_b1_w8_centernotbad_p0_class2zero_v1,erken_s2_observation_mask_v1,False
2022-04-24,2022,114,7.91055,0,0,True,pre_2023,True,False,False,,,,,,,,,,,,,,,,False
2022-04-25,2022,115,6.37626,0,0,True,pre_2023,True,False,False,,,,,,,,,,,,,,,,False
2022-04-26,2022,116,6.28839,0,0,True,pre_2023,True,True,False,1,0,,,,,,,,,,,,scl3x3_b1_w8_centernotbad_p0_class2zero_v1,erken_s2_observation_mask_v1,False
2022-04-27,2022,117,5.45241,0,0,True,pre_2023,True,False,False,,,,,,,,,,,,,,,,False
2022-04-28,2022,118,5.97722,0,0,True,pre_2023,True,True,False,1,0,,,,,,,,,,,,scl3x3_b1_w8_centernotbad_p0_class2zero_v1,erken_s2_observation_mask_v1,False
2022-04-29,2022,119,4.15665,0,0,True,pre_2023,True,False,False,,,,,,,,,,,,,,,,False
2022-04-30,2022,120,3.90586,0,0,True,pre_2023,True,False,False,,,,,,,,,,,,,,,,False
2022-05-01,2022,121,4.26812,0,0,True,pre_2023,True,True,False,1,0,,,,,,,,,,,,scl3x3_b1_w8_centernotbad_p0_class2zero_v1,erken_s2_observation_mask_v1,False
2022-05-02,2022,122,3.32997,0,0,True,pre_2023,True,False,False,,,,,,,,,,,,,,,,False
2022-05-03,2022,123,3.18135,0,0,True,pre_2023,True,True,True,1,1,S2B_MSIL2A_20220503T100549_N0510_R022_T34VCM_20240611T022933,S2B,2022-05-03T10:05:49Z,N0510,6,9,0,0,0,1,0,scl3x3_b1_w8_centernotbad_p0_class2zero_v1,erken_s2_observation_mask_v1,True
2022-05-04,2022,124,3.90834,0,0,True,pre_2023,True,False,False,,,,,,,,,,,,,,,,False
2022-05-05,2022,125,3.13118,0,0,True,pre_2023,True,False,False,,,,,,,,,,,,,,,,False
2022-05-06,2022,126,2.92844,0,0,True,pre_2023,True,True,True,1,1,S2B_MSIL2A_20220506T101559_N0510_R065_T34VCM_20240612T204458,S2B,2022-05-06T10:15:59Z,N0510,6,9,0,0,0,1,0,scl3x3_b1_w8_centernotbad_p0_class2zero_v1,erken_s2_observation_mask_v1,True
2022-05-07,2022,127,3.29449,0,0,True,pre_2023,True,False,False,,,,,,,,,,,,,,,,False
2022-05-08,2022,128,3.23255,0,0,True,pre_2023,True,True,False,1,0,,,,,,,,,,,,scl3x3_b1_w8_centernotbad_p0_class2zero_v1,erken_s2_observation_mask_v1,False
2022-05-09,2022,129,2.90028,0,0,True,pre_2023,True,False,False,,,,,,,,,,,,,,,,False
2022-05-10,2022,130,3.25156,0,0,True,pre_2023,True,False,False,,,,,,,,,,,,,,,,False
2022-05-11,2022,131,3.16565,0,0,True,pre_2023,True,True,True,1,1,S2A_MSIL2A_20220511T101601_N0510_R065_T34VCM_20240617T140748,S2A,2022-05-11T10:16:01Z,N0510,6,9,0,0,0,1,0,scl3x3_b1_w8_centernotbad_p0_class2zero_v1,erken_s2_observation_mask_v1,True
2022-05-12,2022,132,3.13261,0,0,True,pre_2023,True,False,False,,,,,,,,,,,,,,,,False
2022-05-13,2022,133,3.27139,0,0,True,pre_2023,True,True,False,1,0,,,,,,,,,,,,scl3x3_b1_w8_centernotbad_p0_class2zero_v1,erken_s2_observation_mask_v1,False
2022-05-14,2022,134,2.96077,0,0,True,pre_2023,True,False,False,,,,,,,,,,,,,,,,False
2022-05-15,2022,135,2.72286,0,0,True,pre_2023,True,False,False,,,,,,,,,,,,,,,,False
2022-05-16,2022,136,2.88147,0,0,True,pre_2023,True,True,True,1,1,S2B_MSIL2A_20220516T101559_N0510_R065_T34VCM_20240611T084724,S2B,2022-05-16T10:15:59Z,N0510,6,9,0,0,0,1,0,scl3x3_b1_w8_centernotbad_p0_class2zero_v1,erken_s2_observation_mask_v1,True
2022-05-17,2022,137,2.97765,0,0,True,pre_2023,True,False,False,,,,,,,,,,,,,,,,False
2022-05-18,2022,138,2.52819,0,0,True,pre_2023,True,True,True,1,1,S2A_MSIL2A_20220518T100601_N0510_R022_T34VCM_20240619T015458,S2A,2022-05-18T10:06:01Z,N0510,6,9,0,0,0,1,0,scl3x3_b1_w8_centernotbad_p0_class2zero_v1,erken_s2_observation_mask_v1,True
2022-05-19,2022,139,2.42831,0,0,True,pre_2023,True,False,False,,,,,,,,,,,,,,,,False
2022-05-20,2022,140,2.32219,0,0,True,pre_2023,True,False,False,,,,,,,,,,,,,,,,False
2022-05-21,2022,141,2.61559,0,0,True,pre_2023,True,True,False,1,0,,,,,,,,,,,,scl3x3_b1_w8_centernotbad_p0_class2zero_v1,erken_s2_observation_mask_v1,False
2022-05-22,2022,142,2.50947,0,0,True,pre_2023,True,False,False,,,,,,,,,,,,,,,,False
2022-05-23,2022,143,2.36619,0,0,True,pre_2023,True,True,True,1,1,S2B_MSIL2A_20220523T100559_N0510_R022_T34VCM_20240615T181903,S2B,2022-05-23T10:05:59Z,N0510,6,9,0,0,0,1,0,scl3x3_b1_w8_centernotbad_p0_class2zero_v1,erken_s2_observation_mask_v1,True
2022-05-24,2022,144,1.96438,0,0,True,pre_2023,True,False,False,,,,,,,,,,,,,,,,False
2022-05-25,2022,145,2.12622,0,0,True,pre_2023,True,False,False,,,,,,,,,,,,,,,,False
2022-05-26,2022,146,2.076,0,0,True,pre_2023,True,True,False,1,0,,,,,,,,,,,,scl3x3_b1_w8_centernotbad_p0_class2zero_v1,erken_s2_observation_mask_v1,False
2022-05-27,2022,147,2.36061,0,0,True,pre_2023,True,False,False,,,,,,,,,,,,,,,,False
2022-05-28,2022,148,2.22109,0,0,True,pre_2023,True,True,False,1,0,,,,,,,,,,,,scl3x3_b1_w8_centernotbad_p0_class2zero_v1,erken_s2_observation_mask_v1,False
2022-05-29,2022,149,2.33271,0,0,True,pre_2023,True,False,False,,,,,,,,,,,,,,,,False
2022-05-30,2022,150,2.52245,0,0,True,pre_2023,True,False,False,,,,,,,,,,,,,,,,False
2022-05-31,2022,151,2.04809,0,0,True,pre_2023,True,True,False,1,0,,,,,,,,,,,,scl3x3_b1_w8_centernotbad_p0_class2zero_v1,erken_s2_observation_mask_v1,False
2022-06-01,2022,152,2.47284,0,0,True,pre_2023,True,False,False,,,,,,,,,,,,,,,,False
2022-06-02,2022,153,2.67781,0,0,True,pre_2023,True,True,False,1,0,,,,,,,,,,,,scl3x3_b1_w8_centernotbad_p0_class2zero_v1,erken_s2_observation_mask_v1,False
2022-06-03,2022,154,2.66458,0,0,True,pre_2023,True,False,False,,,,,,,,,,,,,,,,False
2022-06-04,2022,155,2.26787,0,0,True,pre_2023,True,False,False,,,,,,,,,,,,,,,,False
2022-06-05,2022,156,2.32077,0,0,True,pre_2023,True,True,True,1,1,S2B_MSIL2A_20220605T101559_N0510_R065_T34VCM_20240630T004608,S2B,2022-06-05T10:15:59Z,N0510,6,9,0,0,0,1,0,scl3x3_b1_w8_centernotbad_p0_class2zero_v1,erken_s2_observation_mask_v1,True
2022-06-06,2022,157,2.18853,0,0,True,pre_2023,True,False,False,,,,,,,,,,,,,,,,False
2022-06-07,2022,158,1.71171,0,0,True,pre_2023,True,True,True,1,1,S2A_MSIL2A_20220607T100601_N0510_R022_T34VCM_20240714T234043,S2A,2022-06-07T10:06:01Z,N0510,6,9,0,0,0,1,0,scl3x3_b1_w8_centernotbad_p0_class2zero_v1,erken_s2_observation_mask_v1,True
2022-06-08,2022,159,1.3953,0,0,True,pre_2023,True,False,False,,,,,,,,,,,,,,,,False
2022-06-09,2022,160,1.37974,0,0,True,pre_2023,True,False,False,,,,,,,,,,,,,,,,False
2022-06-10,2022,161,1.09964,0,0,True,pre_2023,True,True,False,1,0,,,,,,,,,,,,scl3x3_b1_w8_centernotbad_p0_class2zero_v1,erken_s2_observation_mask_v1,False
2022-06-11,2022,162,1.11002,0,0,True,pre_2023,True,False,False,,,,,,,,,,,,,,,,False
2022-06-12,2022,163,1.37456,0,0,True,pre_2023,True,True,True,1,1,S2B_MSIL2A_20220612T100559_N0510_R022_T34VCM_20240702T053752,S2B,2022-06-12T10:05:59Z,N0510,6,9,0,0,0,1,0,scl3x3_b1_w8_centernotbad_p0_class2zero_v1,erken_s2_observation_mask_v1,True
2022-06-13,2022,164,1.4368,0,0,True,pre_2023,True,False,False,,,,,,,,,,,,,,,,False
2022-06-14,2022,165,1.3964,0,0,True,pre_2023,True,False,False,,,,,,,,,,,,,,,,False
2022-06-15,2022,166,1.37253,0,0,True,pre_2023,True,True,True,1,1,S2B_MSIL2A_20220615T101559_N0510_R065_T34VCM_20240707T201732,S2B,2022-06-15T10:15:59Z,N0510,6,9,0,0,0,1,0,scl3x3_b1_w8_centernotbad_p0_class2zero_v1,erken_s2_observation_mask_v1,True
2022-06-16,2022,167,1.2114,0,0,True,pre_2023,True,False,False,,,,,,,,,,,,,,,,False
2022-06-17,2022,168,1.67687,0,0,True,pre_2023,True,True,False,1,0,,,,,,,,,,,,scl3x3_b1_w8_centernotbad_p0_class2zero_v1,erken_s2_observation_mask_v1,False
2022-06-18,2022,169,1.29495,0,0,True,pre_2023,True,False,False,,,,,,,,,,,,,,,,False
2022-06-19,2022,170,1.22334,0,0,True,pre_2023,True,False,False,,,,,,,,,,,,,,,,False
2022-06-20,2022,171,1.18753,0,0,True,pre_2023,True,True,False,1,0,,,,,,,,,,,,scl3x3_b1_w8_centernotbad_p0_class2zero_v1,erken_s2_observation_mask_v1,False
2022-06-21,2022,172,1.55673,0,0,True,pre_2023,True,False,False,,,,,,,,,,,,,,,,False
2022-06-22,2022,173,1.70468,0,0,True,pre_2023,True,True,False,1,0,,,,,,,,,,,,scl3x3_b1_w8_centernotbad_p0_class2zero_v1,erken_s2_observation_mask_v1,False
2022-06-23,2022,174,1.78831,0,0,True,pre_2023,True,False,False,,,,,,,,,,,,,,,,False
2022-06-24,2022,175,1.80761,0,0,True,pre_2023,True,False,False,,,,,,,,,,,,,,,,False
2022-06-25,2022,176,1.73685,0,0,True,pre_2023,True,True,True,1,1,S2B_MSIL2A_20220625T101559_N0510_R065_T34VCM_20240629T115118,S2B,2022-06-25T10:15:59Z,N0510,6,9,0,0,0,1,0,scl3x3_b1_w8_centernotbad_p0_class2zero_v1,erken_s2_observation_mask_v1,True
2022-06-26,2022,177,1.59533,0,0,True,pre_2023,True,False,False,,,,,,,,,,,,,,,,False
2022-06-27,2022,178,1.60819,0,0,True,pre_2023,True,True,False,1,0,,,,,,,,,,,,scl3x3_b1_w8_centernotbad_p0_class2zero_v1,erken_s2_observation_mask_v1,False
2022-06-28,2022,179,2.67156,0,0,True,pre_2023,True,False,False,,,,,,,,,,,,,,,,False
2022-06-29,2022,180,3.13477,0,0,True,pre_2023,True,False,False,,,,,,,,,,,,,,,,False
2022-06-30,2022,181,2.86546,0,0,True,pre_2023,True,True,True,1,1,S2A_MSIL2A_20220630T102041_N0510_R065_T34VCM_20240703T001206,S2A,2022-06-30T10:20:41Z,N0510,6,9,0,0,0,1,0,scl3x3_b1_w8_centernotbad_p0_class2zero_v1,erken_s2_observation_mask_v1,True
2022-07-01,2022,182,3.21018,0,0,True,pre_2023,True,False,False,,,,,,,,,,,,,,,,False
2022-07-02,2022,183,3.14555,0,0,True,pre_2023,True,True,False,1,0,,,,,,,,,,,,scl3x3_b1_w8_centernotbad_p0_class2zero_v1,erken_s2_observation_mask_v1,False
2022-07-03,2022,184,3.59799,0,0,True,pre_2023,True,False,False,,,,,,,,,,,,,,,,False
2022-07-04,2022,185,3.10246,0,0,True,pre_2023,True,False,False,,,,,,,,,,,,,,,,False
2022-07-05,2022,186,4.59198,0,0,True,pre_2023,True,True,False,1,0,,,,,,,,,,,,scl3x3_b1_w8_centernotbad_p0_class2zero_v1,erken_s2_observation_mask_v1,False
2022-07-06,2022,187,4.26398,0,0,True,pre_2023,True,False,False,,,,,,,,,,,,,,,,False
2022-07-07,2022,188,4.66328,0,0,True,pre_2023,True,True,False,1,0,,,,,,,,,,,,scl3x3_b1_w8_centernotbad_p0_class2zero_v1,erken_s2_observation_mask_v1,False
2022-07-08,2022,189,3.72207,0,0,True,pre_2023,True,False,False,,,,,,,,,,,,,,,,False
2022-07-09,2022,190,7.34693,0,0,True,pre_2023,True,False,False,,,,,,,,,,,,,,,,False
2022-07-10,2022,191,3.70781,0,0,True,pre_2023,True,True,False,1,0,,,,,,,,,,,,scl3x3_b1_w8_centernotbad_p0_class2zero_v1,erken_s2_observation_mask_v1,False
2022-07-11,2022,192,3.76485,0,0,True,pre_2023,True,False,False,,,,,,,,,,,,,,,,False
2022-07-12,2022,193,5.57172,0,0,True,pre_2023,True,True,True,1,1,S2B_MSIL2A_20220712T100559_N0510_R022_T34VCM_20240718T063657,S2B,2022-07-12T10:05:59Z,N0510,6,9,0,0,0,1,0,scl3x3_b1_w8_centernotbad_p0_class2zero_v1,erken_s2_observation_mask_v1,True
2022-07-13,2022,194,5.803,0,0,True,pre_2023,True,False,False,,,,,,,,,,,,,,,,False
2022-07-14,2022,195,6.58094,0,0,True,pre_2023,True,False,False,,,,,,,,,,,,,,,,False
2022-07-15,2022,196,6.45479,0,0,True,pre_2023,True,True,True,1,1,S2B_MSIL2A_20220715T101559_N0510_R065_T34VCM_20240724T023217,S2B,2022-07-15T10:15:59Z,N0510,6,9,0,0,0,1,0,scl3x3_b1_w8_centernotbad_p0_class2zero_v1,erken_s2_observation_mask_v1,True
2022-07-16,2022,197,6.62299,0,0,True,pre_2023,True,False,False,,,,,,,,,,,,,,,,False
2022-07-17,2022,198,6.83324,0,0,True,pre_2023,True,True,True,1,1,S2A_MSIL2A_20220717T100611_N0510_R022_T34VCM_20240717T130024,S2A,2022-07-17T10:06:11Z,N0510,6,9,0,0,0,1,0,scl3x3_b1_w8_centernotbad_p0_class2zero_v1,erken_s2_observation_mask_v1,True
2022-07-18,2022,199,9.52449,0,0,True,pre_2023,True,False,False,,,,,,,,,,,,,,,,False
2022-07-19,2022,200,13.9231,0,0,True,pre_2023,True,False,False,,,,,,,,,,,,,,,,False
2022-07-20,2022,201,16.9807,0,0,True,pre_2023,True,True,True,1,1,S2A_MSIL2A_20220720T101611_N0510_R065_T34VCM_20240715T001059,S2A,2022-07-20T10:16:11Z,N0510,6,9,0,0,0,1,0,scl3x3_b1_w8_centernotbad_p0_class2zero_v1,erken_s2_observation_mask_v1,True
2022-07-21,2022,202,20.1475,0,0,True,pre_2023,True,False,False,,,,,,,,,,,,,,,,False
2022-07-22,2022,203,18.0181,0,0,True,pre_2023,True,True,False,1,0,,,,,,,,,,,,scl3x3_b1_w8_centernotbad_p0_class2zero_v1,erken_s2_observation_mask_v1,False
2022-07-23,2022,204,17.4175,0,0,True,pre_2023,True,False,False,,,,,,,,,,,,,,,,False
2022-07-24,2022,205,19.2739,0,0,True,pre_2023,True,False,False,,,,,,,,,,,,,,,,False
2022-07-25,2022,206,21.7855,0,0,True,pre_2023,True,True,False,1,0,,,,,,,,,,,,scl3x3_b1_w8_centernotbad_p0_class2zero_v1,erken_s2_observation_mask_v1,False
2022-07-26,2022,207,18.7279,0,0,True,pre_2023,True,False,False,,,,,,,,,,,,,,,,False
2022-07-27,2022,208,17.2537,0,0,True,pre_2023,True,True,False,1,0,,,,,,,,,,,,scl3x3_b1_w8_centernotbad_p0_class2zero_v1,erken_s2_observation_mask_v1,False
2022-07-28,2022,209,14.7421,0,0,True,pre_2023,True,False,False,,,,,,,,,,,,,,,,False
2022-07-29,2022,210,13.4317,0,0,True,pre_2023,True,False,False,,,,,,,,,,,,,,,,False
2022-07-30,2022,211,15.2335,0,0,True,pre_2023,True,True,True,1,1,S2A_MSIL2A_20220730T101611_N0510_R065_T34VCM_20240716T215056,S2A,2022-07-30T10:16:11Z,N0510,6,9,0,0,0,1,0,scl3x3_b1_w8_centernotbad_p0_class2zero_v1,erken_s2_observation_mask_v1,True
2022-07-31,2022,212,22.9867,0,0,True,pre_2023,True,False,False,,,,,,,,,,,,,,,,False
2022-08-01,2022,213,18.1819,0,0,True,pre_2023,True,True,True,1,1,S2B_MSIL2A_20220801T100559_N0510_R022_T34VCM_20240717T025845,S2B,2022-08-01T10:05:59Z,N0510,6,9,0,0,0,1,0,scl3x3_b1_w8_centernotbad_p0_class2zero_v1,erken_s2_observation_mask_v1,True
2022-08-02,2022,214,29.9084,0,0,True,pre_2023,True,False,False,,,,,,,,,,,,,,,,False
2022-08-03,2022,215,32.5005,0,0,True,pre_2023,True,False,False,,,,,,,,,,,,,,,,False
2022-08-04,2022,216,36.1892,0,0,True,pre_2023,True,True,False,1,0,,,,,,,,,,,,scl3x3_b1_w8_centernotbad_p0_class2zero_v1,erken_s2_observation_mask_v1,False
2022-08-05,2022,217,36.0895,0,0,True,pre_2023,True,False,False,,,,,,,,,,,,,,,,False
2022-08-06,2022,218,35.8901,0,0,True,pre_2023,True,True,False,1,0,,,,,,,,,,,,scl3x3_b1_w8_centernotbad_p0_class2zero_v1,erken_s2_observation_mask_v1,False
2022-08-07,2022,219,57.5239,0,0,True,pre_2023,True,False,False,,,,,,,,,,,,,,,,False
2022-08-08,2022,220,39.6785,0,0,True,pre_2023,True,False,False,,,,,,,,,,,,,,,,False
2022-08-09,2022,221,9.06876,0,0,True,pre_2023,True,True,False,1,0,,,,,,,,,,,,scl3x3_b1_w8_centernotbad_p0_class2zero_v1,erken_s2_observation_mask_v1,False
2022-08-10,2022,222,11.3359,0,0,True,pre_2023,True,False,False,,,,,,,,,,,,,,,,False
2022-08-11,2022,223,13.1909,0,0,True,pre_2023,True,True,False,1,0,,,,,,,,,,,,scl3x3_b1_w8_centernotbad_p0_class2zero_v1,erken_s2_observation_mask_v1,False
2022-08-12,2022,224,11.1004,0,0,True,pre_2023,True,False,False,,,,,,,,,,,,,,,,False
2022-08-13,2022,225,12.5137,0,0,True,pre_2023,True,False,False,,,,,,,,,,,,,,,,False
2022-08-14,2022,226,12.1309,0,0,True,pre_2023,True,True,True,1,1,S2B_MSIL2A_20220814T101559_N0510_R065_T34VCM_20240707T220121,S2B,2022-08-14T10:15:59Z,N0510,6,9,0,0,0,1,0,scl3x3_b1_w8_centernotbad_p0_class2zero_v1,erken_s2_observation_mask_v1,True
2022-08-15,2022,227,12.9554,0,0,True,pre_2023,True,False,False,,,,,,,,,,,,,,,,False
2022-08-16,2022,228,6.87141,0,0,True,pre_2023,True,True,False,1,0,,,,,,,,,,,,scl3x3_b1_w8_centernotbad_p0_class2zero_v1,erken_s2_observation_mask_v1,False
2022-08-17,2022,229,11.9796,0,0,True,pre_2023,True,False,False,,,,,,,,,,,,,,,,False
2022-08-18,2022,230,12.6538,0,0,True,pre_2023,True,False,False,,,,,,,,,,,,,,,,False
2022-08-19,2022,231,12.213,0,0,True,pre_2023,True,True,True,1,1,S2A_MSIL2A_20220819T101611_N0510_R065_T34VCM_20240703T214954,S2A,2022-08-19T10:16:11Z,N0510,6,9,0,0,0,1,0,scl3x3_b1_w8_centernotbad_p0_class2zero_v1,erken_s2_observation_mask_v1,True
2022-08-20,2022,232,11.2536,0,0,True,pre_2023,True,False,False,,,,,,,,,,,,,,,,False
2022-08-21,2022,233,10.5016,0,0,True,pre_2023,True,True,False,1,0,,,,,,,,,,,,scl3x3_b1_w8_centernotbad_p0_class2zero_v1,erken_s2_observation_mask_v1,False
2022-08-22,2022,234,10.3719,0,0,True,pre_2023,True,False,False,,,,,,,,,,,,,,,,False
2022-08-23,2022,235,7.39152,0,0,True,pre_2023,True,False,False,,,,,,,,,,,,,,,,False
2022-08-24,2022,236,6.74949,0,0,True,pre_2023,True,True,False,1,0,,,,,,,,,,,,scl3x3_b1_w8_centernotbad_p0_class2zero_v1,erken_s2_observation_mask_v1,False
2022-08-25,2022,237,6.43671,0,0,True,pre_2023,True,False,False,,,,,,,,,,,,,,,,False
2022-08-26,2022,238,6.42025,0,0,True,pre_2023,True,True,False,1,0,,,,,,,,,,,,scl3x3_b1_w8_centernotbad_p0_class2zero_v1,erken_s2_observation_mask_v1,False
2022-08-27,2022,239,5.54776,0,0,True,pre_2023,True,False,False,,,,,,,,,,,,,,,,False
2022-08-28,2022,240,6.10747,0,0,True,pre_2023,True,False,False,,,,,,,,,,,,,,,,False
2022-08-29,2022,241,4.69172,0,0,True,pre_2023,True,True,False,1,0,,,,,,,,,,,,scl3x3_b1_w8_centernotbad_p0_class2zero_v1,erken_s2_observation_mask_v1,False
2022-08-30,2022,242,3.69504,0,0,True,pre_2023,True,False,False,,,,,,,,,,,,,,,,False
2022-08-31,2022,243,4.03507,0,0,True,pre_2023,True,True,False,1,0,,,,,,,,,,,,scl3x3_b1_w8_centernotbad_p0_class2zero_v1,erken_s2_observation_mask_v1,False
2022-09-01,2022,244,4.71514,0,0,True,pre_2023,True,False,False,,,,,,,,,,,,,,,,False
2022-09-02,2022,245,4.61313,0,0,True,pre_2023,True,False,False,,,,,,,,,,,,,,,,False
2022-09-03,2022,246,4.99851,0,0,True,pre_2023,True,True,False,1,0,,,,,,,,,,,,scl3x3_b1_w8_centernotbad_p0_class2zero_v1,erken_s2_observation_mask_v1,False
2022-09-04,2022,247,4.47712,0,0,True,pre_2023,True,False,False,,,,,,,,,,,,,,,,False
2022-09-05,2022,248,4.48845,0,0,True,pre_2023,True,True,False,1,0,,,,,,,,,,,,scl3x3_b1_w8_centernotbad_p0_class2zero_v1,erken_s2_observation_mask_v1,False
2022-09-06,2022,249,3.09888,0,0,True,pre_2023,True,False,False,,,,,,,,,,,,,,,,False
2022-09-07,2022,250,2.48321,0,0,True,pre_2023,True,False,False,,,,,,,,,,,,,,,,False
2022-09-08,2022,251,2.59266,0,0,True,pre_2023,True,True,True,1,1,S2A_MSIL2A_20220908T102031_N0510_R065_T34VCM_20240728T081914,S2A,2022-09-08T10:20:31Z,N0510,6,9,0,0,0,1,0,scl3x3_b1_w8_centernotbad_p0_class2zero_v1,erken_s2_observation_mask_v1,True
2022-09-09,2022,252,2.25062,0,0,True,pre_2023,True,False,False,,,,,,,,,,,,,,,,False
2022-09-10,2022,253,2.2301,0,0,True,pre_2023,True,True,False,1,0,,,,,,,,,,,,scl3x3_b1_w8_centernotbad_p0_class2zero_v1,erken_s2_observation_mask_v1,False
2022-09-11,2022,254,1.53918,0,0,True,pre_2023,True,False,False,,,,,,,,,,,,,,,,False
2022-09-12,2022,255,1.88122,0,0,True,pre_2023,True,False,False,,,,,,,,,,,,,,,,False
2022-09-13,2022,256,3.69576,0,0,True,pre_2023,True,True,False,1,0,,,,,,,,,,,,scl3x3_b1_w8_centernotbad_p0_class2zero_v1,erken_s2_observation_mask_v1,False
2022-09-14,2022,257,2.85493,0,0,True,pre_2023,True,False,False,,,,,,,,,,,,,,,,False
2022-09-15,2022,258,3.46111,0,0,True,pre_2023,True,True,False,1,0,,,,,,,,,,,,scl3x3_b1_w8_centernotbad_p0_class2zero_v1,erken_s2_observation_mask_v1,False
2022-09-16,2022,259,3.43178,0,0,True,pre_2023,True,False,False,,,,,,,,,,,,,,,,False
2022-09-17,2022,260,3.35356,0,0,True,pre_2023,True,False,False,,,,,,,,,,,,,,,,False
2022-09-18,2022,261,3.78375,0,0,True,pre_2023,True,True,False,1,0,,,,,,,,,,,,scl3x3_b1_w8_centernotbad_p0_class2zero_v1,erken_s2_observation_mask_v1,False
2022-09-19,2022,262,4.59526,0,0,True,pre_2023,True,False,False,,,,,,,,,,,,,,,,False
2022-09-20,2022,263,4.73274,0,0,True,pre_2023,True,True,False,1,0,,,,,,,,,,,,scl3x3_b1_w8_centernotbad_p0_class2zero_v1,erken_s2_observation_mask_v1,False
2022-09-21,2022,264,4.83489,0,0,True,pre_2023,True,False,False,,,,,,,,,,,,,,,,False
2022-09-22,2022,265,5.79959,0,0,True,pre_2023,True,False,False,,,,,,,,,,,,,,,,False
2022-09-23,2022,266,7.25233,0,0,True,pre_2023,True,True,False,1,0,,,,,,,,,,,,scl3x3_b1_w8_centernotbad_p0_class2zero_v1,erken_s2_observation_mask_v1,False
2022-09-24,2022,267,7.49067,0,0,True,pre_2023,True,False,False,,,,,,,,,,,,,,,,False
2022-09-25,2022,268,5.26617,0,0,True,pre_2023,True,True,False,1,0,,,,,,,,,,,,scl3x3_b1_w8_centernotbad_p0_class2zero_v1,erken_s2_observation_mask_v1,False
2022-09-26,2022,269,9.15904,0,0,True,pre_2023,True,False,False,,,,,,,,,,,,,,,,False
2022-09-27,2022,270,3.6563,0,0,True,pre_2023,True,False,False,,,,,,,,,,,,,,,,False
2022-09-28,2022,271,4.06515,0,0,True,pre_2023,True,True,True,1,1,S2A_MSIL2A_20220928T101811_N0510_R065_T34VCM_20240726T010605,S2A,2022-09-28T10:18:11Z,N0510,6,9,0,0,0,1,0,scl3x3_b1_w8_centernotbad_p0_class2zero_v1,erken_s2_observation_mask_v1,True
2022-09-29,2022,272,4.12355,0,0,True,pre_2023,True,False,False,,,,,,,,,,,,,,,,False
2022-09-30,2022,273,4.64922,0,0,True,pre_2023,True,True,True,1,1,S2B_MSIL2A_20220930T100729_N0510_R022_T34VCM_20240726T123713,S2B,2022-09-30T10:07:29Z,N0510,6,9,0,0,0,1,0,scl3x3_b1_w8_centernotbad_p0_class2zero_v1,erken_s2_observation_mask_v1,True
2022-10-01,2022,274,4.20532,0,0,True,pre_2023,True,False,False,,,,,,,,,,,,,,,,False
2022-10-02,2022,275,4.10019,0,0,True,pre_2023,True,False,False,,,,,,,,,,,,,,,,False
2022-10-03,2022,276,4.69594,0,0,True,pre_2023,True,True,True,1,1,S2B_MSIL2A_20221003T101749_N0510_R065_T34VCM_20240723T043933,S2B,2022-10-03T10:17:49Z,N0510,6,9,0,0,0,1,0,scl3x3_b1_w8_centernotbad_p0_class2zero_v1,erken_s2_observation_mask_v1,True
2022-10-04,2022,277,5.28002,0,0,True,pre_2023,True,False,False,,,,,,,,,,,,,,,,False
2022-10-05,2022,278,4.61417,0,0,True,pre_2023,True,True,False,1,0,,,,,,,,,,,,scl3x3_b1_w8_centernotbad_p0_class2zero_v1,erken_s2_observation_mask_v1,False
2022-10-06,2022,279,4.50904,0,0,True,pre_2023,True,False,False,,,,,,,,,,,,,,,,False
2022-10-07,2022,280,4.69594,0,0,True,pre_2023,True,False,False,,,,,,,,,,,,,,,,False
2022-10-08,2022,281,4.6609,0,0,True,pre_2023,True,True,True,1,1,S2A_MSIL2A_20221008T101931_N0510_R065_T34VCM_20240727T051721,S2A,2022-10-08T10:19:31Z,N0510,6,9,0,0,0,1,0,scl3x3_b1_w8_centernotbad_p0_class2zero_v1,erken_s2_observation_mask_v1,True
2022-10-09,2022,282,6.78692,0,0,True,pre_2023,True,False,False,,,,,,,,,,,,,,,,False
2022-10-10,2022,283,5.67719,0,0,True,pre_2023,True,True,True,1,1,S2B_MSIL2A_20221010T100839_N0510_R022_T34VCM_20240801T023928,S2B,2022-10-10T10:08:39Z,N0510,6,9,0,0,0,1,0,scl3x3_b1_w8_centernotbad_p0_class2zero_v1,erken_s2_observation_mask_v1,True
2022-10-11,2022,284,4.94568,0,0,True,pre_2023,True,False,False,,,,,,,,,,,,,,,,False
2022-10-12,2022,285,4.54258,0,0,True,pre_2023,True,False,False,,,,,,,,,,,,,,,,False
2022-10-13,2022,286,4.55558,0,0,True,pre_2023,True,True,False,1,0,,,,,,,,,,,,scl3x3_b1_w8_centernotbad_p0_class2zero_v1,erken_s2_observation_mask_v1,False
2022-10-14,2022,287,4.77167,0,0,True,pre_2023,True,False,False,,,,,,,,,,,,,,,,False
2022-10-15,2022,288,5.45857,0,0,True,pre_2023,True,True,False,1,0,,,,,,,,,,,,scl3x3_b1_w8_centernotbad_p0_class2zero_v1,erken_s2_observation_mask_v1,False
2022-10-16,2022,289,4.2313,0,0,True,pre_2023,True,False,False,,,,,,,,,,,,,,,,False
2022-10-17,2022,290,5.28455,0,0,True,pre_2023,True,False,False,,,,,,,,,,,,,,,,False
2022-10-18,2022,291,4.51522,0,0,True,pre_2023,True,True,False,1,0,,,,,,,,,,,,scl3x3_b1_w8_centernotbad_p0_class2zero_v1,erken_s2_observation_mask_v1,False
2022-10-19,2022,292,4.02981,0,0,True,pre_2023,True,False,False,,,,,,,,,,,,,,,,False
2022-10-20,2022,293,4.59765,0,0,True,pre_2023,True,True,True,1,1,S2B_MSIL2A_20221020T100939_N0510_R022_T34VCM_20240721T213259,S2B,2022-10-20T10:09:39Z,N0510,6,9,0,0,0,1,0,scl3x3_b1_w8_centernotbad_p0_class2zero_v1,erken_s2_observation_mask_v1,True
2022-10-21,2022,294,5.43109,0,0,True,pre_2023,True,False,False,,,,,,,,,,,,,,,,False
2022-10-22,2022,295,4.0115,0,0,True,pre_2023,True,False,False,,,,,,,,,,,,,,,,False
2022-10-23,2022,296,4.57933,0,0,True,pre_2023,True,True,True,1,1,S2B_MSIL2A_20221023T102029_N0510_R065_T34VCM_20240725T235429,S2B,2022-10-23T10:20:29Z,N0510,6,9,0,0,0,1,0,scl3x3_b1_w8_centernotbad_p0_class2zero_v1,erken_s2_observation_mask_v1,True
2022-10-24,2022,297,3.86496,0,0,True,pre_2023,True,False,False,,,,,,,,,,,,,,,,False
2022-10-25,2022,298,5.1444,0,0,True,pre_2023,True,True,False,1,0,,,,,,,,,,,,scl3x3_b1_w8_centernotbad_p0_class2zero_v1,erken_s2_observation_mask_v1,False
2022-10-26,2022,299,3.99673,0,0,True,pre_2023,True,False,False,,,,,,,,,,,,,,,,False
2022-10-27,2022,300,3.92625,0,0,True,pre_2023,True,False,False,,,,,,,,,,,,,,,,False
2022-10-28,2022,301,3.81551,0,0,True,pre_2023,True,True,False,1,0,,,,,,,,,,,,scl3x3_b1_w8_centernotbad_p0_class2zero_v1,erken_s2_observation_mask_v1,False
2022-10-29,2022,302,3.71484,0,0,True,pre_2023,True,False,False,,,,,,,,,,,,,,,,False
2022-10-30,2022,303,3.41282,0,0,True,pre_2023,True,True,True,1,1,S2B_MSIL2A_20221030T101039_N0510_R022_T34VCM_20240726T084236,S2B,2022-10-30T10:10:39Z,N0510,6,9,0,0,0,1,0,scl3x3_b1_w8_centernotbad_p0_class2zero_v1,erken_s2_observation_mask_v1,True
2022-10-31,2022,304,3.91619,0,0,True,pre_2023,True,False,False,,,,,,,,,,,,,,,,False
2022-11-01,2022,305,3.98666,0,0,True,pre_2023,True,False,False,,,,,,,,,,,,,,,,False
2022-11-02,2022,306,3.67457,0,0,True,pre_2023,True,True,False,1,0,,,,,,,,,,,,scl3x3_b1_w8_centernotbad_p0_class2zero_v1,erken_s2_observation_mask_v1,False
2022-11-03,2022,307,3.82558,0,0,True,pre_2023,True,False,False,,,,,,,,,,,,,,,,False
2022-11-04,2022,308,3.25174,0,0,True,pre_2023,True,True,False,1,0,,,,,,,,,,,,scl3x3_b1_w8_centernotbad_p0_class2zero_v1,erken_s2_observation_mask_v1,False
2022-11-05,2022,309,3.43296,0,0,True,pre_2023,True,False,False,,,,,,,,,,,,,,,,False
2022-11-06,2022,310,3.24168,0,0,True,pre_2023,True,False,False,,,,,,,,,,,,,,,,False
2022-11-07,2022,311,2.88099,0,0,True,pre_2023,True,False,False,,,,,,,,,,,,,,,,False
2022-11-08,2022,312,2.68614,0,0,True,pre_2023,True,False,False,,,,,,,,,,,,,,,,False
2022-11-09,2022,313,2.64153,0,0,True,pre_2023,True,True,True,1,1,S2B_MSIL2A_20221109T101139_N0510_R022_T34VCM_20240802T140016,S2B,2022-11-09T10:11:39Z,N0510,6,9,0,0,0,1,0,scl3x3_b1_w8_centernotbad_p0_class2zero_v1,erken_s2_observation_mask_v1,True
2022-11-10,2022,314,2.59691,0,0,True,pre_2023,True,False,False,,,,,,,,,,,,,,,,False
2022-11-11,2022,315,2.5523,0,0,True,pre_2023,True,False,False,,,,,,,,,,,,,,,,False
2022-11-12,2022,316,2.50768,0,0,True,pre_2023,True,True,True,1,1,S2B_MSIL2A_20221112T102159_N0510_R065_T34VCM_20240801T093911,S2B,2022-11-12T10:21:59Z,N0510,6,9,0,0,0,1,0,scl3x3_b1_w8_centernotbad_p0_class2zero_v1,erken_s2_observation_mask_v1,True
2022-11-13,2022,317,2.46307,0,0,True,pre_2023,True,False,False,,,,,,,,,,,,,,,,False
2022-11-14,2022,318,2.41845,0,0,True,pre_2023,True,True,False,1,0,,,,,,,,,,,,scl3x3_b1_w8_centernotbad_p0_class2zero_v1,erken_s2_observation_mask_v1,False
2022-11-15,2022,319,2.37384,0,0,True,pre_2023,True,False,False,,,,,,,,,,,,,,,,False
2022-11-16,2022,320,2.32923,0,0,True,pre_2023,True,False,False,,,,,,,,,,,,,,,,False
2022-11-17,2022,321,2.24,0,0,True,pre_2023,True,True,True,1,1,S2A_MSIL2A_20221117T102311_N0510_R065_T34VCM_20240803T060904,S2A,2022-11-17T10:23:11Z,N0510,6,9,0,0,0,1,0,scl3x3_b1_w8_centernotbad_p0_class2zero_v1,erken_s2_observation_mask_v1,True
2022-11-18,2022,322,2.57,0,0,True,pre_2023,True,False,False,,,,,,,,,,,,,,,,False
2022-11-19,2022,323,2.1,0,0,True,pre_2023,True,True,False,1,0,,,,,,,,,,,,scl3x3_b1_w8_centernotbad_p0_class2zero_v1,erken_s2_observation_mask_v1,False
2022-11-20,2022,324,2.23,0,0,True,pre_2023,True,False,False,,,,,,,,,,,,,,,,False
2022-11-21,2022,325,2.36,0,0,True,pre_2023,True,False,False,,,,,,,,,,,,,,,,False
2022-11-22,2022,326,2.06154,0,0,True,pre_2023,True,True,True,1,1,S2B_MSIL2A_20221122T102239_N0510_R065_T34VCM_20240802T005949,S2B,2022-11-22T10:22:39Z,N0510,6,9,0,0,0,1,0,scl3x3_b1_w8_centernotbad_p0_class2zero_v1,erken_s2_observation_mask_v1,True
2022-11-23,2022,327,2.74872,0,0,True,pre_2023,True,False,False,,,,,,,,,,,,,,,,False
2022-11-24,2022,328,2.52308,0,0,True,pre_2023,True,True,False,1,0,,,,,,,,,,,,scl3x3_b1_w8_centernotbad_p0_class2zero_v1,erken_s2_observation_mask_v1,False
2022-11-25,2022,329,2.36923,0,0,True,pre_2023,True,False,False,,,,,,,,,,,,,,,,False
2022-11-26,2022,330,1.98975,0,0,True,pre_2023,True,False,False,,,,,,,,,,,,,,,,False
2022-11-27,2022,331,2.57436,0,0,True,pre_2023,True,True,False,1,0,,,,,,,,,,,,scl3x3_b1_w8_centernotbad_p0_class2zero_v1,erken_s2_observation_mask_v1,False
2022-11-28,2022,332,1.98975,0,0,True,pre_2023,True,False,False,,,,,,,,,,,,,,,,False
2022-11-29,2022,333,2.10257,0,0,True,pre_2023,True,True,False,1,0,,,,,,,,,,,,scl3x3_b1_w8_centernotbad_p0_class2zero_v1,erken_s2_observation_mask_v1,False
2022-11-30,2022,334,2.30769,0,0,True,pre_2023,True,False,False,,,,,,,,,,,,,,,,False
2022-12-01,2022,335,2.13333,0,0,True,pre_2023,True,False,False,,,,,,,,,,,,,,,,False
2022-12-02,2022,336,2.33846,0,0,True,pre_2023,True,True,False,1,0,,,,,,,,,,,,scl3x3_b1_w8_centernotbad_p0_class2zero_v1,erken_s2_observation_mask_v1,False
2022-12-03,2022,337,2.0718,0,0,True,pre_2023,True,False,False,,,,,,,,,,,,,,,,False
2022-12-04,2022,338,2.08205,0,0,True,pre_2023,True,False,False,,,,,,,,,,,,,,,,False
2022-12-05,2022,339,4.22564,0,0,True,pre_2023,True,False,False,,,,,,,,,,,,,,,,False
2022-12-06,2022,340,2.18205,0,0,True,pre_2023,True,False,False,,,,,,,,,,,,,,,,False
2022-12-07,2022,341,2.26068,0,0,True,pre_2023,True,False,False,,,,,,,,,,,,,,,,False
2022-12-08,2022,342,1.8282,0,0,True,pre_2023,True,False,False,,,,,,,,,,,,,,,,False
2022-12-09,2022,343,2.14273,0,0,True,pre_2023,True,True,True,1,1,S2B_MSIL2A_20221209T101319_N0510_R022_T34VCM_20240804T173308,S2B,2022-12-09T10:13:19Z,N0510,6,9,0,0,0,1,0,scl3x3_b1_w8_centernotbad_p0_class2zero_v1,erken_s2_observation_mask_v1,True
2022-12-10,2022,344,2.33931,0,0,True,pre_2023,True,False,False,,,,,,,,,,,,,,,,False
2022-12-11,2022,345,2.3,0,0,True,pre_2023,True,False,False,,,,,,,,,,,,,,,,False
2022-12-12,2022,346,2.15256,0,0,True,pre_2023,True,False,False,,,,,,,,,,,,,,,,False
2022-12-13,2022,347,1.90684,0,0,True,pre_2023,True,False,False,,,,,,,,,,,,,,,,False
2022-12-14,2022,348,1.95598,0,0,True,pre_2023,True,False,False,,,,,,,,,,,,,,,,False
2022-12-15,2022,349,2.55555,1,1,False,pre_2023,True,False,False,,,,,,,,,,,,,,,,False
2022-12-16,2022,350,3.17478,1,1,False,pre_2023,True,False,False,,,,,,,,,,,,,,,,False
2022-12-17,2022,351,2.32949,1,1,False,pre_2023,True,False,False,,,,,,,,,,,,,,,,False
2022-12-18,2022,352,3.38119,1,1,False,pre_2023,True,False,False,,,,,,,,,,,,,,,,False
2022-12-19,2022,353,2.6047,1,1,False,pre_2023,True,True,False,1,0,,,,,,,,,,,,scl3x3_b1_w8_centernotbad_p0_class2zero_v1,erken_s2_observation_mask_v1,False
2022-12-20,2022,354,2.94872,1,1,False,pre_2023,True,False,False,,,,,,,,,,,,,,,,False
2022-12-21,2022,355,3.00769,1,1,False,pre_2023,True,False,False,,,,,,,,,,,,,,,,False
2022-12-22,2022,356,2.89957,1,1,False,pre_2023,True,True,False,1,0,,,,,,,,,,,,scl3x3_b1_w8_centernotbad_p0_class2zero_v1,erken_s2_observation_mask_v1,False
2022-12-23,2022,357,2.29017,1,1,False,pre_2023,True,False,False,,,,,,,,,,,,,,,,False
2022-12-24,2022,358,2.44743,1,1,False,pre_2023,True,False,False,,,,,,,,,,,,,,,,False
2022-12-25,2022,359,2.37863,1,1,False,pre_2023,True,False,False,,,,,,,,,,,,,,,,False
2022-12-26,2022,360,2.95855,1,1,False,pre_2023,True,False,False,,,,,,,,,,,,,,,,False
2022-12-27,2022,361,2.38846,1,1,False,pre_2023,True,False,False,,,,,,,,,,,,,,,,False
2022-12-28,2022,362,2.95855,1,1,False,pre_2023,True,False,False,,,,,,,,,,,,,,,,False
2022-12-29,2022,363,2.48675,1,1,False,pre_2023,True,True,False,1,0,,,,,,,,,,,,scl3x3_b1_w8_centernotbad_p0_class2zero_v1,erken_s2_observation_mask_v1,False
2022-12-30,2022,364,3.16496,1,1,False,pre_2023,True,False,False,,,,,,,,,,,,,,,,False
2022-12-31,2022,365,2.66367,1,1,False,pre_2023,True,False,False,,,,,,,,,,,,,,,,False
2023-01-01,2023,1,2.15256,1,1,False,2023_onward,True,True,True,1,1,S2B_MSIL2A_20230101T102339_N0510_R065_T34VCM_20240806T223544,S2B,2023-01-01T10:23:39Z,N0510,6,9,0,0,0,1,0,scl3x3_b1_w8_centernotbad_p0_class2zero_v1,erken_s2_observation_mask_v1,False
2023-01-02,2023,2,2.09359,1,1,False,2023_onward,True,False,False,,,,,,,,,,,,,,,,False
2023-01-03,2023,3,2.29017,1,1,False,2023_onward,True,False,False,,,,,,,,,,,,,,,,False
2023-01-04,2023,4,2.45726,1,1,False,2023_onward,True,False,False,,,,,,,,,,,,,,,,False
2023-01-05,2023,5,2.65384,1,1,False,2023_onward,True,False,False,,,,,,,,,,,,,,,,False
2023-01-06,2023,6,3.08632,1,1,False,2023_onward,True,False,False,,,,,,,,,,,,,,,,False
2023-01-07,2023,7,2.28034,1,1,False,2023_onward,True,False,False,,,,,,,,,,,,,,,,False
2023-01-08,2023,8,2.96837,1,1,False,2023_onward,True,True,False,1,0,,,,,,,,,,,,scl3x3_b1_w8_centernotbad_p0_class2zero_v1,erken_s2_observation_mask_v1,False
2023-01-09,2023,9,2.70299,1,1,False,2023_onward,True,False,False,,,,,,,,,,,,,,,,False
2023-01-10,2023,10,1.14399,1,1,False,2023_onward,True,False,False,,,,,,,,,,,,,,,,False
2023-01-11,2023,11,1.17804,1,1,False,2023_onward,True,True,False,1,0,,,,,,,,,,,,scl3x3_b1_w8_centernotbad_p0_class2zero_v1,erken_s2_observation_mask_v1,False
2023-01-12,2023,12,0.973753,1,1,False,2023_onward,True,False,False,,,,,,,,,,,,,,,,False
2023-01-13,2023,13,1.02482,1,1,False,2023_onward,True,True,False,1,0,,,,,,,,,,,,scl3x3_b1_w8_centernotbad_p0_class2zero_v1,erken_s2_observation_mask_v1,False
2023-01-14,2023,14,1.07249,1,1,False,2023_onward,True,False,False,,,,,,,,,,,,,,,,False
2023-01-15,2023,15,0.909063,1,1,False,2023_onward,True,False,False,,,,,,,,,,,,,,,,False
2023-01-16,2023,16,1.04866,1,1,False,2023_onward,True,True,True,1,1,S2A_MSIL2A_20230116T102351_N0510_R065_T34VCM_20240811T041047,S2A,2023-01-16T10:23:51Z,N0510,6,9,0,0,0,1,0,scl3x3_b1_w8_centernotbad_p0_class2zero_v1,erken_s2_observation_mask_v1,False
2023-01-17,2023,17,0.95673,1,1,False,2023_onward,True,False,False,,,,,,,,,,,,,,,,False
2023-01-18,2023,18,1.28358,1,1,False,2023_onward,True,True,True,1,1,S2B_MSIL2A_20230118T101239_N0510_R022_T34VCM_20240809T052213,S2B,2023-01-18T10:12:39Z,N0510,6,9,0,0,0,1,0,scl3x3_b1_w8_centernotbad_p0_class2zero_v1,erken_s2_observation_mask_v1,False
2023-01-19,2023,19,1.28018,1,1,False,2023_onward,True,False,False,,,,,,,,,,,,,,,,False
2023-01-20,2023,20,1.42318,1,1,False,2023_onward,True,False,False,,,,,,,,,,,,,,,,False
2023-01-21,2023,21,1.04185,1,1,False,2023_onward,True,True,False,1,0,,,,,,,,,,,,scl3x3_b1_w8_centernotbad_p0_class2zero_v1,erken_s2_observation_mask_v1,False
2023-01-22,2023,22,1.35508,1,1,False,2023_onward,True,False,False,,,,,,,,,,,,,,,,False
2023-01-23,2023,23,1.2972,1,1,False,2023_onward,True,True,False,1,0,,,,,,,,,,,,scl3x3_b1_w8_centernotbad_p0_class2zero_v1,erken_s2_observation_mask_v1,False
2023-01-24,2023,24,1.82153,1,1,False,2023_onward,True,False,False,,,,,,,,,,,,,,,,False
2023-01-25,2023,25,1.70237,1,1,False,2023_onward,True,False,False,,,,,,,,,,,,,,,,False
2023-01-26,2023,26,1.35508,1,1,False,2023_onward,True,True,True,1,1,S2A_MSIL2A_20230126T102311_N0510_R065_T34VCM_20240810T093409,S2A,2023-01-26T10:23:11Z,N0510,6,9,0,0,0,1,0,scl3x3_b1_w8_centernotbad_p0_class2zero_v1,erken_s2_observation_mask_v1,False
2023-01-27,2023,27,1.18825,1,1,False,2023_onward,True,False,False,,,,,,,,,,,,,,,,False
2023-01-28,2023,28,1.56958,1,1,False,2023_onward,True,True,False,1,0,,,,,,,,,,,,scl3x3_b1_w8_centernotbad_p0_class2zero_v1,erken_s2_observation_mask_v1,False
2023-01-29,2023,29,1.46403,1,1,False,2023_onward,True,False,False,,,,,,,,,,,,,,,,False
2023-01-30,2023,30,1.88963,1,1,False,2023_onward,True,False,False,,,,,,,,,,,,,,,,False
2023-01-31,2023,31,1.91686,1,1,False,2023_onward,True,True,True,1,1,S2B_MSIL2A_20230131T102149_N0510_R065_T34VCM_20240807T024425,S2B,2023-01-31T10:21:49Z,N0510,6,9,0,0,0,1,0,scl3x3_b1_w8_centernotbad_p0_class2zero_v1,erken_s2_observation_mask_v1,False
2023-02-01,2023,32,1.97134,1,1,False,2023_onward,True,False,False,,,,,,,,,,,,,,,,False
2023-02-02,2023,33,1.99858,1,1,False,2023_onward,True,True,False,1,0,,,,,,,,,,,,scl3x3_b1_w8_centernotbad_p0_class2zero_v1,erken_s2_observation_mask_v1,False
2023-02-03,2023,34,2.20627,1,1,False,2023_onward,True,False,False,,,,,,,,,,,,,,,,False
2023-02-04,2023,35,2.5161,1,1,False,2023_onward,True,False,False,,,,,,,,,,,,,,,,False
2023-02-05,2023,36,2.25734,1,1,False,2023_onward,True,True,False,1,0,,,,,,,,,,,,scl3x3_b1_w8_centernotbad_p0_class2zero_v1,erken_s2_observation_mask_v1,False
2023-02-06,2023,37,3.80169,1,1,False,2023_onward,True,False,False,,,,,,,,,,,,,,,,False
2023-02-07,2023,38,3.54051,1,1,False,2023_onward,True,True,False,1,0,,,,,,,,,,,,scl3x3_b1_w8_centernotbad_p0_class2zero_v1,erken_s2_observation_mask_v1,False
2023-02-08,2023,39,3.48661,1,1,False,2023_onward,True,False,False,,,,,,,,,,,,,,,,False
2023-02-09,2023,40,3.82242,1,1,False,2023_onward,True,False,False,,,,,,,,,,,,,,,,False
2023-02-10,2023,41,3.71877,1,1,False,2023_onward,True,True,True,1,1,S2B_MSIL2A_20230210T102049_N0510_R065_T34VCM_20240813T082206,S2B,2023-02-10T10:20:49Z,N0510,6,9,0,0,0,1,0,scl3x3_b1_w8_centernotbad_p0_class2zero_v1,erken_s2_observation_mask_v1,False
2023-02-11,2023,42,3.30834,1,1,False,2023_onward,True,False,False,,,,,,,,,,,,,,,,False
2023-02-12,2023,43,4.04629,1,1,False,2023_onward,True,True,False,1,0,,,,,,,,,,,,scl3x3_b1_w8_centernotbad_p0_class2zero_v1,erken_s2_observation_mask_v1,False
2023-02-13,2023,44,3.839,1,1,False,2023_onward,True,False,False,,,,,,,,,,,,,,,,False
2023-02-14,2023,45,3.3042,1,1,False,2023_onward,True,False,False,,,,,,,,,,,,,,,,False
2023-02-15,2023,46,3.45759,1,1,False,2023_onward,True,True,False,1,0,,,,,,,,,,,,scl3x3_b1_w8_centernotbad_p0_class2zero_v1,erken_s2_observation_mask_v1,False
2023-02-16,2023,47,2.32164,1,1,False,2023_onward,True,False,False,,,,,,,,,,,,,,,,False
2023-02-17,2023,48,3.61513,1,1,False,2023_onward,True,True,False,1,0,,,,,,,,,,,,scl3x3_b1_w8_centernotbad_p0_class2zero_v1,erken_s2_observation_mask_v1,False
2023-02-18,2023,49,2.63672,1,1,False,2023_onward,True,False,False,,,,,,,,,,,,,,,,False
2023-02-19,2023,50,3.68975,1,1,False,2023_onward,True,False,False,,,,,,,,,,,,,,,,False
2023-02-20,2023,51,4.05458,1,1,False,2023_onward,True,True,False,1,0,,,,,,,,,,,,scl3x3_b1_w8_centernotbad_p0_class2zero_v1,erken_s2_observation_mask_v1,False
2023-02-21,2023,52,4.83399,1,1,False,2023_onward,True,False,False,,,,,,,,,,,,,,,,False
2023-02-22,2023,53,4.32036,1,1,False,2023_onward,True,True,False,1,0,,,,,,,,,,,,scl3x3_b1_w8_centernotbad_p0_class2zero_v1,erken_s2_observation_mask_v1,False
2023-02-23,2023,54,4.12011,1,1,False,2023_onward,True,False,False,,,,,,,,,,,,,,,,False
2023-02-24,2023,55,4.76591,1,1,False,2023_onward,True,False,False,,,,,,,,,,,,,,,,False
2023-02-25,2023,56,4.20021,1,1,False,2023_onward,True,True,False,1,0,,,,,,,,,,,,scl3x3_b1_w8_centernotbad_p0_class2zero_v1,erken_s2_observation_mask_v1,False
2023-02-26,2023,57,4.1902,1,1,False,2023_onward,True,False,False,,,,,,,,,,,,,,,,False
2023-02-27,2023,58,5.17142,1,1,False,2023_onward,True,True,False,1,0,,,,,,,,,,,,scl3x3_b1_w8_centernotbad_p0_class2zero_v1,erken_s2_observation_mask_v1,False
2023-02-28,2023,59,4.1952,1,1,False,2023_onward,True,False,False,,,,,,,,,,,,,,,,False
2023-03-01,2023,60,3.71461,1,1,False,2023_onward,True,False,False,,,,,,,,,,,,,,,,False
2023-03-02,2023,61,3.48933,1,1,False,2023_onward,True,True,False,1,0,,,,,,,,,,,,scl3x3_b1_w8_centernotbad_p0_class2zero_v1,erken_s2_observation_mask_v1,False
2023-03-03,2023,62,3.99496,1,1,False,2023_onward,True,False,False,,,,,,,,,,,,,,,,False
2023-03-04,2023,63,3.74465,1,1,False,2023_onward,True,False,False,,,,,,,,,,,,,,,,False
2023-03-05,2023,64,3.75466,1,1,False,2023_onward,True,False,False,,,,,,,,,,,,,,,,False
2023-03-06,2023,65,3.91986,1,1,False,2023_onward,True,False,False,,,,,,,,,,,,,,,,False
2023-03-07,2023,66,4.51908,1,1,False,2023_onward,True,True,False,1,0,,,,,,,,,,,,scl3x3_b1_w8_centernotbad_p0_class2zero_v1,erken_s2_observation_mask_v1,False
2023-03-08,2023,67,5.13319,1,1,False,2023_onward,True,False,False,,,,,,,,,,,,,,,,False
2023-03-09,2023,68,4.49564,1,1,False,2023_onward,True,True,False,1,0,,,,,,,,,,,,scl3x3_b1_w8_centernotbad_p0_class2zero_v1,erken_s2_observation_mask_v1,False
2023-03-10,2023,69,3.7034,1,1,False,2023_onward,True,False,False,,,,,,,,,,,,,,,,False
2023-03-11,2023,70,3.30962,1,1,False,2023_onward,True,False,False,,,,,,,,,,,,,,,,False
2023-03-12,2023,71,3.74559,1,1,False,2023_onward,True,True,False,1,0,,,,,,,,,,,,scl3x3_b1_w8_centernotbad_p0_class2zero_v1,erken_s2_observation_mask_v1,False
2023-03-13,2023,72,2.82208,1,1,False,2023_onward,True,False,False,,,,,,,,,,,,,,,,False
2023-03-14,2023,73,3.24399,1,1,False,2023_onward,True,True,False,1,0,,,,,,,,,,,,scl3x3_b1_w8_centernotbad_p0_class2zero_v1,erken_s2_observation_mask_v1,False
2023-03-15,2023,74,3.06585,1,1,False,2023_onward,True,False,False,,,,,,,,,,,,,,,,False
2023-03-16,2023,75,2.75176,1,1,False,2023_onward,True,False,False,,,,,,,,,,,,,,,,False
2023-03-17,2023,76,2.47049,1,1,False,2023_onward,True,True,False,1,0,,,,,,,,,,,,scl3x3_b1_w8_centernotbad_p0_class2zero_v1,erken_s2_observation_mask_v1,False
2023-03-18,2023,77,3.02366,1,1,False,2023_onward,True,False,False,,,,,,,,,,,,,,,,False
2023-03-19,2023,78,2.9674,1,1,False,2023_onward,True,True,True,1,1,S2B_MSIL2A_20230319T100649_N0510_R022_T34VCM_20240825T042343,S2B,2023-03-19T10:06:49Z,N0510,6,9,0,0,0,1,0,scl3x3_b1_w8_centernotbad_p0_class2zero_v1,erken_s2_observation_mask_v1,False
2023-03-20,2023,79,2.44237,1,1,False,2023_onward,True,False,False,,,,,,,,,,,,,,,,False
2023-03-21,2023,80,4.5724,1,1,False,2023_onward,True,False,False,,,,,,,,,,,,,,,,False
2023-03-22,2023,81,4.35827,1,1,False,2023_onward,True,True,False,1,0,,,,,,,,,,,,scl3x3_b1_w8_centernotbad_p0_class2zero_v1,erken_s2_observation_mask_v1,False
2023-03-23,2023,82,6.12173,1,1,False,2023_onward,True,False,False,,,,,,,,,,,,,,,,False
2023-03-24,2023,83,7.00346,1,1,False,2023_onward,True,True,False,1,0,,,,,,,,,,,,scl3x3_b1_w8_centernotbad_p0_class2zero_v1,erken_s2_observation_mask_v1,False
2023-03-25,2023,84,6.83342,1,1,False,2023_onward,True,False,False,,,,,,,,,,,,,,,,False
2023-03-26,2023,85,7.2239,1,1,False,2023_onward,True,False,False,,,,,,,,,,,,,,,,False
2023-03-27,2023,86,6.95308,1,1,False,2023_onward,True,True,False,1,0,,,,,,,,,,,,scl3x3_b1_w8_centernotbad_p0_class2zero_v1,erken_s2_observation_mask_v1,False
2023-03-28,2023,87,8.26938,1,1,False,2023_onward,True,False,False,,,,,,,,,,,,,,,,False
2023-03-29,2023,88,7.74664,1,1,False,2023_onward,True,True,False,1,0,,,,,,,,,,,,scl3x3_b1_w8_centernotbad_p0_class2zero_v1,erken_s2_observation_mask_v1,False
2023-03-30,2023,89,9.92577,1,1,False,2023_onward,True,False,False,,,,,,,,,,,,,,,,False
2023-03-31,2023,90,7.76553,1,1,False,2023_onward,True,False,False,,,,,,,,,,,,,,,,False
2023-04-01,2023,91,6.41144,1,1,False,2023_onward,True,True,False,1,0,,,,,,,,,,,,scl3x3_b1_w8_centernotbad_p0_class2zero_v1,erken_s2_observation_mask_v1,False
2023-04-02,2023,92,7.5388,1,1,False,2023_onward,True,False,False,,,,,,,,,,,,,,,,False
2023-04-03,2023,93,7.05385,1,1,False,2023_onward,True,True,False,1,0,,,,,,,,,,,,scl3x3_b1_w8_centernotbad_p0_class2zero_v1,erken_s2_observation_mask_v1,False
2023-04-04,2023,94,6.5799,1,1,False,2023_onward,True,False,False,,,,,,,,,,,,,,,,False
2023-04-05,2023,95,5.78127,1,1,False,2023_onward,True,False,False,,,,,,,,,,,,,,,,False
2023-04-06,2023,96,7.59451,1,1,False,2023_onward,True,True,False,1,0,,,,,,,,,,,,scl3x3_b1_w8_centernotbad_p0_class2zero_v1,erken_s2_observation_mask_v1,False
2023-04-07,2023,97,6.38903,1,1,False,2023_onward,True,False,False,,,,,,,,,,,,,,,,False
2023-04-08,2023,98,7.73013,1,1,False,2023_onward,True,True,False,1,0,,,,,,,,,,,,scl3x3_b1_w8_centernotbad_p0_class2zero_v1,erken_s2_observation_mask_v1,False
2023-04-09,2023,99,5.51506,1,1,False,2023_onward,True,False,False,,,,,,,,,,,,,,,,False
2023-04-10,2023,100,6.02237,1,1,False,2023_onward,True,False,False,,,,,,,,,,,,,,,,False
2023-04-11,2023,101,5.8968,1,1,False,2023_onward,True,True,False,1,0,,,,,,,,,,,,scl3x3_b1_w8_centernotbad_p0_class2zero_v1,erken_s2_observation_mask_v1,False
2023-04-12,2023,102,6.80593,1,1,False,2023_onward,True,False,False,,,,,,,,,,,,,,,,False
2023-04-13,2023,103,7.07716,1,1,False,2023_onward,True,True,False,1,0,,,,,,,,,,,,scl3x3_b1_w8_centernotbad_p0_class2zero_v1,erken_s2_observation_mask_v1,False
2023-04-14,2023,104,9.38264,1,1,False,2023_onward,True,False,False,,,,,,,,,,,,,,,,False
2023-04-15,2023,105,8.45844,1,1,False,2023_onward,True,False,False,,,,,,,,,,,,,,,,False
2023-04-16,2023,106,10.1612,1,1,False,2023_onward,True,True,True,1,1,S2A_MSIL2A_20230416T101601_N0510_R065_T34VCM_20240904T172156,S2A,2023-04-16T10:16:01Z,N0510,6,9,0,0,0,1,0,scl3x3_b1_w8_centernotbad_p0_class2zero_v1,erken_s2_observation_mask_v1,False
2023-04-17,2023,107,9.14154,1,1,False,2023_onward,True,False,False,,,,,,,,,,,,,,,,False
2023-04-18,2023,108,7.34839,1,1,False,2023_onward,True,True,True,1,1,S2B_MSIL2A_20230418T100559_N0510_R022_T34VCM_20240905T154426,S2B,2023-04-18T10:05:59Z,N0510,6,9,0,0,0,1,0,scl3x3_b1_w8_centernotbad_p0_class2zero_v1,erken_s2_observation_mask_v1,False
2023-04-19,2023,109,11.2963,1,1,False,2023_onward,True,False,False,,,,,,,,,,,,,,,,False
2023-04-20,2023,110,11.7383,0,0,True,2023_onward,True,False,False,,,,,,,,,,,,,,,,False
2023-04-21,2023,111,13.4612,0,0,True,2023_onward,True,True,True,1,1,S2B_MSIL2A_20230421T101559_N0510_R065_T34VCM_20240904T044255,S2B,2023-04-21T10:15:59Z,N0510,6,9,0,0,0,1,0,scl3x3_b1_w8_centernotbad_p0_class2zero_v1,erken_s2_observation_mask_v1,True
2023-04-22,2023,112,10.9548,0,0,True,2023_onward,True,False,False,,,,,,,,,,,,,,,,False
2023-04-23,2023,113,15.9877,0,0,True,2023_onward,True,True,True,1,1,S2A_MSIL2A_20230423T100551_N0510_R022_T34VCM_20240830T184906,S2A,2023-04-23T10:05:51Z,N0510,6,9,0,0,0,1,0,scl3x3_b1_w8_centernotbad_p0_class2zero_v1,erken_s2_observation_mask_v1,True
2023-04-24,2023,114,15.9374,0,0,True,2023_onward,True,False,False,,,,,,,,,,,,,,,,False
2023-04-25,2023,115,11.004,0,0,True,2023_onward,True,False,False,,,,,,,,,,,,,,,,False
2023-04-26,2023,116,12.6695,0,0,True,2023_onward,True,True,False,1,0,,,,,,,,,,,,scl3x3_b1_w8_centernotbad_p0_class2zero_v1,erken_s2_observation_mask_v1,False
2023-04-27,2023,117,11.8451,0,0,True,2023_onward,True,False,False,,,,,,,,,,,,,,,,False
2023-04-28,2023,118,11.4929,0,0,True,2023_onward,True,True,True,1,1,S2B_MSIL2A_20230428T100559_N0510_R022_T34VCM_20240831T160126,S2B,2023-04-28T10:05:59Z,N0510,6,8,1,0,0,0.8888888889,0.1111111111,scl3x3_b1_w8_centernotbad_p0_class2zero_v1,erken_s2_observation_mask_v1,True
2023-04-29,2023,119,12.3505,0,0,True,2023_onward,True,False,False,,,,,,,,,,,,,,,,False
2023-04-30,2023,120,9.79011,0,0,True,2023_onward,True,False,False,,,,,,,,,,,,,,,,False
2023-05-01,2023,121,10.1381,0,0,True,2023_onward,True,True,False,1,0,,,,,,,,,,,,scl3x3_b1_w8_centernotbad_p0_class2zero_v1,erken_s2_observation_mask_v1,False
2023-05-02,2023,122,10.5305,0,0,True,2023_onward,True,False,False,,,,,,,,,,,,,,,,False
2023-05-03,2023,123,9.7524,0,0,True,2023_onward,True,True,True,1,1,S2A_MSIL2A_20230503T101021_N0510_R022_T34VCM_20240905T074321,S2A,2023-05-03T10:10:21Z,N0510,6,9,0,0,0,1,0,scl3x3_b1_w8_centernotbad_p0_class2zero_v1,erken_s2_observation_mask_v1,True
2023-05-04,2023,124,7.57174,0,0,True,2023_onward,True,False,False,,,,,,,,,,,,,,,,False
2023-05-05,2023,125,6.28105,0,0,True,2023_onward,True,False,False,,,,,,,,,,,,,,,,False
2023-05-06,2023,126,7.76744,0,0,True,2023_onward,True,True,True,1,1,S2A_MSIL2A_20230506T101601_N0510_R065_T34VCM_20240902T035258,S2A,2023-05-06T10:16:01Z,N0510,6,9,0,0,0,1,0,scl3x3_b1_w8_centernotbad_p0_class2zero_v1,erken_s2_observation_mask_v1,True
2023-05-07,2023,127,4.90183,0,0,True,2023_onward,True,False,False,,,,,,,,,,,,,,,,False
2023-05-08,2023,128,3.77422,0,0,True,2023_onward,True,True,True,1,1,S2B_MSIL2A_20230508T100559_N0510_R022_T34VCM_20240908T113907,S2B,2023-05-08T10:05:59Z,N0510,6,9,0,0,0,1,0,scl3x3_b1_w8_centernotbad_p0_class2zero_v1,erken_s2_observation_mask_v1,True
2023-05-09,2023,129,3.946,0,0,True,2023_onward,True,False,False,,,,,,,,,,,,,,,,False
2023-05-10,2023,130,5.11687,0,0,True,2023_onward,True,False,False,,,,,,,,,,,,,,,,False
2023-05-11,2023,131,5.712,0,0,True,2023_onward,True,True,True,1,1,S2B_MSIL2A_20230511T101559_N0510_R065_T34VCM_20240906T070917,S2B,2023-05-11T10:15:59Z,N0510,6,9,0,0,0,1,0,scl3x3_b1_w8_centernotbad_p0_class2zero_v1,erken_s2_observation_mask_v1,True
2023-05-12,2023,132,4.9034,0,0,True,2023_onward,True,False,False,,,,,,,,,,,,,,,,False
2023-05-13,2023,133,4.33414,0,0,True,2023_onward,True,True,True,1,1,S2A_MSIL2A_20230513T100551_N0510_R022_T34VCM_20240901T042132,S2A,2023-05-13T10:05:51Z,N0510,6,9,0,0,0,1,0,scl3x3_b1_w8_centernotbad_p0_class2zero_v1,erken_s2_observation_mask_v1,True
2023-05-14,2023,134,4.67052,0,0,True,2023_onward,True,False,False,,,,,,,,,,,,,,,,False
2023-05-15,2023,135,4.2371,0,0,True,2023_onward,True,False,False,,,,,,,,,,,,,,,,False
2023-05-16,2023,136,4.16732,0,0,True,2023_onward,True,True,False,1,0,,,,,,,,,,,,scl3x3_b1_w8_centernotbad_p0_class2zero_v1,erken_s2_observation_mask_v1,False
2023-05-17,2023,137,3.91143,0,0,True,2023_onward,True,False,False,,,,,,,,,,,,,,,,False
2023-05-18,2023,138,3.82461,0,0,True,2023_onward,True,True,True,1,1,S2B_MSIL2A_20230518T100559_N0510_R022_T34VCM_20240905T193942,S2B,2023-05-18T10:05:59Z,N0510,6,9,0,0,0,1,0,scl3x3_b1_w8_centernotbad_p0_class2zero_v1,erken_s2_observation_mask_v1,True
2023-05-19,2023,139,3.53217,0,0,True,2023_onward,True,False,False,,,,,,,,,,,,,,,,False
2023-05-20,2023,140,3.13006,0,0,True,2023_onward,True,False,False,,,,,,,,,,,,,,,,False
2023-05-21,2023,141,2.86046,0,0,True,2023_onward,True,True,True,1,1,S2B_MSIL2A_20230521T101609_N0510_R065_T34VCM_20240904T180729,S2B,2023-05-21T10:16:09Z,N0510,6,9,0,0,0,1,0,scl3x3_b1_w8_centernotbad_p0_class2zero_v1,erken_s2_observation_mask_v1,True
2023-05-22,2023,142,3.05694,0,0,True,2023_onward,True,False,False,,,,,,,,,,,,,,,,False
2023-05-23,2023,143,2.88486,0,0,True,2023_onward,True,True,True,1,1,S2A_MSIL2A_20230523T100601_N0510_R022_T34VCM_20240903T225103,S2A,2023-05-23T10:06:01Z,N0510,6,9,0,0,0,1,0,scl3x3_b1_w8_centernotbad_p0_class2zero_v1,erken_s2_observation_mask_v1,True
2023-05-24,2023,144,2.84113,0,0,True,2023_onward,True,False,False,,,,,,,,,,,,,,,,False
2023-05-25,2023,145,2.79741,0,0,True,2023_onward,True,False,False,,,,,,,,,,,,,,,,False
2023-05-26,2023,146,2.75368,0,0,True,2023_onward,True,True,True,1,1,S2A_MSIL2A_20230526T101601_N0510_R065_T34VCM_20240907T023333,S2A,2023-05-26T10:16:01Z,N0510,6,9,0,0,0,1,0,scl3x3_b1_w8_centernotbad_p0_class2zero_v1,erken_s2_observation_mask_v1,True
2023-05-27,2023,147,2.70995,0,0,True,2023_onward,True,False,False,,,,,,,,,,,,,,,,False
2023-05-28,2023,148,2.66622,0,0,True,2023_onward,True,True,False,1,0,,,,,,,,,,,,scl3x3_b1_w8_centernotbad_p0_class2zero_v1,erken_s2_observation_mask_v1,False
2023-05-29,2023,149,2.6225,0,0,True,2023_onward,True,False,False,,,,,,,,,,,,,,,,False
2023-05-30,2023,150,2.57877,0,0,True,2023_onward,True,False,False,,,,,,,,,,,,,,,,False
2023-05-31,2023,151,3.09691,0,0,True,2023_onward,True,True,False,1,0,,,,,,,,,,,,scl3x3_b1_w8_centernotbad_p0_class2zero_v1,erken_s2_observation_mask_v1,False
2023-06-01,2023,152,2.74553,0,0,True,2023_onward,True,False,False,,,,,,,,,,,,,,,,False
2023-06-02,2023,153,2.05468,0,0,True,2023_onward,True,True,True,1,1,S2A_MSIL2A_20230602T100601_N0510_R022_T34VCM_20240926T092342,S2A,2023-06-02T10:06:01Z,N0510,6,9,0,0,0,1,0,scl3x3_b1_w8_centernotbad_p0_class2zero_v1,erken_s2_observation_mask_v1,True
2023-06-03,2023,154,2.31077,0,0,True,2023_onward,True,False,False,,,,,,,,,,,,,,,,False
2023-06-04,2023,155,1.8105,0,0,True,2023_onward,True,False,False,,,,,,,,,,,,,,,,False
2023-06-05,2023,156,2.07254,0,0,True,2023_onward,True,True,True,1,1,S2A_MSIL2A_20230605T101601_N0510_R065_T34VCM_20240926T220931,S2A,2023-06-05T10:16:01Z,N0510,6,9,0,0,0,1,0,scl3x3_b1_w8_centernotbad_p0_class2zero_v1,erken_s2_observation_mask_v1,True
2023-06-06,2023,157,2.32268,0,0,True,2023_onward,True,False,False,,,,,,,,,,,,,,,,False
2023-06-07,2023,158,1.34271,0,0,True,2023_onward,True,True,True,1,1,S2B_MSIL2A_20230607T100559_N0510_R022_T34VCM_20240927T025730,S2B,2023-06-07T10:05:59Z,N0510,6,9,0,0,0,1,0,scl3x3_b1_w8_centernotbad_p0_class2zero_v1,erken_s2_observation_mask_v1,True
2023-06-08,2023,159,1.17639,0,0,True,2023_onward,True,False,False,,,,,,,,,,,,,,,,False
2023-06-09,2023,160,1.31431,0,0,True,2023_onward,True,False,False,,,,,,,,,,,,,,,,False
2023-06-10,2023,161,1.34271,0,0,True,2023_onward,True,True,True,1,1,S2B_MSIL2A_20230610T101609_N0510_R065_T34VCM_20240909T065358,S2B,2023-06-10T10:16:09Z,N0510,6,9,0,0,0,1,0,scl3x3_b1_w8_centernotbad_p0_class2zero_v1,erken_s2_observation_mask_v1,True
2023-06-11,2023,162,1.25347,0,0,True,2023_onward,True,False,False,,,,,,,,,,,,,,,,False
2023-06-12,2023,163,0.904605,0,0,True,2023_onward,True,True,True,1,1,S2A_MSIL2A_20230612T100601_N0510_R022_T34VCM_20240911T004021,S2A,2023-06-12T10:06:01Z,N0510,6,9,0,0,0,1,0,scl3x3_b1_w8_centernotbad_p0_class2zero_v1,erken_s2_observation_mask_v1,True
2023-06-13,2023,164,0.93069,0,0,True,2023_onward,True,False,False,,,,,,,,,,,,,,,,False
2023-06-14,2023,165,0.692287,0,0,True,2023_onward,True,False,False,,,,,,,,,,,,,,,,False
2023-06-15,2023,166,0.802319,0,0,True,2023_onward,True,True,False,1,0,,,,,,,,,,,,scl3x3_b1_w8_centernotbad_p0_class2zero_v1,erken_s2_observation_mask_v1,False
2023-06-16,2023,167,0.802319,0,0,True,2023_onward,True,False,False,,,,,,,,,,,,,,,,False
2023-06-17,2023,168,0.733549,0,0,True,2023_onward,True,True,False,1,0,,,,,,,,,,,,scl3x3_b1_w8_centernotbad_p0_class2zero_v1,erken_s2_observation_mask_v1,False
2023-06-18,2023,169,0.632686,0,0,True,2023_onward,True,False,False,,,,,,,,,,,,,,,,False
2023-06-19,2023,170,0.86192,0,0,True,2023_onward,True,False,False,,,,,,,,,,,,,,,,False
2023-06-20,2023,171,1.2222,0,0,True,2023_onward,True,True,False,1,0,,,,,,,,,,,,scl3x3_b1_w8_centernotbad_p0_class2zero_v1,erken_s2_observation_mask_v1,False
2023-06-21,2023,172,1.47989,0,0,True,2023_onward,True,False,False,,,,,,,,,,,,,,,,False
2023-06-22,2023,173,2.11308,0,0,True,2023_onward,True,True,False,1,0,,,,,,,,,,,,scl3x3_b1_w8_centernotbad_p0_class2zero_v1,erken_s2_observation_mask_v1,False
2023-06-23,2023,174,1.84066,0,0,True,2023_onward,True,False,False,,,,,,,,,,,,,,,,False
2023-06-24,2023,175,2.17934,0,0,True,2023_onward,True,False,False,,,,,,,,,,,,,,,,False
2023-06-25,2023,176,1.93638,0,0,True,2023_onward,True,True,True,1,1,S2A_MSIL2A_20230625T101601_N0510_R065_T34VCM_20240910T111718,S2A,2023-06-25T10:16:01Z,N0510,6,9,0,0,0,1,0,scl3x3_b1_w8_centernotbad_p0_class2zero_v1,erken_s2_observation_mask_v1,True
2023-06-26,2023,177,1.67868,0,0,True,2023_onward,True,False,False,,,,,,,,,,,,,,,,False
2023-06-27,2023,178,2.67228,0,0,True,2023_onward,True,True,True,1,1,S2B_MSIL2A_20230627T100559_N0510_R022_T34VCM_20240916T115432,S2B,2023-06-27T10:05:59Z,N0510,6,9,0,0,0,1,0,scl3x3_b1_w8_centernotbad_p0_class2zero_v1,erken_s2_observation_mask_v1,True
2023-06-28,2023,179,2.45805,0,0,True,2023_onward,True,False,False,,,,,,,,,,,,,,,,False
2023-06-29,2023,180,2.32274,0,0,True,2023_onward,True,False,False,,,,,,,,,,,,,,,,False
2023-06-30,2023,181,2.13106,0,0,True,2023_onward,True,True,False,1,0,,,,,,,,,,,,scl3x3_b1_w8_centernotbad_p0_class2zero_v1,erken_s2_observation_mask_v1,False
2023-07-01,2023,182,2.44677,0,0,True,2023_onward,True,False,False,,,,,,,,,,,,,,,,False
2023-07-02,2023,183,3.34881,0,0,True,2023_onward,True,True,False,1,0,,,,,,,,,,,,scl3x3_b1_w8_centernotbad_p0_class2zero_v1,erken_s2_observation_mask_v1,False
2023-07-03,2023,184,2.86396,0,0,True,2023_onward,True,False,False,,,,,,,,,,,,,,,,False
2023-07-04,2023,185,2.99223,0,0,True,2023_onward,True,False,False,,,,,,,,,,,,,,,,False
2023-07-05,2023,186,2.91349,0,0,True,2023_onward,True,True,False,1,0,,,,,,,,,,,,scl3x3_b1_w8_centernotbad_p0_class2zero_v1,erken_s2_observation_mask_v1,False
2023-07-06,2023,187,2.69694,0,0,True,2023_onward,True,False,False,,,,,,,,,,,,,,,,False
2023-07-07,2023,188,2.67726,0,0,True,2023_onward,True,True,False,1,0,,,,,,,,,,,,scl3x3_b1_w8_centernotbad_p0_class2zero_v1,erken_s2_observation_mask_v1,False
2023-07-08,2023,189,2.756,0,0,True,2023_onward,True,False,False,,,,,,,,,,,,,,,,False
2023-07-09,2023,190,2.65757,0,0,True,2023_onward,True,False,False,,,,,,,,,,,,,,,,False
2023-07-10,2023,191,1.85046,0,0,True,2023_onward,True,True,False,1,0,,,,,,,,,,,,scl3x3_b1_w8_centernotbad_p0_class2zero_v1,erken_s2_observation_mask_v1,False
2023-07-11,2023,192,2.68686,0,0,True,2023_onward,True,False,False,,,,,,,,,,,,,,,,False
2023-07-12,2023,193,2.57491,0,0,True,2023_onward,True,True,False,1,0,,,,,,,,,,,,scl3x3_b1_w8_centernotbad_p0_class2zero_v1,erken_s2_observation_mask_v1,False
2023-07-13,2023,194,2.74906,0,0,True,2023_onward,True,False,False,,,,,,,,,,,,,,,,False
2023-07-14,2023,195,3.13467,0,0,True,2023_onward,True,False,False,,,,,,,,,,,,,,,,False
2023-07-15,2023,196,2.86101,0,0,True,2023_onward,True,True,False,1,0,,,,,,,,,,,,scl3x3_b1_w8_centernotbad_p0_class2zero_v1,erken_s2_observation_mask_v1,False
2023-07-16,2023,197,2.79881,0,0,True,2023_onward,True,False,False,,,,,,,,,,,,,,,,False
2023-07-17,2023,198,3.22174,0,0,True,2023_onward,True,True,False,1,0,,,,,,,,,,,,scl3x3_b1_w8_centernotbad_p0_class2zero_v1,erken_s2_observation_mask_v1,False
2023-07-18,2023,199,10.3347,0,0,True,2023_onward,True,False,False,,,,,,,,,,,,,,,,False
2023-07-19,2023,200,9.53972,0,0,True,2023_onward,True,False,False,,,,,,,,,,,,,,,,False
2023-07-20,2023,201,10.7149,0,0,True,2023_onward,True,True,True,1,1,S2B_MSIL2A_20230720T101609_N0510_R065_T34VCM_20240913T185526,S2B,2023-07-20T10:16:09Z,N0510,6,9,0,0,0,1,0,scl3x3_b1_w8_centernotbad_p0_class2zero_v1,erken_s2_observation_mask_v1,True
2023-07-21,2023,202,11.6136,0,0,True,2023_onward,True,False,False,,,,,,,,,,,,,,,,False
2023-07-22,2023,203,10.3693,0,0,True,2023_onward,True,True,False,1,0,,,,,,,,,,,,scl3x3_b1_w8_centernotbad_p0_class2zero_v1,erken_s2_observation_mask_v1,False
2023-07-23,2023,204,10.9223,0,0,True,2023_onward,True,False,False,,,,,,,,,,,,,,,,False
2023-07-24,2023,205,10.4038,0,0,True,2023_onward,True,False,False,,,,,,,,,,,,,,,,False
2023-07-25,2023,206,10.4038,0,0,True,2023_onward,True,True,False,1,0,,,,,,,,,,,,scl3x3_b1_w8_centernotbad_p0_class2zero_v1,erken_s2_observation_mask_v1,False
2023-07-26,2023,207,12.4777,0,0,True,2023_onward,True,False,False,,,,,,,,,,,,,,,,False
2023-07-27,2023,208,11.6481,0,0,True,2023_onward,True,True,False,1,0,,,,,,,,,,,,scl3x3_b1_w8_centernotbad_p0_class2zero_v1,erken_s2_observation_mask_v1,False
2023-07-28,2023,209,11.5444,0,0,True,2023_onward,True,False,False,,,,,,,,,,,,,,,,False
2023-07-29,2023,210,14.7589,0,0,True,2023_onward,True,False,False,,,,,,,,,,,,,,,,False
2023-07-30,2023,211,14.5861,0,0,True,2023_onward,True,True,False,1,0,,,,,,,,,,,,scl3x3_b1_w8_centernotbad_p0_class2zero_v1,erken_s2_observation_mask_v1,False
2023-07-31,2023,212,15.7267,0,0,True,2023_onward,True,False,False,,,,,,,,,,,,,,,,False
2023-08-01,2023,213,10.318,0,0,True,2023_onward,True,True,False,1,0,,,,,,,,,,,,scl3x3_b1_w8_centernotbad_p0_class2zero_v1,erken_s2_observation_mask_v1,False
2023-08-02,2023,214,8.52274,0,0,True,2023_onward,True,False,False,,,,,,,,,,,,,,,,False
2023-08-03,2023,215,9.64702,0,0,True,2023_onward,True,False,False,,,,,,,,,,,,,,,,False
2023-08-04,2023,216,8.23261,0,0,True,2023_onward,True,True,True,1,1,S2A_MSIL2A_20230804T101601_N0510_R065_T34VCM_20241026T195423,S2A,2023-08-04T10:16:01Z,N0510,6,9,0,0,0,1,0,scl3x3_b1_w8_centernotbad_p0_class2zero_v1,erken_s2_observation_mask_v1,True
2023-08-05,2023,217,9.30248,0,0,True,2023_onward,True,False,False,,,,,,,,,,,,,,,,False
2023-08-06,2023,218,8.30514,0,0,True,2023_onward,True,True,False,1,0,,,,,,,,,,,,scl3x3_b1_w8_centernotbad_p0_class2zero_v1,erken_s2_observation_mask_v1,False
2023-08-07,2023,219,8.30514,0,0,True,2023_onward,True,False,False,,,,,,,,,,,,,,,,False
2023-08-08,2023,220,5.84721,0,0,True,2023_onward,True,False,False,,,,,,,,,,,,,,,,False
2023-08-09,2023,221,4.7907,0,0,True,2023_onward,True,True,False,1,0,,,,,,,,,,,,scl3x3_b1_w8_centernotbad_p0_class2zero_v1,erken_s2_observation_mask_v1,False
2023-08-10,2023,222,7.34089,0,0,True,2023_onward,True,False,False,,,,,,,,,,,,,,,,False
2023-08-11,2023,223,9.49033,0,0,True,2023_onward,True,True,False,1,0,,,,,,,,,,,,scl3x3_b1_w8_centernotbad_p0_class2zero_v1,erken_s2_observation_mask_v1,False
2023-08-12,2023,224,6.56673,0,0,True,2023_onward,True,False,False,,,,,,,,,,,,,,,,False
2023-08-13,2023,225,7.02212,0,0,True,2023_onward,True,False,False,,,,,,,,,,,,,,,,False
2023-08-14,2023,226,4.98197,0,0,True,2023_onward,True,True,False,1,0,,,,,,,,,,,,scl3x3_b1_w8_centernotbad_p0_class2zero_v1,erken_s2_observation_mask_v1,False
2023-08-15,2023,227,6.68655,0,0,True,2023_onward,True,False,False,,,,,,,,,,,,,,,,False
2023-08-16,2023,228,9.04947,0,0,True,2023_onward,True,True,False,1,0,,,,,,,,,,,,scl3x3_b1_w8_centernotbad_p0_class2zero_v1,erken_s2_observation_mask_v1,False
2023-08-17,2023,229,7.77584,0,0,True,2023_onward,True,False,False,,,,,,,,,,,,,,,,False
2023-08-18,2023,230,8.22831,0,0,True,2023_onward,True,False,False,,,,,,,,,,,,,,,,False
2023-08-19,2023,231,7.55798,0,0,True,2023_onward,True,True,False,1,0,,,,,,,,,,,,scl3x3_b1_w8_centernotbad_p0_class2zero_v1,erken_s2_observation_mask_v1,False
2023-08-20,2023,232,6.13353,0,0,True,2023_onward,True,False,False,,,,,,,,,,,,,,,,False
2023-08-21,2023,233,7.25633,0,0,True,2023_onward,True,True,False,1,0,,,,,,,,,,,,scl3x3_b1_w8_centernotbad_p0_class2zero_v1,erken_s2_observation_mask_v1,False
2023-08-22,2023,234,4.32036,0,0,True,2023_onward,True,False,False,,,,,,,,,,,,,,,,False
2023-08-23,2023,235,7.52445,0,0,True,2023_onward,True,False,False,,,,,,,,,,,,,,,,False
2023-08-24,2023,236,4.58909,0,0,True,2023_onward,True,True,False,1,0,,,,,,,,,,,,scl3x3_b1_w8_centernotbad_p0_class2zero_v1,erken_s2_observation_mask_v1,False
2023-08-25,2023,237,4.87849,0,0,True,2023_onward,True,False,False,,,,,,,,,,,,,,,,False
2023-08-26,2023,238,4.45473,0,0,True,2023_onward,True,True,False,1,0,,,,,,,,,,,,scl3x3_b1_w8_centernotbad_p0_class2zero_v1,erken_s2_observation_mask_v1,False
2023-08-27,2023,239,3.82424,0,0,True,2023_onward,True,False,False,,,,,,,,,,,,,,,,False
2023-08-28,2023,240,4.01029,0,0,True,2023_onward,True,False,False,,,,,,,,,,,,,,,,False
2023-08-29,2023,241,6.39648,0,0,True,2023_onward,True,True,True,1,1,S2B_MSIL2A_20230829T101609_N0510_R065_T34VCM_20241018T022739,S2B,2023-08-29T10:16:09Z,N0510,6,9,0,0,0,1,0,scl3x3_b1_w8_centernotbad_p0_class2zero_v1,erken_s2_observation_mask_v1,True
2023-08-30,2023,242,7.92639,0,0,True,2023_onward,True,False,False,,,,,,,,,,,,,,,,False
2023-08-31,2023,243,7.4747,0,0,True,2023_onward,True,True,False,1,0,,,,,,,,,,,,scl3x3_b1_w8_centernotbad_p0_class2zero_v1,erken_s2_observation_mask_v1,False
2023-09-01,2023,244,10.2285,0,0,True,2023_onward,True,False,False,,,,,,,,,,,,,,,,False
2023-09-02,2023,245,8.85891,0,0,True,2023_onward,True,False,False,,,,,,,,,,,,,,,,False
2023-09-03,2023,246,7.05216,0,0,True,2023_onward,True,True,False,1,0,,,,,,,,,,,,scl3x3_b1_w8_centernotbad_p0_class2zero_v1,erken_s2_observation_mask_v1,False
2023-09-04,2023,247,7.8244,0,0,True,2023_onward,True,False,False,,,,,,,,,,,,,,,,False
2023-09-05,2023,248,7.11044,0,0,True,2023_onward,True,True,True,1,1,S2B_MSIL2A_20230905T100559_N0510_R022_T34VCM_20241102T142635,S2B,2023-09-05T10:05:59Z,N0510,6,9,0,0,0,1,0,scl3x3_b1_w8_centernotbad_p0_class2zero_v1,erken_s2_observation_mask_v1,True
2023-09-06,2023,249,6.07509,0,0,True,2023_onward,True,False,False,,,,,,,,,,,,,,,,False
2023-09-07,2023,250,5.65943,0,0,True,2023_onward,True,False,False,,,,,,,,,,,,,,,,False
2023-09-08,2023,251,5.54219,0,0,True,2023_onward,True,True,False,1,0,,,,,,,,,,,,scl3x3_b1_w8_centernotbad_p0_class2zero_v1,erken_s2_observation_mask_v1,False
2023-09-09,2023,252,6.34154,0,0,True,2023_onward,True,False,False,,,,,,,,,,,,,,,,False
2023-09-10,2023,253,5.5635,0,0,True,2023_onward,True,True,False,1,0,,,,,,,,,,,,scl3x3_b1_w8_centernotbad_p0_class2zero_v1,erken_s2_observation_mask_v1,False
2023-09-11,2023,254,5.75586,0,0,True,2023_onward,True,False,False,,,,,,,,,,,,,,,,False
2023-09-12,2023,255,4.78666,0,0,True,2023_onward,True,False,False,,,,,,,,,,,,,,,,False
2023-09-13,2023,256,6.77451,0,0,True,2023_onward,True,True,False,1,0,,,,,,,,,,,,scl3x3_b1_w8_centernotbad_p0_class2zero_v1,erken_s2_observation_mask_v1,False
2023-09-14,2023,257,4.77677,0,0,True,2023_onward,True,False,False,,,,,,,,,,,,,,,,False
2023-09-15,2023,258,6.64594,0,0,True,2023_onward,True,True,False,1,0,,,,,,,,,,,,scl3x3_b1_w8_centernotbad_p0_class2zero_v1,erken_s2_observation_mask_v1,False
2023-09-16,2023,259,8.1393,0,0,True,2023_onward,True,False,False,,,,,,,,,,,,,,,,False
2023-09-17,2023,260,6.90308,0,0,True,2023_onward,True,False,False,,,,,,,,,,,,,,,,False
2023-09-18,2023,261,7.16021,0,0,True,2023_onward,True,True,False,1,0,,,,,,,,,,,,scl3x3_b1_w8_centernotbad_p0_class2zero_v1,erken_s2_observation_mask_v1,False
2023-09-19,2023,262,5.77008,0,0,True,2023_onward,True,False,False,,,,,,,,,,,,,,,,False
2023-09-20,2023,263,5.43981,0,0,True,2023_onward,True,True,False,1,0,,,,,,,,,,,,scl3x3_b1_w8_centernotbad_p0_class2zero_v1,erken_s2_observation_mask_v1,False
2023-09-21,2023,264,6.18778,0,0,True,2023_onward,True,False,False,,,,,,,,,,,,,,,,False
2023-09-22,2023,265,6.05178,0,0,True,2023_onward,True,False,False,,,,,,,,,,,,,,,,False
2023-09-23,2023,266,5.2941,0,0,True,2023_onward,True,True,False,1,0,,,,,,,,,,,,scl3x3_b1_w8_centernotbad_p0_class2zero_v1,erken_s2_observation_mask_v1,False
2023-09-24,2023,267,5.48838,0,0,True,2023_onward,True,False,False,,,,,,,,,,,,,,,,False
2023-09-25,2023,268,5.58552,0,0,True,2023_onward,True,True,False,1,0,,,,,,,,,,,,scl3x3_b1_w8_centernotbad_p0_class2zero_v1,erken_s2_observation_mask_v1,False
2023-09-26,2023,269,5.20538,0,0,True,2023_onward,True,False,False,,,,,,,,,,,,,,,,False
2023-09-27,2023,270,6.55229,0,0,True,2023_onward,True,False,False,,,,,,,,,,,,,,,,False
2023-09-28,2023,271,8.89167,0,0,True,2023_onward,True,True,False,1,0,,,,,,,,,,,,scl3x3_b1_w8_centernotbad_p0_class2zero_v1,erken_s2_observation_mask_v1,False
2023-09-29,2023,272,5.56995,0,0,True,2023_onward,True,False,False,,,,,,,,,,,,,,,,False
2023-09-30,2023,273,7.09916,0,0,True,2023_onward,True,True,True,1,1,S2A_MSIL2A_20230930T100811_N0510_R022_T34VCM_20241106T092217,S2A,2023-09-30T10:08:11Z,N0510,6,9,0,0,0,1,0,scl3x3_b1_w8_centernotbad_p0_class2zero_v1,erken_s2_observation_mask_v1,True
2023-10-01,2023,274,6.30924,0,0,True,2023_onward,True,False,False,,,,,,,,,,,,,,,,False
2023-10-02,2023,275,5.46868,0,0,True,2023_onward,True,False,False,,,,,,,,,,,,,,,,False
2023-10-03,2023,276,4.34456,0,0,True,2023_onward,True,True,False,1,0,,,,,,,,,,,,scl3x3_b1_w8_centernotbad_p0_class2zero_v1,erken_s2_observation_mask_v1,False
2023-10-04,2023,277,3.48375,0,0,True,2023_onward,True,False,False,,,,,,,,,,,,,,,,False
2023-10-05,2023,278,3.07867,0,0,True,2023_onward,True,True,False,1,0,,,,,,,,,,,,scl3x3_b1_w8_centernotbad_p0_class2zero_v1,erken_s2_observation_mask_v1,False
2023-10-06,2023,279,2.69383,0,0,True,2023_onward,True,False,False,,,,,,,,,,,,,,,,False
2023-10-07,2023,280,2.72421,0,0,True,2023_onward,True,False,False,,,,,,,,,,,,,,,,False
2023-10-08,2023,281,2.58243,0,0,True,2023_onward,True,True,True,1,1,S2B_MSIL2A_20231008T101829_N0510_R065_T34VCM_20241103T082727,S2B,2023-10-08T10:18:29Z,N0510,6,8,1,0,0,0.8888888889,0.1111111111,scl3x3_b1_w8_centernotbad_p0_class2zero_v1,erken_s2_observation_mask_v1,True
2023-10-09,2023,282,2.66345,0,0,True,2023_onward,True,False,False,,,,,,,,,,,,,,,,False
2023-10-10,2023,283,2.77893,0,0,True,2023_onward,True,True,False,1,0,,,,,,,,,,,,scl3x3_b1_w8_centernotbad_p0_class2zero_v1,erken_s2_observation_mask_v1,False
2023-10-11,2023,284,2.35838,0,0,True,2023_onward,True,False,False,,,,,,,,,,,,,,,,False
2023-10-12,2023,285,1.98731,0,0,True,2023_onward,True,False,False,,,,,,,,,,,,,,,,False
2023-10-13,2023,286,2.39136,0,0,True,2023_onward,True,True,False,1,0,,,,,,,,,,,,scl3x3_b1_w8_centernotbad_p0_class2zero_v1,erken_s2_observation_mask_v1,False
2023-10-14,2023,287,2.26767,0,0,True,2023_onward,True,False,False,,,,,,,,,,,,,,,,False
2023-10-15,2023,288,2.28417,0,0,True,2023_onward,True,True,False,1,0,,,,,,,,,,,,scl3x3_b1_w8_centernotbad_p0_class2zero_v1,erken_s2_observation_mask_v1,False
2023-10-16,2023,289,2.34189,0,0,True,2023_onward,True,False,False,,,,,,,,,,,,,,,,False
2023-10-17,2023,290,2.69647,0,0,True,2023_onward,True,False,False,,,,,,,,,,,,,,,,False
2023-10-18,2023,291,2.8449,0,0,True,2023_onward,True,True,True,1,1,S2B_MSIL2A_20231018T101939_N0509_R065_T34VCM_20231018T130027,S2B,2023-10-18T10:19:39Z,N0509,6,9,0,0,0,1,0,scl3x3_b1_w8_centernotbad_p0_class2zero_v1,erken_s2_observation_mask_v1,True
2023-10-19,2023,292,2.67173,0,0,True,2023_onward,True,False,False,,,,,,,,,,,,,,,,False
2023-10-20,2023,293,2.67998,0,0,True,2023_onward,True,True,False,1,0,,,,,,,,,,,,scl3x3_b1_w8_centernotbad_p0_class2zero_v1,erken_s2_observation_mask_v1,False
2023-10-21,2023,294,2.74595,0,0,True,2023_onward,True,False,False,,,,,,,,,,,,,,,,False
2023-10-22,2023,295,2.96034,0,0,True,2023_onward,True,False,False,,,,,,,,,,,,,,,,False
2023-10-23,2023,296,2.80367,0,0,True,2023_onward,True,True,False,1,0,,,,,,,,,,,,scl3x3_b1_w8_centernotbad_p0_class2zero_v1,erken_s2_observation_mask_v1,False
2023-10-24,2023,297,2.57985,0,0,True,2023_onward,True,False,False,,,,,,,,,,,,,,,,False
2023-10-25,2023,298,2.55528,0,0,True,2023_onward,True,True,False,1,0,,,,,,,,,,,,scl3x3_b1_w8_centernotbad_p0_class2zero_v1,erken_s2_observation_mask_v1,False
2023-10-26,2023,299,2.60442,0,0,True,2023_onward,True,False,False,,,,,,,,,,,,,,,,False
2023-10-27,2023,300,2.85012,0,0,True,2023_onward,True,False,False,,,,,,,,,,,,,,,,False
2023-10-28,2023,301,2.41605,0,0,True,2023_onward,True,True,False,1,0,,,,,,,,,,,,scl3x3_b1_w8_centernotbad_p0_class2zero_v1,erken_s2_observation_mask_v1,False
2023-10-29,2023,302,2.57985,0,0,True,2023_onward,True,False,False,,,,,,,,,,,,,,,,False
2023-10-30,2023,303,2.88288,0,0,True,2023_onward,True,True,False,1,0,,,,,,,,,,,,scl3x3_b1_w8_centernotbad_p0_class2zero_v1,erken_s2_observation_mask_v1,False
2023-10-31,2023,304,2.2113,0,0,True,2023_onward,True,False,False,,,,,,,,,,,,,,,,False
2023-11-01,2023,305,2.00655,0,0,True,2023_onward,True,False,False,,,,,,,,,,,,,,,,False
2023-11-02,2023,306,1.31859,0,0,True,2023_onward,True,True,False,1,0,,,,,,,,,,,,scl3x3_b1_w8_centernotbad_p0_class2zero_v1,erken_s2_observation_mask_v1,False
2023-11-03,2023,307,1.36773,0,0,True,2023_onward,True,False,False,,,,,,,,,,,,,,,,False
2023-11-04,2023,308,1.28583,0,0,True,2023_onward,True,True,False,1,0,,,,,,,,,,,,scl3x3_b1_w8_centernotbad_p0_class2zero_v1,erken_s2_observation_mask_v1,False
2023-11-05,2023,309,2.02293,0,0,True,2023_onward,True,False,False,,,,,,,,,,,,,,,,False
2023-11-06,2023,310,1.48239,0,0,True,2023_onward,True,False,False,,,,,,,,,,,,,,,,False
2023-11-07,2023,311,0.94185,0,0,True,2023_onward,True,True,False,1,0,,,,,,,,,,,,scl3x3_b1_w8_centernotbad_p0_class2zero_v1,erken_s2_observation_mask_v1,False
2023-11-08,2023,312,1.32678,0,0,True,2023_onward,True,False,False,,,,,,,,,,,,,,,,False
2023-11-09,2023,313,0.89271,0,0,True,2023_onward,True,True,False,1,0,,,,,,,,,,,,scl3x3_b1_w8_centernotbad_p0_class2zero_v1,erken_s2_observation_mask_v1,False
2023-11-10,2023,314,1.17117,0,0,True,2023_onward,True,False,False,,,,,,,,,,,,,,,,False
2023-11-11,2023,315,0.86814,0,0,True,2023_onward,True,False,False,,,,,,,,,,,,,,,,False
2023-11-12,2023,316,0.819,0,0,True,2023_onward,True,True,False,1,0,,,,,,,,,,,,scl3x3_b1_w8_centernotbad_p0_class2zero_v1,erken_s2_observation_mask_v1,False
2023-11-13,2023,317,1.22031,0,0,True,2023_onward,True,False,False,,,,,,,,,,,,,,,,False
2023-11-14,2023,318,1.59547,0,0,True,2023_onward,True,True,False,1,0,,,,,,,,,,,,scl3x3_b1_w8_centernotbad_p0_class2zero_v1,erken_s2_observation_mask_v1,False
2023-11-15,2023,319,1.27638,0,0,True,2023_onward,True,False,False,,,,,,,,,,,,,,,,False
2023-11-16,2023,320,1.45587,0,0,True,2023_onward,True,False,False,,,,,,,,,,,,,,,,False
2023-11-17,2023,321,1.53564,0,0,True,2023_onward,True,True,False,1,0,,,,,,,,,,,,scl3x3_b1_w8_centernotbad_p0_class2zero_v1,erken_s2_observation_mask_v1,False
2023-11-18,2023,322,1.42596,0,0,True,2023_onward,True,False,False,,,,,,,,,,,,,,,,False
2023-11-19,2023,323,1.10686,0,0,True,2023_onward,True,True,False,1,0,,,,,,,,,,,,scl3x3_b1_w8_centernotbad_p0_class2zero_v1,erken_s2_observation_mask_v1,False
2023-11-20,2023,324,1.46584,0,0,True,2023_onward,True,False,False,,,,,,,,,,,,,,,,False
2023-11-21,2023,325,1.21655,0,0,True,2023_onward,True,False,False,,,,,,,,,,,,,,,,False
2023-11-22,2023,326,1.69519,0,0,True,2023_onward,True,True,False,1,0,,,,,,,,,,,,scl3x3_b1_w8_centernotbad_p0_class2zero_v1,erken_s2_observation_mask_v1,False
2023-11-23,2023,327,1.59547,0,0,True,2023_onward,True,False,False,,,,,,,,,,,,,,,,False
2023-11-24,2023,328,1.89463,0,0,True,2023_onward,True,True,False,1,0,,,,,,,,,,,,scl3x3_b1_w8_centernotbad_p0_class2zero_v1,erken_s2_observation_mask_v1,False
2023-11-25,2023,329,1.09689,0,0,True,2023_onward,True,False,False,,,,,,,,,,,,,,,,False
2023-11-26,2023,330,1.26641,0,0,True,2023_onward,True,False,False,,,,,,,,,,,,,,,,False
2023-11-27,2023,331,1.07695,0,0,True,2023_onward,True,True,False,1,0,,,,,,,,,,,,scl3x3_b1_w8_centernotbad_p0_class2zero_v1,erken_s2_observation_mask_v1,False
2023-11-28,2023,332,1.02348,0,0,True,2023_onward,True,False,False,,,,,,,,,,,,,,,,False
2023-11-29,2023,333,0.968651,0,0,True,2023_onward,True,True,True,1,1,S2A_MSIL2A_20231129T101351_N0510_R022_T34VCM_20241110T221337,S2A,2023-11-29T10:13:51Z,N0510,6,9,0,0,0,1,0,scl3x3_b1_w8_centernotbad_p0_class2zero_v1,erken_s2_observation_mask_v1,True
2023-11-30,2023,334,1.48953,0,0,True,2023_onward,True,False,False,,,,,,,,,,,,,,,,False
2023-12-01,2023,335,1.15141,0,0,True,2023_onward,True,False,False,,,,,,,,,,,,,,,,False
2023-12-02,2023,336,1.54436,0,0,True,2023_onward,True,False,False,,,,,,,,,,,,,,,,False
2023-12-03,2023,337,1.22452,0,0,True,2023_onward,True,False,False,,,,,,,,,,,,,,,,False
2023-12-04,2023,338,1.48039,0,0,True,2023_onward,True,False,False,,,,,,,,,,,,,,,,False
2023-12-05,2023,339,1.27021,0,0,True,2023_onward,True,False,False,,,,,,,,,,,,,,,,False
2023-12-06,2023,340,1.20624,0,0,True,2023_onward,True,False,False,,,,,,,,,,,,,,,,False
2023-12-07,2023,341,1.06003,1,1,False,2023_onward,True,True,False,1,0,,,,,,,,,,,,scl3x3_b1_w8_centernotbad_p0_class2zero_v1,erken_s2_observation_mask_v1,False
2023-12-08,2023,342,1.3159,1,1,False,2023_onward,True,False,False,,,,,,,,,,,,,,,,False
2023-12-09,2023,343,1.97385,1,1,False,2023_onward,True,False,False,,,,,,,,,,,,,,,,False
2023-12-10,2023,344,1.35246,1,1,False,2023_onward,True,False,False,,,,,,,,,,,,,,,,False
2023-12-11,2023,345,1.52608,1,1,False,2023_onward,True,False,False,,,,,,,,,,,,,,,,False
2023-12-12,2023,346,1.0052,1,1,False,2023_onward,True,False,False,,,,,,,,,,,,,,,,False
2023-12-13,2023,347,1.32504,1,1,False,2023_onward,True,False,False,,,,,,,,,,,,,,,,False
2023-12-14,2023,348,0.968651,1,1,False,2023_onward,True,True,False,1,0,,,,,,,,,,,,scl3x3_b1_w8_centernotbad_p0_class2zero_v1,erken_s2_observation_mask_v1,False
2023-12-15,2023,349,1.40728,1,1,False,2023_onward,True,False,False,,,,,,,,,,,,,,,,False
2023-12-16,2023,350,0.932098,1,1,False,2023_onward,True,False,False,,,,,,,,,,,,,,,,False
2023-12-17,2023,351,1.10572,1,1,False,2023_onward,True,True,False,1,0,,,,,,,,,,,,scl3x3_b1_w8_centernotbad_p0_class2zero_v1,erken_s2_observation_mask_v1,False
2023-12-18,2023,352,0.977789,1,1,False,2023_onward,True,False,False,,,,,,,,,,,,,,,,False
2023-12-19,2023,353,1.04176,1,1,False,2023_onward,True,False,False,,,,,,,,,,,,,,,,False
2023-12-20,2023,354,1.13314,1,1,False,2023_onward,True,False,False,,,,,,,,,,,,,,,,False
2023-12-21,2023,355,1.124,1,1,False,2023_onward,True,False,False,,,,,,,,,,,,,,,,False
2023-12-22,2023,356,1.06003,1,1,False,2023_onward,True,False,False,,,,,,,,,,,,,,,,False
2023-12-23,2023,357,0.950374,1,1,False,2023_onward,True,False,False,,,,,,,,,,,,,,,,False
2023-12-24,2023,358,1.06003,1,1,False,2023_onward,True,True,False,1,0,,,,,,,,,,,,scl3x3_b1_w8_centernotbad_p0_class2zero_v1,erken_s2_observation_mask_v1,False
2023-12-25,2023,359,1.04176,1,1,False,2023_onward,True,False,False,,,,,,,,,,,,,,,,False
2023-12-26,2023,360,0.977789,1,1,False,2023_onward,True,False,False,,,,,,,,,,,,,,,,False
2023-12-27,2023,361,0.785886,1,1,False,2023_onward,True,True,False,1,0,,,,,,,,,,,,scl3x3_b1_w8_centernotbad_p0_class2zero_v1,erken_s2_observation_mask_v1,False
2023-12-28,2023,362,0.941236,1,1,False,2023_onward,True,False,False,,,,,,,,,,,,,,,,False
2023-12-29,2023,363,0.904683,1,1,False,2023_onward,True,False,False,,,,,,,,,,,,,,,,False
2023-12-30,2023,364,0.831577,1,1,False,2023_onward,True,False,False,,,,,,,,,,,,,,,,False
2023-12-31,2023,365,0.749334,1,1,False,2023_onward,True,False,False,,,,,,,,,,,,,,,,False
2024-01-01,2024,1,1.01434,1,1,False,2023_onward,True,False,False,,,,,,,,,,,,,,,,False
2024-01-02,2024,2,0.895545,1,1,False,2023_onward,True,False,False,,,,,,,,,,,,,,,,False
2024-01-03,2024,3,0.822439,1,1,False,2023_onward,True,True,False,1,0,,,,,,,,,,,,scl3x3_b1_w8_centernotbad_p0_class2zero_v1,erken_s2_observation_mask_v1,False
2024-01-04,2024,4,0.886407,1,1,False,2023_onward,True,False,False,,,,,,,,,,,,,,,,False
2024-01-05,2024,5,0.932098,1,1,False,2023_onward,True,False,False,,,,,,,,,,,,,,,,False
2024-01-06,2024,6,1.06917,1,1,False,2023_onward,True,True,False,1,0,,,,,,,,,,,,scl3x3_b1_w8_centernotbad_p0_class2zero_v1,erken_s2_observation_mask_v1,False
2024-01-07,2024,7,0.703642,1,1,False,2023_onward,True,False,False,,,,,,,,,,,,,,,,False
2024-01-08,2024,8,0.831577,1,1,False,2023_onward,True,False,False,,,,,,,,,,,,,,,,False
2024-01-09,2024,9,1.01434,1,1,False,2023_onward,True,False,False,,,,,,,,,,,,,,,,False
2024-01-10,2024,10,0.758472,1,1,False,2023_onward,True,False,False,,,,,,,,,,,,,,,,False
2024-01-11,2024,11,1.06003,1,1,False,2023_onward,True,False,False,,,,,,,,,,,,,,,,False
2024-01-12,2024,12,0.731057,1,1,False,2023_onward,True,False,False,,,,,,,,,,,,,,,,False
2024-01-13,2024,13,1.09659,1,1,False,2023_onward,True,True,False,1,0,,,,,,,,,,,,scl3x3_b1_w8_centernotbad_p0_class2zero_v1,erken_s2_observation_mask_v1,False
2024-01-14,2024,14,0.749334,1,1,False,2023_onward,True,False,False,,,,,,,,,,,,,,,,False
2024-01-15,2024,15,0.721919,1,1,False,2023_onward,True,False,False,,,,,,,,,,,,,,,,False
2024-01-16,2024,16,0.51174,1,1,False,2023_onward,True,True,False,1,0,,,,,,,,,,,,scl3x3_b1_w8_centernotbad_p0_class2zero_v1,erken_s2_observation_mask_v1,False
2024-01-17,2024,17,0.569892,1,1,False,2023_onward,True,False,False,,,,,,,,,,,,,,,,False
2024-01-18,2024,18,0.436142,1,1,False,2023_onward,True,True,False,1,0,,,,,,,,,,,,scl3x3_b1_w8_centernotbad_p0_class2zero_v1,erken_s2_observation_mask_v1,False
2024-01-19,2024,19,0.494294,1,1,False,2023_onward,True,False,False,,,,,,,,,,,,,,,,False
2024-01-20,2024,20,0.517555,1,1,False,2023_onward,True,False,False,,,,,,,,,,,,,,,,False
2024-01-21,2024,21,0.616414,1,1,False,2023_onward,True,True,False,1,0,,,,,,,,,,,,scl3x3_b1_w8_centernotbad_p0_class2zero_v1,erken_s2_observation_mask_v1,False
2024-01-22,2024,22,0.488479,1,1,False,2023_onward,True,False,False,,,,,,,,,,,,,,,,False
2024-01-23,2024,23,0.453588,1,1,False,2023_onward,True,True,False,1,0,,,,,,,,,,,,scl3x3_b1_w8_centernotbad_p0_class2zero_v1,erken_s2_observation_mask_v1,False
2024-01-24,2024,24,0.459403,1,1,False,2023_onward,True,False,False,,,,,,,,,,,,,,,,False
2024-01-25,2024,25,0.622229,1,1,False,2023_onward,True,False,False,,,,,,,,,,,,,,,,False
2024-01-26,2024,26,0.51174,1,1,False,2023_onward,True,True,False,1,0,,,,,,,,,,,,scl3x3_b1_w8_centernotbad_p0_class2zero_v1,erken_s2_observation_mask_v1,False
2024-01-27,2024,27,0.436142,1,1,False,2023_onward,True,False,False,,,,,,,,,,,,,,,,False
2024-01-28,2024,28,0.535001,1,1,False,2023_onward,True,True,False,1,0,,,,,,,,,,,,scl3x3_b1_w8_centernotbad_p0_class2zero_v1,erken_s2_observation_mask_v1,False
2024-01-29,2024,29,0.540816,1,1,False,2023_onward,True,False,False,,,,,,,,,,,,,,,,False
2024-01-30,2024,30,0.692012,1,1,False,2023_onward,True,False,False,,,,,,,,,,,,,,,,False
2024-01-31,2024,31,0.535001,1,1,False,2023_onward,True,True,False,1,0,,,,,,,,,,,,scl3x3_b1_w8_centernotbad_p0_class2zero_v1,erken_s2_observation_mask_v1,False
2024-02-01,2024,32,0.459403,1,1,False,2023_onward,True,False,False,,,,,,,,,,,,,,,,False
2024-02-02,2024,33,0.540816,1,1,False,2023_onward,True,True,False,1,0,,,,,,,,,,,,scl3x3_b1_w8_centernotbad_p0_class2zero_v1,erken_s2_observation_mask_v1,False
2024-02-03,2024,34,0.535001,1,1,False,2023_onward,True,False,False,,,,,,,,,,,,,,,,False
2024-02-04,2024,35,0.564077,1,1,False,2023_onward,True,False,False,,,,,,,,,,,,,,,,False
2024-02-05,2024,36,0.668751,1,1,False,2023_onward,True,True,False,1,0,,,,,,,,,,,,scl3x3_b1_w8_centernotbad_p0_class2zero_v1,erken_s2_observation_mask_v1,False
2024-02-06,2024,37,0.64549,1,1,False,2023_onward,True,False,False,,,,,,,,,,,,,,,,False
2024-02-07,2024,38,0.540816,1,1,False,2023_onward,True,True,False,1,0,,,,,,,,,,,,scl3x3_b1_w8_centernotbad_p0_class2zero_v1,erken_s2_observation_mask_v1,False
2024-02-08,2024,39,0.546631,1,1,False,2023_onward,True,False,False,,,,,,,,,,,,,,,,False
2024-02-09,2024,40,0.598968,1,1,False,2023_onward,True,False,False,,,,,,,,,,,,,,,,False
2024-02-10,2024,41,0.569892,1,1,False,2023_onward,True,True,False,1,0,,,,,,,,,,,,scl3x3_b1_w8_centernotbad_p0_class2zero_v1,erken_s2_observation_mask_v1,False
2024-02-11,2024,42,0.668751,1,1,False,2023_onward,True,False,False,,,,,,,,,,,,,,,,False
2024-02-12,2024,43,0.465345,1,1,False,2023_onward,True,True,False,1,0,,,,,,,,,,,,scl3x3_b1_w8_centernotbad_p0_class2zero_v1,erken_s2_observation_mask_v1,False
2024-02-13,2024,44,0.627204,1,1,False,2023_onward,True,False,False,,,,,,,,,,,,,,,,False
2024-02-14,2024,45,0.5311,1,1,False,2023_onward,True,False,False,,,,,,,,,,,,,,,,False
2024-02-15,2024,46,0.606972,1,1,False,2023_onward,True,True,False,1,0,,,,,,,,,,,,scl3x3_b1_w8_centernotbad_p0_class2zero_v1,erken_s2_observation_mask_v1,False
2024-02-16,2024,47,0.601914,1,1,False,2023_onward,True,False,False,,,,,,,,,,,,,,,,False
2024-02-17,2024,48,0.50581,1,1,False,2023_onward,True,True,False,1,0,,,,,,,,,,,,scl3x3_b1_w8_centernotbad_p0_class2zero_v1,erken_s2_observation_mask_v1,False
2024-02-18,2024,49,0.586739,1,1,False,2023_onward,True,False,False,,,,,,,,,,,,,,,,False
2024-02-19,2024,50,0.606972,1,1,False,2023_onward,True,False,False,,,,,,,,,,,,,,,,False
2024-02-20,2024,51,0.677785,1,1,False,2023_onward,True,True,False,1,0,,,,,,,,,,,,scl3x3_b1_w8_centernotbad_p0_class2zero_v1,erken_s2_observation_mask_v1,False
2024-02-21,2024,52,0.566507,1,1,False,2023_onward,True,False,False,,,,,,,,,,,,,,,,False
2024-02-22,2024,53,0.617088,1,1,False,2023_onward,True,True,False,1,0,,,,,,,,,,,,scl3x3_b1_w8_centernotbad_p0_class2zero_v1,erken_s2_observation_mask_v1,False
2024-02-23,2024,54,0.723308,1,1,False,2023_onward,True,False,False,,,,,,,,,,,,,,,,False
2024-02-24,2024,55,0.576623,1,1,False,2023_onward,True,False,False,,,,,,,,,,,,,,,,False
2024-02-25,2024,56,0.581681,1,1,False,2023_onward,True,True,False,1,0,,,,,,,,,,,,scl3x3_b1_w8_centernotbad_p0_class2zero_v1,erken_s2_observation_mask_v1,False
2024-02-26,2024,57,0.733424,1,1,False,2023_onward,True,False,False,,,,,,,,,,,,,,,,False
2024-02-27,2024,58,1.11555,1,1,False,2023_onward,True,True,False,1,0,,,,,,,,,,,,scl3x3_b1_w8_centernotbad_p0_class2zero_v1,erken_s2_observation_mask_v1,False
2024-02-28,2024,59,0.796821,1,1,False,2023_onward,True,False,False,,,,,,,,,,,,,,,,False
2024-02-29,2024,60,0.834765,1,1,False,2023_onward,True,False,False,,,,,,,,,,,,,,,,False
2024-03-01,2024,61,1.32045,1,1,False,2023_onward,True,True,False,1,0,,,,,,,,,,,,scl3x3_b1_w8_centernotbad_p0_class2zero_v1,erken_s2_observation_mask_v1,False
2024-03-02,2024,62,1.39633,1,1,False,2023_onward,True,False,False,,,,,,,,,,,,,,,,False
2024-03-03,2024,63,1.47981,1,1,False,2023_onward,True,True,False,1,0,,,,,,,,,,,,scl3x3_b1_w8_centernotbad_p0_class2zero_v1,erken_s2_observation_mask_v1,False
2024-03-04,2024,64,1.64676,1,1,False,2023_onward,True,False,False,,,,,,,,,,,,,,,,False
2024-03-05,2024,65,2.11727,1,1,False,2023_onward,True,False,False,,,,,,,,,,,,,,,,False
2024-03-06,2024,66,1.94724,1,1,False,2023_onward,True,True,False,1,0,,,,,,,,,,,,scl3x3_b1_w8_centernotbad_p0_class2zero_v1,erken_s2_observation_mask_v1,False
2024-03-07,2024,67,1.93367,1,1,False,2023_onward,True,False,False,,,,,,,,,,,,,,,,False
2024-03-08,2024,68,2.20506,1,1,False,2023_onward,True,True,False,1,0,,,,,,,,,,,,scl3x3_b1_w8_centernotbad_p0_class2zero_v1,erken_s2_observation_mask_v1,False
2024-03-09,2024,69,2.61894,1,1,False,2023_onward,True,False,False,,,,,,,,,,,,,,,,False
2024-03-10,2024,70,3.0803,1,1,False,2023_onward,True,False,False,,,,,,,,,,,,,,,,False
2024-03-11,2024,71,3.18208,1,1,False,2023_onward,True,True,False,1,0,,,,,,,,,,,,scl3x3_b1_w8_centernotbad_p0_class2zero_v1,erken_s2_observation_mask_v1,False
2024-03-12,2024,72,3.49632,1,1,False,2023_onward,True,False,False,,,,,,,,,,,,,,,,False
2024-03-13,2024,73,4.13362,1,1,False,2023_onward,True,True,False,1,0,,,,,,,,,,,,scl3x3_b1_w8_centernotbad_p0_class2zero_v1,erken_s2_observation_mask_v1,False
2024-03-14,2024,74,3.62024,1,1,False,2023_onward,True,False,False,,,,,,,,,,,,,,,,False
2024-03-15,2024,75,4.76208,1,1,False,2023_onward,True,False,False,,,,,,,,,,,,,,,,False
2024-03-16,2024,76,6.4704,1,1,False,2023_onward,True,True,False,1,0,,,,,,,,,,,,scl3x3_b1_w8_centernotbad_p0_class2zero_v1,erken_s2_observation_mask_v1,False
2024-03-17,2024,77,7.85123,1,1,False,2023_onward,True,False,False,,,,,,,,,,,,,,,,False
2024-03-18,2024,78,9.71888,1,1,False,2023_onward,True,True,False,1,0,,,,,,,,,,,,scl3x3_b1_w8_centernotbad_p0_class2zero_v1,erken_s2_observation_mask_v1,False
2024-03-19,2024,79,7.83353,1,1,False,2023_onward,True,False,False,,,,,,,,,,,,,,,,False
2024-03-20,2024,80,7.99285,1,1,False,2023_onward,True,False,False,,,,,,,,,,,,,,,,False
2024-03-21,2024,81,12.3124,1,1,False,2023_onward,True,True,False,1,0,,,,,,,,,,,,scl3x3_b1_w8_centernotbad_p0_class2zero_v1,erken_s2_observation_mask_v1,False
2024-03-22,2024,82,11.3653,1,1,False,2023_onward,True,False,False,,,,,,,,,,,,,,,,False
2024-03-23,2024,83,11.7901,1,1,False,2023_onward,True,True,False,1,0,,,,,,,,,,,,scl3x3_b1_w8_centernotbad_p0_class2zero_v1,erken_s2_observation_mask_v1,False
2024-03-24,2024,84,13.9676,1,1,False,2023_onward,True,False,False,,,,,,,,,,,,,,,,False
2024-03-25,2024,85,15.9857,1,1,False,2023_onward,True,False,False,,,,,,,,,,,,,,,,False
2024-03-26,2024,86,21.0269,1,1,False,2023_onward,True,True,False,1,0,,,,,,,,,,,,scl3x3_b1_w8_centernotbad_p0_class2zero_v1,erken_s2_observation_mask_v1,False
2024-03-27,2024,87,21.865,1,1,False,2023_onward,True,False,False,,,,,,,,,,,,,,,,False
2024-03-28,2024,88,22.543,1,1,False,2023_onward,True,True,True,1,1,S2A_MSIL2A_20240328T100631_N0510_R022_T34VCM_20240328T142447,S2A,2024-03-28T10:06:31Z,N0510,6,9,0,0,0,1,0,scl3x3_b1_w8_centernotbad_p0_class2zero_v1,erken_s2_observation_mask_v1,False
2024-03-29,2024,89,27.5337,1,1,False,2023_onward,True,False,False,,,,,,,,,,,,,,,,False
2024-03-30,2024,90,30.208,1,1,False,2023_onward,True,False,False,,,,,,,,,,,,,,,,False
2024-03-31,2024,91,35.0198,1,1,False,2023_onward,True,True,False,1,0,,,,,,,,,,,,scl3x3_b1_w8_centernotbad_p0_class2zero_v1,erken_s2_observation_mask_v1,False
2024-04-01,2024,92,38.5792,1,1,False,2023_onward,True,False,False,,,,,,,,,,,,,,,,False
2024-04-02,2024,93,40.4813,1,1,False,2023_onward,True,True,False,1,0,,,,,,,,,,,,scl3x3_b1_w8_centernotbad_p0_class2zero_v1,erken_s2_observation_mask_v1,False
2024-04-03,2024,94,43.3439,1,1,False,2023_onward,True,False,False,,,,,,,,,,,,,,,,False
2024-04-04,2024,95,40.3589,0,0,True,2023_onward,True,False,False,,,,,,,,,,,,,,,,False
2024-04-05,2024,96,39.8787,0,0,True,2023_onward,True,True,False,1,0,,,,,,,,,,,,scl3x3_b1_w8_centernotbad_p0_class2zero_v1,erken_s2_observation_mask_v1,False
2024-04-06,2024,97,38.824,0,0,True,2023_onward,True,False,False,,,,,,,,,,,,,,,,False
2024-04-07,2024,98,43.0049,0,0,True,2023_onward,True,True,False,1,0,,,,,,,,,,,,scl3x3_b1_w8_centernotbad_p0_class2zero_v1,erken_s2_observation_mask_v1,False
2024-04-08,2024,99,40.9145,0,0,True,2023_onward,True,False,False,,,,,,,,,,,,,,,,False
2024-04-09,2024,100,22.7875,0,0,True,2023_onward,True,False,False,,,,,,,,,,,,,,,,False
2024-04-10,2024,101,21.5187,0,0,True,2023_onward,True,True,False,1,0,,,,,,,,,,,,scl3x3_b1_w8_centernotbad_p0_class2zero_v1,erken_s2_observation_mask_v1,False
2024-04-11,2024,102,21.9689,0,0,True,2023_onward,True,False,False,,,,,,,,,,,,,,,,False
2024-04-12,2024,103,21.2373,0,0,True,2023_onward,True,True,False,1,0,,,,,,,,,,,,scl3x3_b1_w8_centernotbad_p0_class2zero_v1,erken_s2_observation_mask_v1,False
2024-04-13,2024,104,28.9627,0,0,True,2023_onward,True,False,False,,,,,,,,,,,,,,,,False
2024-04-14,2024,105,24.1586,0,0,True,2023_onward,True,False,False,,,,,,,,,,,,,,,,False
2024-04-15,2024,106,20.3369,0,0,True,2023_onward,True,True,False,1,0,,,,,,,,,,,,scl3x3_b1_w8_centernotbad_p0_class2zero_v1,erken_s2_observation_mask_v1,False
2024-04-16,2024,107,8.22726,0,0,True,2023_onward,True,False,False,,,,,,,,,,,,,,,,False
2024-04-17,2024,108,4.34274,0,0,True,2023_onward,True,True,True,1,1,S2A_MSIL2A_20240417T100601_N0510_R022_T34VCM_20240417T174253,S2A,2024-04-17T10:06:01Z,N0510,6,9,0,0,0,1,0,scl3x3_b1_w8_centernotbad_p0_class2zero_v1,erken_s2_observation_mask_v1,True
2024-04-18,2024,109,2.59855,0,0,True,2023_onward,True,False,False,,,,,,,,,,,,,,,,False
2024-04-19,2024,110,2.00434,0,0,True,2023_onward,True,False,False,,,,,,,,,,,,,,,,False
2024-04-20,2024,111,1.68802,0,0,True,2023_onward,True,True,False,1,0,,,,,,,,,,,,scl3x3_b1_w8_centernotbad_p0_class2zero_v1,erken_s2_observation_mask_v1,False
2024-04-21,2024,112,1.39831,0,0,True,2023_onward,True,False,False,,,,,,,,,,,,,,,,False
2024-04-22,2024,113,1.41013,0,0,True,2023_onward,True,True,False,1,0,,,,,,,,,,,,scl3x3_b1_w8_centernotbad_p0_class2zero_v1,erken_s2_observation_mask_v1,False
2024-04-23,2024,114,2.77821,0,0,True,2023_onward,True,False,False,,,,,,,,,,,,,,,,False
2024-04-24,2024,115,2.39217,0,0,True,2023_onward,True,False,False,,,,,,,,,,,,,,,,False
2024-04-25,2024,116,2.38584,0,0,True,2023_onward,True,True,False,1,0,,,,,,,,,,,,scl3x3_b1_w8_centernotbad_p0_class2zero_v1,erken_s2_observation_mask_v1,False
2024-04-26,2024,117,2.18333,0,0,True,2023_onward,True,False,False,,,,,,,,,,,,,,,,False
2024-04-27,2024,118,1.80362,0,0,True,2023_onward,True,True,False,1,0,,,,,,,,,,,,scl3x3_b1_w8_centernotbad_p0_class2zero_v1,erken_s2_observation_mask_v1,False
2024-04-28,2024,119,1.93019,0,0,True,2023_onward,True,False,False,,,,,,,,,,,,,,,,False
2024-04-29,2024,120,1.82894,0,0,True,2023_onward,True,False,False,,,,,,,,,,,,,,,,False
2024-04-30,2024,121,2.61823,0,0,True,2023_onward,True,True,False,1,0,,,,,,,,,,,,scl3x3_b1_w8_centernotbad_p0_class2zero_v1,erken_s2_observation_mask_v1,False
2024-05-01,2024,122,2.73207,0,0,True,2023_onward,True,False,False,,,,,,,,,,,,,,,,False
2024-05-02,2024,123,2.75277,0,0,True,2023_onward,True,True,False,1,0,,,,,,,,,,,,scl3x3_b1_w8_centernotbad_p0_class2zero_v1,erken_s2_observation_mask_v1,False
2024-05-03,2024,124,2.39056,0,0,True,2023_onward,True,False,False,,,,,,,,,,,,,,,,False
2024-05-04,2024,125,3.50823,0,0,True,2023_onward,True,False,False,,,,,,,,,,,,,,,,False
2024-05-05,2024,126,3.45648,0,0,True,2023_onward,True,True,False,1,0,,,,,,,,,,,,scl3x3_b1_w8_centernotbad_p0_class2zero_v1,erken_s2_observation_mask_v1,False
2024-05-06,2024,127,3.91183,0,0,True,2023_onward,True,False,False,,,,,,,,,,,,,,,,False
2024-05-07,2024,128,3.13567,0,0,True,2023_onward,True,True,True,1,1,S2A_MSIL2A_20240507T100601_N0510_R022_T34VCM_20240507T143953,S2A,2024-05-07T10:06:01Z,N0510,6,9,0,0,0,1,0,scl3x3_b1_w8_centernotbad_p0_class2zero_v1,erken_s2_observation_mask_v1,True
2024-05-08,2024,129,3.91183,0,0,True,2023_onward,True,False,False,,,,,,,,,,,,,,,,False
2024-05-09,2024,130,5.48484,0,0,True,2023_onward,True,False,False,,,,,,,,,,,,,,,,False
2024-05-10,2024,131,5.816,0,0,True,2023_onward,True,True,True,1,1,S2A_MSIL2A_20240510T102021_N0510_R065_T34VCM_20240510T142253,S2A,2024-05-10T10:20:21Z,N0510,6,9,0,0,0,1,0,scl3x3_b1_w8_centernotbad_p0_class2zero_v1,erken_s2_observation_mask_v1,True
2024-05-11,2024,132,5.76426,0,0,True,2023_onward,True,False,False,,,,,,,,,,,,,,,,False
2024-05-12,2024,133,4.9881,0,0,True,2023_onward,True,False,False,,,,,,,,,,,,,,,,False
2024-05-13,2024,134,4.63624,0,0,True,2023_onward,True,False,False,,,,,,,,,,,,,,,,False
2024-05-14,2024,135,2.61131,0,0,True,2023_onward,True,False,False,,,,,,,,,,,,,,,,False
2024-05-15,2024,136,2.10792,0,0,True,2023_onward,True,True,True,1,1,S2B_MSIL2A_20240515T101559_N0510_R065_T34VCM_20240515T144033,S2B,2024-05-15T10:15:59Z,N0510,6,9,0,0,0,1,0,scl3x3_b1_w8_centernotbad_p0_class2zero_v1,erken_s2_observation_mask_v1,True
2024-05-16,2024,137,2.29145,0,0,True,2023_onward,True,False,False,,,,,,,,,,,,,,,,False
2024-05-17,2024,138,2.42778,0,0,True,2023_onward,True,True,True,1,1,S2A_MSIL2A_20240517T100601_N0510_R022_T34VCM_20240517T174751,S2A,2024-05-17T10:06:01Z,N0510,6,9,0,0,0,1,0,scl3x3_b1_w8_centernotbad_p0_class2zero_v1,erken_s2_observation_mask_v1,True
2024-05-18,2024,139,3.08847,0,0,True,2023_onward,True,False,False,,,,,,,,,,,,,,,,False
2024-05-19,2024,140,2.54838,0,0,True,2023_onward,True,False,False,,,,,,,,,,,,,,,,False
2024-05-20,2024,141,2.31766,0,0,True,2023_onward,True,True,True,1,1,S2A_MSIL2A_20240520T102021_N0510_R065_T34VCM_20240520T145649,S2A,2024-05-20T10:20:21Z,N0510,6,9,0,0,0,1,0,scl3x3_b1_w8_centernotbad_p0_class2zero_v1,erken_s2_observation_mask_v1,True
2024-05-21,2024,142,2.16747,0,0,True,2023_onward,True,False,False,,,,,,,,,,,,,,,,False
2024-05-22,2024,143,2.30382,0,0,True,2023_onward,True,True,True,1,1,S2B_MSIL2A_20240522T100559_N0510_R022_T34VCM_20240522T125149,S2B,2024-05-22T10:05:59Z,N0510,6,9,0,0,0,1,0,scl3x3_b1_w8_centernotbad_p0_class2zero_v1,erken_s2_observation_mask_v1,True
2024-05-23,2024,144,2.04523,0,0,True,2023_onward,True,False,False,,,,,,,,,,,,,,,,False
2024-05-24,2024,145,2.27091,0,0,True,2023_onward,True,False,False,,,,,,,,,,,,,,,,False
2024-05-25,2024,146,1.9794,0,0,True,2023_onward,True,True,True,1,1,S2B_MSIL2A_20240525T101559_N0510_R065_T34VCM_20240525T130132,S2B,2024-05-25T10:15:59Z,N0510,6,9,0,0,0,1,0,scl3x3_b1_w8_centernotbad_p0_class2zero_v1,erken_s2_observation_mask_v1,True
2024-05-26,2024,147,2.20508,0,0,True,2023_onward,True,False,False,,,,,,,,,,,,,,,,False
2024-05-27,2024,148,1.83835,0,0,True,2023_onward,True,True,True,1,1,S2A_MSIL2A_20240527T100601_N0510_R022_T34VCM_20240527T161753,S2A,2024-05-27T10:06:01Z,N0510,6,9,0,0,0,1,0,scl3x3_b1_w8_centernotbad_p0_class2zero_v1,erken_s2_observation_mask_v1,True
2024-05-28,2024,149,1.80877,0,0,True,2023_onward,True,False,False,,,,,,,,,,,,,,,,False
2024-05-29,2024,150,1.84356,0,0,True,2023_onward,True,False,False,,,,,,,,,,,,,,,,False
2024-05-30,2024,151,1.76819,0,0,True,2023_onward,True,True,True,1,1,S2A_MSIL2A_20240530T102021_N0510_R065_T34VCM_20240530T175752,S2A,2024-05-30T10:20:21Z,N0510,6,9,0,0,0,1,0,scl3x3_b1_w8_centernotbad_p0_class2zero_v1,erken_s2_observation_mask_v1,True
2024-05-31,2024,152,1.35078,0,0,True,2023_onward,True,False,False,,,,,,,,,,,,,,,,False
2024-06-01,2024,153,1.36238,0,0,True,2023_onward,True,True,False,1,0,,,,,,,,,,,,scl3x3_b1_w8_centernotbad_p0_class2zero_v1,erken_s2_observation_mask_v1,False
2024-06-02,2024,154,1.15367,0,0,True,2023_onward,True,False,False,,,,,,,,,,,,,,,,False
2024-06-03,2024,155,1.47833,0,0,True,2023_onward,True,False,False,,,,,,,,,,,,,,,,False
2024-06-04,2024,156,1.32885,0,0,True,2023_onward,True,True,True,1,1,S2B_MSIL2A_20240604T101559_N0510_R065_T34VCM_20240604T130328,S2B,2024-06-04T10:15:59Z,N0510,6,9,0,0,0,1,0,scl3x3_b1_w8_centernotbad_p0_class2zero_v1,erken_s2_observation_mask_v1,True
2024-06-05,2024,157,1.08226,0,0,True,2023_onward,True,False,False,,,,,,,,,,,,,,,,False
2024-06-06,2024,158,1.1987,0,0,True,2023_onward,True,True,True,1,1,S2A_MSIL2A_20240606T100601_N0510_R022_T34VCM_20240606T155900,S2A,2024-06-06T10:06:01Z,N0510,6,9,0,0,0,1,0,scl3x3_b1_w8_centernotbad_p0_class2zero_v1,erken_s2_observation_mask_v1,True
2024-06-07,2024,159,1.14391,0,0,True,2023_onward,True,False,False,,,,,,,,,,,,,,,,False
2024-06-08,2024,160,1.12336,0,0,True,2023_onward,True,False,False,,,,,,,,,,,,,,,,False
2024-06-09,2024,161,1.3083,0,0,True,2023_onward,True,True,True,1,1,S2A_MSIL2A_20240609T102031_N0510_R065_T34VCM_20240609T163346,S2A,2024-06-09T10:20:31Z,N0510,6,9,0,0,0,1,0,scl3x3_b1_w8_centernotbad_p0_class2zero_v1,erken_s2_observation_mask_v1,True
2024-06-10,2024,162,1.4453,0,0,True,2023_onward,True,False,False,,,,,,,,,,,,,,,,False
2024-06-11,2024,163,1.6488,0,0,True,2023_onward,True,True,True,1,1,S2B_MSIL2A_20240611T100559_N0510_R022_T34VCM_20240611T125329,S2B,2024-06-11T10:05:59Z,N0510,6,9,0,0,0,1,0,scl3x3_b1_w8_centernotbad_p0_class2zero_v1,erken_s2_observation_mask_v1,True
2024-06-12,2024,164,1.50159,0,0,True,2023_onward,True,False,False,,,,,,,,,,,,,,,,False
2024-06-13,2024,165,1.78865,0,0,True,2023_onward,True,False,False,,,,,,,,,,,,,,,,False
2024-06-14,2024,166,1.92851,0,0,True,2023_onward,True,True,True,1,1,S2B_MSIL2A_20240614T101559_N0510_R065_T34VCM_20240614T133836,S2B,2024-06-14T10:15:59Z,N0510,6,9,0,0,0,1,0,scl3x3_b1_w8_centernotbad_p0_class2zero_v1,erken_s2_observation_mask_v1,True
2024-06-15,2024,167,1.92115,0,0,True,2023_onward,True,False,False,,,,,,,,,,,,,,,,False
2024-06-16,2024,168,2.41431,0,0,True,2023_onward,True,True,False,1,0,,,,,,,,,,,,scl3x3_b1_w8_centernotbad_p0_class2zero_v1,erken_s2_observation_mask_v1,False
2024-06-17,2024,169,2.0242,0,0,True,2023_onward,True,False,False,,,,,,,,,,,,,,,,False
2024-06-18,2024,170,1.52757,0,0,True,2023_onward,True,False,False,,,,,,,,,,,,,,,,False
2024-06-19,2024,171,1.14059,0,0,True,2023_onward,True,True,False,1,0,,,,,,,,,,,,scl3x3_b1_w8_centernotbad_p0_class2zero_v1,erken_s2_observation_mask_v1,False
2024-06-20,2024,172,1.0917,0,0,True,2023_onward,True,False,False,,,,,,,,,,,,,,,,False
2024-06-21,2024,173,1.00616,0,0,True,2023_onward,True,True,True,1,1,S2B_MSIL2A_20240621T100559_N0510_R022_T34VCM_20240621T130723,S2B,2024-06-21T10:05:59Z,N0510,6,9,0,0,0,1,0,scl3x3_b1_w8_centernotbad_p0_class2zero_v1,erken_s2_observation_mask_v1,True
2024-06-22,2024,174,1.05504,0,0,True,2023_onward,True,False,False,,,,,,,,,,,,,,,,False
2024-06-23,2024,175,0.912468,0,0,True,2023_onward,True,False,False,,,,,,,,,,,,,,,,False
2024-06-24,2024,176,0.93691,0,0,True,2023_onward,True,True,False,1,0,,,,,,,,,,,,scl3x3_b1_w8_centernotbad_p0_class2zero_v1,erken_s2_observation_mask_v1,False
2024-06-25,2024,177,2.31358,0,0,True,2023_onward,True,False,False,,,,,,,,,,,,,,,,False
2024-06-26,2024,178,1.6034,0,0,True,2023_onward,True,True,False,1,0,,,,,,,,,,,,scl3x3_b1_w8_centernotbad_p0_class2zero_v1,erken_s2_observation_mask_v1,False
2024-06-27,2024,179,1.62537,0,0,True,2023_onward,True,False,False,,,,,,,,,,,,,,,,False
2024-06-28,2024,180,1.96948,0,0,True,2023_onward,True,False,False,,,,,,,,,,,,,,,,False
2024-06-29,2024,181,2.11591,0,0,True,2023_onward,True,True,True,1,1,S2A_MSIL2A_20240629T102021_N0510_R065_T34VCM_20240629T134949,S2A,2024-06-29T10:20:21Z,N0510,6,9,0,0,0,1,0,scl3x3_b1_w8_centernotbad_p0_class2zero_v1,erken_s2_observation_mask_v1,True
2024-06-30,2024,182,1.8743,0,0,True,2023_onward,True,False,False,,,,,,,,,,,,,,,,False
2024-07-01,2024,183,1.98412,0,0,True,2023_onward,True,True,False,1,0,,,,,,,,,,,,scl3x3_b1_w8_centernotbad_p0_class2zero_v1,erken_s2_observation_mask_v1,False
2024-07-02,2024,184,8.69337,0,0,True,2023_onward,True,False,False,,,,,,,,,,,,,,,,False
2024-07-03,2024,185,9.36004,0,0,True,2023_onward,True,False,False,,,,,,,,,,,,,,,,False
2024-07-04,2024,186,8.93337,0,0,True,2023_onward,True,True,False,1,0,,,,,,,,,,,,scl3x3_b1_w8_centernotbad_p0_class2zero_v1,erken_s2_observation_mask_v1,False
2024-07-05,2024,187,8.61337,0,0,True,2023_onward,True,False,False,,,,,,,,,,,,,,,,False
2024-07-06,2024,188,11.0134,0,0,True,2023_onward,True,True,False,1,0,,,,,,,,,,,,scl3x3_b1_w8_centernotbad_p0_class2zero_v1,erken_s2_observation_mask_v1,False
2024-07-07,2024,189,11.6267,0,0,True,2023_onward,True,False,False,,,,,,,,,,,,,,,,False
2024-07-08,2024,190,11.9467,0,0,True,2023_onward,True,False,False,,,,,,,,,,,,,,,,False
2024-07-09,2024,191,7.49817,0,0,True,2023_onward,True,True,True,1,1,S2A_MSIL2A_20240709T102031_N0510_R065_T34VCM_20240709T142949,S2A,2024-07-09T10:20:31Z,N0510,6,9,0,0,0,1,0,scl3x3_b1_w8_centernotbad_p0_class2zero_v1,erken_s2_observation_mask_v1,True
2024-07-10,2024,192,10.7175,0,0,True,2023_onward,True,False,False,,,,,,,,,,,,,,,,False
2024-07-11,2024,193,7.27404,0,0,True,2023_onward,True,True,False,1,0,,,,,,,,,,,,scl3x3_b1_w8_centernotbad_p0_class2zero_v1,erken_s2_observation_mask_v1,False
2024-07-12,2024,194,12.4087,0,0,True,2023_onward,True,False,False,,,,,,,,,,,,,,,,False
2024-07-13,2024,195,8.21131,0,0,True,2023_onward,True,False,False,,,,,,,,,,,,,,,,False
2024-07-14,2024,196,7.82418,0,0,True,2023_onward,True,True,False,1,0,,,,,,,,,,,,scl3x3_b1_w8_centernotbad_p0_class2zero_v1,erken_s2_observation_mask_v1,False
2024-07-15,2024,197,9.00595,0,0,True,2023_onward,True,False,False,,,,,,,,,,,,,,,,False
2024-07-16,2024,198,9.67834,0,0,True,2023_onward,True,True,False,1,0,,,,,,,,,,,,scl3x3_b1_w8_centernotbad_p0_class2zero_v1,erken_s2_observation_mask_v1,False
2024-07-17,2024,199,10.3304,0,0,True,2023_onward,True,False,False,,,,,,,,,,,,,,,,False
2024-07-18,2024,200,11.614,0,0,True,2023_onward,True,False,False,,,,,,,,,,,,,,,,False
2024-07-19,2024,201,14.2628,0,0,True,2023_onward,True,True,False,1,0,,,,,,,,,,,,scl3x3_b1_w8_centernotbad_p0_class2zero_v1,erken_s2_observation_mask_v1,False
2024-07-20,2024,202,9.10783,0,0,True,2023_onward,True,False,False,,,,,,,,,,,,,,,,False
2024-07-21,2024,203,11.0231,0,0,True,2023_onward,True,True,True,1,1,S2B_MSIL2A_20240721T100559_N0510_R022_T34VCM_20240721T125344,S2B,2024-07-21T10:05:59Z,N0510,6,9,0,0,0,1,0,scl3x3_b1_w8_centernotbad_p0_class2zero_v1,erken_s2_observation_mask_v1,True
2024-07-22,2024,204,8.43544,0,0,True,2023_onward,True,False,False,,,,,,,,,,,,,,,,False
2024-07-23,2024,205,5.45049,0,0,True,2023_onward,True,False,False,,,,,,,,,,,,,,,,False
2024-07-24,2024,206,5.7839,0,0,True,2023_onward,True,True,False,1,0,,,,,,,,,,,,scl3x3_b1_w8_centernotbad_p0_class2zero_v1,erken_s2_observation_mask_v1,False
2024-07-25,2024,207,4.79817,0,0,True,2023_onward,True,False,False,,,,,,,,,,,,,,,,False
2024-07-26,2024,208,5.14607,0,0,True,2023_onward,True,True,True,1,1,S2A_MSIL2A_20240726T100601_N0511_R022_T34VCM_20240726T173850,S2A,2024-07-26T10:06:01Z,N0511,6,9,0,0,0,1,0,scl3x3_b1_w8_centernotbad_p0_class2zero_v1,erken_s2_observation_mask_v1,True
2024-07-27,2024,209,5.43599,0,0,True,2023_onward,True,False,False,,,,,,,,,,,,,,,,False
2024-07-28,2024,210,5.7694,0,0,True,2023_onward,True,False,False,,,,,,,,,,,,,,,,False
2024-07-29,2024,211,6.1463,0,0,True,2023_onward,True,True,False,1,0,,,,,,,,,,,,scl3x3_b1_w8_centernotbad_p0_class2zero_v1,erken_s2_observation_mask_v1,False
2024-07-30,2024,212,13.7544,0,0,True,2023_onward,True,False,False,,,,,,,,,,,,,,,,False
2024-07-31,2024,213,10.322,0,0,True,2023_onward,True,True,False,1,0,,,,,,,,,,,,scl3x3_b1_w8_centernotbad_p0_class2zero_v1,erken_s2_observation_mask_v1,False
2024-08-01,2024,214,10.7418,0,0,True,2023_onward,True,False,False,,,,,,,,,,,,,,,,False
2024-08-02,2024,215,14.7174,0,0,True,2023_onward,True,False,False,,,,,,,,,,,,,,,,False
2024-08-03,2024,216,11.1862,0,0,True,2023_onward,True,True,False,1,0,,,,,,,,,,,,scl3x3_b1_w8_centernotbad_p0_class2zero_v1,erken_s2_observation_mask_v1,False
2024-08-04,2024,217,11.9517,0,0,True,2023_onward,True,False,False,,,,,,,,,,,,,,,,False
2024-08-05,2024,218,9.60585,0,0,True,2023_onward,True,True,False,1,0,,,,,,,,,,,,scl3x3_b1_w8_centernotbad_p0_class2zero_v1,erken_s2_observation_mask_v1,False
2024-08-06,2024,219,7.51059,0,0,True,2023_onward,True,False,False,,,,,,,,,,,,,,,,False
2024-08-07,2024,220,6.40609,0,0,True,2023_onward,True,False,False,,,,,,,,,,,,,,,,False
2024-08-08,2024,221,8.39419,0,0,True,2023_onward,True,True,False,1,0,,,,,,,,,,,,scl3x3_b1_w8_centernotbad_p0_class2zero_v1,erken_s2_observation_mask_v1,False
2024-08-09,2024,222,7.97247,0,0,True,2023_onward,True,False,False,,,,,,,,,,,,,,,,False
2024-08-10,2024,223,8.33394,0,0,True,2023_onward,True,True,False,1,0,,,,,,,,,,,,scl3x3_b1_w8_centernotbad_p0_class2zero_v1,erken_s2_observation_mask_v1,False
2024-08-11,2024,224,14.479,0,0,True,2023_onward,True,False,False,,,,,,,,,,,,,,,,False
2024-08-12,2024,225,18.7564,0,0,True,2023_onward,True,False,False,,,,,,,,,,,,,,,,False
2024-08-13,2024,226,12.441,0,0,True,2023_onward,True,True,True,1,1,S2B_MSIL2A_20240813T101559_N0511_R065_T34VCM_20240813T133715,S2B,2024-08-13T10:15:59Z,N0511,6,9,0,0,0,1,0,scl3x3_b1_w8_centernotbad_p0_class2zero_v1,erken_s2_observation_mask_v1,True
2024-08-14,2024,227,7.19081,0,0,True,2023_onward,True,False,False,,,,,,,,,,,,,,,,False
2024-08-15,2024,228,8.10916,0,0,True,2023_onward,True,True,False,1,0,,,,,,,,,,,,scl3x3_b1_w8_centernotbad_p0_class2zero_v1,erken_s2_observation_mask_v1,False
2024-08-16,2024,229,8.19579,0,0,True,2023_onward,True,False,False,,,,,,,,,,,,,,,,False
2024-08-17,2024,230,15.5599,0,0,True,2023_onward,True,False,False,,,,,,,,,,,,,,,,False
2024-08-18,2024,231,14.5549,0,0,True,2023_onward,True,True,True,1,1,S2A_MSIL2A_20240818T102021_N0511_R065_T34VCM_20240818T140657,S2A,2024-08-18T10:20:21Z,N0511,6,9,0,0,0,1,0,scl3x3_b1_w8_centernotbad_p0_class2zero_v1,erken_s2_observation_mask_v1,True
2024-08-19,2024,232,21.0353,0,0,True,2023_onward,True,False,False,,,,,,,,,,,,,,,,False
2024-08-20,2024,233,18.3159,0,0,True,2023_onward,True,True,True,1,1,S2B_MSIL2A_20240820T100559_N0511_R022_T34VCM_20240820T130319,S2B,2024-08-20T10:05:59Z,N0511,6,9,0,0,0,1,0,scl3x3_b1_w8_centernotbad_p0_class2zero_v1,erken_s2_observation_mask_v1,True
2024-08-21,2024,234,25.3337,0,0,True,2023_onward,True,False,False,,,,,,,,,,,,,,,,False
2024-08-22,2024,235,22.7704,0,0,True,2023_onward,True,False,False,,,,,,,,,,,,,,,,False
2024-08-23,2024,236,29.4647,0,0,True,2023_onward,True,True,False,1,0,,,,,,,,,,,,scl3x3_b1_w8_centernotbad_p0_class2zero_v1,erken_s2_observation_mask_v1,False
2024-08-24,2024,237,19.4855,0,0,True,2023_onward,True,False,False,,,,,,,,,,,,,,,,False
2024-08-25,2024,238,13.8862,0,0,True,2023_onward,True,True,False,1,0,,,,,,,,,,,,scl3x3_b1_w8_centernotbad_p0_class2zero_v1,erken_s2_observation_mask_v1,False
2024-08-26,2024,239,15.3047,0,0,True,2023_onward,True,False,False,,,,,,,,,,,,,,,,False
2024-08-27,2024,240,13.0401,0,0,True,2023_onward,True,False,False,,,,,,,,,,,,,,,,False
2024-08-28,2024,241,9.31973,0,0,True,2023_onward,True,True,True,1,1,S2A_MSIL2A_20240828T102021_N0511_R065_T34VCM_20240828T150452,S2A,2024-08-28T10:20:21Z,N0511,6,9,0,0,0,1,0,scl3x3_b1_w8_centernotbad_p0_class2zero_v1,erken_s2_observation_mask_v1,True
2024-08-29,2024,242,13.3525,0,0,True,2023_onward,True,False,False,,,,,,,,,,,,,,,,False
2024-08-30,2024,243,18.2535,0,0,True,2023_onward,True,True,False,1,0,,,,,,,,,,,,scl3x3_b1_w8_centernotbad_p0_class2zero_v1,erken_s2_observation_mask_v1,False
2024-08-31,2024,244,35.7739,0,0,True,2023_onward,True,False,False,,,,,,,,,,,,,,,,False
2024-09-01,2024,245,15.6294,0,0,True,2023_onward,True,False,False,,,,,,,,,,,,,,,,False
2024-09-02,2024,246,15.2434,0,0,True,2023_onward,True,True,False,1,0,,,,,,,,,,,,scl3x3_b1_w8_centernotbad_p0_class2zero_v1,erken_s2_observation_mask_v1,False
2024-09-03,2024,247,21.2712,0,0,True,2023_onward,True,False,False,,,,,,,,,,,,,,,,False
2024-09-04,2024,248,27.1976,0,0,True,2023_onward,True,True,True,1,1,S2A_MSIL2A_20240904T100551_N0511_R022_T34VCM_20240904T154147,S2A,2024-09-04T10:05:51Z,N0511,6,9,0,0,0,1,0,scl3x3_b1_w8_centernotbad_p0_class2zero_v1,erken_s2_observation_mask_v1,True
2024-09-05,2024,249,11.4102,0,0,True,2023_onward,True,False,False,,,,,,,,,,,,,,,,False
2024-09-06,2024,250,10.7217,0,0,True,2023_onward,True,False,False,,,,,,,,,,,,,,,,False
2024-09-07,2024,251,14.6808,0,0,True,2023_onward,True,True,True,1,1,S2A_MSIL2A_20240907T102021_N0511_R065_T34VCM_20240907T143052,S2A,2024-09-07T10:20:21Z,N0511,6,9,0,0,0,1,0,scl3x3_b1_w8_centernotbad_p0_class2zero_v1,erken_s2_observation_mask_v1,True
2024-09-08,2024,252,15.0251,0,0,True,2023_onward,True,False,False,,,,,,,,,,,,,,,,False
2024-09-09,2024,253,15.7628,0,0,True,2023_onward,True,True,False,1,0,,,,,,,,,,,,scl3x3_b1_w8_centernotbad_p0_class2zero_v1,erken_s2_observation_mask_v1,False
2024-09-10,2024,254,13.648,0,0,True,2023_onward,True,False,False,,,,,,,,,,,,,,,,False
2024-09-11,2024,255,13.5378,0,0,True,2023_onward,True,False,False,,,,,,,,,,,,,,,,False
2024-09-12,2024,256,10.9353,0,0,True,2023_onward,True,True,True,1,1,S2B_MSIL2A_20240912T102019_N0511_R065_T34VCM_20240912T175037,S2B,2024-09-12T10:20:19Z,N0511,6,9,0,0,0,1,0,scl3x3_b1_w8_centernotbad_p0_class2zero_v1,erken_s2_observation_mask_v1,True
2024-09-13,2024,257,15.2843,0,0,True,2023_onward,True,False,False,,,,,,,,,,,,,,,,False
2024-09-14,2024,258,26.836,0,0,True,2023_onward,True,True,True,1,1,S2A_MSIL2A_20240914T100631_N0511_R022_T34VCM_20240914T145600,S2A,2024-09-14T10:06:31Z,N0511,6,9,0,0,0,1,0,scl3x3_b1_w8_centernotbad_p0_class2zero_v1,erken_s2_observation_mask_v1,True
2024-09-15,2024,259,6.72326,0,0,True,2023_onward,True,False,False,,,,,,,,,,,,,,,,False
2024-09-16,2024,260,5.26218,0,0,True,2023_onward,True,False,False,,,,,,,,,,,,,,,,False
2024-09-17,2024,261,2.871,0,0,True,2023_onward,True,True,False,1,0,,,,,,,,,,,,scl3x3_b1_w8_centernotbad_p0_class2zero_v1,erken_s2_observation_mask_v1,False
2024-09-18,2024,262,3.28205,0,0,True,2023_onward,True,False,False,,,,,,,,,,,,,,,,False
2024-09-19,2024,263,3.73104,0,0,True,2023_onward,True,True,True,1,1,S2B_MSIL2A_20240919T101019_N0511_R022_T34VCM_20240919T141852,S2B,2024-09-19T10:10:19Z,N0511,6,9,0,0,0,1,0,scl3x3_b1_w8_centernotbad_p0_class2zero_v1,erken_s2_observation_mask_v1,True
2024-09-20,2024,264,3.1366,0,0,True,2023_onward,True,False,False,,,,,,,,,,,,,,,,False
2024-09-21,2024,265,4.37606,0,0,True,2023_onward,True,False,False,,,,,,,,,,,,,,,,False
2024-09-22,2024,266,3.38323,0,0,True,2023_onward,True,True,False,1,0,,,,,,,,,,,,scl3x3_b1_w8_centernotbad_p0_class2zero_v1,erken_s2_observation_mask_v1,False
2024-09-23,2024,267,3.93972,0,0,True,2023_onward,True,False,False,,,,,,,,,,,,,,,,False
2024-09-24,2024,268,5.13054,0,0,True,2023_onward,True,True,False,1,0,,,,,,,,,,,,scl3x3_b1_w8_centernotbad_p0_class2zero_v1,erken_s2_observation_mask_v1,False
2024-09-25,2024,269,6.07238,0,0,True,2023_onward,True,False,False,,,,,,,,,,,,,,,,False
2024-09-26,2024,270,4.61005,0,0,True,2023_onward,True,False,False,,,,,,,,,,,,,,,,False
2024-09-27,2024,271,4.22588,0,0,True,2023_onward,True,True,False,1,0,,,,,,,,,,,,scl3x3_b1_w8_centernotbad_p0_class2zero_v1,erken_s2_observation_mask_v1,False
2024-09-28,2024,272,3.19729,0,0,True,2023_onward,True,False,False,,,,,,,,,,,,,,,,False
2024-09-29,2024,273,3.20969,0,0,True,2023_onward,True,True,True,1,1,S2B_MSIL2A_20240929T100719_N0511_R022_T34VCM_20240929T133706,S2B,2024-09-29T10:07:19Z,N0511,6,9,0,0,0,1,0,scl3x3_b1_w8_centernotbad_p0_class2zero_v1,erken_s2_observation_mask_v1,True
2024-09-30,2024,274,3.91606,0,0,True,2023_onward,True,False,False,,,,,,,,,,,,,,,,False
2024-10-01,2024,275,4.12674,0,0,True,2023_onward,True,False,False,,,,,,,,,,,,,,,,False
2024-10-02,2024,276,3.92846,0,0,True,2023_onward,True,True,False,1,0,,,,,,,,,,,,scl3x3_b1_w8_centernotbad_p0_class2zero_v1,erken_s2_observation_mask_v1,False
2024-10-03,2024,277,3.42036,0,0,True,2023_onward,True,False,False,,,,,,,,,,,,,,,,False
2024-10-04,2024,278,3.40797,0,0,True,2023_onward,True,True,True,1,1,S2A_MSIL2A_20241004T100851_N0511_R022_T34VCM_20241004T121647,S2A,2024-10-04T10:08:51Z,N0511,6,9,0,0,0,1,0,scl3x3_b1_w8_centernotbad_p0_class2zero_v1,erken_s2_observation_mask_v1,True
2024-10-05,2024,279,3.66821,0,0,True,2023_onward,True,False,False,,,,,,,,,,,,,,,,False
2024-10-06,2024,280,3.46993,0,0,True,2023_onward,True,False,False,,,,,,,,,,,,,,,,False
2024-10-07,2024,281,3.63103,0,0,True,2023_onward,True,True,True,1,1,S2A_MSIL2A_20241007T101921_N0511_R065_T34VCM_20241007T145846,S2A,2024-10-07T10:19:21Z,N0511,6,9,0,0,0,1,0,scl3x3_b1_w8_centernotbad_p0_class2zero_v1,erken_s2_observation_mask_v1,True
2024-10-08,2024,282,3.06972,0,0,True,2023_onward,True,False,False,,,,,,,,,,,,,,,,False
2024-10-09,2024,283,3.00953,0,0,True,2023_onward,True,True,False,1,0,,,,,,,,,,,,scl3x3_b1_w8_centernotbad_p0_class2zero_v1,erken_s2_observation_mask_v1,False
2024-10-10,2024,284,2.84902,0,0,True,2023_onward,True,False,False,,,,,,,,,,,,,,,,False
2024-10-11,2024,285,2.32737,0,0,True,2023_onward,True,False,False,,,,,,,,,,,,,,,,False
2024-10-12,2024,286,2.48788,0,0,True,2023_onward,True,True,True,1,1,S2B_MSIL2A_20241012T101859_N0511_R065_T34VCM_20241012T143335,S2B,2024-10-12T10:18:59Z,N0511,6,9,0,0,0,1,0,scl3x3_b1_w8_centernotbad_p0_class2zero_v1,erken_s2_observation_mask_v1,True
2024-10-13,2024,287,2.34743,0,0,True,2023_onward,True,False,False,,,,,,,,,,,,,,,,False
2024-10-14,2024,288,2.70858,0,0,True,2023_onward,True,True,False,1,0,,,,,,,,,,,,scl3x3_b1_w8_centernotbad_p0_class2zero_v1,erken_s2_observation_mask_v1,False
2024-10-15,2024,289,2.5882,0,0,True,2023_onward,True,False,False,,,,,,,,,,,,,,,,False
2024-10-16,2024,290,2.5581,0,0,True,2023_onward,True,False,False,,,,,,,,,,,,,,,,False
2024-10-17,2024,291,2.72864,0,0,True,2023_onward,True,True,True,1,1,S2A_MSIL2A_20241017T102021_N0511_R065_T34VCM_20241017T143350,S2A,2024-10-17T10:20:21Z,N0511,6,9,0,0,0,1,0,scl3x3_b1_w8_centernotbad_p0_class2zero_v1,erken_s2_observation_mask_v1,True
2024-10-18,2024,292,2.61829,0,0,True,2023_onward,True,False,False,,,,,,,,,,,,,,,,False
2024-10-19,2024,293,3.00953,0,0,True,2023_onward,True,True,True,1,1,S2B_MSIL2A_20241019T100939_N0511_R022_T34VCM_20241019T123549,S2B,2024-10-19T10:09:39Z,N0511,6,9,0,0,0,1,0,scl3x3_b1_w8_centernotbad_p0_class2zero_v1,erken_s2_observation_mask_v1,True
2024-10-20,2024,294,2.64839,0,0,True,2023_onward,True,False,False,,,,,,,,,,,,,,,,False
2024-10-21,2024,295,2.75874,0,0,True,2023_onward,True,False,False,,,,,,,,,,,,,,,,False
2024-10-22,2024,296,3.19095,0,0,True,2023_onward,True,True,False,1,0,,,,,,,,,,,,scl3x3_b1_w8_centernotbad_p0_class2zero_v1,erken_s2_observation_mask_v1,False
2024-10-23,2024,297,3.76332,0,0,True,2023_onward,True,False,False,,,,,,,,,,,,,,,,False
2024-10-24,2024,298,3.67746,0,0,True,2023_onward,True,True,True,1,1,S2A_MSIL2A_20241024T101101_N0511_R022_T34VCM_20241024T122648,S2A,2024-10-24T10:11:01Z,N0511,6,9,0,0,0,1,0,scl3x3_b1_w8_centernotbad_p0_class2zero_v1,erken_s2_observation_mask_v1,True
2024-10-25,2024,299,3.76332,0,0,True,2023_onward,True,False,False,,,,,,,,,,,,,,,,False
2024-10-26,2024,300,4.30707,0,0,True,2023_onward,True,False,False,,,,,,,,,,,,,,,,False
2024-10-27,2024,301,4.16398,0,0,True,2023_onward,True,True,False,1,0,,,,,,,,,,,,scl3x3_b1_w8_centernotbad_p0_class2zero_v1,erken_s2_observation_mask_v1,False
2024-10-28,2024,302,3.5773,0,0,True,2023_onward,True,False,False,,,,,,,,,,,,,,,,False
2024-10-29,2024,303,3.87779,0,0,True,2023_onward,True,True,False,1,0,,,,,,,,,,,,scl3x3_b1_w8_centernotbad_p0_class2zero_v1,erken_s2_observation_mask_v1,False
2024-10-30,2024,304,3.53437,0,0,True,2023_onward,True,False,False,,,,,,,,,,,,,,,,False
2024-10-31,2024,305,3.86348,0,0,True,2023_onward,True,False,False,,,,,,,,,,,,,,,,False
2024-11-01,2024,306,3.72039,0,0,True,2023_onward,True,True,False,1,0,,,,,,,,,,,,scl3x3_b1_w8_centernotbad_p0_class2zero_v1,erken_s2_observation_mask_v1,False
2024-11-02,2024,307,3.70608,0,0,True,2023_onward,True,False,False,,,,,,,,,,,,,,,,False
2024-11-03,2024,308,3.69177,0,0,True,2023_onward,True,True,False,1,0,,,,,,,,,,,,scl3x3_b1_w8_centernotbad_p0_class2zero_v1,erken_s2_observation_mask_v1,False
2024-11-04,2024,309,3.77763,0,0,True,2023_onward,True,False,False,,,,,,,,,,,,,,,,False
2024-11-05,2024,310,2.8046,0,0,True,2023_onward,True,False,False,,,,,,,,,,,,,,,,False
2024-11-06,2024,311,3.20526,0,0,True,2023_onward,True,True,False,1,0,,,,,,,,,,,,scl3x3_b1_w8_centernotbad_p0_class2zero_v1,erken_s2_observation_mask_v1,False
2024-11-07,2024,312,3.37697,0,0,True,2023_onward,True,False,False,,,,,,,,,,,,,,,,False
2024-11-08,2024,313,2.27516,0,0,True,2023_onward,True,True,True,1,1,S2B_MSIL2A_20241108T101129_N0511_R022_T34VCM_20241108T112954,S2B,2024-11-08T10:11:29Z,N0511,6,9,0,0,0,1,0,scl3x3_b1_w8_centernotbad_p0_class2zero_v1,erken_s2_observation_mask_v1,True
2024-11-09,2024,314,3.16233,0,0,True,2023_onward,True,False,False,,,,,,,,,,,,,,,,False
2024-11-10,2024,315,2.77598,0,0,True,2023_onward,True,False,False,,,,,,,,,,,,,,,,False
2024-11-11,2024,316,2.69013,0,0,True,2023_onward,True,True,False,1,0,,,,,,,,,,,,scl3x3_b1_w8_centernotbad_p0_class2zero_v1,erken_s2_observation_mask_v1,False
2024-11-12,2024,317,2.21351,0,0,True,2023_onward,True,False,False,,,,,,,,,,,,,,,,False
2024-11-13,2024,318,2.34685,0,0,True,2023_onward,True,True,True,1,1,S2A_MSIL2A_20241113T101251_N0511_R022_T34VCM_20241113T142853,S2A,2024-11-13T10:12:51Z,N0511,6,9,0,0,0,1,0,scl3x3_b1_w8_centernotbad_p0_class2zero_v1,erken_s2_observation_mask_v1,True
2024-11-14,2024,319,3.85363,0,0,True,2023_onward,True,False,False,,,,,,,,,,,,,,,,False
2024-11-15,2024,320,2.45352,0,0,True,2023_onward,True,False,False,,,,,,,,,,,,,,,,False
2024-11-16,2024,321,2.34685,0,0,True,2023_onward,True,True,False,1,0,,,,,,,,,,,,scl3x3_b1_w8_centernotbad_p0_class2zero_v1,erken_s2_observation_mask_v1,False
2024-11-17,2024,322,3.57361,0,0,True,2023_onward,True,False,False,,,,,,,,,,,,,,,,False
2024-11-18,2024,323,2.78688,0,0,True,2023_onward,True,True,False,1,0,,,,,,,,,,,,scl3x3_b1_w8_centernotbad_p0_class2zero_v1,erken_s2_observation_mask_v1,False
2024-11-19,2024,324,3.05357,0,0,True,2023_onward,True,False,False,,,,,,,,,,,,,,,,False
2024-11-20,2024,325,3.50694,0,0,True,2023_onward,True,False,False,,,,,,,,,,,,,,,,False
2024-11-21,2024,326,2.57353,0,0,True,2023_onward,True,True,False,1,0,,,,,,,,,,,,scl3x3_b1_w8_centernotbad_p0_class2zero_v1,erken_s2_observation_mask_v1,False
2024-11-22,2024,327,3.72029,0,0,True,2023_onward,True,False,False,,,,,,,,,,,,,,,,False
2024-11-23,2024,328,3.4136,0,0,True,2023_onward,True,False,False,,,,,,,,,,,,,,,,False
2024-11-24,2024,329,1.96015,0,0,True,2023_onward,True,False,False,,,,,,,,,,,,,,,,False
2024-11-25,2024,330,2.86689,0,0,True,2023_onward,True,False,False,,,,,,,,,,,,,,,,False
2024-11-26,2024,331,3.74696,0,0,True,2023_onward,True,True,True,1,1,S2A_MSIL2A_20241126T102351_N0511_R065_T34VCM_20241126T111848,S2A,2024-11-26T10:23:51Z,N0511,6,9,0,0,0,1,0,scl3x3_b1_w8_centernotbad_p0_class2zero_v1,erken_s2_observation_mask_v1,True
2024-11-27,2024,332,2.32708,0,0,True,2023_onward,True,False,False,,,,,,,,,,,,,,,,False
2024-11-28,2024,333,2.8471,0,0,True,2023_onward,True,True,True,1,1,S2B_MSIL2A_20241128T101259_N0511_R022_T34VCM_20241128T112016,S2B,2024-11-28T10:12:59Z,N0511,6,9,0,0,0,1,0,scl3x3_b1_w8_centernotbad_p0_class2zero_v1,erken_s2_observation_mask_v1,True
2024-11-29,2024,334,3.15912,0,0,True,2023_onward,True,False,False,,,,,,,,,,,,,,,,False
2024-11-30,2024,335,2.34009,0,0,True,2023_onward,True,False,False,,,,,,,,,,,,,,,,False
2024-12-01,2024,336,2.7561,0,0,True,2023_onward,True,True,False,1,0,,,,,,,,,,,,scl3x3_b1_w8_centernotbad_p0_class2zero_v1,erken_s2_observation_mask_v1,False
2024-12-02,2024,337,2.50909,0,0,True,2023_onward,True,False,False,,,,,,,,,,,,,,,,False
2024-12-03,2024,338,2.26208,0,0,True,2023_onward,True,False,False,,,,,,,,,,,,,,,,False
2024-12-04,2024,339,4.62817,0,0,True,2023_onward,True,False,False,,,,,,,,,,,,,,,,False
2024-12-05,2024,340,2.52209,0,0,True,2023_onward,True,False,False,,,,,,,,,,,,,,,,False
2024-12-06,2024,341,2.32708,0,0,True,2023_onward,True,False,False,,,,,,,,,,,,,,,,False
2024-12-07,2024,342,2.18408,0,0,True,2023_onward,True,False,False,,,,,,,,,,,,,,,,False
2024-12-08,2024,343,2.04107,0,0,True,2023_onward,True,True,False,1,0,,,,,,,,,,,,scl3x3_b1_w8_centernotbad_p0_class2zero_v1,erken_s2_observation_mask_v1,False
2024-12-09,2024,344,3.09411,0,0,True,2023_onward,True,False,False,,,,,,,,,,,,,,,,False
2024-12-10,2024,345,1.95417,0,0,True,2023_onward,True,False,False,,,,,,,,,,,,,,,,False
2024-12-11,2024,346,2.50193,0,0,True,2023_onward,True,True,False,1,0,,,,,,,,,,,,scl3x3_b1_w8_centernotbad_p0_class2zero_v1,erken_s2_observation_mask_v1,False
2024-12-12,2024,347,2.32428,0,0,True,2023_onward,True,False,False,,,,,,,,,,,,,,,,False
2024-12-13,2024,348,2.7388,0,0,True,2023_onward,True,False,False,,,,,,,,,,,,,,,,False
2024-12-14,2024,349,2.3835,0,0,True,2023_onward,True,False,False,,,,,,,,,,,,,,,,False
2024-12-15,2024,350,1.93937,0,0,True,2023_onward,True,False,False,,,,,,,,,,,,,,,,False
2024-12-16,2024,351,3.67147,0,0,True,2023_onward,True,False,False,,,,,,,,,,,,,,,,False
2024-12-17,2024,352,3.06449,0,0,True,2023_onward,True,False,False,,,,,,,,,,,,,,,,False
2024-12-18,2024,353,2.02819,0,0,True,2023_onward,True,True,False,1,0,,,,,,,,,,,,scl3x3_b1_w8_centernotbad_p0_class2zero_v1,erken_s2_observation_mask_v1,False
2024-12-19,2024,354,2.02819,0,0,True,2023_onward,True,False,False,,,,,,,,,,,,,,,,False
2024-12-20,2024,355,2.23545,0,0,True,2023_onward,True,False,False,,,,,,,,,,,,,,,,False
2024-12-21,2024,356,4.82621,0,0,True,2023_onward,True,True,False,1,0,,,,,,,,,,,,scl3x3_b1_w8_centernotbad_p0_class2zero_v1,erken_s2_observation_mask_v1,False
2024-12-22,2024,357,2.90165,0,0,True,2023_onward,True,False,False,,,,,,,,,,,,,,,,False
2024-12-23,2024,358,2.043,0,0,True,2023_onward,True,False,False,,,,,,,,,,,,,,,,False
2024-12-24,2024,359,3.81951,0,0,True,2023_onward,True,False,False,,,,,,,,,,,,,,,,False
2024-12-25,2024,360,2.97567,0,0,True,2023_onward,True,False,False,,,,,,,,,,,,,,,,False
2024-12-26,2024,361,5.06308,0,0,True,2023_onward,True,False,False,,,,,,,,,,,,,,,,False
2024-12-27,2024,362,1.90976,0,0,True,2023_onward,True,False,False,,,,,,,,,,,,,,,,False
2024-12-28,2024,363,2.10221,0,0,True,2023_onward,True,True,False,1,0,,,,,,,,,,,,scl3x3_b1_w8_centernotbad_p0_class2zero_v1,erken_s2_observation_mask_v1,False
2024-12-29,2024,364,2.69439,0,0,True,2023_onward,True,False,False,,,,,,,,,,,,,,,,False
2024-12-30,2024,365,2.35389,0,0,True,2023_onward,True,False,False,,,,,,,,,,,,,,,,False
2024-12-31,2024,366,4.21923,0,0,True,2023_onward,True,True,False,1,0,,,,,,,,,,,,scl3x3_b1_w8_centernotbad_p0_class2zero_v1,erken_s2_observation_mask_v1,False
2025-01-01,2025,1,3.01936,0,0,True,2023_onward,True,False,False,,,,,,,,,,,,,,,,False
2025-01-02,2025,2,3.0251,0,0,True,2023_onward,True,False,False,,,,,,,,,,,,,,,,False
2025-01-03,2025,3,3.03085,0,0,True,2023_onward,True,False,False,,,,,,,,,,,,,,,,False
2025-01-04,2025,4,3.03659,0,0,True,2023_onward,True,False,False,,,,,,,,,,,,,,,,False
2025-01-05,2025,5,3.04233,0,0,True,2023_onward,True,False,False,,,,,,,,,,,,,,,,False
2025-01-06,2025,6,2.45752,0,0,True,2023_onward,True,False,False,,,,,,,,,,,,,,,,False
2025-01-07,2025,7,2.3983,1,1,False,2023_onward,True,True,False,1,0,,,,,,,,,,,,scl3x3_b1_w8_centernotbad_p0_class2zero_v1,erken_s2_observation_mask_v1,False
2025-01-08,2025,8,2.3983,1,1,False,2023_onward,True,False,False,,,,,,,,,,,,,,,,False
2025-01-09,2025,9,2.90165,1,1,False,2023_onward,True,False,False,,,,,,,,,,,,,,,,False
2025-01-10,2025,10,3.50862,1,1,False,2023_onward,True,True,False,1,0,,,,,,,,,,,,scl3x3_b1_w8_centernotbad_p0_class2zero_v1,erken_s2_observation_mask_v1,False
2025-01-11,2025,11,3.00528,1,1,False,2023_onward,True,False,False,,,,,,,,,,,,,,,,False
2025-01-12,2025,12,2.7536,1,1,False,2023_onward,True,False,False,,,,,,,,,,,,,,,,False
2025-01-13,2025,13,3.0941,1,1,False,2023_onward,True,False,False,,,,,,,,,,,,,,,,False
2025-01-14,2025,14,0.0296086,1,1,False,2023_onward,True,False,False,,,,,,,,,,,,,,,,False
2025-01-15,2025,15,0.0740216,1,1,False,2023_onward,True,True,False,1,0,,,,,,,,,,,,scl3x3_b1_w8_centernotbad_p0_class2zero_v1,erken_s2_observation_mask_v1,False
2025-01-16,2025,16,0.044413,1,1,False,2023_onward,True,False,False,,,,,,,,,,,,,,,,False
2025-01-17,2025,17,0.044413,1,1,False,2023_onward,True,True,False,1,0,,,,,,,,,,,,scl3x3_b1_w8_centernotbad_p0_class2zero_v1,erken_s2_observation_mask_v1,False
2025-01-18,2025,18,0.666194,1,1,False,2023_onward,True,False,False,,,,,,,,,,,,,,,,False
2025-01-19,2025,19,0.577368,1,1,False,2023_onward,True,False,False,,,,,,,,,,,,,,,,False
2025-01-20,2025,20,0.725412,1,1,False,2023_onward,True,True,True,1,1,S2B_MSIL2A_20250120T102239_N0511_R065_T34VCM_20250120T130540,S2B,2025-01-20T10:22:39Z,N0511,6,9,0,0,0,1,0,scl3x3_b1_w8_centernotbad_p0_class2zero_v1,erken_s2_observation_mask_v1,False
2025-01-21,2025,21,2.87204,1,1,False,2023_onward,True,False,False,,,,,,,,,,,,,,,,False
2025-01-22,2025,22,4.30806,1,1,False,2023_onward,True,True,False,1,0,,,,,,,,,,,,scl3x3_b1_w8_centernotbad_p0_class2zero_v1,erken_s2_observation_mask_v1,False
2025-01-23,2025,23,3.70108,1,1,False,2023_onward,True,False,False,,,,,,,,,,,,,,,,False
2025-01-24,2025,24,3.04969,1,1,False,2023_onward,True,False,False,,,,,,,,,,,,,,,,False
2025-01-25,2025,25,4.70777,1,1,False,2023_onward,True,True,True,1,1,S2C_MSIL2A_20250125T102341_N0511_R065_T34VCM_20250125T134454,S2C,2025-01-25T10:23:41Z,N0511,6,9,0,0,0,1,0,scl3x3_b1_w8_centernotbad_p0_class2zero_v1,erken_s2_observation_mask_v1,False
2025-01-26,2025,26,5.1371,1,1,False,2023_onward,True,False,False,,,,,,,,,,,,,,,,False
2025-01-27,2025,27,4.4561,1,1,False,2023_onward,True,True,True,1,1,S2B_MSIL2A_20250127T101209_N0511_R022_T34VCM_20250127T130241,S2B,2025-01-27T10:12:09Z,N0511,6,9,0,0,0,1,0,scl3x3_b1_w8_centernotbad_p0_class2zero_v1,erken_s2_observation_mask_v1,False
2025-01-28,2025,28,4.60414,1,1,False,2023_onward,True,False,False,,,,,,,,,,,,,,,,False
2025-01-29,2025,29,6.66194,1,1,False,2023_onward,True,False,False,,,,,,,,,,,,,,,,False
2025-01-30,2025,30,5.1519,1,1,False,2023_onward,True,True,False,1,0,,,,,,,,,,,,scl3x3_b1_w8_centernotbad_p0_class2zero_v1,erken_s2_observation_mask_v1,False
2025-01-31,2025,31,5.62564,1,1,False,2023_onward,True,False,False,,,,,,,,,,,,,,,,False
2025-02-01,2025,32,4.91503,1,1,False,2023_onward,True,True,False,1,0,,,,,,,,,,,,scl3x3_b1_w8_centernotbad_p0_class2zero_v1,erken_s2_observation_mask_v1,False
2025-02-02,2025,33,4.23403,1,1,False,2023_onward,True,False,False,,,,,,,,,,,,,,,,False
2025-02-03,2025,34,4.1304,1,1,False,2023_onward,True,False,False,,,,,,,,,,,,,,,,False
2025-02-04,2025,35,5.09269,1,1,False,2023_onward,True,True,False,1,0,,,,,,,,,,,,scl3x3_b1_w8_centernotbad_p0_class2zero_v1,erken_s2_observation_mask_v1,False
2025-02-05,2025,36,5.37397,1,1,False,2023_onward,True,False,False,,,,,,,,,,,,,,,,False
2025-02-06,2025,37,4.29325,1,1,False,2023_onward,True,True,True,1,1,S2B_MSIL2A_20250206T101109_N0511_R022_T34VCM_20250206T122414,S2B,2025-02-06T10:11:09Z,N0511,6,9,0,0,0,1,0,scl3x3_b1_w8_centernotbad_p0_class2zero_v1,erken_s2_observation_mask_v1,False
2025-02-07,2025,38,4.17482,1,1,False,2023_onward,True,False,False,,,,,,,,,,,,,,,,False
2025-02-08,2025,39,6.38066,1,1,False,2023_onward,True,False,False,,,,,,,,,,,,,,,,False
2025-02-09,2025,40,6.02536,1,1,False,2023_onward,True,True,False,1,0,,,,,,,,,,,,scl3x3_b1_w8_centernotbad_p0_class2zero_v1,erken_s2_observation_mask_v1,False
2025-02-10,2025,41,5.10749,1,1,False,2023_onward,True,False,False,,,,,,,,,,,,,,,,False
2025-02-11,2025,42,2.19856,1,1,False,2023_onward,True,True,True,1,1,S2C_MSIL2A_20250211T101201_N0511_R022_T34VCM_20250211T142256,S2C,2025-02-11T10:12:01Z,N0511,6,9,0,0,0,1,0,scl3x3_b1_w8_centernotbad_p0_class2zero_v1,erken_s2_observation_mask_v1,False
2025-02-12,2025,43,1.6804,1,1,False,2023_onward,True,False,False,,,,,,,,,,,,,,,,False
2025-02-13,2025,44,1.97096,1,1,False,2023_onward,True,False,False,,,,,,,,,,,,,,,,False
2025-02-14,2025,45,2.53755,1,1,False,2023_onward,True,True,False,1,0,,,,,,,,,,,,scl3x3_b1_w8_centernotbad_p0_class2zero_v1,erken_s2_observation_mask_v1,False
2025-02-15,2025,46,1.88379,1,1,False,2023_onward,True,False,False,,,,,,,,,,,,,,,,False
2025-02-16,2025,47,1.44795,1,1,False,2023_onward,True,True,False,1,0,,,,,,,,,,,,scl3x3_b1_w8_centernotbad_p0_class2zero_v1,erken_s2_observation_mask_v1,False
2025-02-17,2025,48,1.70946,1,1,False,2023_onward,True,False,False,,,,,,,,,,,,,,,,False
2025-02-18,2025,49,1.45764,1,1,False,2023_onward,True,False,False,,,,,,,,,,,,,,,,False
2025-02-19,2025,50,1.73851,1,1,False,2023_onward,True,True,False,1,0,,,,,,,,,,,,scl3x3_b1_w8_centernotbad_p0_class2zero_v1,erken_s2_observation_mask_v1,False
2025-02-20,2025,51,1.51575,1,1,False,2023_onward,True,False,False,,,,,,,,,,,,,,,,False
2025-02-21,2025,52,1.65135,1,1,False,2023_onward,True,True,False,1,0,,,,,,,,,,,,scl3x3_b1_w8_centernotbad_p0_class2zero_v1,erken_s2_observation_mask_v1,False
2025-02-22,2025,53,1.68524,1,1,False,2023_onward,True,False,False,,,,,,,,,,,,,,,,False
2025-02-23,2025,54,1.88379,1,1,False,2023_onward,True,False,False,,,,,,,,,,,,,,,,False
2025-02-24,2025,55,1.72398,1,1,False,2023_onward,True,True,False,1,0,,,,,,,,,,,,scl3x3_b1_w8_centernotbad_p0_class2zero_v1,erken_s2_observation_mask_v1,False
2025-02-25,2025,56,2.56491,1,1,False,2023_onward,True,False,False,,,,,,,,,,,,,,,,False
2025-02-26,2025,57,2.51978,1,1,False,2023_onward,True,True,False,1,0,,,,,,,,,,,,scl3x3_b1_w8_centernotbad_p0_class2zero_v1,erken_s2_observation_mask_v1,False
2025-02-27,2025,58,3.1516,1,1,False,2023_onward,True,False,False,,,,,,,,,,,,,,,,False
2025-02-28,2025,59,3.15913,1,1,False,2023_onward,True,False,False,,,,,,,,,,,,,,,,False
2025-03-01,2025,60,3.10647,1,1,False,2023_onward,True,True,False,1,0,,,,,,,,,,,,scl3x3_b1_w8_centernotbad_p0_class2zero_v1,erken_s2_observation_mask_v1,False
2025-03-02,2025,61,2.54987,1,1,False,2023_onward,True,False,False,,,,,,,,,,,,,,,,False
2025-03-03,2025,62,2.74543,1,1,False,2023_onward,True,True,False,1,0,,,,,,,,,,,,scl3x3_b1_w8_centernotbad_p0_class2zero_v1,erken_s2_observation_mask_v1,False
2025-03-04,2025,63,3.30204,1,1,False,2023_onward,True,False,False,,,,,,,,,,,,,,,,False
2025-03-05,2025,64,3.83608,1,1,False,2023_onward,True,False,False,,,,,,,,,,,,,,,,False
2025-03-06,2025,65,3.90378,1,1,False,2023_onward,True,True,False,1,0,,,,,,,,,,,,scl3x3_b1_w8_centernotbad_p0_class2zero_v1,erken_s2_observation_mask_v1,False
2025-03-07,2025,66,3.12904,1,1,False,2023_onward,True,False,False,,,,,,,,,,,,,,,,False
2025-03-08,2025,67,4.18208,0,0,True,2023_onward,True,True,False,1,0,,,,,,,,,,,,scl3x3_b1_w8_centernotbad_p0_class2zero_v1,erken_s2_observation_mask_v1,False
2025-03-09,2025,68,3.8436,0,0,True,2023_onward,True,False,False,,,,,,,,,,,,,,,,False
2025-03-10,2025,69,5.35547,0,0,True,2023_onward,True,False,False,,,,,,,,,,,,,,,,False
2025-03-11,2025,70,5.32538,0,0,True,2023_onward,True,True,False,1,0,,,,,,,,,,,,scl3x3_b1_w8_centernotbad_p0_class2zero_v1,erken_s2_observation_mask_v1,False
2025-03-12,2025,71,6.68583,0,0,True,2023_onward,True,False,False,,,,,,,,,,,,,,,,False
2025-03-13,2025,72,7.69979,0,0,True,2023_onward,True,True,False,1,0,,,,,,,,,,,,scl3x3_b1_w8_centernotbad_p0_class2zero_v1,erken_s2_observation_mask_v1,False
2025-03-14,2025,73,10.4565,0,0,True,2023_onward,True,False,False,,,,,,,,,,,,,,,,False
2025-03-15,2025,74,9.28411,0,0,True,2023_onward,True,True,False,1,0,,,,,,,,,,,,scl3x3_b1_w8_centernotbad_p0_class2zero_v1,erken_s2_observation_mask_v1,False
2025-03-16,2025,75,11.6817,0,0,True,2023_onward,True,True,False,1,0,,,,,,,,,,,,scl3x3_b1_w8_centernotbad_p0_class2zero_v1,erken_s2_observation_mask_v1,False
2025-03-17,2025,76,11.2064,0,0,True,2023_onward,True,False,False,,,,,,,,,,,,,,,,False
2025-03-18,2025,77,12.7142,0,0,True,2023_onward,True,True,False,1,0,,,,,,,,,,,,scl3x3_b1_w8_centernotbad_p0_class2zero_v1,erken_s2_observation_mask_v1,False
2025-03-19,2025,78,16.691,0,0,True,2023_onward,True,False,False,,,,,,,,,,,,,,,,False
2025-03-20,2025,79,23.2411,0,0,True,2023_onward,True,False,False,,,,,,,,,,,,,,,,False
2025-03-21,2025,80,27.9665,0,0,True,2023_onward,True,True,True,1,1,S2B_MSIL2A_20250321T101629_N0511_R065_T34VCM_20250321T160730,S2B,2025-03-21T10:16:29Z,N0511,6,9,0,0,0,1,0,scl3x3_b1_w8_centernotbad_p0_class2zero_v1,erken_s2_observation_mask_v1,True
2025-03-22,2025,81,31.3351,0,0,True,2023_onward,True,False,False,,,,,,,,,,,,,,,,False
2025-03-23,2025,82,38.2595,0,0,True,2023_onward,True,True,True,1,1,S2C_MSIL2A_20250323T100711_N0511_R022_T34VCM_20250323T160703,S2C,2025-03-23T10:07:11Z,N0511,6,9,0,0,0,1,0,scl3x3_b1_w8_centernotbad_p0_class2zero_v1,erken_s2_observation_mask_v1,True
2025-03-24,2025,83,38.4934,0,0,True,2023_onward,True,False,False,,,,,,,,,,,,,,,,False
2025-03-25,2025,84,27.3803,0,0,True,2023_onward,True,True,False,1,0,,,,,,,,,,,,scl3x3_b1_w8_centernotbad_p0_class2zero_v1,erken_s2_observation_mask_v1,False
2025-03-26,2025,85,35.6093,0,0,True,2023_onward,True,True,False,1,0,,,,,,,,,,,,scl3x3_b1_w8_centernotbad_p0_class2zero_v1,erken_s2_observation_mask_v1,False
2025-03-27,2025,86,34.4337,0,0,True,2023_onward,True,False,False,,,,,,,,,,,,,,,,False
2025-03-28,2025,87,40.7003,0,0,True,2023_onward,True,True,True,2,1,S2B_MSIL2A_20250328T100559_N0511_R022_T34VCM_20250328T122235,S2B,2025-03-28T10:05:59Z,N0511,6,9,0,0,0,1,0,scl3x3_b1_w8_centernotbad_p0_class2zero_v1,erken_s2_observation_mask_v1,True
2025-03-29,2025,88,38.2288,0,0,True,2023_onward,True,False,False,,,,,,,,,,,,,,,,False
2025-03-30,2025,89,40.7465,0,0,True,2023_onward,True,False,False,,,,,,,,,,,,,,,,False
2025-03-31,2025,90,38.0437,0,0,True,2023_onward,True,True,False,1,0,,,,,,,,,,,,scl3x3_b1_w8_centernotbad_p0_class2zero_v1,erken_s2_observation_mask_v1,False
2025-04-01,2025,91,16.2156,0,0,True,2023_onward,True,False,False,,,,,,,,,,,,,,,,False
2025-04-02,2025,92,13.369,0,0,True,2023_onward,True,True,False,1,0,,,,,,,,,,,,scl3x3_b1_w8_centernotbad_p0_class2zero_v1,erken_s2_observation_mask_v1,False
2025-04-03,2025,93,6.95104,0,0,True,2023_onward,True,False,False,,,,,,,,,,,,,,,,False
2025-04-04,2025,94,7.71409,0,0,True,2023_onward,True,True,True,1,1,S2A_MSIL2A_20250404T101041_N0511_R022_T34VCM_20250404T165218,S2A,2025-04-04T10:10:41Z,N0511,6,9,0,0,0,1,0,scl3x3_b1_w8_centernotbad_p0_class2zero_v1,erken_s2_observation_mask_v1,True
2025-04-05,2025,95,8.15659,0,0,True,2023_onward,True,True,False,1,0,,,,,,,,,,,,scl3x3_b1_w8_centernotbad_p0_class2zero_v1,erken_s2_observation_mask_v1,False
2025-04-06,2025,96,7.18797,0,0,True,2023_onward,True,False,False,,,,,,,,,,,,,,,,False
2025-04-07,2025,97,6.28904,0,0,True,2023_onward,True,True,True,2,2,S2B_MSIL2A_20250407T100559_N0511_R022_T34VCM_20250407T125834,S2B,2025-04-07T10:05:59Z,N0511,6,9,0,0,0,1,0,scl3x3_b1_w8_centernotbad_p0_class2zero_v1,erken_s2_observation_mask_v1,True
2025-04-08,2025,98,8.33355,0,0,True,2023_onward,True,False,False,,,,,,,,,,,,,,,,False
2025-04-09,2025,99,8.21023,0,0,True,2023_onward,True,False,False,,,,,,,,,,,,,,,,False
2025-04-10,2025,100,8.43315,0,0,True,2023_onward,True,True,False,1,0,,,,,,,,,,,,scl3x3_b1_w8_centernotbad_p0_class2zero_v1,erken_s2_observation_mask_v1,False
2025-04-11,2025,101,6.95806,0,0,True,2023_onward,True,False,False,,,,,,,,,,,,,,,,False
2025-04-12,2025,102,8.27189,0,0,True,2023_onward,True,True,True,1,1,S2C_MSIL2A_20250412T101041_N0511_R022_T34VCM_20250412T154117,S2C,2025-04-12T10:10:41Z,N0511,6,9,0,0,0,1,0,scl3x3_b1_w8_centernotbad_p0_class2zero_v1,erken_s2_observation_mask_v1,True
2025-04-13,2025,103,8.25292,0,0,True,2023_onward,True,False,False,,,,,,,,,,,,,,,,False
2025-04-14,2025,104,7.0387,0,0,True,2023_onward,True,True,True,1,1,S2A_MSIL2A_20250414T100701_N0511_R022_T34VCM_20250414T172412,S2A,2025-04-14T10:07:01Z,N0511,6,9,0,0,0,1,0,scl3x3_b1_w8_centernotbad_p0_class2zero_v1,erken_s2_observation_mask_v1,True
2025-04-15,2025,105,7.92846,0,0,True,2023_onward,True,True,False,1,0,,,,,,,,,,,,scl3x3_b1_w8_centernotbad_p0_class2zero_v1,erken_s2_observation_mask_v1,False
2025-04-16,2025,106,8.54833,0,0,True,2023_onward,True,False,False,,,,,,,,,,,,,,,,False
2025-04-17,2025,107,9.97109,0,0,True,2023_onward,True,True,False,2,0,,,,,,,,,,,,scl3x3_b1_w8_centernotbad_p0_class2zero_v1,erken_s2_observation_mask_v1,False
2025-04-18,2025,108,7.78677,0,0,True,2023_onward,True,False,False,,,,,,,,,,,,,,,,False
2025-04-19,2025,109,8.05243,0,0,True,2023_onward,True,False,False,,,,,,,,,,,,,,,,False
2025-04-20,2025,110,9.15049,0,0,True,2023_onward,True,True,False,1,0,,,,,,,,,,,,scl3x3_b1_w8_centernotbad_p0_class2zero_v1,erken_s2_observation_mask_v1,False
2025-04-21,2025,111,12.3561,0,0,True,2023_onward,True,False,False,,,,,,,,,,,,,,,,False
2025-04-22,2025,112,10.0892,0,0,True,2023_onward,True,True,False,1,0,,,,,,,,,,,,scl3x3_b1_w8_centernotbad_p0_class2zero_v1,erken_s2_observation_mask_v1,False
2025-04-23,2025,113,6.83014,0,0,True,2023_onward,True,False,False,,,,,,,,,,,,,,,,False
2025-04-24,2025,114,8.01655,0,0,True,2023_onward,True,True,False,1,0,,,,,,,,,,,,scl3x3_b1_w8_centernotbad_p0_class2zero_v1,erken_s2_observation_mask_v1,False
2025-04-25,2025,115,10.0512,0,0,True,2023_onward,True,True,False,1,0,,,,,,,,,,,,scl3x3_b1_w8_centernotbad_p0_class2zero_v1,erken_s2_observation_mask_v1,False
2025-04-26,2025,116,6.95211,0,0,True,2023_onward,True,False,False,,,,,,,,,,,,,,,,False
2025-04-27,2025,117,8.97565,0,0,True,2023_onward,True,True,True,2,1,S2B_MSIL2A_20250427T100559_N0511_R022_T34VCM_20250427T130507,S2B,2025-04-27T10:05:59Z,N0511,6,9,0,0,0,1,0,scl3x3_b1_w8_centernotbad_p0_class2zero_v1,erken_s2_observation_mask_v1,True
2025-04-28,2025,118,7.11289,0,0,True,2023_onward,True,False,False,,,,,,,,,,,,,,,,False
2025-04-29,2025,119,5.86071,0,0,True,2023_onward,True,False,False,,,,,,,,,,,,,,,,False
2025-04-30,2025,120,4.46628,0,0,True,2023_onward,True,True,False,1,0,,,,,,,,,,,,scl3x3_b1_w8_centernotbad_p0_class2zero_v1,erken_s2_observation_mask_v1,False
2025-05-01,2025,121,3.79367,0,0,True,2023_onward,True,False,False,,,,,,,,,,,,,,,,False
2025-05-02,2025,122,4.2038,0,0,True,2023_onward,True,True,False,1,0,,,,,,,,,,,,scl3x3_b1_w8_centernotbad_p0_class2zero_v1,erken_s2_observation_mask_v1,False
2025-05-03,2025,123,4.49909,0,0,True,2023_onward,True,False,False,,,,,,,,,,,,,,,,False
2025-05-04,2025,124,3.5681,0,0,True,2023_onward,True,True,True,1,1,S2A_MSIL2A_20250504T100701_N0511_R022_T34VCM_20250504T171412,S2A,2025-05-04T10:07:01Z,N0511,6,9,0,0,0,1,0,scl3x3_b1_w8_centernotbad_p0_class2zero_v1,erken_s2_observation_mask_v1,True
2025-05-05,2025,125,2.93241,0,0,True,2023_onward,True,True,False,1,0,,,,,,,,,,,,scl3x3_b1_w8_centernotbad_p0_class2zero_v1,erken_s2_observation_mask_v1,False
2025-05-06,2025,126,2.56491,0,0,True,2023_onward,True,False,False,,,,,,,,,,,,,,,,False
2025-05-07,2025,127,2.75957,0,0,True,2023_onward,True,True,True,1,1,S2B_MSIL2A_20250507T100559_N0511_R022_T34VCM_20250507T125642,S2B,2025-05-07T10:05:59Z,N0511,6,9,0,0,0,1,0,scl3x3_b1_w8_centernotbad_p0_class2zero_v1,erken_s2_observation_mask_v1,True
2025-05-08,2025,128,2.05727,0,0,True,2023_onward,True,False,False,,,,,,,,,,,,,,,,False
2025-05-09,2025,129,2.03437,0,0,True,2023_onward,True,False,False,,,,,,,,,,,,,,,,False
2025-05-10,2025,130,1.96948,0,0,True,2023_onward,True,True,False,1,0,,,,,,,,,,,,scl3x3_b1_w8_centernotbad_p0_class2zero_v1,erken_s2_observation_mask_v1,False
2025-05-11,2025,131,1.91223,0,0,True,2023_onward,True,False,False,,,,,,,,,,,,,,,,False
2025-05-12,2025,132,2.03819,0,0,True,2023_onward,True,True,True,1,1,S2C_MSIL2A_20250512T100611_N0511_R022_T34VCM_20250512T173114,S2C,2025-05-12T10:06:11Z,N0511,6,9,0,0,0,1,0,scl3x3_b1_w8_centernotbad_p0_class2zero_v1,erken_s2_observation_mask_v1,True
2025-05-13,2025,133,1.64115,0,0,True,2023_onward,True,False,False,,,,,,,,,,,,,,,,False
2025-05-14,2025,134,1.38771,0,0,True,2023_onward,True,True,True,1,1,S2A_MSIL2A_20250514T101041_N0511_R022_T34VCM_20250514T154511,S2A,2025-05-14T10:10:41Z,N0511,6,9,0,0,0,1,0,scl3x3_b1_w8_centernotbad_p0_class2zero_v1,erken_s2_observation_mask_v1,True
2025-05-15,2025,135,1.54534,0,0,True,2023_onward,True,True,True,1,1,S2C_MSIL2A_20250515T101611_N0511_R065_T34VCM_20250515T154718,S2C,2025-05-15T10:16:11Z,N0511,6,9,0,0,0,1,0,scl3x3_b1_w8_centernotbad_p0_class2zero_v1,erken_s2_observation_mask_v1,True
2025-05-16,2025,136,1.61952,0,0,True,2023_onward,True,False,False,,,,,,,,,,,,,,,,False
2025-05-17,2025,137,1.54534,0,0,True,2023_onward,True,True,False,2,0,,,,,,,,,,,,scl3x3_b1_w8_centernotbad_p0_class2zero_v1,erken_s2_observation_mask_v1,False
2025-05-18,2025,138,1.92858,0,0,True,2023_onward,True,False,False,,,,,,,,,,,,,,,,False
2025-05-19,2025,139,1.52679,0,0,True,2023_onward,True,False,False,,,,,,,,,,,,,,,,False
2025-05-20,2025,140,1.78727,0,0,True,2023_onward,True,True,True,1,1,S2B_MSIL2A_20250520T101559_N0511_R065_T34VCM_20250520T130619,S2B,2025-05-20T10:15:59Z,N0511,6,9,0,0,0,1,0,scl3x3_b1_w8_centernotbad_p0_class2zero_v1,erken_s2_observation_mask_v1,True
2025-05-21,2025,141,1.68704,0,0,True,2023_onward,True,False,False,,,,,,,,,,,,,,,,False
2025-05-22,2025,142,1.54507,0,0,True,2023_onward,True,True,False,1,0,,,,,,,,,,,,scl3x3_b1_w8_centernotbad_p0_class2zero_v1,erken_s2_observation_mask_v1,False
2025-05-23,2025,143,1.68287,0,0,True,2023_onward,True,False,False,,,,,,,,,,,,,,,,False
2025-05-24,2025,144,2.03782,0,0,True,2023_onward,True,True,False,1,0,,,,,,,,,,,,scl3x3_b1_w8_centernotbad_p0_class2zero_v1,erken_s2_observation_mask_v1,False
2025-05-25,2025,145,2.29254,0,0,True,2023_onward,True,True,False,1,0,,,,,,,,,,,,scl3x3_b1_w8_centernotbad_p0_class2zero_v1,erken_s2_observation_mask_v1,False
2025-05-26,2025,146,2.08375,0,0,True,2023_onward,True,False,False,,,,,,,,,,,,,,,,False
2025-05-27,2025,147,1.54215,0,0,True,2023_onward,True,True,True,2,1,S2A_MSIL2A_20250527T102041_N0511_R065_T34VCM_20250527T165916,S2A,2025-05-27T10:20:41Z,N0511,6,9,0,0,0,1,0,scl3x3_b1_w8_centernotbad_p0_class2zero_v1,erken_s2_observation_mask_v1,True
2025-05-28,2025,148,1.4912,0,0,True,2023_onward,True,False,False,,,,,,,,,,,,,,,,False
2025-05-29,2025,149,1.33834,0,0,True,2023_onward,True,False,False,,,,,,,,,,,,,,,,False
2025-05-30,2025,150,1.42326,0,0,True,2023_onward,True,True,False,1,0,,,,,,,,,,,,scl3x3_b1_w8_centernotbad_p0_class2zero_v1,erken_s2_observation_mask_v1,False
2025-05-31,2025,151,1.22625,0,0,True,2023_onward,True,False,False,,,,,,,,,,,,,,,,False
2025-06-01,2025,152,1.18888,0,0,True,2023_onward,True,True,True,1,1,S2C_MSIL2A_20250601T101041_N0511_R022_T34VCM_20250601T142413,S2C,2025-06-01T10:10:41Z,N0511,6,9,0,0,0,1,0,scl3x3_b1_w8_centernotbad_p0_class2zero_v1,erken_s2_observation_mask_v1,True
2025-06-02,2025,153,0.594441,0,0,True,2023_onward,True,False,False,,,,,,,,,,,,,,,,False
2025-06-03,2025,154,1.23642,0,0,True,2023_onward,True,True,True,1,1,S2A_MSIL2A_20250603T101041_N0511_R022_T34VCM_20250603T120411,S2A,2025-06-03T10:10:41Z,N0511,6,9,0,0,0,1,0,scl3x3_b1_w8_centernotbad_p0_class2zero_v1,erken_s2_observation_mask_v1,True
2025-06-04,2025,155,1.06588,0,0,True,2023_onward,True,True,False,1,0,,,,,,,,,,,,scl3x3_b1_w8_centernotbad_p0_class2zero_v1,erken_s2_observation_mask_v1,False
2025-06-05,2025,156,1.60796,0,0,True,2023_onward,True,False,False,,,,,,,,,,,,,,,,False
2025-06-06,2025,157,1.69323,0,0,True,2023_onward,True,True,False,2,0,,,,,,,,,,,,scl3x3_b1_w8_centernotbad_p0_class2zero_v1,erken_s2_observation_mask_v1,False
2025-06-07,2025,158,1.62014,0,0,True,2023_onward,True,False,False,,,,,,,,,,,,,,,,False
2025-06-08,2025,159,1.59577,0,0,True,2023_onward,True,False,False,,,,,,,,,,,,,,,,False
2025-06-09,2025,160,1.55314,0,0,True,2023_onward,True,True,False,1,0,,,,,,,,,,,,scl3x3_b1_w8_centernotbad_p0_class2zero_v1,erken_s2_observation_mask_v1,False
2025-06-10,2025,161,1.75545,0,0,True,2023_onward,True,False,False,,,,,,,,,,,,,,,,False
2025-06-11,2025,162,1.66019,0,0,True,2023_onward,True,True,False,1,0,,,,,,,,,,,,scl3x3_b1_w8_centernotbad_p0_class2zero_v1,erken_s2_observation_mask_v1,False
2025-06-12,2025,163,1.61256,0,0,True,2023_onward,True,False,False,,,,,,,,,,,,,,,,False
2025-06-13,2025,164,1.55813,0,0,True,2023_onward,True,True,False,1,0,,,,,,,,,,,,scl3x3_b1_w8_centernotbad_p0_class2zero_v1,erken_s2_observation_mask_v1,False
2025-06-14,2025,165,1.72823,0,0,True,2023_onward,True,True,True,1,1,S2C_MSIL2A_20250614T101621_N0511_R065_T34VCM_20250614T142405,S2C,2025-06-14T10:16:21Z,N0511,6,9,0,0,0,1,0,scl3x3_b1_w8_centernotbad_p0_class2zero_v1,erken_s2_observation_mask_v1,True
2025-06-15,2025,166,1.25875,0,0,True,2023_onward,True,False,False,,,,,,,,,,,,,,,,False
2025-06-16,2025,167,1.26556,0,0,True,2023_onward,True,True,False,2,0,,,,,,,,,,,,scl3x3_b1_w8_centernotbad_p0_class2zero_v1,erken_s2_observation_mask_v1,False
2025-06-17,2025,168,1.32885,0,0,True,2023_onward,True,False,False,,,,,,,,,,,,,,,,False
2025-06-18,2025,169,1.26166,0,0,True,2023_onward,True,False,False,,,,,,,,,,,,,,,,False
2025-06-19,2025,170,1.37364,0,0,True,2023_onward,True,True,False,1,0,,,,,,,,,,,,scl3x3_b1_w8_centernotbad_p0_class2zero_v1,erken_s2_observation_mask_v1,False
2025-06-20,2025,171,1.27659,0,0,True,2023_onward,True,False,False,,,,,,,,,,,,,,,,False
2025-06-21,2025,172,1.26166,0,0,True,2023_onward,True,True,False,1,0,,,,,,,,,,,,scl3x3_b1_w8_centernotbad_p0_class2zero_v1,erken_s2_observation_mask_v1,False
2025-06-22,2025,173,1.41844,0,0,True,2023_onward,True,False,False,,,,,,,,,,,,,,,,False
2025-06-23,2025,174,1.94848,0,0,True,2023_onward,True,True,False,1,0,,,,,,,,,,,,scl3x3_b1_w8_centernotbad_p0_class2zero_v1,erken_s2_observation_mask_v1,False
2025-06-24,2025,175,1.6488,0,0,True,2023_onward,True,True,False,1,0,,,,,,,,,,,,scl3x3_b1_w8_centernotbad_p0_class2zero_v1,erken_s2_observation_mask_v1,False
2025-06-25,2025,176,1.56636,0,0,True,2023_onward,True,False,False,,,,,,,,,,,,,,,,False
2025-06-26,2025,177,1.73124,0,0,True,2023_onward,True,True,True,2,2,S2B_MSIL2A_20250626T100559_N0511_R022_T34VCM_20250626T130127,S2B,2025-06-26T10:05:59Z,N0511,6,9,0,0,0,1,0,scl3x3_b1_w8_centernotbad_p0_class2zero_v1,erken_s2_observation_mask_v1,True
2025-06-27,2025,178,2.16592,0,0,True,2023_onward,True,False,False,,,,,,,,,,,,,,,,False
2025-06-28,2025,179,2.08348,0,0,True,2023_onward,True,False,False,,,,,,,,,,,,,,,,False
2025-06-29,2025,180,1.96357,0,0,True,2023_onward,True,False,False,,,,,,,,,,,,,,,,False
2025-06-30,2025,181,2.10597,0,0,True,2023_onward,True,False,False,,,,,,,,,,,,,,,,False
2025-07-01,2025,182,3.74909,0,0,True,2023_onward,True,True,False,1,0,,,,,,,,,,,,scl3x3_b1_w8_centernotbad_p0_class2zero_v1,erken_s2_observation_mask_v1,False
2025-07-02,2025,183,3.37019,0,0,True,2023_onward,True,False,False,,,,,,,,,,,,,,,,False
2025-07-03,2025,184,2.98132,0,0,True,2023_onward,True,True,True,1,1,S2A_MSIL2A_20250703T100711_N0511_R022_T34VCM_20250703T120917,S2A,2025-07-03T10:07:11Z,N0511,6,9,0,0,0,1,0,scl3x3_b1_w8_centernotbad_p0_class2zero_v1,erken_s2_observation_mask_v1,True
2025-07-04,2025,185,2.74202,0,0,True,2023_onward,True,True,True,1,1,S2C_MSIL2A_20250704T102041_N0511_R065_T34VCM_20250704T153115,S2C,2025-07-04T10:20:41Z,N0511,6,9,0,0,0,1,0,scl3x3_b1_w8_centernotbad_p0_class2zero_v1,erken_s2_observation_mask_v1,True
2025-07-05,2025,186,2.60242,0,0,True,2023_onward,True,False,False,,,,,,,,,,,,,,,,False
2025-07-06,2025,187,3.06109,0,0,True,2023_onward,True,True,False,2,0,,,,,,,,,,,,scl3x3_b1_w8_centernotbad_p0_class2zero_v1,erken_s2_observation_mask_v1,False
2025-07-07,2025,188,3.21065,0,0,True,2023_onward,True,False,False,,,,,,,,,,,,,,,,False
2025-07-08,2025,189,4.61259,0,0,True,2023_onward,True,False,False,,,,,,,,,,,,,,,,False
2025-07-09,2025,190,4.45827,0,0,True,2023_onward,True,True,True,1,1,S2B_MSIL2A_20250709T101559_N0511_R065_T34VCM_20250709T155807,S2B,2025-07-09T10:15:59Z,N0511,6,9,0,0,0,1,0,scl3x3_b1_w8_centernotbad_p0_class2zero_v1,erken_s2_observation_mask_v1,True
2025-07-10,2025,191,5.33277,0,0,True,2023_onward,True,False,False,,,,,,,,,,,,,,,,False
2025-07-11,2025,192,4.38968,0,0,True,2023_onward,True,True,False,1,0,,,,,,,,,,,,scl3x3_b1_w8_centernotbad_p0_class2zero_v1,erken_s2_observation_mask_v1,False
2025-07-12,2025,193,5.79575,0,0,True,2023_onward,True,False,False,,,,,,,,,,,,,,,,False
2025-07-13,2025,194,7.81911,0,0,True,2023_onward,True,True,False,1,0,,,,,,,,,,,,scl3x3_b1_w8_centernotbad_p0_class2zero_v1,erken_s2_observation_mask_v1,False
2025-07-14,2025,195,27.2812,0,0,True,2023_onward,True,True,False,1,0,,,,,,,,,,,,scl3x3_b1_w8_centernotbad_p0_class2zero_v1,erken_s2_observation_mask_v1,False
2025-07-15,2025,196,5.34456,0,0,True,2023_onward,True,False,False,,,,,,,,,,,,,,,,False
2025-07-16,2025,197,5.29492,0,0,True,2023_onward,True,True,True,2,2,S2B_MSIL2A_20250716T100559_N0511_R022_T34VCM_20250716T124455,S2B,2025-07-16T10:05:59Z,N0511,6,9,0,0,0,1,0,scl3x3_b1_w8_centernotbad_p0_class2zero_v1,erken_s2_observation_mask_v1,True
2025-07-17,2025,198,5.11291,0,0,True,2023_onward,True,False,False,,,,,,,,,,,,,,,,False
2025-07-18,2025,199,5.36111,0,0,True,2023_onward,True,False,False,,,,,,,,,,,,,,,,False
2025-07-19,2025,200,4.66615,0,0,True,2023_onward,True,True,True,1,1,S2B_MSIL2A_20250719T101559_N0511_R065_T34VCM_20250719T130235,S2B,2025-07-19T10:15:59Z,N0511,6,9,0,0,0,1,0,scl3x3_b1_w8_centernotbad_p0_class2zero_v1,erken_s2_observation_mask_v1,True
2025-07-20,2025,201,5.77477,0,0,True,2023_onward,True,False,False,,,,,,,,,,,,,,,,False
2025-07-21,2025,202,6.6352,0,0,True,2023_onward,True,True,True,1,1,S2C_MSIL2A_20250721T101051_N0511_R022_T34VCM_20250721T152330,S2C,2025-07-21T10:10:51Z,N0511,6,9,0,0,0,1,0,scl3x3_b1_w8_centernotbad_p0_class2zero_v1,erken_s2_observation_mask_v1,True
2025-07-22,2025,203,6.90057,0,0,True,2023_onward,True,False,False,,,,,,,,,,,,,,,,False
2025-07-23,2025,204,4.77102,0,0,True,2023_onward,True,True,True,1,1,S2A_MSIL2A_20250723T100711_N0511_R022_T34VCM_20250723T135913,S2A,2025-07-23T10:07:11Z,N0511,6,9,0,0,0,1,0,scl3x3_b1_w8_centernotbad_p0_class2zero_v1,erken_s2_observation_mask_v1,True
2025-07-24,2025,205,5.79484,0,0,True,2023_onward,True,True,True,1,1,S2C_MSIL2A_20250724T102041_N0511_R065_T34VCM_20250724T152814,S2C,2025-07-24T10:20:41Z,N0511,6,9,0,0,0,1,0,scl3x3_b1_w8_centernotbad_p0_class2zero_v1,erken_s2_observation_mask_v1,True
2025-07-25,2025,206,6.962,0,0,True,2023_onward,True,False,False,,,,,,,,,,,,,,,,False
2025-07-26,2025,207,6.962,0,0,True,2023_onward,True,True,True,2,2,S2B_MSIL2A_20250726T100559_N0511_R022_T34VCM_20250726T122650,S2B,2025-07-26T10:05:59Z,N0511,6,9,0,0,0,1,0,scl3x3_b1_w8_centernotbad_p0_class2zero_v1,erken_s2_observation_mask_v1,True
2025-07-27,2025,208,7.12581,0,0,True,2023_onward,True,False,False,,,,,,,,,,,,,,,,False
2025-07-28,2025,209,7.3101,0,0,True,2023_onward,True,False,False,,,,,,,,,,,,,,,,False
2025-07-29,2025,210,6.69581,0,0,True,2023_onward,True,True,False,1,0,,,,,,,,,,,,scl3x3_b1_w8_centernotbad_p0_class2zero_v1,erken_s2_observation_mask_v1,False
2025-07-30,2025,211,7.74011,0,0,True,2023_onward,True,False,False,,,,,,,,,,,,,,,,False
2025-07-31,2025,212,7.6582,0,0,True,2023_onward,True,True,False,1,0,,,,,,,,,,,,scl3x3_b1_w8_centernotbad_p0_class2zero_v1,erken_s2_observation_mask_v1,False
2025-08-01,2025,213,8.08821,0,0,True,2023_onward,True,False,False,,,,,,,,,,,,,,,,False
2025-08-02,2025,214,28.3394,0,0,True,2023_onward,True,True,True,1,1,S2A_MSIL2A_20250802T101041_N0511_R022_T34VCM_20250802T140417,S2A,2025-08-02T10:10:41Z,N0511,6,9,0,0,0,1,0,scl3x3_b1_w8_centernotbad_p0_class2zero_v1,erken_s2_observation_mask_v1,True
2025-08-03,2025,215,7.22819,0,0,True,2023_onward,True,True,False,1,0,,,,,,,,,,,,scl3x3_b1_w8_centernotbad_p0_class2zero_v1,erken_s2_observation_mask_v1,False
2025-08-04,2025,216,7.45343,0,0,True,2023_onward,True,False,False,,,,,,,,,,,,,,,,False
2025-08-05,2025,217,31.3848,0,0,True,2023_onward,True,True,True,2,2,S2B_MSIL2A_20250805T100559_N0511_R022_T34VCM_20250805T141708,S2B,2025-08-05T10:05:59Z,N0511,6,9,0,0,0,1,0,scl3x3_b1_w8_centernotbad_p0_class2zero_v1,erken_s2_observation_mask_v1,True
2025-08-06,2025,218,28.4382,0,0,True,2023_onward,True,False,False,,,,,,,,,,,,,,,,False
2025-08-07,2025,219,30.0143,0,0,True,2023_onward,True,False,False,,,,,,,,,,,,,,,,False
2025-08-08,2025,220,26.9306,0,0,True,2023_onward,True,True,False,1,0,,,,,,,,,,,,scl3x3_b1_w8_centernotbad_p0_class2zero_v1,erken_s2_observation_mask_v1,False
2025-08-09,2025,221,28.5067,0,0,True,2023_onward,True,False,False,,,,,,,,,,,,,,,,False
2025-08-10,2025,222,23.7784,0,0,True,2023_onward,True,False,False,,,,,,,,,,,,,,,,False
2025-08-11,2025,223,36.2501,0,0,True,2023_onward,True,False,False,,,,,,,,,,,,,,,,False
2025-08-12,2025,224,29.8771,0,0,True,2023_onward,True,True,True,1,1,S2A_MSIL2A_20250812T100701_N0511_R022_T34VCM_20250812T121415,S2A,2025-08-12T10:07:01Z,N0511,6,9,0,0,0,1,0,scl3x3_b1_w8_centernotbad_p0_class2zero_v1,erken_s2_observation_mask_v1,True
2025-08-13,2025,225,19.9181,0,0,True,2023_onward,True,True,False,1,0,,,,,,,,,,,,scl3x3_b1_w8_centernotbad_p0_class2zero_v1,erken_s2_observation_mask_v1,False
2025-08-14,2025,226,19.8724,0,0,True,2023_onward,True,False,False,,,,,,,,,,,,,,,,False
2025-08-15,2025,227,20.2379,0,0,True,2023_onward,True,True,True,2,2,S2B_MSIL2A_20250815T100559_N0511_R022_T34VCM_20250815T122915,S2B,2025-08-15T10:05:59Z,N0511,6,9,0,0,0,1,0,scl3x3_b1_w8_centernotbad_p0_class2zero_v1,erken_s2_observation_mask_v1,True
2025-08-16,2025,228,22.0195,0,0,True,2023_onward,True,False,False,,,,,,,,,,,,,,,,False
2025-08-17,2025,229,28.1411,0,0,True,2023_onward,True,False,False,,,,,,,,,,,,,,,,False
2025-08-18,2025,230,24.4864,0,0,True,2023_onward,True,True,True,1,1,S2B_MSIL2A_20250818T101559_N0511_R065_T34VCM_20250818T125628,S2B,2025-08-18T10:15:59Z,N0511,6,9,0,0,0,1,0,scl3x3_b1_w8_centernotbad_p0_class2zero_v1,erken_s2_observation_mask_v1,True
2025-08-19,2025,231,16.5932,0,0,True,2023_onward,True,False,False,,,,,,,,,,,,,,,,False
2025-08-20,2025,232,20.9514,0,0,True,2023_onward,True,True,False,1,0,,,,,,,,,,,,scl3x3_b1_w8_centernotbad_p0_class2zero_v1,erken_s2_observation_mask_v1,False
2025-08-21,2025,233,22.7907,0,0,True,2023_onward,True,False,False,,,,,,,,,,,,,,,,False
2025-08-22,2025,234,26.7491,0,0,True,2023_onward,True,True,False,1,0,,,,,,,,,,,,scl3x3_b1_w8_centernotbad_p0_class2zero_v1,erken_s2_observation_mask_v1,False
2025-08-23,2025,235,13.1146,0,0,True,2023_onward,True,True,False,1,0,,,,,,,,,,,,scl3x3_b1_w8_centernotbad_p0_class2zero_v1,erken_s2_observation_mask_v1,False
2025-08-24,2025,236,23.1105,0,0,True,2023_onward,True,False,False,,,,,,,,,,,,,,,,False
2025-08-25,2025,237,16.3133,0,0,True,2023_onward,True,True,False,2,0,,,,,,,,,,,,scl3x3_b1_w8_centernotbad_p0_class2zero_v1,erken_s2_observation_mask_v1,False
2025-08-26,2025,238,15.6693,0,0,True,2023_onward,True,False,False,,,,,,,,,,,,,,,,False
2025-08-27,2025,239,17.2753,0,0,True,2023_onward,True,False,False,,,,,,,,,,,,,,,,False
2025-08-28,2025,240,37.6974,0,0,True,2023_onward,True,True,True,1,1,S2B_MSIL2A_20250828T101559_N0511_R065_T34VCM_20250828T130342,S2B,2025-08-28T10:15:59Z,N0511,6,9,0,0,0,1,0,scl3x3_b1_w8_centernotbad_p0_class2zero_v1,erken_s2_observation_mask_v1,True
2025-08-29,2025,241,15.6693,0,0,True,2023_onward,True,False,False,,,,,,,,,,,,,,,,False
2025-08-30,2025,242,30.4704,0,0,True,2023_onward,True,True,False,1,0,,,,,,,,,,,,scl3x3_b1_w8_centernotbad_p0_class2zero_v1,erken_s2_observation_mask_v1,False
2025-08-31,2025,243,22.2452,0,0,True,2023_onward,True,False,False,,,,,,,,,,,,,,,,False
2025-09-01,2025,244,15.2569,0,0,True,2023_onward,True,True,False,1,0,,,,,,,,,,,,scl3x3_b1_w8_centernotbad_p0_class2zero_v1,erken_s2_observation_mask_v1,False
2025-09-02,2025,245,14.5841,0,0,True,2023_onward,True,True,False,1,0,,,,,,,,,,,,scl3x3_b1_w8_centernotbad_p0_class2zero_v1,erken_s2_observation_mask_v1,False
2025-09-03,2025,246,16.2769,0,0,True,2023_onward,True,False,False,,,,,,,,,,,,,,,,False
2025-09-04,2025,247,8.613,0,0,True,2023_onward,True,True,True,2,1,S2A_MSIL2A_20250904T102041_N0511_R065_T34VCM_20250904T121100,S2A,2025-09-04T10:20:41Z,N0511,6,9,0,0,0,1,0,scl3x3_b1_w8_centernotbad_p0_class2zero_v1,erken_s2_observation_mask_v1,True
2025-09-05,2025,248,8.83867,0,0,True,2023_onward,True,False,False,,,,,,,,,,,,,,,,False
2025-09-06,2025,249,5.67931,0,0,True,2023_onward,True,False,False,,,,,,,,,,,,,,,,False
2025-09-07,2025,250,4.57605,0,0,True,2023_onward,True,True,True,1,1,S2B_MSIL2A_20250907T101559_N0511_R065_T34VCM_20250907T142103,S2B,2025-09-07T10:15:59Z,N0511,6,9,0,0,0,1,0,scl3x3_b1_w8_centernotbad_p0_class2zero_v1,erken_s2_observation_mask_v1,True
2025-09-08,2025,251,6.60706,0,0,True,2023_onward,True,False,False,,,,,,,,,,,,,,,,False
2025-09-09,2025,252,3.0843,0,0,True,2023_onward,True,False,False,,,,,,,,,,,,,,,,False
2025-09-10,2025,253,2.89737,0,0,True,2023_onward,True,False,False,,,,,,,,,,,,,,,,False
2025-09-11,2025,254,2.43005,0,0,True,2023_onward,True,True,False,1,0,,,,,,,,,,,,scl3x3_b1_w8_centernotbad_p0_class2zero_v1,erken_s2_observation_mask_v1,False
2025-09-12,2025,255,3.84136,0,0,True,2023_onward,True,True,True,1,1,S2C_MSIL2A_20250912T101641_N0511_R065_T34VCM_20250912T152814,S2C,2025-09-12T10:16:41Z,N0511,6,9,0,0,0,1,0,scl3x3_b1_w8_centernotbad_p0_class2zero_v1,erken_s2_observation_mask_v1,True
2025-09-13,2025,256,4.40214,0,0,True,2023_onward,True,False,False,,,,,,,,,,,,,,,,False
2025-09-14,2025,257,3.84136,0,0,True,2023_onward,True,True,False,2,0,,,,,,,,,,,,scl3x3_b1_w8_centernotbad_p0_class2zero_v1,erken_s2_observation_mask_v1,False
2025-09-15,2025,258,3.77593,0,0,True,2023_onward,True,False,False,,,,,,,,,,,,,,,,False
2025-09-16,2025,259,5.49315,0,0,True,2023_onward,True,False,False,,,,,,,,,,,,,,,,False
2025-09-17,2025,260,5.37791,0,0,True,2023_onward,True,True,False,1,0,,,,,,,,,,,,scl3x3_b1_w8_centernotbad_p0_class2zero_v1,erken_s2_observation_mask_v1,False
2025-09-18,2025,261,5.17304,0,0,True,2023_onward,True,False,False,,,,,,,,,,,,,,,,False
2025-09-19,2025,262,5.634,0,0,True,2023_onward,True,True,True,1,1,S2C_MSIL2A_20250919T101041_N0511_R022_T34VCM_20250919T150924,S2C,2025-09-19T10:10:41Z,N0511,6,9,0,0,0,1,0,scl3x3_b1_w8_centernotbad_p0_class2zero_v1,erken_s2_observation_mask_v1,True
2025-09-20,2025,263,4.94255,0,0,True,2023_onward,True,False,False,,,,,,,,,,,,,,,,False
2025-09-21,2025,264,5.30108,0,0,True,2023_onward,True,True,False,1,0,,,,,,,,,,,,scl3x3_b1_w8_centernotbad_p0_class2zero_v1,erken_s2_observation_mask_v1,False
2025-09-22,2025,265,5.40352,0,0,True,2023_onward,True,True,True,1,1,S2C_MSIL2A_20250922T101741_N0511_R065_T34VCM_20250922T155314,S2C,2025-09-22T10:17:41Z,N0511,6,9,0,0,0,1,0,scl3x3_b1_w8_centernotbad_p0_class2zero_v1,erken_s2_observation_mask_v1,True
2025-09-23,2025,266,7.3053,0,0,True,2023_onward,True,False,False,,,,,,,,,,,,,,,,False
2025-09-24,2025,267,6.1494,0,0,True,2023_onward,True,True,False,2,0,,,,,,,,,,,,scl3x3_b1_w8_centernotbad_p0_class2zero_v1,erken_s2_observation_mask_v1,False
2025-09-25,2025,268,8.4612,0,0,True,2023_onward,True,False,False,,,,,,,,,,,,,,,,False
2025-09-26,2025,269,10.7422,0,0,True,2023_onward,True,False,False,,,,,,,,,,,,,,,,False
2025-09-27,2025,270,7.76766,0,0,True,2023_onward,True,True,True,1,1,S2B_MSIL2A_20250927T101709_N0511_R065_T34VCM_20250927T141318,S2B,2025-09-27T10:17:09Z,N0511,6,9,0,0,0,1,0,scl3x3_b1_w8_centernotbad_p0_class2zero_v1,erken_s2_observation_mask_v1,True
2025-09-28,2025,271,6.01069,0,0,True,2023_onward,True,False,False,,,,,,,,,,,,,,,,False
2025-09-29,2025,272,6.4114,0,0,True,2023_onward,True,True,False,1,0,,,,,,,,,,,,scl3x3_b1_w8_centernotbad_p0_class2zero_v1,erken_s2_observation_mask_v1,False
2025-09-30,2025,273,7.71003,0,0,True,2023_onward,True,False,False,,,,,,,,,,,,,,,,False
2025-10-01,2025,274,11.2464,0,0,True,2023_onward,True,False,False,,,,,,,,,,,,,,,,False
2025-10-02,2025,275,14.4643,0,0,True,2023_onward,True,True,False,1,0,,,,,,,,,,,,scl3x3_b1_w8_centernotbad_p0_class2zero_v1,erken_s2_observation_mask_v1,False
2025-10-03,2025,276,13.7634,0,0,True,2023_onward,True,False,False,,,,,,,,,,,,,,,,False
2025-10-04,2025,277,13.4448,0,0,True,2023_onward,True,True,False,2,0,,,,,,,,,,,,scl3x3_b1_w8_centernotbad_p0_class2zero_v1,erken_s2_observation_mask_v1,False
2025-10-05,2025,278,25.8382,0,0,True,2023_onward,True,False,False,,,,,,,,,,,,,,,,False
2025-10-06,2025,279,41.8317,0,0,True,2023_onward,True,False,False,,,,,,,,,,,,,,,,False
2025-10-07,2025,280,9.99072,0,0,True,2023_onward,True,True,False,1,0,,,,,,,,,,,,scl3x3_b1_w8_centernotbad_p0_class2zero_v1,erken_s2_observation_mask_v1,False
2025-10-08,2025,281,13.4186,0,0,True,2023_onward,True,False,False,,,,,,,,,,,,,,,,False
2025-10-09,2025,282,14.2097,0,0,True,2023_onward,True,True,True,1,1,S2C_MSIL2A_20251009T100941_N0511_R022_T34VCM_20251009T170113,S2C,2025-10-09T10:09:41Z,N0511,6,9,0,0,0,1,0,scl3x3_b1_w8_centernotbad_p0_class2zero_v1,erken_s2_observation_mask_v1,True
2025-10-10,2025,283,19.4248,0,0,True,2023_onward,True,False,False,,,,,,,,,,,,,,,,False
2025-10-11,2025,284,12.9205,0,0,True,2023_onward,True,True,True,1,1,S2A_MSIL2A_20251011T100951_N0511_R022_T34VCM_20251011T120013,S2A,2025-10-11T10:09:51Z,N0511,6,9,0,0,0,1,0,scl3x3_b1_w8_centernotbad_p0_class2zero_v1,erken_s2_observation_mask_v1,True
2025-10-12,2025,285,13.7995,0,0,True,2023_onward,True,True,False,1,0,,,,,,,,,,,,scl3x3_b1_w8_centernotbad_p0_class2zero_v1,erken_s2_observation_mask_v1,False
2025-10-13,2025,286,23.4093,0,0,True,2023_onward,True,False,False,,,,,,,,,,,,,,,,False
2025-10-14,2025,287,83.4709,0,0,True,2023_onward,True,True,False,2,0,,,,,,,,,,,,scl3x3_b1_w8_centernotbad_p0_class2zero_v1,erken_s2_observation_mask_v1,False
2025-10-15,2025,288,27.306,0,0,True,2023_onward,True,False,False,,,,,,,,,,,,,,,,False
2025-10-16,2025,289,12.9205,0,0,True,2023_onward,True,False,False,,,,,,,,,,,,,,,,False
2025-10-17,2025,290,12.6276,0,0,True,2023_onward,True,True,True,1,1,S2B_MSIL2A_20251017T101929_N0511_R065_T34VCM_20251017T125110,S2B,2025-10-17T10:19:29Z,N0511,6,9,0,0,0,1,0,scl3x3_b1_w8_centernotbad_p0_class2zero_v1,erken_s2_observation_mask_v1,True
2025-10-18,2025,291,8.87738,0,0,True,2023_onward,True,False,False,,,,,,,,,,,,,,,,False
2025-10-19,2025,292,14.1511,0,0,True,2023_onward,True,True,True,1,1,S2C_MSIL2A_20251019T101041_N0511_R022_T34VCM_20251019T170018,S2C,2025-10-19T10:10:41Z,N0511,6,9,0,0,0,1,0,scl3x3_b1_w8_centernotbad_p0_class2zero_v1,erken_s2_observation_mask_v1,True
2025-10-20,2025,293,10.9283,0,0,True,2023_onward,True,False,False,,,,,,,,,,,,,,,,False
2025-10-21,2025,294,6.4345,0,0,True,2023_onward,True,True,False,1,0,,,,,,,,,,,,scl3x3_b1_w8_centernotbad_p0_class2zero_v1,erken_s2_observation_mask_v1,False
2025-10-22,2025,295,5.74003,0,0,True,2023_onward,True,True,False,1,0,,,,,,,,,,,,scl3x3_b1_w8_centernotbad_p0_class2zero_v1,erken_s2_observation_mask_v1,False
2025-10-23,2025,296,21.5428,0,0,True,2023_onward,True,False,False,,,,,,,,,,,,,,,,False
2025-10-24,2025,297,5.61248,0,0,True,2023_onward,True,True,False,2,0,,,,,,,,,,,,scl3x3_b1_w8_centernotbad_p0_class2zero_v1,erken_s2_observation_mask_v1,False
2025-10-25,2025,298,12.9682,0,0,True,2023_onward,True,False,False,,,,,,,,,,,,,,,,False
2025-10-26,2025,299,5.61248,0,0,True,2023_onward,True,False,False,,,,,,,,,,,,,,,,False
2025-10-27,2025,300,4.40778,0,0,True,2023_onward,True,True,False,1,0,,,,,,,,,,,,scl3x3_b1_w8_centernotbad_p0_class2zero_v1,erken_s2_observation_mask_v1,False
2025-10-28,2025,301,4.28022,0,0,True,2023_onward,True,False,False,,,,,,,,,,,,,,,,False
2025-10-29,2025,302,4.87548,0,0,True,2023_onward,True,True,False,1,0,,,,,,,,,,,,scl3x3_b1_w8_centernotbad_p0_class2zero_v1,erken_s2_observation_mask_v1,False
2025-10-30,2025,303,5.9668,0,0,True,2023_onward,True,False,False,,,,,,,,,,,,,,,,False
2025-10-31,2025,304,5.20146,0,0,True,2023_onward,True,True,False,1,0,,,,,,,,,,,,scl3x3_b1_w8_centernotbad_p0_class2zero_v1,erken_s2_observation_mask_v1,False
2025-11-01,2025,305,4.7621,0,0,True,2023_onward,True,True,False,1,0,,,,,,,,,,,,scl3x3_b1_w8_centernotbad_p0_class2zero_v1,erken_s2_observation_mask_v1,False
2025-11-02,2025,306,4.69124,0,0,True,2023_onward,True,False,False,,,,,,,,,,,,,,,,False
2025-11-03,2025,307,15.406,0,0,True,2023_onward,True,True,True,2,1,S2B_MSIL2A_20251103T101109_N0511_R022_T34VCM_20251103T122031,S2B,2025-11-03T10:11:09Z,N0511,6,9,0,0,0,1,0,scl3x3_b1_w8_centernotbad_p0_class2zero_v1,erken_s2_observation_mask_v1,True
2025-11-04,2025,308,7.23438,0,0,True,2023_onward,True,False,False,,,,,,,,,,,,,,,,False
2025-11-05,2025,309,8.83291,0,0,True,2023_onward,True,False,False,,,,,,,,,,,,,,,,False
2025-11-06,2025,310,10.5339,0,0,True,2023_onward,True,True,False,1,0,,,,,,,,,,,,scl3x3_b1_w8_centernotbad_p0_class2zero_v1,erken_s2_observation_mask_v1,False
2025-11-07,2025,311,8.36155,0,0,True,2023_onward,True,False,False,,,,,,,,,,,,,,,,False
2025-11-08,2025,312,6.84499,0,0,True,2023_onward,True,True,False,1,0,,,,,,,,,,,,scl3x3_b1_w8_centernotbad_p0_class2zero_v1,erken_s2_observation_mask_v1,False
2025-11-09,2025,313,6.06622,0,0,True,2023_onward,True,False,False,,,,,,,,,,,,,,,,False
2025-11-10,2025,314,7.09092,0,0,True,2023_onward,True,True,False,1,0,,,,,,,,,,,,scl3x3_b1_w8_centernotbad_p0_class2zero_v1,erken_s2_observation_mask_v1,False
2025-11-11,2025,315,9.16082,0,0,True,2023_onward,True,True,False,1,0,,,,,,,,,,,,scl3x3_b1_w8_centernotbad_p0_class2zero_v1,erken_s2_observation_mask_v1,False
2025-11-12,2025,316,11.6816,0,0,True,2023_onward,True,False,False,,,,,,,,,,,,,,,,False
2025-11-13,2025,317,8.95588,0,0,True,2023_onward,True,True,False,2,0,,,,,,,,,,,,scl3x3_b1_w8_centernotbad_p0_class2zero_v1,erken_s2_observation_mask_v1,False
2025-11-14,2025,318,6.51709,0,0,True,2023_onward,True,False,False,,,,,,,,,,,,,,,,False
2025-11-15,2025,319,5.82029,0,0,True,2023_onward,True,False,False,,,,,,,,,,,,,,,,False
2025-11-16,2025,320,7.64426,0,0,True,2023_onward,True,True,True,1,1,S2B_MSIL2A_20251116T102219_N0511_R065_T34VCM_20251116T125013,S2B,2025-11-16T10:22:19Z,N0511,6,9,0,0,0,1,0,scl3x3_b1_w8_centernotbad_p0_class2zero_v1,erken_s2_observation_mask_v1,True
2025-11-17,2025,321,4.11929,0,0,True,2023_onward,True,False,False,,,,,,,,,,,,,,,,False
2025-11-18,2025,322,8.86932,0,0,True,2023_onward,True,True,False,1,0,,,,,,,,,,,,scl3x3_b1_w8_centernotbad_p0_class2zero_v1,erken_s2_observation_mask_v1,False
2025-11-19,2025,323,9.91277,0,0,True,2023_onward,True,False,False,,,,,,,,,,,,,,,,False
2025-11-20,2025,324,7.27669,0,0,True,2023_onward,True,True,True,1,1,S2A_MSIL2A_20251120T101341_N0511_R022_T34VCM_20251120T113909,S2A,2025-11-20T10:13:41Z,N0511,6,9,0,0,0,1,0,scl3x3_b1_w8_centernotbad_p0_class2zero_v1,erken_s2_observation_mask_v1,True
2025-11-21,2025,325,6.48037,0,0,True,2023_onward,True,True,False,1,0,,,,,,,,,,,,scl3x3_b1_w8_centernotbad_p0_class2zero_v1,erken_s2_observation_mask_v1,False
2025-11-22,2025,326,8.78694,0,0,True,2023_onward,True,False,False,,,,,,,,,,,,,,,,False
2025-11-23,2025,327,9.47342,0,0,True,2023_onward,True,True,False,2,0,,,,,,,,,,,,scl3x3_b1_w8_centernotbad_p0_class2zero_v1,erken_s2_observation_mask_v1,False
2025-11-24,2025,328,8.23776,0,0,True,2023_onward,True,False,False,,,,,,,,,,,,,,,,False
2025-11-25,2025,329,6.59021,0,0,True,2023_onward,True,False,False,,,,,,,,,,,,,,,,False
2025-11-26,2025,330,8.01808,0,0,True,2023_onward,True,True,True,1,1,S2B_MSIL2A_20251126T102249_N0511_R065_T34VCM_20251126T125827,S2B,2025-11-26T10:22:49Z,N0511,6,9,0,0,0,1,0,scl3x3_b1_w8_centernotbad_p0_class2zero_v1,erken_s2_observation_mask_v1,True
2025-11-27,2025,331,9.11645,0,0,True,2023_onward,True,False,False,,,,,,,,,,,,,,,,False
2025-11-28,2025,332,8.75948,0,0,True,2023_onward,True,True,False,1,0,,,,,,,,,,,,scl3x3_b1_w8_centernotbad_p0_class2zero_v1,erken_s2_observation_mask_v1,False
2025-11-29,2025,333,6.94718,0,0,True,2023_onward,True,False,False,,,,,,,,,,,,,,,,False
2025-11-30,2025,334,9.25375,0,0,True,2023_onward,True,True,False,1,0,,,,,,,,,,,,scl3x3_b1_w8_centernotbad_p0_class2zero_v1,erken_s2_observation_mask_v1,False
