date,year,scl_gate_pass,scl_gate_rule_id,l2a_representative_status,l1c_pairing_status,failure_reason,product_level,product_id,sensing_datetime,platform,tile,orbit,processing_baseline,generation_time,native_qa_incomplete,quantification_value,product_metadata_relative_path,radiometry_processing_baseline,radiometry_processing_baseline_source,radiometry_offset_expected_for_baseline,B4_band_id,B4_band_id_source,B4_add_offset,B4_offset_source,B4_conversion_rule,B4_product_central_wavelength_nm,B5_band_id,B5_band_id_source,B5_add_offset,B5_offset_source,B5_conversion_rule,B5_product_central_wavelength_nm,B6_band_id,B6_band_id_source,B6_add_offset,B6_offset_source,B6_conversion_rule,B6_product_central_wavelength_nm,target_grid_crs,target_grid_transform_a,target_grid_transform_b,target_grid_transform_c,target_grid_transform_d,target_grid_transform_e,target_grid_transform_f,target_grid_width,target_grid_height,target_grid_pixel_size_x,target_grid_pixel_size_y,station_row,station_col,station_inside_raster,B4_asset_relative_path,B4_native_pixel_size_m,B4_grid_alignment,B4_reflectance_nonfinite_count,B4_reflectance_below_range_count,B4_reflectance_above_range_count,B4_reflectance_mean_diagnostic,B5_asset_relative_path,B5_native_pixel_size_m,B5_grid_alignment,B5_reflectance_nonfinite_count,B5_reflectance_below_range_count,B5_reflectance_above_range_count,B5_reflectance_mean_diagnostic,B6_asset_relative_path,B6_native_pixel_size_m,B6_grid_alignment,B6_reflectance_nonfinite_count,B6_reflectance_below_range_count,B6_reflectance_above_range_count,B6_reflectance_mean_diagnostic,qa_qualit_b04_asset_relative_path,qa_qualit_b04_grid_alignment,qa_qualit_b04_native_pixel_size_m,qa_qualit_b05_asset_relative_path,qa_qualit_b05_grid_alignment,qa_qualit_b05_native_pixel_size_m,qa_qualit_b06_asset_relative_path,qa_qualit_b06_grid_alignment,qa_qualit_b06_native_pixel_size_m,qa_family_qualit_status,qa_classi_product_asset_relative_path,qa_classi_product_grid_alignment,qa_classi_product_native_pixel_size_m,qa_family_classi_status,scl_asset_relative_path,scl_grid_alignment,scl_native_pixel_size_m,scl_water_pixel_count,native_qa_incomplete_families,qa_B04_ancillary_degraded,qa_B04_ancillary_degraded_fraction,qa_B04_ancillary_degraded_band,qa_B04_ancillary_lost,qa_B04_ancillary_lost_fraction,qa_B04_ancillary_lost_band,qa_B04_defective,qa_B04_defective_fraction,qa_B04_defective_band,qa_B04_msi_degraded,qa_B04_msi_degraded_fraction,qa_B04_msi_degraded_band,qa_B04_msi_lost,qa_B04_msi_lost_fraction,qa_B04_msi_lost_band,qa_B04_nodata,qa_B04_nodata_fraction,qa_B04_nodata_band,qa_B04_partially_corrected,qa_B04_partially_corrected_fraction,qa_B04_partially_corrected_band,qa_B04_saturated,qa_B04_saturated_fraction,qa_B04_saturated_band,qa_B05_ancillary_degraded,qa_B05_ancillary_degraded_fraction,qa_B05_ancillary_degraded_band,qa_B05_ancillary_lost,qa_B05_ancillary_lost_fraction,qa_B05_ancillary_lost_band,qa_B05_defective,qa_B05_defective_fraction,qa_B05_defective_band,qa_B05_msi_degraded,qa_B05_msi_degraded_fraction,qa_B05_msi_degraded_band,qa_B05_msi_lost,qa_B05_msi_lost_fraction,qa_B05_msi_lost_band,qa_B05_nodata,qa_B05_nodata_fraction,qa_B05_nodata_band,qa_B05_partially_corrected,qa_B05_partially_corrected_fraction,qa_B05_partially_corrected_band,qa_B05_saturated,qa_B05_saturated_fraction,qa_B05_saturated_band,qa_B06_ancillary_degraded,qa_B06_ancillary_degraded_fraction,qa_B06_ancillary_degraded_band,qa_B06_ancillary_lost,qa_B06_ancillary_lost_fraction,qa_B06_ancillary_lost_band,qa_B06_defective,qa_B06_defective_fraction,qa_B06_defective_band,qa_B06_msi_degraded,qa_B06_msi_degraded_fraction,qa_B06_msi_degraded_band,qa_B06_msi_lost,qa_B06_msi_lost_fraction,qa_B06_msi_lost_band,qa_B06_nodata,qa_B06_nodata_fraction,qa_B06_nodata_band,qa_B06_partially_corrected,qa_B06_partially_corrected_fraction,qa_B06_partially_corrected_band,qa_B06_saturated,qa_B06_saturated_fraction,qa_B06_saturated_band,qa_cirrus,qa_cirrus_fraction,qa_opaque_cloud,qa_opaque_cloud_fraction,qa_scl_not_water,qa_scl_not_water_fraction,qa_snow_ice,qa_snow_ice_fraction,qa_ancillary_degraded,qa_ancillary_degraded_fraction,qa_ancillary_lost,qa_ancillary_lost_fraction,qa_defective,qa_defective_fraction,qa_msi_degraded,qa_msi_degraded_fraction,qa_msi_lost,qa_msi_lost_fraction,qa_nodata,qa_nodata_fraction,qa_partially_corrected,qa_partially_corrected_fraction,qa_saturated,qa_saturated_fraction,B4_valid_count,B5_valid_count,B6_valid_count,common_B456_valid_count,mci_baseline_coefficient,NDCI_valid_pixel_count,NDCI_valid_pixel_fraction,NDCI_median,NDCI_mean,NDCI_SD,NDCI_IQR,NDCI_min,NDCI_max,MCI_valid_pixel_count,MCI_valid_pixel_fraction,MCI_median,MCI_mean,MCI_SD,MCI_IQR,MCI_min,MCI_max,NDCI_diag_above_theoretical_range,NDCI_diag_below_theoretical_range,NDCI_diag_denominator_below_epsilon,NDCI_diag_denominator_nonfinite,NDCI_diag_nonfinite_result,MCI_diag_nonfinite_result,ndci_valid_pixel_count,mci_valid_pixel_count,ndci_has_any_valid_pixel,mci_has_any_valid_pixel,final_valid_pixel_threshold_status
2019-04-19,2019,False,scl3x3_b1_w8_centernotbad_p0_class2zero_v1,no_representative_frozen_scl_gate_failed,no_l2a_representative_for_date,no_frozen_representative_l2a_product_for_date,,,,,,,,,,,,,,,,,,,,,,,,,,,,,,,,,,,,,,,,,,,,,,,,,,,,,,,,,,,,,,,,,,,,,,,,,,,,,,,,,,,,,,,,,,,,,,,,,,,,,,,,,,,,,,,,,,,,,,,,,,,,,,,,,,,,,,,,,,,,,,,,,,,,,,,,,,,,,,,,,,,,,,,,,,,,,,,,,,,,,,,,,,,,,,,,,,,,,,,,,,,,,,,,,,,,,,
2019-05-02,2019,False,scl3x3_b1_w8_centernotbad_p0_class2zero_v1,no_representative_frozen_scl_gate_failed,no_l2a_representative_for_date,no_frozen_representative_l2a_product_for_date,,,,,,,,,,,,,,,,,,,,,,,,,,,,,,,,,,,,,,,,,,,,,,,,,,,,,,,,,,,,,,,,,,,,,,,,,,,,,,,,,,,,,,,,,,,,,,,,,,,,,,,,,,,,,,,,,,,,,,,,,,,,,,,,,,,,,,,,,,,,,,,,,,,,,,,,,,,,,,,,,,,,,,,,,,,,,,,,,,,,,,,,,,,,,,,,,,,,,,,,,,,,,,,,,,,,,,
2019-05-04,2019,False,scl3x3_b1_w8_centernotbad_p0_class2zero_v1,no_representative_frozen_scl_gate_failed,no_l2a_representative_for_date,no_frozen_representative_l2a_product_for_date,,,,,,,,,,,,,,,,,,,,,,,,,,,,,,,,,,,,,,,,,,,,,,,,,,,,,,,,,,,,,,,,,,,,,,,,,,,,,,,,,,,,,,,,,,,,,,,,,,,,,,,,,,,,,,,,,,,,,,,,,,,,,,,,,,,,,,,,,,,,,,,,,,,,,,,,,,,,,,,,,,,,,,,,,,,,,,,,,,,,,,,,,,,,,,,,,,,,,,,,,,,,,,,,,,,,,,
2019-05-07,2019,False,scl3x3_b1_w8_centernotbad_p0_class2zero_v1,no_representative_frozen_scl_gate_failed,no_l2a_representative_for_date,no_frozen_representative_l2a_product_for_date,,,,,,,,,,,,,,,,,,,,,,,,,,,,,,,,,,,,,,,,,,,,,,,,,,,,,,,,,,,,,,,,,,,,,,,,,,,,,,,,,,,,,,,,,,,,,,,,,,,,,,,,,,,,,,,,,,,,,,,,,,,,,,,,,,,,,,,,,,,,,,,,,,,,,,,,,,,,,,,,,,,,,,,,,,,,,,,,,,,,,,,,,,,,,,,,,,,,,,,,,,,,,,,,,,,,,,
2019-05-09,2019,False,scl3x3_b1_w8_centernotbad_p0_class2zero_v1,no_representative_frozen_scl_gate_failed,no_l2a_representative_for_date,no_frozen_representative_l2a_product_for_date,,,,,,,,,,,,,,,,,,,,,,,,,,,,,,,,,,,,,,,,,,,,,,,,,,,,,,,,,,,,,,,,,,,,,,,,,,,,,,,,,,,,,,,,,,,,,,,,,,,,,,,,,,,,,,,,,,,,,,,,,,,,,,,,,,,,,,,,,,,,,,,,,,,,,,,,,,,,,,,,,,,,,,,,,,,,,,,,,,,,,,,,,,,,,,,,,,,,,,,,,,,,,,,,,,,,,,
2019-05-12,2019,False,scl3x3_b1_w8_centernotbad_p0_class2zero_v1,no_representative_frozen_scl_gate_failed,no_l2a_representative_for_date,no_frozen_representative_l2a_product_for_date,,,,,,,,,,,,,,,,,,,,,,,,,,,,,,,,,,,,,,,,,,,,,,,,,,,,,,,,,,,,,,,,,,,,,,,,,,,,,,,,,,,,,,,,,,,,,,,,,,,,,,,,,,,,,,,,,,,,,,,,,,,,,,,,,,,,,,,,,,,,,,,,,,,,,,,,,,,,,,,,,,,,,,,,,,,,,,,,,,,,,,,,,,,,,,,,,,,,,,,,,,,,,,,,,,,,,,
2019-05-14,2019,False,scl3x3_b1_w8_centernotbad_p0_class2zero_v1,no_representative_frozen_scl_gate_failed,no_l2a_representative_for_date,no_frozen_representative_l2a_product_for_date,,,,,,,,,,,,,,,,,,,,,,,,,,,,,,,,,,,,,,,,,,,,,,,,,,,,,,,,,,,,,,,,,,,,,,,,,,,,,,,,,,,,,,,,,,,,,,,,,,,,,,,,,,,,,,,,,,,,,,,,,,,,,,,,,,,,,,,,,,,,,,,,,,,,,,,,,,,,,,,,,,,,,,,,,,,,,,,,,,,,,,,,,,,,,,,,,,,,,,,,,,,,,,,,,,,,,,
2019-05-19,2019,False,scl3x3_b1_w8_centernotbad_p0_class2zero_v1,no_representative_frozen_scl_gate_failed,no_l2a_representative_for_date,no_frozen_representative_l2a_product_for_date,,,,,,,,,,,,,,,,,,,,,,,,,,,,,,,,,,,,,,,,,,,,,,,,,,,,,,,,,,,,,,,,,,,,,,,,,,,,,,,,,,,,,,,,,,,,,,,,,,,,,,,,,,,,,,,,,,,,,,,,,,,,,,,,,,,,,,,,,,,,,,,,,,,,,,,,,,,,,,,,,,,,,,,,,,,,,,,,,,,,,,,,,,,,,,,,,,,,,,,,,,,,,,,,,,,,,,
2019-05-24,2019,False,scl3x3_b1_w8_centernotbad_p0_class2zero_v1,no_representative_frozen_scl_gate_failed,no_l2a_representative_for_date,no_frozen_representative_l2a_product_for_date,,,,,,,,,,,,,,,,,,,,,,,,,,,,,,,,,,,,,,,,,,,,,,,,,,,,,,,,,,,,,,,,,,,,,,,,,,,,,,,,,,,,,,,,,,,,,,,,,,,,,,,,,,,,,,,,,,,,,,,,,,,,,,,,,,,,,,,,,,,,,,,,,,,,,,,,,,,,,,,,,,,,,,,,,,,,,,,,,,,,,,,,,,,,,,,,,,,,,,,,,,,,,,,,,,,,,,
2019-05-27,2019,False,scl3x3_b1_w8_centernotbad_p0_class2zero_v1,no_representative_frozen_scl_gate_failed,no_l2a_representative_for_date,no_frozen_representative_l2a_product_for_date,,,,,,,,,,,,,,,,,,,,,,,,,,,,,,,,,,,,,,,,,,,,,,,,,,,,,,,,,,,,,,,,,,,,,,,,,,,,,,,,,,,,,,,,,,,,,,,,,,,,,,,,,,,,,,,,,,,,,,,,,,,,,,,,,,,,,,,,,,,,,,,,,,,,,,,,,,,,,,,,,,,,,,,,,,,,,,,,,,,,,,,,,,,,,,,,,,,,,,,,,,,,,,,,,,,,,,
2019-06-01,2019,False,scl3x3_b1_w8_centernotbad_p0_class2zero_v1,no_representative_frozen_scl_gate_failed,no_l2a_representative_for_date,no_frozen_representative_l2a_product_for_date,,,,,,,,,,,,,,,,,,,,,,,,,,,,,,,,,,,,,,,,,,,,,,,,,,,,,,,,,,,,,,,,,,,,,,,,,,,,,,,,,,,,,,,,,,,,,,,,,,,,,,,,,,,,,,,,,,,,,,,,,,,,,,,,,,,,,,,,,,,,,,,,,,,,,,,,,,,,,,,,,,,,,,,,,,,,,,,,,,,,,,,,,,,,,,,,,,,,,,,,,,,,,,,,,,,,,,
2019-06-03,2019,False,scl3x3_b1_w8_centernotbad_p0_class2zero_v1,no_representative_frozen_scl_gate_failed,no_l2a_representative_for_date,no_frozen_representative_l2a_product_for_date,,,,,,,,,,,,,,,,,,,,,,,,,,,,,,,,,,,,,,,,,,,,,,,,,,,,,,,,,,,,,,,,,,,,,,,,,,,,,,,,,,,,,,,,,,,,,,,,,,,,,,,,,,,,,,,,,,,,,,,,,,,,,,,,,,,,,,,,,,,,,,,,,,,,,,,,,,,,,,,,,,,,,,,,,,,,,,,,,,,,,,,,,,,,,,,,,,,,,,,,,,,,,,,,,,,,,,
2019-06-06,2019,True,scl3x3_b1_w8_centernotbad_p0_class2zero_v1,frozen_representative,ambiguous_multiple_candidates,l1c_not_extracted: ambiguous_multiple_candidates,L1C,,,,,,,,,,,,,,,,,,,,,,,,,,,,,,,,,,,,,,,,,,,,,,,,,,,,,,,,,,,,,,,,,,,,,,,,,,,,,,,,,,,,,,,,,,,,,,,,,,,,,,,,,,,,,,,,,,,,,,,,,,,,,,,,,,,,,,,,,,,,,,,,,,,,,,,,,,,,,,,,,,,,,,,,,,,,,,,,,,,,,,,,,,,,,,,,,,,,,,,,,,,,,,,,,,,,,
2019-06-11,2019,False,scl3x3_b1_w8_centernotbad_p0_class2zero_v1,no_representative_frozen_scl_gate_failed,no_l2a_representative_for_date,no_frozen_representative_l2a_product_for_date,,,,,,,,,,,,,,,,,,,,,,,,,,,,,,,,,,,,,,,,,,,,,,,,,,,,,,,,,,,,,,,,,,,,,,,,,,,,,,,,,,,,,,,,,,,,,,,,,,,,,,,,,,,,,,,,,,,,,,,,,,,,,,,,,,,,,,,,,,,,,,,,,,,,,,,,,,,,,,,,,,,,,,,,,,,,,,,,,,,,,,,,,,,,,,,,,,,,,,,,,,,,,,,,,,,,,,
2019-06-13,2019,False,scl3x3_b1_w8_centernotbad_p0_class2zero_v1,no_representative_frozen_scl_gate_failed,no_l2a_representative_for_date,no_frozen_representative_l2a_product_for_date,,,,,,,,,,,,,,,,,,,,,,,,,,,,,,,,,,,,,,,,,,,,,,,,,,,,,,,,,,,,,,,,,,,,,,,,,,,,,,,,,,,,,,,,,,,,,,,,,,,,,,,,,,,,,,,,,,,,,,,,,,,,,,,,,,,,,,,,,,,,,,,,,,,,,,,,,,,,,,,,,,,,,,,,,,,,,,,,,,,,,,,,,,,,,,,,,,,,,,,,,,,,,,,,,,,,,,
2019-06-16,2019,False,scl3x3_b1_w8_centernotbad_p0_class2zero_v1,no_representative_frozen_scl_gate_failed,no_l2a_representative_for_date,no_frozen_representative_l2a_product_for_date,,,,,,,,,,,,,,,,,,,,,,,,,,,,,,,,,,,,,,,,,,,,,,,,,,,,,,,,,,,,,,,,,,,,,,,,,,,,,,,,,,,,,,,,,,,,,,,,,,,,,,,,,,,,,,,,,,,,,,,,,,,,,,,,,,,,,,,,,,,,,,,,,,,,,,,,,,,,,,,,,,,,,,,,,,,,,,,,,,,,,,,,,,,,,,,,,,,,,,,,,,,,,,,,,,,,,,
2019-06-21,2019,False,scl3x3_b1_w8_centernotbad_p0_class2zero_v1,no_representative_frozen_scl_gate_failed,no_l2a_representative_for_date,no_frozen_representative_l2a_product_for_date,,,,,,,,,,,,,,,,,,,,,,,,,,,,,,,,,,,,,,,,,,,,,,,,,,,,,,,,,,,,,,,,,,,,,,,,,,,,,,,,,,,,,,,,,,,,,,,,,,,,,,,,,,,,,,,,,,,,,,,,,,,,,,,,,,,,,,,,,,,,,,,,,,,,,,,,,,,,,,,,,,,,,,,,,,,,,,,,,,,,,,,,,,,,,,,,,,,,,,,,,,,,,,,,,,,,,,
2019-06-23,2019,False,scl3x3_b1_w8_centernotbad_p0_class2zero_v1,no_representative_frozen_scl_gate_failed,no_l2a_representative_for_date,no_frozen_representative_l2a_product_for_date,,,,,,,,,,,,,,,,,,,,,,,,,,,,,,,,,,,,,,,,,,,,,,,,,,,,,,,,,,,,,,,,,,,,,,,,,,,,,,,,,,,,,,,,,,,,,,,,,,,,,,,,,,,,,,,,,,,,,,,,,,,,,,,,,,,,,,,,,,,,,,,,,,,,,,,,,,,,,,,,,,,,,,,,,,,,,,,,,,,,,,,,,,,,,,,,,,,,,,,,,,,,,,,,,,,,,,
2019-06-26,2019,False,scl3x3_b1_w8_centernotbad_p0_class2zero_v1,no_representative_frozen_scl_gate_failed,no_l2a_representative_for_date,no_frozen_representative_l2a_product_for_date,,,,,,,,,,,,,,,,,,,,,,,,,,,,,,,,,,,,,,,,,,,,,,,,,,,,,,,,,,,,,,,,,,,,,,,,,,,,,,,,,,,,,,,,,,,,,,,,,,,,,,,,,,,,,,,,,,,,,,,,,,,,,,,,,,,,,,,,,,,,,,,,,,,,,,,,,,,,,,,,,,,,,,,,,,,,,,,,,,,,,,,,,,,,,,,,,,,,,,,,,,,,,,,,,,,,,,
2019-07-01,2019,False,scl3x3_b1_w8_centernotbad_p0_class2zero_v1,no_representative_frozen_scl_gate_failed,no_l2a_representative_for_date,no_frozen_representative_l2a_product_for_date,,,,,,,,,,,,,,,,,,,,,,,,,,,,,,,,,,,,,,,,,,,,,,,,,,,,,,,,,,,,,,,,,,,,,,,,,,,,,,,,,,,,,,,,,,,,,,,,,,,,,,,,,,,,,,,,,,,,,,,,,,,,,,,,,,,,,,,,,,,,,,,,,,,,,,,,,,,,,,,,,,,,,,,,,,,,,,,,,,,,,,,,,,,,,,,,,,,,,,,,,,,,,,,,,,,,,,
2019-07-03,2019,False,scl3x3_b1_w8_centernotbad_p0_class2zero_v1,no_representative_frozen_scl_gate_failed,no_l2a_representative_for_date,no_frozen_representative_l2a_product_for_date,,,,,,,,,,,,,,,,,,,,,,,,,,,,,,,,,,,,,,,,,,,,,,,,,,,,,,,,,,,,,,,,,,,,,,,,,,,,,,,,,,,,,,,,,,,,,,,,,,,,,,,,,,,,,,,,,,,,,,,,,,,,,,,,,,,,,,,,,,,,,,,,,,,,,,,,,,,,,,,,,,,,,,,,,,,,,,,,,,,,,,,,,,,,,,,,,,,,,,,,,,,,,,,,,,,,,,
2019-07-06,2019,False,scl3x3_b1_w8_centernotbad_p0_class2zero_v1,no_representative_frozen_scl_gate_failed,no_l2a_representative_for_date,no_frozen_representative_l2a_product_for_date,,,,,,,,,,,,,,,,,,,,,,,,,,,,,,,,,,,,,,,,,,,,,,,,,,,,,,,,,,,,,,,,,,,,,,,,,,,,,,,,,,,,,,,,,,,,,,,,,,,,,,,,,,,,,,,,,,,,,,,,,,,,,,,,,,,,,,,,,,,,,,,,,,,,,,,,,,,,,,,,,,,,,,,,,,,,,,,,,,,,,,,,,,,,,,,,,,,,,,,,,,,,,,,,,,,,,,
2019-07-08,2019,False,scl3x3_b1_w8_centernotbad_p0_class2zero_v1,no_representative_frozen_scl_gate_failed,no_l2a_representative_for_date,no_frozen_representative_l2a_product_for_date,,,,,,,,,,,,,,,,,,,,,,,,,,,,,,,,,,,,,,,,,,,,,,,,,,,,,,,,,,,,,,,,,,,,,,,,,,,,,,,,,,,,,,,,,,,,,,,,,,,,,,,,,,,,,,,,,,,,,,,,,,,,,,,,,,,,,,,,,,,,,,,,,,,,,,,,,,,,,,,,,,,,,,,,,,,,,,,,,,,,,,,,,,,,,,,,,,,,,,,,,,,,,,,,,,,,,,
2019-07-13,2019,False,scl3x3_b1_w8_centernotbad_p0_class2zero_v1,no_representative_frozen_scl_gate_failed,no_l2a_representative_for_date,no_frozen_representative_l2a_product_for_date,,,,,,,,,,,,,,,,,,,,,,,,,,,,,,,,,,,,,,,,,,,,,,,,,,,,,,,,,,,,,,,,,,,,,,,,,,,,,,,,,,,,,,,,,,,,,,,,,,,,,,,,,,,,,,,,,,,,,,,,,,,,,,,,,,,,,,,,,,,,,,,,,,,,,,,,,,,,,,,,,,,,,,,,,,,,,,,,,,,,,,,,,,,,,,,,,,,,,,,,,,,,,,,,,,,,,,
2019-07-16,2019,False,scl3x3_b1_w8_centernotbad_p0_class2zero_v1,no_representative_frozen_scl_gate_failed,no_l2a_representative_for_date,no_frozen_representative_l2a_product_for_date,,,,,,,,,,,,,,,,,,,,,,,,,,,,,,,,,,,,,,,,,,,,,,,,,,,,,,,,,,,,,,,,,,,,,,,,,,,,,,,,,,,,,,,,,,,,,,,,,,,,,,,,,,,,,,,,,,,,,,,,,,,,,,,,,,,,,,,,,,,,,,,,,,,,,,,,,,,,,,,,,,,,,,,,,,,,,,,,,,,,,,,,,,,,,,,,,,,,,,,,,,,,,,,,,,,,,,
2019-07-21,2019,False,scl3x3_b1_w8_centernotbad_p0_class2zero_v1,no_representative_frozen_scl_gate_failed,no_l2a_representative_for_date,no_frozen_representative_l2a_product_for_date,,,,,,,,,,,,,,,,,,,,,,,,,,,,,,,,,,,,,,,,,,,,,,,,,,,,,,,,,,,,,,,,,,,,,,,,,,,,,,,,,,,,,,,,,,,,,,,,,,,,,,,,,,,,,,,,,,,,,,,,,,,,,,,,,,,,,,,,,,,,,,,,,,,,,,,,,,,,,,,,,,,,,,,,,,,,,,,,,,,,,,,,,,,,,,,,,,,,,,,,,,,,,,,,,,,,,,
2019-07-31,2019,False,scl3x3_b1_w8_centernotbad_p0_class2zero_v1,no_representative_frozen_scl_gate_failed,no_l2a_representative_for_date,no_frozen_representative_l2a_product_for_date,,,,,,,,,,,,,,,,,,,,,,,,,,,,,,,,,,,,,,,,,,,,,,,,,,,,,,,,,,,,,,,,,,,,,,,,,,,,,,,,,,,,,,,,,,,,,,,,,,,,,,,,,,,,,,,,,,,,,,,,,,,,,,,,,,,,,,,,,,,,,,,,,,,,,,,,,,,,,,,,,,,,,,,,,,,,,,,,,,,,,,,,,,,,,,,,,,,,,,,,,,,,,,,,,,,,,,
2019-08-07,2019,True,scl3x3_b1_w8_centernotbad_p0_class2zero_v1,frozen_representative,exact_unique,no_valid_pixels_after_qa_in_frozen_3x3_window,L2A,S2B_MSIL2A_20190807T101029_N0500_R022_T34VCM_20230723T201405,2019-08-07T10:10:29Z,S2B,T34VCM,22,N0500,2023-07-23T20:14:05Z,False,10000.0,MTD_MSIL2A.xml,N0500,product_metadata_PROCESSING_BASELINE,True,3,product_spectral_information_list,-1000.0,product_offset_list,(DN + -1000) / 10000,665.0,4,product_spectral_information_list,-1000.0,product_offset_list,(DN + -1000) / 10000,703.8,5,product_spectral_information_list,-1000.0,product_offset_list,(DN + -1000) / 10000,739.1,EPSG:32634,20.0,0.0,300000.0,0.0,-20.0,6700020.0,5490,5490,20.0,20.0,3200,3347,True,GRANULE/L2A_T34VCM_A012632_20190807T101242/IMG_DATA/R20m/T34VCM_20190807T101029_B04_20m.jp2,20.0,native_target_grid,0,0,0,0.03426666666666667,GRANULE/L2A_T34VCM_A012632_20190807T101242/IMG_DATA/R20m/T34VCM_20190807T101029_B05_20m.jp2,20.0,native_target_grid,0,0,0,0.039066666666666666,GRANULE/L2A_T34VCM_A012632_20190807T101242/IMG_DATA/R20m/T34VCM_20190807T101029_B06_20m.jp2,20.0,native_target_grid,0,0,0,0.031855555555555554,GRANULE/L2A_T34VCM_A012632_20190807T101242/QI_DATA/MSK_QUALIT_B04.jp2,any_invalid_reduce_x2,10.0,GRANULE/L2A_T34VCM_A012632_20190807T101242/QI_DATA/MSK_QUALIT_B05.jp2,native_target_grid,20.0,GRANULE/L2A_T34VCM_A012632_20190807T101242/QI_DATA/MSK_QUALIT_B06.jp2,native_target_grid,20.0,present,GRANULE/L2A_T34VCM_A012632_20190807T101242/QI_DATA/MSK_CLASSI_B00.jp2,exact_footprint_expand_x3,60.0,present,GRANULE/L2A_T34VCM_A012632_20190807T101242/IMG_DATA/R20m/T34VCM_20190807T101029_SCL_20m.jp2,native_target_grid,20.0,9,,0,0.0,B04,0,0.0,B04,0,0.0,B04,0,0.0,B04,0,0.0,B04,0,0.0,B04,0,0.0,B04,0,0.0,B04,0,0.0,B05,0,0.0,B05,0,0.0,B05,0,0.0,B05,0,0.0,B05,0,0.0,B05,0,0.0,B05,0,0.0,B05,0,0.0,B06,0,0.0,B06,0,0.0,B06,0,0.0,B06,0,0.0,B06,0,0.0,B06,0,0.0,B06,0,0.0,B06,0,0.0,9,1.0,0,0.0,0,0.0,0,0.0,0,0.0,0,0.0,0,0.0,0,0.0,0,0.0,0,0.0,0,0.0,0,0,0,0,0.5333333333333333,0,0.0,,,,,,,0,0.0,,,,,,,0,0,0,0,0,0,0,0,False,False,NOT_SELECTED_REQUIRES_HUMAN_FREEZE
2019-08-07,2019,True,scl3x3_b1_w8_centernotbad_p0_class2zero_v1,frozen_representative,exact_unique,no_valid_pixels_after_qa_in_frozen_3x3_window,L1C,S2B_MSIL1C_20190807T101029_N0500_R022_T34VCM_20230722T223108,2019-08-07T10:10:29Z,S2B,T34VCM,22,N0500,2023-07-22T22:31:08Z,False,10000.0,MTD_MSIL1C.xml,N0500,product_metadata_PROCESSING_BASELINE,True,3,product_spectral_information_list,-1000.0,product_offset_list,(DN + -1000) / 10000,665.0,4,product_spectral_information_list,-1000.0,product_offset_list,(DN + -1000) / 10000,703.8,5,product_spectral_information_list,-1000.0,product_offset_list,(DN + -1000) / 10000,739.1,EPSG:32634,20.0,0.0,300000.0,0.0,-20.0,6700020.0,5490,5490,20.0,20.0,3200,3347,True,GRANULE/L1C_T34VCM_A012632_20190807T101242/IMG_DATA/T34VCM_20190807T101029_B04.jp2,10.0,block_mean_reduce_x2,0,0,0,0.061483333333333334,GRANULE/L1C_T34VCM_A012632_20190807T101242/IMG_DATA/T34VCM_20190807T101029_B05.jp2,20.0,native_target_grid,0,0,0,0.060877777777777774,GRANULE/L1C_T34VCM_A012632_20190807T101242/IMG_DATA/T34VCM_20190807T101029_B06.jp2,20.0,native_target_grid,0,0,0,0.06284444444444444,GRANULE/L1C_T34VCM_A012632_20190807T101242/QI_DATA/MSK_QUALIT_B04.jp2,any_invalid_reduce_x2,10.0,GRANULE/L1C_T34VCM_A012632_20190807T101242/QI_DATA/MSK_QUALIT_B05.jp2,native_target_grid,20.0,GRANULE/L1C_T34VCM_A012632_20190807T101242/QI_DATA/MSK_QUALIT_B06.jp2,native_target_grid,20.0,present,GRANULE/L1C_T34VCM_A012632_20190807T101242/QI_DATA/MSK_CLASSI_B00.jp2,exact_footprint_expand_x3,60.0,present,GRANULE/L2A_T34VCM_A012632_20190807T101242/IMG_DATA/R20m/T34VCM_20190807T101029_SCL_20m.jp2,native_target_grid,20.0,9,,0,0.0,B04,0,0.0,B04,0,0.0,B04,0,0.0,B04,0,0.0,B04,0,0.0,B04,0,0.0,B04,0,0.0,B04,0,0.0,B05,0,0.0,B05,0,0.0,B05,0,0.0,B05,0,0.0,B05,0,0.0,B05,0,0.0,B05,0,0.0,B05,0,0.0,B06,0,0.0,B06,0,0.0,B06,0,0.0,B06,0,0.0,B06,0,0.0,B06,0,0.0,B06,0,0.0,B06,0,0.0,9,1.0,0,0.0,0,0.0,0,0.0,0,0.0,0,0.0,0,0.0,0,0.0,0,0.0,0,0.0,0,0.0,0,0,0,0,0.5333333333333333,0,0.0,,,,,,,0,0.0,,,,,,,0,0,0,0,0,0,0,0,False,False,NOT_SELECTED_REQUIRES_HUMAN_FREEZE
2019-08-10,2019,False,scl3x3_b1_w8_centernotbad_p0_class2zero_v1,no_representative_frozen_scl_gate_failed,no_l2a_representative_for_date,no_frozen_representative_l2a_product_for_date,,,,,,,,,,,,,,,,,,,,,,,,,,,,,,,,,,,,,,,,,,,,,,,,,,,,,,,,,,,,,,,,,,,,,,,,,,,,,,,,,,,,,,,,,,,,,,,,,,,,,,,,,,,,,,,,,,,,,,,,,,,,,,,,,,,,,,,,,,,,,,,,,,,,,,,,,,,,,,,,,,,,,,,,,,,,,,,,,,,,,,,,,,,,,,,,,,,,,,,,,,,,,,,,,,,,,,
2019-08-12,2019,False,scl3x3_b1_w8_centernotbad_p0_class2zero_v1,no_representative_frozen_scl_gate_failed,no_l2a_representative_for_date,no_frozen_representative_l2a_product_for_date,,,,,,,,,,,,,,,,,,,,,,,,,,,,,,,,,,,,,,,,,,,,,,,,,,,,,,,,,,,,,,,,,,,,,,,,,,,,,,,,,,,,,,,,,,,,,,,,,,,,,,,,,,,,,,,,,,,,,,,,,,,,,,,,,,,,,,,,,,,,,,,,,,,,,,,,,,,,,,,,,,,,,,,,,,,,,,,,,,,,,,,,,,,,,,,,,,,,,,,,,,,,,,,,,,,,,,
2019-08-15,2019,False,scl3x3_b1_w8_centernotbad_p0_class2zero_v1,no_representative_frozen_scl_gate_failed,no_l2a_representative_for_date,no_frozen_representative_l2a_product_for_date,,,,,,,,,,,,,,,,,,,,,,,,,,,,,,,,,,,,,,,,,,,,,,,,,,,,,,,,,,,,,,,,,,,,,,,,,,,,,,,,,,,,,,,,,,,,,,,,,,,,,,,,,,,,,,,,,,,,,,,,,,,,,,,,,,,,,,,,,,,,,,,,,,,,,,,,,,,,,,,,,,,,,,,,,,,,,,,,,,,,,,,,,,,,,,,,,,,,,,,,,,,,,,,,,,,,,,
2019-08-17,2019,False,scl3x3_b1_w8_centernotbad_p0_class2zero_v1,no_representative_frozen_scl_gate_failed,no_l2a_representative_for_date,no_frozen_representative_l2a_product_for_date,,,,,,,,,,,,,,,,,,,,,,,,,,,,,,,,,,,,,,,,,,,,,,,,,,,,,,,,,,,,,,,,,,,,,,,,,,,,,,,,,,,,,,,,,,,,,,,,,,,,,,,,,,,,,,,,,,,,,,,,,,,,,,,,,,,,,,,,,,,,,,,,,,,,,,,,,,,,,,,,,,,,,,,,,,,,,,,,,,,,,,,,,,,,,,,,,,,,,,,,,,,,,,,,,,,,,,
2019-08-20,2019,False,scl3x3_b1_w8_centernotbad_p0_class2zero_v1,no_representative_frozen_scl_gate_failed,no_l2a_representative_for_date,no_frozen_representative_l2a_product_for_date,,,,,,,,,,,,,,,,,,,,,,,,,,,,,,,,,,,,,,,,,,,,,,,,,,,,,,,,,,,,,,,,,,,,,,,,,,,,,,,,,,,,,,,,,,,,,,,,,,,,,,,,,,,,,,,,,,,,,,,,,,,,,,,,,,,,,,,,,,,,,,,,,,,,,,,,,,,,,,,,,,,,,,,,,,,,,,,,,,,,,,,,,,,,,,,,,,,,,,,,,,,,,,,,,,,,,,
2019-08-30,2019,False,scl3x3_b1_w8_centernotbad_p0_class2zero_v1,no_representative_frozen_scl_gate_failed,no_l2a_representative_for_date,no_frozen_representative_l2a_product_for_date,,,,,,,,,,,,,,,,,,,,,,,,,,,,,,,,,,,,,,,,,,,,,,,,,,,,,,,,,,,,,,,,,,,,,,,,,,,,,,,,,,,,,,,,,,,,,,,,,,,,,,,,,,,,,,,,,,,,,,,,,,,,,,,,,,,,,,,,,,,,,,,,,,,,,,,,,,,,,,,,,,,,,,,,,,,,,,,,,,,,,,,,,,,,,,,,,,,,,,,,,,,,,,,,,,,,,,
2019-09-09,2019,False,scl3x3_b1_w8_centernotbad_p0_class2zero_v1,no_representative_frozen_scl_gate_failed,no_l2a_representative_for_date,no_frozen_representative_l2a_product_for_date,,,,,,,,,,,,,,,,,,,,,,,,,,,,,,,,,,,,,,,,,,,,,,,,,,,,,,,,,,,,,,,,,,,,,,,,,,,,,,,,,,,,,,,,,,,,,,,,,,,,,,,,,,,,,,,,,,,,,,,,,,,,,,,,,,,,,,,,,,,,,,,,,,,,,,,,,,,,,,,,,,,,,,,,,,,,,,,,,,,,,,,,,,,,,,,,,,,,,,,,,,,,,,,,,,,,,,
2019-09-11,2019,False,scl3x3_b1_w8_centernotbad_p0_class2zero_v1,no_representative_frozen_scl_gate_failed,no_l2a_representative_for_date,no_frozen_representative_l2a_product_for_date,,,,,,,,,,,,,,,,,,,,,,,,,,,,,,,,,,,,,,,,,,,,,,,,,,,,,,,,,,,,,,,,,,,,,,,,,,,,,,,,,,,,,,,,,,,,,,,,,,,,,,,,,,,,,,,,,,,,,,,,,,,,,,,,,,,,,,,,,,,,,,,,,,,,,,,,,,,,,,,,,,,,,,,,,,,,,,,,,,,,,,,,,,,,,,,,,,,,,,,,,,,,,,,,,,,,,,
2019-09-14,2019,False,scl3x3_b1_w8_centernotbad_p0_class2zero_v1,no_representative_frozen_scl_gate_failed,no_l2a_representative_for_date,no_frozen_representative_l2a_product_for_date,,,,,,,,,,,,,,,,,,,,,,,,,,,,,,,,,,,,,,,,,,,,,,,,,,,,,,,,,,,,,,,,,,,,,,,,,,,,,,,,,,,,,,,,,,,,,,,,,,,,,,,,,,,,,,,,,,,,,,,,,,,,,,,,,,,,,,,,,,,,,,,,,,,,,,,,,,,,,,,,,,,,,,,,,,,,,,,,,,,,,,,,,,,,,,,,,,,,,,,,,,,,,,,,,,,,,,
2019-09-16,2019,False,scl3x3_b1_w8_centernotbad_p0_class2zero_v1,no_representative_frozen_scl_gate_failed,no_l2a_representative_for_date,no_frozen_representative_l2a_product_for_date,,,,,,,,,,,,,,,,,,,,,,,,,,,,,,,,,,,,,,,,,,,,,,,,,,,,,,,,,,,,,,,,,,,,,,,,,,,,,,,,,,,,,,,,,,,,,,,,,,,,,,,,,,,,,,,,,,,,,,,,,,,,,,,,,,,,,,,,,,,,,,,,,,,,,,,,,,,,,,,,,,,,,,,,,,,,,,,,,,,,,,,,,,,,,,,,,,,,,,,,,,,,,,,,,,,,,,
2019-09-19,2019,False,scl3x3_b1_w8_centernotbad_p0_class2zero_v1,no_representative_frozen_scl_gate_failed,no_l2a_representative_for_date,no_frozen_representative_l2a_product_for_date,,,,,,,,,,,,,,,,,,,,,,,,,,,,,,,,,,,,,,,,,,,,,,,,,,,,,,,,,,,,,,,,,,,,,,,,,,,,,,,,,,,,,,,,,,,,,,,,,,,,,,,,,,,,,,,,,,,,,,,,,,,,,,,,,,,,,,,,,,,,,,,,,,,,,,,,,,,,,,,,,,,,,,,,,,,,,,,,,,,,,,,,,,,,,,,,,,,,,,,,,,,,,,,,,,,,,,
2019-09-21,2019,False,scl3x3_b1_w8_centernotbad_p0_class2zero_v1,no_representative_frozen_scl_gate_failed,no_l2a_representative_for_date,no_frozen_representative_l2a_product_for_date,,,,,,,,,,,,,,,,,,,,,,,,,,,,,,,,,,,,,,,,,,,,,,,,,,,,,,,,,,,,,,,,,,,,,,,,,,,,,,,,,,,,,,,,,,,,,,,,,,,,,,,,,,,,,,,,,,,,,,,,,,,,,,,,,,,,,,,,,,,,,,,,,,,,,,,,,,,,,,,,,,,,,,,,,,,,,,,,,,,,,,,,,,,,,,,,,,,,,,,,,,,,,,,,,,,,,,
2019-09-24,2019,False,scl3x3_b1_w8_centernotbad_p0_class2zero_v1,no_representative_frozen_scl_gate_failed,no_l2a_representative_for_date,no_frozen_representative_l2a_product_for_date,,,,,,,,,,,,,,,,,,,,,,,,,,,,,,,,,,,,,,,,,,,,,,,,,,,,,,,,,,,,,,,,,,,,,,,,,,,,,,,,,,,,,,,,,,,,,,,,,,,,,,,,,,,,,,,,,,,,,,,,,,,,,,,,,,,,,,,,,,,,,,,,,,,,,,,,,,,,,,,,,,,,,,,,,,,,,,,,,,,,,,,,,,,,,,,,,,,,,,,,,,,,,,,,,,,,,,
2019-09-29,2019,False,scl3x3_b1_w8_centernotbad_p0_class2zero_v1,no_representative_frozen_scl_gate_failed,no_l2a_representative_for_date,no_frozen_representative_l2a_product_for_date,,,,,,,,,,,,,,,,,,,,,,,,,,,,,,,,,,,,,,,,,,,,,,,,,,,,,,,,,,,,,,,,,,,,,,,,,,,,,,,,,,,,,,,,,,,,,,,,,,,,,,,,,,,,,,,,,,,,,,,,,,,,,,,,,,,,,,,,,,,,,,,,,,,,,,,,,,,,,,,,,,,,,,,,,,,,,,,,,,,,,,,,,,,,,,,,,,,,,,,,,,,,,,,,,,,,,,
2019-10-06,2019,False,scl3x3_b1_w8_centernotbad_p0_class2zero_v1,no_representative_frozen_scl_gate_failed,no_l2a_representative_for_date,no_frozen_representative_l2a_product_for_date,,,,,,,,,,,,,,,,,,,,,,,,,,,,,,,,,,,,,,,,,,,,,,,,,,,,,,,,,,,,,,,,,,,,,,,,,,,,,,,,,,,,,,,,,,,,,,,,,,,,,,,,,,,,,,,,,,,,,,,,,,,,,,,,,,,,,,,,,,,,,,,,,,,,,,,,,,,,,,,,,,,,,,,,,,,,,,,,,,,,,,,,,,,,,,,,,,,,,,,,,,,,,,,,,,,,,,
2019-10-09,2019,False,scl3x3_b1_w8_centernotbad_p0_class2zero_v1,no_representative_frozen_scl_gate_failed,no_l2a_representative_for_date,no_frozen_representative_l2a_product_for_date,,,,,,,,,,,,,,,,,,,,,,,,,,,,,,,,,,,,,,,,,,,,,,,,,,,,,,,,,,,,,,,,,,,,,,,,,,,,,,,,,,,,,,,,,,,,,,,,,,,,,,,,,,,,,,,,,,,,,,,,,,,,,,,,,,,,,,,,,,,,,,,,,,,,,,,,,,,,,,,,,,,,,,,,,,,,,,,,,,,,,,,,,,,,,,,,,,,,,,,,,,,,,,,,,,,,,,
2019-10-11,2019,False,scl3x3_b1_w8_centernotbad_p0_class2zero_v1,no_representative_frozen_scl_gate_failed,no_l2a_representative_for_date,no_frozen_representative_l2a_product_for_date,,,,,,,,,,,,,,,,,,,,,,,,,,,,,,,,,,,,,,,,,,,,,,,,,,,,,,,,,,,,,,,,,,,,,,,,,,,,,,,,,,,,,,,,,,,,,,,,,,,,,,,,,,,,,,,,,,,,,,,,,,,,,,,,,,,,,,,,,,,,,,,,,,,,,,,,,,,,,,,,,,,,,,,,,,,,,,,,,,,,,,,,,,,,,,,,,,,,,,,,,,,,,,,,,,,,,,
2019-10-14,2019,False,scl3x3_b1_w8_centernotbad_p0_class2zero_v1,no_representative_frozen_scl_gate_failed,no_l2a_representative_for_date,no_frozen_representative_l2a_product_for_date,,,,,,,,,,,,,,,,,,,,,,,,,,,,,,,,,,,,,,,,,,,,,,,,,,,,,,,,,,,,,,,,,,,,,,,,,,,,,,,,,,,,,,,,,,,,,,,,,,,,,,,,,,,,,,,,,,,,,,,,,,,,,,,,,,,,,,,,,,,,,,,,,,,,,,,,,,,,,,,,,,,,,,,,,,,,,,,,,,,,,,,,,,,,,,,,,,,,,,,,,,,,,,,,,,,,,,
2019-10-16,2019,False,scl3x3_b1_w8_centernotbad_p0_class2zero_v1,no_representative_frozen_scl_gate_failed,no_l2a_representative_for_date,no_frozen_representative_l2a_product_for_date,,,,,,,,,,,,,,,,,,,,,,,,,,,,,,,,,,,,,,,,,,,,,,,,,,,,,,,,,,,,,,,,,,,,,,,,,,,,,,,,,,,,,,,,,,,,,,,,,,,,,,,,,,,,,,,,,,,,,,,,,,,,,,,,,,,,,,,,,,,,,,,,,,,,,,,,,,,,,,,,,,,,,,,,,,,,,,,,,,,,,,,,,,,,,,,,,,,,,,,,,,,,,,,,,,,,,,
2019-10-21,2019,False,scl3x3_b1_w8_centernotbad_p0_class2zero_v1,no_representative_frozen_scl_gate_failed,no_l2a_representative_for_date,no_frozen_representative_l2a_product_for_date,,,,,,,,,,,,,,,,,,,,,,,,,,,,,,,,,,,,,,,,,,,,,,,,,,,,,,,,,,,,,,,,,,,,,,,,,,,,,,,,,,,,,,,,,,,,,,,,,,,,,,,,,,,,,,,,,,,,,,,,,,,,,,,,,,,,,,,,,,,,,,,,,,,,,,,,,,,,,,,,,,,,,,,,,,,,,,,,,,,,,,,,,,,,,,,,,,,,,,,,,,,,,,,,,,,,,,
2019-10-24,2019,False,scl3x3_b1_w8_centernotbad_p0_class2zero_v1,no_representative_frozen_scl_gate_failed,no_l2a_representative_for_date,no_frozen_representative_l2a_product_for_date,,,,,,,,,,,,,,,,,,,,,,,,,,,,,,,,,,,,,,,,,,,,,,,,,,,,,,,,,,,,,,,,,,,,,,,,,,,,,,,,,,,,,,,,,,,,,,,,,,,,,,,,,,,,,,,,,,,,,,,,,,,,,,,,,,,,,,,,,,,,,,,,,,,,,,,,,,,,,,,,,,,,,,,,,,,,,,,,,,,,,,,,,,,,,,,,,,,,,,,,,,,,,,,,,,,,,,
2019-10-26,2019,False,scl3x3_b1_w8_centernotbad_p0_class2zero_v1,no_representative_frozen_scl_gate_failed,no_l2a_representative_for_date,no_frozen_representative_l2a_product_for_date,,,,,,,,,,,,,,,,,,,,,,,,,,,,,,,,,,,,,,,,,,,,,,,,,,,,,,,,,,,,,,,,,,,,,,,,,,,,,,,,,,,,,,,,,,,,,,,,,,,,,,,,,,,,,,,,,,,,,,,,,,,,,,,,,,,,,,,,,,,,,,,,,,,,,,,,,,,,,,,,,,,,,,,,,,,,,,,,,,,,,,,,,,,,,,,,,,,,,,,,,,,,,,,,,,,,,,
2019-11-03,2019,True,scl3x3_b1_w8_centernotbad_p0_class2zero_v1,frozen_representative,exact_unique,no_valid_pixels_after_qa_in_frozen_3x3_window,L2A,S2A_MSIL2A_20191103T102211_N0500_R065_T34VCM_20230610T094957,2019-11-03T10:22:11Z,S2A,T34VCM,65,N0500,2023-06-10T09:49:57Z,False,10000.0,MTD_MSIL2A.xml,N0500,product_metadata_PROCESSING_BASELINE,True,3,product_spectral_information_list,-1000.0,product_offset_list,(DN + -1000) / 10000,664.6,4,product_spectral_information_list,-1000.0,product_offset_list,(DN + -1000) / 10000,704.1,5,product_spectral_information_list,-1000.0,product_offset_list,(DN + -1000) / 10000,740.5,EPSG:32634,20.0,0.0,300000.0,0.0,-20.0,6700020.0,5490,5490,20.0,20.0,3200,3347,True,GRANULE/L2A_T34VCM_A022799_20191103T102205/IMG_DATA/R20m/T34VCM_20191103T102211_B04_20m.jp2,20.0,native_target_grid,0,0,0,0.08896666666666667,GRANULE/L2A_T34VCM_A022799_20191103T102205/IMG_DATA/R20m/T34VCM_20191103T102211_B05_20m.jp2,20.0,native_target_grid,0,0,0,0.09023333333333333,GRANULE/L2A_T34VCM_A022799_20191103T102205/IMG_DATA/R20m/T34VCM_20191103T102211_B06_20m.jp2,20.0,native_target_grid,0,0,0,0.09095555555555557,GRANULE/L2A_T34VCM_A022799_20191103T102205/QI_DATA/MSK_QUALIT_B04.jp2,any_invalid_reduce_x2,10.0,GRANULE/L2A_T34VCM_A022799_20191103T102205/QI_DATA/MSK_QUALIT_B05.jp2,native_target_grid,20.0,GRANULE/L2A_T34VCM_A022799_20191103T102205/QI_DATA/MSK_QUALIT_B06.jp2,native_target_grid,20.0,present,GRANULE/L2A_T34VCM_A022799_20191103T102205/QI_DATA/MSK_CLASSI_B00.jp2,exact_footprint_expand_x3,60.0,present,GRANULE/L2A_T34VCM_A022799_20191103T102205/IMG_DATA/R20m/T34VCM_20191103T102211_SCL_20m.jp2,native_target_grid,20.0,9,,0,0.0,B04,0,0.0,B04,0,0.0,B04,0,0.0,B04,0,0.0,B04,0,0.0,B04,0,0.0,B04,0,0.0,B04,0,0.0,B05,0,0.0,B05,0,0.0,B05,0,0.0,B05,0,0.0,B05,0,0.0,B05,0,0.0,B05,0,0.0,B05,0,0.0,B06,0,0.0,B06,0,0.0,B06,0,0.0,B06,0,0.0,B06,0,0.0,B06,0,0.0,B06,0,0.0,B06,9,1.0,0,0.0,0,0.0,0,0.0,0,0.0,0,0.0,0,0.0,0,0.0,0,0.0,0,0.0,0,0.0,0,0.0,0,0,0,0,0.5333333333333333,0,0.0,,,,,,,0,0.0,,,,,,,0,0,0,0,0,0,0,0,False,False,NOT_SELECTED_REQUIRES_HUMAN_FREEZE
2019-11-03,2019,True,scl3x3_b1_w8_centernotbad_p0_class2zero_v1,frozen_representative,exact_unique,no_valid_pixels_after_qa_in_frozen_3x3_window,L1C,S2A_MSIL1C_20191103T102211_N0500_R065_T34VCM_20230609T192718,2019-11-03T10:22:11Z,S2A,T34VCM,65,N0500,2023-06-09T19:27:18Z,False,10000.0,MTD_MSIL1C.xml,N0500,product_metadata_PROCESSING_BASELINE,True,3,product_spectral_information_list,-1000.0,product_offset_list,(DN + -1000) / 10000,664.6,4,product_spectral_information_list,-1000.0,product_offset_list,(DN + -1000) / 10000,704.1,5,product_spectral_information_list,-1000.0,product_offset_list,(DN + -1000) / 10000,740.5,EPSG:32634,20.0,0.0,300000.0,0.0,-20.0,6700020.0,5490,5490,20.0,20.0,3200,3347,True,GRANULE/L1C_T34VCM_A022799_20191103T102205/IMG_DATA/T34VCM_20191103T102211_B04.jp2,10.0,block_mean_reduce_x2,0,0,0,0.10793055555555556,GRANULE/L1C_T34VCM_A022799_20191103T102205/IMG_DATA/T34VCM_20191103T102211_B05.jp2,20.0,native_target_grid,0,0,0,0.10573333333333333,GRANULE/L1C_T34VCM_A022799_20191103T102205/IMG_DATA/T34VCM_20191103T102211_B06.jp2,20.0,native_target_grid,0,0,0,0.10673333333333333,GRANULE/L1C_T34VCM_A022799_20191103T102205/QI_DATA/MSK_QUALIT_B04.jp2,any_invalid_reduce_x2,10.0,GRANULE/L1C_T34VCM_A022799_20191103T102205/QI_DATA/MSK_QUALIT_B05.jp2,native_target_grid,20.0,GRANULE/L1C_T34VCM_A022799_20191103T102205/QI_DATA/MSK_QUALIT_B06.jp2,native_target_grid,20.0,present,GRANULE/L1C_T34VCM_A022799_20191103T102205/QI_DATA/MSK_CLASSI_B00.jp2,exact_footprint_expand_x3,60.0,present,GRANULE/L2A_T34VCM_A022799_20191103T102205/IMG_DATA/R20m/T34VCM_20191103T102211_SCL_20m.jp2,native_target_grid,20.0,9,,0,0.0,B04,0,0.0,B04,0,0.0,B04,0,0.0,B04,0,0.0,B04,0,0.0,B04,0,0.0,B04,0,0.0,B04,0,0.0,B05,0,0.0,B05,0,0.0,B05,0,0.0,B05,0,0.0,B05,0,0.0,B05,0,0.0,B05,0,0.0,B05,0,0.0,B06,0,0.0,B06,0,0.0,B06,0,0.0,B06,0,0.0,B06,0,0.0,B06,0,0.0,B06,0,0.0,B06,9,1.0,0,0.0,0,0.0,0,0.0,0,0.0,0,0.0,0,0.0,0,0.0,0,0.0,0,0.0,0,0.0,0,0.0,0,0,0,0,0.5333333333333333,0,0.0,,,,,,,0,0.0,,,,,,,0,0,0,0,0,0,0,0,False,False,NOT_SELECTED_REQUIRES_HUMAN_FREEZE
2019-11-08,2019,False,scl3x3_b1_w8_centernotbad_p0_class2zero_v1,no_representative_frozen_scl_gate_failed,no_l2a_representative_for_date,no_frozen_representative_l2a_product_for_date,,,,,,,,,,,,,,,,,,,,,,,,,,,,,,,,,,,,,,,,,,,,,,,,,,,,,,,,,,,,,,,,,,,,,,,,,,,,,,,,,,,,,,,,,,,,,,,,,,,,,,,,,,,,,,,,,,,,,,,,,,,,,,,,,,,,,,,,,,,,,,,,,,,,,,,,,,,,,,,,,,,,,,,,,,,,,,,,,,,,,,,,,,,,,,,,,,,,,,,,,,,,,,,,,,,,,,
2019-11-10,2019,False,scl3x3_b1_w8_centernotbad_p0_class2zero_v1,no_representative_frozen_scl_gate_failed,no_l2a_representative_for_date,no_frozen_representative_l2a_product_for_date,,,,,,,,,,,,,,,,,,,,,,,,,,,,,,,,,,,,,,,,,,,,,,,,,,,,,,,,,,,,,,,,,,,,,,,,,,,,,,,,,,,,,,,,,,,,,,,,,,,,,,,,,,,,,,,,,,,,,,,,,,,,,,,,,,,,,,,,,,,,,,,,,,,,,,,,,,,,,,,,,,,,,,,,,,,,,,,,,,,,,,,,,,,,,,,,,,,,,,,,,,,,,,,,,,,,,,
2019-11-13,2019,False,scl3x3_b1_w8_centernotbad_p0_class2zero_v1,no_representative_frozen_scl_gate_failed,no_l2a_representative_for_date,no_frozen_representative_l2a_product_for_date,,,,,,,,,,,,,,,,,,,,,,,,,,,,,,,,,,,,,,,,,,,,,,,,,,,,,,,,,,,,,,,,,,,,,,,,,,,,,,,,,,,,,,,,,,,,,,,,,,,,,,,,,,,,,,,,,,,,,,,,,,,,,,,,,,,,,,,,,,,,,,,,,,,,,,,,,,,,,,,,,,,,,,,,,,,,,,,,,,,,,,,,,,,,,,,,,,,,,,,,,,,,,,,,,,,,,,
2019-11-15,2019,False,scl3x3_b1_w8_centernotbad_p0_class2zero_v1,no_representative_frozen_scl_gate_failed,no_l2a_representative_for_date,no_frozen_representative_l2a_product_for_date,,,,,,,,,,,,,,,,,,,,,,,,,,,,,,,,,,,,,,,,,,,,,,,,,,,,,,,,,,,,,,,,,,,,,,,,,,,,,,,,,,,,,,,,,,,,,,,,,,,,,,,,,,,,,,,,,,,,,,,,,,,,,,,,,,,,,,,,,,,,,,,,,,,,,,,,,,,,,,,,,,,,,,,,,,,,,,,,,,,,,,,,,,,,,,,,,,,,,,,,,,,,,,,,,,,,,,
2019-11-18,2019,False,scl3x3_b1_w8_centernotbad_p0_class2zero_v1,no_representative_frozen_scl_gate_failed,no_l2a_representative_for_date,no_frozen_representative_l2a_product_for_date,,,,,,,,,,,,,,,,,,,,,,,,,,,,,,,,,,,,,,,,,,,,,,,,,,,,,,,,,,,,,,,,,,,,,,,,,,,,,,,,,,,,,,,,,,,,,,,,,,,,,,,,,,,,,,,,,,,,,,,,,,,,,,,,,,,,,,,,,,,,,,,,,,,,,,,,,,,,,,,,,,,,,,,,,,,,,,,,,,,,,,,,,,,,,,,,,,,,,,,,,,,,,,,,,,,,,,
2019-11-20,2019,False,scl3x3_b1_w8_centernotbad_p0_class2zero_v1,no_representative_frozen_scl_gate_failed,no_l2a_representative_for_date,no_frozen_representative_l2a_product_for_date,,,,,,,,,,,,,,,,,,,,,,,,,,,,,,,,,,,,,,,,,,,,,,,,,,,,,,,,,,,,,,,,,,,,,,,,,,,,,,,,,,,,,,,,,,,,,,,,,,,,,,,,,,,,,,,,,,,,,,,,,,,,,,,,,,,,,,,,,,,,,,,,,,,,,,,,,,,,,,,,,,,,,,,,,,,,,,,,,,,,,,,,,,,,,,,,,,,,,,,,,,,,,,,,,,,,,,
2019-11-23,2019,False,scl3x3_b1_w8_centernotbad_p0_class2zero_v1,no_representative_frozen_scl_gate_failed,no_l2a_representative_for_date,no_frozen_representative_l2a_product_for_date,,,,,,,,,,,,,,,,,,,,,,,,,,,,,,,,,,,,,,,,,,,,,,,,,,,,,,,,,,,,,,,,,,,,,,,,,,,,,,,,,,,,,,,,,,,,,,,,,,,,,,,,,,,,,,,,,,,,,,,,,,,,,,,,,,,,,,,,,,,,,,,,,,,,,,,,,,,,,,,,,,,,,,,,,,,,,,,,,,,,,,,,,,,,,,,,,,,,,,,,,,,,,,,,,,,,,,
2019-11-28,2019,False,scl3x3_b1_w8_centernotbad_p0_class2zero_v1,no_representative_frozen_scl_gate_failed,no_l2a_representative_for_date,no_frozen_representative_l2a_product_for_date,,,,,,,,,,,,,,,,,,,,,,,,,,,,,,,,,,,,,,,,,,,,,,,,,,,,,,,,,,,,,,,,,,,,,,,,,,,,,,,,,,,,,,,,,,,,,,,,,,,,,,,,,,,,,,,,,,,,,,,,,,,,,,,,,,,,,,,,,,,,,,,,,,,,,,,,,,,,,,,,,,,,,,,,,,,,,,,,,,,,,,,,,,,,,,,,,,,,,,,,,,,,,,,,,,,,,,
2019-12-08,2019,False,scl3x3_b1_w8_centernotbad_p0_class2zero_v1,no_representative_frozen_scl_gate_failed,no_l2a_representative_for_date,no_frozen_representative_l2a_product_for_date,,,,,,,,,,,,,,,,,,,,,,,,,,,,,,,,,,,,,,,,,,,,,,,,,,,,,,,,,,,,,,,,,,,,,,,,,,,,,,,,,,,,,,,,,,,,,,,,,,,,,,,,,,,,,,,,,,,,,,,,,,,,,,,,,,,,,,,,,,,,,,,,,,,,,,,,,,,,,,,,,,,,,,,,,,,,,,,,,,,,,,,,,,,,,,,,,,,,,,,,,,,,,,,,,,,,,,
2019-12-15,2019,False,scl3x3_b1_w8_centernotbad_p0_class2zero_v1,no_representative_frozen_scl_gate_failed,no_l2a_representative_for_date,no_frozen_representative_l2a_product_for_date,,,,,,,,,,,,,,,,,,,,,,,,,,,,,,,,,,,,,,,,,,,,,,,,,,,,,,,,,,,,,,,,,,,,,,,,,,,,,,,,,,,,,,,,,,,,,,,,,,,,,,,,,,,,,,,,,,,,,,,,,,,,,,,,,,,,,,,,,,,,,,,,,,,,,,,,,,,,,,,,,,,,,,,,,,,,,,,,,,,,,,,,,,,,,,,,,,,,,,,,,,,,,,,,,,,,,,
2019-12-18,2019,False,scl3x3_b1_w8_centernotbad_p0_class2zero_v1,no_representative_frozen_scl_gate_failed,no_l2a_representative_for_date,no_frozen_representative_l2a_product_for_date,,,,,,,,,,,,,,,,,,,,,,,,,,,,,,,,,,,,,,,,,,,,,,,,,,,,,,,,,,,,,,,,,,,,,,,,,,,,,,,,,,,,,,,,,,,,,,,,,,,,,,,,,,,,,,,,,,,,,,,,,,,,,,,,,,,,,,,,,,,,,,,,,,,,,,,,,,,,,,,,,,,,,,,,,,,,,,,,,,,,,,,,,,,,,,,,,,,,,,,,,,,,,,,,,,,,,,
2019-12-25,2019,False,scl3x3_b1_w8_centernotbad_p0_class2zero_v1,no_representative_frozen_scl_gate_failed,no_l2a_representative_for_date,no_frozen_representative_l2a_product_for_date,,,,,,,,,,,,,,,,,,,,,,,,,,,,,,,,,,,,,,,,,,,,,,,,,,,,,,,,,,,,,,,,,,,,,,,,,,,,,,,,,,,,,,,,,,,,,,,,,,,,,,,,,,,,,,,,,,,,,,,,,,,,,,,,,,,,,,,,,,,,,,,,,,,,,,,,,,,,,,,,,,,,,,,,,,,,,,,,,,,,,,,,,,,,,,,,,,,,,,,,,,,,,,,,,,,,,,
2019-12-28,2019,False,scl3x3_b1_w8_centernotbad_p0_class2zero_v1,no_representative_frozen_scl_gate_failed,no_l2a_representative_for_date,no_frozen_representative_l2a_product_for_date,,,,,,,,,,,,,,,,,,,,,,,,,,,,,,,,,,,,,,,,,,,,,,,,,,,,,,,,,,,,,,,,,,,,,,,,,,,,,,,,,,,,,,,,,,,,,,,,,,,,,,,,,,,,,,,,,,,,,,,,,,,,,,,,,,,,,,,,,,,,,,,,,,,,,,,,,,,,,,,,,,,,,,,,,,,,,,,,,,,,,,,,,,,,,,,,,,,,,,,,,,,,,,,,,,,,,,
2020-01-04,2020,False,scl3x3_b1_w8_centernotbad_p0_class2zero_v1,no_representative_frozen_scl_gate_failed,no_l2a_representative_for_date,no_frozen_representative_l2a_product_for_date,,,,,,,,,,,,,,,,,,,,,,,,,,,,,,,,,,,,,,,,,,,,,,,,,,,,,,,,,,,,,,,,,,,,,,,,,,,,,,,,,,,,,,,,,,,,,,,,,,,,,,,,,,,,,,,,,,,,,,,,,,,,,,,,,,,,,,,,,,,,,,,,,,,,,,,,,,,,,,,,,,,,,,,,,,,,,,,,,,,,,,,,,,,,,,,,,,,,,,,,,,,,,,,,,,,,,,
2020-01-07,2020,False,scl3x3_b1_w8_centernotbad_p0_class2zero_v1,no_representative_frozen_scl_gate_failed,no_l2a_representative_for_date,no_frozen_representative_l2a_product_for_date,,,,,,,,,,,,,,,,,,,,,,,,,,,,,,,,,,,,,,,,,,,,,,,,,,,,,,,,,,,,,,,,,,,,,,,,,,,,,,,,,,,,,,,,,,,,,,,,,,,,,,,,,,,,,,,,,,,,,,,,,,,,,,,,,,,,,,,,,,,,,,,,,,,,,,,,,,,,,,,,,,,,,,,,,,,,,,,,,,,,,,,,,,,,,,,,,,,,,,,,,,,,,,,,,,,,,,
2020-01-14,2020,False,scl3x3_b1_w8_centernotbad_p0_class2zero_v1,no_representative_frozen_scl_gate_failed,no_l2a_representative_for_date,no_frozen_representative_l2a_product_for_date,,,,,,,,,,,,,,,,,,,,,,,,,,,,,,,,,,,,,,,,,,,,,,,,,,,,,,,,,,,,,,,,,,,,,,,,,,,,,,,,,,,,,,,,,,,,,,,,,,,,,,,,,,,,,,,,,,,,,,,,,,,,,,,,,,,,,,,,,,,,,,,,,,,,,,,,,,,,,,,,,,,,,,,,,,,,,,,,,,,,,,,,,,,,,,,,,,,,,,,,,,,,,,,,,,,,,,
2020-01-17,2020,False,scl3x3_b1_w8_centernotbad_p0_class2zero_v1,no_representative_frozen_scl_gate_failed,no_l2a_representative_for_date,no_frozen_representative_l2a_product_for_date,,,,,,,,,,,,,,,,,,,,,,,,,,,,,,,,,,,,,,,,,,,,,,,,,,,,,,,,,,,,,,,,,,,,,,,,,,,,,,,,,,,,,,,,,,,,,,,,,,,,,,,,,,,,,,,,,,,,,,,,,,,,,,,,,,,,,,,,,,,,,,,,,,,,,,,,,,,,,,,,,,,,,,,,,,,,,,,,,,,,,,,,,,,,,,,,,,,,,,,,,,,,,,,,,,,,,,
2020-01-22,2020,False,scl3x3_b1_w8_centernotbad_p0_class2zero_v1,no_representative_frozen_scl_gate_failed,no_l2a_representative_for_date,no_frozen_representative_l2a_product_for_date,,,,,,,,,,,,,,,,,,,,,,,,,,,,,,,,,,,,,,,,,,,,,,,,,,,,,,,,,,,,,,,,,,,,,,,,,,,,,,,,,,,,,,,,,,,,,,,,,,,,,,,,,,,,,,,,,,,,,,,,,,,,,,,,,,,,,,,,,,,,,,,,,,,,,,,,,,,,,,,,,,,,,,,,,,,,,,,,,,,,,,,,,,,,,,,,,,,,,,,,,,,,,,,,,,,,,,
2020-01-27,2020,False,scl3x3_b1_w8_centernotbad_p0_class2zero_v1,no_representative_frozen_scl_gate_failed,no_l2a_representative_for_date,no_frozen_representative_l2a_product_for_date,,,,,,,,,,,,,,,,,,,,,,,,,,,,,,,,,,,,,,,,,,,,,,,,,,,,,,,,,,,,,,,,,,,,,,,,,,,,,,,,,,,,,,,,,,,,,,,,,,,,,,,,,,,,,,,,,,,,,,,,,,,,,,,,,,,,,,,,,,,,,,,,,,,,,,,,,,,,,,,,,,,,,,,,,,,,,,,,,,,,,,,,,,,,,,,,,,,,,,,,,,,,,,,,,,,,,,
2020-01-29,2020,False,scl3x3_b1_w8_centernotbad_p0_class2zero_v1,no_representative_frozen_scl_gate_failed,no_l2a_representative_for_date,no_frozen_representative_l2a_product_for_date,,,,,,,,,,,,,,,,,,,,,,,,,,,,,,,,,,,,,,,,,,,,,,,,,,,,,,,,,,,,,,,,,,,,,,,,,,,,,,,,,,,,,,,,,,,,,,,,,,,,,,,,,,,,,,,,,,,,,,,,,,,,,,,,,,,,,,,,,,,,,,,,,,,,,,,,,,,,,,,,,,,,,,,,,,,,,,,,,,,,,,,,,,,,,,,,,,,,,,,,,,,,,,,,,,,,,,
2020-02-01,2020,False,scl3x3_b1_w8_centernotbad_p0_class2zero_v1,no_representative_frozen_scl_gate_failed,no_l2a_representative_for_date,no_frozen_representative_l2a_product_for_date,,,,,,,,,,,,,,,,,,,,,,,,,,,,,,,,,,,,,,,,,,,,,,,,,,,,,,,,,,,,,,,,,,,,,,,,,,,,,,,,,,,,,,,,,,,,,,,,,,,,,,,,,,,,,,,,,,,,,,,,,,,,,,,,,,,,,,,,,,,,,,,,,,,,,,,,,,,,,,,,,,,,,,,,,,,,,,,,,,,,,,,,,,,,,,,,,,,,,,,,,,,,,,,,,,,,,,
2020-02-08,2020,False,scl3x3_b1_w8_centernotbad_p0_class2zero_v1,no_representative_frozen_scl_gate_failed,no_l2a_representative_for_date,no_frozen_representative_l2a_product_for_date,,,,,,,,,,,,,,,,,,,,,,,,,,,,,,,,,,,,,,,,,,,,,,,,,,,,,,,,,,,,,,,,,,,,,,,,,,,,,,,,,,,,,,,,,,,,,,,,,,,,,,,,,,,,,,,,,,,,,,,,,,,,,,,,,,,,,,,,,,,,,,,,,,,,,,,,,,,,,,,,,,,,,,,,,,,,,,,,,,,,,,,,,,,,,,,,,,,,,,,,,,,,,,,,,,,,,,
2020-02-16,2020,False,scl3x3_b1_w8_centernotbad_p0_class2zero_v1,no_representative_frozen_scl_gate_failed,no_l2a_representative_for_date,no_frozen_representative_l2a_product_for_date,,,,,,,,,,,,,,,,,,,,,,,,,,,,,,,,,,,,,,,,,,,,,,,,,,,,,,,,,,,,,,,,,,,,,,,,,,,,,,,,,,,,,,,,,,,,,,,,,,,,,,,,,,,,,,,,,,,,,,,,,,,,,,,,,,,,,,,,,,,,,,,,,,,,,,,,,,,,,,,,,,,,,,,,,,,,,,,,,,,,,,,,,,,,,,,,,,,,,,,,,,,,,,,,,,,,,,
2020-02-18,2020,False,scl3x3_b1_w8_centernotbad_p0_class2zero_v1,no_representative_frozen_scl_gate_failed,no_l2a_representative_for_date,no_frozen_representative_l2a_product_for_date,,,,,,,,,,,,,,,,,,,,,,,,,,,,,,,,,,,,,,,,,,,,,,,,,,,,,,,,,,,,,,,,,,,,,,,,,,,,,,,,,,,,,,,,,,,,,,,,,,,,,,,,,,,,,,,,,,,,,,,,,,,,,,,,,,,,,,,,,,,,,,,,,,,,,,,,,,,,,,,,,,,,,,,,,,,,,,,,,,,,,,,,,,,,,,,,,,,,,,,,,,,,,,,,,,,,,,
2020-03-02,2020,False,scl3x3_b1_w8_centernotbad_p0_class2zero_v1,no_representative_frozen_scl_gate_failed,no_l2a_representative_for_date,no_frozen_representative_l2a_product_for_date,,,,,,,,,,,,,,,,,,,,,,,,,,,,,,,,,,,,,,,,,,,,,,,,,,,,,,,,,,,,,,,,,,,,,,,,,,,,,,,,,,,,,,,,,,,,,,,,,,,,,,,,,,,,,,,,,,,,,,,,,,,,,,,,,,,,,,,,,,,,,,,,,,,,,,,,,,,,,,,,,,,,,,,,,,,,,,,,,,,,,,,,,,,,,,,,,,,,,,,,,,,,,,,,,,,,,,
2020-03-04,2020,False,scl3x3_b1_w8_centernotbad_p0_class2zero_v1,no_representative_frozen_scl_gate_failed,no_l2a_representative_for_date,no_frozen_representative_l2a_product_for_date,,,,,,,,,,,,,,,,,,,,,,,,,,,,,,,,,,,,,,,,,,,,,,,,,,,,,,,,,,,,,,,,,,,,,,,,,,,,,,,,,,,,,,,,,,,,,,,,,,,,,,,,,,,,,,,,,,,,,,,,,,,,,,,,,,,,,,,,,,,,,,,,,,,,,,,,,,,,,,,,,,,,,,,,,,,,,,,,,,,,,,,,,,,,,,,,,,,,,,,,,,,,,,,,,,,,,,
2020-03-07,2020,False,scl3x3_b1_w8_centernotbad_p0_class2zero_v1,no_representative_frozen_scl_gate_failed,no_l2a_representative_for_date,no_frozen_representative_l2a_product_for_date,,,,,,,,,,,,,,,,,,,,,,,,,,,,,,,,,,,,,,,,,,,,,,,,,,,,,,,,,,,,,,,,,,,,,,,,,,,,,,,,,,,,,,,,,,,,,,,,,,,,,,,,,,,,,,,,,,,,,,,,,,,,,,,,,,,,,,,,,,,,,,,,,,,,,,,,,,,,,,,,,,,,,,,,,,,,,,,,,,,,,,,,,,,,,,,,,,,,,,,,,,,,,,,,,,,,,,
2020-03-09,2020,False,scl3x3_b1_w8_centernotbad_p0_class2zero_v1,no_representative_frozen_scl_gate_failed,no_l2a_representative_for_date,no_frozen_representative_l2a_product_for_date,,,,,,,,,,,,,,,,,,,,,,,,,,,,,,,,,,,,,,,,,,,,,,,,,,,,,,,,,,,,,,,,,,,,,,,,,,,,,,,,,,,,,,,,,,,,,,,,,,,,,,,,,,,,,,,,,,,,,,,,,,,,,,,,,,,,,,,,,,,,,,,,,,,,,,,,,,,,,,,,,,,,,,,,,,,,,,,,,,,,,,,,,,,,,,,,,,,,,,,,,,,,,,,,,,,,,,
2020-03-12,2020,False,scl3x3_b1_w8_centernotbad_p0_class2zero_v1,no_representative_frozen_scl_gate_failed,no_l2a_representative_for_date,no_frozen_representative_l2a_product_for_date,,,,,,,,,,,,,,,,,,,,,,,,,,,,,,,,,,,,,,,,,,,,,,,,,,,,,,,,,,,,,,,,,,,,,,,,,,,,,,,,,,,,,,,,,,,,,,,,,,,,,,,,,,,,,,,,,,,,,,,,,,,,,,,,,,,,,,,,,,,,,,,,,,,,,,,,,,,,,,,,,,,,,,,,,,,,,,,,,,,,,,,,,,,,,,,,,,,,,,,,,,,,,,,,,,,,,,
2020-03-17,2020,False,scl3x3_b1_w8_centernotbad_p0_class2zero_v1,no_representative_frozen_scl_gate_failed,no_l2a_representative_for_date,no_frozen_representative_l2a_product_for_date,,,,,,,,,,,,,,,,,,,,,,,,,,,,,,,,,,,,,,,,,,,,,,,,,,,,,,,,,,,,,,,,,,,,,,,,,,,,,,,,,,,,,,,,,,,,,,,,,,,,,,,,,,,,,,,,,,,,,,,,,,,,,,,,,,,,,,,,,,,,,,,,,,,,,,,,,,,,,,,,,,,,,,,,,,,,,,,,,,,,,,,,,,,,,,,,,,,,,,,,,,,,,,,,,,,,,,
2020-03-24,2020,False,scl3x3_b1_w8_centernotbad_p0_class2zero_v1,no_representative_frozen_scl_gate_failed,no_l2a_representative_for_date,no_frozen_representative_l2a_product_for_date,,,,,,,,,,,,,,,,,,,,,,,,,,,,,,,,,,,,,,,,,,,,,,,,,,,,,,,,,,,,,,,,,,,,,,,,,,,,,,,,,,,,,,,,,,,,,,,,,,,,,,,,,,,,,,,,,,,,,,,,,,,,,,,,,,,,,,,,,,,,,,,,,,,,,,,,,,,,,,,,,,,,,,,,,,,,,,,,,,,,,,,,,,,,,,,,,,,,,,,,,,,,,,,,,,,,,,
2020-03-27,2020,False,scl3x3_b1_w8_centernotbad_p0_class2zero_v1,no_representative_frozen_scl_gate_failed,no_l2a_representative_for_date,no_frozen_representative_l2a_product_for_date,,,,,,,,,,,,,,,,,,,,,,,,,,,,,,,,,,,,,,,,,,,,,,,,,,,,,,,,,,,,,,,,,,,,,,,,,,,,,,,,,,,,,,,,,,,,,,,,,,,,,,,,,,,,,,,,,,,,,,,,,,,,,,,,,,,,,,,,,,,,,,,,,,,,,,,,,,,,,,,,,,,,,,,,,,,,,,,,,,,,,,,,,,,,,,,,,,,,,,,,,,,,,,,,,,,,,,
2020-04-06,2020,False,scl3x3_b1_w8_centernotbad_p0_class2zero_v1,no_representative_frozen_scl_gate_failed,no_l2a_representative_for_date,no_frozen_representative_l2a_product_for_date,,,,,,,,,,,,,,,,,,,,,,,,,,,,,,,,,,,,,,,,,,,,,,,,,,,,,,,,,,,,,,,,,,,,,,,,,,,,,,,,,,,,,,,,,,,,,,,,,,,,,,,,,,,,,,,,,,,,,,,,,,,,,,,,,,,,,,,,,,,,,,,,,,,,,,,,,,,,,,,,,,,,,,,,,,,,,,,,,,,,,,,,,,,,,,,,,,,,,,,,,,,,,,,,,,,,,,
2020-04-08,2020,False,scl3x3_b1_w8_centernotbad_p0_class2zero_v1,no_representative_frozen_scl_gate_failed,no_l2a_representative_for_date,no_frozen_representative_l2a_product_for_date,,,,,,,,,,,,,,,,,,,,,,,,,,,,,,,,,,,,,,,,,,,,,,,,,,,,,,,,,,,,,,,,,,,,,,,,,,,,,,,,,,,,,,,,,,,,,,,,,,,,,,,,,,,,,,,,,,,,,,,,,,,,,,,,,,,,,,,,,,,,,,,,,,,,,,,,,,,,,,,,,,,,,,,,,,,,,,,,,,,,,,,,,,,,,,,,,,,,,,,,,,,,,,,,,,,,,,
2020-04-13,2020,False,scl3x3_b1_w8_centernotbad_p0_class2zero_v1,no_representative_frozen_scl_gate_failed,no_l2a_representative_for_date,no_frozen_representative_l2a_product_for_date,,,,,,,,,,,,,,,,,,,,,,,,,,,,,,,,,,,,,,,,,,,,,,,,,,,,,,,,,,,,,,,,,,,,,,,,,,,,,,,,,,,,,,,,,,,,,,,,,,,,,,,,,,,,,,,,,,,,,,,,,,,,,,,,,,,,,,,,,,,,,,,,,,,,,,,,,,,,,,,,,,,,,,,,,,,,,,,,,,,,,,,,,,,,,,,,,,,,,,,,,,,,,,,,,,,,,,
2020-04-26,2020,False,scl3x3_b1_w8_centernotbad_p0_class2zero_v1,no_representative_frozen_scl_gate_failed,no_l2a_representative_for_date,no_frozen_representative_l2a_product_for_date,,,,,,,,,,,,,,,,,,,,,,,,,,,,,,,,,,,,,,,,,,,,,,,,,,,,,,,,,,,,,,,,,,,,,,,,,,,,,,,,,,,,,,,,,,,,,,,,,,,,,,,,,,,,,,,,,,,,,,,,,,,,,,,,,,,,,,,,,,,,,,,,,,,,,,,,,,,,,,,,,,,,,,,,,,,,,,,,,,,,,,,,,,,,,,,,,,,,,,,,,,,,,,,,,,,,,,
2020-04-28,2020,False,scl3x3_b1_w8_centernotbad_p0_class2zero_v1,no_representative_frozen_scl_gate_failed,no_l2a_representative_for_date,no_frozen_representative_l2a_product_for_date,,,,,,,,,,,,,,,,,,,,,,,,,,,,,,,,,,,,,,,,,,,,,,,,,,,,,,,,,,,,,,,,,,,,,,,,,,,,,,,,,,,,,,,,,,,,,,,,,,,,,,,,,,,,,,,,,,,,,,,,,,,,,,,,,,,,,,,,,,,,,,,,,,,,,,,,,,,,,,,,,,,,,,,,,,,,,,,,,,,,,,,,,,,,,,,,,,,,,,,,,,,,,,,,,,,,,,
2020-05-01,2020,False,scl3x3_b1_w8_centernotbad_p0_class2zero_v1,no_representative_frozen_scl_gate_failed,no_l2a_representative_for_date,no_frozen_representative_l2a_product_for_date,,,,,,,,,,,,,,,,,,,,,,,,,,,,,,,,,,,,,,,,,,,,,,,,,,,,,,,,,,,,,,,,,,,,,,,,,,,,,,,,,,,,,,,,,,,,,,,,,,,,,,,,,,,,,,,,,,,,,,,,,,,,,,,,,,,,,,,,,,,,,,,,,,,,,,,,,,,,,,,,,,,,,,,,,,,,,,,,,,,,,,,,,,,,,,,,,,,,,,,,,,,,,,,,,,,,,,
2020-05-03,2020,False,scl3x3_b1_w8_centernotbad_p0_class2zero_v1,no_representative_frozen_scl_gate_failed,no_l2a_representative_for_date,no_frozen_representative_l2a_product_for_date,,,,,,,,,,,,,,,,,,,,,,,,,,,,,,,,,,,,,,,,,,,,,,,,,,,,,,,,,,,,,,,,,,,,,,,,,,,,,,,,,,,,,,,,,,,,,,,,,,,,,,,,,,,,,,,,,,,,,,,,,,,,,,,,,,,,,,,,,,,,,,,,,,,,,,,,,,,,,,,,,,,,,,,,,,,,,,,,,,,,,,,,,,,,,,,,,,,,,,,,,,,,,,,,,,,,,,
2020-05-06,2020,False,scl3x3_b1_w8_centernotbad_p0_class2zero_v1,no_representative_frozen_scl_gate_failed,no_l2a_representative_for_date,no_frozen_representative_l2a_product_for_date,,,,,,,,,,,,,,,,,,,,,,,,,,,,,,,,,,,,,,,,,,,,,,,,,,,,,,,,,,,,,,,,,,,,,,,,,,,,,,,,,,,,,,,,,,,,,,,,,,,,,,,,,,,,,,,,,,,,,,,,,,,,,,,,,,,,,,,,,,,,,,,,,,,,,,,,,,,,,,,,,,,,,,,,,,,,,,,,,,,,,,,,,,,,,,,,,,,,,,,,,,,,,,,,,,,,,,
2020-05-11,2020,False,scl3x3_b1_w8_centernotbad_p0_class2zero_v1,no_representative_frozen_scl_gate_failed,no_l2a_representative_for_date,no_frozen_representative_l2a_product_for_date,,,,,,,,,,,,,,,,,,,,,,,,,,,,,,,,,,,,,,,,,,,,,,,,,,,,,,,,,,,,,,,,,,,,,,,,,,,,,,,,,,,,,,,,,,,,,,,,,,,,,,,,,,,,,,,,,,,,,,,,,,,,,,,,,,,,,,,,,,,,,,,,,,,,,,,,,,,,,,,,,,,,,,,,,,,,,,,,,,,,,,,,,,,,,,,,,,,,,,,,,,,,,,,,,,,,,,
2020-05-13,2020,False,scl3x3_b1_w8_centernotbad_p0_class2zero_v1,no_representative_frozen_scl_gate_failed,no_l2a_representative_for_date,no_frozen_representative_l2a_product_for_date,,,,,,,,,,,,,,,,,,,,,,,,,,,,,,,,,,,,,,,,,,,,,,,,,,,,,,,,,,,,,,,,,,,,,,,,,,,,,,,,,,,,,,,,,,,,,,,,,,,,,,,,,,,,,,,,,,,,,,,,,,,,,,,,,,,,,,,,,,,,,,,,,,,,,,,,,,,,,,,,,,,,,,,,,,,,,,,,,,,,,,,,,,,,,,,,,,,,,,,,,,,,,,,,,,,,,,
2020-05-16,2020,False,scl3x3_b1_w8_centernotbad_p0_class2zero_v1,no_representative_frozen_scl_gate_failed,no_l2a_representative_for_date,no_frozen_representative_l2a_product_for_date,,,,,,,,,,,,,,,,,,,,,,,,,,,,,,,,,,,,,,,,,,,,,,,,,,,,,,,,,,,,,,,,,,,,,,,,,,,,,,,,,,,,,,,,,,,,,,,,,,,,,,,,,,,,,,,,,,,,,,,,,,,,,,,,,,,,,,,,,,,,,,,,,,,,,,,,,,,,,,,,,,,,,,,,,,,,,,,,,,,,,,,,,,,,,,,,,,,,,,,,,,,,,,,,,,,,,,
2020-05-18,2020,False,scl3x3_b1_w8_centernotbad_p0_class2zero_v1,no_representative_frozen_scl_gate_failed,no_l2a_representative_for_date,no_frozen_representative_l2a_product_for_date,,,,,,,,,,,,,,,,,,,,,,,,,,,,,,,,,,,,,,,,,,,,,,,,,,,,,,,,,,,,,,,,,,,,,,,,,,,,,,,,,,,,,,,,,,,,,,,,,,,,,,,,,,,,,,,,,,,,,,,,,,,,,,,,,,,,,,,,,,,,,,,,,,,,,,,,,,,,,,,,,,,,,,,,,,,,,,,,,,,,,,,,,,,,,,,,,,,,,,,,,,,,,,,,,,,,,,
2020-05-23,2020,False,scl3x3_b1_w8_centernotbad_p0_class2zero_v1,no_representative_frozen_scl_gate_failed,no_l2a_representative_for_date,no_frozen_representative_l2a_product_for_date,,,,,,,,,,,,,,,,,,,,,,,,,,,,,,,,,,,,,,,,,,,,,,,,,,,,,,,,,,,,,,,,,,,,,,,,,,,,,,,,,,,,,,,,,,,,,,,,,,,,,,,,,,,,,,,,,,,,,,,,,,,,,,,,,,,,,,,,,,,,,,,,,,,,,,,,,,,,,,,,,,,,,,,,,,,,,,,,,,,,,,,,,,,,,,,,,,,,,,,,,,,,,,,,,,,,,,
2020-05-28,2020,False,scl3x3_b1_w8_centernotbad_p0_class2zero_v1,no_representative_frozen_scl_gate_failed,no_l2a_representative_for_date,no_frozen_representative_l2a_product_for_date,,,,,,,,,,,,,,,,,,,,,,,,,,,,,,,,,,,,,,,,,,,,,,,,,,,,,,,,,,,,,,,,,,,,,,,,,,,,,,,,,,,,,,,,,,,,,,,,,,,,,,,,,,,,,,,,,,,,,,,,,,,,,,,,,,,,,,,,,,,,,,,,,,,,,,,,,,,,,,,,,,,,,,,,,,,,,,,,,,,,,,,,,,,,,,,,,,,,,,,,,,,,,,,,,,,,,,
2020-06-05,2020,True,scl3x3_b1_w8_centernotbad_p0_class2zero_v1,frozen_representative,exact_unique,no_valid_pixels_after_qa_in_frozen_3x3_window,L2A,S2B_MSIL2A_20200605T101559_N0500_R065_T34VCM_20230616T115605,2020-06-05T10:15:59Z,S2B,T34VCM,65,N0500,2023-06-16T11:56:05Z,False,10000.0,MTD_MSIL2A.xml,N0500,product_metadata_PROCESSING_BASELINE,True,3,product_spectral_information_list,-1000.0,product_offset_list,(DN + -1000) / 10000,665.0,4,product_spectral_information_list,-1000.0,product_offset_list,(DN + -1000) / 10000,703.8,5,product_spectral_information_list,-1000.0,product_offset_list,(DN + -1000) / 10000,739.1,EPSG:32634,20.0,0.0,300000.0,0.0,-20.0,6700020.0,5490,5490,20.0,20.0,3200,3347,True,GRANULE/L2A_T34VCM_A016965_20200605T101559/IMG_DATA/R20m/T34VCM_20200605T101559_B04_20m.jp2,20.0,native_target_grid,0,0,0,0.028077777777777774,GRANULE/L2A_T34VCM_A016965_20200605T101559/IMG_DATA/R20m/T34VCM_20200605T101559_B05_20m.jp2,20.0,native_target_grid,0,0,0,0.03166666666666666,GRANULE/L2A_T34VCM_A016965_20200605T101559/IMG_DATA/R20m/T34VCM_20200605T101559_B06_20m.jp2,20.0,native_target_grid,0,0,0,0.038266666666666664,GRANULE/L2A_T34VCM_A016965_20200605T101559/QI_DATA/MSK_QUALIT_B04.jp2,any_invalid_reduce_x2,10.0,GRANULE/L2A_T34VCM_A016965_20200605T101559/QI_DATA/MSK_QUALIT_B05.jp2,native_target_grid,20.0,GRANULE/L2A_T34VCM_A016965_20200605T101559/QI_DATA/MSK_QUALIT_B06.jp2,native_target_grid,20.0,present,GRANULE/L2A_T34VCM_A016965_20200605T101559/QI_DATA/MSK_CLASSI_B00.jp2,exact_footprint_expand_x3,60.0,present,GRANULE/L2A_T34VCM_A016965_20200605T101559/IMG_DATA/R20m/T34VCM_20200605T101559_SCL_20m.jp2,native_target_grid,20.0,9,,0,0.0,B04,0,0.0,B04,0,0.0,B04,0,0.0,B04,0,0.0,B04,0,0.0,B04,0,0.0,B04,0,0.0,B04,0,0.0,B05,0,0.0,B05,0,0.0,B05,0,0.0,B05,0,0.0,B05,0,0.0,B05,0,0.0,B05,0,0.0,B05,0,0.0,B06,0,0.0,B06,0,0.0,B06,0,0.0,B06,0,0.0,B06,0,0.0,B06,0,0.0,B06,0,0.0,B06,9,1.0,0,0.0,0,0.0,0,0.0,0,0.0,0,0.0,0,0.0,0,0.0,0,0.0,0,0.0,0,0.0,0,0.0,0,0,0,0,0.5333333333333333,0,0.0,,,,,,,0,0.0,,,,,,,0,0,0,0,0,0,0,0,False,False,NOT_SELECTED_REQUIRES_HUMAN_FREEZE
2020-06-05,2020,True,scl3x3_b1_w8_centernotbad_p0_class2zero_v1,frozen_representative,exact_unique,no_valid_pixels_after_qa_in_frozen_3x3_window,L1C,S2B_MSIL1C_20200605T101559_N0500_R065_T34VCM_20230616T040205,2020-06-05T10:15:59Z,S2B,T34VCM,65,N0500,2023-06-16T04:02:05Z,False,10000.0,MTD_MSIL1C.xml,N0500,product_metadata_PROCESSING_BASELINE,True,3,product_spectral_information_list,-1000.0,product_offset_list,(DN + -1000) / 10000,665.0,4,product_spectral_information_list,-1000.0,product_offset_list,(DN + -1000) / 10000,703.8,5,product_spectral_information_list,-1000.0,product_offset_list,(DN + -1000) / 10000,739.1,EPSG:32634,20.0,0.0,300000.0,0.0,-20.0,6700020.0,5490,5490,20.0,20.0,3200,3347,True,GRANULE/L1C_T34VCM_A016965_20200605T101559/IMG_DATA/T34VCM_20200605T101559_B04.jp2,10.0,block_mean_reduce_x2,0,0,0,0.04801388888888889,GRANULE/L1C_T34VCM_A016965_20200605T101559/IMG_DATA/T34VCM_20200605T101559_B05.jp2,20.0,native_target_grid,0,0,0,0.04694444444444444,GRANULE/L1C_T34VCM_A016965_20200605T101559/IMG_DATA/T34VCM_20200605T101559_B06.jp2,20.0,native_target_grid,0,0,0,0.05425555555555555,GRANULE/L1C_T34VCM_A016965_20200605T101559/QI_DATA/MSK_QUALIT_B04.jp2,any_invalid_reduce_x2,10.0,GRANULE/L1C_T34VCM_A016965_20200605T101559/QI_DATA/MSK_QUALIT_B05.jp2,native_target_grid,20.0,GRANULE/L1C_T34VCM_A016965_20200605T101559/QI_DATA/MSK_QUALIT_B06.jp2,native_target_grid,20.0,present,GRANULE/L1C_T34VCM_A016965_20200605T101559/QI_DATA/MSK_CLASSI_B00.jp2,exact_footprint_expand_x3,60.0,present,GRANULE/L2A_T34VCM_A016965_20200605T101559/IMG_DATA/R20m/T34VCM_20200605T101559_SCL_20m.jp2,native_target_grid,20.0,9,,0,0.0,B04,0,0.0,B04,0,0.0,B04,0,0.0,B04,0,0.0,B04,0,0.0,B04,0,0.0,B04,0,0.0,B04,0,0.0,B05,0,0.0,B05,0,0.0,B05,0,0.0,B05,0,0.0,B05,0,0.0,B05,0,0.0,B05,0,0.0,B05,0,0.0,B06,0,0.0,B06,0,0.0,B06,0,0.0,B06,0,0.0,B06,0,0.0,B06,0,0.0,B06,0,0.0,B06,9,1.0,0,0.0,0,0.0,0,0.0,0,0.0,0,0.0,0,0.0,0,0.0,0,0.0,0,0.0,0,0.0,0,0.0,0,0,0,0,0.5333333333333333,0,0.0,,,,,,,0,0.0,,,,,,,0,0,0,0,0,0,0,0,False,False,NOT_SELECTED_REQUIRES_HUMAN_FREEZE
2020-06-07,2020,True,scl3x3_b1_w8_centernotbad_p0_class2zero_v1,frozen_representative,exact_unique,no_valid_pixels_after_qa_in_frozen_3x3_window,L2A,S2A_MSIL2A_20200607T101031_N0500_R022_T34VCM_20230325T194752,2020-06-07T10:10:31Z,S2A,T34VCM,22,N0500,2023-03-25T19:47:52Z,False,10000.0,MTD_MSIL2A.xml,N0500,product_metadata_PROCESSING_BASELINE,True,3,product_spectral_information_list,-1000.0,product_offset_list,(DN + -1000) / 10000,664.6,4,product_spectral_information_list,-1000.0,product_offset_list,(DN + -1000) / 10000,704.1,5,product_spectral_information_list,-1000.0,product_offset_list,(DN + -1000) / 10000,740.5,EPSG:32634,20.0,0.0,300000.0,0.0,-20.0,6700020.0,5490,5490,20.0,20.0,3200,3347,True,GRANULE/L2A_T34VCM_A025902_20200607T101031/IMG_DATA/R20m/T34VCM_20200607T101031_B04_20m.jp2,20.0,native_target_grid,0,0,0,0.011,GRANULE/L2A_T34VCM_A025902_20200607T101031/IMG_DATA/R20m/T34VCM_20200607T101031_B05_20m.jp2,20.0,native_target_grid,0,0,0,0.009233333333333335,GRANULE/L2A_T34VCM_A025902_20200607T101031/IMG_DATA/R20m/T34VCM_20200607T101031_B06_20m.jp2,20.0,native_target_grid,0,0,0,0.009066666666666667,GRANULE/L2A_T34VCM_A025902_20200607T101031/QI_DATA/MSK_QUALIT_B04.jp2,any_invalid_reduce_x2,10.0,GRANULE/L2A_T34VCM_A025902_20200607T101031/QI_DATA/MSK_QUALIT_B05.jp2,native_target_grid,20.0,GRANULE/L2A_T34VCM_A025902_20200607T101031/QI_DATA/MSK_QUALIT_B06.jp2,native_target_grid,20.0,present,GRANULE/L2A_T34VCM_A025902_20200607T101031/QI_DATA/MSK_CLASSI_B00.jp2,exact_footprint_expand_x3,60.0,present,GRANULE/L2A_T34VCM_A025902_20200607T101031/IMG_DATA/R20m/T34VCM_20200607T101031_SCL_20m.jp2,native_target_grid,20.0,9,,0,0.0,B04,0,0.0,B04,0,0.0,B04,0,0.0,B04,0,0.0,B04,0,0.0,B04,0,0.0,B04,0,0.0,B04,0,0.0,B05,0,0.0,B05,0,0.0,B05,0,0.0,B05,0,0.0,B05,0,0.0,B05,0,0.0,B05,0,0.0,B05,0,0.0,B06,0,0.0,B06,0,0.0,B06,0,0.0,B06,0,0.0,B06,0,0.0,B06,0,0.0,B06,0,0.0,B06,0,0.0,9,1.0,0,0.0,0,0.0,0,0.0,0,0.0,0,0.0,0,0.0,0,0.0,0,0.0,0,0.0,0,0.0,0,0,0,0,0.5333333333333333,0,0.0,,,,,,,0,0.0,,,,,,,0,0,0,0,0,0,0,0,False,False,NOT_SELECTED_REQUIRES_HUMAN_FREEZE
2020-06-07,2020,True,scl3x3_b1_w8_centernotbad_p0_class2zero_v1,frozen_representative,exact_unique,no_valid_pixels_after_qa_in_frozen_3x3_window,L1C,S2A_MSIL1C_20200607T101031_N0500_R022_T34VCM_20230325T075950,2020-06-07T10:10:31Z,S2A,T34VCM,22,N0500,2023-03-25T07:59:50Z,False,10000.0,MTD_MSIL1C.xml,N0500,product_metadata_PROCESSING_BASELINE,True,3,product_spectral_information_list,-1000.0,product_offset_list,(DN + -1000) / 10000,664.6,4,product_spectral_information_list,-1000.0,product_offset_list,(DN + -1000) / 10000,704.1,5,product_spectral_information_list,-1000.0,product_offset_list,(DN + -1000) / 10000,740.5,EPSG:32634,20.0,0.0,300000.0,0.0,-20.0,6700020.0,5490,5490,20.0,20.0,3200,3347,True,GRANULE/L1C_T34VCM_A025902_20200607T101031/IMG_DATA/T34VCM_20200607T101031_B04.jp2,10.0,block_mean_reduce_x2,0,0,0,0.03550277777777777,GRANULE/L1C_T34VCM_A025902_20200607T101031/IMG_DATA/T34VCM_20200607T101031_B05.jp2,20.0,native_target_grid,0,0,0,0.03096666666666666,GRANULE/L1C_T34VCM_A025902_20200607T101031/IMG_DATA/T34VCM_20200607T101031_B06.jp2,20.0,native_target_grid,0,0,0,0.031288888888888894,GRANULE/L1C_T34VCM_A025902_20200607T101031/QI_DATA/MSK_QUALIT_B04.jp2,any_invalid_reduce_x2,10.0,GRANULE/L1C_T34VCM_A025902_20200607T101031/QI_DATA/MSK_QUALIT_B05.jp2,native_target_grid,20.0,GRANULE/L1C_T34VCM_A025902_20200607T101031/QI_DATA/MSK_QUALIT_B06.jp2,native_target_grid,20.0,present,GRANULE/L1C_T34VCM_A025902_20200607T101031/QI_DATA/MSK_CLASSI_B00.jp2,exact_footprint_expand_x3,60.0,present,GRANULE/L2A_T34VCM_A025902_20200607T101031/IMG_DATA/R20m/T34VCM_20200607T101031_SCL_20m.jp2,native_target_grid,20.0,9,,0,0.0,B04,0,0.0,B04,0,0.0,B04,0,0.0,B04,0,0.0,B04,0,0.0,B04,0,0.0,B04,0,0.0,B04,0,0.0,B05,0,0.0,B05,0,0.0,B05,0,0.0,B05,0,0.0,B05,0,0.0,B05,0,0.0,B05,0,0.0,B05,0,0.0,B06,0,0.0,B06,0,0.0,B06,0,0.0,B06,0,0.0,B06,0,0.0,B06,0,0.0,B06,0,0.0,B06,0,0.0,9,1.0,0,0.0,0,0.0,0,0.0,0,0.0,0,0.0,0,0.0,0,0.0,0,0.0,0,0.0,0,0.0,0,0,0,0,0.5333333333333333,0,0.0,,,,,,,0,0.0,,,,,,,0,0,0,0,0,0,0,0,False,False,NOT_SELECTED_REQUIRES_HUMAN_FREEZE
2020-06-17,2020,False,scl3x3_b1_w8_centernotbad_p0_class2zero_v1,no_representative_frozen_scl_gate_failed,no_l2a_representative_for_date,no_frozen_representative_l2a_product_for_date,,,,,,,,,,,,,,,,,,,,,,,,,,,,,,,,,,,,,,,,,,,,,,,,,,,,,,,,,,,,,,,,,,,,,,,,,,,,,,,,,,,,,,,,,,,,,,,,,,,,,,,,,,,,,,,,,,,,,,,,,,,,,,,,,,,,,,,,,,,,,,,,,,,,,,,,,,,,,,,,,,,,,,,,,,,,,,,,,,,,,,,,,,,,,,,,,,,,,,,,,,,,,,,,,,,,,,
2020-06-30,2020,False,scl3x3_b1_w8_centernotbad_p0_class2zero_v1,no_representative_frozen_scl_gate_failed,no_l2a_representative_for_date,no_frozen_representative_l2a_product_for_date,,,,,,,,,,,,,,,,,,,,,,,,,,,,,,,,,,,,,,,,,,,,,,,,,,,,,,,,,,,,,,,,,,,,,,,,,,,,,,,,,,,,,,,,,,,,,,,,,,,,,,,,,,,,,,,,,,,,,,,,,,,,,,,,,,,,,,,,,,,,,,,,,,,,,,,,,,,,,,,,,,,,,,,,,,,,,,,,,,,,,,,,,,,,,,,,,,,,,,,,,,,,,,,,,,,,,,
2020-07-05,2020,False,scl3x3_b1_w8_centernotbad_p0_class2zero_v1,no_representative_frozen_scl_gate_failed,no_l2a_representative_for_date,no_frozen_representative_l2a_product_for_date,,,,,,,,,,,,,,,,,,,,,,,,,,,,,,,,,,,,,,,,,,,,,,,,,,,,,,,,,,,,,,,,,,,,,,,,,,,,,,,,,,,,,,,,,,,,,,,,,,,,,,,,,,,,,,,,,,,,,,,,,,,,,,,,,,,,,,,,,,,,,,,,,,,,,,,,,,,,,,,,,,,,,,,,,,,,,,,,,,,,,,,,,,,,,,,,,,,,,,,,,,,,,,,,,,,,,,
2020-07-07,2020,False,scl3x3_b1_w8_centernotbad_p0_class2zero_v1,no_representative_frozen_scl_gate_failed,no_l2a_representative_for_date,no_frozen_representative_l2a_product_for_date,,,,,,,,,,,,,,,,,,,,,,,,,,,,,,,,,,,,,,,,,,,,,,,,,,,,,,,,,,,,,,,,,,,,,,,,,,,,,,,,,,,,,,,,,,,,,,,,,,,,,,,,,,,,,,,,,,,,,,,,,,,,,,,,,,,,,,,,,,,,,,,,,,,,,,,,,,,,,,,,,,,,,,,,,,,,,,,,,,,,,,,,,,,,,,,,,,,,,,,,,,,,,,,,,,,,,,
2020-07-10,2020,False,scl3x3_b1_w8_centernotbad_p0_class2zero_v1,no_representative_frozen_scl_gate_failed,no_l2a_representative_for_date,no_frozen_representative_l2a_product_for_date,,,,,,,,,,,,,,,,,,,,,,,,,,,,,,,,,,,,,,,,,,,,,,,,,,,,,,,,,,,,,,,,,,,,,,,,,,,,,,,,,,,,,,,,,,,,,,,,,,,,,,,,,,,,,,,,,,,,,,,,,,,,,,,,,,,,,,,,,,,,,,,,,,,,,,,,,,,,,,,,,,,,,,,,,,,,,,,,,,,,,,,,,,,,,,,,,,,,,,,,,,,,,,,,,,,,,,
2020-07-15,2020,False,scl3x3_b1_w8_centernotbad_p0_class2zero_v1,no_representative_frozen_scl_gate_failed,no_l2a_representative_for_date,no_frozen_representative_l2a_product_for_date,,,,,,,,,,,,,,,,,,,,,,,,,,,,,,,,,,,,,,,,,,,,,,,,,,,,,,,,,,,,,,,,,,,,,,,,,,,,,,,,,,,,,,,,,,,,,,,,,,,,,,,,,,,,,,,,,,,,,,,,,,,,,,,,,,,,,,,,,,,,,,,,,,,,,,,,,,,,,,,,,,,,,,,,,,,,,,,,,,,,,,,,,,,,,,,,,,,,,,,,,,,,,,,,,,,,,,
2020-07-17,2020,False,scl3x3_b1_w8_centernotbad_p0_class2zero_v1,no_representative_frozen_scl_gate_failed,no_l2a_representative_for_date,no_frozen_representative_l2a_product_for_date,,,,,,,,,,,,,,,,,,,,,,,,,,,,,,,,,,,,,,,,,,,,,,,,,,,,,,,,,,,,,,,,,,,,,,,,,,,,,,,,,,,,,,,,,,,,,,,,,,,,,,,,,,,,,,,,,,,,,,,,,,,,,,,,,,,,,,,,,,,,,,,,,,,,,,,,,,,,,,,,,,,,,,,,,,,,,,,,,,,,,,,,,,,,,,,,,,,,,,,,,,,,,,,,,,,,,,
2020-07-20,2020,False,scl3x3_b1_w8_centernotbad_p0_class2zero_v1,no_representative_frozen_scl_gate_failed,no_l2a_representative_for_date,no_frozen_representative_l2a_product_for_date,,,,,,,,,,,,,,,,,,,,,,,,,,,,,,,,,,,,,,,,,,,,,,,,,,,,,,,,,,,,,,,,,,,,,,,,,,,,,,,,,,,,,,,,,,,,,,,,,,,,,,,,,,,,,,,,,,,,,,,,,,,,,,,,,,,,,,,,,,,,,,,,,,,,,,,,,,,,,,,,,,,,,,,,,,,,,,,,,,,,,,,,,,,,,,,,,,,,,,,,,,,,,,,,,,,,,,
2020-07-22,2020,False,scl3x3_b1_w8_centernotbad_p0_class2zero_v1,no_representative_frozen_scl_gate_failed,no_l2a_representative_for_date,no_frozen_representative_l2a_product_for_date,,,,,,,,,,,,,,,,,,,,,,,,,,,,,,,,,,,,,,,,,,,,,,,,,,,,,,,,,,,,,,,,,,,,,,,,,,,,,,,,,,,,,,,,,,,,,,,,,,,,,,,,,,,,,,,,,,,,,,,,,,,,,,,,,,,,,,,,,,,,,,,,,,,,,,,,,,,,,,,,,,,,,,,,,,,,,,,,,,,,,,,,,,,,,,,,,,,,,,,,,,,,,,,,,,,,,,
2020-07-27,2020,False,scl3x3_b1_w8_centernotbad_p0_class2zero_v1,no_representative_frozen_scl_gate_failed,no_l2a_representative_for_date,no_frozen_representative_l2a_product_for_date,,,,,,,,,,,,,,,,,,,,,,,,,,,,,,,,,,,,,,,,,,,,,,,,,,,,,,,,,,,,,,,,,,,,,,,,,,,,,,,,,,,,,,,,,,,,,,,,,,,,,,,,,,,,,,,,,,,,,,,,,,,,,,,,,,,,,,,,,,,,,,,,,,,,,,,,,,,,,,,,,,,,,,,,,,,,,,,,,,,,,,,,,,,,,,,,,,,,,,,,,,,,,,,,,,,,,,
2020-07-30,2020,False,scl3x3_b1_w8_centernotbad_p0_class2zero_v1,no_representative_frozen_scl_gate_failed,no_l2a_representative_for_date,no_frozen_representative_l2a_product_for_date,,,,,,,,,,,,,,,,,,,,,,,,,,,,,,,,,,,,,,,,,,,,,,,,,,,,,,,,,,,,,,,,,,,,,,,,,,,,,,,,,,,,,,,,,,,,,,,,,,,,,,,,,,,,,,,,,,,,,,,,,,,,,,,,,,,,,,,,,,,,,,,,,,,,,,,,,,,,,,,,,,,,,,,,,,,,,,,,,,,,,,,,,,,,,,,,,,,,,,,,,,,,,,,,,,,,,,
2020-08-04,2020,False,scl3x3_b1_w8_centernotbad_p0_class2zero_v1,no_representative_frozen_scl_gate_failed,no_l2a_representative_for_date,no_frozen_representative_l2a_product_for_date,,,,,,,,,,,,,,,,,,,,,,,,,,,,,,,,,,,,,,,,,,,,,,,,,,,,,,,,,,,,,,,,,,,,,,,,,,,,,,,,,,,,,,,,,,,,,,,,,,,,,,,,,,,,,,,,,,,,,,,,,,,,,,,,,,,,,,,,,,,,,,,,,,,,,,,,,,,,,,,,,,,,,,,,,,,,,,,,,,,,,,,,,,,,,,,,,,,,,,,,,,,,,,,,,,,,,,
2020-08-06,2020,False,scl3x3_b1_w8_centernotbad_p0_class2zero_v1,no_representative_frozen_scl_gate_failed,no_l2a_representative_for_date,no_frozen_representative_l2a_product_for_date,,,,,,,,,,,,,,,,,,,,,,,,,,,,,,,,,,,,,,,,,,,,,,,,,,,,,,,,,,,,,,,,,,,,,,,,,,,,,,,,,,,,,,,,,,,,,,,,,,,,,,,,,,,,,,,,,,,,,,,,,,,,,,,,,,,,,,,,,,,,,,,,,,,,,,,,,,,,,,,,,,,,,,,,,,,,,,,,,,,,,,,,,,,,,,,,,,,,,,,,,,,,,,,,,,,,,,
2020-08-11,2020,True,scl3x3_b1_w8_centernotbad_p0_class2zero_v1,frozen_representative,exact_unique,no_valid_pixels_after_qa_in_frozen_3x3_window,L2A,S2B_MSIL2A_20200811T100559_N0500_R022_T34VCM_20230520T221430,2020-08-11T10:05:59Z,S2B,T34VCM,22,N0500,2023-05-20T22:14:30Z,False,10000.0,MTD_MSIL2A.xml,N0500,product_metadata_PROCESSING_BASELINE,True,3,product_spectral_information_list,-1000.0,product_offset_list,(DN + -1000) / 10000,665.0,4,product_spectral_information_list,-1000.0,product_offset_list,(DN + -1000) / 10000,703.8,5,product_spectral_information_list,-1000.0,product_offset_list,(DN + -1000) / 10000,739.1,EPSG:32634,20.0,0.0,300000.0,0.0,-20.0,6700020.0,5490,5490,20.0,20.0,3200,3347,True,GRANULE/L2A_T34VCM_A017923_20200811T101318/IMG_DATA/R20m/T34VCM_20200811T100559_B04_20m.jp2,20.0,native_target_grid,0,0,0,0.011355555555555556,GRANULE/L2A_T34VCM_A017923_20200811T101318/IMG_DATA/R20m/T34VCM_20200811T100559_B05_20m.jp2,20.0,native_target_grid,0,0,0,0.010944444444444444,GRANULE/L2A_T34VCM_A017923_20200811T101318/IMG_DATA/R20m/T34VCM_20200811T100559_B06_20m.jp2,20.0,native_target_grid,0,0,0,0.008533333333333332,GRANULE/L2A_T34VCM_A017923_20200811T101318/QI_DATA/MSK_QUALIT_B04.jp2,any_invalid_reduce_x2,10.0,GRANULE/L2A_T34VCM_A017923_20200811T101318/QI_DATA/MSK_QUALIT_B05.jp2,native_target_grid,20.0,GRANULE/L2A_T34VCM_A017923_20200811T101318/QI_DATA/MSK_QUALIT_B06.jp2,native_target_grid,20.0,present,GRANULE/L2A_T34VCM_A017923_20200811T101318/QI_DATA/MSK_CLASSI_B00.jp2,exact_footprint_expand_x3,60.0,present,GRANULE/L2A_T34VCM_A017923_20200811T101318/IMG_DATA/R20m/T34VCM_20200811T100559_SCL_20m.jp2,native_target_grid,20.0,8,,0,0.0,B04,0,0.0,B04,0,0.0,B04,0,0.0,B04,0,0.0,B04,0,0.0,B04,0,0.0,B04,0,0.0,B04,0,0.0,B05,0,0.0,B05,0,0.0,B05,0,0.0,B05,0,0.0,B05,0,0.0,B05,0,0.0,B05,0,0.0,B05,0,0.0,B06,0,0.0,B06,0,0.0,B06,0,0.0,B06,0,0.0,B06,0,0.0,B06,0,0.0,B06,0,0.0,B06,9,1.0,0,0.0,1,0.1111111111111111,0,0.0,0,0.0,0,0.0,0,0.0,0,0.0,0,0.0,0,0.0,0,0.0,0,0.0,0,0,0,0,0.5333333333333333,0,0.0,,,,,,,0,0.0,,,,,,,0,0,0,0,0,0,0,0,False,False,NOT_SELECTED_REQUIRES_HUMAN_FREEZE
2020-08-11,2020,True,scl3x3_b1_w8_centernotbad_p0_class2zero_v1,frozen_representative,exact_unique,no_valid_pixels_after_qa_in_frozen_3x3_window,L1C,S2B_MSIL1C_20200811T100559_N0500_R022_T34VCM_20230520T144508,2020-08-11T10:05:59Z,S2B,T34VCM,22,N0500,2023-05-20T14:45:08Z,False,10000.0,MTD_MSIL1C.xml,N0500,product_metadata_PROCESSING_BASELINE,True,3,product_spectral_information_list,-1000.0,product_offset_list,(DN + -1000) / 10000,665.0,4,product_spectral_information_list,-1000.0,product_offset_list,(DN + -1000) / 10000,703.8,5,product_spectral_information_list,-1000.0,product_offset_list,(DN + -1000) / 10000,739.1,EPSG:32634,20.0,0.0,300000.0,0.0,-20.0,6700020.0,5490,5490,20.0,20.0,3200,3347,True,GRANULE/L1C_T34VCM_A017923_20200811T101318/IMG_DATA/T34VCM_20200811T100559_B04.jp2,10.0,block_mean_reduce_x2,0,0,0,0.03258611111111112,GRANULE/L1C_T34VCM_A017923_20200811T101318/IMG_DATA/T34VCM_20200811T100559_B05.jp2,20.0,native_target_grid,0,0,0,0.02837777777777778,GRANULE/L1C_T34VCM_A017923_20200811T101318/IMG_DATA/T34VCM_20200811T100559_B06.jp2,20.0,native_target_grid,0,0,0,0.02691111111111111,GRANULE/L1C_T34VCM_A017923_20200811T101318/QI_DATA/MSK_QUALIT_B04.jp2,any_invalid_reduce_x2,10.0,GRANULE/L1C_T34VCM_A017923_20200811T101318/QI_DATA/MSK_QUALIT_B05.jp2,native_target_grid,20.0,GRANULE/L1C_T34VCM_A017923_20200811T101318/QI_DATA/MSK_QUALIT_B06.jp2,native_target_grid,20.0,present,GRANULE/L1C_T34VCM_A017923_20200811T101318/QI_DATA/MSK_CLASSI_B00.jp2,exact_footprint_expand_x3,60.0,present,GRANULE/L2A_T34VCM_A017923_20200811T101318/IMG_DATA/R20m/T34VCM_20200811T100559_SCL_20m.jp2,native_target_grid,20.0,8,,0,0.0,B04,0,0.0,B04,0,0.0,B04,0,0.0,B04,0,0.0,B04,0,0.0,B04,0,0.0,B04,0,0.0,B04,0,0.0,B05,0,0.0,B05,0,0.0,B05,0,0.0,B05,0,0.0,B05,0,0.0,B05,0,0.0,B05,0,0.0,B05,0,0.0,B06,0,0.0,B06,0,0.0,B06,0,0.0,B06,0,0.0,B06,0,0.0,B06,0,0.0,B06,0,0.0,B06,9,1.0,0,0.0,1,0.1111111111111111,0,0.0,0,0.0,0,0.0,0,0.0,0,0.0,0,0.0,0,0.0,0,0.0,0,0.0,0,0,0,0,0.5333333333333333,0,0.0,,,,,,,0,0.0,,,,,,,0,0,0,0,0,0,0,0,False,False,NOT_SELECTED_REQUIRES_HUMAN_FREEZE
2020-08-29,2020,False,scl3x3_b1_w8_centernotbad_p0_class2zero_v1,no_representative_frozen_scl_gate_failed,no_l2a_representative_for_date,no_frozen_representative_l2a_product_for_date,,,,,,,,,,,,,,,,,,,,,,,,,,,,,,,,,,,,,,,,,,,,,,,,,,,,,,,,,,,,,,,,,,,,,,,,,,,,,,,,,,,,,,,,,,,,,,,,,,,,,,,,,,,,,,,,,,,,,,,,,,,,,,,,,,,,,,,,,,,,,,,,,,,,,,,,,,,,,,,,,,,,,,,,,,,,,,,,,,,,,,,,,,,,,,,,,,,,,,,,,,,,,,,,,,,,,,
2020-08-31,2020,False,scl3x3_b1_w8_centernotbad_p0_class2zero_v1,no_representative_frozen_scl_gate_failed,no_l2a_representative_for_date,no_frozen_representative_l2a_product_for_date,,,,,,,,,,,,,,,,,,,,,,,,,,,,,,,,,,,,,,,,,,,,,,,,,,,,,,,,,,,,,,,,,,,,,,,,,,,,,,,,,,,,,,,,,,,,,,,,,,,,,,,,,,,,,,,,,,,,,,,,,,,,,,,,,,,,,,,,,,,,,,,,,,,,,,,,,,,,,,,,,,,,,,,,,,,,,,,,,,,,,,,,,,,,,,,,,,,,,,,,,,,,,,,,,,,,,,
2020-09-03,2020,False,scl3x3_b1_w8_centernotbad_p0_class2zero_v1,no_representative_frozen_scl_gate_failed,no_l2a_representative_for_date,no_frozen_representative_l2a_product_for_date,,,,,,,,,,,,,,,,,,,,,,,,,,,,,,,,,,,,,,,,,,,,,,,,,,,,,,,,,,,,,,,,,,,,,,,,,,,,,,,,,,,,,,,,,,,,,,,,,,,,,,,,,,,,,,,,,,,,,,,,,,,,,,,,,,,,,,,,,,,,,,,,,,,,,,,,,,,,,,,,,,,,,,,,,,,,,,,,,,,,,,,,,,,,,,,,,,,,,,,,,,,,,,,,,,,,,,
2020-09-08,2020,False,scl3x3_b1_w8_centernotbad_p0_class2zero_v1,no_representative_frozen_scl_gate_failed,no_l2a_representative_for_date,no_frozen_representative_l2a_product_for_date,,,,,,,,,,,,,,,,,,,,,,,,,,,,,,,,,,,,,,,,,,,,,,,,,,,,,,,,,,,,,,,,,,,,,,,,,,,,,,,,,,,,,,,,,,,,,,,,,,,,,,,,,,,,,,,,,,,,,,,,,,,,,,,,,,,,,,,,,,,,,,,,,,,,,,,,,,,,,,,,,,,,,,,,,,,,,,,,,,,,,,,,,,,,,,,,,,,,,,,,,,,,,,,,,,,,,,
2020-09-15,2020,False,scl3x3_b1_w8_centernotbad_p0_class2zero_v1,no_representative_frozen_scl_gate_failed,no_l2a_representative_for_date,no_frozen_representative_l2a_product_for_date,,,,,,,,,,,,,,,,,,,,,,,,,,,,,,,,,,,,,,,,,,,,,,,,,,,,,,,,,,,,,,,,,,,,,,,,,,,,,,,,,,,,,,,,,,,,,,,,,,,,,,,,,,,,,,,,,,,,,,,,,,,,,,,,,,,,,,,,,,,,,,,,,,,,,,,,,,,,,,,,,,,,,,,,,,,,,,,,,,,,,,,,,,,,,,,,,,,,,,,,,,,,,,,,,,,,,,
2020-09-20,2020,False,scl3x3_b1_w8_centernotbad_p0_class2zero_v1,no_representative_frozen_scl_gate_failed,no_l2a_representative_for_date,no_frozen_representative_l2a_product_for_date,,,,,,,,,,,,,,,,,,,,,,,,,,,,,,,,,,,,,,,,,,,,,,,,,,,,,,,,,,,,,,,,,,,,,,,,,,,,,,,,,,,,,,,,,,,,,,,,,,,,,,,,,,,,,,,,,,,,,,,,,,,,,,,,,,,,,,,,,,,,,,,,,,,,,,,,,,,,,,,,,,,,,,,,,,,,,,,,,,,,,,,,,,,,,,,,,,,,,,,,,,,,,,,,,,,,,,
2020-09-25,2020,False,scl3x3_b1_w8_centernotbad_p0_class2zero_v1,no_representative_frozen_scl_gate_failed,no_l2a_representative_for_date,no_frozen_representative_l2a_product_for_date,,,,,,,,,,,,,,,,,,,,,,,,,,,,,,,,,,,,,,,,,,,,,,,,,,,,,,,,,,,,,,,,,,,,,,,,,,,,,,,,,,,,,,,,,,,,,,,,,,,,,,,,,,,,,,,,,,,,,,,,,,,,,,,,,,,,,,,,,,,,,,,,,,,,,,,,,,,,,,,,,,,,,,,,,,,,,,,,,,,,,,,,,,,,,,,,,,,,,,,,,,,,,,,,,,,,,,
2020-09-28,2020,False,scl3x3_b1_w8_centernotbad_p0_class2zero_v1,no_representative_frozen_scl_gate_failed,no_l2a_representative_for_date,no_frozen_representative_l2a_product_for_date,,,,,,,,,,,,,,,,,,,,,,,,,,,,,,,,,,,,,,,,,,,,,,,,,,,,,,,,,,,,,,,,,,,,,,,,,,,,,,,,,,,,,,,,,,,,,,,,,,,,,,,,,,,,,,,,,,,,,,,,,,,,,,,,,,,,,,,,,,,,,,,,,,,,,,,,,,,,,,,,,,,,,,,,,,,,,,,,,,,,,,,,,,,,,,,,,,,,,,,,,,,,,,,,,,,,,,
2020-09-30,2020,False,scl3x3_b1_w8_centernotbad_p0_class2zero_v1,no_representative_frozen_scl_gate_failed,no_l2a_representative_for_date,no_frozen_representative_l2a_product_for_date,,,,,,,,,,,,,,,,,,,,,,,,,,,,,,,,,,,,,,,,,,,,,,,,,,,,,,,,,,,,,,,,,,,,,,,,,,,,,,,,,,,,,,,,,,,,,,,,,,,,,,,,,,,,,,,,,,,,,,,,,,,,,,,,,,,,,,,,,,,,,,,,,,,,,,,,,,,,,,,,,,,,,,,,,,,,,,,,,,,,,,,,,,,,,,,,,,,,,,,,,,,,,,,,,,,,,,
2020-10-03,2020,False,scl3x3_b1_w8_centernotbad_p0_class2zero_v1,no_representative_frozen_scl_gate_failed,no_l2a_representative_for_date,no_frozen_representative_l2a_product_for_date,,,,,,,,,,,,,,,,,,,,,,,,,,,,,,,,,,,,,,,,,,,,,,,,,,,,,,,,,,,,,,,,,,,,,,,,,,,,,,,,,,,,,,,,,,,,,,,,,,,,,,,,,,,,,,,,,,,,,,,,,,,,,,,,,,,,,,,,,,,,,,,,,,,,,,,,,,,,,,,,,,,,,,,,,,,,,,,,,,,,,,,,,,,,,,,,,,,,,,,,,,,,,,,,,,,,,,
2020-10-08,2020,False,scl3x3_b1_w8_centernotbad_p0_class2zero_v1,no_representative_frozen_scl_gate_failed,no_l2a_representative_for_date,no_frozen_representative_l2a_product_for_date,,,,,,,,,,,,,,,,,,,,,,,,,,,,,,,,,,,,,,,,,,,,,,,,,,,,,,,,,,,,,,,,,,,,,,,,,,,,,,,,,,,,,,,,,,,,,,,,,,,,,,,,,,,,,,,,,,,,,,,,,,,,,,,,,,,,,,,,,,,,,,,,,,,,,,,,,,,,,,,,,,,,,,,,,,,,,,,,,,,,,,,,,,,,,,,,,,,,,,,,,,,,,,,,,,,,,,
2020-10-10,2020,False,scl3x3_b1_w8_centernotbad_p0_class2zero_v1,no_representative_frozen_scl_gate_failed,no_l2a_representative_for_date,no_frozen_representative_l2a_product_for_date,,,,,,,,,,,,,,,,,,,,,,,,,,,,,,,,,,,,,,,,,,,,,,,,,,,,,,,,,,,,,,,,,,,,,,,,,,,,,,,,,,,,,,,,,,,,,,,,,,,,,,,,,,,,,,,,,,,,,,,,,,,,,,,,,,,,,,,,,,,,,,,,,,,,,,,,,,,,,,,,,,,,,,,,,,,,,,,,,,,,,,,,,,,,,,,,,,,,,,,,,,,,,,,,,,,,,,
2020-10-13,2020,False,scl3x3_b1_w8_centernotbad_p0_class2zero_v1,no_representative_frozen_scl_gate_failed,no_l2a_representative_for_date,no_frozen_representative_l2a_product_for_date,,,,,,,,,,,,,,,,,,,,,,,,,,,,,,,,,,,,,,,,,,,,,,,,,,,,,,,,,,,,,,,,,,,,,,,,,,,,,,,,,,,,,,,,,,,,,,,,,,,,,,,,,,,,,,,,,,,,,,,,,,,,,,,,,,,,,,,,,,,,,,,,,,,,,,,,,,,,,,,,,,,,,,,,,,,,,,,,,,,,,,,,,,,,,,,,,,,,,,,,,,,,,,,,,,,,,,
2020-10-18,2020,False,scl3x3_b1_w8_centernotbad_p0_class2zero_v1,no_representative_frozen_scl_gate_failed,no_l2a_representative_for_date,no_frozen_representative_l2a_product_for_date,,,,,,,,,,,,,,,,,,,,,,,,,,,,,,,,,,,,,,,,,,,,,,,,,,,,,,,,,,,,,,,,,,,,,,,,,,,,,,,,,,,,,,,,,,,,,,,,,,,,,,,,,,,,,,,,,,,,,,,,,,,,,,,,,,,,,,,,,,,,,,,,,,,,,,,,,,,,,,,,,,,,,,,,,,,,,,,,,,,,,,,,,,,,,,,,,,,,,,,,,,,,,,,,,,,,,,
2020-10-20,2020,False,scl3x3_b1_w8_centernotbad_p0_class2zero_v1,no_representative_frozen_scl_gate_failed,no_l2a_representative_for_date,no_frozen_representative_l2a_product_for_date,,,,,,,,,,,,,,,,,,,,,,,,,,,,,,,,,,,,,,,,,,,,,,,,,,,,,,,,,,,,,,,,,,,,,,,,,,,,,,,,,,,,,,,,,,,,,,,,,,,,,,,,,,,,,,,,,,,,,,,,,,,,,,,,,,,,,,,,,,,,,,,,,,,,,,,,,,,,,,,,,,,,,,,,,,,,,,,,,,,,,,,,,,,,,,,,,,,,,,,,,,,,,,,,,,,,,,
2020-10-23,2020,False,scl3x3_b1_w8_centernotbad_p0_class2zero_v1,no_representative_frozen_scl_gate_failed,no_l2a_representative_for_date,no_frozen_representative_l2a_product_for_date,,,,,,,,,,,,,,,,,,,,,,,,,,,,,,,,,,,,,,,,,,,,,,,,,,,,,,,,,,,,,,,,,,,,,,,,,,,,,,,,,,,,,,,,,,,,,,,,,,,,,,,,,,,,,,,,,,,,,,,,,,,,,,,,,,,,,,,,,,,,,,,,,,,,,,,,,,,,,,,,,,,,,,,,,,,,,,,,,,,,,,,,,,,,,,,,,,,,,,,,,,,,,,,,,,,,,,
2020-10-25,2020,False,scl3x3_b1_w8_centernotbad_p0_class2zero_v1,no_representative_frozen_scl_gate_failed,no_l2a_representative_for_date,no_frozen_representative_l2a_product_for_date,,,,,,,,,,,,,,,,,,,,,,,,,,,,,,,,,,,,,,,,,,,,,,,,,,,,,,,,,,,,,,,,,,,,,,,,,,,,,,,,,,,,,,,,,,,,,,,,,,,,,,,,,,,,,,,,,,,,,,,,,,,,,,,,,,,,,,,,,,,,,,,,,,,,,,,,,,,,,,,,,,,,,,,,,,,,,,,,,,,,,,,,,,,,,,,,,,,,,,,,,,,,,,,,,,,,,,
2020-10-28,2020,False,scl3x3_b1_w8_centernotbad_p0_class2zero_v1,no_representative_frozen_scl_gate_failed,no_l2a_representative_for_date,no_frozen_representative_l2a_product_for_date,,,,,,,,,,,,,,,,,,,,,,,,,,,,,,,,,,,,,,,,,,,,,,,,,,,,,,,,,,,,,,,,,,,,,,,,,,,,,,,,,,,,,,,,,,,,,,,,,,,,,,,,,,,,,,,,,,,,,,,,,,,,,,,,,,,,,,,,,,,,,,,,,,,,,,,,,,,,,,,,,,,,,,,,,,,,,,,,,,,,,,,,,,,,,,,,,,,,,,,,,,,,,,,,,,,,,,
2020-10-30,2020,False,scl3x3_b1_w8_centernotbad_p0_class2zero_v1,no_representative_frozen_scl_gate_failed,no_l2a_representative_for_date,no_frozen_representative_l2a_product_for_date,,,,,,,,,,,,,,,,,,,,,,,,,,,,,,,,,,,,,,,,,,,,,,,,,,,,,,,,,,,,,,,,,,,,,,,,,,,,,,,,,,,,,,,,,,,,,,,,,,,,,,,,,,,,,,,,,,,,,,,,,,,,,,,,,,,,,,,,,,,,,,,,,,,,,,,,,,,,,,,,,,,,,,,,,,,,,,,,,,,,,,,,,,,,,,,,,,,,,,,,,,,,,,,,,,,,,,
2020-11-02,2020,False,scl3x3_b1_w8_centernotbad_p0_class2zero_v1,no_representative_frozen_scl_gate_failed,no_l2a_representative_for_date,no_frozen_representative_l2a_product_for_date,,,,,,,,,,,,,,,,,,,,,,,,,,,,,,,,,,,,,,,,,,,,,,,,,,,,,,,,,,,,,,,,,,,,,,,,,,,,,,,,,,,,,,,,,,,,,,,,,,,,,,,,,,,,,,,,,,,,,,,,,,,,,,,,,,,,,,,,,,,,,,,,,,,,,,,,,,,,,,,,,,,,,,,,,,,,,,,,,,,,,,,,,,,,,,,,,,,,,,,,,,,,,,,,,,,,,,
2020-11-07,2020,False,scl3x3_b1_w8_centernotbad_p0_class2zero_v1,no_representative_frozen_scl_gate_failed,no_l2a_representative_for_date,no_frozen_representative_l2a_product_for_date,,,,,,,,,,,,,,,,,,,,,,,,,,,,,,,,,,,,,,,,,,,,,,,,,,,,,,,,,,,,,,,,,,,,,,,,,,,,,,,,,,,,,,,,,,,,,,,,,,,,,,,,,,,,,,,,,,,,,,,,,,,,,,,,,,,,,,,,,,,,,,,,,,,,,,,,,,,,,,,,,,,,,,,,,,,,,,,,,,,,,,,,,,,,,,,,,,,,,,,,,,,,,,,,,,,,,,
2020-11-12,2020,False,scl3x3_b1_w8_centernotbad_p0_class2zero_v1,no_representative_frozen_scl_gate_failed,no_l2a_representative_for_date,no_frozen_representative_l2a_product_for_date,,,,,,,,,,,,,,,,,,,,,,,,,,,,,,,,,,,,,,,,,,,,,,,,,,,,,,,,,,,,,,,,,,,,,,,,,,,,,,,,,,,,,,,,,,,,,,,,,,,,,,,,,,,,,,,,,,,,,,,,,,,,,,,,,,,,,,,,,,,,,,,,,,,,,,,,,,,,,,,,,,,,,,,,,,,,,,,,,,,,,,,,,,,,,,,,,,,,,,,,,,,,,,,,,,,,,,
2020-11-14,2020,False,scl3x3_b1_w8_centernotbad_p0_class2zero_v1,no_representative_frozen_scl_gate_failed,no_l2a_representative_for_date,no_frozen_representative_l2a_product_for_date,,,,,,,,,,,,,,,,,,,,,,,,,,,,,,,,,,,,,,,,,,,,,,,,,,,,,,,,,,,,,,,,,,,,,,,,,,,,,,,,,,,,,,,,,,,,,,,,,,,,,,,,,,,,,,,,,,,,,,,,,,,,,,,,,,,,,,,,,,,,,,,,,,,,,,,,,,,,,,,,,,,,,,,,,,,,,,,,,,,,,,,,,,,,,,,,,,,,,,,,,,,,,,,,,,,,,,
2020-11-17,2020,False,scl3x3_b1_w8_centernotbad_p0_class2zero_v1,no_representative_frozen_scl_gate_failed,no_l2a_representative_for_date,no_frozen_representative_l2a_product_for_date,,,,,,,,,,,,,,,,,,,,,,,,,,,,,,,,,,,,,,,,,,,,,,,,,,,,,,,,,,,,,,,,,,,,,,,,,,,,,,,,,,,,,,,,,,,,,,,,,,,,,,,,,,,,,,,,,,,,,,,,,,,,,,,,,,,,,,,,,,,,,,,,,,,,,,,,,,,,,,,,,,,,,,,,,,,,,,,,,,,,,,,,,,,,,,,,,,,,,,,,,,,,,,,,,,,,,,
2020-11-19,2020,False,scl3x3_b1_w8_centernotbad_p0_class2zero_v1,no_representative_frozen_scl_gate_failed,no_l2a_representative_for_date,no_frozen_representative_l2a_product_for_date,,,,,,,,,,,,,,,,,,,,,,,,,,,,,,,,,,,,,,,,,,,,,,,,,,,,,,,,,,,,,,,,,,,,,,,,,,,,,,,,,,,,,,,,,,,,,,,,,,,,,,,,,,,,,,,,,,,,,,,,,,,,,,,,,,,,,,,,,,,,,,,,,,,,,,,,,,,,,,,,,,,,,,,,,,,,,,,,,,,,,,,,,,,,,,,,,,,,,,,,,,,,,,,,,,,,,,
2020-11-24,2020,False,scl3x3_b1_w8_centernotbad_p0_class2zero_v1,no_representative_frozen_scl_gate_failed,no_l2a_representative_for_date,no_frozen_representative_l2a_product_for_date,,,,,,,,,,,,,,,,,,,,,,,,,,,,,,,,,,,,,,,,,,,,,,,,,,,,,,,,,,,,,,,,,,,,,,,,,,,,,,,,,,,,,,,,,,,,,,,,,,,,,,,,,,,,,,,,,,,,,,,,,,,,,,,,,,,,,,,,,,,,,,,,,,,,,,,,,,,,,,,,,,,,,,,,,,,,,,,,,,,,,,,,,,,,,,,,,,,,,,,,,,,,,,,,,,,,,,
2020-11-27,2020,False,scl3x3_b1_w8_centernotbad_p0_class2zero_v1,no_representative_frozen_scl_gate_failed,no_l2a_representative_for_date,no_frozen_representative_l2a_product_for_date,,,,,,,,,,,,,,,,,,,,,,,,,,,,,,,,,,,,,,,,,,,,,,,,,,,,,,,,,,,,,,,,,,,,,,,,,,,,,,,,,,,,,,,,,,,,,,,,,,,,,,,,,,,,,,,,,,,,,,,,,,,,,,,,,,,,,,,,,,,,,,,,,,,,,,,,,,,,,,,,,,,,,,,,,,,,,,,,,,,,,,,,,,,,,,,,,,,,,,,,,,,,,,,,,,,,,,
2020-11-29,2020,False,scl3x3_b1_w8_centernotbad_p0_class2zero_v1,no_representative_frozen_scl_gate_failed,no_l2a_representative_for_date,no_frozen_representative_l2a_product_for_date,,,,,,,,,,,,,,,,,,,,,,,,,,,,,,,,,,,,,,,,,,,,,,,,,,,,,,,,,,,,,,,,,,,,,,,,,,,,,,,,,,,,,,,,,,,,,,,,,,,,,,,,,,,,,,,,,,,,,,,,,,,,,,,,,,,,,,,,,,,,,,,,,,,,,,,,,,,,,,,,,,,,,,,,,,,,,,,,,,,,,,,,,,,,,,,,,,,,,,,,,,,,,,,,,,,,,,
2020-12-12,2020,False,scl3x3_b1_w8_centernotbad_p0_class2zero_v1,no_representative_frozen_scl_gate_failed,no_l2a_representative_for_date,no_frozen_representative_l2a_product_for_date,,,,,,,,,,,,,,,,,,,,,,,,,,,,,,,,,,,,,,,,,,,,,,,,,,,,,,,,,,,,,,,,,,,,,,,,,,,,,,,,,,,,,,,,,,,,,,,,,,,,,,,,,,,,,,,,,,,,,,,,,,,,,,,,,,,,,,,,,,,,,,,,,,,,,,,,,,,,,,,,,,,,,,,,,,,,,,,,,,,,,,,,,,,,,,,,,,,,,,,,,,,,,,,,,,,,,,
2020-12-19,2020,False,scl3x3_b1_w8_centernotbad_p0_class2zero_v1,no_representative_frozen_scl_gate_failed,no_l2a_representative_for_date,no_frozen_representative_l2a_product_for_date,,,,,,,,,,,,,,,,,,,,,,,,,,,,,,,,,,,,,,,,,,,,,,,,,,,,,,,,,,,,,,,,,,,,,,,,,,,,,,,,,,,,,,,,,,,,,,,,,,,,,,,,,,,,,,,,,,,,,,,,,,,,,,,,,,,,,,,,,,,,,,,,,,,,,,,,,,,,,,,,,,,,,,,,,,,,,,,,,,,,,,,,,,,,,,,,,,,,,,,,,,,,,,,,,,,,,,
2020-12-22,2020,False,scl3x3_b1_w8_centernotbad_p0_class2zero_v1,no_representative_frozen_scl_gate_failed,no_l2a_representative_for_date,no_frozen_representative_l2a_product_for_date,,,,,,,,,,,,,,,,,,,,,,,,,,,,,,,,,,,,,,,,,,,,,,,,,,,,,,,,,,,,,,,,,,,,,,,,,,,,,,,,,,,,,,,,,,,,,,,,,,,,,,,,,,,,,,,,,,,,,,,,,,,,,,,,,,,,,,,,,,,,,,,,,,,,,,,,,,,,,,,,,,,,,,,,,,,,,,,,,,,,,,,,,,,,,,,,,,,,,,,,,,,,,,,,,,,,,,
2020-12-29,2020,False,scl3x3_b1_w8_centernotbad_p0_class2zero_v1,no_representative_frozen_scl_gate_failed,no_l2a_representative_for_date,no_frozen_representative_l2a_product_for_date,,,,,,,,,,,,,,,,,,,,,,,,,,,,,,,,,,,,,,,,,,,,,,,,,,,,,,,,,,,,,,,,,,,,,,,,,,,,,,,,,,,,,,,,,,,,,,,,,,,,,,,,,,,,,,,,,,,,,,,,,,,,,,,,,,,,,,,,,,,,,,,,,,,,,,,,,,,,,,,,,,,,,,,,,,,,,,,,,,,,,,,,,,,,,,,,,,,,,,,,,,,,,,,,,,,,,,
2021-01-01,2021,False,scl3x3_b1_w8_centernotbad_p0_class2zero_v1,no_representative_frozen_scl_gate_failed,no_l2a_representative_for_date,no_frozen_representative_l2a_product_for_date,,,,,,,,,,,,,,,,,,,,,,,,,,,,,,,,,,,,,,,,,,,,,,,,,,,,,,,,,,,,,,,,,,,,,,,,,,,,,,,,,,,,,,,,,,,,,,,,,,,,,,,,,,,,,,,,,,,,,,,,,,,,,,,,,,,,,,,,,,,,,,,,,,,,,,,,,,,,,,,,,,,,,,,,,,,,,,,,,,,,,,,,,,,,,,,,,,,,,,,,,,,,,,,,,,,,,,
2021-01-08,2021,False,scl3x3_b1_w8_centernotbad_p0_class2zero_v1,no_representative_frozen_scl_gate_failed,no_l2a_representative_for_date,no_frozen_representative_l2a_product_for_date,,,,,,,,,,,,,,,,,,,,,,,,,,,,,,,,,,,,,,,,,,,,,,,,,,,,,,,,,,,,,,,,,,,,,,,,,,,,,,,,,,,,,,,,,,,,,,,,,,,,,,,,,,,,,,,,,,,,,,,,,,,,,,,,,,,,,,,,,,,,,,,,,,,,,,,,,,,,,,,,,,,,,,,,,,,,,,,,,,,,,,,,,,,,,,,,,,,,,,,,,,,,,,,,,,,,,,
2021-01-11,2021,False,scl3x3_b1_w8_centernotbad_p0_class2zero_v1,no_representative_frozen_scl_gate_failed,no_l2a_representative_for_date,no_frozen_representative_l2a_product_for_date,,,,,,,,,,,,,,,,,,,,,,,,,,,,,,,,,,,,,,,,,,,,,,,,,,,,,,,,,,,,,,,,,,,,,,,,,,,,,,,,,,,,,,,,,,,,,,,,,,,,,,,,,,,,,,,,,,,,,,,,,,,,,,,,,,,,,,,,,,,,,,,,,,,,,,,,,,,,,,,,,,,,,,,,,,,,,,,,,,,,,,,,,,,,,,,,,,,,,,,,,,,,,,,,,,,,,,
2021-01-13,2021,False,scl3x3_b1_w8_centernotbad_p0_class2zero_v1,no_representative_frozen_scl_gate_failed,no_l2a_representative_for_date,no_frozen_representative_l2a_product_for_date,,,,,,,,,,,,,,,,,,,,,,,,,,,,,,,,,,,,,,,,,,,,,,,,,,,,,,,,,,,,,,,,,,,,,,,,,,,,,,,,,,,,,,,,,,,,,,,,,,,,,,,,,,,,,,,,,,,,,,,,,,,,,,,,,,,,,,,,,,,,,,,,,,,,,,,,,,,,,,,,,,,,,,,,,,,,,,,,,,,,,,,,,,,,,,,,,,,,,,,,,,,,,,,,,,,,,,
2021-01-16,2021,False,scl3x3_b1_w8_centernotbad_p0_class2zero_v1,no_representative_frozen_scl_gate_failed,no_l2a_representative_for_date,no_frozen_representative_l2a_product_for_date,,,,,,,,,,,,,,,,,,,,,,,,,,,,,,,,,,,,,,,,,,,,,,,,,,,,,,,,,,,,,,,,,,,,,,,,,,,,,,,,,,,,,,,,,,,,,,,,,,,,,,,,,,,,,,,,,,,,,,,,,,,,,,,,,,,,,,,,,,,,,,,,,,,,,,,,,,,,,,,,,,,,,,,,,,,,,,,,,,,,,,,,,,,,,,,,,,,,,,,,,,,,,,,,,,,,,,
2021-01-18,2021,False,scl3x3_b1_w8_centernotbad_p0_class2zero_v1,no_representative_frozen_scl_gate_failed,no_l2a_representative_for_date,no_frozen_representative_l2a_product_for_date,,,,,,,,,,,,,,,,,,,,,,,,,,,,,,,,,,,,,,,,,,,,,,,,,,,,,,,,,,,,,,,,,,,,,,,,,,,,,,,,,,,,,,,,,,,,,,,,,,,,,,,,,,,,,,,,,,,,,,,,,,,,,,,,,,,,,,,,,,,,,,,,,,,,,,,,,,,,,,,,,,,,,,,,,,,,,,,,,,,,,,,,,,,,,,,,,,,,,,,,,,,,,,,,,,,,,,
2021-01-21,2021,False,scl3x3_b1_w8_centernotbad_p0_class2zero_v1,no_representative_frozen_scl_gate_failed,no_l2a_representative_for_date,no_frozen_representative_l2a_product_for_date,,,,,,,,,,,,,,,,,,,,,,,,,,,,,,,,,,,,,,,,,,,,,,,,,,,,,,,,,,,,,,,,,,,,,,,,,,,,,,,,,,,,,,,,,,,,,,,,,,,,,,,,,,,,,,,,,,,,,,,,,,,,,,,,,,,,,,,,,,,,,,,,,,,,,,,,,,,,,,,,,,,,,,,,,,,,,,,,,,,,,,,,,,,,,,,,,,,,,,,,,,,,,,,,,,,,,,
2021-01-23,2021,False,scl3x3_b1_w8_centernotbad_p0_class2zero_v1,no_representative_frozen_scl_gate_failed,no_l2a_representative_for_date,no_frozen_representative_l2a_product_for_date,,,,,,,,,,,,,,,,,,,,,,,,,,,,,,,,,,,,,,,,,,,,,,,,,,,,,,,,,,,,,,,,,,,,,,,,,,,,,,,,,,,,,,,,,,,,,,,,,,,,,,,,,,,,,,,,,,,,,,,,,,,,,,,,,,,,,,,,,,,,,,,,,,,,,,,,,,,,,,,,,,,,,,,,,,,,,,,,,,,,,,,,,,,,,,,,,,,,,,,,,,,,,,,,,,,,,,
2021-01-26,2021,False,scl3x3_b1_w8_centernotbad_p0_class2zero_v1,no_representative_frozen_scl_gate_failed,no_l2a_representative_for_date,no_frozen_representative_l2a_product_for_date,,,,,,,,,,,,,,,,,,,,,,,,,,,,,,,,,,,,,,,,,,,,,,,,,,,,,,,,,,,,,,,,,,,,,,,,,,,,,,,,,,,,,,,,,,,,,,,,,,,,,,,,,,,,,,,,,,,,,,,,,,,,,,,,,,,,,,,,,,,,,,,,,,,,,,,,,,,,,,,,,,,,,,,,,,,,,,,,,,,,,,,,,,,,,,,,,,,,,,,,,,,,,,,,,,,,,,
2021-01-28,2021,False,scl3x3_b1_w8_centernotbad_p0_class2zero_v1,no_representative_frozen_scl_gate_failed,no_l2a_representative_for_date,no_frozen_representative_l2a_product_for_date,,,,,,,,,,,,,,,,,,,,,,,,,,,,,,,,,,,,,,,,,,,,,,,,,,,,,,,,,,,,,,,,,,,,,,,,,,,,,,,,,,,,,,,,,,,,,,,,,,,,,,,,,,,,,,,,,,,,,,,,,,,,,,,,,,,,,,,,,,,,,,,,,,,,,,,,,,,,,,,,,,,,,,,,,,,,,,,,,,,,,,,,,,,,,,,,,,,,,,,,,,,,,,,,,,,,,,
2021-01-31,2021,False,scl3x3_b1_w8_centernotbad_p0_class2zero_v1,no_representative_frozen_scl_gate_failed,no_l2a_representative_for_date,no_frozen_representative_l2a_product_for_date,,,,,,,,,,,,,,,,,,,,,,,,,,,,,,,,,,,,,,,,,,,,,,,,,,,,,,,,,,,,,,,,,,,,,,,,,,,,,,,,,,,,,,,,,,,,,,,,,,,,,,,,,,,,,,,,,,,,,,,,,,,,,,,,,,,,,,,,,,,,,,,,,,,,,,,,,,,,,,,,,,,,,,,,,,,,,,,,,,,,,,,,,,,,,,,,,,,,,,,,,,,,,,,,,,,,,,
2021-02-02,2021,False,scl3x3_b1_w8_centernotbad_p0_class2zero_v1,no_representative_frozen_scl_gate_failed,no_l2a_representative_for_date,no_frozen_representative_l2a_product_for_date,,,,,,,,,,,,,,,,,,,,,,,,,,,,,,,,,,,,,,,,,,,,,,,,,,,,,,,,,,,,,,,,,,,,,,,,,,,,,,,,,,,,,,,,,,,,,,,,,,,,,,,,,,,,,,,,,,,,,,,,,,,,,,,,,,,,,,,,,,,,,,,,,,,,,,,,,,,,,,,,,,,,,,,,,,,,,,,,,,,,,,,,,,,,,,,,,,,,,,,,,,,,,,,,,,,,,,
2021-02-05,2021,False,scl3x3_b1_w8_centernotbad_p0_class2zero_v1,no_representative_frozen_scl_gate_failed,no_l2a_representative_for_date,no_frozen_representative_l2a_product_for_date,,,,,,,,,,,,,,,,,,,,,,,,,,,,,,,,,,,,,,,,,,,,,,,,,,,,,,,,,,,,,,,,,,,,,,,,,,,,,,,,,,,,,,,,,,,,,,,,,,,,,,,,,,,,,,,,,,,,,,,,,,,,,,,,,,,,,,,,,,,,,,,,,,,,,,,,,,,,,,,,,,,,,,,,,,,,,,,,,,,,,,,,,,,,,,,,,,,,,,,,,,,,,,,,,,,,,,
2021-02-07,2021,False,scl3x3_b1_w8_centernotbad_p0_class2zero_v1,no_representative_frozen_scl_gate_failed,no_l2a_representative_for_date,no_frozen_representative_l2a_product_for_date,,,,,,,,,,,,,,,,,,,,,,,,,,,,,,,,,,,,,,,,,,,,,,,,,,,,,,,,,,,,,,,,,,,,,,,,,,,,,,,,,,,,,,,,,,,,,,,,,,,,,,,,,,,,,,,,,,,,,,,,,,,,,,,,,,,,,,,,,,,,,,,,,,,,,,,,,,,,,,,,,,,,,,,,,,,,,,,,,,,,,,,,,,,,,,,,,,,,,,,,,,,,,,,,,,,,,,
2021-02-10,2021,False,scl3x3_b1_w8_centernotbad_p0_class2zero_v1,no_representative_frozen_scl_gate_failed,no_l2a_representative_for_date,no_frozen_representative_l2a_product_for_date,,,,,,,,,,,,,,,,,,,,,,,,,,,,,,,,,,,,,,,,,,,,,,,,,,,,,,,,,,,,,,,,,,,,,,,,,,,,,,,,,,,,,,,,,,,,,,,,,,,,,,,,,,,,,,,,,,,,,,,,,,,,,,,,,,,,,,,,,,,,,,,,,,,,,,,,,,,,,,,,,,,,,,,,,,,,,,,,,,,,,,,,,,,,,,,,,,,,,,,,,,,,,,,,,,,,,,
2021-02-12,2021,False,scl3x3_b1_w8_centernotbad_p0_class2zero_v1,no_representative_frozen_scl_gate_failed,no_l2a_representative_for_date,no_frozen_representative_l2a_product_for_date,,,,,,,,,,,,,,,,,,,,,,,,,,,,,,,,,,,,,,,,,,,,,,,,,,,,,,,,,,,,,,,,,,,,,,,,,,,,,,,,,,,,,,,,,,,,,,,,,,,,,,,,,,,,,,,,,,,,,,,,,,,,,,,,,,,,,,,,,,,,,,,,,,,,,,,,,,,,,,,,,,,,,,,,,,,,,,,,,,,,,,,,,,,,,,,,,,,,,,,,,,,,,,,,,,,,,,
2021-02-15,2021,False,scl3x3_b1_w8_centernotbad_p0_class2zero_v1,no_representative_frozen_scl_gate_failed,no_l2a_representative_for_date,no_frozen_representative_l2a_product_for_date,,,,,,,,,,,,,,,,,,,,,,,,,,,,,,,,,,,,,,,,,,,,,,,,,,,,,,,,,,,,,,,,,,,,,,,,,,,,,,,,,,,,,,,,,,,,,,,,,,,,,,,,,,,,,,,,,,,,,,,,,,,,,,,,,,,,,,,,,,,,,,,,,,,,,,,,,,,,,,,,,,,,,,,,,,,,,,,,,,,,,,,,,,,,,,,,,,,,,,,,,,,,,,,,,,,,,,
2021-02-17,2021,False,scl3x3_b1_w8_centernotbad_p0_class2zero_v1,no_representative_frozen_scl_gate_failed,no_l2a_representative_for_date,no_frozen_representative_l2a_product_for_date,,,,,,,,,,,,,,,,,,,,,,,,,,,,,,,,,,,,,,,,,,,,,,,,,,,,,,,,,,,,,,,,,,,,,,,,,,,,,,,,,,,,,,,,,,,,,,,,,,,,,,,,,,,,,,,,,,,,,,,,,,,,,,,,,,,,,,,,,,,,,,,,,,,,,,,,,,,,,,,,,,,,,,,,,,,,,,,,,,,,,,,,,,,,,,,,,,,,,,,,,,,,,,,,,,,,,,
2021-02-20,2021,False,scl3x3_b1_w8_centernotbad_p0_class2zero_v1,no_representative_frozen_scl_gate_failed,no_l2a_representative_for_date,no_frozen_representative_l2a_product_for_date,,,,,,,,,,,,,,,,,,,,,,,,,,,,,,,,,,,,,,,,,,,,,,,,,,,,,,,,,,,,,,,,,,,,,,,,,,,,,,,,,,,,,,,,,,,,,,,,,,,,,,,,,,,,,,,,,,,,,,,,,,,,,,,,,,,,,,,,,,,,,,,,,,,,,,,,,,,,,,,,,,,,,,,,,,,,,,,,,,,,,,,,,,,,,,,,,,,,,,,,,,,,,,,,,,,,,,
2021-02-22,2021,False,scl3x3_b1_w8_centernotbad_p0_class2zero_v1,no_representative_frozen_scl_gate_failed,no_l2a_representative_for_date,no_frozen_representative_l2a_product_for_date,,,,,,,,,,,,,,,,,,,,,,,,,,,,,,,,,,,,,,,,,,,,,,,,,,,,,,,,,,,,,,,,,,,,,,,,,,,,,,,,,,,,,,,,,,,,,,,,,,,,,,,,,,,,,,,,,,,,,,,,,,,,,,,,,,,,,,,,,,,,,,,,,,,,,,,,,,,,,,,,,,,,,,,,,,,,,,,,,,,,,,,,,,,,,,,,,,,,,,,,,,,,,,,,,,,,,,
2021-02-25,2021,False,scl3x3_b1_w8_centernotbad_p0_class2zero_v1,no_representative_frozen_scl_gate_failed,no_l2a_representative_for_date,no_frozen_representative_l2a_product_for_date,,,,,,,,,,,,,,,,,,,,,,,,,,,,,,,,,,,,,,,,,,,,,,,,,,,,,,,,,,,,,,,,,,,,,,,,,,,,,,,,,,,,,,,,,,,,,,,,,,,,,,,,,,,,,,,,,,,,,,,,,,,,,,,,,,,,,,,,,,,,,,,,,,,,,,,,,,,,,,,,,,,,,,,,,,,,,,,,,,,,,,,,,,,,,,,,,,,,,,,,,,,,,,,,,,,,,,
2021-03-02,2021,False,scl3x3_b1_w8_centernotbad_p0_class2zero_v1,no_representative_frozen_scl_gate_failed,no_l2a_representative_for_date,no_frozen_representative_l2a_product_for_date,,,,,,,,,,,,,,,,,,,,,,,,,,,,,,,,,,,,,,,,,,,,,,,,,,,,,,,,,,,,,,,,,,,,,,,,,,,,,,,,,,,,,,,,,,,,,,,,,,,,,,,,,,,,,,,,,,,,,,,,,,,,,,,,,,,,,,,,,,,,,,,,,,,,,,,,,,,,,,,,,,,,,,,,,,,,,,,,,,,,,,,,,,,,,,,,,,,,,,,,,,,,,,,,,,,,,,
2021-03-04,2021,False,scl3x3_b1_w8_centernotbad_p0_class2zero_v1,no_representative_frozen_scl_gate_failed,no_l2a_representative_for_date,no_frozen_representative_l2a_product_for_date,,,,,,,,,,,,,,,,,,,,,,,,,,,,,,,,,,,,,,,,,,,,,,,,,,,,,,,,,,,,,,,,,,,,,,,,,,,,,,,,,,,,,,,,,,,,,,,,,,,,,,,,,,,,,,,,,,,,,,,,,,,,,,,,,,,,,,,,,,,,,,,,,,,,,,,,,,,,,,,,,,,,,,,,,,,,,,,,,,,,,,,,,,,,,,,,,,,,,,,,,,,,,,,,,,,,,,
2021-03-07,2021,False,scl3x3_b1_w8_centernotbad_p0_class2zero_v1,no_representative_frozen_scl_gate_failed,no_l2a_representative_for_date,no_frozen_representative_l2a_product_for_date,,,,,,,,,,,,,,,,,,,,,,,,,,,,,,,,,,,,,,,,,,,,,,,,,,,,,,,,,,,,,,,,,,,,,,,,,,,,,,,,,,,,,,,,,,,,,,,,,,,,,,,,,,,,,,,,,,,,,,,,,,,,,,,,,,,,,,,,,,,,,,,,,,,,,,,,,,,,,,,,,,,,,,,,,,,,,,,,,,,,,,,,,,,,,,,,,,,,,,,,,,,,,,,,,,,,,,
2021-03-09,2021,False,scl3x3_b1_w8_centernotbad_p0_class2zero_v1,no_representative_frozen_scl_gate_failed,no_l2a_representative_for_date,no_frozen_representative_l2a_product_for_date,,,,,,,,,,,,,,,,,,,,,,,,,,,,,,,,,,,,,,,,,,,,,,,,,,,,,,,,,,,,,,,,,,,,,,,,,,,,,,,,,,,,,,,,,,,,,,,,,,,,,,,,,,,,,,,,,,,,,,,,,,,,,,,,,,,,,,,,,,,,,,,,,,,,,,,,,,,,,,,,,,,,,,,,,,,,,,,,,,,,,,,,,,,,,,,,,,,,,,,,,,,,,,,,,,,,,,
2021-03-12,2021,False,scl3x3_b1_w8_centernotbad_p0_class2zero_v1,no_representative_frozen_scl_gate_failed,no_l2a_representative_for_date,no_frozen_representative_l2a_product_for_date,,,,,,,,,,,,,,,,,,,,,,,,,,,,,,,,,,,,,,,,,,,,,,,,,,,,,,,,,,,,,,,,,,,,,,,,,,,,,,,,,,,,,,,,,,,,,,,,,,,,,,,,,,,,,,,,,,,,,,,,,,,,,,,,,,,,,,,,,,,,,,,,,,,,,,,,,,,,,,,,,,,,,,,,,,,,,,,,,,,,,,,,,,,,,,,,,,,,,,,,,,,,,,,,,,,,,,
2021-03-14,2021,False,scl3x3_b1_w8_centernotbad_p0_class2zero_v1,no_representative_frozen_scl_gate_failed,no_l2a_representative_for_date,no_frozen_representative_l2a_product_for_date,,,,,,,,,,,,,,,,,,,,,,,,,,,,,,,,,,,,,,,,,,,,,,,,,,,,,,,,,,,,,,,,,,,,,,,,,,,,,,,,,,,,,,,,,,,,,,,,,,,,,,,,,,,,,,,,,,,,,,,,,,,,,,,,,,,,,,,,,,,,,,,,,,,,,,,,,,,,,,,,,,,,,,,,,,,,,,,,,,,,,,,,,,,,,,,,,,,,,,,,,,,,,,,,,,,,,,
2021-03-17,2021,False,scl3x3_b1_w8_centernotbad_p0_class2zero_v1,no_representative_frozen_scl_gate_failed,no_l2a_representative_for_date,no_frozen_representative_l2a_product_for_date,,,,,,,,,,,,,,,,,,,,,,,,,,,,,,,,,,,,,,,,,,,,,,,,,,,,,,,,,,,,,,,,,,,,,,,,,,,,,,,,,,,,,,,,,,,,,,,,,,,,,,,,,,,,,,,,,,,,,,,,,,,,,,,,,,,,,,,,,,,,,,,,,,,,,,,,,,,,,,,,,,,,,,,,,,,,,,,,,,,,,,,,,,,,,,,,,,,,,,,,,,,,,,,,,,,,,,
2021-03-24,2021,False,scl3x3_b1_w8_centernotbad_p0_class2zero_v1,no_representative_frozen_scl_gate_failed,no_l2a_representative_for_date,no_frozen_representative_l2a_product_for_date,,,,,,,,,,,,,,,,,,,,,,,,,,,,,,,,,,,,,,,,,,,,,,,,,,,,,,,,,,,,,,,,,,,,,,,,,,,,,,,,,,,,,,,,,,,,,,,,,,,,,,,,,,,,,,,,,,,,,,,,,,,,,,,,,,,,,,,,,,,,,,,,,,,,,,,,,,,,,,,,,,,,,,,,,,,,,,,,,,,,,,,,,,,,,,,,,,,,,,,,,,,,,,,,,,,,,,
2021-03-27,2021,False,scl3x3_b1_w8_centernotbad_p0_class2zero_v1,no_representative_frozen_scl_gate_failed,no_l2a_representative_for_date,no_frozen_representative_l2a_product_for_date,,,,,,,,,,,,,,,,,,,,,,,,,,,,,,,,,,,,,,,,,,,,,,,,,,,,,,,,,,,,,,,,,,,,,,,,,,,,,,,,,,,,,,,,,,,,,,,,,,,,,,,,,,,,,,,,,,,,,,,,,,,,,,,,,,,,,,,,,,,,,,,,,,,,,,,,,,,,,,,,,,,,,,,,,,,,,,,,,,,,,,,,,,,,,,,,,,,,,,,,,,,,,,,,,,,,,,
2021-03-29,2021,False,scl3x3_b1_w8_centernotbad_p0_class2zero_v1,no_representative_frozen_scl_gate_failed,no_l2a_representative_for_date,no_frozen_representative_l2a_product_for_date,,,,,,,,,,,,,,,,,,,,,,,,,,,,,,,,,,,,,,,,,,,,,,,,,,,,,,,,,,,,,,,,,,,,,,,,,,,,,,,,,,,,,,,,,,,,,,,,,,,,,,,,,,,,,,,,,,,,,,,,,,,,,,,,,,,,,,,,,,,,,,,,,,,,,,,,,,,,,,,,,,,,,,,,,,,,,,,,,,,,,,,,,,,,,,,,,,,,,,,,,,,,,,,,,,,,,,
2021-04-01,2021,False,scl3x3_b1_w8_centernotbad_p0_class2zero_v1,no_representative_frozen_scl_gate_failed,no_l2a_representative_for_date,no_frozen_representative_l2a_product_for_date,,,,,,,,,,,,,,,,,,,,,,,,,,,,,,,,,,,,,,,,,,,,,,,,,,,,,,,,,,,,,,,,,,,,,,,,,,,,,,,,,,,,,,,,,,,,,,,,,,,,,,,,,,,,,,,,,,,,,,,,,,,,,,,,,,,,,,,,,,,,,,,,,,,,,,,,,,,,,,,,,,,,,,,,,,,,,,,,,,,,,,,,,,,,,,,,,,,,,,,,,,,,,,,,,,,,,,
2021-04-06,2021,False,scl3x3_b1_w8_centernotbad_p0_class2zero_v1,no_representative_frozen_scl_gate_failed,no_l2a_representative_for_date,no_frozen_representative_l2a_product_for_date,,,,,,,,,,,,,,,,,,,,,,,,,,,,,,,,,,,,,,,,,,,,,,,,,,,,,,,,,,,,,,,,,,,,,,,,,,,,,,,,,,,,,,,,,,,,,,,,,,,,,,,,,,,,,,,,,,,,,,,,,,,,,,,,,,,,,,,,,,,,,,,,,,,,,,,,,,,,,,,,,,,,,,,,,,,,,,,,,,,,,,,,,,,,,,,,,,,,,,,,,,,,,,,,,,,,,,
2021-04-11,2021,False,scl3x3_b1_w8_centernotbad_p0_class2zero_v1,no_representative_frozen_scl_gate_failed,no_l2a_representative_for_date,no_frozen_representative_l2a_product_for_date,,,,,,,,,,,,,,,,,,,,,,,,,,,,,,,,,,,,,,,,,,,,,,,,,,,,,,,,,,,,,,,,,,,,,,,,,,,,,,,,,,,,,,,,,,,,,,,,,,,,,,,,,,,,,,,,,,,,,,,,,,,,,,,,,,,,,,,,,,,,,,,,,,,,,,,,,,,,,,,,,,,,,,,,,,,,,,,,,,,,,,,,,,,,,,,,,,,,,,,,,,,,,,,,,,,,,,
2021-04-16,2021,False,scl3x3_b1_w8_centernotbad_p0_class2zero_v1,no_representative_frozen_scl_gate_failed,no_l2a_representative_for_date,no_frozen_representative_l2a_product_for_date,,,,,,,,,,,,,,,,,,,,,,,,,,,,,,,,,,,,,,,,,,,,,,,,,,,,,,,,,,,,,,,,,,,,,,,,,,,,,,,,,,,,,,,,,,,,,,,,,,,,,,,,,,,,,,,,,,,,,,,,,,,,,,,,,,,,,,,,,,,,,,,,,,,,,,,,,,,,,,,,,,,,,,,,,,,,,,,,,,,,,,,,,,,,,,,,,,,,,,,,,,,,,,,,,,,,,,
2021-04-26,2021,False,scl3x3_b1_w8_centernotbad_p0_class2zero_v1,no_representative_frozen_scl_gate_failed,no_l2a_representative_for_date,no_frozen_representative_l2a_product_for_date,,,,,,,,,,,,,,,,,,,,,,,,,,,,,,,,,,,,,,,,,,,,,,,,,,,,,,,,,,,,,,,,,,,,,,,,,,,,,,,,,,,,,,,,,,,,,,,,,,,,,,,,,,,,,,,,,,,,,,,,,,,,,,,,,,,,,,,,,,,,,,,,,,,,,,,,,,,,,,,,,,,,,,,,,,,,,,,,,,,,,,,,,,,,,,,,,,,,,,,,,,,,,,,,,,,,,,
2021-04-28,2021,False,scl3x3_b1_w8_centernotbad_p0_class2zero_v1,no_representative_frozen_scl_gate_failed,no_l2a_representative_for_date,no_frozen_representative_l2a_product_for_date,,,,,,,,,,,,,,,,,,,,,,,,,,,,,,,,,,,,,,,,,,,,,,,,,,,,,,,,,,,,,,,,,,,,,,,,,,,,,,,,,,,,,,,,,,,,,,,,,,,,,,,,,,,,,,,,,,,,,,,,,,,,,,,,,,,,,,,,,,,,,,,,,,,,,,,,,,,,,,,,,,,,,,,,,,,,,,,,,,,,,,,,,,,,,,,,,,,,,,,,,,,,,,,,,,,,,,
2021-05-01,2021,False,scl3x3_b1_w8_centernotbad_p0_class2zero_v1,no_representative_frozen_scl_gate_failed,no_l2a_representative_for_date,no_frozen_representative_l2a_product_for_date,,,,,,,,,,,,,,,,,,,,,,,,,,,,,,,,,,,,,,,,,,,,,,,,,,,,,,,,,,,,,,,,,,,,,,,,,,,,,,,,,,,,,,,,,,,,,,,,,,,,,,,,,,,,,,,,,,,,,,,,,,,,,,,,,,,,,,,,,,,,,,,,,,,,,,,,,,,,,,,,,,,,,,,,,,,,,,,,,,,,,,,,,,,,,,,,,,,,,,,,,,,,,,,,,,,,,,
2021-05-03,2021,False,scl3x3_b1_w8_centernotbad_p0_class2zero_v1,no_representative_frozen_scl_gate_failed,no_l2a_representative_for_date,no_frozen_representative_l2a_product_for_date,,,,,,,,,,,,,,,,,,,,,,,,,,,,,,,,,,,,,,,,,,,,,,,,,,,,,,,,,,,,,,,,,,,,,,,,,,,,,,,,,,,,,,,,,,,,,,,,,,,,,,,,,,,,,,,,,,,,,,,,,,,,,,,,,,,,,,,,,,,,,,,,,,,,,,,,,,,,,,,,,,,,,,,,,,,,,,,,,,,,,,,,,,,,,,,,,,,,,,,,,,,,,,,,,,,,,,
2021-05-06,2021,False,scl3x3_b1_w8_centernotbad_p0_class2zero_v1,no_representative_frozen_scl_gate_failed,no_l2a_representative_for_date,no_frozen_representative_l2a_product_for_date,,,,,,,,,,,,,,,,,,,,,,,,,,,,,,,,,,,,,,,,,,,,,,,,,,,,,,,,,,,,,,,,,,,,,,,,,,,,,,,,,,,,,,,,,,,,,,,,,,,,,,,,,,,,,,,,,,,,,,,,,,,,,,,,,,,,,,,,,,,,,,,,,,,,,,,,,,,,,,,,,,,,,,,,,,,,,,,,,,,,,,,,,,,,,,,,,,,,,,,,,,,,,,,,,,,,,,
2021-05-11,2021,False,scl3x3_b1_w8_centernotbad_p0_class2zero_v1,no_representative_frozen_scl_gate_failed,no_l2a_representative_for_date,no_frozen_representative_l2a_product_for_date,,,,,,,,,,,,,,,,,,,,,,,,,,,,,,,,,,,,,,,,,,,,,,,,,,,,,,,,,,,,,,,,,,,,,,,,,,,,,,,,,,,,,,,,,,,,,,,,,,,,,,,,,,,,,,,,,,,,,,,,,,,,,,,,,,,,,,,,,,,,,,,,,,,,,,,,,,,,,,,,,,,,,,,,,,,,,,,,,,,,,,,,,,,,,,,,,,,,,,,,,,,,,,,,,,,,,,
2021-05-16,2021,False,scl3x3_b1_w8_centernotbad_p0_class2zero_v1,no_representative_frozen_scl_gate_failed,no_l2a_representative_for_date,no_frozen_representative_l2a_product_for_date,,,,,,,,,,,,,,,,,,,,,,,,,,,,,,,,,,,,,,,,,,,,,,,,,,,,,,,,,,,,,,,,,,,,,,,,,,,,,,,,,,,,,,,,,,,,,,,,,,,,,,,,,,,,,,,,,,,,,,,,,,,,,,,,,,,,,,,,,,,,,,,,,,,,,,,,,,,,,,,,,,,,,,,,,,,,,,,,,,,,,,,,,,,,,,,,,,,,,,,,,,,,,,,,,,,,,,
2021-05-21,2021,False,scl3x3_b1_w8_centernotbad_p0_class2zero_v1,no_representative_frozen_scl_gate_failed,no_l2a_representative_for_date,no_frozen_representative_l2a_product_for_date,,,,,,,,,,,,,,,,,,,,,,,,,,,,,,,,,,,,,,,,,,,,,,,,,,,,,,,,,,,,,,,,,,,,,,,,,,,,,,,,,,,,,,,,,,,,,,,,,,,,,,,,,,,,,,,,,,,,,,,,,,,,,,,,,,,,,,,,,,,,,,,,,,,,,,,,,,,,,,,,,,,,,,,,,,,,,,,,,,,,,,,,,,,,,,,,,,,,,,,,,,,,,,,,,,,,,,
2021-05-23,2021,False,scl3x3_b1_w8_centernotbad_p0_class2zero_v1,no_representative_frozen_scl_gate_failed,no_l2a_representative_for_date,no_frozen_representative_l2a_product_for_date,,,,,,,,,,,,,,,,,,,,,,,,,,,,,,,,,,,,,,,,,,,,,,,,,,,,,,,,,,,,,,,,,,,,,,,,,,,,,,,,,,,,,,,,,,,,,,,,,,,,,,,,,,,,,,,,,,,,,,,,,,,,,,,,,,,,,,,,,,,,,,,,,,,,,,,,,,,,,,,,,,,,,,,,,,,,,,,,,,,,,,,,,,,,,,,,,,,,,,,,,,,,,,,,,,,,,,
2021-05-26,2021,False,scl3x3_b1_w8_centernotbad_p0_class2zero_v1,no_representative_frozen_scl_gate_failed,no_l2a_representative_for_date,no_frozen_representative_l2a_product_for_date,,,,,,,,,,,,,,,,,,,,,,,,,,,,,,,,,,,,,,,,,,,,,,,,,,,,,,,,,,,,,,,,,,,,,,,,,,,,,,,,,,,,,,,,,,,,,,,,,,,,,,,,,,,,,,,,,,,,,,,,,,,,,,,,,,,,,,,,,,,,,,,,,,,,,,,,,,,,,,,,,,,,,,,,,,,,,,,,,,,,,,,,,,,,,,,,,,,,,,,,,,,,,,,,,,,,,,
2021-05-31,2021,False,scl3x3_b1_w8_centernotbad_p0_class2zero_v1,no_representative_frozen_scl_gate_failed,no_l2a_representative_for_date,no_frozen_representative_l2a_product_for_date,,,,,,,,,,,,,,,,,,,,,,,,,,,,,,,,,,,,,,,,,,,,,,,,,,,,,,,,,,,,,,,,,,,,,,,,,,,,,,,,,,,,,,,,,,,,,,,,,,,,,,,,,,,,,,,,,,,,,,,,,,,,,,,,,,,,,,,,,,,,,,,,,,,,,,,,,,,,,,,,,,,,,,,,,,,,,,,,,,,,,,,,,,,,,,,,,,,,,,,,,,,,,,,,,,,,,,
2021-06-17,2021,False,scl3x3_b1_w8_centernotbad_p0_class2zero_v1,no_representative_frozen_scl_gate_failed,no_l2a_representative_for_date,no_frozen_representative_l2a_product_for_date,,,,,,,,,,,,,,,,,,,,,,,,,,,,,,,,,,,,,,,,,,,,,,,,,,,,,,,,,,,,,,,,,,,,,,,,,,,,,,,,,,,,,,,,,,,,,,,,,,,,,,,,,,,,,,,,,,,,,,,,,,,,,,,,,,,,,,,,,,,,,,,,,,,,,,,,,,,,,,,,,,,,,,,,,,,,,,,,,,,,,,,,,,,,,,,,,,,,,,,,,,,,,,,,,,,,,,
2021-06-22,2021,False,scl3x3_b1_w8_centernotbad_p0_class2zero_v1,no_representative_frozen_scl_gate_failed,no_l2a_representative_for_date,no_frozen_representative_l2a_product_for_date,,,,,,,,,,,,,,,,,,,,,,,,,,,,,,,,,,,,,,,,,,,,,,,,,,,,,,,,,,,,,,,,,,,,,,,,,,,,,,,,,,,,,,,,,,,,,,,,,,,,,,,,,,,,,,,,,,,,,,,,,,,,,,,,,,,,,,,,,,,,,,,,,,,,,,,,,,,,,,,,,,,,,,,,,,,,,,,,,,,,,,,,,,,,,,,,,,,,,,,,,,,,,,,,,,,,,,
2021-06-25,2021,False,scl3x3_b1_w8_centernotbad_p0_class2zero_v1,no_representative_frozen_scl_gate_failed,no_l2a_representative_for_date,no_frozen_representative_l2a_product_for_date,,,,,,,,,,,,,,,,,,,,,,,,,,,,,,,,,,,,,,,,,,,,,,,,,,,,,,,,,,,,,,,,,,,,,,,,,,,,,,,,,,,,,,,,,,,,,,,,,,,,,,,,,,,,,,,,,,,,,,,,,,,,,,,,,,,,,,,,,,,,,,,,,,,,,,,,,,,,,,,,,,,,,,,,,,,,,,,,,,,,,,,,,,,,,,,,,,,,,,,,,,,,,,,,,,,,,,
2021-07-07,2021,False,scl3x3_b1_w8_centernotbad_p0_class2zero_v1,no_representative_frozen_scl_gate_failed,no_l2a_representative_for_date,no_frozen_representative_l2a_product_for_date,,,,,,,,,,,,,,,,,,,,,,,,,,,,,,,,,,,,,,,,,,,,,,,,,,,,,,,,,,,,,,,,,,,,,,,,,,,,,,,,,,,,,,,,,,,,,,,,,,,,,,,,,,,,,,,,,,,,,,,,,,,,,,,,,,,,,,,,,,,,,,,,,,,,,,,,,,,,,,,,,,,,,,,,,,,,,,,,,,,,,,,,,,,,,,,,,,,,,,,,,,,,,,,,,,,,,,
2021-07-17,2021,False,scl3x3_b1_w8_centernotbad_p0_class2zero_v1,no_representative_frozen_scl_gate_failed,no_l2a_representative_for_date,no_frozen_representative_l2a_product_for_date,,,,,,,,,,,,,,,,,,,,,,,,,,,,,,,,,,,,,,,,,,,,,,,,,,,,,,,,,,,,,,,,,,,,,,,,,,,,,,,,,,,,,,,,,,,,,,,,,,,,,,,,,,,,,,,,,,,,,,,,,,,,,,,,,,,,,,,,,,,,,,,,,,,,,,,,,,,,,,,,,,,,,,,,,,,,,,,,,,,,,,,,,,,,,,,,,,,,,,,,,,,,,,,,,,,,,,
2021-07-20,2021,False,scl3x3_b1_w8_centernotbad_p0_class2zero_v1,no_representative_frozen_scl_gate_failed,no_l2a_representative_for_date,no_frozen_representative_l2a_product_for_date,,,,,,,,,,,,,,,,,,,,,,,,,,,,,,,,,,,,,,,,,,,,,,,,,,,,,,,,,,,,,,,,,,,,,,,,,,,,,,,,,,,,,,,,,,,,,,,,,,,,,,,,,,,,,,,,,,,,,,,,,,,,,,,,,,,,,,,,,,,,,,,,,,,,,,,,,,,,,,,,,,,,,,,,,,,,,,,,,,,,,,,,,,,,,,,,,,,,,,,,,,,,,,,,,,,,,,
2021-07-22,2021,False,scl3x3_b1_w8_centernotbad_p0_class2zero_v1,no_representative_frozen_scl_gate_failed,no_l2a_representative_for_date,no_frozen_representative_l2a_product_for_date,,,,,,,,,,,,,,,,,,,,,,,,,,,,,,,,,,,,,,,,,,,,,,,,,,,,,,,,,,,,,,,,,,,,,,,,,,,,,,,,,,,,,,,,,,,,,,,,,,,,,,,,,,,,,,,,,,,,,,,,,,,,,,,,,,,,,,,,,,,,,,,,,,,,,,,,,,,,,,,,,,,,,,,,,,,,,,,,,,,,,,,,,,,,,,,,,,,,,,,,,,,,,,,,,,,,,,
2021-07-30,2021,False,scl3x3_b1_w8_centernotbad_p0_class2zero_v1,no_representative_frozen_scl_gate_failed,no_l2a_representative_for_date,no_frozen_representative_l2a_product_for_date,,,,,,,,,,,,,,,,,,,,,,,,,,,,,,,,,,,,,,,,,,,,,,,,,,,,,,,,,,,,,,,,,,,,,,,,,,,,,,,,,,,,,,,,,,,,,,,,,,,,,,,,,,,,,,,,,,,,,,,,,,,,,,,,,,,,,,,,,,,,,,,,,,,,,,,,,,,,,,,,,,,,,,,,,,,,,,,,,,,,,,,,,,,,,,,,,,,,,,,,,,,,,,,,,,,,,,
2021-08-01,2021,False,scl3x3_b1_w8_centernotbad_p0_class2zero_v1,no_representative_frozen_scl_gate_failed,no_l2a_representative_for_date,no_frozen_representative_l2a_product_for_date,,,,,,,,,,,,,,,,,,,,,,,,,,,,,,,,,,,,,,,,,,,,,,,,,,,,,,,,,,,,,,,,,,,,,,,,,,,,,,,,,,,,,,,,,,,,,,,,,,,,,,,,,,,,,,,,,,,,,,,,,,,,,,,,,,,,,,,,,,,,,,,,,,,,,,,,,,,,,,,,,,,,,,,,,,,,,,,,,,,,,,,,,,,,,,,,,,,,,,,,,,,,,,,,,,,,,,
2021-08-04,2021,False,scl3x3_b1_w8_centernotbad_p0_class2zero_v1,no_representative_frozen_scl_gate_failed,no_l2a_representative_for_date,no_frozen_representative_l2a_product_for_date,,,,,,,,,,,,,,,,,,,,,,,,,,,,,,,,,,,,,,,,,,,,,,,,,,,,,,,,,,,,,,,,,,,,,,,,,,,,,,,,,,,,,,,,,,,,,,,,,,,,,,,,,,,,,,,,,,,,,,,,,,,,,,,,,,,,,,,,,,,,,,,,,,,,,,,,,,,,,,,,,,,,,,,,,,,,,,,,,,,,,,,,,,,,,,,,,,,,,,,,,,,,,,,,,,,,,,
2021-08-11,2021,True,scl3x3_b1_w8_centernotbad_p0_class2zero_v1,frozen_representative,exact_unique,no_valid_pixels_after_qa_in_frozen_3x3_window,L2A,S2A_MSIL2A_20210811T101031_N0500_R022_T34VCM_20230116T212140,2021-08-11T10:10:31Z,S2A,T34VCM,22,N0500,2023-01-16T21:21:40Z,False,10000.0,MTD_MSIL2A.xml,N0500,product_metadata_PROCESSING_BASELINE,True,3,product_spectral_information_list,-1000.0,product_offset_list,(DN + -1000) / 10000,664.6,4,product_spectral_information_list,-1000.0,product_offset_list,(DN + -1000) / 10000,704.1,5,product_spectral_information_list,-1000.0,product_offset_list,(DN + -1000) / 10000,740.5,EPSG:32634,20.0,0.0,300000.0,0.0,-20.0,6700020.0,5490,5490,20.0,20.0,3200,3347,True,GRANULE/L2A_T34VCM_A032051_20210811T101027/IMG_DATA/R20m/T34VCM_20210811T101031_B04_20m.jp2,20.0,native_target_grid,0,0,0,0.026411111111111114,GRANULE/L2A_T34VCM_A032051_20210811T101027/IMG_DATA/R20m/T34VCM_20210811T101031_B05_20m.jp2,20.0,native_target_grid,0,0,0,0.028744444444444444,GRANULE/L2A_T34VCM_A032051_20210811T101027/IMG_DATA/R20m/T34VCM_20210811T101031_B06_20m.jp2,20.0,native_target_grid,0,0,0,0.023555555555555555,GRANULE/L2A_T34VCM_A032051_20210811T101027/QI_DATA/MSK_QUALIT_B04.jp2,any_invalid_reduce_x2,10.0,GRANULE/L2A_T34VCM_A032051_20210811T101027/QI_DATA/MSK_QUALIT_B05.jp2,native_target_grid,20.0,GRANULE/L2A_T34VCM_A032051_20210811T101027/QI_DATA/MSK_QUALIT_B06.jp2,native_target_grid,20.0,present,GRANULE/L2A_T34VCM_A032051_20210811T101027/QI_DATA/MSK_CLASSI_B00.jp2,exact_footprint_expand_x3,60.0,present,GRANULE/L2A_T34VCM_A032051_20210811T101027/IMG_DATA/R20m/T34VCM_20210811T101031_SCL_20m.jp2,native_target_grid,20.0,9,,0,0.0,B04,0,0.0,B04,0,0.0,B04,0,0.0,B04,0,0.0,B04,0,0.0,B04,0,0.0,B04,0,0.0,B04,0,0.0,B05,0,0.0,B05,0,0.0,B05,0,0.0,B05,0,0.0,B05,0,0.0,B05,0,0.0,B05,0,0.0,B05,0,0.0,B06,0,0.0,B06,0,0.0,B06,0,0.0,B06,0,0.0,B06,0,0.0,B06,0,0.0,B06,0,0.0,B06,9,1.0,0,0.0,0,0.0,0,0.0,0,0.0,0,0.0,0,0.0,0,0.0,0,0.0,0,0.0,0,0.0,0,0.0,0,0,0,0,0.5333333333333333,0,0.0,,,,,,,0,0.0,,,,,,,0,0,0,0,0,0,0,0,False,False,NOT_SELECTED_REQUIRES_HUMAN_FREEZE
2021-08-11,2021,True,scl3x3_b1_w8_centernotbad_p0_class2zero_v1,frozen_representative,exact_unique,no_valid_pixels_after_qa_in_frozen_3x3_window,L1C,S2A_MSIL1C_20210811T101031_N0500_R022_T34VCM_20230116T084428,2021-08-11T10:10:31Z,S2A,T34VCM,22,N0500,2023-01-16T08:44:28Z,False,10000.0,MTD_MSIL1C.xml,N0500,product_metadata_PROCESSING_BASELINE,True,3,product_spectral_information_list,-1000.0,product_offset_list,(DN + -1000) / 10000,664.6,4,product_spectral_information_list,-1000.0,product_offset_list,(DN + -1000) / 10000,704.1,5,product_spectral_information_list,-1000.0,product_offset_list,(DN + -1000) / 10000,740.5,EPSG:32634,20.0,0.0,300000.0,0.0,-20.0,6700020.0,5490,5490,20.0,20.0,3200,3347,True,GRANULE/L1C_T34VCM_A032051_20210811T101027/IMG_DATA/T34VCM_20210811T101031_B04.jp2,10.0,block_mean_reduce_x2,0,0,0,0.053705555555555555,GRANULE/L1C_T34VCM_A032051_20210811T101027/IMG_DATA/T34VCM_20210811T101031_B05.jp2,20.0,native_target_grid,0,0,0,0.05143333333333333,GRANULE/L1C_T34VCM_A032051_20210811T101027/IMG_DATA/T34VCM_20210811T101031_B06.jp2,20.0,native_target_grid,0,0,0,0.05312222222222222,GRANULE/L1C_T34VCM_A032051_20210811T101027/QI_DATA/MSK_QUALIT_B04.jp2,any_invalid_reduce_x2,10.0,GRANULE/L1C_T34VCM_A032051_20210811T101027/QI_DATA/MSK_QUALIT_B05.jp2,native_target_grid,20.0,GRANULE/L1C_T34VCM_A032051_20210811T101027/QI_DATA/MSK_QUALIT_B06.jp2,native_target_grid,20.0,present,GRANULE/L1C_T34VCM_A032051_20210811T101027/QI_DATA/MSK_CLASSI_B00.jp2,exact_footprint_expand_x3,60.0,present,GRANULE/L2A_T34VCM_A032051_20210811T101027/IMG_DATA/R20m/T34VCM_20210811T101031_SCL_20m.jp2,native_target_grid,20.0,9,,0,0.0,B04,0,0.0,B04,0,0.0,B04,0,0.0,B04,0,0.0,B04,0,0.0,B04,0,0.0,B04,0,0.0,B04,0,0.0,B05,0,0.0,B05,0,0.0,B05,0,0.0,B05,0,0.0,B05,0,0.0,B05,0,0.0,B05,0,0.0,B05,0,0.0,B06,0,0.0,B06,0,0.0,B06,0,0.0,B06,0,0.0,B06,0,0.0,B06,0,0.0,B06,0,0.0,B06,9,1.0,0,0.0,0,0.0,0,0.0,0,0.0,0,0.0,0,0.0,0,0.0,0,0.0,0,0.0,0,0.0,0,0.0,0,0,0,0,0.5333333333333333,0,0.0,,,,,,,0,0.0,,,,,,,0,0,0,0,0,0,0,0,False,False,NOT_SELECTED_REQUIRES_HUMAN_FREEZE
2021-08-14,2021,False,scl3x3_b1_w8_centernotbad_p0_class2zero_v1,no_representative_frozen_scl_gate_failed,no_l2a_representative_for_date,no_frozen_representative_l2a_product_for_date,,,,,,,,,,,,,,,,,,,,,,,,,,,,,,,,,,,,,,,,,,,,,,,,,,,,,,,,,,,,,,,,,,,,,,,,,,,,,,,,,,,,,,,,,,,,,,,,,,,,,,,,,,,,,,,,,,,,,,,,,,,,,,,,,,,,,,,,,,,,,,,,,,,,,,,,,,,,,,,,,,,,,,,,,,,,,,,,,,,,,,,,,,,,,,,,,,,,,,,,,,,,,,,,,,,,,,
2021-08-16,2021,False,scl3x3_b1_w8_centernotbad_p0_class2zero_v1,no_representative_frozen_scl_gate_failed,no_l2a_representative_for_date,no_frozen_representative_l2a_product_for_date,,,,,,,,,,,,,,,,,,,,,,,,,,,,,,,,,,,,,,,,,,,,,,,,,,,,,,,,,,,,,,,,,,,,,,,,,,,,,,,,,,,,,,,,,,,,,,,,,,,,,,,,,,,,,,,,,,,,,,,,,,,,,,,,,,,,,,,,,,,,,,,,,,,,,,,,,,,,,,,,,,,,,,,,,,,,,,,,,,,,,,,,,,,,,,,,,,,,,,,,,,,,,,,,,,,,,,
2021-08-19,2021,False,scl3x3_b1_w8_centernotbad_p0_class2zero_v1,no_representative_frozen_scl_gate_failed,no_l2a_representative_for_date,no_frozen_representative_l2a_product_for_date,,,,,,,,,,,,,,,,,,,,,,,,,,,,,,,,,,,,,,,,,,,,,,,,,,,,,,,,,,,,,,,,,,,,,,,,,,,,,,,,,,,,,,,,,,,,,,,,,,,,,,,,,,,,,,,,,,,,,,,,,,,,,,,,,,,,,,,,,,,,,,,,,,,,,,,,,,,,,,,,,,,,,,,,,,,,,,,,,,,,,,,,,,,,,,,,,,,,,,,,,,,,,,,,,,,,,,
2021-08-24,2021,False,scl3x3_b1_w8_centernotbad_p0_class2zero_v1,no_representative_frozen_scl_gate_failed,no_l2a_representative_for_date,no_frozen_representative_l2a_product_for_date,,,,,,,,,,,,,,,,,,,,,,,,,,,,,,,,,,,,,,,,,,,,,,,,,,,,,,,,,,,,,,,,,,,,,,,,,,,,,,,,,,,,,,,,,,,,,,,,,,,,,,,,,,,,,,,,,,,,,,,,,,,,,,,,,,,,,,,,,,,,,,,,,,,,,,,,,,,,,,,,,,,,,,,,,,,,,,,,,,,,,,,,,,,,,,,,,,,,,,,,,,,,,,,,,,,,,,
2021-08-26,2021,False,scl3x3_b1_w8_centernotbad_p0_class2zero_v1,no_representative_frozen_scl_gate_failed,no_l2a_representative_for_date,no_frozen_representative_l2a_product_for_date,,,,,,,,,,,,,,,,,,,,,,,,,,,,,,,,,,,,,,,,,,,,,,,,,,,,,,,,,,,,,,,,,,,,,,,,,,,,,,,,,,,,,,,,,,,,,,,,,,,,,,,,,,,,,,,,,,,,,,,,,,,,,,,,,,,,,,,,,,,,,,,,,,,,,,,,,,,,,,,,,,,,,,,,,,,,,,,,,,,,,,,,,,,,,,,,,,,,,,,,,,,,,,,,,,,,,,
2021-08-29,2021,False,scl3x3_b1_w8_centernotbad_p0_class2zero_v1,no_representative_frozen_scl_gate_failed,no_l2a_representative_for_date,no_frozen_representative_l2a_product_for_date,,,,,,,,,,,,,,,,,,,,,,,,,,,,,,,,,,,,,,,,,,,,,,,,,,,,,,,,,,,,,,,,,,,,,,,,,,,,,,,,,,,,,,,,,,,,,,,,,,,,,,,,,,,,,,,,,,,,,,,,,,,,,,,,,,,,,,,,,,,,,,,,,,,,,,,,,,,,,,,,,,,,,,,,,,,,,,,,,,,,,,,,,,,,,,,,,,,,,,,,,,,,,,,,,,,,,,
2021-09-05,2021,False,scl3x3_b1_w8_centernotbad_p0_class2zero_v1,no_representative_frozen_scl_gate_failed,no_l2a_representative_for_date,no_frozen_representative_l2a_product_for_date,,,,,,,,,,,,,,,,,,,,,,,,,,,,,,,,,,,,,,,,,,,,,,,,,,,,,,,,,,,,,,,,,,,,,,,,,,,,,,,,,,,,,,,,,,,,,,,,,,,,,,,,,,,,,,,,,,,,,,,,,,,,,,,,,,,,,,,,,,,,,,,,,,,,,,,,,,,,,,,,,,,,,,,,,,,,,,,,,,,,,,,,,,,,,,,,,,,,,,,,,,,,,,,,,,,,,,
2021-09-10,2021,False,scl3x3_b1_w8_centernotbad_p0_class2zero_v1,no_representative_frozen_scl_gate_failed,no_l2a_representative_for_date,no_frozen_representative_l2a_product_for_date,,,,,,,,,,,,,,,,,,,,,,,,,,,,,,,,,,,,,,,,,,,,,,,,,,,,,,,,,,,,,,,,,,,,,,,,,,,,,,,,,,,,,,,,,,,,,,,,,,,,,,,,,,,,,,,,,,,,,,,,,,,,,,,,,,,,,,,,,,,,,,,,,,,,,,,,,,,,,,,,,,,,,,,,,,,,,,,,,,,,,,,,,,,,,,,,,,,,,,,,,,,,,,,,,,,,,,
2021-09-13,2021,False,scl3x3_b1_w8_centernotbad_p0_class2zero_v1,no_representative_frozen_scl_gate_failed,no_l2a_representative_for_date,no_frozen_representative_l2a_product_for_date,,,,,,,,,,,,,,,,,,,,,,,,,,,,,,,,,,,,,,,,,,,,,,,,,,,,,,,,,,,,,,,,,,,,,,,,,,,,,,,,,,,,,,,,,,,,,,,,,,,,,,,,,,,,,,,,,,,,,,,,,,,,,,,,,,,,,,,,,,,,,,,,,,,,,,,,,,,,,,,,,,,,,,,,,,,,,,,,,,,,,,,,,,,,,,,,,,,,,,,,,,,,,,,,,,,,,,
2021-09-18,2021,False,scl3x3_b1_w8_centernotbad_p0_class2zero_v1,no_representative_frozen_scl_gate_failed,no_l2a_representative_for_date,no_frozen_representative_l2a_product_for_date,,,,,,,,,,,,,,,,,,,,,,,,,,,,,,,,,,,,,,,,,,,,,,,,,,,,,,,,,,,,,,,,,,,,,,,,,,,,,,,,,,,,,,,,,,,,,,,,,,,,,,,,,,,,,,,,,,,,,,,,,,,,,,,,,,,,,,,,,,,,,,,,,,,,,,,,,,,,,,,,,,,,,,,,,,,,,,,,,,,,,,,,,,,,,,,,,,,,,,,,,,,,,,,,,,,,,,
2021-09-20,2021,False,scl3x3_b1_w8_centernotbad_p0_class2zero_v1,no_representative_frozen_scl_gate_failed,no_l2a_representative_for_date,no_frozen_representative_l2a_product_for_date,,,,,,,,,,,,,,,,,,,,,,,,,,,,,,,,,,,,,,,,,,,,,,,,,,,,,,,,,,,,,,,,,,,,,,,,,,,,,,,,,,,,,,,,,,,,,,,,,,,,,,,,,,,,,,,,,,,,,,,,,,,,,,,,,,,,,,,,,,,,,,,,,,,,,,,,,,,,,,,,,,,,,,,,,,,,,,,,,,,,,,,,,,,,,,,,,,,,,,,,,,,,,,,,,,,,,,
2021-09-23,2021,False,scl3x3_b1_w8_centernotbad_p0_class2zero_v1,no_representative_frozen_scl_gate_failed,no_l2a_representative_for_date,no_frozen_representative_l2a_product_for_date,,,,,,,,,,,,,,,,,,,,,,,,,,,,,,,,,,,,,,,,,,,,,,,,,,,,,,,,,,,,,,,,,,,,,,,,,,,,,,,,,,,,,,,,,,,,,,,,,,,,,,,,,,,,,,,,,,,,,,,,,,,,,,,,,,,,,,,,,,,,,,,,,,,,,,,,,,,,,,,,,,,,,,,,,,,,,,,,,,,,,,,,,,,,,,,,,,,,,,,,,,,,,,,,,,,,,,
2021-09-28,2021,False,scl3x3_b1_w8_centernotbad_p0_class2zero_v1,no_representative_frozen_scl_gate_failed,no_l2a_representative_for_date,no_frozen_representative_l2a_product_for_date,,,,,,,,,,,,,,,,,,,,,,,,,,,,,,,,,,,,,,,,,,,,,,,,,,,,,,,,,,,,,,,,,,,,,,,,,,,,,,,,,,,,,,,,,,,,,,,,,,,,,,,,,,,,,,,,,,,,,,,,,,,,,,,,,,,,,,,,,,,,,,,,,,,,,,,,,,,,,,,,,,,,,,,,,,,,,,,,,,,,,,,,,,,,,,,,,,,,,,,,,,,,,,,,,,,,,,
2021-09-30,2021,False,scl3x3_b1_w8_centernotbad_p0_class2zero_v1,no_representative_frozen_scl_gate_failed,no_l2a_representative_for_date,no_frozen_representative_l2a_product_for_date,,,,,,,,,,,,,,,,,,,,,,,,,,,,,,,,,,,,,,,,,,,,,,,,,,,,,,,,,,,,,,,,,,,,,,,,,,,,,,,,,,,,,,,,,,,,,,,,,,,,,,,,,,,,,,,,,,,,,,,,,,,,,,,,,,,,,,,,,,,,,,,,,,,,,,,,,,,,,,,,,,,,,,,,,,,,,,,,,,,,,,,,,,,,,,,,,,,,,,,,,,,,,,,,,,,,,,
2021-10-03,2021,False,scl3x3_b1_w8_centernotbad_p0_class2zero_v1,no_representative_frozen_scl_gate_failed,no_l2a_representative_for_date,no_frozen_representative_l2a_product_for_date,,,,,,,,,,,,,,,,,,,,,,,,,,,,,,,,,,,,,,,,,,,,,,,,,,,,,,,,,,,,,,,,,,,,,,,,,,,,,,,,,,,,,,,,,,,,,,,,,,,,,,,,,,,,,,,,,,,,,,,,,,,,,,,,,,,,,,,,,,,,,,,,,,,,,,,,,,,,,,,,,,,,,,,,,,,,,,,,,,,,,,,,,,,,,,,,,,,,,,,,,,,,,,,,,,,,,,
2021-10-05,2021,False,scl3x3_b1_w8_centernotbad_p0_class2zero_v1,no_representative_frozen_scl_gate_failed,no_l2a_representative_for_date,no_frozen_representative_l2a_product_for_date,,,,,,,,,,,,,,,,,,,,,,,,,,,,,,,,,,,,,,,,,,,,,,,,,,,,,,,,,,,,,,,,,,,,,,,,,,,,,,,,,,,,,,,,,,,,,,,,,,,,,,,,,,,,,,,,,,,,,,,,,,,,,,,,,,,,,,,,,,,,,,,,,,,,,,,,,,,,,,,,,,,,,,,,,,,,,,,,,,,,,,,,,,,,,,,,,,,,,,,,,,,,,,,,,,,,,,
2021-10-10,2021,False,scl3x3_b1_w8_centernotbad_p0_class2zero_v1,no_representative_frozen_scl_gate_failed,no_l2a_representative_for_date,no_frozen_representative_l2a_product_for_date,,,,,,,,,,,,,,,,,,,,,,,,,,,,,,,,,,,,,,,,,,,,,,,,,,,,,,,,,,,,,,,,,,,,,,,,,,,,,,,,,,,,,,,,,,,,,,,,,,,,,,,,,,,,,,,,,,,,,,,,,,,,,,,,,,,,,,,,,,,,,,,,,,,,,,,,,,,,,,,,,,,,,,,,,,,,,,,,,,,,,,,,,,,,,,,,,,,,,,,,,,,,,,,,,,,,,,
2021-10-15,2021,False,scl3x3_b1_w8_centernotbad_p0_class2zero_v1,no_representative_frozen_scl_gate_failed,no_l2a_representative_for_date,no_frozen_representative_l2a_product_for_date,,,,,,,,,,,,,,,,,,,,,,,,,,,,,,,,,,,,,,,,,,,,,,,,,,,,,,,,,,,,,,,,,,,,,,,,,,,,,,,,,,,,,,,,,,,,,,,,,,,,,,,,,,,,,,,,,,,,,,,,,,,,,,,,,,,,,,,,,,,,,,,,,,,,,,,,,,,,,,,,,,,,,,,,,,,,,,,,,,,,,,,,,,,,,,,,,,,,,,,,,,,,,,,,,,,,,,
2021-10-20,2021,False,scl3x3_b1_w8_centernotbad_p0_class2zero_v1,no_representative_frozen_scl_gate_failed,no_l2a_representative_for_date,no_frozen_representative_l2a_product_for_date,,,,,,,,,,,,,,,,,,,,,,,,,,,,,,,,,,,,,,,,,,,,,,,,,,,,,,,,,,,,,,,,,,,,,,,,,,,,,,,,,,,,,,,,,,,,,,,,,,,,,,,,,,,,,,,,,,,,,,,,,,,,,,,,,,,,,,,,,,,,,,,,,,,,,,,,,,,,,,,,,,,,,,,,,,,,,,,,,,,,,,,,,,,,,,,,,,,,,,,,,,,,,,,,,,,,,,
2021-10-28,2021,False,scl3x3_b1_w8_centernotbad_p0_class2zero_v1,no_representative_frozen_scl_gate_failed,no_l2a_representative_for_date,no_frozen_representative_l2a_product_for_date,,,,,,,,,,,,,,,,,,,,,,,,,,,,,,,,,,,,,,,,,,,,,,,,,,,,,,,,,,,,,,,,,,,,,,,,,,,,,,,,,,,,,,,,,,,,,,,,,,,,,,,,,,,,,,,,,,,,,,,,,,,,,,,,,,,,,,,,,,,,,,,,,,,,,,,,,,,,,,,,,,,,,,,,,,,,,,,,,,,,,,,,,,,,,,,,,,,,,,,,,,,,,,,,,,,,,,
2021-11-02,2021,False,scl3x3_b1_w8_centernotbad_p0_class2zero_v1,no_representative_frozen_scl_gate_failed,no_l2a_representative_for_date,no_frozen_representative_l2a_product_for_date,,,,,,,,,,,,,,,,,,,,,,,,,,,,,,,,,,,,,,,,,,,,,,,,,,,,,,,,,,,,,,,,,,,,,,,,,,,,,,,,,,,,,,,,,,,,,,,,,,,,,,,,,,,,,,,,,,,,,,,,,,,,,,,,,,,,,,,,,,,,,,,,,,,,,,,,,,,,,,,,,,,,,,,,,,,,,,,,,,,,,,,,,,,,,,,,,,,,,,,,,,,,,,,,,,,,,,
2021-11-04,2021,False,scl3x3_b1_w8_centernotbad_p0_class2zero_v1,no_representative_frozen_scl_gate_failed,no_l2a_representative_for_date,no_frozen_representative_l2a_product_for_date,,,,,,,,,,,,,,,,,,,,,,,,,,,,,,,,,,,,,,,,,,,,,,,,,,,,,,,,,,,,,,,,,,,,,,,,,,,,,,,,,,,,,,,,,,,,,,,,,,,,,,,,,,,,,,,,,,,,,,,,,,,,,,,,,,,,,,,,,,,,,,,,,,,,,,,,,,,,,,,,,,,,,,,,,,,,,,,,,,,,,,,,,,,,,,,,,,,,,,,,,,,,,,,,,,,,,,
2021-11-07,2021,False,scl3x3_b1_w8_centernotbad_p0_class2zero_v1,no_representative_frozen_scl_gate_failed,no_l2a_representative_for_date,no_frozen_representative_l2a_product_for_date,,,,,,,,,,,,,,,,,,,,,,,,,,,,,,,,,,,,,,,,,,,,,,,,,,,,,,,,,,,,,,,,,,,,,,,,,,,,,,,,,,,,,,,,,,,,,,,,,,,,,,,,,,,,,,,,,,,,,,,,,,,,,,,,,,,,,,,,,,,,,,,,,,,,,,,,,,,,,,,,,,,,,,,,,,,,,,,,,,,,,,,,,,,,,,,,,,,,,,,,,,,,,,,,,,,,,,
2021-11-14,2021,False,scl3x3_b1_w8_centernotbad_p0_class2zero_v1,no_representative_frozen_scl_gate_failed,no_l2a_representative_for_date,no_frozen_representative_l2a_product_for_date,,,,,,,,,,,,,,,,,,,,,,,,,,,,,,,,,,,,,,,,,,,,,,,,,,,,,,,,,,,,,,,,,,,,,,,,,,,,,,,,,,,,,,,,,,,,,,,,,,,,,,,,,,,,,,,,,,,,,,,,,,,,,,,,,,,,,,,,,,,,,,,,,,,,,,,,,,,,,,,,,,,,,,,,,,,,,,,,,,,,,,,,,,,,,,,,,,,,,,,,,,,,,,,,,,,,,,
2021-11-17,2021,False,scl3x3_b1_w8_centernotbad_p0_class2zero_v1,no_representative_frozen_scl_gate_failed,no_l2a_representative_for_date,no_frozen_representative_l2a_product_for_date,,,,,,,,,,,,,,,,,,,,,,,,,,,,,,,,,,,,,,,,,,,,,,,,,,,,,,,,,,,,,,,,,,,,,,,,,,,,,,,,,,,,,,,,,,,,,,,,,,,,,,,,,,,,,,,,,,,,,,,,,,,,,,,,,,,,,,,,,,,,,,,,,,,,,,,,,,,,,,,,,,,,,,,,,,,,,,,,,,,,,,,,,,,,,,,,,,,,,,,,,,,,,,,,,,,,,,
2021-11-19,2021,False,scl3x3_b1_w8_centernotbad_p0_class2zero_v1,no_representative_frozen_scl_gate_failed,no_l2a_representative_for_date,no_frozen_representative_l2a_product_for_date,,,,,,,,,,,,,,,,,,,,,,,,,,,,,,,,,,,,,,,,,,,,,,,,,,,,,,,,,,,,,,,,,,,,,,,,,,,,,,,,,,,,,,,,,,,,,,,,,,,,,,,,,,,,,,,,,,,,,,,,,,,,,,,,,,,,,,,,,,,,,,,,,,,,,,,,,,,,,,,,,,,,,,,,,,,,,,,,,,,,,,,,,,,,,,,,,,,,,,,,,,,,,,,,,,,,,,
2021-11-24,2021,False,scl3x3_b1_w8_centernotbad_p0_class2zero_v1,no_representative_frozen_scl_gate_failed,no_l2a_representative_for_date,no_frozen_representative_l2a_product_for_date,,,,,,,,,,,,,,,,,,,,,,,,,,,,,,,,,,,,,,,,,,,,,,,,,,,,,,,,,,,,,,,,,,,,,,,,,,,,,,,,,,,,,,,,,,,,,,,,,,,,,,,,,,,,,,,,,,,,,,,,,,,,,,,,,,,,,,,,,,,,,,,,,,,,,,,,,,,,,,,,,,,,,,,,,,,,,,,,,,,,,,,,,,,,,,,,,,,,,,,,,,,,,,,,,,,,,,
2021-11-27,2021,False,scl3x3_b1_w8_centernotbad_p0_class2zero_v1,no_representative_frozen_scl_gate_failed,no_l2a_representative_for_date,no_frozen_representative_l2a_product_for_date,,,,,,,,,,,,,,,,,,,,,,,,,,,,,,,,,,,,,,,,,,,,,,,,,,,,,,,,,,,,,,,,,,,,,,,,,,,,,,,,,,,,,,,,,,,,,,,,,,,,,,,,,,,,,,,,,,,,,,,,,,,,,,,,,,,,,,,,,,,,,,,,,,,,,,,,,,,,,,,,,,,,,,,,,,,,,,,,,,,,,,,,,,,,,,,,,,,,,,,,,,,,,,,,,,,,,,
2021-11-29,2021,False,scl3x3_b1_w8_centernotbad_p0_class2zero_v1,no_representative_frozen_scl_gate_failed,no_l2a_representative_for_date,no_frozen_representative_l2a_product_for_date,,,,,,,,,,,,,,,,,,,,,,,,,,,,,,,,,,,,,,,,,,,,,,,,,,,,,,,,,,,,,,,,,,,,,,,,,,,,,,,,,,,,,,,,,,,,,,,,,,,,,,,,,,,,,,,,,,,,,,,,,,,,,,,,,,,,,,,,,,,,,,,,,,,,,,,,,,,,,,,,,,,,,,,,,,,,,,,,,,,,,,,,,,,,,,,,,,,,,,,,,,,,,,,,,,,,,,
2021-12-07,2021,False,scl3x3_b1_w8_centernotbad_p0_class2zero_v1,no_representative_frozen_scl_gate_failed,no_l2a_representative_for_date,no_frozen_representative_l2a_product_for_date,,,,,,,,,,,,,,,,,,,,,,,,,,,,,,,,,,,,,,,,,,,,,,,,,,,,,,,,,,,,,,,,,,,,,,,,,,,,,,,,,,,,,,,,,,,,,,,,,,,,,,,,,,,,,,,,,,,,,,,,,,,,,,,,,,,,,,,,,,,,,,,,,,,,,,,,,,,,,,,,,,,,,,,,,,,,,,,,,,,,,,,,,,,,,,,,,,,,,,,,,,,,,,,,,,,,,,
2021-12-14,2021,False,scl3x3_b1_w8_centernotbad_p0_class2zero_v1,no_representative_frozen_scl_gate_failed,no_l2a_representative_for_date,no_frozen_representative_l2a_product_for_date,,,,,,,,,,,,,,,,,,,,,,,,,,,,,,,,,,,,,,,,,,,,,,,,,,,,,,,,,,,,,,,,,,,,,,,,,,,,,,,,,,,,,,,,,,,,,,,,,,,,,,,,,,,,,,,,,,,,,,,,,,,,,,,,,,,,,,,,,,,,,,,,,,,,,,,,,,,,,,,,,,,,,,,,,,,,,,,,,,,,,,,,,,,,,,,,,,,,,,,,,,,,,,,,,,,,,,
2021-12-24,2021,False,scl3x3_b1_w8_centernotbad_p0_class2zero_v1,no_representative_frozen_scl_gate_failed,no_l2a_representative_for_date,no_frozen_representative_l2a_product_for_date,,,,,,,,,,,,,,,,,,,,,,,,,,,,,,,,,,,,,,,,,,,,,,,,,,,,,,,,,,,,,,,,,,,,,,,,,,,,,,,,,,,,,,,,,,,,,,,,,,,,,,,,,,,,,,,,,,,,,,,,,,,,,,,,,,,,,,,,,,,,,,,,,,,,,,,,,,,,,,,,,,,,,,,,,,,,,,,,,,,,,,,,,,,,,,,,,,,,,,,,,,,,,,,,,,,,,,
2021-12-27,2021,False,scl3x3_b1_w8_centernotbad_p0_class2zero_v1,no_representative_frozen_scl_gate_failed,no_l2a_representative_for_date,no_frozen_representative_l2a_product_for_date,,,,,,,,,,,,,,,,,,,,,,,,,,,,,,,,,,,,,,,,,,,,,,,,,,,,,,,,,,,,,,,,,,,,,,,,,,,,,,,,,,,,,,,,,,,,,,,,,,,,,,,,,,,,,,,,,,,,,,,,,,,,,,,,,,,,,,,,,,,,,,,,,,,,,,,,,,,,,,,,,,,,,,,,,,,,,,,,,,,,,,,,,,,,,,,,,,,,,,,,,,,,,,,,,,,,,,
2022-01-03,2022,False,scl3x3_b1_w8_centernotbad_p0_class2zero_v1,no_representative_frozen_scl_gate_failed,no_l2a_representative_for_date,no_frozen_representative_l2a_product_for_date,,,,,,,,,,,,,,,,,,,,,,,,,,,,,,,,,,,,,,,,,,,,,,,,,,,,,,,,,,,,,,,,,,,,,,,,,,,,,,,,,,,,,,,,,,,,,,,,,,,,,,,,,,,,,,,,,,,,,,,,,,,,,,,,,,,,,,,,,,,,,,,,,,,,,,,,,,,,,,,,,,,,,,,,,,,,,,,,,,,,,,,,,,,,,,,,,,,,,,,,,,,,,,,,,,,,,,
2022-01-06,2022,False,scl3x3_b1_w8_centernotbad_p0_class2zero_v1,no_representative_frozen_scl_gate_failed,no_l2a_representative_for_date,no_frozen_representative_l2a_product_for_date,,,,,,,,,,,,,,,,,,,,,,,,,,,,,,,,,,,,,,,,,,,,,,,,,,,,,,,,,,,,,,,,,,,,,,,,,,,,,,,,,,,,,,,,,,,,,,,,,,,,,,,,,,,,,,,,,,,,,,,,,,,,,,,,,,,,,,,,,,,,,,,,,,,,,,,,,,,,,,,,,,,,,,,,,,,,,,,,,,,,,,,,,,,,,,,,,,,,,,,,,,,,,,,,,,,,,,
2022-01-13,2022,False,scl3x3_b1_w8_centernotbad_p0_class2zero_v1,no_representative_frozen_scl_gate_failed,no_l2a_representative_for_date,no_frozen_representative_l2a_product_for_date,,,,,,,,,,,,,,,,,,,,,,,,,,,,,,,,,,,,,,,,,,,,,,,,,,,,,,,,,,,,,,,,,,,,,,,,,,,,,,,,,,,,,,,,,,,,,,,,,,,,,,,,,,,,,,,,,,,,,,,,,,,,,,,,,,,,,,,,,,,,,,,,,,,,,,,,,,,,,,,,,,,,,,,,,,,,,,,,,,,,,,,,,,,,,,,,,,,,,,,,,,,,,,,,,,,,,,
2022-01-16,2022,False,scl3x3_b1_w8_centernotbad_p0_class2zero_v1,no_representative_frozen_scl_gate_failed,no_l2a_representative_for_date,no_frozen_representative_l2a_product_for_date,,,,,,,,,,,,,,,,,,,,,,,,,,,,,,,,,,,,,,,,,,,,,,,,,,,,,,,,,,,,,,,,,,,,,,,,,,,,,,,,,,,,,,,,,,,,,,,,,,,,,,,,,,,,,,,,,,,,,,,,,,,,,,,,,,,,,,,,,,,,,,,,,,,,,,,,,,,,,,,,,,,,,,,,,,,,,,,,,,,,,,,,,,,,,,,,,,,,,,,,,,,,,,,,,,,,,,
2022-01-18,2022,False,scl3x3_b1_w8_centernotbad_p0_class2zero_v1,no_representative_frozen_scl_gate_failed,no_l2a_representative_for_date,no_frozen_representative_l2a_product_for_date,,,,,,,,,,,,,,,,,,,,,,,,,,,,,,,,,,,,,,,,,,,,,,,,,,,,,,,,,,,,,,,,,,,,,,,,,,,,,,,,,,,,,,,,,,,,,,,,,,,,,,,,,,,,,,,,,,,,,,,,,,,,,,,,,,,,,,,,,,,,,,,,,,,,,,,,,,,,,,,,,,,,,,,,,,,,,,,,,,,,,,,,,,,,,,,,,,,,,,,,,,,,,,,,,,,,,,
2022-01-21,2022,False,scl3x3_b1_w8_centernotbad_p0_class2zero_v1,no_representative_frozen_scl_gate_failed,no_l2a_representative_for_date,no_frozen_representative_l2a_product_for_date,,,,,,,,,,,,,,,,,,,,,,,,,,,,,,,,,,,,,,,,,,,,,,,,,,,,,,,,,,,,,,,,,,,,,,,,,,,,,,,,,,,,,,,,,,,,,,,,,,,,,,,,,,,,,,,,,,,,,,,,,,,,,,,,,,,,,,,,,,,,,,,,,,,,,,,,,,,,,,,,,,,,,,,,,,,,,,,,,,,,,,,,,,,,,,,,,,,,,,,,,,,,,,,,,,,,,,
2022-01-26,2022,False,scl3x3_b1_w8_centernotbad_p0_class2zero_v1,no_representative_frozen_scl_gate_failed,no_l2a_representative_for_date,no_frozen_representative_l2a_product_for_date,,,,,,,,,,,,,,,,,,,,,,,,,,,,,,,,,,,,,,,,,,,,,,,,,,,,,,,,,,,,,,,,,,,,,,,,,,,,,,,,,,,,,,,,,,,,,,,,,,,,,,,,,,,,,,,,,,,,,,,,,,,,,,,,,,,,,,,,,,,,,,,,,,,,,,,,,,,,,,,,,,,,,,,,,,,,,,,,,,,,,,,,,,,,,,,,,,,,,,,,,,,,,,,,,,,,,,
2022-01-28,2022,False,scl3x3_b1_w8_centernotbad_p0_class2zero_v1,no_representative_frozen_scl_gate_failed,no_l2a_representative_for_date,no_frozen_representative_l2a_product_for_date,,,,,,,,,,,,,,,,,,,,,,,,,,,,,,,,,,,,,,,,,,,,,,,,,,,,,,,,,,,,,,,,,,,,,,,,,,,,,,,,,,,,,,,,,,,,,,,,,,,,,,,,,,,,,,,,,,,,,,,,,,,,,,,,,,,,,,,,,,,,,,,,,,,,,,,,,,,,,,,,,,,,,,,,,,,,,,,,,,,,,,,,,,,,,,,,,,,,,,,,,,,,,,,,,,,,,,
2022-01-31,2022,False,scl3x3_b1_w8_centernotbad_p0_class2zero_v1,no_representative_frozen_scl_gate_failed,no_l2a_representative_for_date,no_frozen_representative_l2a_product_for_date,,,,,,,,,,,,,,,,,,,,,,,,,,,,,,,,,,,,,,,,,,,,,,,,,,,,,,,,,,,,,,,,,,,,,,,,,,,,,,,,,,,,,,,,,,,,,,,,,,,,,,,,,,,,,,,,,,,,,,,,,,,,,,,,,,,,,,,,,,,,,,,,,,,,,,,,,,,,,,,,,,,,,,,,,,,,,,,,,,,,,,,,,,,,,,,,,,,,,,,,,,,,,,,,,,,,,,
2022-02-02,2022,False,scl3x3_b1_w8_centernotbad_p0_class2zero_v1,no_representative_frozen_scl_gate_failed,no_l2a_representative_for_date,no_frozen_representative_l2a_product_for_date,,,,,,,,,,,,,,,,,,,,,,,,,,,,,,,,,,,,,,,,,,,,,,,,,,,,,,,,,,,,,,,,,,,,,,,,,,,,,,,,,,,,,,,,,,,,,,,,,,,,,,,,,,,,,,,,,,,,,,,,,,,,,,,,,,,,,,,,,,,,,,,,,,,,,,,,,,,,,,,,,,,,,,,,,,,,,,,,,,,,,,,,,,,,,,,,,,,,,,,,,,,,,,,,,,,,,,
2022-02-05,2022,False,scl3x3_b1_w8_centernotbad_p0_class2zero_v1,no_representative_frozen_scl_gate_failed,no_l2a_representative_for_date,no_frozen_representative_l2a_product_for_date,,,,,,,,,,,,,,,,,,,,,,,,,,,,,,,,,,,,,,,,,,,,,,,,,,,,,,,,,,,,,,,,,,,,,,,,,,,,,,,,,,,,,,,,,,,,,,,,,,,,,,,,,,,,,,,,,,,,,,,,,,,,,,,,,,,,,,,,,,,,,,,,,,,,,,,,,,,,,,,,,,,,,,,,,,,,,,,,,,,,,,,,,,,,,,,,,,,,,,,,,,,,,,,,,,,,,,
2022-02-07,2022,False,scl3x3_b1_w8_centernotbad_p0_class2zero_v1,no_representative_frozen_scl_gate_failed,no_l2a_representative_for_date,no_frozen_representative_l2a_product_for_date,,,,,,,,,,,,,,,,,,,,,,,,,,,,,,,,,,,,,,,,,,,,,,,,,,,,,,,,,,,,,,,,,,,,,,,,,,,,,,,,,,,,,,,,,,,,,,,,,,,,,,,,,,,,,,,,,,,,,,,,,,,,,,,,,,,,,,,,,,,,,,,,,,,,,,,,,,,,,,,,,,,,,,,,,,,,,,,,,,,,,,,,,,,,,,,,,,,,,,,,,,,,,,,,,,,,,,
2022-02-10,2022,False,scl3x3_b1_w8_centernotbad_p0_class2zero_v1,no_representative_frozen_scl_gate_failed,no_l2a_representative_for_date,no_frozen_representative_l2a_product_for_date,,,,,,,,,,,,,,,,,,,,,,,,,,,,,,,,,,,,,,,,,,,,,,,,,,,,,,,,,,,,,,,,,,,,,,,,,,,,,,,,,,,,,,,,,,,,,,,,,,,,,,,,,,,,,,,,,,,,,,,,,,,,,,,,,,,,,,,,,,,,,,,,,,,,,,,,,,,,,,,,,,,,,,,,,,,,,,,,,,,,,,,,,,,,,,,,,,,,,,,,,,,,,,,,,,,,,,
2022-02-12,2022,False,scl3x3_b1_w8_centernotbad_p0_class2zero_v1,no_representative_frozen_scl_gate_failed,no_l2a_representative_for_date,no_frozen_representative_l2a_product_for_date,,,,,,,,,,,,,,,,,,,,,,,,,,,,,,,,,,,,,,,,,,,,,,,,,,,,,,,,,,,,,,,,,,,,,,,,,,,,,,,,,,,,,,,,,,,,,,,,,,,,,,,,,,,,,,,,,,,,,,,,,,,,,,,,,,,,,,,,,,,,,,,,,,,,,,,,,,,,,,,,,,,,,,,,,,,,,,,,,,,,,,,,,,,,,,,,,,,,,,,,,,,,,,,,,,,,,,
2022-02-15,2022,False,scl3x3_b1_w8_centernotbad_p0_class2zero_v1,no_representative_frozen_scl_gate_failed,no_l2a_representative_for_date,no_frozen_representative_l2a_product_for_date,,,,,,,,,,,,,,,,,,,,,,,,,,,,,,,,,,,,,,,,,,,,,,,,,,,,,,,,,,,,,,,,,,,,,,,,,,,,,,,,,,,,,,,,,,,,,,,,,,,,,,,,,,,,,,,,,,,,,,,,,,,,,,,,,,,,,,,,,,,,,,,,,,,,,,,,,,,,,,,,,,,,,,,,,,,,,,,,,,,,,,,,,,,,,,,,,,,,,,,,,,,,,,,,,,,,,,
2022-02-17,2022,False,scl3x3_b1_w8_centernotbad_p0_class2zero_v1,no_representative_frozen_scl_gate_failed,no_l2a_representative_for_date,no_frozen_representative_l2a_product_for_date,,,,,,,,,,,,,,,,,,,,,,,,,,,,,,,,,,,,,,,,,,,,,,,,,,,,,,,,,,,,,,,,,,,,,,,,,,,,,,,,,,,,,,,,,,,,,,,,,,,,,,,,,,,,,,,,,,,,,,,,,,,,,,,,,,,,,,,,,,,,,,,,,,,,,,,,,,,,,,,,,,,,,,,,,,,,,,,,,,,,,,,,,,,,,,,,,,,,,,,,,,,,,,,,,,,,,,
2022-02-20,2022,False,scl3x3_b1_w8_centernotbad_p0_class2zero_v1,no_representative_frozen_scl_gate_failed,no_l2a_representative_for_date,no_frozen_representative_l2a_product_for_date,,,,,,,,,,,,,,,,,,,,,,,,,,,,,,,,,,,,,,,,,,,,,,,,,,,,,,,,,,,,,,,,,,,,,,,,,,,,,,,,,,,,,,,,,,,,,,,,,,,,,,,,,,,,,,,,,,,,,,,,,,,,,,,,,,,,,,,,,,,,,,,,,,,,,,,,,,,,,,,,,,,,,,,,,,,,,,,,,,,,,,,,,,,,,,,,,,,,,,,,,,,,,,,,,,,,,,
2022-02-22,2022,False,scl3x3_b1_w8_centernotbad_p0_class2zero_v1,no_representative_frozen_scl_gate_failed,no_l2a_representative_for_date,no_frozen_representative_l2a_product_for_date,,,,,,,,,,,,,,,,,,,,,,,,,,,,,,,,,,,,,,,,,,,,,,,,,,,,,,,,,,,,,,,,,,,,,,,,,,,,,,,,,,,,,,,,,,,,,,,,,,,,,,,,,,,,,,,,,,,,,,,,,,,,,,,,,,,,,,,,,,,,,,,,,,,,,,,,,,,,,,,,,,,,,,,,,,,,,,,,,,,,,,,,,,,,,,,,,,,,,,,,,,,,,,,,,,,,,,
2022-02-25,2022,False,scl3x3_b1_w8_centernotbad_p0_class2zero_v1,no_representative_frozen_scl_gate_failed,no_l2a_representative_for_date,no_frozen_representative_l2a_product_for_date,,,,,,,,,,,,,,,,,,,,,,,,,,,,,,,,,,,,,,,,,,,,,,,,,,,,,,,,,,,,,,,,,,,,,,,,,,,,,,,,,,,,,,,,,,,,,,,,,,,,,,,,,,,,,,,,,,,,,,,,,,,,,,,,,,,,,,,,,,,,,,,,,,,,,,,,,,,,,,,,,,,,,,,,,,,,,,,,,,,,,,,,,,,,,,,,,,,,,,,,,,,,,,,,,,,,,,
2022-02-27,2022,False,scl3x3_b1_w8_centernotbad_p0_class2zero_v1,no_representative_frozen_scl_gate_failed,no_l2a_representative_for_date,no_frozen_representative_l2a_product_for_date,,,,,,,,,,,,,,,,,,,,,,,,,,,,,,,,,,,,,,,,,,,,,,,,,,,,,,,,,,,,,,,,,,,,,,,,,,,,,,,,,,,,,,,,,,,,,,,,,,,,,,,,,,,,,,,,,,,,,,,,,,,,,,,,,,,,,,,,,,,,,,,,,,,,,,,,,,,,,,,,,,,,,,,,,,,,,,,,,,,,,,,,,,,,,,,,,,,,,,,,,,,,,,,,,,,,,,
2022-03-02,2022,False,scl3x3_b1_w8_centernotbad_p0_class2zero_v1,no_representative_frozen_scl_gate_failed,no_l2a_representative_for_date,no_frozen_representative_l2a_product_for_date,,,,,,,,,,,,,,,,,,,,,,,,,,,,,,,,,,,,,,,,,,,,,,,,,,,,,,,,,,,,,,,,,,,,,,,,,,,,,,,,,,,,,,,,,,,,,,,,,,,,,,,,,,,,,,,,,,,,,,,,,,,,,,,,,,,,,,,,,,,,,,,,,,,,,,,,,,,,,,,,,,,,,,,,,,,,,,,,,,,,,,,,,,,,,,,,,,,,,,,,,,,,,,,,,,,,,,
2022-03-04,2022,False,scl3x3_b1_w8_centernotbad_p0_class2zero_v1,no_representative_frozen_scl_gate_failed,no_l2a_representative_for_date,no_frozen_representative_l2a_product_for_date,,,,,,,,,,,,,,,,,,,,,,,,,,,,,,,,,,,,,,,,,,,,,,,,,,,,,,,,,,,,,,,,,,,,,,,,,,,,,,,,,,,,,,,,,,,,,,,,,,,,,,,,,,,,,,,,,,,,,,,,,,,,,,,,,,,,,,,,,,,,,,,,,,,,,,,,,,,,,,,,,,,,,,,,,,,,,,,,,,,,,,,,,,,,,,,,,,,,,,,,,,,,,,,,,,,,,,
2022-03-07,2022,False,scl3x3_b1_w8_centernotbad_p0_class2zero_v1,no_representative_frozen_scl_gate_failed,no_l2a_representative_for_date,no_frozen_representative_l2a_product_for_date,,,,,,,,,,,,,,,,,,,,,,,,,,,,,,,,,,,,,,,,,,,,,,,,,,,,,,,,,,,,,,,,,,,,,,,,,,,,,,,,,,,,,,,,,,,,,,,,,,,,,,,,,,,,,,,,,,,,,,,,,,,,,,,,,,,,,,,,,,,,,,,,,,,,,,,,,,,,,,,,,,,,,,,,,,,,,,,,,,,,,,,,,,,,,,,,,,,,,,,,,,,,,,,,,,,,,,
2022-03-09,2022,False,scl3x3_b1_w8_centernotbad_p0_class2zero_v1,no_representative_frozen_scl_gate_failed,no_l2a_representative_for_date,no_frozen_representative_l2a_product_for_date,,,,,,,,,,,,,,,,,,,,,,,,,,,,,,,,,,,,,,,,,,,,,,,,,,,,,,,,,,,,,,,,,,,,,,,,,,,,,,,,,,,,,,,,,,,,,,,,,,,,,,,,,,,,,,,,,,,,,,,,,,,,,,,,,,,,,,,,,,,,,,,,,,,,,,,,,,,,,,,,,,,,,,,,,,,,,,,,,,,,,,,,,,,,,,,,,,,,,,,,,,,,,,,,,,,,,,
2022-03-12,2022,False,scl3x3_b1_w8_centernotbad_p0_class2zero_v1,no_representative_frozen_scl_gate_failed,no_l2a_representative_for_date,no_frozen_representative_l2a_product_for_date,,,,,,,,,,,,,,,,,,,,,,,,,,,,,,,,,,,,,,,,,,,,,,,,,,,,,,,,,,,,,,,,,,,,,,,,,,,,,,,,,,,,,,,,,,,,,,,,,,,,,,,,,,,,,,,,,,,,,,,,,,,,,,,,,,,,,,,,,,,,,,,,,,,,,,,,,,,,,,,,,,,,,,,,,,,,,,,,,,,,,,,,,,,,,,,,,,,,,,,,,,,,,,,,,,,,,,
2022-03-14,2022,False,scl3x3_b1_w8_centernotbad_p0_class2zero_v1,no_representative_frozen_scl_gate_failed,no_l2a_representative_for_date,no_frozen_representative_l2a_product_for_date,,,,,,,,,,,,,,,,,,,,,,,,,,,,,,,,,,,,,,,,,,,,,,,,,,,,,,,,,,,,,,,,,,,,,,,,,,,,,,,,,,,,,,,,,,,,,,,,,,,,,,,,,,,,,,,,,,,,,,,,,,,,,,,,,,,,,,,,,,,,,,,,,,,,,,,,,,,,,,,,,,,,,,,,,,,,,,,,,,,,,,,,,,,,,,,,,,,,,,,,,,,,,,,,,,,,,,
2022-03-17,2022,False,scl3x3_b1_w8_centernotbad_p0_class2zero_v1,no_representative_frozen_scl_gate_failed,no_l2a_representative_for_date,no_frozen_representative_l2a_product_for_date,,,,,,,,,,,,,,,,,,,,,,,,,,,,,,,,,,,,,,,,,,,,,,,,,,,,,,,,,,,,,,,,,,,,,,,,,,,,,,,,,,,,,,,,,,,,,,,,,,,,,,,,,,,,,,,,,,,,,,,,,,,,,,,,,,,,,,,,,,,,,,,,,,,,,,,,,,,,,,,,,,,,,,,,,,,,,,,,,,,,,,,,,,,,,,,,,,,,,,,,,,,,,,,,,,,,,,
2022-03-19,2022,False,scl3x3_b1_w8_centernotbad_p0_class2zero_v1,no_representative_frozen_scl_gate_failed,no_l2a_representative_for_date,no_frozen_representative_l2a_product_for_date,,,,,,,,,,,,,,,,,,,,,,,,,,,,,,,,,,,,,,,,,,,,,,,,,,,,,,,,,,,,,,,,,,,,,,,,,,,,,,,,,,,,,,,,,,,,,,,,,,,,,,,,,,,,,,,,,,,,,,,,,,,,,,,,,,,,,,,,,,,,,,,,,,,,,,,,,,,,,,,,,,,,,,,,,,,,,,,,,,,,,,,,,,,,,,,,,,,,,,,,,,,,,,,,,,,,,,
2022-03-22,2022,False,scl3x3_b1_w8_centernotbad_p0_class2zero_v1,no_representative_frozen_scl_gate_failed,no_l2a_representative_for_date,no_frozen_representative_l2a_product_for_date,,,,,,,,,,,,,,,,,,,,,,,,,,,,,,,,,,,,,,,,,,,,,,,,,,,,,,,,,,,,,,,,,,,,,,,,,,,,,,,,,,,,,,,,,,,,,,,,,,,,,,,,,,,,,,,,,,,,,,,,,,,,,,,,,,,,,,,,,,,,,,,,,,,,,,,,,,,,,,,,,,,,,,,,,,,,,,,,,,,,,,,,,,,,,,,,,,,,,,,,,,,,,,,,,,,,,,
2022-03-27,2022,False,scl3x3_b1_w8_centernotbad_p0_class2zero_v1,no_representative_frozen_scl_gate_failed,no_l2a_representative_for_date,no_frozen_representative_l2a_product_for_date,,,,,,,,,,,,,,,,,,,,,,,,,,,,,,,,,,,,,,,,,,,,,,,,,,,,,,,,,,,,,,,,,,,,,,,,,,,,,,,,,,,,,,,,,,,,,,,,,,,,,,,,,,,,,,,,,,,,,,,,,,,,,,,,,,,,,,,,,,,,,,,,,,,,,,,,,,,,,,,,,,,,,,,,,,,,,,,,,,,,,,,,,,,,,,,,,,,,,,,,,,,,,,,,,,,,,,
2022-03-29,2022,False,scl3x3_b1_w8_centernotbad_p0_class2zero_v1,no_representative_frozen_scl_gate_failed,no_l2a_representative_for_date,no_frozen_representative_l2a_product_for_date,,,,,,,,,,,,,,,,,,,,,,,,,,,,,,,,,,,,,,,,,,,,,,,,,,,,,,,,,,,,,,,,,,,,,,,,,,,,,,,,,,,,,,,,,,,,,,,,,,,,,,,,,,,,,,,,,,,,,,,,,,,,,,,,,,,,,,,,,,,,,,,,,,,,,,,,,,,,,,,,,,,,,,,,,,,,,,,,,,,,,,,,,,,,,,,,,,,,,,,,,,,,,,,,,,,,,,
2022-04-01,2022,False,scl3x3_b1_w8_centernotbad_p0_class2zero_v1,no_representative_frozen_scl_gate_failed,no_l2a_representative_for_date,no_frozen_representative_l2a_product_for_date,,,,,,,,,,,,,,,,,,,,,,,,,,,,,,,,,,,,,,,,,,,,,,,,,,,,,,,,,,,,,,,,,,,,,,,,,,,,,,,,,,,,,,,,,,,,,,,,,,,,,,,,,,,,,,,,,,,,,,,,,,,,,,,,,,,,,,,,,,,,,,,,,,,,,,,,,,,,,,,,,,,,,,,,,,,,,,,,,,,,,,,,,,,,,,,,,,,,,,,,,,,,,,,,,,,,,,
2022-04-03,2022,False,scl3x3_b1_w8_centernotbad_p0_class2zero_v1,no_representative_frozen_scl_gate_failed,no_l2a_representative_for_date,no_frozen_representative_l2a_product_for_date,,,,,,,,,,,,,,,,,,,,,,,,,,,,,,,,,,,,,,,,,,,,,,,,,,,,,,,,,,,,,,,,,,,,,,,,,,,,,,,,,,,,,,,,,,,,,,,,,,,,,,,,,,,,,,,,,,,,,,,,,,,,,,,,,,,,,,,,,,,,,,,,,,,,,,,,,,,,,,,,,,,,,,,,,,,,,,,,,,,,,,,,,,,,,,,,,,,,,,,,,,,,,,,,,,,,,,
2022-04-06,2022,False,scl3x3_b1_w8_centernotbad_p0_class2zero_v1,no_representative_frozen_scl_gate_failed,no_l2a_representative_for_date,no_frozen_representative_l2a_product_for_date,,,,,,,,,,,,,,,,,,,,,,,,,,,,,,,,,,,,,,,,,,,,,,,,,,,,,,,,,,,,,,,,,,,,,,,,,,,,,,,,,,,,,,,,,,,,,,,,,,,,,,,,,,,,,,,,,,,,,,,,,,,,,,,,,,,,,,,,,,,,,,,,,,,,,,,,,,,,,,,,,,,,,,,,,,,,,,,,,,,,,,,,,,,,,,,,,,,,,,,,,,,,,,,,,,,,,,
2022-04-08,2022,False,scl3x3_b1_w8_centernotbad_p0_class2zero_v1,no_representative_frozen_scl_gate_failed,no_l2a_representative_for_date,no_frozen_representative_l2a_product_for_date,,,,,,,,,,,,,,,,,,,,,,,,,,,,,,,,,,,,,,,,,,,,,,,,,,,,,,,,,,,,,,,,,,,,,,,,,,,,,,,,,,,,,,,,,,,,,,,,,,,,,,,,,,,,,,,,,,,,,,,,,,,,,,,,,,,,,,,,,,,,,,,,,,,,,,,,,,,,,,,,,,,,,,,,,,,,,,,,,,,,,,,,,,,,,,,,,,,,,,,,,,,,,,,,,,,,,,
2022-04-13,2022,False,scl3x3_b1_w8_centernotbad_p0_class2zero_v1,no_representative_frozen_scl_gate_failed,no_l2a_representative_for_date,no_frozen_representative_l2a_product_for_date,,,,,,,,,,,,,,,,,,,,,,,,,,,,,,,,,,,,,,,,,,,,,,,,,,,,,,,,,,,,,,,,,,,,,,,,,,,,,,,,,,,,,,,,,,,,,,,,,,,,,,,,,,,,,,,,,,,,,,,,,,,,,,,,,,,,,,,,,,,,,,,,,,,,,,,,,,,,,,,,,,,,,,,,,,,,,,,,,,,,,,,,,,,,,,,,,,,,,,,,,,,,,,,,,,,,,,
2022-04-16,2022,False,scl3x3_b1_w8_centernotbad_p0_class2zero_v1,no_representative_frozen_scl_gate_failed,no_l2a_representative_for_date,no_frozen_representative_l2a_product_for_date,,,,,,,,,,,,,,,,,,,,,,,,,,,,,,,,,,,,,,,,,,,,,,,,,,,,,,,,,,,,,,,,,,,,,,,,,,,,,,,,,,,,,,,,,,,,,,,,,,,,,,,,,,,,,,,,,,,,,,,,,,,,,,,,,,,,,,,,,,,,,,,,,,,,,,,,,,,,,,,,,,,,,,,,,,,,,,,,,,,,,,,,,,,,,,,,,,,,,,,,,,,,,,,,,,,,,,
2022-04-23,2022,False,scl3x3_b1_w8_centernotbad_p0_class2zero_v1,no_representative_frozen_scl_gate_failed,no_l2a_representative_for_date,no_frozen_representative_l2a_product_for_date,,,,,,,,,,,,,,,,,,,,,,,,,,,,,,,,,,,,,,,,,,,,,,,,,,,,,,,,,,,,,,,,,,,,,,,,,,,,,,,,,,,,,,,,,,,,,,,,,,,,,,,,,,,,,,,,,,,,,,,,,,,,,,,,,,,,,,,,,,,,,,,,,,,,,,,,,,,,,,,,,,,,,,,,,,,,,,,,,,,,,,,,,,,,,,,,,,,,,,,,,,,,,,,,,,,,,,
2022-04-26,2022,False,scl3x3_b1_w8_centernotbad_p0_class2zero_v1,no_representative_frozen_scl_gate_failed,no_l2a_representative_for_date,no_frozen_representative_l2a_product_for_date,,,,,,,,,,,,,,,,,,,,,,,,,,,,,,,,,,,,,,,,,,,,,,,,,,,,,,,,,,,,,,,,,,,,,,,,,,,,,,,,,,,,,,,,,,,,,,,,,,,,,,,,,,,,,,,,,,,,,,,,,,,,,,,,,,,,,,,,,,,,,,,,,,,,,,,,,,,,,,,,,,,,,,,,,,,,,,,,,,,,,,,,,,,,,,,,,,,,,,,,,,,,,,,,,,,,,,
2022-04-28,2022,False,scl3x3_b1_w8_centernotbad_p0_class2zero_v1,no_representative_frozen_scl_gate_failed,no_l2a_representative_for_date,no_frozen_representative_l2a_product_for_date,,,,,,,,,,,,,,,,,,,,,,,,,,,,,,,,,,,,,,,,,,,,,,,,,,,,,,,,,,,,,,,,,,,,,,,,,,,,,,,,,,,,,,,,,,,,,,,,,,,,,,,,,,,,,,,,,,,,,,,,,,,,,,,,,,,,,,,,,,,,,,,,,,,,,,,,,,,,,,,,,,,,,,,,,,,,,,,,,,,,,,,,,,,,,,,,,,,,,,,,,,,,,,,,,,,,,,
2022-05-01,2022,False,scl3x3_b1_w8_centernotbad_p0_class2zero_v1,no_representative_frozen_scl_gate_failed,no_l2a_representative_for_date,no_frozen_representative_l2a_product_for_date,,,,,,,,,,,,,,,,,,,,,,,,,,,,,,,,,,,,,,,,,,,,,,,,,,,,,,,,,,,,,,,,,,,,,,,,,,,,,,,,,,,,,,,,,,,,,,,,,,,,,,,,,,,,,,,,,,,,,,,,,,,,,,,,,,,,,,,,,,,,,,,,,,,,,,,,,,,,,,,,,,,,,,,,,,,,,,,,,,,,,,,,,,,,,,,,,,,,,,,,,,,,,,,,,,,,,,
2022-05-08,2022,False,scl3x3_b1_w8_centernotbad_p0_class2zero_v1,no_representative_frozen_scl_gate_failed,no_l2a_representative_for_date,no_frozen_representative_l2a_product_for_date,,,,,,,,,,,,,,,,,,,,,,,,,,,,,,,,,,,,,,,,,,,,,,,,,,,,,,,,,,,,,,,,,,,,,,,,,,,,,,,,,,,,,,,,,,,,,,,,,,,,,,,,,,,,,,,,,,,,,,,,,,,,,,,,,,,,,,,,,,,,,,,,,,,,,,,,,,,,,,,,,,,,,,,,,,,,,,,,,,,,,,,,,,,,,,,,,,,,,,,,,,,,,,,,,,,,,,
2022-05-13,2022,False,scl3x3_b1_w8_centernotbad_p0_class2zero_v1,no_representative_frozen_scl_gate_failed,no_l2a_representative_for_date,no_frozen_representative_l2a_product_for_date,,,,,,,,,,,,,,,,,,,,,,,,,,,,,,,,,,,,,,,,,,,,,,,,,,,,,,,,,,,,,,,,,,,,,,,,,,,,,,,,,,,,,,,,,,,,,,,,,,,,,,,,,,,,,,,,,,,,,,,,,,,,,,,,,,,,,,,,,,,,,,,,,,,,,,,,,,,,,,,,,,,,,,,,,,,,,,,,,,,,,,,,,,,,,,,,,,,,,,,,,,,,,,,,,,,,,,
2022-05-21,2022,False,scl3x3_b1_w8_centernotbad_p0_class2zero_v1,no_representative_frozen_scl_gate_failed,no_l2a_representative_for_date,no_frozen_representative_l2a_product_for_date,,,,,,,,,,,,,,,,,,,,,,,,,,,,,,,,,,,,,,,,,,,,,,,,,,,,,,,,,,,,,,,,,,,,,,,,,,,,,,,,,,,,,,,,,,,,,,,,,,,,,,,,,,,,,,,,,,,,,,,,,,,,,,,,,,,,,,,,,,,,,,,,,,,,,,,,,,,,,,,,,,,,,,,,,,,,,,,,,,,,,,,,,,,,,,,,,,,,,,,,,,,,,,,,,,,,,,
2022-05-26,2022,False,scl3x3_b1_w8_centernotbad_p0_class2zero_v1,no_representative_frozen_scl_gate_failed,no_l2a_representative_for_date,no_frozen_representative_l2a_product_for_date,,,,,,,,,,,,,,,,,,,,,,,,,,,,,,,,,,,,,,,,,,,,,,,,,,,,,,,,,,,,,,,,,,,,,,,,,,,,,,,,,,,,,,,,,,,,,,,,,,,,,,,,,,,,,,,,,,,,,,,,,,,,,,,,,,,,,,,,,,,,,,,,,,,,,,,,,,,,,,,,,,,,,,,,,,,,,,,,,,,,,,,,,,,,,,,,,,,,,,,,,,,,,,,,,,,,,,
2022-05-28,2022,False,scl3x3_b1_w8_centernotbad_p0_class2zero_v1,no_representative_frozen_scl_gate_failed,no_l2a_representative_for_date,no_frozen_representative_l2a_product_for_date,,,,,,,,,,,,,,,,,,,,,,,,,,,,,,,,,,,,,,,,,,,,,,,,,,,,,,,,,,,,,,,,,,,,,,,,,,,,,,,,,,,,,,,,,,,,,,,,,,,,,,,,,,,,,,,,,,,,,,,,,,,,,,,,,,,,,,,,,,,,,,,,,,,,,,,,,,,,,,,,,,,,,,,,,,,,,,,,,,,,,,,,,,,,,,,,,,,,,,,,,,,,,,,,,,,,,,
2022-05-31,2022,False,scl3x3_b1_w8_centernotbad_p0_class2zero_v1,no_representative_frozen_scl_gate_failed,no_l2a_representative_for_date,no_frozen_representative_l2a_product_for_date,,,,,,,,,,,,,,,,,,,,,,,,,,,,,,,,,,,,,,,,,,,,,,,,,,,,,,,,,,,,,,,,,,,,,,,,,,,,,,,,,,,,,,,,,,,,,,,,,,,,,,,,,,,,,,,,,,,,,,,,,,,,,,,,,,,,,,,,,,,,,,,,,,,,,,,,,,,,,,,,,,,,,,,,,,,,,,,,,,,,,,,,,,,,,,,,,,,,,,,,,,,,,,,,,,,,,,
2022-06-02,2022,False,scl3x3_b1_w8_centernotbad_p0_class2zero_v1,no_representative_frozen_scl_gate_failed,no_l2a_representative_for_date,no_frozen_representative_l2a_product_for_date,,,,,,,,,,,,,,,,,,,,,,,,,,,,,,,,,,,,,,,,,,,,,,,,,,,,,,,,,,,,,,,,,,,,,,,,,,,,,,,,,,,,,,,,,,,,,,,,,,,,,,,,,,,,,,,,,,,,,,,,,,,,,,,,,,,,,,,,,,,,,,,,,,,,,,,,,,,,,,,,,,,,,,,,,,,,,,,,,,,,,,,,,,,,,,,,,,,,,,,,,,,,,,,,,,,,,,
2022-06-07,2022,True,scl3x3_b1_w8_centernotbad_p0_class2zero_v1,frozen_representative,exact_unique,no_valid_pixels_after_qa_in_frozen_3x3_window,L2A,S2A_MSIL2A_20220607T100601_N0510_R022_T34VCM_20240714T234043,2022-06-07T10:06:01Z,S2A,T34VCM,22,N0510,2024-07-14T23:40:43Z,False,10000.0,MTD_MSIL2A.xml,N0510,product_metadata_PROCESSING_BASELINE,True,3,product_spectral_information_list,-1000.0,product_offset_list,(DN + -1000) / 10000,664.6,4,product_spectral_information_list,-1000.0,product_offset_list,(DN + -1000) / 10000,704.1,5,product_spectral_information_list,-1000.0,product_offset_list,(DN + -1000) / 10000,740.5,EPSG:32634,20.0,0.0,300000.0,0.0,-20.0,6700020.0,5490,5490,20.0,20.0,3200,3347,True,GRANULE/L2A_T34VCM_A036341_20220607T100834/IMG_DATA/R20m/T34VCM_20220607T100601_B04_20m.jp2,20.0,native_target_grid,0,0,0,0.11446666666666666,GRANULE/L2A_T34VCM_A036341_20220607T100834/IMG_DATA/R20m/T34VCM_20220607T100601_B05_20m.jp2,20.0,native_target_grid,0,0,0,0.1381777777777778,GRANULE/L2A_T34VCM_A036341_20220607T100834/IMG_DATA/R20m/T34VCM_20220607T100601_B06_20m.jp2,20.0,native_target_grid,0,0,0,0.17525555555555555,GRANULE/L2A_T34VCM_A036341_20220607T100834/QI_DATA/MSK_QUALIT_B04.jp2,any_invalid_reduce_x2,10.0,GRANULE/L2A_T34VCM_A036341_20220607T100834/QI_DATA/MSK_QUALIT_B05.jp2,native_target_grid,20.0,GRANULE/L2A_T34VCM_A036341_20220607T100834/QI_DATA/MSK_QUALIT_B06.jp2,native_target_grid,20.0,present,GRANULE/L2A_T34VCM_A036341_20220607T100834/QI_DATA/MSK_CLASSI_B00.jp2,exact_footprint_expand_x3,60.0,present,GRANULE/L2A_T34VCM_A036341_20220607T100834/IMG_DATA/R20m/T34VCM_20220607T100601_SCL_20m.jp2,native_target_grid,20.0,9,,0,0.0,B04,0,0.0,B04,0,0.0,B04,0,0.0,B04,0,0.0,B04,0,0.0,B04,0,0.0,B04,0,0.0,B04,0,0.0,B05,0,0.0,B05,0,0.0,B05,0,0.0,B05,0,0.0,B05,0,0.0,B05,0,0.0,B05,0,0.0,B05,0,0.0,B06,0,0.0,B06,0,0.0,B06,0,0.0,B06,0,0.0,B06,0,0.0,B06,0,0.0,B06,0,0.0,B06,9,1.0,0,0.0,0,0.0,0,0.0,0,0.0,0,0.0,0,0.0,0,0.0,0,0.0,0,0.0,0,0.0,0,0.0,0,0,0,0,0.5333333333333333,0,0.0,,,,,,,0,0.0,,,,,,,0,0,0,0,0,0,0,0,False,False,NOT_SELECTED_REQUIRES_HUMAN_FREEZE
2022-06-07,2022,True,scl3x3_b1_w8_centernotbad_p0_class2zero_v1,frozen_representative,exact_unique,no_valid_pixels_after_qa_in_frozen_3x3_window,L1C,S2A_MSIL1C_20220607T100601_N0510_R022_T34VCM_20240714T182335,2022-06-07T10:06:01Z,S2A,T34VCM,22,N0510,2024-07-14T18:23:35Z,False,10000.0,MTD_MSIL1C.xml,N0510,product_metadata_PROCESSING_BASELINE,True,3,product_spectral_information_list,-1000.0,product_offset_list,(DN + -1000) / 10000,664.6,4,product_spectral_information_list,-1000.0,product_offset_list,(DN + -1000) / 10000,704.1,5,product_spectral_information_list,-1000.0,product_offset_list,(DN + -1000) / 10000,740.5,EPSG:32634,20.0,0.0,300000.0,0.0,-20.0,6700020.0,5490,5490,20.0,20.0,3200,3347,True,GRANULE/L1C_T34VCM_A036341_20220607T100834/IMG_DATA/T34VCM_20220607T100601_B04.jp2,10.0,block_mean_reduce_x2,0,0,0,0.11454722222222223,GRANULE/L1C_T34VCM_A036341_20220607T100834/IMG_DATA/T34VCM_20220607T100601_B05.jp2,20.0,native_target_grid,0,0,0,0.12457777777777775,GRANULE/L1C_T34VCM_A036341_20220607T100834/IMG_DATA/T34VCM_20220607T100601_B06.jp2,20.0,native_target_grid,0,0,0,0.16086666666666666,GRANULE/L1C_T34VCM_A036341_20220607T100834/QI_DATA/MSK_QUALIT_B04.jp2,any_invalid_reduce_x2,10.0,GRANULE/L1C_T34VCM_A036341_20220607T100834/QI_DATA/MSK_QUALIT_B05.jp2,native_target_grid,20.0,GRANULE/L1C_T34VCM_A036341_20220607T100834/QI_DATA/MSK_QUALIT_B06.jp2,native_target_grid,20.0,present,GRANULE/L1C_T34VCM_A036341_20220607T100834/QI_DATA/MSK_CLASSI_B00.jp2,exact_footprint_expand_x3,60.0,present,GRANULE/L2A_T34VCM_A036341_20220607T100834/IMG_DATA/R20m/T34VCM_20220607T100601_SCL_20m.jp2,native_target_grid,20.0,9,,0,0.0,B04,0,0.0,B04,0,0.0,B04,0,0.0,B04,0,0.0,B04,0,0.0,B04,0,0.0,B04,0,0.0,B04,0,0.0,B05,0,0.0,B05,0,0.0,B05,0,0.0,B05,0,0.0,B05,0,0.0,B05,0,0.0,B05,0,0.0,B05,0,0.0,B06,0,0.0,B06,0,0.0,B06,0,0.0,B06,0,0.0,B06,0,0.0,B06,0,0.0,B06,0,0.0,B06,9,1.0,0,0.0,0,0.0,0,0.0,0,0.0,0,0.0,0,0.0,0,0.0,0,0.0,0,0.0,0,0.0,0,0.0,0,0,0,0,0.5333333333333333,0,0.0,,,,,,,0,0.0,,,,,,,0,0,0,0,0,0,0,0,False,False,NOT_SELECTED_REQUIRES_HUMAN_FREEZE
2022-06-10,2022,False,scl3x3_b1_w8_centernotbad_p0_class2zero_v1,no_representative_frozen_scl_gate_failed,no_l2a_representative_for_date,no_frozen_representative_l2a_product_for_date,,,,,,,,,,,,,,,,,,,,,,,,,,,,,,,,,,,,,,,,,,,,,,,,,,,,,,,,,,,,,,,,,,,,,,,,,,,,,,,,,,,,,,,,,,,,,,,,,,,,,,,,,,,,,,,,,,,,,,,,,,,,,,,,,,,,,,,,,,,,,,,,,,,,,,,,,,,,,,,,,,,,,,,,,,,,,,,,,,,,,,,,,,,,,,,,,,,,,,,,,,,,,,,,,,,,,,
2022-06-17,2022,False,scl3x3_b1_w8_centernotbad_p0_class2zero_v1,no_representative_frozen_scl_gate_failed,no_l2a_representative_for_date,no_frozen_representative_l2a_product_for_date,,,,,,,,,,,,,,,,,,,,,,,,,,,,,,,,,,,,,,,,,,,,,,,,,,,,,,,,,,,,,,,,,,,,,,,,,,,,,,,,,,,,,,,,,,,,,,,,,,,,,,,,,,,,,,,,,,,,,,,,,,,,,,,,,,,,,,,,,,,,,,,,,,,,,,,,,,,,,,,,,,,,,,,,,,,,,,,,,,,,,,,,,,,,,,,,,,,,,,,,,,,,,,,,,,,,,,
2022-06-20,2022,False,scl3x3_b1_w8_centernotbad_p0_class2zero_v1,no_representative_frozen_scl_gate_failed,no_l2a_representative_for_date,no_frozen_representative_l2a_product_for_date,,,,,,,,,,,,,,,,,,,,,,,,,,,,,,,,,,,,,,,,,,,,,,,,,,,,,,,,,,,,,,,,,,,,,,,,,,,,,,,,,,,,,,,,,,,,,,,,,,,,,,,,,,,,,,,,,,,,,,,,,,,,,,,,,,,,,,,,,,,,,,,,,,,,,,,,,,,,,,,,,,,,,,,,,,,,,,,,,,,,,,,,,,,,,,,,,,,,,,,,,,,,,,,,,,,,,,
2022-06-22,2022,False,scl3x3_b1_w8_centernotbad_p0_class2zero_v1,no_representative_frozen_scl_gate_failed,no_l2a_representative_for_date,no_frozen_representative_l2a_product_for_date,,,,,,,,,,,,,,,,,,,,,,,,,,,,,,,,,,,,,,,,,,,,,,,,,,,,,,,,,,,,,,,,,,,,,,,,,,,,,,,,,,,,,,,,,,,,,,,,,,,,,,,,,,,,,,,,,,,,,,,,,,,,,,,,,,,,,,,,,,,,,,,,,,,,,,,,,,,,,,,,,,,,,,,,,,,,,,,,,,,,,,,,,,,,,,,,,,,,,,,,,,,,,,,,,,,,,,
2022-06-27,2022,False,scl3x3_b1_w8_centernotbad_p0_class2zero_v1,no_representative_frozen_scl_gate_failed,no_l2a_representative_for_date,no_frozen_representative_l2a_product_for_date,,,,,,,,,,,,,,,,,,,,,,,,,,,,,,,,,,,,,,,,,,,,,,,,,,,,,,,,,,,,,,,,,,,,,,,,,,,,,,,,,,,,,,,,,,,,,,,,,,,,,,,,,,,,,,,,,,,,,,,,,,,,,,,,,,,,,,,,,,,,,,,,,,,,,,,,,,,,,,,,,,,,,,,,,,,,,,,,,,,,,,,,,,,,,,,,,,,,,,,,,,,,,,,,,,,,,,
2022-07-02,2022,False,scl3x3_b1_w8_centernotbad_p0_class2zero_v1,no_representative_frozen_scl_gate_failed,no_l2a_representative_for_date,no_frozen_representative_l2a_product_for_date,,,,,,,,,,,,,,,,,,,,,,,,,,,,,,,,,,,,,,,,,,,,,,,,,,,,,,,,,,,,,,,,,,,,,,,,,,,,,,,,,,,,,,,,,,,,,,,,,,,,,,,,,,,,,,,,,,,,,,,,,,,,,,,,,,,,,,,,,,,,,,,,,,,,,,,,,,,,,,,,,,,,,,,,,,,,,,,,,,,,,,,,,,,,,,,,,,,,,,,,,,,,,,,,,,,,,,
2022-07-05,2022,False,scl3x3_b1_w8_centernotbad_p0_class2zero_v1,no_representative_frozen_scl_gate_failed,no_l2a_representative_for_date,no_frozen_representative_l2a_product_for_date,,,,,,,,,,,,,,,,,,,,,,,,,,,,,,,,,,,,,,,,,,,,,,,,,,,,,,,,,,,,,,,,,,,,,,,,,,,,,,,,,,,,,,,,,,,,,,,,,,,,,,,,,,,,,,,,,,,,,,,,,,,,,,,,,,,,,,,,,,,,,,,,,,,,,,,,,,,,,,,,,,,,,,,,,,,,,,,,,,,,,,,,,,,,,,,,,,,,,,,,,,,,,,,,,,,,,,
2022-07-07,2022,False,scl3x3_b1_w8_centernotbad_p0_class2zero_v1,no_representative_frozen_scl_gate_failed,no_l2a_representative_for_date,no_frozen_representative_l2a_product_for_date,,,,,,,,,,,,,,,,,,,,,,,,,,,,,,,,,,,,,,,,,,,,,,,,,,,,,,,,,,,,,,,,,,,,,,,,,,,,,,,,,,,,,,,,,,,,,,,,,,,,,,,,,,,,,,,,,,,,,,,,,,,,,,,,,,,,,,,,,,,,,,,,,,,,,,,,,,,,,,,,,,,,,,,,,,,,,,,,,,,,,,,,,,,,,,,,,,,,,,,,,,,,,,,,,,,,,,
2022-07-10,2022,False,scl3x3_b1_w8_centernotbad_p0_class2zero_v1,no_representative_frozen_scl_gate_failed,no_l2a_representative_for_date,no_frozen_representative_l2a_product_for_date,,,,,,,,,,,,,,,,,,,,,,,,,,,,,,,,,,,,,,,,,,,,,,,,,,,,,,,,,,,,,,,,,,,,,,,,,,,,,,,,,,,,,,,,,,,,,,,,,,,,,,,,,,,,,,,,,,,,,,,,,,,,,,,,,,,,,,,,,,,,,,,,,,,,,,,,,,,,,,,,,,,,,,,,,,,,,,,,,,,,,,,,,,,,,,,,,,,,,,,,,,,,,,,,,,,,,,
2022-07-22,2022,False,scl3x3_b1_w8_centernotbad_p0_class2zero_v1,no_representative_frozen_scl_gate_failed,no_l2a_representative_for_date,no_frozen_representative_l2a_product_for_date,,,,,,,,,,,,,,,,,,,,,,,,,,,,,,,,,,,,,,,,,,,,,,,,,,,,,,,,,,,,,,,,,,,,,,,,,,,,,,,,,,,,,,,,,,,,,,,,,,,,,,,,,,,,,,,,,,,,,,,,,,,,,,,,,,,,,,,,,,,,,,,,,,,,,,,,,,,,,,,,,,,,,,,,,,,,,,,,,,,,,,,,,,,,,,,,,,,,,,,,,,,,,,,,,,,,,,
2022-07-25,2022,False,scl3x3_b1_w8_centernotbad_p0_class2zero_v1,no_representative_frozen_scl_gate_failed,no_l2a_representative_for_date,no_frozen_representative_l2a_product_for_date,,,,,,,,,,,,,,,,,,,,,,,,,,,,,,,,,,,,,,,,,,,,,,,,,,,,,,,,,,,,,,,,,,,,,,,,,,,,,,,,,,,,,,,,,,,,,,,,,,,,,,,,,,,,,,,,,,,,,,,,,,,,,,,,,,,,,,,,,,,,,,,,,,,,,,,,,,,,,,,,,,,,,,,,,,,,,,,,,,,,,,,,,,,,,,,,,,,,,,,,,,,,,,,,,,,,,,
2022-07-27,2022,False,scl3x3_b1_w8_centernotbad_p0_class2zero_v1,no_representative_frozen_scl_gate_failed,no_l2a_representative_for_date,no_frozen_representative_l2a_product_for_date,,,,,,,,,,,,,,,,,,,,,,,,,,,,,,,,,,,,,,,,,,,,,,,,,,,,,,,,,,,,,,,,,,,,,,,,,,,,,,,,,,,,,,,,,,,,,,,,,,,,,,,,,,,,,,,,,,,,,,,,,,,,,,,,,,,,,,,,,,,,,,,,,,,,,,,,,,,,,,,,,,,,,,,,,,,,,,,,,,,,,,,,,,,,,,,,,,,,,,,,,,,,,,,,,,,,,,
2022-08-04,2022,False,scl3x3_b1_w8_centernotbad_p0_class2zero_v1,no_representative_frozen_scl_gate_failed,no_l2a_representative_for_date,no_frozen_representative_l2a_product_for_date,,,,,,,,,,,,,,,,,,,,,,,,,,,,,,,,,,,,,,,,,,,,,,,,,,,,,,,,,,,,,,,,,,,,,,,,,,,,,,,,,,,,,,,,,,,,,,,,,,,,,,,,,,,,,,,,,,,,,,,,,,,,,,,,,,,,,,,,,,,,,,,,,,,,,,,,,,,,,,,,,,,,,,,,,,,,,,,,,,,,,,,,,,,,,,,,,,,,,,,,,,,,,,,,,,,,,,
2022-08-06,2022,False,scl3x3_b1_w8_centernotbad_p0_class2zero_v1,no_representative_frozen_scl_gate_failed,no_l2a_representative_for_date,no_frozen_representative_l2a_product_for_date,,,,,,,,,,,,,,,,,,,,,,,,,,,,,,,,,,,,,,,,,,,,,,,,,,,,,,,,,,,,,,,,,,,,,,,,,,,,,,,,,,,,,,,,,,,,,,,,,,,,,,,,,,,,,,,,,,,,,,,,,,,,,,,,,,,,,,,,,,,,,,,,,,,,,,,,,,,,,,,,,,,,,,,,,,,,,,,,,,,,,,,,,,,,,,,,,,,,,,,,,,,,,,,,,,,,,,
2022-08-09,2022,False,scl3x3_b1_w8_centernotbad_p0_class2zero_v1,no_representative_frozen_scl_gate_failed,no_l2a_representative_for_date,no_frozen_representative_l2a_product_for_date,,,,,,,,,,,,,,,,,,,,,,,,,,,,,,,,,,,,,,,,,,,,,,,,,,,,,,,,,,,,,,,,,,,,,,,,,,,,,,,,,,,,,,,,,,,,,,,,,,,,,,,,,,,,,,,,,,,,,,,,,,,,,,,,,,,,,,,,,,,,,,,,,,,,,,,,,,,,,,,,,,,,,,,,,,,,,,,,,,,,,,,,,,,,,,,,,,,,,,,,,,,,,,,,,,,,,,
2022-08-11,2022,False,scl3x3_b1_w8_centernotbad_p0_class2zero_v1,no_representative_frozen_scl_gate_failed,no_l2a_representative_for_date,no_frozen_representative_l2a_product_for_date,,,,,,,,,,,,,,,,,,,,,,,,,,,,,,,,,,,,,,,,,,,,,,,,,,,,,,,,,,,,,,,,,,,,,,,,,,,,,,,,,,,,,,,,,,,,,,,,,,,,,,,,,,,,,,,,,,,,,,,,,,,,,,,,,,,,,,,,,,,,,,,,,,,,,,,,,,,,,,,,,,,,,,,,,,,,,,,,,,,,,,,,,,,,,,,,,,,,,,,,,,,,,,,,,,,,,,
2022-08-16,2022,False,scl3x3_b1_w8_centernotbad_p0_class2zero_v1,no_representative_frozen_scl_gate_failed,no_l2a_representative_for_date,no_frozen_representative_l2a_product_for_date,,,,,,,,,,,,,,,,,,,,,,,,,,,,,,,,,,,,,,,,,,,,,,,,,,,,,,,,,,,,,,,,,,,,,,,,,,,,,,,,,,,,,,,,,,,,,,,,,,,,,,,,,,,,,,,,,,,,,,,,,,,,,,,,,,,,,,,,,,,,,,,,,,,,,,,,,,,,,,,,,,,,,,,,,,,,,,,,,,,,,,,,,,,,,,,,,,,,,,,,,,,,,,,,,,,,,,
2022-08-21,2022,False,scl3x3_b1_w8_centernotbad_p0_class2zero_v1,no_representative_frozen_scl_gate_failed,no_l2a_representative_for_date,no_frozen_representative_l2a_product_for_date,,,,,,,,,,,,,,,,,,,,,,,,,,,,,,,,,,,,,,,,,,,,,,,,,,,,,,,,,,,,,,,,,,,,,,,,,,,,,,,,,,,,,,,,,,,,,,,,,,,,,,,,,,,,,,,,,,,,,,,,,,,,,,,,,,,,,,,,,,,,,,,,,,,,,,,,,,,,,,,,,,,,,,,,,,,,,,,,,,,,,,,,,,,,,,,,,,,,,,,,,,,,,,,,,,,,,,
2022-08-24,2022,False,scl3x3_b1_w8_centernotbad_p0_class2zero_v1,no_representative_frozen_scl_gate_failed,no_l2a_representative_for_date,no_frozen_representative_l2a_product_for_date,,,,,,,,,,,,,,,,,,,,,,,,,,,,,,,,,,,,,,,,,,,,,,,,,,,,,,,,,,,,,,,,,,,,,,,,,,,,,,,,,,,,,,,,,,,,,,,,,,,,,,,,,,,,,,,,,,,,,,,,,,,,,,,,,,,,,,,,,,,,,,,,,,,,,,,,,,,,,,,,,,,,,,,,,,,,,,,,,,,,,,,,,,,,,,,,,,,,,,,,,,,,,,,,,,,,,,
2022-08-26,2022,False,scl3x3_b1_w8_centernotbad_p0_class2zero_v1,no_representative_frozen_scl_gate_failed,no_l2a_representative_for_date,no_frozen_representative_l2a_product_for_date,,,,,,,,,,,,,,,,,,,,,,,,,,,,,,,,,,,,,,,,,,,,,,,,,,,,,,,,,,,,,,,,,,,,,,,,,,,,,,,,,,,,,,,,,,,,,,,,,,,,,,,,,,,,,,,,,,,,,,,,,,,,,,,,,,,,,,,,,,,,,,,,,,,,,,,,,,,,,,,,,,,,,,,,,,,,,,,,,,,,,,,,,,,,,,,,,,,,,,,,,,,,,,,,,,,,,,
2022-08-29,2022,False,scl3x3_b1_w8_centernotbad_p0_class2zero_v1,no_representative_frozen_scl_gate_failed,no_l2a_representative_for_date,no_frozen_representative_l2a_product_for_date,,,,,,,,,,,,,,,,,,,,,,,,,,,,,,,,,,,,,,,,,,,,,,,,,,,,,,,,,,,,,,,,,,,,,,,,,,,,,,,,,,,,,,,,,,,,,,,,,,,,,,,,,,,,,,,,,,,,,,,,,,,,,,,,,,,,,,,,,,,,,,,,,,,,,,,,,,,,,,,,,,,,,,,,,,,,,,,,,,,,,,,,,,,,,,,,,,,,,,,,,,,,,,,,,,,,,,
2022-08-31,2022,False,scl3x3_b1_w8_centernotbad_p0_class2zero_v1,no_representative_frozen_scl_gate_failed,no_l2a_representative_for_date,no_frozen_representative_l2a_product_for_date,,,,,,,,,,,,,,,,,,,,,,,,,,,,,,,,,,,,,,,,,,,,,,,,,,,,,,,,,,,,,,,,,,,,,,,,,,,,,,,,,,,,,,,,,,,,,,,,,,,,,,,,,,,,,,,,,,,,,,,,,,,,,,,,,,,,,,,,,,,,,,,,,,,,,,,,,,,,,,,,,,,,,,,,,,,,,,,,,,,,,,,,,,,,,,,,,,,,,,,,,,,,,,,,,,,,,,
2022-09-03,2022,False,scl3x3_b1_w8_centernotbad_p0_class2zero_v1,no_representative_frozen_scl_gate_failed,no_l2a_representative_for_date,no_frozen_representative_l2a_product_for_date,,,,,,,,,,,,,,,,,,,,,,,,,,,,,,,,,,,,,,,,,,,,,,,,,,,,,,,,,,,,,,,,,,,,,,,,,,,,,,,,,,,,,,,,,,,,,,,,,,,,,,,,,,,,,,,,,,,,,,,,,,,,,,,,,,,,,,,,,,,,,,,,,,,,,,,,,,,,,,,,,,,,,,,,,,,,,,,,,,,,,,,,,,,,,,,,,,,,,,,,,,,,,,,,,,,,,,
2022-09-05,2022,False,scl3x3_b1_w8_centernotbad_p0_class2zero_v1,no_representative_frozen_scl_gate_failed,no_l2a_representative_for_date,no_frozen_representative_l2a_product_for_date,,,,,,,,,,,,,,,,,,,,,,,,,,,,,,,,,,,,,,,,,,,,,,,,,,,,,,,,,,,,,,,,,,,,,,,,,,,,,,,,,,,,,,,,,,,,,,,,,,,,,,,,,,,,,,,,,,,,,,,,,,,,,,,,,,,,,,,,,,,,,,,,,,,,,,,,,,,,,,,,,,,,,,,,,,,,,,,,,,,,,,,,,,,,,,,,,,,,,,,,,,,,,,,,,,,,,,
2022-09-10,2022,False,scl3x3_b1_w8_centernotbad_p0_class2zero_v1,no_representative_frozen_scl_gate_failed,no_l2a_representative_for_date,no_frozen_representative_l2a_product_for_date,,,,,,,,,,,,,,,,,,,,,,,,,,,,,,,,,,,,,,,,,,,,,,,,,,,,,,,,,,,,,,,,,,,,,,,,,,,,,,,,,,,,,,,,,,,,,,,,,,,,,,,,,,,,,,,,,,,,,,,,,,,,,,,,,,,,,,,,,,,,,,,,,,,,,,,,,,,,,,,,,,,,,,,,,,,,,,,,,,,,,,,,,,,,,,,,,,,,,,,,,,,,,,,,,,,,,,
2022-09-13,2022,False,scl3x3_b1_w8_centernotbad_p0_class2zero_v1,no_representative_frozen_scl_gate_failed,no_l2a_representative_for_date,no_frozen_representative_l2a_product_for_date,,,,,,,,,,,,,,,,,,,,,,,,,,,,,,,,,,,,,,,,,,,,,,,,,,,,,,,,,,,,,,,,,,,,,,,,,,,,,,,,,,,,,,,,,,,,,,,,,,,,,,,,,,,,,,,,,,,,,,,,,,,,,,,,,,,,,,,,,,,,,,,,,,,,,,,,,,,,,,,,,,,,,,,,,,,,,,,,,,,,,,,,,,,,,,,,,,,,,,,,,,,,,,,,,,,,,,
2022-09-15,2022,False,scl3x3_b1_w8_centernotbad_p0_class2zero_v1,no_representative_frozen_scl_gate_failed,no_l2a_representative_for_date,no_frozen_representative_l2a_product_for_date,,,,,,,,,,,,,,,,,,,,,,,,,,,,,,,,,,,,,,,,,,,,,,,,,,,,,,,,,,,,,,,,,,,,,,,,,,,,,,,,,,,,,,,,,,,,,,,,,,,,,,,,,,,,,,,,,,,,,,,,,,,,,,,,,,,,,,,,,,,,,,,,,,,,,,,,,,,,,,,,,,,,,,,,,,,,,,,,,,,,,,,,,,,,,,,,,,,,,,,,,,,,,,,,,,,,,,
2022-09-18,2022,False,scl3x3_b1_w8_centernotbad_p0_class2zero_v1,no_representative_frozen_scl_gate_failed,no_l2a_representative_for_date,no_frozen_representative_l2a_product_for_date,,,,,,,,,,,,,,,,,,,,,,,,,,,,,,,,,,,,,,,,,,,,,,,,,,,,,,,,,,,,,,,,,,,,,,,,,,,,,,,,,,,,,,,,,,,,,,,,,,,,,,,,,,,,,,,,,,,,,,,,,,,,,,,,,,,,,,,,,,,,,,,,,,,,,,,,,,,,,,,,,,,,,,,,,,,,,,,,,,,,,,,,,,,,,,,,,,,,,,,,,,,,,,,,,,,,,,
2022-09-20,2022,False,scl3x3_b1_w8_centernotbad_p0_class2zero_v1,no_representative_frozen_scl_gate_failed,no_l2a_representative_for_date,no_frozen_representative_l2a_product_for_date,,,,,,,,,,,,,,,,,,,,,,,,,,,,,,,,,,,,,,,,,,,,,,,,,,,,,,,,,,,,,,,,,,,,,,,,,,,,,,,,,,,,,,,,,,,,,,,,,,,,,,,,,,,,,,,,,,,,,,,,,,,,,,,,,,,,,,,,,,,,,,,,,,,,,,,,,,,,,,,,,,,,,,,,,,,,,,,,,,,,,,,,,,,,,,,,,,,,,,,,,,,,,,,,,,,,,,
2022-09-23,2022,False,scl3x3_b1_w8_centernotbad_p0_class2zero_v1,no_representative_frozen_scl_gate_failed,no_l2a_representative_for_date,no_frozen_representative_l2a_product_for_date,,,,,,,,,,,,,,,,,,,,,,,,,,,,,,,,,,,,,,,,,,,,,,,,,,,,,,,,,,,,,,,,,,,,,,,,,,,,,,,,,,,,,,,,,,,,,,,,,,,,,,,,,,,,,,,,,,,,,,,,,,,,,,,,,,,,,,,,,,,,,,,,,,,,,,,,,,,,,,,,,,,,,,,,,,,,,,,,,,,,,,,,,,,,,,,,,,,,,,,,,,,,,,,,,,,,,,
2022-09-25,2022,False,scl3x3_b1_w8_centernotbad_p0_class2zero_v1,no_representative_frozen_scl_gate_failed,no_l2a_representative_for_date,no_frozen_representative_l2a_product_for_date,,,,,,,,,,,,,,,,,,,,,,,,,,,,,,,,,,,,,,,,,,,,,,,,,,,,,,,,,,,,,,,,,,,,,,,,,,,,,,,,,,,,,,,,,,,,,,,,,,,,,,,,,,,,,,,,,,,,,,,,,,,,,,,,,,,,,,,,,,,,,,,,,,,,,,,,,,,,,,,,,,,,,,,,,,,,,,,,,,,,,,,,,,,,,,,,,,,,,,,,,,,,,,,,,,,,,,
2022-10-05,2022,False,scl3x3_b1_w8_centernotbad_p0_class2zero_v1,no_representative_frozen_scl_gate_failed,no_l2a_representative_for_date,no_frozen_representative_l2a_product_for_date,,,,,,,,,,,,,,,,,,,,,,,,,,,,,,,,,,,,,,,,,,,,,,,,,,,,,,,,,,,,,,,,,,,,,,,,,,,,,,,,,,,,,,,,,,,,,,,,,,,,,,,,,,,,,,,,,,,,,,,,,,,,,,,,,,,,,,,,,,,,,,,,,,,,,,,,,,,,,,,,,,,,,,,,,,,,,,,,,,,,,,,,,,,,,,,,,,,,,,,,,,,,,,,,,,,,,,
2022-10-13,2022,False,scl3x3_b1_w8_centernotbad_p0_class2zero_v1,no_representative_frozen_scl_gate_failed,no_l2a_representative_for_date,no_frozen_representative_l2a_product_for_date,,,,,,,,,,,,,,,,,,,,,,,,,,,,,,,,,,,,,,,,,,,,,,,,,,,,,,,,,,,,,,,,,,,,,,,,,,,,,,,,,,,,,,,,,,,,,,,,,,,,,,,,,,,,,,,,,,,,,,,,,,,,,,,,,,,,,,,,,,,,,,,,,,,,,,,,,,,,,,,,,,,,,,,,,,,,,,,,,,,,,,,,,,,,,,,,,,,,,,,,,,,,,,,,,,,,,,
2022-10-15,2022,False,scl3x3_b1_w8_centernotbad_p0_class2zero_v1,no_representative_frozen_scl_gate_failed,no_l2a_representative_for_date,no_frozen_representative_l2a_product_for_date,,,,,,,,,,,,,,,,,,,,,,,,,,,,,,,,,,,,,,,,,,,,,,,,,,,,,,,,,,,,,,,,,,,,,,,,,,,,,,,,,,,,,,,,,,,,,,,,,,,,,,,,,,,,,,,,,,,,,,,,,,,,,,,,,,,,,,,,,,,,,,,,,,,,,,,,,,,,,,,,,,,,,,,,,,,,,,,,,,,,,,,,,,,,,,,,,,,,,,,,,,,,,,,,,,,,,,
2022-10-18,2022,False,scl3x3_b1_w8_centernotbad_p0_class2zero_v1,no_representative_frozen_scl_gate_failed,no_l2a_representative_for_date,no_frozen_representative_l2a_product_for_date,,,,,,,,,,,,,,,,,,,,,,,,,,,,,,,,,,,,,,,,,,,,,,,,,,,,,,,,,,,,,,,,,,,,,,,,,,,,,,,,,,,,,,,,,,,,,,,,,,,,,,,,,,,,,,,,,,,,,,,,,,,,,,,,,,,,,,,,,,,,,,,,,,,,,,,,,,,,,,,,,,,,,,,,,,,,,,,,,,,,,,,,,,,,,,,,,,,,,,,,,,,,,,,,,,,,,,
2022-10-23,2022,True,scl3x3_b1_w8_centernotbad_p0_class2zero_v1,frozen_representative,exact_unique,no_valid_pixels_after_qa_in_frozen_3x3_window,L2A,S2B_MSIL2A_20221023T102029_N0510_R065_T34VCM_20240725T235429,2022-10-23T10:20:29Z,S2B,T34VCM,65,N0510,2024-07-25T23:54:29Z,False,10000.0,MTD_MSIL2A.xml,N0510,product_metadata_PROCESSING_BASELINE,True,3,product_spectral_information_list,-1000.0,product_offset_list,(DN + -1000) / 10000,665.0,4,product_spectral_information_list,-1000.0,product_offset_list,(DN + -1000) / 10000,703.8,5,product_spectral_information_list,-1000.0,product_offset_list,(DN + -1000) / 10000,739.1,EPSG:32634,20.0,0.0,300000.0,0.0,-20.0,6700020.0,5490,5490,20.0,20.0,3200,3347,True,GRANULE/L2A_T34VCM_A029406_20221023T102023/IMG_DATA/R20m/T34VCM_20221023T102029_B04_20m.jp2,20.0,native_target_grid,0,0,0,0.013022222222222221,GRANULE/L2A_T34VCM_A029406_20221023T102023/IMG_DATA/R20m/T34VCM_20221023T102029_B05_20m.jp2,20.0,native_target_grid,0,0,0,0.012744444444444444,GRANULE/L2A_T34VCM_A029406_20221023T102023/IMG_DATA/R20m/T34VCM_20221023T102029_B06_20m.jp2,20.0,native_target_grid,0,0,0,0.0109,GRANULE/L2A_T34VCM_A029406_20221023T102023/QI_DATA/MSK_QUALIT_B04.jp2,any_invalid_reduce_x2,10.0,GRANULE/L2A_T34VCM_A029406_20221023T102023/QI_DATA/MSK_QUALIT_B05.jp2,native_target_grid,20.0,GRANULE/L2A_T34VCM_A029406_20221023T102023/QI_DATA/MSK_QUALIT_B06.jp2,native_target_grid,20.0,present,GRANULE/L2A_T34VCM_A029406_20221023T102023/QI_DATA/MSK_CLASSI_B00.jp2,exact_footprint_expand_x3,60.0,present,GRANULE/L2A_T34VCM_A029406_20221023T102023/IMG_DATA/R20m/T34VCM_20221023T102029_SCL_20m.jp2,native_target_grid,20.0,9,,0,0.0,B04,0,0.0,B04,0,0.0,B04,0,0.0,B04,0,0.0,B04,0,0.0,B04,0,0.0,B04,0,0.0,B04,0,0.0,B05,0,0.0,B05,0,0.0,B05,0,0.0,B05,0,0.0,B05,0,0.0,B05,0,0.0,B05,0,0.0,B05,0,0.0,B06,0,0.0,B06,0,0.0,B06,0,0.0,B06,0,0.0,B06,0,0.0,B06,0,0.0,B06,0,0.0,B06,9,1.0,0,0.0,0,0.0,0,0.0,0,0.0,0,0.0,0,0.0,0,0.0,0,0.0,0,0.0,0,0.0,0,0.0,0,0,0,0,0.5333333333333333,0,0.0,,,,,,,0,0.0,,,,,,,0,0,0,0,0,0,0,0,False,False,NOT_SELECTED_REQUIRES_HUMAN_FREEZE
2022-10-23,2022,True,scl3x3_b1_w8_centernotbad_p0_class2zero_v1,frozen_representative,exact_unique,no_valid_pixels_after_qa_in_frozen_3x3_window,L1C,S2B_MSIL1C_20221023T102029_N0510_R065_T34VCM_20240725T210836,2022-10-23T10:20:29Z,S2B,T34VCM,65,N0510,2024-07-25T21:08:36Z,False,10000.0,MTD_MSIL1C.xml,N0510,product_metadata_PROCESSING_BASELINE,True,3,product_spectral_information_list,-1000.0,product_offset_list,(DN + -1000) / 10000,665.0,4,product_spectral_information_list,-1000.0,product_offset_list,(DN + -1000) / 10000,703.8,5,product_spectral_information_list,-1000.0,product_offset_list,(DN + -1000) / 10000,739.1,EPSG:32634,20.0,0.0,300000.0,0.0,-20.0,6700020.0,5490,5490,20.0,20.0,3200,3347,True,GRANULE/L1C_T34VCM_A029406_20221023T102023/IMG_DATA/T34VCM_20221023T102029_B04.jp2,10.0,block_mean_reduce_x2,0,0,0,0.04920277777777778,GRANULE/L1C_T34VCM_A029406_20221023T102023/IMG_DATA/T34VCM_20221023T102029_B05.jp2,20.0,native_target_grid,0,0,0,0.04361111111111111,GRANULE/L1C_T34VCM_A029406_20221023T102023/IMG_DATA/T34VCM_20221023T102029_B06.jp2,20.0,native_target_grid,0,0,0,0.04054444444444444,GRANULE/L1C_T34VCM_A029406_20221023T102023/QI_DATA/MSK_QUALIT_B04.jp2,any_invalid_reduce_x2,10.0,GRANULE/L1C_T34VCM_A029406_20221023T102023/QI_DATA/MSK_QUALIT_B05.jp2,native_target_grid,20.0,GRANULE/L1C_T34VCM_A029406_20221023T102023/QI_DATA/MSK_QUALIT_B06.jp2,native_target_grid,20.0,present,GRANULE/L1C_T34VCM_A029406_20221023T102023/QI_DATA/MSK_CLASSI_B00.jp2,exact_footprint_expand_x3,60.0,present,GRANULE/L2A_T34VCM_A029406_20221023T102023/IMG_DATA/R20m/T34VCM_20221023T102029_SCL_20m.jp2,native_target_grid,20.0,9,,0,0.0,B04,0,0.0,B04,0,0.0,B04,0,0.0,B04,0,0.0,B04,0,0.0,B04,0,0.0,B04,0,0.0,B04,0,0.0,B05,0,0.0,B05,0,0.0,B05,0,0.0,B05,0,0.0,B05,0,0.0,B05,0,0.0,B05,0,0.0,B05,0,0.0,B06,0,0.0,B06,0,0.0,B06,0,0.0,B06,0,0.0,B06,0,0.0,B06,0,0.0,B06,0,0.0,B06,9,1.0,0,0.0,0,0.0,0,0.0,0,0.0,0,0.0,0,0.0,0,0.0,0,0.0,0,0.0,0,0.0,0,0.0,0,0,0,0,0.5333333333333333,0,0.0,,,,,,,0,0.0,,,,,,,0,0,0,0,0,0,0,0,False,False,NOT_SELECTED_REQUIRES_HUMAN_FREEZE
2022-10-25,2022,False,scl3x3_b1_w8_centernotbad_p0_class2zero_v1,no_representative_frozen_scl_gate_failed,no_l2a_representative_for_date,no_frozen_representative_l2a_product_for_date,,,,,,,,,,,,,,,,,,,,,,,,,,,,,,,,,,,,,,,,,,,,,,,,,,,,,,,,,,,,,,,,,,,,,,,,,,,,,,,,,,,,,,,,,,,,,,,,,,,,,,,,,,,,,,,,,,,,,,,,,,,,,,,,,,,,,,,,,,,,,,,,,,,,,,,,,,,,,,,,,,,,,,,,,,,,,,,,,,,,,,,,,,,,,,,,,,,,,,,,,,,,,,,,,,,,,,
2022-10-28,2022,False,scl3x3_b1_w8_centernotbad_p0_class2zero_v1,no_representative_frozen_scl_gate_failed,no_l2a_representative_for_date,no_frozen_representative_l2a_product_for_date,,,,,,,,,,,,,,,,,,,,,,,,,,,,,,,,,,,,,,,,,,,,,,,,,,,,,,,,,,,,,,,,,,,,,,,,,,,,,,,,,,,,,,,,,,,,,,,,,,,,,,,,,,,,,,,,,,,,,,,,,,,,,,,,,,,,,,,,,,,,,,,,,,,,,,,,,,,,,,,,,,,,,,,,,,,,,,,,,,,,,,,,,,,,,,,,,,,,,,,,,,,,,,,,,,,,,,
2022-11-02,2022,False,scl3x3_b1_w8_centernotbad_p0_class2zero_v1,no_representative_frozen_scl_gate_failed,no_l2a_representative_for_date,no_frozen_representative_l2a_product_for_date,,,,,,,,,,,,,,,,,,,,,,,,,,,,,,,,,,,,,,,,,,,,,,,,,,,,,,,,,,,,,,,,,,,,,,,,,,,,,,,,,,,,,,,,,,,,,,,,,,,,,,,,,,,,,,,,,,,,,,,,,,,,,,,,,,,,,,,,,,,,,,,,,,,,,,,,,,,,,,,,,,,,,,,,,,,,,,,,,,,,,,,,,,,,,,,,,,,,,,,,,,,,,,,,,,,,,,
2022-11-04,2022,False,scl3x3_b1_w8_centernotbad_p0_class2zero_v1,no_representative_frozen_scl_gate_failed,no_l2a_representative_for_date,no_frozen_representative_l2a_product_for_date,,,,,,,,,,,,,,,,,,,,,,,,,,,,,,,,,,,,,,,,,,,,,,,,,,,,,,,,,,,,,,,,,,,,,,,,,,,,,,,,,,,,,,,,,,,,,,,,,,,,,,,,,,,,,,,,,,,,,,,,,,,,,,,,,,,,,,,,,,,,,,,,,,,,,,,,,,,,,,,,,,,,,,,,,,,,,,,,,,,,,,,,,,,,,,,,,,,,,,,,,,,,,,,,,,,,,,
2022-11-14,2022,False,scl3x3_b1_w8_centernotbad_p0_class2zero_v1,no_representative_frozen_scl_gate_failed,no_l2a_representative_for_date,no_frozen_representative_l2a_product_for_date,,,,,,,,,,,,,,,,,,,,,,,,,,,,,,,,,,,,,,,,,,,,,,,,,,,,,,,,,,,,,,,,,,,,,,,,,,,,,,,,,,,,,,,,,,,,,,,,,,,,,,,,,,,,,,,,,,,,,,,,,,,,,,,,,,,,,,,,,,,,,,,,,,,,,,,,,,,,,,,,,,,,,,,,,,,,,,,,,,,,,,,,,,,,,,,,,,,,,,,,,,,,,,,,,,,,,,
2022-11-19,2022,False,scl3x3_b1_w8_centernotbad_p0_class2zero_v1,no_representative_frozen_scl_gate_failed,no_l2a_representative_for_date,no_frozen_representative_l2a_product_for_date,,,,,,,,,,,,,,,,,,,,,,,,,,,,,,,,,,,,,,,,,,,,,,,,,,,,,,,,,,,,,,,,,,,,,,,,,,,,,,,,,,,,,,,,,,,,,,,,,,,,,,,,,,,,,,,,,,,,,,,,,,,,,,,,,,,,,,,,,,,,,,,,,,,,,,,,,,,,,,,,,,,,,,,,,,,,,,,,,,,,,,,,,,,,,,,,,,,,,,,,,,,,,,,,,,,,,,
2022-11-24,2022,False,scl3x3_b1_w8_centernotbad_p0_class2zero_v1,no_representative_frozen_scl_gate_failed,no_l2a_representative_for_date,no_frozen_representative_l2a_product_for_date,,,,,,,,,,,,,,,,,,,,,,,,,,,,,,,,,,,,,,,,,,,,,,,,,,,,,,,,,,,,,,,,,,,,,,,,,,,,,,,,,,,,,,,,,,,,,,,,,,,,,,,,,,,,,,,,,,,,,,,,,,,,,,,,,,,,,,,,,,,,,,,,,,,,,,,,,,,,,,,,,,,,,,,,,,,,,,,,,,,,,,,,,,,,,,,,,,,,,,,,,,,,,,,,,,,,,,
2022-11-27,2022,False,scl3x3_b1_w8_centernotbad_p0_class2zero_v1,no_representative_frozen_scl_gate_failed,no_l2a_representative_for_date,no_frozen_representative_l2a_product_for_date,,,,,,,,,,,,,,,,,,,,,,,,,,,,,,,,,,,,,,,,,,,,,,,,,,,,,,,,,,,,,,,,,,,,,,,,,,,,,,,,,,,,,,,,,,,,,,,,,,,,,,,,,,,,,,,,,,,,,,,,,,,,,,,,,,,,,,,,,,,,,,,,,,,,,,,,,,,,,,,,,,,,,,,,,,,,,,,,,,,,,,,,,,,,,,,,,,,,,,,,,,,,,,,,,,,,,,
2022-11-29,2022,False,scl3x3_b1_w8_centernotbad_p0_class2zero_v1,no_representative_frozen_scl_gate_failed,no_l2a_representative_for_date,no_frozen_representative_l2a_product_for_date,,,,,,,,,,,,,,,,,,,,,,,,,,,,,,,,,,,,,,,,,,,,,,,,,,,,,,,,,,,,,,,,,,,,,,,,,,,,,,,,,,,,,,,,,,,,,,,,,,,,,,,,,,,,,,,,,,,,,,,,,,,,,,,,,,,,,,,,,,,,,,,,,,,,,,,,,,,,,,,,,,,,,,,,,,,,,,,,,,,,,,,,,,,,,,,,,,,,,,,,,,,,,,,,,,,,,,
2022-12-02,2022,False,scl3x3_b1_w8_centernotbad_p0_class2zero_v1,no_representative_frozen_scl_gate_failed,no_l2a_representative_for_date,no_frozen_representative_l2a_product_for_date,,,,,,,,,,,,,,,,,,,,,,,,,,,,,,,,,,,,,,,,,,,,,,,,,,,,,,,,,,,,,,,,,,,,,,,,,,,,,,,,,,,,,,,,,,,,,,,,,,,,,,,,,,,,,,,,,,,,,,,,,,,,,,,,,,,,,,,,,,,,,,,,,,,,,,,,,,,,,,,,,,,,,,,,,,,,,,,,,,,,,,,,,,,,,,,,,,,,,,,,,,,,,,,,,,,,,,
2022-12-19,2022,False,scl3x3_b1_w8_centernotbad_p0_class2zero_v1,no_representative_frozen_scl_gate_failed,no_l2a_representative_for_date,no_frozen_representative_l2a_product_for_date,,,,,,,,,,,,,,,,,,,,,,,,,,,,,,,,,,,,,,,,,,,,,,,,,,,,,,,,,,,,,,,,,,,,,,,,,,,,,,,,,,,,,,,,,,,,,,,,,,,,,,,,,,,,,,,,,,,,,,,,,,,,,,,,,,,,,,,,,,,,,,,,,,,,,,,,,,,,,,,,,,,,,,,,,,,,,,,,,,,,,,,,,,,,,,,,,,,,,,,,,,,,,,,,,,,,,,
2022-12-22,2022,False,scl3x3_b1_w8_centernotbad_p0_class2zero_v1,no_representative_frozen_scl_gate_failed,no_l2a_representative_for_date,no_frozen_representative_l2a_product_for_date,,,,,,,,,,,,,,,,,,,,,,,,,,,,,,,,,,,,,,,,,,,,,,,,,,,,,,,,,,,,,,,,,,,,,,,,,,,,,,,,,,,,,,,,,,,,,,,,,,,,,,,,,,,,,,,,,,,,,,,,,,,,,,,,,,,,,,,,,,,,,,,,,,,,,,,,,,,,,,,,,,,,,,,,,,,,,,,,,,,,,,,,,,,,,,,,,,,,,,,,,,,,,,,,,,,,,,
2022-12-29,2022,False,scl3x3_b1_w8_centernotbad_p0_class2zero_v1,no_representative_frozen_scl_gate_failed,no_l2a_representative_for_date,no_frozen_representative_l2a_product_for_date,,,,,,,,,,,,,,,,,,,,,,,,,,,,,,,,,,,,,,,,,,,,,,,,,,,,,,,,,,,,,,,,,,,,,,,,,,,,,,,,,,,,,,,,,,,,,,,,,,,,,,,,,,,,,,,,,,,,,,,,,,,,,,,,,,,,,,,,,,,,,,,,,,,,,,,,,,,,,,,,,,,,,,,,,,,,,,,,,,,,,,,,,,,,,,,,,,,,,,,,,,,,,,,,,,,,,,
2023-01-08,2023,False,scl3x3_b1_w8_centernotbad_p0_class2zero_v1,no_representative_frozen_scl_gate_failed,no_l2a_representative_for_date,no_frozen_representative_l2a_product_for_date,,,,,,,,,,,,,,,,,,,,,,,,,,,,,,,,,,,,,,,,,,,,,,,,,,,,,,,,,,,,,,,,,,,,,,,,,,,,,,,,,,,,,,,,,,,,,,,,,,,,,,,,,,,,,,,,,,,,,,,,,,,,,,,,,,,,,,,,,,,,,,,,,,,,,,,,,,,,,,,,,,,,,,,,,,,,,,,,,,,,,,,,,,,,,,,,,,,,,,,,,,,,,,,,,,,,,,
2023-01-11,2023,False,scl3x3_b1_w8_centernotbad_p0_class2zero_v1,no_representative_frozen_scl_gate_failed,no_l2a_representative_for_date,no_frozen_representative_l2a_product_for_date,,,,,,,,,,,,,,,,,,,,,,,,,,,,,,,,,,,,,,,,,,,,,,,,,,,,,,,,,,,,,,,,,,,,,,,,,,,,,,,,,,,,,,,,,,,,,,,,,,,,,,,,,,,,,,,,,,,,,,,,,,,,,,,,,,,,,,,,,,,,,,,,,,,,,,,,,,,,,,,,,,,,,,,,,,,,,,,,,,,,,,,,,,,,,,,,,,,,,,,,,,,,,,,,,,,,,,
2023-01-13,2023,False,scl3x3_b1_w8_centernotbad_p0_class2zero_v1,no_representative_frozen_scl_gate_failed,no_l2a_representative_for_date,no_frozen_representative_l2a_product_for_date,,,,,,,,,,,,,,,,,,,,,,,,,,,,,,,,,,,,,,,,,,,,,,,,,,,,,,,,,,,,,,,,,,,,,,,,,,,,,,,,,,,,,,,,,,,,,,,,,,,,,,,,,,,,,,,,,,,,,,,,,,,,,,,,,,,,,,,,,,,,,,,,,,,,,,,,,,,,,,,,,,,,,,,,,,,,,,,,,,,,,,,,,,,,,,,,,,,,,,,,,,,,,,,,,,,,,,
2023-01-21,2023,False,scl3x3_b1_w8_centernotbad_p0_class2zero_v1,no_representative_frozen_scl_gate_failed,no_l2a_representative_for_date,no_frozen_representative_l2a_product_for_date,,,,,,,,,,,,,,,,,,,,,,,,,,,,,,,,,,,,,,,,,,,,,,,,,,,,,,,,,,,,,,,,,,,,,,,,,,,,,,,,,,,,,,,,,,,,,,,,,,,,,,,,,,,,,,,,,,,,,,,,,,,,,,,,,,,,,,,,,,,,,,,,,,,,,,,,,,,,,,,,,,,,,,,,,,,,,,,,,,,,,,,,,,,,,,,,,,,,,,,,,,,,,,,,,,,,,,
2023-01-23,2023,False,scl3x3_b1_w8_centernotbad_p0_class2zero_v1,no_representative_frozen_scl_gate_failed,no_l2a_representative_for_date,no_frozen_representative_l2a_product_for_date,,,,,,,,,,,,,,,,,,,,,,,,,,,,,,,,,,,,,,,,,,,,,,,,,,,,,,,,,,,,,,,,,,,,,,,,,,,,,,,,,,,,,,,,,,,,,,,,,,,,,,,,,,,,,,,,,,,,,,,,,,,,,,,,,,,,,,,,,,,,,,,,,,,,,,,,,,,,,,,,,,,,,,,,,,,,,,,,,,,,,,,,,,,,,,,,,,,,,,,,,,,,,,,,,,,,,,
2023-01-28,2023,False,scl3x3_b1_w8_centernotbad_p0_class2zero_v1,no_representative_frozen_scl_gate_failed,no_l2a_representative_for_date,no_frozen_representative_l2a_product_for_date,,,,,,,,,,,,,,,,,,,,,,,,,,,,,,,,,,,,,,,,,,,,,,,,,,,,,,,,,,,,,,,,,,,,,,,,,,,,,,,,,,,,,,,,,,,,,,,,,,,,,,,,,,,,,,,,,,,,,,,,,,,,,,,,,,,,,,,,,,,,,,,,,,,,,,,,,,,,,,,,,,,,,,,,,,,,,,,,,,,,,,,,,,,,,,,,,,,,,,,,,,,,,,,,,,,,,,
2023-02-02,2023,False,scl3x3_b1_w8_centernotbad_p0_class2zero_v1,no_representative_frozen_scl_gate_failed,no_l2a_representative_for_date,no_frozen_representative_l2a_product_for_date,,,,,,,,,,,,,,,,,,,,,,,,,,,,,,,,,,,,,,,,,,,,,,,,,,,,,,,,,,,,,,,,,,,,,,,,,,,,,,,,,,,,,,,,,,,,,,,,,,,,,,,,,,,,,,,,,,,,,,,,,,,,,,,,,,,,,,,,,,,,,,,,,,,,,,,,,,,,,,,,,,,,,,,,,,,,,,,,,,,,,,,,,,,,,,,,,,,,,,,,,,,,,,,,,,,,,,
2023-02-05,2023,False,scl3x3_b1_w8_centernotbad_p0_class2zero_v1,no_representative_frozen_scl_gate_failed,no_l2a_representative_for_date,no_frozen_representative_l2a_product_for_date,,,,,,,,,,,,,,,,,,,,,,,,,,,,,,,,,,,,,,,,,,,,,,,,,,,,,,,,,,,,,,,,,,,,,,,,,,,,,,,,,,,,,,,,,,,,,,,,,,,,,,,,,,,,,,,,,,,,,,,,,,,,,,,,,,,,,,,,,,,,,,,,,,,,,,,,,,,,,,,,,,,,,,,,,,,,,,,,,,,,,,,,,,,,,,,,,,,,,,,,,,,,,,,,,,,,,,
2023-02-07,2023,False,scl3x3_b1_w8_centernotbad_p0_class2zero_v1,no_representative_frozen_scl_gate_failed,no_l2a_representative_for_date,no_frozen_representative_l2a_product_for_date,,,,,,,,,,,,,,,,,,,,,,,,,,,,,,,,,,,,,,,,,,,,,,,,,,,,,,,,,,,,,,,,,,,,,,,,,,,,,,,,,,,,,,,,,,,,,,,,,,,,,,,,,,,,,,,,,,,,,,,,,,,,,,,,,,,,,,,,,,,,,,,,,,,,,,,,,,,,,,,,,,,,,,,,,,,,,,,,,,,,,,,,,,,,,,,,,,,,,,,,,,,,,,,,,,,,,,
2023-02-12,2023,False,scl3x3_b1_w8_centernotbad_p0_class2zero_v1,no_representative_frozen_scl_gate_failed,no_l2a_representative_for_date,no_frozen_representative_l2a_product_for_date,,,,,,,,,,,,,,,,,,,,,,,,,,,,,,,,,,,,,,,,,,,,,,,,,,,,,,,,,,,,,,,,,,,,,,,,,,,,,,,,,,,,,,,,,,,,,,,,,,,,,,,,,,,,,,,,,,,,,,,,,,,,,,,,,,,,,,,,,,,,,,,,,,,,,,,,,,,,,,,,,,,,,,,,,,,,,,,,,,,,,,,,,,,,,,,,,,,,,,,,,,,,,,,,,,,,,,
2023-02-15,2023,False,scl3x3_b1_w8_centernotbad_p0_class2zero_v1,no_representative_frozen_scl_gate_failed,no_l2a_representative_for_date,no_frozen_representative_l2a_product_for_date,,,,,,,,,,,,,,,,,,,,,,,,,,,,,,,,,,,,,,,,,,,,,,,,,,,,,,,,,,,,,,,,,,,,,,,,,,,,,,,,,,,,,,,,,,,,,,,,,,,,,,,,,,,,,,,,,,,,,,,,,,,,,,,,,,,,,,,,,,,,,,,,,,,,,,,,,,,,,,,,,,,,,,,,,,,,,,,,,,,,,,,,,,,,,,,,,,,,,,,,,,,,,,,,,,,,,,
2023-02-17,2023,False,scl3x3_b1_w8_centernotbad_p0_class2zero_v1,no_representative_frozen_scl_gate_failed,no_l2a_representative_for_date,no_frozen_representative_l2a_product_for_date,,,,,,,,,,,,,,,,,,,,,,,,,,,,,,,,,,,,,,,,,,,,,,,,,,,,,,,,,,,,,,,,,,,,,,,,,,,,,,,,,,,,,,,,,,,,,,,,,,,,,,,,,,,,,,,,,,,,,,,,,,,,,,,,,,,,,,,,,,,,,,,,,,,,,,,,,,,,,,,,,,,,,,,,,,,,,,,,,,,,,,,,,,,,,,,,,,,,,,,,,,,,,,,,,,,,,,
2023-02-20,2023,False,scl3x3_b1_w8_centernotbad_p0_class2zero_v1,no_representative_frozen_scl_gate_failed,no_l2a_representative_for_date,no_frozen_representative_l2a_product_for_date,,,,,,,,,,,,,,,,,,,,,,,,,,,,,,,,,,,,,,,,,,,,,,,,,,,,,,,,,,,,,,,,,,,,,,,,,,,,,,,,,,,,,,,,,,,,,,,,,,,,,,,,,,,,,,,,,,,,,,,,,,,,,,,,,,,,,,,,,,,,,,,,,,,,,,,,,,,,,,,,,,,,,,,,,,,,,,,,,,,,,,,,,,,,,,,,,,,,,,,,,,,,,,,,,,,,,,
2023-02-22,2023,False,scl3x3_b1_w8_centernotbad_p0_class2zero_v1,no_representative_frozen_scl_gate_failed,no_l2a_representative_for_date,no_frozen_representative_l2a_product_for_date,,,,,,,,,,,,,,,,,,,,,,,,,,,,,,,,,,,,,,,,,,,,,,,,,,,,,,,,,,,,,,,,,,,,,,,,,,,,,,,,,,,,,,,,,,,,,,,,,,,,,,,,,,,,,,,,,,,,,,,,,,,,,,,,,,,,,,,,,,,,,,,,,,,,,,,,,,,,,,,,,,,,,,,,,,,,,,,,,,,,,,,,,,,,,,,,,,,,,,,,,,,,,,,,,,,,,,
2023-02-25,2023,False,scl3x3_b1_w8_centernotbad_p0_class2zero_v1,no_representative_frozen_scl_gate_failed,no_l2a_representative_for_date,no_frozen_representative_l2a_product_for_date,,,,,,,,,,,,,,,,,,,,,,,,,,,,,,,,,,,,,,,,,,,,,,,,,,,,,,,,,,,,,,,,,,,,,,,,,,,,,,,,,,,,,,,,,,,,,,,,,,,,,,,,,,,,,,,,,,,,,,,,,,,,,,,,,,,,,,,,,,,,,,,,,,,,,,,,,,,,,,,,,,,,,,,,,,,,,,,,,,,,,,,,,,,,,,,,,,,,,,,,,,,,,,,,,,,,,,
2023-02-27,2023,False,scl3x3_b1_w8_centernotbad_p0_class2zero_v1,no_representative_frozen_scl_gate_failed,no_l2a_representative_for_date,no_frozen_representative_l2a_product_for_date,,,,,,,,,,,,,,,,,,,,,,,,,,,,,,,,,,,,,,,,,,,,,,,,,,,,,,,,,,,,,,,,,,,,,,,,,,,,,,,,,,,,,,,,,,,,,,,,,,,,,,,,,,,,,,,,,,,,,,,,,,,,,,,,,,,,,,,,,,,,,,,,,,,,,,,,,,,,,,,,,,,,,,,,,,,,,,,,,,,,,,,,,,,,,,,,,,,,,,,,,,,,,,,,,,,,,,
2023-03-02,2023,False,scl3x3_b1_w8_centernotbad_p0_class2zero_v1,no_representative_frozen_scl_gate_failed,no_l2a_representative_for_date,no_frozen_representative_l2a_product_for_date,,,,,,,,,,,,,,,,,,,,,,,,,,,,,,,,,,,,,,,,,,,,,,,,,,,,,,,,,,,,,,,,,,,,,,,,,,,,,,,,,,,,,,,,,,,,,,,,,,,,,,,,,,,,,,,,,,,,,,,,,,,,,,,,,,,,,,,,,,,,,,,,,,,,,,,,,,,,,,,,,,,,,,,,,,,,,,,,,,,,,,,,,,,,,,,,,,,,,,,,,,,,,,,,,,,,,,
2023-03-07,2023,False,scl3x3_b1_w8_centernotbad_p0_class2zero_v1,no_representative_frozen_scl_gate_failed,no_l2a_representative_for_date,no_frozen_representative_l2a_product_for_date,,,,,,,,,,,,,,,,,,,,,,,,,,,,,,,,,,,,,,,,,,,,,,,,,,,,,,,,,,,,,,,,,,,,,,,,,,,,,,,,,,,,,,,,,,,,,,,,,,,,,,,,,,,,,,,,,,,,,,,,,,,,,,,,,,,,,,,,,,,,,,,,,,,,,,,,,,,,,,,,,,,,,,,,,,,,,,,,,,,,,,,,,,,,,,,,,,,,,,,,,,,,,,,,,,,,,,
2023-03-09,2023,False,scl3x3_b1_w8_centernotbad_p0_class2zero_v1,no_representative_frozen_scl_gate_failed,no_l2a_representative_for_date,no_frozen_representative_l2a_product_for_date,,,,,,,,,,,,,,,,,,,,,,,,,,,,,,,,,,,,,,,,,,,,,,,,,,,,,,,,,,,,,,,,,,,,,,,,,,,,,,,,,,,,,,,,,,,,,,,,,,,,,,,,,,,,,,,,,,,,,,,,,,,,,,,,,,,,,,,,,,,,,,,,,,,,,,,,,,,,,,,,,,,,,,,,,,,,,,,,,,,,,,,,,,,,,,,,,,,,,,,,,,,,,,,,,,,,,,
2023-03-12,2023,False,scl3x3_b1_w8_centernotbad_p0_class2zero_v1,no_representative_frozen_scl_gate_failed,no_l2a_representative_for_date,no_frozen_representative_l2a_product_for_date,,,,,,,,,,,,,,,,,,,,,,,,,,,,,,,,,,,,,,,,,,,,,,,,,,,,,,,,,,,,,,,,,,,,,,,,,,,,,,,,,,,,,,,,,,,,,,,,,,,,,,,,,,,,,,,,,,,,,,,,,,,,,,,,,,,,,,,,,,,,,,,,,,,,,,,,,,,,,,,,,,,,,,,,,,,,,,,,,,,,,,,,,,,,,,,,,,,,,,,,,,,,,,,,,,,,,,
2023-03-14,2023,False,scl3x3_b1_w8_centernotbad_p0_class2zero_v1,no_representative_frozen_scl_gate_failed,no_l2a_representative_for_date,no_frozen_representative_l2a_product_for_date,,,,,,,,,,,,,,,,,,,,,,,,,,,,,,,,,,,,,,,,,,,,,,,,,,,,,,,,,,,,,,,,,,,,,,,,,,,,,,,,,,,,,,,,,,,,,,,,,,,,,,,,,,,,,,,,,,,,,,,,,,,,,,,,,,,,,,,,,,,,,,,,,,,,,,,,,,,,,,,,,,,,,,,,,,,,,,,,,,,,,,,,,,,,,,,,,,,,,,,,,,,,,,,,,,,,,,
2023-03-17,2023,False,scl3x3_b1_w8_centernotbad_p0_class2zero_v1,no_representative_frozen_scl_gate_failed,no_l2a_representative_for_date,no_frozen_representative_l2a_product_for_date,,,,,,,,,,,,,,,,,,,,,,,,,,,,,,,,,,,,,,,,,,,,,,,,,,,,,,,,,,,,,,,,,,,,,,,,,,,,,,,,,,,,,,,,,,,,,,,,,,,,,,,,,,,,,,,,,,,,,,,,,,,,,,,,,,,,,,,,,,,,,,,,,,,,,,,,,,,,,,,,,,,,,,,,,,,,,,,,,,,,,,,,,,,,,,,,,,,,,,,,,,,,,,,,,,,,,,
2023-03-19,2023,True,scl3x3_b1_w8_centernotbad_p0_class2zero_v1,frozen_representative,exact_unique,no_valid_pixels_after_qa_in_frozen_3x3_window,L2A,S2B_MSIL2A_20230319T100649_N0510_R022_T34VCM_20240825T042343,2023-03-19T10:06:49Z,S2B,T34VCM,22,N0510,2024-08-25T04:23:43Z,False,10000.0,MTD_MSIL2A.xml,N0510,product_metadata_PROCESSING_BASELINE,True,3,product_spectral_information_list,-1000.0,product_offset_list,(DN + -1000) / 10000,665.0,4,product_spectral_information_list,-1000.0,product_offset_list,(DN + -1000) / 10000,703.8,5,product_spectral_information_list,-1000.0,product_offset_list,(DN + -1000) / 10000,739.1,EPSG:32634,20.0,0.0,300000.0,0.0,-20.0,6700020.0,5490,5490,20.0,20.0,3200,3347,True,GRANULE/L2A_T34VCM_A031508_20230319T101342/IMG_DATA/R20m/T34VCM_20230319T100649_B04_20m.jp2,20.0,native_target_grid,0,0,0,0.2736222222222222,GRANULE/L2A_T34VCM_A031508_20230319T101342/IMG_DATA/R20m/T34VCM_20230319T100649_B05_20m.jp2,20.0,native_target_grid,0,0,0,0.2637888888888889,GRANULE/L2A_T34VCM_A031508_20230319T101342/IMG_DATA/R20m/T34VCM_20230319T100649_B06_20m.jp2,20.0,native_target_grid,0,0,0,0.2249,GRANULE/L2A_T34VCM_A031508_20230319T101342/QI_DATA/MSK_QUALIT_B04.jp2,any_invalid_reduce_x2,10.0,GRANULE/L2A_T34VCM_A031508_20230319T101342/QI_DATA/MSK_QUALIT_B05.jp2,native_target_grid,20.0,GRANULE/L2A_T34VCM_A031508_20230319T101342/QI_DATA/MSK_QUALIT_B06.jp2,native_target_grid,20.0,present,GRANULE/L2A_T34VCM_A031508_20230319T101342/QI_DATA/MSK_CLASSI_B00.jp2,exact_footprint_expand_x3,60.0,present,GRANULE/L2A_T34VCM_A031508_20230319T101342/IMG_DATA/R20m/T34VCM_20230319T100649_SCL_20m.jp2,native_target_grid,20.0,9,,0,0.0,B04,0,0.0,B04,0,0.0,B04,0,0.0,B04,0,0.0,B04,0,0.0,B04,0,0.0,B04,0,0.0,B04,0,0.0,B05,0,0.0,B05,0,0.0,B05,0,0.0,B05,0,0.0,B05,0,0.0,B05,0,0.0,B05,0,0.0,B05,0,0.0,B06,0,0.0,B06,0,0.0,B06,0,0.0,B06,0,0.0,B06,0,0.0,B06,0,0.0,B06,0,0.0,B06,0,0.0,0,0.0,0,0.0,9,1.0,0,0.0,0,0.0,0,0.0,0,0.0,0,0.0,0,0.0,0,0.0,0,0.0,0,0,0,0,0.5333333333333333,0,0.0,,,,,,,0,0.0,,,,,,,0,0,0,0,0,0,0,0,False,False,NOT_SELECTED_REQUIRES_HUMAN_FREEZE
2023-03-19,2023,True,scl3x3_b1_w8_centernotbad_p0_class2zero_v1,frozen_representative,exact_unique,no_valid_pixels_after_qa_in_frozen_3x3_window,L1C,S2B_MSIL1C_20230319T100649_N0510_R022_T34VCM_20240824T223547,2023-03-19T10:06:49Z,S2B,T34VCM,22,N0510,2024-08-24T22:35:47Z,False,10000.0,MTD_MSIL1C.xml,N0510,product_metadata_PROCESSING_BASELINE,True,3,product_spectral_information_list,-1000.0,product_offset_list,(DN + -1000) / 10000,665.0,4,product_spectral_information_list,-1000.0,product_offset_list,(DN + -1000) / 10000,703.8,5,product_spectral_information_list,-1000.0,product_offset_list,(DN + -1000) / 10000,739.1,EPSG:32634,20.0,0.0,300000.0,0.0,-20.0,6700020.0,5490,5490,20.0,20.0,3200,3347,True,GRANULE/L1C_T34VCM_A031508_20230319T101342/IMG_DATA/T34VCM_20230319T100649_B04.jp2,10.0,block_mean_reduce_x2,0,0,0,0.2545027777777778,GRANULE/L1C_T34VCM_A031508_20230319T101342/IMG_DATA/T34VCM_20230319T100649_B05.jp2,20.0,native_target_grid,0,0,0,0.23759999999999998,GRANULE/L1C_T34VCM_A031508_20230319T101342/IMG_DATA/T34VCM_20230319T100649_B06.jp2,20.0,native_target_grid,0,0,0,0.21587777777777775,GRANULE/L1C_T34VCM_A031508_20230319T101342/QI_DATA/MSK_QUALIT_B04.jp2,any_invalid_reduce_x2,10.0,GRANULE/L1C_T34VCM_A031508_20230319T101342/QI_DATA/MSK_QUALIT_B05.jp2,native_target_grid,20.0,GRANULE/L1C_T34VCM_A031508_20230319T101342/QI_DATA/MSK_QUALIT_B06.jp2,native_target_grid,20.0,present,GRANULE/L1C_T34VCM_A031508_20230319T101342/QI_DATA/MSK_CLASSI_B00.jp2,exact_footprint_expand_x3,60.0,present,GRANULE/L2A_T34VCM_A031508_20230319T101342/IMG_DATA/R20m/T34VCM_20230319T100649_SCL_20m.jp2,native_target_grid,20.0,9,,0,0.0,B04,0,0.0,B04,0,0.0,B04,0,0.0,B04,0,0.0,B04,0,0.0,B04,0,0.0,B04,0,0.0,B04,0,0.0,B05,0,0.0,B05,0,0.0,B05,0,0.0,B05,0,0.0,B05,0,0.0,B05,0,0.0,B05,0,0.0,B05,0,0.0,B06,0,0.0,B06,0,0.0,B06,0,0.0,B06,0,0.0,B06,0,0.0,B06,0,0.0,B06,0,0.0,B06,0,0.0,0,0.0,0,0.0,9,1.0,0,0.0,0,0.0,0,0.0,0,0.0,0,0.0,0,0.0,0,0.0,0,0.0,0,0,0,0,0.5333333333333333,0,0.0,,,,,,,0,0.0,,,,,,,0,0,0,0,0,0,0,0,False,False,NOT_SELECTED_REQUIRES_HUMAN_FREEZE
2023-03-22,2023,False,scl3x3_b1_w8_centernotbad_p0_class2zero_v1,no_representative_frozen_scl_gate_failed,no_l2a_representative_for_date,no_frozen_representative_l2a_product_for_date,,,,,,,,,,,,,,,,,,,,,,,,,,,,,,,,,,,,,,,,,,,,,,,,,,,,,,,,,,,,,,,,,,,,,,,,,,,,,,,,,,,,,,,,,,,,,,,,,,,,,,,,,,,,,,,,,,,,,,,,,,,,,,,,,,,,,,,,,,,,,,,,,,,,,,,,,,,,,,,,,,,,,,,,,,,,,,,,,,,,,,,,,,,,,,,,,,,,,,,,,,,,,,,,,,,,,,
2023-03-24,2023,False,scl3x3_b1_w8_centernotbad_p0_class2zero_v1,no_representative_frozen_scl_gate_failed,no_l2a_representative_for_date,no_frozen_representative_l2a_product_for_date,,,,,,,,,,,,,,,,,,,,,,,,,,,,,,,,,,,,,,,,,,,,,,,,,,,,,,,,,,,,,,,,,,,,,,,,,,,,,,,,,,,,,,,,,,,,,,,,,,,,,,,,,,,,,,,,,,,,,,,,,,,,,,,,,,,,,,,,,,,,,,,,,,,,,,,,,,,,,,,,,,,,,,,,,,,,,,,,,,,,,,,,,,,,,,,,,,,,,,,,,,,,,,,,,,,,,,
2023-03-27,2023,False,scl3x3_b1_w8_centernotbad_p0_class2zero_v1,no_representative_frozen_scl_gate_failed,no_l2a_representative_for_date,no_frozen_representative_l2a_product_for_date,,,,,,,,,,,,,,,,,,,,,,,,,,,,,,,,,,,,,,,,,,,,,,,,,,,,,,,,,,,,,,,,,,,,,,,,,,,,,,,,,,,,,,,,,,,,,,,,,,,,,,,,,,,,,,,,,,,,,,,,,,,,,,,,,,,,,,,,,,,,,,,,,,,,,,,,,,,,,,,,,,,,,,,,,,,,,,,,,,,,,,,,,,,,,,,,,,,,,,,,,,,,,,,,,,,,,,
2023-03-29,2023,False,scl3x3_b1_w8_centernotbad_p0_class2zero_v1,no_representative_frozen_scl_gate_failed,no_l2a_representative_for_date,no_frozen_representative_l2a_product_for_date,,,,,,,,,,,,,,,,,,,,,,,,,,,,,,,,,,,,,,,,,,,,,,,,,,,,,,,,,,,,,,,,,,,,,,,,,,,,,,,,,,,,,,,,,,,,,,,,,,,,,,,,,,,,,,,,,,,,,,,,,,,,,,,,,,,,,,,,,,,,,,,,,,,,,,,,,,,,,,,,,,,,,,,,,,,,,,,,,,,,,,,,,,,,,,,,,,,,,,,,,,,,,,,,,,,,,,
2023-04-01,2023,False,scl3x3_b1_w8_centernotbad_p0_class2zero_v1,no_representative_frozen_scl_gate_failed,no_l2a_representative_for_date,no_frozen_representative_l2a_product_for_date,,,,,,,,,,,,,,,,,,,,,,,,,,,,,,,,,,,,,,,,,,,,,,,,,,,,,,,,,,,,,,,,,,,,,,,,,,,,,,,,,,,,,,,,,,,,,,,,,,,,,,,,,,,,,,,,,,,,,,,,,,,,,,,,,,,,,,,,,,,,,,,,,,,,,,,,,,,,,,,,,,,,,,,,,,,,,,,,,,,,,,,,,,,,,,,,,,,,,,,,,,,,,,,,,,,,,,
2023-04-03,2023,False,scl3x3_b1_w8_centernotbad_p0_class2zero_v1,no_representative_frozen_scl_gate_failed,no_l2a_representative_for_date,no_frozen_representative_l2a_product_for_date,,,,,,,,,,,,,,,,,,,,,,,,,,,,,,,,,,,,,,,,,,,,,,,,,,,,,,,,,,,,,,,,,,,,,,,,,,,,,,,,,,,,,,,,,,,,,,,,,,,,,,,,,,,,,,,,,,,,,,,,,,,,,,,,,,,,,,,,,,,,,,,,,,,,,,,,,,,,,,,,,,,,,,,,,,,,,,,,,,,,,,,,,,,,,,,,,,,,,,,,,,,,,,,,,,,,,,
2023-04-06,2023,False,scl3x3_b1_w8_centernotbad_p0_class2zero_v1,no_representative_frozen_scl_gate_failed,no_l2a_representative_for_date,no_frozen_representative_l2a_product_for_date,,,,,,,,,,,,,,,,,,,,,,,,,,,,,,,,,,,,,,,,,,,,,,,,,,,,,,,,,,,,,,,,,,,,,,,,,,,,,,,,,,,,,,,,,,,,,,,,,,,,,,,,,,,,,,,,,,,,,,,,,,,,,,,,,,,,,,,,,,,,,,,,,,,,,,,,,,,,,,,,,,,,,,,,,,,,,,,,,,,,,,,,,,,,,,,,,,,,,,,,,,,,,,,,,,,,,,
2023-04-08,2023,False,scl3x3_b1_w8_centernotbad_p0_class2zero_v1,no_representative_frozen_scl_gate_failed,no_l2a_representative_for_date,no_frozen_representative_l2a_product_for_date,,,,,,,,,,,,,,,,,,,,,,,,,,,,,,,,,,,,,,,,,,,,,,,,,,,,,,,,,,,,,,,,,,,,,,,,,,,,,,,,,,,,,,,,,,,,,,,,,,,,,,,,,,,,,,,,,,,,,,,,,,,,,,,,,,,,,,,,,,,,,,,,,,,,,,,,,,,,,,,,,,,,,,,,,,,,,,,,,,,,,,,,,,,,,,,,,,,,,,,,,,,,,,,,,,,,,,
2023-04-11,2023,False,scl3x3_b1_w8_centernotbad_p0_class2zero_v1,no_representative_frozen_scl_gate_failed,no_l2a_representative_for_date,no_frozen_representative_l2a_product_for_date,,,,,,,,,,,,,,,,,,,,,,,,,,,,,,,,,,,,,,,,,,,,,,,,,,,,,,,,,,,,,,,,,,,,,,,,,,,,,,,,,,,,,,,,,,,,,,,,,,,,,,,,,,,,,,,,,,,,,,,,,,,,,,,,,,,,,,,,,,,,,,,,,,,,,,,,,,,,,,,,,,,,,,,,,,,,,,,,,,,,,,,,,,,,,,,,,,,,,,,,,,,,,,,,,,,,,,
2023-04-13,2023,False,scl3x3_b1_w8_centernotbad_p0_class2zero_v1,no_representative_frozen_scl_gate_failed,no_l2a_representative_for_date,no_frozen_representative_l2a_product_for_date,,,,,,,,,,,,,,,,,,,,,,,,,,,,,,,,,,,,,,,,,,,,,,,,,,,,,,,,,,,,,,,,,,,,,,,,,,,,,,,,,,,,,,,,,,,,,,,,,,,,,,,,,,,,,,,,,,,,,,,,,,,,,,,,,,,,,,,,,,,,,,,,,,,,,,,,,,,,,,,,,,,,,,,,,,,,,,,,,,,,,,,,,,,,,,,,,,,,,,,,,,,,,,,,,,,,,,
2023-04-23,2023,True,scl3x3_b1_w8_centernotbad_p0_class2zero_v1,frozen_representative,exact_unique,no_valid_pixels_after_qa_in_frozen_3x3_window,L2A,S2A_MSIL2A_20230423T100551_N0510_R022_T34VCM_20240830T184906,2023-04-23T10:05:51Z,S2A,T34VCM,22,N0510,2024-08-30T18:49:06Z,False,10000.0,MTD_MSIL2A.xml,N0510,product_metadata_PROCESSING_BASELINE,True,3,product_spectral_information_list,-1000.0,product_offset_list,(DN + -1000) / 10000,664.6,4,product_spectral_information_list,-1000.0,product_offset_list,(DN + -1000) / 10000,704.1,5,product_spectral_information_list,-1000.0,product_offset_list,(DN + -1000) / 10000,740.5,EPSG:32634,20.0,0.0,300000.0,0.0,-20.0,6700020.0,5490,5490,20.0,20.0,3200,3347,True,GRANULE/L2A_T34VCM_A040917_20230423T100553/IMG_DATA/R20m/T34VCM_20230423T100551_B04_20m.jp2,20.0,native_target_grid,0,0,0,0.02803333333333333,GRANULE/L2A_T34VCM_A040917_20230423T100553/IMG_DATA/R20m/T34VCM_20230423T100551_B05_20m.jp2,20.0,native_target_grid,0,0,0,0.0306,GRANULE/L2A_T34VCM_A040917_20230423T100553/IMG_DATA/R20m/T34VCM_20230423T100551_B06_20m.jp2,20.0,native_target_grid,0,0,0,0.02914444444444444,GRANULE/L2A_T34VCM_A040917_20230423T100553/QI_DATA/MSK_QUALIT_B04.jp2,any_invalid_reduce_x2,10.0,GRANULE/L2A_T34VCM_A040917_20230423T100553/QI_DATA/MSK_QUALIT_B05.jp2,native_target_grid,20.0,GRANULE/L2A_T34VCM_A040917_20230423T100553/QI_DATA/MSK_QUALIT_B06.jp2,native_target_grid,20.0,present,GRANULE/L2A_T34VCM_A040917_20230423T100553/QI_DATA/MSK_CLASSI_B00.jp2,exact_footprint_expand_x3,60.0,present,GRANULE/L2A_T34VCM_A040917_20230423T100553/IMG_DATA/R20m/T34VCM_20230423T100551_SCL_20m.jp2,native_target_grid,20.0,9,,0,0.0,B04,0,0.0,B04,0,0.0,B04,0,0.0,B04,0,0.0,B04,0,0.0,B04,0,0.0,B04,0,0.0,B04,0,0.0,B05,0,0.0,B05,0,0.0,B05,0,0.0,B05,0,0.0,B05,0,0.0,B05,0,0.0,B05,0,0.0,B05,0,0.0,B06,0,0.0,B06,0,0.0,B06,0,0.0,B06,0,0.0,B06,0,0.0,B06,0,0.0,B06,0,0.0,B06,9,1.0,0,0.0,0,0.0,0,0.0,0,0.0,0,0.0,0,0.0,0,0.0,0,0.0,0,0.0,0,0.0,0,0.0,0,0,0,0,0.5333333333333333,0,0.0,,,,,,,0,0.0,,,,,,,0,0,0,0,0,0,0,0,False,False,NOT_SELECTED_REQUIRES_HUMAN_FREEZE
2023-04-23,2023,True,scl3x3_b1_w8_centernotbad_p0_class2zero_v1,frozen_representative,exact_unique,no_valid_pixels_after_qa_in_frozen_3x3_window,L1C,S2A_MSIL1C_20230423T100551_N0510_R022_T34VCM_20240830T153717,2023-04-23T10:05:51Z,S2A,T34VCM,22,N0510,2024-08-30T15:37:17Z,False,10000.0,MTD_MSIL1C.xml,N0510,product_metadata_PROCESSING_BASELINE,True,3,product_spectral_information_list,-1000.0,product_offset_list,(DN + -1000) / 10000,664.6,4,product_spectral_information_list,-1000.0,product_offset_list,(DN + -1000) / 10000,704.1,5,product_spectral_information_list,-1000.0,product_offset_list,(DN + -1000) / 10000,740.5,EPSG:32634,20.0,0.0,300000.0,0.0,-20.0,6700020.0,5490,5490,20.0,20.0,3200,3347,True,GRANULE/L1C_T34VCM_A040917_20230423T100553/IMG_DATA/T34VCM_20230423T100551_B04.jp2,10.0,block_mean_reduce_x2,0,0,0,0.048752777777777784,GRANULE/L1C_T34VCM_A040917_20230423T100553/IMG_DATA/T34VCM_20230423T100551_B05.jp2,20.0,native_target_grid,0,0,0,0.046766666666666665,GRANULE/L1C_T34VCM_A040917_20230423T100553/IMG_DATA/T34VCM_20230423T100551_B06.jp2,20.0,native_target_grid,0,0,0,0.045033333333333335,GRANULE/L1C_T34VCM_A040917_20230423T100553/QI_DATA/MSK_QUALIT_B04.jp2,any_invalid_reduce_x2,10.0,GRANULE/L1C_T34VCM_A040917_20230423T100553/QI_DATA/MSK_QUALIT_B05.jp2,native_target_grid,20.0,GRANULE/L1C_T34VCM_A040917_20230423T100553/QI_DATA/MSK_QUALIT_B06.jp2,native_target_grid,20.0,present,GRANULE/L1C_T34VCM_A040917_20230423T100553/QI_DATA/MSK_CLASSI_B00.jp2,exact_footprint_expand_x3,60.0,present,GRANULE/L2A_T34VCM_A040917_20230423T100553/IMG_DATA/R20m/T34VCM_20230423T100551_SCL_20m.jp2,native_target_grid,20.0,9,,0,0.0,B04,0,0.0,B04,0,0.0,B04,0,0.0,B04,0,0.0,B04,0,0.0,B04,0,0.0,B04,0,0.0,B04,0,0.0,B05,0,0.0,B05,0,0.0,B05,0,0.0,B05,0,0.0,B05,0,0.0,B05,0,0.0,B05,0,0.0,B05,0,0.0,B06,0,0.0,B06,0,0.0,B06,0,0.0,B06,0,0.0,B06,0,0.0,B06,0,0.0,B06,0,0.0,B06,9,1.0,0,0.0,0,0.0,0,0.0,0,0.0,0,0.0,0,0.0,0,0.0,0,0.0,0,0.0,0,0.0,0,0.0,0,0,0,0,0.5333333333333333,0,0.0,,,,,,,0,0.0,,,,,,,0,0,0,0,0,0,0,0,False,False,NOT_SELECTED_REQUIRES_HUMAN_FREEZE
2023-04-26,2023,False,scl3x3_b1_w8_centernotbad_p0_class2zero_v1,no_representative_frozen_scl_gate_failed,no_l2a_representative_for_date,no_frozen_representative_l2a_product_for_date,,,,,,,,,,,,,,,,,,,,,,,,,,,,,,,,,,,,,,,,,,,,,,,,,,,,,,,,,,,,,,,,,,,,,,,,,,,,,,,,,,,,,,,,,,,,,,,,,,,,,,,,,,,,,,,,,,,,,,,,,,,,,,,,,,,,,,,,,,,,,,,,,,,,,,,,,,,,,,,,,,,,,,,,,,,,,,,,,,,,,,,,,,,,,,,,,,,,,,,,,,,,,,,,,,,,,,
2023-05-01,2023,False,scl3x3_b1_w8_centernotbad_p0_class2zero_v1,no_representative_frozen_scl_gate_failed,no_l2a_representative_for_date,no_frozen_representative_l2a_product_for_date,,,,,,,,,,,,,,,,,,,,,,,,,,,,,,,,,,,,,,,,,,,,,,,,,,,,,,,,,,,,,,,,,,,,,,,,,,,,,,,,,,,,,,,,,,,,,,,,,,,,,,,,,,,,,,,,,,,,,,,,,,,,,,,,,,,,,,,,,,,,,,,,,,,,,,,,,,,,,,,,,,,,,,,,,,,,,,,,,,,,,,,,,,,,,,,,,,,,,,,,,,,,,,,,,,,,,,
2023-05-16,2023,False,scl3x3_b1_w8_centernotbad_p0_class2zero_v1,no_representative_frozen_scl_gate_failed,no_l2a_representative_for_date,no_frozen_representative_l2a_product_for_date,,,,,,,,,,,,,,,,,,,,,,,,,,,,,,,,,,,,,,,,,,,,,,,,,,,,,,,,,,,,,,,,,,,,,,,,,,,,,,,,,,,,,,,,,,,,,,,,,,,,,,,,,,,,,,,,,,,,,,,,,,,,,,,,,,,,,,,,,,,,,,,,,,,,,,,,,,,,,,,,,,,,,,,,,,,,,,,,,,,,,,,,,,,,,,,,,,,,,,,,,,,,,,,,,,,,,,
2023-05-28,2023,False,scl3x3_b1_w8_centernotbad_p0_class2zero_v1,no_representative_frozen_scl_gate_failed,no_l2a_representative_for_date,no_frozen_representative_l2a_product_for_date,,,,,,,,,,,,,,,,,,,,,,,,,,,,,,,,,,,,,,,,,,,,,,,,,,,,,,,,,,,,,,,,,,,,,,,,,,,,,,,,,,,,,,,,,,,,,,,,,,,,,,,,,,,,,,,,,,,,,,,,,,,,,,,,,,,,,,,,,,,,,,,,,,,,,,,,,,,,,,,,,,,,,,,,,,,,,,,,,,,,,,,,,,,,,,,,,,,,,,,,,,,,,,,,,,,,,,
2023-05-31,2023,False,scl3x3_b1_w8_centernotbad_p0_class2zero_v1,no_representative_frozen_scl_gate_failed,no_l2a_representative_for_date,no_frozen_representative_l2a_product_for_date,,,,,,,,,,,,,,,,,,,,,,,,,,,,,,,,,,,,,,,,,,,,,,,,,,,,,,,,,,,,,,,,,,,,,,,,,,,,,,,,,,,,,,,,,,,,,,,,,,,,,,,,,,,,,,,,,,,,,,,,,,,,,,,,,,,,,,,,,,,,,,,,,,,,,,,,,,,,,,,,,,,,,,,,,,,,,,,,,,,,,,,,,,,,,,,,,,,,,,,,,,,,,,,,,,,,,,
2023-06-10,2023,True,scl3x3_b1_w8_centernotbad_p0_class2zero_v1,frozen_representative,exact_unique,no_valid_pixels_after_qa_in_frozen_3x3_window,L2A,S2B_MSIL2A_20230610T101609_N0510_R065_T34VCM_20240909T065358,2023-06-10T10:16:09Z,S2B,T34VCM,65,N0510,2024-09-09T06:53:58Z,False,10000.0,MTD_MSIL2A.xml,N0510,product_metadata_PROCESSING_BASELINE,True,3,product_spectral_information_list,-1000.0,product_offset_list,(DN + -1000) / 10000,665.0,4,product_spectral_information_list,-1000.0,product_offset_list,(DN + -1000) / 10000,703.8,5,product_spectral_information_list,-1000.0,product_offset_list,(DN + -1000) / 10000,739.1,EPSG:32634,20.0,0.0,300000.0,0.0,-20.0,6700020.0,5490,5490,20.0,20.0,3200,3347,True,GRANULE/L2A_T34VCM_A032695_20230610T102215/IMG_DATA/R20m/T34VCM_20230610T101609_B04_20m.jp2,20.0,native_target_grid,0,0,0,0.01626666666666667,GRANULE/L2A_T34VCM_A032695_20230610T102215/IMG_DATA/R20m/T34VCM_20230610T101609_B05_20m.jp2,20.0,native_target_grid,0,0,0,0.018766666666666664,GRANULE/L2A_T34VCM_A032695_20230610T102215/IMG_DATA/R20m/T34VCM_20230610T101609_B06_20m.jp2,20.0,native_target_grid,0,0,0,0.02507777777777778,GRANULE/L2A_T34VCM_A032695_20230610T102215/QI_DATA/MSK_QUALIT_B04.jp2,any_invalid_reduce_x2,10.0,GRANULE/L2A_T34VCM_A032695_20230610T102215/QI_DATA/MSK_QUALIT_B05.jp2,native_target_grid,20.0,GRANULE/L2A_T34VCM_A032695_20230610T102215/QI_DATA/MSK_QUALIT_B06.jp2,native_target_grid,20.0,present,GRANULE/L2A_T34VCM_A032695_20230610T102215/QI_DATA/MSK_CLASSI_B00.jp2,exact_footprint_expand_x3,60.0,present,GRANULE/L2A_T34VCM_A032695_20230610T102215/IMG_DATA/R20m/T34VCM_20230610T101609_SCL_20m.jp2,native_target_grid,20.0,9,,0,0.0,B04,0,0.0,B04,0,0.0,B04,0,0.0,B04,0,0.0,B04,0,0.0,B04,0,0.0,B04,0,0.0,B04,0,0.0,B05,0,0.0,B05,0,0.0,B05,0,0.0,B05,0,0.0,B05,0,0.0,B05,0,0.0,B05,0,0.0,B05,0,0.0,B06,0,0.0,B06,0,0.0,B06,0,0.0,B06,0,0.0,B06,0,0.0,B06,0,0.0,B06,0,0.0,B06,9,1.0,0,0.0,0,0.0,0,0.0,0,0.0,0,0.0,0,0.0,0,0.0,0,0.0,0,0.0,0,0.0,0,0.0,0,0,0,0,0.5333333333333333,0,0.0,,,,,,,0,0.0,,,,,,,0,0,0,0,0,0,0,0,False,False,NOT_SELECTED_REQUIRES_HUMAN_FREEZE
2023-06-10,2023,True,scl3x3_b1_w8_centernotbad_p0_class2zero_v1,frozen_representative,exact_unique,no_valid_pixels_after_qa_in_frozen_3x3_window,L1C,S2B_MSIL1C_20230610T101609_N0510_R065_T34VCM_20240909T001808,2023-06-10T10:16:09Z,S2B,T34VCM,65,N0510,2024-09-09T00:18:08Z,False,10000.0,MTD_MSIL1C.xml,N0510,product_metadata_PROCESSING_BASELINE,True,3,product_spectral_information_list,-1000.0,product_offset_list,(DN + -1000) / 10000,665.0,4,product_spectral_information_list,-1000.0,product_offset_list,(DN + -1000) / 10000,703.8,5,product_spectral_information_list,-1000.0,product_offset_list,(DN + -1000) / 10000,739.1,EPSG:32634,20.0,0.0,300000.0,0.0,-20.0,6700020.0,5490,5490,20.0,20.0,3200,3347,True,GRANULE/L1C_T34VCM_A032695_20230610T102215/IMG_DATA/T34VCM_20230610T101609_B04.jp2,10.0,block_mean_reduce_x2,0,0,0,0.03521944444444444,GRANULE/L1C_T34VCM_A032695_20230610T102215/IMG_DATA/T34VCM_20230610T101609_B05.jp2,20.0,native_target_grid,0,0,0,0.034377777777777785,GRANULE/L1C_T34VCM_A032695_20230610T102215/IMG_DATA/T34VCM_20230610T101609_B06.jp2,20.0,native_target_grid,0,0,0,0.04044444444444445,GRANULE/L1C_T34VCM_A032695_20230610T102215/QI_DATA/MSK_QUALIT_B04.jp2,any_invalid_reduce_x2,10.0,GRANULE/L1C_T34VCM_A032695_20230610T102215/QI_DATA/MSK_QUALIT_B05.jp2,native_target_grid,20.0,GRANULE/L1C_T34VCM_A032695_20230610T102215/QI_DATA/MSK_QUALIT_B06.jp2,native_target_grid,20.0,present,GRANULE/L1C_T34VCM_A032695_20230610T102215/QI_DATA/MSK_CLASSI_B00.jp2,exact_footprint_expand_x3,60.0,present,GRANULE/L2A_T34VCM_A032695_20230610T102215/IMG_DATA/R20m/T34VCM_20230610T101609_SCL_20m.jp2,native_target_grid,20.0,9,,0,0.0,B04,0,0.0,B04,0,0.0,B04,0,0.0,B04,0,0.0,B04,0,0.0,B04,0,0.0,B04,0,0.0,B04,0,0.0,B05,0,0.0,B05,0,0.0,B05,0,0.0,B05,0,0.0,B05,0,0.0,B05,0,0.0,B05,0,0.0,B05,0,0.0,B06,0,0.0,B06,0,0.0,B06,0,0.0,B06,0,0.0,B06,0,0.0,B06,0,0.0,B06,0,0.0,B06,9,1.0,0,0.0,0,0.0,0,0.0,0,0.0,0,0.0,0,0.0,0,0.0,0,0.0,0,0.0,0,0.0,0,0.0,0,0,0,0,0.5333333333333333,0,0.0,,,,,,,0,0.0,,,,,,,0,0,0,0,0,0,0,0,False,False,NOT_SELECTED_REQUIRES_HUMAN_FREEZE
2023-06-15,2023,False,scl3x3_b1_w8_centernotbad_p0_class2zero_v1,no_representative_frozen_scl_gate_failed,no_l2a_representative_for_date,no_frozen_representative_l2a_product_for_date,,,,,,,,,,,,,,,,,,,,,,,,,,,,,,,,,,,,,,,,,,,,,,,,,,,,,,,,,,,,,,,,,,,,,,,,,,,,,,,,,,,,,,,,,,,,,,,,,,,,,,,,,,,,,,,,,,,,,,,,,,,,,,,,,,,,,,,,,,,,,,,,,,,,,,,,,,,,,,,,,,,,,,,,,,,,,,,,,,,,,,,,,,,,,,,,,,,,,,,,,,,,,,,,,,,,,,
2023-06-17,2023,False,scl3x3_b1_w8_centernotbad_p0_class2zero_v1,no_representative_frozen_scl_gate_failed,no_l2a_representative_for_date,no_frozen_representative_l2a_product_for_date,,,,,,,,,,,,,,,,,,,,,,,,,,,,,,,,,,,,,,,,,,,,,,,,,,,,,,,,,,,,,,,,,,,,,,,,,,,,,,,,,,,,,,,,,,,,,,,,,,,,,,,,,,,,,,,,,,,,,,,,,,,,,,,,,,,,,,,,,,,,,,,,,,,,,,,,,,,,,,,,,,,,,,,,,,,,,,,,,,,,,,,,,,,,,,,,,,,,,,,,,,,,,,,,,,,,,,
2023-06-20,2023,False,scl3x3_b1_w8_centernotbad_p0_class2zero_v1,no_representative_frozen_scl_gate_failed,no_l2a_representative_for_date,no_frozen_representative_l2a_product_for_date,,,,,,,,,,,,,,,,,,,,,,,,,,,,,,,,,,,,,,,,,,,,,,,,,,,,,,,,,,,,,,,,,,,,,,,,,,,,,,,,,,,,,,,,,,,,,,,,,,,,,,,,,,,,,,,,,,,,,,,,,,,,,,,,,,,,,,,,,,,,,,,,,,,,,,,,,,,,,,,,,,,,,,,,,,,,,,,,,,,,,,,,,,,,,,,,,,,,,,,,,,,,,,,,,,,,,,
2023-06-22,2023,False,scl3x3_b1_w8_centernotbad_p0_class2zero_v1,no_representative_frozen_scl_gate_failed,no_l2a_representative_for_date,no_frozen_representative_l2a_product_for_date,,,,,,,,,,,,,,,,,,,,,,,,,,,,,,,,,,,,,,,,,,,,,,,,,,,,,,,,,,,,,,,,,,,,,,,,,,,,,,,,,,,,,,,,,,,,,,,,,,,,,,,,,,,,,,,,,,,,,,,,,,,,,,,,,,,,,,,,,,,,,,,,,,,,,,,,,,,,,,,,,,,,,,,,,,,,,,,,,,,,,,,,,,,,,,,,,,,,,,,,,,,,,,,,,,,,,,
2023-06-30,2023,False,scl3x3_b1_w8_centernotbad_p0_class2zero_v1,no_representative_frozen_scl_gate_failed,no_l2a_representative_for_date,no_frozen_representative_l2a_product_for_date,,,,,,,,,,,,,,,,,,,,,,,,,,,,,,,,,,,,,,,,,,,,,,,,,,,,,,,,,,,,,,,,,,,,,,,,,,,,,,,,,,,,,,,,,,,,,,,,,,,,,,,,,,,,,,,,,,,,,,,,,,,,,,,,,,,,,,,,,,,,,,,,,,,,,,,,,,,,,,,,,,,,,,,,,,,,,,,,,,,,,,,,,,,,,,,,,,,,,,,,,,,,,,,,,,,,,,
2023-07-02,2023,False,scl3x3_b1_w8_centernotbad_p0_class2zero_v1,no_representative_frozen_scl_gate_failed,no_l2a_representative_for_date,no_frozen_representative_l2a_product_for_date,,,,,,,,,,,,,,,,,,,,,,,,,,,,,,,,,,,,,,,,,,,,,,,,,,,,,,,,,,,,,,,,,,,,,,,,,,,,,,,,,,,,,,,,,,,,,,,,,,,,,,,,,,,,,,,,,,,,,,,,,,,,,,,,,,,,,,,,,,,,,,,,,,,,,,,,,,,,,,,,,,,,,,,,,,,,,,,,,,,,,,,,,,,,,,,,,,,,,,,,,,,,,,,,,,,,,,
2023-07-05,2023,False,scl3x3_b1_w8_centernotbad_p0_class2zero_v1,no_representative_frozen_scl_gate_failed,no_l2a_representative_for_date,no_frozen_representative_l2a_product_for_date,,,,,,,,,,,,,,,,,,,,,,,,,,,,,,,,,,,,,,,,,,,,,,,,,,,,,,,,,,,,,,,,,,,,,,,,,,,,,,,,,,,,,,,,,,,,,,,,,,,,,,,,,,,,,,,,,,,,,,,,,,,,,,,,,,,,,,,,,,,,,,,,,,,,,,,,,,,,,,,,,,,,,,,,,,,,,,,,,,,,,,,,,,,,,,,,,,,,,,,,,,,,,,,,,,,,,,
2023-07-07,2023,False,scl3x3_b1_w8_centernotbad_p0_class2zero_v1,no_representative_frozen_scl_gate_failed,no_l2a_representative_for_date,no_frozen_representative_l2a_product_for_date,,,,,,,,,,,,,,,,,,,,,,,,,,,,,,,,,,,,,,,,,,,,,,,,,,,,,,,,,,,,,,,,,,,,,,,,,,,,,,,,,,,,,,,,,,,,,,,,,,,,,,,,,,,,,,,,,,,,,,,,,,,,,,,,,,,,,,,,,,,,,,,,,,,,,,,,,,,,,,,,,,,,,,,,,,,,,,,,,,,,,,,,,,,,,,,,,,,,,,,,,,,,,,,,,,,,,,
2023-07-10,2023,False,scl3x3_b1_w8_centernotbad_p0_class2zero_v1,no_representative_frozen_scl_gate_failed,no_l2a_representative_for_date,no_frozen_representative_l2a_product_for_date,,,,,,,,,,,,,,,,,,,,,,,,,,,,,,,,,,,,,,,,,,,,,,,,,,,,,,,,,,,,,,,,,,,,,,,,,,,,,,,,,,,,,,,,,,,,,,,,,,,,,,,,,,,,,,,,,,,,,,,,,,,,,,,,,,,,,,,,,,,,,,,,,,,,,,,,,,,,,,,,,,,,,,,,,,,,,,,,,,,,,,,,,,,,,,,,,,,,,,,,,,,,,,,,,,,,,,
2023-07-12,2023,False,scl3x3_b1_w8_centernotbad_p0_class2zero_v1,no_representative_frozen_scl_gate_failed,no_l2a_representative_for_date,no_frozen_representative_l2a_product_for_date,,,,,,,,,,,,,,,,,,,,,,,,,,,,,,,,,,,,,,,,,,,,,,,,,,,,,,,,,,,,,,,,,,,,,,,,,,,,,,,,,,,,,,,,,,,,,,,,,,,,,,,,,,,,,,,,,,,,,,,,,,,,,,,,,,,,,,,,,,,,,,,,,,,,,,,,,,,,,,,,,,,,,,,,,,,,,,,,,,,,,,,,,,,,,,,,,,,,,,,,,,,,,,,,,,,,,,
2023-07-15,2023,False,scl3x3_b1_w8_centernotbad_p0_class2zero_v1,no_representative_frozen_scl_gate_failed,no_l2a_representative_for_date,no_frozen_representative_l2a_product_for_date,,,,,,,,,,,,,,,,,,,,,,,,,,,,,,,,,,,,,,,,,,,,,,,,,,,,,,,,,,,,,,,,,,,,,,,,,,,,,,,,,,,,,,,,,,,,,,,,,,,,,,,,,,,,,,,,,,,,,,,,,,,,,,,,,,,,,,,,,,,,,,,,,,,,,,,,,,,,,,,,,,,,,,,,,,,,,,,,,,,,,,,,,,,,,,,,,,,,,,,,,,,,,,,,,,,,,,
2023-07-17,2023,False,scl3x3_b1_w8_centernotbad_p0_class2zero_v1,no_representative_frozen_scl_gate_failed,no_l2a_representative_for_date,no_frozen_representative_l2a_product_for_date,,,,,,,,,,,,,,,,,,,,,,,,,,,,,,,,,,,,,,,,,,,,,,,,,,,,,,,,,,,,,,,,,,,,,,,,,,,,,,,,,,,,,,,,,,,,,,,,,,,,,,,,,,,,,,,,,,,,,,,,,,,,,,,,,,,,,,,,,,,,,,,,,,,,,,,,,,,,,,,,,,,,,,,,,,,,,,,,,,,,,,,,,,,,,,,,,,,,,,,,,,,,,,,,,,,,,,
2023-07-22,2023,False,scl3x3_b1_w8_centernotbad_p0_class2zero_v1,no_representative_frozen_scl_gate_failed,no_l2a_representative_for_date,no_frozen_representative_l2a_product_for_date,,,,,,,,,,,,,,,,,,,,,,,,,,,,,,,,,,,,,,,,,,,,,,,,,,,,,,,,,,,,,,,,,,,,,,,,,,,,,,,,,,,,,,,,,,,,,,,,,,,,,,,,,,,,,,,,,,,,,,,,,,,,,,,,,,,,,,,,,,,,,,,,,,,,,,,,,,,,,,,,,,,,,,,,,,,,,,,,,,,,,,,,,,,,,,,,,,,,,,,,,,,,,,,,,,,,,,
2023-07-25,2023,False,scl3x3_b1_w8_centernotbad_p0_class2zero_v1,no_representative_frozen_scl_gate_failed,no_l2a_representative_for_date,no_frozen_representative_l2a_product_for_date,,,,,,,,,,,,,,,,,,,,,,,,,,,,,,,,,,,,,,,,,,,,,,,,,,,,,,,,,,,,,,,,,,,,,,,,,,,,,,,,,,,,,,,,,,,,,,,,,,,,,,,,,,,,,,,,,,,,,,,,,,,,,,,,,,,,,,,,,,,,,,,,,,,,,,,,,,,,,,,,,,,,,,,,,,,,,,,,,,,,,,,,,,,,,,,,,,,,,,,,,,,,,,,,,,,,,,
2023-07-27,2023,False,scl3x3_b1_w8_centernotbad_p0_class2zero_v1,no_representative_frozen_scl_gate_failed,no_l2a_representative_for_date,no_frozen_representative_l2a_product_for_date,,,,,,,,,,,,,,,,,,,,,,,,,,,,,,,,,,,,,,,,,,,,,,,,,,,,,,,,,,,,,,,,,,,,,,,,,,,,,,,,,,,,,,,,,,,,,,,,,,,,,,,,,,,,,,,,,,,,,,,,,,,,,,,,,,,,,,,,,,,,,,,,,,,,,,,,,,,,,,,,,,,,,,,,,,,,,,,,,,,,,,,,,,,,,,,,,,,,,,,,,,,,,,,,,,,,,,
2023-07-30,2023,False,scl3x3_b1_w8_centernotbad_p0_class2zero_v1,no_representative_frozen_scl_gate_failed,no_l2a_representative_for_date,no_frozen_representative_l2a_product_for_date,,,,,,,,,,,,,,,,,,,,,,,,,,,,,,,,,,,,,,,,,,,,,,,,,,,,,,,,,,,,,,,,,,,,,,,,,,,,,,,,,,,,,,,,,,,,,,,,,,,,,,,,,,,,,,,,,,,,,,,,,,,,,,,,,,,,,,,,,,,,,,,,,,,,,,,,,,,,,,,,,,,,,,,,,,,,,,,,,,,,,,,,,,,,,,,,,,,,,,,,,,,,,,,,,,,,,,
2023-08-01,2023,False,scl3x3_b1_w8_centernotbad_p0_class2zero_v1,no_representative_frozen_scl_gate_failed,no_l2a_representative_for_date,no_frozen_representative_l2a_product_for_date,,,,,,,,,,,,,,,,,,,,,,,,,,,,,,,,,,,,,,,,,,,,,,,,,,,,,,,,,,,,,,,,,,,,,,,,,,,,,,,,,,,,,,,,,,,,,,,,,,,,,,,,,,,,,,,,,,,,,,,,,,,,,,,,,,,,,,,,,,,,,,,,,,,,,,,,,,,,,,,,,,,,,,,,,,,,,,,,,,,,,,,,,,,,,,,,,,,,,,,,,,,,,,,,,,,,,,
2023-08-06,2023,False,scl3x3_b1_w8_centernotbad_p0_class2zero_v1,no_representative_frozen_scl_gate_failed,no_l2a_representative_for_date,no_frozen_representative_l2a_product_for_date,,,,,,,,,,,,,,,,,,,,,,,,,,,,,,,,,,,,,,,,,,,,,,,,,,,,,,,,,,,,,,,,,,,,,,,,,,,,,,,,,,,,,,,,,,,,,,,,,,,,,,,,,,,,,,,,,,,,,,,,,,,,,,,,,,,,,,,,,,,,,,,,,,,,,,,,,,,,,,,,,,,,,,,,,,,,,,,,,,,,,,,,,,,,,,,,,,,,,,,,,,,,,,,,,,,,,,
2023-08-09,2023,False,scl3x3_b1_w8_centernotbad_p0_class2zero_v1,no_representative_frozen_scl_gate_failed,no_l2a_representative_for_date,no_frozen_representative_l2a_product_for_date,,,,,,,,,,,,,,,,,,,,,,,,,,,,,,,,,,,,,,,,,,,,,,,,,,,,,,,,,,,,,,,,,,,,,,,,,,,,,,,,,,,,,,,,,,,,,,,,,,,,,,,,,,,,,,,,,,,,,,,,,,,,,,,,,,,,,,,,,,,,,,,,,,,,,,,,,,,,,,,,,,,,,,,,,,,,,,,,,,,,,,,,,,,,,,,,,,,,,,,,,,,,,,,,,,,,,,
2023-08-11,2023,False,scl3x3_b1_w8_centernotbad_p0_class2zero_v1,no_representative_frozen_scl_gate_failed,no_l2a_representative_for_date,no_frozen_representative_l2a_product_for_date,,,,,,,,,,,,,,,,,,,,,,,,,,,,,,,,,,,,,,,,,,,,,,,,,,,,,,,,,,,,,,,,,,,,,,,,,,,,,,,,,,,,,,,,,,,,,,,,,,,,,,,,,,,,,,,,,,,,,,,,,,,,,,,,,,,,,,,,,,,,,,,,,,,,,,,,,,,,,,,,,,,,,,,,,,,,,,,,,,,,,,,,,,,,,,,,,,,,,,,,,,,,,,,,,,,,,,
2023-08-14,2023,False,scl3x3_b1_w8_centernotbad_p0_class2zero_v1,no_representative_frozen_scl_gate_failed,no_l2a_representative_for_date,no_frozen_representative_l2a_product_for_date,,,,,,,,,,,,,,,,,,,,,,,,,,,,,,,,,,,,,,,,,,,,,,,,,,,,,,,,,,,,,,,,,,,,,,,,,,,,,,,,,,,,,,,,,,,,,,,,,,,,,,,,,,,,,,,,,,,,,,,,,,,,,,,,,,,,,,,,,,,,,,,,,,,,,,,,,,,,,,,,,,,,,,,,,,,,,,,,,,,,,,,,,,,,,,,,,,,,,,,,,,,,,,,,,,,,,,
2023-08-16,2023,False,scl3x3_b1_w8_centernotbad_p0_class2zero_v1,no_representative_frozen_scl_gate_failed,no_l2a_representative_for_date,no_frozen_representative_l2a_product_for_date,,,,,,,,,,,,,,,,,,,,,,,,,,,,,,,,,,,,,,,,,,,,,,,,,,,,,,,,,,,,,,,,,,,,,,,,,,,,,,,,,,,,,,,,,,,,,,,,,,,,,,,,,,,,,,,,,,,,,,,,,,,,,,,,,,,,,,,,,,,,,,,,,,,,,,,,,,,,,,,,,,,,,,,,,,,,,,,,,,,,,,,,,,,,,,,,,,,,,,,,,,,,,,,,,,,,,,
2023-08-19,2023,False,scl3x3_b1_w8_centernotbad_p0_class2zero_v1,no_representative_frozen_scl_gate_failed,no_l2a_representative_for_date,no_frozen_representative_l2a_product_for_date,,,,,,,,,,,,,,,,,,,,,,,,,,,,,,,,,,,,,,,,,,,,,,,,,,,,,,,,,,,,,,,,,,,,,,,,,,,,,,,,,,,,,,,,,,,,,,,,,,,,,,,,,,,,,,,,,,,,,,,,,,,,,,,,,,,,,,,,,,,,,,,,,,,,,,,,,,,,,,,,,,,,,,,,,,,,,,,,,,,,,,,,,,,,,,,,,,,,,,,,,,,,,,,,,,,,,,
2023-08-21,2023,False,scl3x3_b1_w8_centernotbad_p0_class2zero_v1,no_representative_frozen_scl_gate_failed,no_l2a_representative_for_date,no_frozen_representative_l2a_product_for_date,,,,,,,,,,,,,,,,,,,,,,,,,,,,,,,,,,,,,,,,,,,,,,,,,,,,,,,,,,,,,,,,,,,,,,,,,,,,,,,,,,,,,,,,,,,,,,,,,,,,,,,,,,,,,,,,,,,,,,,,,,,,,,,,,,,,,,,,,,,,,,,,,,,,,,,,,,,,,,,,,,,,,,,,,,,,,,,,,,,,,,,,,,,,,,,,,,,,,,,,,,,,,,,,,,,,,,
2023-08-24,2023,False,scl3x3_b1_w8_centernotbad_p0_class2zero_v1,no_representative_frozen_scl_gate_failed,no_l2a_representative_for_date,no_frozen_representative_l2a_product_for_date,,,,,,,,,,,,,,,,,,,,,,,,,,,,,,,,,,,,,,,,,,,,,,,,,,,,,,,,,,,,,,,,,,,,,,,,,,,,,,,,,,,,,,,,,,,,,,,,,,,,,,,,,,,,,,,,,,,,,,,,,,,,,,,,,,,,,,,,,,,,,,,,,,,,,,,,,,,,,,,,,,,,,,,,,,,,,,,,,,,,,,,,,,,,,,,,,,,,,,,,,,,,,,,,,,,,,,
2023-08-26,2023,False,scl3x3_b1_w8_centernotbad_p0_class2zero_v1,no_representative_frozen_scl_gate_failed,no_l2a_representative_for_date,no_frozen_representative_l2a_product_for_date,,,,,,,,,,,,,,,,,,,,,,,,,,,,,,,,,,,,,,,,,,,,,,,,,,,,,,,,,,,,,,,,,,,,,,,,,,,,,,,,,,,,,,,,,,,,,,,,,,,,,,,,,,,,,,,,,,,,,,,,,,,,,,,,,,,,,,,,,,,,,,,,,,,,,,,,,,,,,,,,,,,,,,,,,,,,,,,,,,,,,,,,,,,,,,,,,,,,,,,,,,,,,,,,,,,,,,
2023-08-31,2023,False,scl3x3_b1_w8_centernotbad_p0_class2zero_v1,no_representative_frozen_scl_gate_failed,no_l2a_representative_for_date,no_frozen_representative_l2a_product_for_date,,,,,,,,,,,,,,,,,,,,,,,,,,,,,,,,,,,,,,,,,,,,,,,,,,,,,,,,,,,,,,,,,,,,,,,,,,,,,,,,,,,,,,,,,,,,,,,,,,,,,,,,,,,,,,,,,,,,,,,,,,,,,,,,,,,,,,,,,,,,,,,,,,,,,,,,,,,,,,,,,,,,,,,,,,,,,,,,,,,,,,,,,,,,,,,,,,,,,,,,,,,,,,,,,,,,,,
2023-09-03,2023,False,scl3x3_b1_w8_centernotbad_p0_class2zero_v1,no_representative_frozen_scl_gate_failed,no_l2a_representative_for_date,no_frozen_representative_l2a_product_for_date,,,,,,,,,,,,,,,,,,,,,,,,,,,,,,,,,,,,,,,,,,,,,,,,,,,,,,,,,,,,,,,,,,,,,,,,,,,,,,,,,,,,,,,,,,,,,,,,,,,,,,,,,,,,,,,,,,,,,,,,,,,,,,,,,,,,,,,,,,,,,,,,,,,,,,,,,,,,,,,,,,,,,,,,,,,,,,,,,,,,,,,,,,,,,,,,,,,,,,,,,,,,,,,,,,,,,,
2023-09-08,2023,False,scl3x3_b1_w8_centernotbad_p0_class2zero_v1,no_representative_frozen_scl_gate_failed,no_l2a_representative_for_date,no_frozen_representative_l2a_product_for_date,,,,,,,,,,,,,,,,,,,,,,,,,,,,,,,,,,,,,,,,,,,,,,,,,,,,,,,,,,,,,,,,,,,,,,,,,,,,,,,,,,,,,,,,,,,,,,,,,,,,,,,,,,,,,,,,,,,,,,,,,,,,,,,,,,,,,,,,,,,,,,,,,,,,,,,,,,,,,,,,,,,,,,,,,,,,,,,,,,,,,,,,,,,,,,,,,,,,,,,,,,,,,,,,,,,,,,
2023-09-10,2023,False,scl3x3_b1_w8_centernotbad_p0_class2zero_v1,no_representative_frozen_scl_gate_failed,no_l2a_representative_for_date,no_frozen_representative_l2a_product_for_date,,,,,,,,,,,,,,,,,,,,,,,,,,,,,,,,,,,,,,,,,,,,,,,,,,,,,,,,,,,,,,,,,,,,,,,,,,,,,,,,,,,,,,,,,,,,,,,,,,,,,,,,,,,,,,,,,,,,,,,,,,,,,,,,,,,,,,,,,,,,,,,,,,,,,,,,,,,,,,,,,,,,,,,,,,,,,,,,,,,,,,,,,,,,,,,,,,,,,,,,,,,,,,,,,,,,,,
2023-09-13,2023,False,scl3x3_b1_w8_centernotbad_p0_class2zero_v1,no_representative_frozen_scl_gate_failed,no_l2a_representative_for_date,no_frozen_representative_l2a_product_for_date,,,,,,,,,,,,,,,,,,,,,,,,,,,,,,,,,,,,,,,,,,,,,,,,,,,,,,,,,,,,,,,,,,,,,,,,,,,,,,,,,,,,,,,,,,,,,,,,,,,,,,,,,,,,,,,,,,,,,,,,,,,,,,,,,,,,,,,,,,,,,,,,,,,,,,,,,,,,,,,,,,,,,,,,,,,,,,,,,,,,,,,,,,,,,,,,,,,,,,,,,,,,,,,,,,,,,,
2023-09-15,2023,False,scl3x3_b1_w8_centernotbad_p0_class2zero_v1,no_representative_frozen_scl_gate_failed,no_l2a_representative_for_date,no_frozen_representative_l2a_product_for_date,,,,,,,,,,,,,,,,,,,,,,,,,,,,,,,,,,,,,,,,,,,,,,,,,,,,,,,,,,,,,,,,,,,,,,,,,,,,,,,,,,,,,,,,,,,,,,,,,,,,,,,,,,,,,,,,,,,,,,,,,,,,,,,,,,,,,,,,,,,,,,,,,,,,,,,,,,,,,,,,,,,,,,,,,,,,,,,,,,,,,,,,,,,,,,,,,,,,,,,,,,,,,,,,,,,,,,
2023-09-18,2023,False,scl3x3_b1_w8_centernotbad_p0_class2zero_v1,no_representative_frozen_scl_gate_failed,no_l2a_representative_for_date,no_frozen_representative_l2a_product_for_date,,,,,,,,,,,,,,,,,,,,,,,,,,,,,,,,,,,,,,,,,,,,,,,,,,,,,,,,,,,,,,,,,,,,,,,,,,,,,,,,,,,,,,,,,,,,,,,,,,,,,,,,,,,,,,,,,,,,,,,,,,,,,,,,,,,,,,,,,,,,,,,,,,,,,,,,,,,,,,,,,,,,,,,,,,,,,,,,,,,,,,,,,,,,,,,,,,,,,,,,,,,,,,,,,,,,,,
2023-09-20,2023,False,scl3x3_b1_w8_centernotbad_p0_class2zero_v1,no_representative_frozen_scl_gate_failed,no_l2a_representative_for_date,no_frozen_representative_l2a_product_for_date,,,,,,,,,,,,,,,,,,,,,,,,,,,,,,,,,,,,,,,,,,,,,,,,,,,,,,,,,,,,,,,,,,,,,,,,,,,,,,,,,,,,,,,,,,,,,,,,,,,,,,,,,,,,,,,,,,,,,,,,,,,,,,,,,,,,,,,,,,,,,,,,,,,,,,,,,,,,,,,,,,,,,,,,,,,,,,,,,,,,,,,,,,,,,,,,,,,,,,,,,,,,,,,,,,,,,,
2023-09-23,2023,False,scl3x3_b1_w8_centernotbad_p0_class2zero_v1,no_representative_frozen_scl_gate_failed,no_l2a_representative_for_date,no_frozen_representative_l2a_product_for_date,,,,,,,,,,,,,,,,,,,,,,,,,,,,,,,,,,,,,,,,,,,,,,,,,,,,,,,,,,,,,,,,,,,,,,,,,,,,,,,,,,,,,,,,,,,,,,,,,,,,,,,,,,,,,,,,,,,,,,,,,,,,,,,,,,,,,,,,,,,,,,,,,,,,,,,,,,,,,,,,,,,,,,,,,,,,,,,,,,,,,,,,,,,,,,,,,,,,,,,,,,,,,,,,,,,,,,
2023-09-25,2023,False,scl3x3_b1_w8_centernotbad_p0_class2zero_v1,no_representative_frozen_scl_gate_failed,no_l2a_representative_for_date,no_frozen_representative_l2a_product_for_date,,,,,,,,,,,,,,,,,,,,,,,,,,,,,,,,,,,,,,,,,,,,,,,,,,,,,,,,,,,,,,,,,,,,,,,,,,,,,,,,,,,,,,,,,,,,,,,,,,,,,,,,,,,,,,,,,,,,,,,,,,,,,,,,,,,,,,,,,,,,,,,,,,,,,,,,,,,,,,,,,,,,,,,,,,,,,,,,,,,,,,,,,,,,,,,,,,,,,,,,,,,,,,,,,,,,,,
2023-09-28,2023,False,scl3x3_b1_w8_centernotbad_p0_class2zero_v1,no_representative_frozen_scl_gate_failed,no_l2a_representative_for_date,no_frozen_representative_l2a_product_for_date,,,,,,,,,,,,,,,,,,,,,,,,,,,,,,,,,,,,,,,,,,,,,,,,,,,,,,,,,,,,,,,,,,,,,,,,,,,,,,,,,,,,,,,,,,,,,,,,,,,,,,,,,,,,,,,,,,,,,,,,,,,,,,,,,,,,,,,,,,,,,,,,,,,,,,,,,,,,,,,,,,,,,,,,,,,,,,,,,,,,,,,,,,,,,,,,,,,,,,,,,,,,,,,,,,,,,,
2023-10-03,2023,False,scl3x3_b1_w8_centernotbad_p0_class2zero_v1,no_representative_frozen_scl_gate_failed,no_l2a_representative_for_date,no_frozen_representative_l2a_product_for_date,,,,,,,,,,,,,,,,,,,,,,,,,,,,,,,,,,,,,,,,,,,,,,,,,,,,,,,,,,,,,,,,,,,,,,,,,,,,,,,,,,,,,,,,,,,,,,,,,,,,,,,,,,,,,,,,,,,,,,,,,,,,,,,,,,,,,,,,,,,,,,,,,,,,,,,,,,,,,,,,,,,,,,,,,,,,,,,,,,,,,,,,,,,,,,,,,,,,,,,,,,,,,,,,,,,,,,
2023-10-05,2023,False,scl3x3_b1_w8_centernotbad_p0_class2zero_v1,no_representative_frozen_scl_gate_failed,no_l2a_representative_for_date,no_frozen_representative_l2a_product_for_date,,,,,,,,,,,,,,,,,,,,,,,,,,,,,,,,,,,,,,,,,,,,,,,,,,,,,,,,,,,,,,,,,,,,,,,,,,,,,,,,,,,,,,,,,,,,,,,,,,,,,,,,,,,,,,,,,,,,,,,,,,,,,,,,,,,,,,,,,,,,,,,,,,,,,,,,,,,,,,,,,,,,,,,,,,,,,,,,,,,,,,,,,,,,,,,,,,,,,,,,,,,,,,,,,,,,,,
2023-10-10,2023,False,scl3x3_b1_w8_centernotbad_p0_class2zero_v1,no_representative_frozen_scl_gate_failed,no_l2a_representative_for_date,no_frozen_representative_l2a_product_for_date,,,,,,,,,,,,,,,,,,,,,,,,,,,,,,,,,,,,,,,,,,,,,,,,,,,,,,,,,,,,,,,,,,,,,,,,,,,,,,,,,,,,,,,,,,,,,,,,,,,,,,,,,,,,,,,,,,,,,,,,,,,,,,,,,,,,,,,,,,,,,,,,,,,,,,,,,,,,,,,,,,,,,,,,,,,,,,,,,,,,,,,,,,,,,,,,,,,,,,,,,,,,,,,,,,,,,,
2023-10-13,2023,False,scl3x3_b1_w8_centernotbad_p0_class2zero_v1,no_representative_frozen_scl_gate_failed,no_l2a_representative_for_date,no_frozen_representative_l2a_product_for_date,,,,,,,,,,,,,,,,,,,,,,,,,,,,,,,,,,,,,,,,,,,,,,,,,,,,,,,,,,,,,,,,,,,,,,,,,,,,,,,,,,,,,,,,,,,,,,,,,,,,,,,,,,,,,,,,,,,,,,,,,,,,,,,,,,,,,,,,,,,,,,,,,,,,,,,,,,,,,,,,,,,,,,,,,,,,,,,,,,,,,,,,,,,,,,,,,,,,,,,,,,,,,,,,,,,,,,
2023-10-15,2023,False,scl3x3_b1_w8_centernotbad_p0_class2zero_v1,no_representative_frozen_scl_gate_failed,no_l2a_representative_for_date,no_frozen_representative_l2a_product_for_date,,,,,,,,,,,,,,,,,,,,,,,,,,,,,,,,,,,,,,,,,,,,,,,,,,,,,,,,,,,,,,,,,,,,,,,,,,,,,,,,,,,,,,,,,,,,,,,,,,,,,,,,,,,,,,,,,,,,,,,,,,,,,,,,,,,,,,,,,,,,,,,,,,,,,,,,,,,,,,,,,,,,,,,,,,,,,,,,,,,,,,,,,,,,,,,,,,,,,,,,,,,,,,,,,,,,,,
2023-10-20,2023,False,scl3x3_b1_w8_centernotbad_p0_class2zero_v1,no_representative_frozen_scl_gate_failed,no_l2a_representative_for_date,no_frozen_representative_l2a_product_for_date,,,,,,,,,,,,,,,,,,,,,,,,,,,,,,,,,,,,,,,,,,,,,,,,,,,,,,,,,,,,,,,,,,,,,,,,,,,,,,,,,,,,,,,,,,,,,,,,,,,,,,,,,,,,,,,,,,,,,,,,,,,,,,,,,,,,,,,,,,,,,,,,,,,,,,,,,,,,,,,,,,,,,,,,,,,,,,,,,,,,,,,,,,,,,,,,,,,,,,,,,,,,,,,,,,,,,,
2023-10-23,2023,False,scl3x3_b1_w8_centernotbad_p0_class2zero_v1,no_representative_frozen_scl_gate_failed,no_l2a_representative_for_date,no_frozen_representative_l2a_product_for_date,,,,,,,,,,,,,,,,,,,,,,,,,,,,,,,,,,,,,,,,,,,,,,,,,,,,,,,,,,,,,,,,,,,,,,,,,,,,,,,,,,,,,,,,,,,,,,,,,,,,,,,,,,,,,,,,,,,,,,,,,,,,,,,,,,,,,,,,,,,,,,,,,,,,,,,,,,,,,,,,,,,,,,,,,,,,,,,,,,,,,,,,,,,,,,,,,,,,,,,,,,,,,,,,,,,,,,
2023-10-25,2023,False,scl3x3_b1_w8_centernotbad_p0_class2zero_v1,no_representative_frozen_scl_gate_failed,no_l2a_representative_for_date,no_frozen_representative_l2a_product_for_date,,,,,,,,,,,,,,,,,,,,,,,,,,,,,,,,,,,,,,,,,,,,,,,,,,,,,,,,,,,,,,,,,,,,,,,,,,,,,,,,,,,,,,,,,,,,,,,,,,,,,,,,,,,,,,,,,,,,,,,,,,,,,,,,,,,,,,,,,,,,,,,,,,,,,,,,,,,,,,,,,,,,,,,,,,,,,,,,,,,,,,,,,,,,,,,,,,,,,,,,,,,,,,,,,,,,,,
2023-10-28,2023,False,scl3x3_b1_w8_centernotbad_p0_class2zero_v1,no_representative_frozen_scl_gate_failed,no_l2a_representative_for_date,no_frozen_representative_l2a_product_for_date,,,,,,,,,,,,,,,,,,,,,,,,,,,,,,,,,,,,,,,,,,,,,,,,,,,,,,,,,,,,,,,,,,,,,,,,,,,,,,,,,,,,,,,,,,,,,,,,,,,,,,,,,,,,,,,,,,,,,,,,,,,,,,,,,,,,,,,,,,,,,,,,,,,,,,,,,,,,,,,,,,,,,,,,,,,,,,,,,,,,,,,,,,,,,,,,,,,,,,,,,,,,,,,,,,,,,,
2023-10-30,2023,False,scl3x3_b1_w8_centernotbad_p0_class2zero_v1,no_representative_frozen_scl_gate_failed,no_l2a_representative_for_date,no_frozen_representative_l2a_product_for_date,,,,,,,,,,,,,,,,,,,,,,,,,,,,,,,,,,,,,,,,,,,,,,,,,,,,,,,,,,,,,,,,,,,,,,,,,,,,,,,,,,,,,,,,,,,,,,,,,,,,,,,,,,,,,,,,,,,,,,,,,,,,,,,,,,,,,,,,,,,,,,,,,,,,,,,,,,,,,,,,,,,,,,,,,,,,,,,,,,,,,,,,,,,,,,,,,,,,,,,,,,,,,,,,,,,,,,
2023-11-02,2023,False,scl3x3_b1_w8_centernotbad_p0_class2zero_v1,no_representative_frozen_scl_gate_failed,no_l2a_representative_for_date,no_frozen_representative_l2a_product_for_date,,,,,,,,,,,,,,,,,,,,,,,,,,,,,,,,,,,,,,,,,,,,,,,,,,,,,,,,,,,,,,,,,,,,,,,,,,,,,,,,,,,,,,,,,,,,,,,,,,,,,,,,,,,,,,,,,,,,,,,,,,,,,,,,,,,,,,,,,,,,,,,,,,,,,,,,,,,,,,,,,,,,,,,,,,,,,,,,,,,,,,,,,,,,,,,,,,,,,,,,,,,,,,,,,,,,,,
2023-11-04,2023,False,scl3x3_b1_w8_centernotbad_p0_class2zero_v1,no_representative_frozen_scl_gate_failed,no_l2a_representative_for_date,no_frozen_representative_l2a_product_for_date,,,,,,,,,,,,,,,,,,,,,,,,,,,,,,,,,,,,,,,,,,,,,,,,,,,,,,,,,,,,,,,,,,,,,,,,,,,,,,,,,,,,,,,,,,,,,,,,,,,,,,,,,,,,,,,,,,,,,,,,,,,,,,,,,,,,,,,,,,,,,,,,,,,,,,,,,,,,,,,,,,,,,,,,,,,,,,,,,,,,,,,,,,,,,,,,,,,,,,,,,,,,,,,,,,,,,,
2023-11-07,2023,False,scl3x3_b1_w8_centernotbad_p0_class2zero_v1,no_representative_frozen_scl_gate_failed,no_l2a_representative_for_date,no_frozen_representative_l2a_product_for_date,,,,,,,,,,,,,,,,,,,,,,,,,,,,,,,,,,,,,,,,,,,,,,,,,,,,,,,,,,,,,,,,,,,,,,,,,,,,,,,,,,,,,,,,,,,,,,,,,,,,,,,,,,,,,,,,,,,,,,,,,,,,,,,,,,,,,,,,,,,,,,,,,,,,,,,,,,,,,,,,,,,,,,,,,,,,,,,,,,,,,,,,,,,,,,,,,,,,,,,,,,,,,,,,,,,,,,
2023-11-09,2023,False,scl3x3_b1_w8_centernotbad_p0_class2zero_v1,no_representative_frozen_scl_gate_failed,no_l2a_representative_for_date,no_frozen_representative_l2a_product_for_date,,,,,,,,,,,,,,,,,,,,,,,,,,,,,,,,,,,,,,,,,,,,,,,,,,,,,,,,,,,,,,,,,,,,,,,,,,,,,,,,,,,,,,,,,,,,,,,,,,,,,,,,,,,,,,,,,,,,,,,,,,,,,,,,,,,,,,,,,,,,,,,,,,,,,,,,,,,,,,,,,,,,,,,,,,,,,,,,,,,,,,,,,,,,,,,,,,,,,,,,,,,,,,,,,,,,,,
2023-11-12,2023,False,scl3x3_b1_w8_centernotbad_p0_class2zero_v1,no_representative_frozen_scl_gate_failed,no_l2a_representative_for_date,no_frozen_representative_l2a_product_for_date,,,,,,,,,,,,,,,,,,,,,,,,,,,,,,,,,,,,,,,,,,,,,,,,,,,,,,,,,,,,,,,,,,,,,,,,,,,,,,,,,,,,,,,,,,,,,,,,,,,,,,,,,,,,,,,,,,,,,,,,,,,,,,,,,,,,,,,,,,,,,,,,,,,,,,,,,,,,,,,,,,,,,,,,,,,,,,,,,,,,,,,,,,,,,,,,,,,,,,,,,,,,,,,,,,,,,,
2023-11-14,2023,False,scl3x3_b1_w8_centernotbad_p0_class2zero_v1,no_representative_frozen_scl_gate_failed,no_l2a_representative_for_date,no_frozen_representative_l2a_product_for_date,,,,,,,,,,,,,,,,,,,,,,,,,,,,,,,,,,,,,,,,,,,,,,,,,,,,,,,,,,,,,,,,,,,,,,,,,,,,,,,,,,,,,,,,,,,,,,,,,,,,,,,,,,,,,,,,,,,,,,,,,,,,,,,,,,,,,,,,,,,,,,,,,,,,,,,,,,,,,,,,,,,,,,,,,,,,,,,,,,,,,,,,,,,,,,,,,,,,,,,,,,,,,,,,,,,,,,
2023-11-17,2023,False,scl3x3_b1_w8_centernotbad_p0_class2zero_v1,no_representative_frozen_scl_gate_failed,no_l2a_representative_for_date,no_frozen_representative_l2a_product_for_date,,,,,,,,,,,,,,,,,,,,,,,,,,,,,,,,,,,,,,,,,,,,,,,,,,,,,,,,,,,,,,,,,,,,,,,,,,,,,,,,,,,,,,,,,,,,,,,,,,,,,,,,,,,,,,,,,,,,,,,,,,,,,,,,,,,,,,,,,,,,,,,,,,,,,,,,,,,,,,,,,,,,,,,,,,,,,,,,,,,,,,,,,,,,,,,,,,,,,,,,,,,,,,,,,,,,,,
2023-11-19,2023,False,scl3x3_b1_w8_centernotbad_p0_class2zero_v1,no_representative_frozen_scl_gate_failed,no_l2a_representative_for_date,no_frozen_representative_l2a_product_for_date,,,,,,,,,,,,,,,,,,,,,,,,,,,,,,,,,,,,,,,,,,,,,,,,,,,,,,,,,,,,,,,,,,,,,,,,,,,,,,,,,,,,,,,,,,,,,,,,,,,,,,,,,,,,,,,,,,,,,,,,,,,,,,,,,,,,,,,,,,,,,,,,,,,,,,,,,,,,,,,,,,,,,,,,,,,,,,,,,,,,,,,,,,,,,,,,,,,,,,,,,,,,,,,,,,,,,,
2023-11-22,2023,False,scl3x3_b1_w8_centernotbad_p0_class2zero_v1,no_representative_frozen_scl_gate_failed,no_l2a_representative_for_date,no_frozen_representative_l2a_product_for_date,,,,,,,,,,,,,,,,,,,,,,,,,,,,,,,,,,,,,,,,,,,,,,,,,,,,,,,,,,,,,,,,,,,,,,,,,,,,,,,,,,,,,,,,,,,,,,,,,,,,,,,,,,,,,,,,,,,,,,,,,,,,,,,,,,,,,,,,,,,,,,,,,,,,,,,,,,,,,,,,,,,,,,,,,,,,,,,,,,,,,,,,,,,,,,,,,,,,,,,,,,,,,,,,,,,,,,
2023-11-24,2023,False,scl3x3_b1_w8_centernotbad_p0_class2zero_v1,no_representative_frozen_scl_gate_failed,no_l2a_representative_for_date,no_frozen_representative_l2a_product_for_date,,,,,,,,,,,,,,,,,,,,,,,,,,,,,,,,,,,,,,,,,,,,,,,,,,,,,,,,,,,,,,,,,,,,,,,,,,,,,,,,,,,,,,,,,,,,,,,,,,,,,,,,,,,,,,,,,,,,,,,,,,,,,,,,,,,,,,,,,,,,,,,,,,,,,,,,,,,,,,,,,,,,,,,,,,,,,,,,,,,,,,,,,,,,,,,,,,,,,,,,,,,,,,,,,,,,,,
2023-11-27,2023,False,scl3x3_b1_w8_centernotbad_p0_class2zero_v1,no_representative_frozen_scl_gate_failed,no_l2a_representative_for_date,no_frozen_representative_l2a_product_for_date,,,,,,,,,,,,,,,,,,,,,,,,,,,,,,,,,,,,,,,,,,,,,,,,,,,,,,,,,,,,,,,,,,,,,,,,,,,,,,,,,,,,,,,,,,,,,,,,,,,,,,,,,,,,,,,,,,,,,,,,,,,,,,,,,,,,,,,,,,,,,,,,,,,,,,,,,,,,,,,,,,,,,,,,,,,,,,,,,,,,,,,,,,,,,,,,,,,,,,,,,,,,,,,,,,,,,,
2023-12-07,2023,False,scl3x3_b1_w8_centernotbad_p0_class2zero_v1,no_representative_frozen_scl_gate_failed,no_l2a_representative_for_date,no_frozen_representative_l2a_product_for_date,,,,,,,,,,,,,,,,,,,,,,,,,,,,,,,,,,,,,,,,,,,,,,,,,,,,,,,,,,,,,,,,,,,,,,,,,,,,,,,,,,,,,,,,,,,,,,,,,,,,,,,,,,,,,,,,,,,,,,,,,,,,,,,,,,,,,,,,,,,,,,,,,,,,,,,,,,,,,,,,,,,,,,,,,,,,,,,,,,,,,,,,,,,,,,,,,,,,,,,,,,,,,,,,,,,,,,
2023-12-14,2023,False,scl3x3_b1_w8_centernotbad_p0_class2zero_v1,no_representative_frozen_scl_gate_failed,no_l2a_representative_for_date,no_frozen_representative_l2a_product_for_date,,,,,,,,,,,,,,,,,,,,,,,,,,,,,,,,,,,,,,,,,,,,,,,,,,,,,,,,,,,,,,,,,,,,,,,,,,,,,,,,,,,,,,,,,,,,,,,,,,,,,,,,,,,,,,,,,,,,,,,,,,,,,,,,,,,,,,,,,,,,,,,,,,,,,,,,,,,,,,,,,,,,,,,,,,,,,,,,,,,,,,,,,,,,,,,,,,,,,,,,,,,,,,,,,,,,,,
2023-12-17,2023,False,scl3x3_b1_w8_centernotbad_p0_class2zero_v1,no_representative_frozen_scl_gate_failed,no_l2a_representative_for_date,no_frozen_representative_l2a_product_for_date,,,,,,,,,,,,,,,,,,,,,,,,,,,,,,,,,,,,,,,,,,,,,,,,,,,,,,,,,,,,,,,,,,,,,,,,,,,,,,,,,,,,,,,,,,,,,,,,,,,,,,,,,,,,,,,,,,,,,,,,,,,,,,,,,,,,,,,,,,,,,,,,,,,,,,,,,,,,,,,,,,,,,,,,,,,,,,,,,,,,,,,,,,,,,,,,,,,,,,,,,,,,,,,,,,,,,,
2023-12-24,2023,False,scl3x3_b1_w8_centernotbad_p0_class2zero_v1,no_representative_frozen_scl_gate_failed,no_l2a_representative_for_date,no_frozen_representative_l2a_product_for_date,,,,,,,,,,,,,,,,,,,,,,,,,,,,,,,,,,,,,,,,,,,,,,,,,,,,,,,,,,,,,,,,,,,,,,,,,,,,,,,,,,,,,,,,,,,,,,,,,,,,,,,,,,,,,,,,,,,,,,,,,,,,,,,,,,,,,,,,,,,,,,,,,,,,,,,,,,,,,,,,,,,,,,,,,,,,,,,,,,,,,,,,,,,,,,,,,,,,,,,,,,,,,,,,,,,,,,
2023-12-27,2023,False,scl3x3_b1_w8_centernotbad_p0_class2zero_v1,no_representative_frozen_scl_gate_failed,no_l2a_representative_for_date,no_frozen_representative_l2a_product_for_date,,,,,,,,,,,,,,,,,,,,,,,,,,,,,,,,,,,,,,,,,,,,,,,,,,,,,,,,,,,,,,,,,,,,,,,,,,,,,,,,,,,,,,,,,,,,,,,,,,,,,,,,,,,,,,,,,,,,,,,,,,,,,,,,,,,,,,,,,,,,,,,,,,,,,,,,,,,,,,,,,,,,,,,,,,,,,,,,,,,,,,,,,,,,,,,,,,,,,,,,,,,,,,,,,,,,,,
2024-01-03,2024,False,scl3x3_b1_w8_centernotbad_p0_class2zero_v1,no_representative_frozen_scl_gate_failed,no_l2a_representative_for_date,no_frozen_representative_l2a_product_for_date,,,,,,,,,,,,,,,,,,,,,,,,,,,,,,,,,,,,,,,,,,,,,,,,,,,,,,,,,,,,,,,,,,,,,,,,,,,,,,,,,,,,,,,,,,,,,,,,,,,,,,,,,,,,,,,,,,,,,,,,,,,,,,,,,,,,,,,,,,,,,,,,,,,,,,,,,,,,,,,,,,,,,,,,,,,,,,,,,,,,,,,,,,,,,,,,,,,,,,,,,,,,,,,,,,,,,,
2024-01-06,2024,False,scl3x3_b1_w8_centernotbad_p0_class2zero_v1,no_representative_frozen_scl_gate_failed,no_l2a_representative_for_date,no_frozen_representative_l2a_product_for_date,,,,,,,,,,,,,,,,,,,,,,,,,,,,,,,,,,,,,,,,,,,,,,,,,,,,,,,,,,,,,,,,,,,,,,,,,,,,,,,,,,,,,,,,,,,,,,,,,,,,,,,,,,,,,,,,,,,,,,,,,,,,,,,,,,,,,,,,,,,,,,,,,,,,,,,,,,,,,,,,,,,,,,,,,,,,,,,,,,,,,,,,,,,,,,,,,,,,,,,,,,,,,,,,,,,,,,
2024-01-13,2024,False,scl3x3_b1_w8_centernotbad_p0_class2zero_v1,no_representative_frozen_scl_gate_failed,no_l2a_representative_for_date,no_frozen_representative_l2a_product_for_date,,,,,,,,,,,,,,,,,,,,,,,,,,,,,,,,,,,,,,,,,,,,,,,,,,,,,,,,,,,,,,,,,,,,,,,,,,,,,,,,,,,,,,,,,,,,,,,,,,,,,,,,,,,,,,,,,,,,,,,,,,,,,,,,,,,,,,,,,,,,,,,,,,,,,,,,,,,,,,,,,,,,,,,,,,,,,,,,,,,,,,,,,,,,,,,,,,,,,,,,,,,,,,,,,,,,,,
2024-01-16,2024,False,scl3x3_b1_w8_centernotbad_p0_class2zero_v1,no_representative_frozen_scl_gate_failed,no_l2a_representative_for_date,no_frozen_representative_l2a_product_for_date,,,,,,,,,,,,,,,,,,,,,,,,,,,,,,,,,,,,,,,,,,,,,,,,,,,,,,,,,,,,,,,,,,,,,,,,,,,,,,,,,,,,,,,,,,,,,,,,,,,,,,,,,,,,,,,,,,,,,,,,,,,,,,,,,,,,,,,,,,,,,,,,,,,,,,,,,,,,,,,,,,,,,,,,,,,,,,,,,,,,,,,,,,,,,,,,,,,,,,,,,,,,,,,,,,,,,,
2024-01-18,2024,False,scl3x3_b1_w8_centernotbad_p0_class2zero_v1,no_representative_frozen_scl_gate_failed,no_l2a_representative_for_date,no_frozen_representative_l2a_product_for_date,,,,,,,,,,,,,,,,,,,,,,,,,,,,,,,,,,,,,,,,,,,,,,,,,,,,,,,,,,,,,,,,,,,,,,,,,,,,,,,,,,,,,,,,,,,,,,,,,,,,,,,,,,,,,,,,,,,,,,,,,,,,,,,,,,,,,,,,,,,,,,,,,,,,,,,,,,,,,,,,,,,,,,,,,,,,,,,,,,,,,,,,,,,,,,,,,,,,,,,,,,,,,,,,,,,,,,
2024-01-21,2024,False,scl3x3_b1_w8_centernotbad_p0_class2zero_v1,no_representative_frozen_scl_gate_failed,no_l2a_representative_for_date,no_frozen_representative_l2a_product_for_date,,,,,,,,,,,,,,,,,,,,,,,,,,,,,,,,,,,,,,,,,,,,,,,,,,,,,,,,,,,,,,,,,,,,,,,,,,,,,,,,,,,,,,,,,,,,,,,,,,,,,,,,,,,,,,,,,,,,,,,,,,,,,,,,,,,,,,,,,,,,,,,,,,,,,,,,,,,,,,,,,,,,,,,,,,,,,,,,,,,,,,,,,,,,,,,,,,,,,,,,,,,,,,,,,,,,,,
2024-01-23,2024,False,scl3x3_b1_w8_centernotbad_p0_class2zero_v1,no_representative_frozen_scl_gate_failed,no_l2a_representative_for_date,no_frozen_representative_l2a_product_for_date,,,,,,,,,,,,,,,,,,,,,,,,,,,,,,,,,,,,,,,,,,,,,,,,,,,,,,,,,,,,,,,,,,,,,,,,,,,,,,,,,,,,,,,,,,,,,,,,,,,,,,,,,,,,,,,,,,,,,,,,,,,,,,,,,,,,,,,,,,,,,,,,,,,,,,,,,,,,,,,,,,,,,,,,,,,,,,,,,,,,,,,,,,,,,,,,,,,,,,,,,,,,,,,,,,,,,,
2024-01-26,2024,False,scl3x3_b1_w8_centernotbad_p0_class2zero_v1,no_representative_frozen_scl_gate_failed,no_l2a_representative_for_date,no_frozen_representative_l2a_product_for_date,,,,,,,,,,,,,,,,,,,,,,,,,,,,,,,,,,,,,,,,,,,,,,,,,,,,,,,,,,,,,,,,,,,,,,,,,,,,,,,,,,,,,,,,,,,,,,,,,,,,,,,,,,,,,,,,,,,,,,,,,,,,,,,,,,,,,,,,,,,,,,,,,,,,,,,,,,,,,,,,,,,,,,,,,,,,,,,,,,,,,,,,,,,,,,,,,,,,,,,,,,,,,,,,,,,,,,
2024-01-28,2024,False,scl3x3_b1_w8_centernotbad_p0_class2zero_v1,no_representative_frozen_scl_gate_failed,no_l2a_representative_for_date,no_frozen_representative_l2a_product_for_date,,,,,,,,,,,,,,,,,,,,,,,,,,,,,,,,,,,,,,,,,,,,,,,,,,,,,,,,,,,,,,,,,,,,,,,,,,,,,,,,,,,,,,,,,,,,,,,,,,,,,,,,,,,,,,,,,,,,,,,,,,,,,,,,,,,,,,,,,,,,,,,,,,,,,,,,,,,,,,,,,,,,,,,,,,,,,,,,,,,,,,,,,,,,,,,,,,,,,,,,,,,,,,,,,,,,,,
2024-01-31,2024,False,scl3x3_b1_w8_centernotbad_p0_class2zero_v1,no_representative_frozen_scl_gate_failed,no_l2a_representative_for_date,no_frozen_representative_l2a_product_for_date,,,,,,,,,,,,,,,,,,,,,,,,,,,,,,,,,,,,,,,,,,,,,,,,,,,,,,,,,,,,,,,,,,,,,,,,,,,,,,,,,,,,,,,,,,,,,,,,,,,,,,,,,,,,,,,,,,,,,,,,,,,,,,,,,,,,,,,,,,,,,,,,,,,,,,,,,,,,,,,,,,,,,,,,,,,,,,,,,,,,,,,,,,,,,,,,,,,,,,,,,,,,,,,,,,,,,,
2024-02-02,2024,False,scl3x3_b1_w8_centernotbad_p0_class2zero_v1,no_representative_frozen_scl_gate_failed,no_l2a_representative_for_date,no_frozen_representative_l2a_product_for_date,,,,,,,,,,,,,,,,,,,,,,,,,,,,,,,,,,,,,,,,,,,,,,,,,,,,,,,,,,,,,,,,,,,,,,,,,,,,,,,,,,,,,,,,,,,,,,,,,,,,,,,,,,,,,,,,,,,,,,,,,,,,,,,,,,,,,,,,,,,,,,,,,,,,,,,,,,,,,,,,,,,,,,,,,,,,,,,,,,,,,,,,,,,,,,,,,,,,,,,,,,,,,,,,,,,,,,
2024-02-05,2024,False,scl3x3_b1_w8_centernotbad_p0_class2zero_v1,no_representative_frozen_scl_gate_failed,no_l2a_representative_for_date,no_frozen_representative_l2a_product_for_date,,,,,,,,,,,,,,,,,,,,,,,,,,,,,,,,,,,,,,,,,,,,,,,,,,,,,,,,,,,,,,,,,,,,,,,,,,,,,,,,,,,,,,,,,,,,,,,,,,,,,,,,,,,,,,,,,,,,,,,,,,,,,,,,,,,,,,,,,,,,,,,,,,,,,,,,,,,,,,,,,,,,,,,,,,,,,,,,,,,,,,,,,,,,,,,,,,,,,,,,,,,,,,,,,,,,,,
2024-02-07,2024,False,scl3x3_b1_w8_centernotbad_p0_class2zero_v1,no_representative_frozen_scl_gate_failed,no_l2a_representative_for_date,no_frozen_representative_l2a_product_for_date,,,,,,,,,,,,,,,,,,,,,,,,,,,,,,,,,,,,,,,,,,,,,,,,,,,,,,,,,,,,,,,,,,,,,,,,,,,,,,,,,,,,,,,,,,,,,,,,,,,,,,,,,,,,,,,,,,,,,,,,,,,,,,,,,,,,,,,,,,,,,,,,,,,,,,,,,,,,,,,,,,,,,,,,,,,,,,,,,,,,,,,,,,,,,,,,,,,,,,,,,,,,,,,,,,,,,,
2024-02-10,2024,False,scl3x3_b1_w8_centernotbad_p0_class2zero_v1,no_representative_frozen_scl_gate_failed,no_l2a_representative_for_date,no_frozen_representative_l2a_product_for_date,,,,,,,,,,,,,,,,,,,,,,,,,,,,,,,,,,,,,,,,,,,,,,,,,,,,,,,,,,,,,,,,,,,,,,,,,,,,,,,,,,,,,,,,,,,,,,,,,,,,,,,,,,,,,,,,,,,,,,,,,,,,,,,,,,,,,,,,,,,,,,,,,,,,,,,,,,,,,,,,,,,,,,,,,,,,,,,,,,,,,,,,,,,,,,,,,,,,,,,,,,,,,,,,,,,,,,
2024-02-12,2024,False,scl3x3_b1_w8_centernotbad_p0_class2zero_v1,no_representative_frozen_scl_gate_failed,no_l2a_representative_for_date,no_frozen_representative_l2a_product_for_date,,,,,,,,,,,,,,,,,,,,,,,,,,,,,,,,,,,,,,,,,,,,,,,,,,,,,,,,,,,,,,,,,,,,,,,,,,,,,,,,,,,,,,,,,,,,,,,,,,,,,,,,,,,,,,,,,,,,,,,,,,,,,,,,,,,,,,,,,,,,,,,,,,,,,,,,,,,,,,,,,,,,,,,,,,,,,,,,,,,,,,,,,,,,,,,,,,,,,,,,,,,,,,,,,,,,,,
2024-02-15,2024,False,scl3x3_b1_w8_centernotbad_p0_class2zero_v1,no_representative_frozen_scl_gate_failed,no_l2a_representative_for_date,no_frozen_representative_l2a_product_for_date,,,,,,,,,,,,,,,,,,,,,,,,,,,,,,,,,,,,,,,,,,,,,,,,,,,,,,,,,,,,,,,,,,,,,,,,,,,,,,,,,,,,,,,,,,,,,,,,,,,,,,,,,,,,,,,,,,,,,,,,,,,,,,,,,,,,,,,,,,,,,,,,,,,,,,,,,,,,,,,,,,,,,,,,,,,,,,,,,,,,,,,,,,,,,,,,,,,,,,,,,,,,,,,,,,,,,,
2024-02-17,2024,False,scl3x3_b1_w8_centernotbad_p0_class2zero_v1,no_representative_frozen_scl_gate_failed,no_l2a_representative_for_date,no_frozen_representative_l2a_product_for_date,,,,,,,,,,,,,,,,,,,,,,,,,,,,,,,,,,,,,,,,,,,,,,,,,,,,,,,,,,,,,,,,,,,,,,,,,,,,,,,,,,,,,,,,,,,,,,,,,,,,,,,,,,,,,,,,,,,,,,,,,,,,,,,,,,,,,,,,,,,,,,,,,,,,,,,,,,,,,,,,,,,,,,,,,,,,,,,,,,,,,,,,,,,,,,,,,,,,,,,,,,,,,,,,,,,,,,
2024-02-20,2024,False,scl3x3_b1_w8_centernotbad_p0_class2zero_v1,no_representative_frozen_scl_gate_failed,no_l2a_representative_for_date,no_frozen_representative_l2a_product_for_date,,,,,,,,,,,,,,,,,,,,,,,,,,,,,,,,,,,,,,,,,,,,,,,,,,,,,,,,,,,,,,,,,,,,,,,,,,,,,,,,,,,,,,,,,,,,,,,,,,,,,,,,,,,,,,,,,,,,,,,,,,,,,,,,,,,,,,,,,,,,,,,,,,,,,,,,,,,,,,,,,,,,,,,,,,,,,,,,,,,,,,,,,,,,,,,,,,,,,,,,,,,,,,,,,,,,,,
2024-02-22,2024,False,scl3x3_b1_w8_centernotbad_p0_class2zero_v1,no_representative_frozen_scl_gate_failed,no_l2a_representative_for_date,no_frozen_representative_l2a_product_for_date,,,,,,,,,,,,,,,,,,,,,,,,,,,,,,,,,,,,,,,,,,,,,,,,,,,,,,,,,,,,,,,,,,,,,,,,,,,,,,,,,,,,,,,,,,,,,,,,,,,,,,,,,,,,,,,,,,,,,,,,,,,,,,,,,,,,,,,,,,,,,,,,,,,,,,,,,,,,,,,,,,,,,,,,,,,,,,,,,,,,,,,,,,,,,,,,,,,,,,,,,,,,,,,,,,,,,,
2024-02-25,2024,False,scl3x3_b1_w8_centernotbad_p0_class2zero_v1,no_representative_frozen_scl_gate_failed,no_l2a_representative_for_date,no_frozen_representative_l2a_product_for_date,,,,,,,,,,,,,,,,,,,,,,,,,,,,,,,,,,,,,,,,,,,,,,,,,,,,,,,,,,,,,,,,,,,,,,,,,,,,,,,,,,,,,,,,,,,,,,,,,,,,,,,,,,,,,,,,,,,,,,,,,,,,,,,,,,,,,,,,,,,,,,,,,,,,,,,,,,,,,,,,,,,,,,,,,,,,,,,,,,,,,,,,,,,,,,,,,,,,,,,,,,,,,,,,,,,,,,
2024-02-27,2024,False,scl3x3_b1_w8_centernotbad_p0_class2zero_v1,no_representative_frozen_scl_gate_failed,no_l2a_representative_for_date,no_frozen_representative_l2a_product_for_date,,,,,,,,,,,,,,,,,,,,,,,,,,,,,,,,,,,,,,,,,,,,,,,,,,,,,,,,,,,,,,,,,,,,,,,,,,,,,,,,,,,,,,,,,,,,,,,,,,,,,,,,,,,,,,,,,,,,,,,,,,,,,,,,,,,,,,,,,,,,,,,,,,,,,,,,,,,,,,,,,,,,,,,,,,,,,,,,,,,,,,,,,,,,,,,,,,,,,,,,,,,,,,,,,,,,,,
2024-03-01,2024,False,scl3x3_b1_w8_centernotbad_p0_class2zero_v1,no_representative_frozen_scl_gate_failed,no_l2a_representative_for_date,no_frozen_representative_l2a_product_for_date,,,,,,,,,,,,,,,,,,,,,,,,,,,,,,,,,,,,,,,,,,,,,,,,,,,,,,,,,,,,,,,,,,,,,,,,,,,,,,,,,,,,,,,,,,,,,,,,,,,,,,,,,,,,,,,,,,,,,,,,,,,,,,,,,,,,,,,,,,,,,,,,,,,,,,,,,,,,,,,,,,,,,,,,,,,,,,,,,,,,,,,,,,,,,,,,,,,,,,,,,,,,,,,,,,,,,,
2024-03-03,2024,False,scl3x3_b1_w8_centernotbad_p0_class2zero_v1,no_representative_frozen_scl_gate_failed,no_l2a_representative_for_date,no_frozen_representative_l2a_product_for_date,,,,,,,,,,,,,,,,,,,,,,,,,,,,,,,,,,,,,,,,,,,,,,,,,,,,,,,,,,,,,,,,,,,,,,,,,,,,,,,,,,,,,,,,,,,,,,,,,,,,,,,,,,,,,,,,,,,,,,,,,,,,,,,,,,,,,,,,,,,,,,,,,,,,,,,,,,,,,,,,,,,,,,,,,,,,,,,,,,,,,,,,,,,,,,,,,,,,,,,,,,,,,,,,,,,,,,
2024-03-06,2024,False,scl3x3_b1_w8_centernotbad_p0_class2zero_v1,no_representative_frozen_scl_gate_failed,no_l2a_representative_for_date,no_frozen_representative_l2a_product_for_date,,,,,,,,,,,,,,,,,,,,,,,,,,,,,,,,,,,,,,,,,,,,,,,,,,,,,,,,,,,,,,,,,,,,,,,,,,,,,,,,,,,,,,,,,,,,,,,,,,,,,,,,,,,,,,,,,,,,,,,,,,,,,,,,,,,,,,,,,,,,,,,,,,,,,,,,,,,,,,,,,,,,,,,,,,,,,,,,,,,,,,,,,,,,,,,,,,,,,,,,,,,,,,,,,,,,,,
2024-03-08,2024,False,scl3x3_b1_w8_centernotbad_p0_class2zero_v1,no_representative_frozen_scl_gate_failed,no_l2a_representative_for_date,no_frozen_representative_l2a_product_for_date,,,,,,,,,,,,,,,,,,,,,,,,,,,,,,,,,,,,,,,,,,,,,,,,,,,,,,,,,,,,,,,,,,,,,,,,,,,,,,,,,,,,,,,,,,,,,,,,,,,,,,,,,,,,,,,,,,,,,,,,,,,,,,,,,,,,,,,,,,,,,,,,,,,,,,,,,,,,,,,,,,,,,,,,,,,,,,,,,,,,,,,,,,,,,,,,,,,,,,,,,,,,,,,,,,,,,,
2024-03-11,2024,False,scl3x3_b1_w8_centernotbad_p0_class2zero_v1,no_representative_frozen_scl_gate_failed,no_l2a_representative_for_date,no_frozen_representative_l2a_product_for_date,,,,,,,,,,,,,,,,,,,,,,,,,,,,,,,,,,,,,,,,,,,,,,,,,,,,,,,,,,,,,,,,,,,,,,,,,,,,,,,,,,,,,,,,,,,,,,,,,,,,,,,,,,,,,,,,,,,,,,,,,,,,,,,,,,,,,,,,,,,,,,,,,,,,,,,,,,,,,,,,,,,,,,,,,,,,,,,,,,,,,,,,,,,,,,,,,,,,,,,,,,,,,,,,,,,,,,
2024-03-13,2024,False,scl3x3_b1_w8_centernotbad_p0_class2zero_v1,no_representative_frozen_scl_gate_failed,no_l2a_representative_for_date,no_frozen_representative_l2a_product_for_date,,,,,,,,,,,,,,,,,,,,,,,,,,,,,,,,,,,,,,,,,,,,,,,,,,,,,,,,,,,,,,,,,,,,,,,,,,,,,,,,,,,,,,,,,,,,,,,,,,,,,,,,,,,,,,,,,,,,,,,,,,,,,,,,,,,,,,,,,,,,,,,,,,,,,,,,,,,,,,,,,,,,,,,,,,,,,,,,,,,,,,,,,,,,,,,,,,,,,,,,,,,,,,,,,,,,,,
2024-03-16,2024,False,scl3x3_b1_w8_centernotbad_p0_class2zero_v1,no_representative_frozen_scl_gate_failed,no_l2a_representative_for_date,no_frozen_representative_l2a_product_for_date,,,,,,,,,,,,,,,,,,,,,,,,,,,,,,,,,,,,,,,,,,,,,,,,,,,,,,,,,,,,,,,,,,,,,,,,,,,,,,,,,,,,,,,,,,,,,,,,,,,,,,,,,,,,,,,,,,,,,,,,,,,,,,,,,,,,,,,,,,,,,,,,,,,,,,,,,,,,,,,,,,,,,,,,,,,,,,,,,,,,,,,,,,,,,,,,,,,,,,,,,,,,,,,,,,,,,,
2024-03-18,2024,False,scl3x3_b1_w8_centernotbad_p0_class2zero_v1,no_representative_frozen_scl_gate_failed,no_l2a_representative_for_date,no_frozen_representative_l2a_product_for_date,,,,,,,,,,,,,,,,,,,,,,,,,,,,,,,,,,,,,,,,,,,,,,,,,,,,,,,,,,,,,,,,,,,,,,,,,,,,,,,,,,,,,,,,,,,,,,,,,,,,,,,,,,,,,,,,,,,,,,,,,,,,,,,,,,,,,,,,,,,,,,,,,,,,,,,,,,,,,,,,,,,,,,,,,,,,,,,,,,,,,,,,,,,,,,,,,,,,,,,,,,,,,,,,,,,,,,
2024-03-21,2024,False,scl3x3_b1_w8_centernotbad_p0_class2zero_v1,no_representative_frozen_scl_gate_failed,no_l2a_representative_for_date,no_frozen_representative_l2a_product_for_date,,,,,,,,,,,,,,,,,,,,,,,,,,,,,,,,,,,,,,,,,,,,,,,,,,,,,,,,,,,,,,,,,,,,,,,,,,,,,,,,,,,,,,,,,,,,,,,,,,,,,,,,,,,,,,,,,,,,,,,,,,,,,,,,,,,,,,,,,,,,,,,,,,,,,,,,,,,,,,,,,,,,,,,,,,,,,,,,,,,,,,,,,,,,,,,,,,,,,,,,,,,,,,,,,,,,,,
2024-03-23,2024,False,scl3x3_b1_w8_centernotbad_p0_class2zero_v1,no_representative_frozen_scl_gate_failed,no_l2a_representative_for_date,no_frozen_representative_l2a_product_for_date,,,,,,,,,,,,,,,,,,,,,,,,,,,,,,,,,,,,,,,,,,,,,,,,,,,,,,,,,,,,,,,,,,,,,,,,,,,,,,,,,,,,,,,,,,,,,,,,,,,,,,,,,,,,,,,,,,,,,,,,,,,,,,,,,,,,,,,,,,,,,,,,,,,,,,,,,,,,,,,,,,,,,,,,,,,,,,,,,,,,,,,,,,,,,,,,,,,,,,,,,,,,,,,,,,,,,,
2024-03-26,2024,False,scl3x3_b1_w8_centernotbad_p0_class2zero_v1,no_representative_frozen_scl_gate_failed,no_l2a_representative_for_date,no_frozen_representative_l2a_product_for_date,,,,,,,,,,,,,,,,,,,,,,,,,,,,,,,,,,,,,,,,,,,,,,,,,,,,,,,,,,,,,,,,,,,,,,,,,,,,,,,,,,,,,,,,,,,,,,,,,,,,,,,,,,,,,,,,,,,,,,,,,,,,,,,,,,,,,,,,,,,,,,,,,,,,,,,,,,,,,,,,,,,,,,,,,,,,,,,,,,,,,,,,,,,,,,,,,,,,,,,,,,,,,,,,,,,,,,
2024-03-31,2024,False,scl3x3_b1_w8_centernotbad_p0_class2zero_v1,no_representative_frozen_scl_gate_failed,no_l2a_representative_for_date,no_frozen_representative_l2a_product_for_date,,,,,,,,,,,,,,,,,,,,,,,,,,,,,,,,,,,,,,,,,,,,,,,,,,,,,,,,,,,,,,,,,,,,,,,,,,,,,,,,,,,,,,,,,,,,,,,,,,,,,,,,,,,,,,,,,,,,,,,,,,,,,,,,,,,,,,,,,,,,,,,,,,,,,,,,,,,,,,,,,,,,,,,,,,,,,,,,,,,,,,,,,,,,,,,,,,,,,,,,,,,,,,,,,,,,,,
2024-04-02,2024,False,scl3x3_b1_w8_centernotbad_p0_class2zero_v1,no_representative_frozen_scl_gate_failed,no_l2a_representative_for_date,no_frozen_representative_l2a_product_for_date,,,,,,,,,,,,,,,,,,,,,,,,,,,,,,,,,,,,,,,,,,,,,,,,,,,,,,,,,,,,,,,,,,,,,,,,,,,,,,,,,,,,,,,,,,,,,,,,,,,,,,,,,,,,,,,,,,,,,,,,,,,,,,,,,,,,,,,,,,,,,,,,,,,,,,,,,,,,,,,,,,,,,,,,,,,,,,,,,,,,,,,,,,,,,,,,,,,,,,,,,,,,,,,,,,,,,,
2024-04-05,2024,False,scl3x3_b1_w8_centernotbad_p0_class2zero_v1,no_representative_frozen_scl_gate_failed,no_l2a_representative_for_date,no_frozen_representative_l2a_product_for_date,,,,,,,,,,,,,,,,,,,,,,,,,,,,,,,,,,,,,,,,,,,,,,,,,,,,,,,,,,,,,,,,,,,,,,,,,,,,,,,,,,,,,,,,,,,,,,,,,,,,,,,,,,,,,,,,,,,,,,,,,,,,,,,,,,,,,,,,,,,,,,,,,,,,,,,,,,,,,,,,,,,,,,,,,,,,,,,,,,,,,,,,,,,,,,,,,,,,,,,,,,,,,,,,,,,,,,
2024-04-07,2024,False,scl3x3_b1_w8_centernotbad_p0_class2zero_v1,no_representative_frozen_scl_gate_failed,no_l2a_representative_for_date,no_frozen_representative_l2a_product_for_date,,,,,,,,,,,,,,,,,,,,,,,,,,,,,,,,,,,,,,,,,,,,,,,,,,,,,,,,,,,,,,,,,,,,,,,,,,,,,,,,,,,,,,,,,,,,,,,,,,,,,,,,,,,,,,,,,,,,,,,,,,,,,,,,,,,,,,,,,,,,,,,,,,,,,,,,,,,,,,,,,,,,,,,,,,,,,,,,,,,,,,,,,,,,,,,,,,,,,,,,,,,,,,,,,,,,,,
2024-04-10,2024,False,scl3x3_b1_w8_centernotbad_p0_class2zero_v1,no_representative_frozen_scl_gate_failed,no_l2a_representative_for_date,no_frozen_representative_l2a_product_for_date,,,,,,,,,,,,,,,,,,,,,,,,,,,,,,,,,,,,,,,,,,,,,,,,,,,,,,,,,,,,,,,,,,,,,,,,,,,,,,,,,,,,,,,,,,,,,,,,,,,,,,,,,,,,,,,,,,,,,,,,,,,,,,,,,,,,,,,,,,,,,,,,,,,,,,,,,,,,,,,,,,,,,,,,,,,,,,,,,,,,,,,,,,,,,,,,,,,,,,,,,,,,,,,,,,,,,,
2024-04-12,2024,False,scl3x3_b1_w8_centernotbad_p0_class2zero_v1,no_representative_frozen_scl_gate_failed,no_l2a_representative_for_date,no_frozen_representative_l2a_product_for_date,,,,,,,,,,,,,,,,,,,,,,,,,,,,,,,,,,,,,,,,,,,,,,,,,,,,,,,,,,,,,,,,,,,,,,,,,,,,,,,,,,,,,,,,,,,,,,,,,,,,,,,,,,,,,,,,,,,,,,,,,,,,,,,,,,,,,,,,,,,,,,,,,,,,,,,,,,,,,,,,,,,,,,,,,,,,,,,,,,,,,,,,,,,,,,,,,,,,,,,,,,,,,,,,,,,,,,
2024-04-15,2024,False,scl3x3_b1_w8_centernotbad_p0_class2zero_v1,no_representative_frozen_scl_gate_failed,no_l2a_representative_for_date,no_frozen_representative_l2a_product_for_date,,,,,,,,,,,,,,,,,,,,,,,,,,,,,,,,,,,,,,,,,,,,,,,,,,,,,,,,,,,,,,,,,,,,,,,,,,,,,,,,,,,,,,,,,,,,,,,,,,,,,,,,,,,,,,,,,,,,,,,,,,,,,,,,,,,,,,,,,,,,,,,,,,,,,,,,,,,,,,,,,,,,,,,,,,,,,,,,,,,,,,,,,,,,,,,,,,,,,,,,,,,,,,,,,,,,,,
2024-04-20,2024,False,scl3x3_b1_w8_centernotbad_p0_class2zero_v1,no_representative_frozen_scl_gate_failed,no_l2a_representative_for_date,no_frozen_representative_l2a_product_for_date,,,,,,,,,,,,,,,,,,,,,,,,,,,,,,,,,,,,,,,,,,,,,,,,,,,,,,,,,,,,,,,,,,,,,,,,,,,,,,,,,,,,,,,,,,,,,,,,,,,,,,,,,,,,,,,,,,,,,,,,,,,,,,,,,,,,,,,,,,,,,,,,,,,,,,,,,,,,,,,,,,,,,,,,,,,,,,,,,,,,,,,,,,,,,,,,,,,,,,,,,,,,,,,,,,,,,,
2024-04-22,2024,False,scl3x3_b1_w8_centernotbad_p0_class2zero_v1,no_representative_frozen_scl_gate_failed,no_l2a_representative_for_date,no_frozen_representative_l2a_product_for_date,,,,,,,,,,,,,,,,,,,,,,,,,,,,,,,,,,,,,,,,,,,,,,,,,,,,,,,,,,,,,,,,,,,,,,,,,,,,,,,,,,,,,,,,,,,,,,,,,,,,,,,,,,,,,,,,,,,,,,,,,,,,,,,,,,,,,,,,,,,,,,,,,,,,,,,,,,,,,,,,,,,,,,,,,,,,,,,,,,,,,,,,,,,,,,,,,,,,,,,,,,,,,,,,,,,,,,
2024-04-25,2024,False,scl3x3_b1_w8_centernotbad_p0_class2zero_v1,no_representative_frozen_scl_gate_failed,no_l2a_representative_for_date,no_frozen_representative_l2a_product_for_date,,,,,,,,,,,,,,,,,,,,,,,,,,,,,,,,,,,,,,,,,,,,,,,,,,,,,,,,,,,,,,,,,,,,,,,,,,,,,,,,,,,,,,,,,,,,,,,,,,,,,,,,,,,,,,,,,,,,,,,,,,,,,,,,,,,,,,,,,,,,,,,,,,,,,,,,,,,,,,,,,,,,,,,,,,,,,,,,,,,,,,,,,,,,,,,,,,,,,,,,,,,,,,,,,,,,,,
2024-04-27,2024,False,scl3x3_b1_w8_centernotbad_p0_class2zero_v1,no_representative_frozen_scl_gate_failed,no_l2a_representative_for_date,no_frozen_representative_l2a_product_for_date,,,,,,,,,,,,,,,,,,,,,,,,,,,,,,,,,,,,,,,,,,,,,,,,,,,,,,,,,,,,,,,,,,,,,,,,,,,,,,,,,,,,,,,,,,,,,,,,,,,,,,,,,,,,,,,,,,,,,,,,,,,,,,,,,,,,,,,,,,,,,,,,,,,,,,,,,,,,,,,,,,,,,,,,,,,,,,,,,,,,,,,,,,,,,,,,,,,,,,,,,,,,,,,,,,,,,,
2024-04-30,2024,False,scl3x3_b1_w8_centernotbad_p0_class2zero_v1,no_representative_frozen_scl_gate_failed,no_l2a_representative_for_date,no_frozen_representative_l2a_product_for_date,,,,,,,,,,,,,,,,,,,,,,,,,,,,,,,,,,,,,,,,,,,,,,,,,,,,,,,,,,,,,,,,,,,,,,,,,,,,,,,,,,,,,,,,,,,,,,,,,,,,,,,,,,,,,,,,,,,,,,,,,,,,,,,,,,,,,,,,,,,,,,,,,,,,,,,,,,,,,,,,,,,,,,,,,,,,,,,,,,,,,,,,,,,,,,,,,,,,,,,,,,,,,,,,,,,,,,
2024-05-02,2024,False,scl3x3_b1_w8_centernotbad_p0_class2zero_v1,no_representative_frozen_scl_gate_failed,no_l2a_representative_for_date,no_frozen_representative_l2a_product_for_date,,,,,,,,,,,,,,,,,,,,,,,,,,,,,,,,,,,,,,,,,,,,,,,,,,,,,,,,,,,,,,,,,,,,,,,,,,,,,,,,,,,,,,,,,,,,,,,,,,,,,,,,,,,,,,,,,,,,,,,,,,,,,,,,,,,,,,,,,,,,,,,,,,,,,,,,,,,,,,,,,,,,,,,,,,,,,,,,,,,,,,,,,,,,,,,,,,,,,,,,,,,,,,,,,,,,,,
2024-05-05,2024,False,scl3x3_b1_w8_centernotbad_p0_class2zero_v1,no_representative_frozen_scl_gate_failed,no_l2a_representative_for_date,no_frozen_representative_l2a_product_for_date,,,,,,,,,,,,,,,,,,,,,,,,,,,,,,,,,,,,,,,,,,,,,,,,,,,,,,,,,,,,,,,,,,,,,,,,,,,,,,,,,,,,,,,,,,,,,,,,,,,,,,,,,,,,,,,,,,,,,,,,,,,,,,,,,,,,,,,,,,,,,,,,,,,,,,,,,,,,,,,,,,,,,,,,,,,,,,,,,,,,,,,,,,,,,,,,,,,,,,,,,,,,,,,,,,,,,,
2024-05-10,2024,True,scl3x3_b1_w8_centernotbad_p0_class2zero_v1,frozen_representative,exact_unique,no_valid_pixels_after_qa_in_frozen_3x3_window,L2A,S2A_MSIL2A_20240510T102021_N0510_R065_T34VCM_20240510T142253,2024-05-10T10:20:21Z,S2A,T34VCM,65,N0510,2024-05-10T14:22:53Z,False,10000.0,MTD_MSIL2A.xml,N0510,product_metadata_PROCESSING_BASELINE,True,3,product_spectral_information_list,-1000.0,product_offset_list,(DN + -1000) / 10000,664.6,4,product_spectral_information_list,-1000.0,product_offset_list,(DN + -1000) / 10000,704.1,5,product_spectral_information_list,-1000.0,product_offset_list,(DN + -1000) / 10000,740.5,EPSG:32634,20.0,0.0,300000.0,0.0,-20.0,6700020.0,5490,5490,20.0,20.0,3200,3347,True,GRANULE/L2A_T34VCM_A046394_20240510T102024/IMG_DATA/R20m/T34VCM_20240510T102021_B04_20m.jp2,20.0,native_target_grid,0,0,0,0.02151111111111111,GRANULE/L2A_T34VCM_A046394_20240510T102024/IMG_DATA/R20m/T34VCM_20240510T102021_B05_20m.jp2,20.0,native_target_grid,0,0,0,0.02233333333333333,GRANULE/L2A_T34VCM_A046394_20240510T102024/IMG_DATA/R20m/T34VCM_20240510T102021_B06_20m.jp2,20.0,native_target_grid,0,0,0,0.023011111111111107,GRANULE/L2A_T34VCM_A046394_20240510T102024/QI_DATA/MSK_QUALIT_B04.jp2,any_invalid_reduce_x2,10.0,GRANULE/L2A_T34VCM_A046394_20240510T102024/QI_DATA/MSK_QUALIT_B05.jp2,native_target_grid,20.0,GRANULE/L2A_T34VCM_A046394_20240510T102024/QI_DATA/MSK_QUALIT_B06.jp2,native_target_grid,20.0,present,GRANULE/L2A_T34VCM_A046394_20240510T102024/QI_DATA/MSK_CLASSI_B00.jp2,exact_footprint_expand_x3,60.0,present,GRANULE/L2A_T34VCM_A046394_20240510T102024/IMG_DATA/R20m/T34VCM_20240510T102021_SCL_20m.jp2,native_target_grid,20.0,9,,0,0.0,B04,0,0.0,B04,0,0.0,B04,0,0.0,B04,0,0.0,B04,0,0.0,B04,0,0.0,B04,0,0.0,B04,0,0.0,B05,0,0.0,B05,0,0.0,B05,0,0.0,B05,0,0.0,B05,0,0.0,B05,0,0.0,B05,0,0.0,B05,0,0.0,B06,0,0.0,B06,0,0.0,B06,0,0.0,B06,0,0.0,B06,0,0.0,B06,0,0.0,B06,0,0.0,B06,9,1.0,0,0.0,0,0.0,0,0.0,0,0.0,0,0.0,0,0.0,0,0.0,0,0.0,0,0.0,0,0.0,0,0.0,0,0,0,0,0.5333333333333333,0,0.0,,,,,,,0,0.0,,,,,,,0,0,0,0,0,0,0,0,False,False,NOT_SELECTED_REQUIRES_HUMAN_FREEZE
2024-05-10,2024,True,scl3x3_b1_w8_centernotbad_p0_class2zero_v1,frozen_representative,exact_unique,no_valid_pixels_after_qa_in_frozen_3x3_window,L1C,S2A_MSIL1C_20240510T102021_N0510_R065_T34VCM_20240510T122121,2024-05-10T10:20:21Z,S2A,T34VCM,65,N0510,2024-05-10T12:21:21Z,False,10000.0,MTD_MSIL1C.xml,N0510,product_metadata_PROCESSING_BASELINE,True,3,product_spectral_information_list,-1000.0,product_offset_list,(DN + -1000) / 10000,664.6,4,product_spectral_information_list,-1000.0,product_offset_list,(DN + -1000) / 10000,704.1,5,product_spectral_information_list,-1000.0,product_offset_list,(DN + -1000) / 10000,740.5,EPSG:32634,20.0,0.0,300000.0,0.0,-20.0,6700020.0,5490,5490,20.0,20.0,3200,3347,True,GRANULE/L1C_T34VCM_A046394_20240510T102024/IMG_DATA/T34VCM_20240510T102021_B04.jp2,10.0,block_mean_reduce_x2,0,0,0,0.038900000000000004,GRANULE/L1C_T34VCM_A046394_20240510T102024/IMG_DATA/T34VCM_20240510T102021_B05.jp2,20.0,native_target_grid,0,0,0,0.03744444444444445,GRANULE/L1C_T34VCM_A046394_20240510T102024/IMG_DATA/T34VCM_20240510T102021_B06.jp2,20.0,native_target_grid,0,0,0,0.03771111111111111,GRANULE/L1C_T34VCM_A046394_20240510T102024/QI_DATA/MSK_QUALIT_B04.jp2,any_invalid_reduce_x2,10.0,GRANULE/L1C_T34VCM_A046394_20240510T102024/QI_DATA/MSK_QUALIT_B05.jp2,native_target_grid,20.0,GRANULE/L1C_T34VCM_A046394_20240510T102024/QI_DATA/MSK_QUALIT_B06.jp2,native_target_grid,20.0,present,GRANULE/L1C_T34VCM_A046394_20240510T102024/QI_DATA/MSK_CLASSI_B00.jp2,exact_footprint_expand_x3,60.0,present,GRANULE/L2A_T34VCM_A046394_20240510T102024/IMG_DATA/R20m/T34VCM_20240510T102021_SCL_20m.jp2,native_target_grid,20.0,9,,0,0.0,B04,0,0.0,B04,0,0.0,B04,0,0.0,B04,0,0.0,B04,0,0.0,B04,0,0.0,B04,0,0.0,B04,0,0.0,B05,0,0.0,B05,0,0.0,B05,0,0.0,B05,0,0.0,B05,0,0.0,B05,0,0.0,B05,0,0.0,B05,0,0.0,B06,0,0.0,B06,0,0.0,B06,0,0.0,B06,0,0.0,B06,0,0.0,B06,0,0.0,B06,0,0.0,B06,9,1.0,0,0.0,0,0.0,0,0.0,0,0.0,0,0.0,0,0.0,0,0.0,0,0.0,0,0.0,0,0.0,0,0.0,0,0,0,0,0.5333333333333333,0,0.0,,,,,,,0,0.0,,,,,,,0,0,0,0,0,0,0,0,False,False,NOT_SELECTED_REQUIRES_HUMAN_FREEZE
2024-06-01,2024,False,scl3x3_b1_w8_centernotbad_p0_class2zero_v1,no_representative_frozen_scl_gate_failed,no_l2a_representative_for_date,no_frozen_representative_l2a_product_for_date,,,,,,,,,,,,,,,,,,,,,,,,,,,,,,,,,,,,,,,,,,,,,,,,,,,,,,,,,,,,,,,,,,,,,,,,,,,,,,,,,,,,,,,,,,,,,,,,,,,,,,,,,,,,,,,,,,,,,,,,,,,,,,,,,,,,,,,,,,,,,,,,,,,,,,,,,,,,,,,,,,,,,,,,,,,,,,,,,,,,,,,,,,,,,,,,,,,,,,,,,,,,,,,,,,,,,,
2024-06-16,2024,False,scl3x3_b1_w8_centernotbad_p0_class2zero_v1,no_representative_frozen_scl_gate_failed,no_l2a_representative_for_date,no_frozen_representative_l2a_product_for_date,,,,,,,,,,,,,,,,,,,,,,,,,,,,,,,,,,,,,,,,,,,,,,,,,,,,,,,,,,,,,,,,,,,,,,,,,,,,,,,,,,,,,,,,,,,,,,,,,,,,,,,,,,,,,,,,,,,,,,,,,,,,,,,,,,,,,,,,,,,,,,,,,,,,,,,,,,,,,,,,,,,,,,,,,,,,,,,,,,,,,,,,,,,,,,,,,,,,,,,,,,,,,,,,,,,,,,
2024-06-19,2024,False,scl3x3_b1_w8_centernotbad_p0_class2zero_v1,no_representative_frozen_scl_gate_failed,no_l2a_representative_for_date,no_frozen_representative_l2a_product_for_date,,,,,,,,,,,,,,,,,,,,,,,,,,,,,,,,,,,,,,,,,,,,,,,,,,,,,,,,,,,,,,,,,,,,,,,,,,,,,,,,,,,,,,,,,,,,,,,,,,,,,,,,,,,,,,,,,,,,,,,,,,,,,,,,,,,,,,,,,,,,,,,,,,,,,,,,,,,,,,,,,,,,,,,,,,,,,,,,,,,,,,,,,,,,,,,,,,,,,,,,,,,,,,,,,,,,,,
2024-06-24,2024,False,scl3x3_b1_w8_centernotbad_p0_class2zero_v1,no_representative_frozen_scl_gate_failed,no_l2a_representative_for_date,no_frozen_representative_l2a_product_for_date,,,,,,,,,,,,,,,,,,,,,,,,,,,,,,,,,,,,,,,,,,,,,,,,,,,,,,,,,,,,,,,,,,,,,,,,,,,,,,,,,,,,,,,,,,,,,,,,,,,,,,,,,,,,,,,,,,,,,,,,,,,,,,,,,,,,,,,,,,,,,,,,,,,,,,,,,,,,,,,,,,,,,,,,,,,,,,,,,,,,,,,,,,,,,,,,,,,,,,,,,,,,,,,,,,,,,,
2024-06-26,2024,False,scl3x3_b1_w8_centernotbad_p0_class2zero_v1,no_representative_frozen_scl_gate_failed,no_l2a_representative_for_date,no_frozen_representative_l2a_product_for_date,,,,,,,,,,,,,,,,,,,,,,,,,,,,,,,,,,,,,,,,,,,,,,,,,,,,,,,,,,,,,,,,,,,,,,,,,,,,,,,,,,,,,,,,,,,,,,,,,,,,,,,,,,,,,,,,,,,,,,,,,,,,,,,,,,,,,,,,,,,,,,,,,,,,,,,,,,,,,,,,,,,,,,,,,,,,,,,,,,,,,,,,,,,,,,,,,,,,,,,,,,,,,,,,,,,,,,
2024-07-01,2024,False,scl3x3_b1_w8_centernotbad_p0_class2zero_v1,no_representative_frozen_scl_gate_failed,no_l2a_representative_for_date,no_frozen_representative_l2a_product_for_date,,,,,,,,,,,,,,,,,,,,,,,,,,,,,,,,,,,,,,,,,,,,,,,,,,,,,,,,,,,,,,,,,,,,,,,,,,,,,,,,,,,,,,,,,,,,,,,,,,,,,,,,,,,,,,,,,,,,,,,,,,,,,,,,,,,,,,,,,,,,,,,,,,,,,,,,,,,,,,,,,,,,,,,,,,,,,,,,,,,,,,,,,,,,,,,,,,,,,,,,,,,,,,,,,,,,,,
2024-07-04,2024,False,scl3x3_b1_w8_centernotbad_p0_class2zero_v1,no_representative_frozen_scl_gate_failed,no_l2a_representative_for_date,no_frozen_representative_l2a_product_for_date,,,,,,,,,,,,,,,,,,,,,,,,,,,,,,,,,,,,,,,,,,,,,,,,,,,,,,,,,,,,,,,,,,,,,,,,,,,,,,,,,,,,,,,,,,,,,,,,,,,,,,,,,,,,,,,,,,,,,,,,,,,,,,,,,,,,,,,,,,,,,,,,,,,,,,,,,,,,,,,,,,,,,,,,,,,,,,,,,,,,,,,,,,,,,,,,,,,,,,,,,,,,,,,,,,,,,,
2024-07-06,2024,False,scl3x3_b1_w8_centernotbad_p0_class2zero_v1,no_representative_frozen_scl_gate_failed,no_l2a_representative_for_date,no_frozen_representative_l2a_product_for_date,,,,,,,,,,,,,,,,,,,,,,,,,,,,,,,,,,,,,,,,,,,,,,,,,,,,,,,,,,,,,,,,,,,,,,,,,,,,,,,,,,,,,,,,,,,,,,,,,,,,,,,,,,,,,,,,,,,,,,,,,,,,,,,,,,,,,,,,,,,,,,,,,,,,,,,,,,,,,,,,,,,,,,,,,,,,,,,,,,,,,,,,,,,,,,,,,,,,,,,,,,,,,,,,,,,,,,
2024-07-11,2024,False,scl3x3_b1_w8_centernotbad_p0_class2zero_v1,no_representative_frozen_scl_gate_failed,no_l2a_representative_for_date,no_frozen_representative_l2a_product_for_date,,,,,,,,,,,,,,,,,,,,,,,,,,,,,,,,,,,,,,,,,,,,,,,,,,,,,,,,,,,,,,,,,,,,,,,,,,,,,,,,,,,,,,,,,,,,,,,,,,,,,,,,,,,,,,,,,,,,,,,,,,,,,,,,,,,,,,,,,,,,,,,,,,,,,,,,,,,,,,,,,,,,,,,,,,,,,,,,,,,,,,,,,,,,,,,,,,,,,,,,,,,,,,,,,,,,,,
2024-07-14,2024,False,scl3x3_b1_w8_centernotbad_p0_class2zero_v1,no_representative_frozen_scl_gate_failed,no_l2a_representative_for_date,no_frozen_representative_l2a_product_for_date,,,,,,,,,,,,,,,,,,,,,,,,,,,,,,,,,,,,,,,,,,,,,,,,,,,,,,,,,,,,,,,,,,,,,,,,,,,,,,,,,,,,,,,,,,,,,,,,,,,,,,,,,,,,,,,,,,,,,,,,,,,,,,,,,,,,,,,,,,,,,,,,,,,,,,,,,,,,,,,,,,,,,,,,,,,,,,,,,,,,,,,,,,,,,,,,,,,,,,,,,,,,,,,,,,,,,,
2024-07-16,2024,False,scl3x3_b1_w8_centernotbad_p0_class2zero_v1,no_representative_frozen_scl_gate_failed,no_l2a_representative_for_date,no_frozen_representative_l2a_product_for_date,,,,,,,,,,,,,,,,,,,,,,,,,,,,,,,,,,,,,,,,,,,,,,,,,,,,,,,,,,,,,,,,,,,,,,,,,,,,,,,,,,,,,,,,,,,,,,,,,,,,,,,,,,,,,,,,,,,,,,,,,,,,,,,,,,,,,,,,,,,,,,,,,,,,,,,,,,,,,,,,,,,,,,,,,,,,,,,,,,,,,,,,,,,,,,,,,,,,,,,,,,,,,,,,,,,,,,
2024-07-19,2024,False,scl3x3_b1_w8_centernotbad_p0_class2zero_v1,no_representative_frozen_scl_gate_failed,no_l2a_representative_for_date,no_frozen_representative_l2a_product_for_date,,,,,,,,,,,,,,,,,,,,,,,,,,,,,,,,,,,,,,,,,,,,,,,,,,,,,,,,,,,,,,,,,,,,,,,,,,,,,,,,,,,,,,,,,,,,,,,,,,,,,,,,,,,,,,,,,,,,,,,,,,,,,,,,,,,,,,,,,,,,,,,,,,,,,,,,,,,,,,,,,,,,,,,,,,,,,,,,,,,,,,,,,,,,,,,,,,,,,,,,,,,,,,,,,,,,,,
2024-07-24,2024,False,scl3x3_b1_w8_centernotbad_p0_class2zero_v1,no_representative_frozen_scl_gate_failed,no_l2a_representative_for_date,no_frozen_representative_l2a_product_for_date,,,,,,,,,,,,,,,,,,,,,,,,,,,,,,,,,,,,,,,,,,,,,,,,,,,,,,,,,,,,,,,,,,,,,,,,,,,,,,,,,,,,,,,,,,,,,,,,,,,,,,,,,,,,,,,,,,,,,,,,,,,,,,,,,,,,,,,,,,,,,,,,,,,,,,,,,,,,,,,,,,,,,,,,,,,,,,,,,,,,,,,,,,,,,,,,,,,,,,,,,,,,,,,,,,,,,,
2024-07-29,2024,False,scl3x3_b1_w8_centernotbad_p0_class2zero_v1,no_representative_frozen_scl_gate_failed,no_l2a_representative_for_date,no_frozen_representative_l2a_product_for_date,,,,,,,,,,,,,,,,,,,,,,,,,,,,,,,,,,,,,,,,,,,,,,,,,,,,,,,,,,,,,,,,,,,,,,,,,,,,,,,,,,,,,,,,,,,,,,,,,,,,,,,,,,,,,,,,,,,,,,,,,,,,,,,,,,,,,,,,,,,,,,,,,,,,,,,,,,,,,,,,,,,,,,,,,,,,,,,,,,,,,,,,,,,,,,,,,,,,,,,,,,,,,,,,,,,,,,
2024-07-31,2024,False,scl3x3_b1_w8_centernotbad_p0_class2zero_v1,no_representative_frozen_scl_gate_failed,no_l2a_representative_for_date,no_frozen_representative_l2a_product_for_date,,,,,,,,,,,,,,,,,,,,,,,,,,,,,,,,,,,,,,,,,,,,,,,,,,,,,,,,,,,,,,,,,,,,,,,,,,,,,,,,,,,,,,,,,,,,,,,,,,,,,,,,,,,,,,,,,,,,,,,,,,,,,,,,,,,,,,,,,,,,,,,,,,,,,,,,,,,,,,,,,,,,,,,,,,,,,,,,,,,,,,,,,,,,,,,,,,,,,,,,,,,,,,,,,,,,,,
2024-08-03,2024,False,scl3x3_b1_w8_centernotbad_p0_class2zero_v1,no_representative_frozen_scl_gate_failed,no_l2a_representative_for_date,no_frozen_representative_l2a_product_for_date,,,,,,,,,,,,,,,,,,,,,,,,,,,,,,,,,,,,,,,,,,,,,,,,,,,,,,,,,,,,,,,,,,,,,,,,,,,,,,,,,,,,,,,,,,,,,,,,,,,,,,,,,,,,,,,,,,,,,,,,,,,,,,,,,,,,,,,,,,,,,,,,,,,,,,,,,,,,,,,,,,,,,,,,,,,,,,,,,,,,,,,,,,,,,,,,,,,,,,,,,,,,,,,,,,,,,,
2024-08-05,2024,False,scl3x3_b1_w8_centernotbad_p0_class2zero_v1,no_representative_frozen_scl_gate_failed,no_l2a_representative_for_date,no_frozen_representative_l2a_product_for_date,,,,,,,,,,,,,,,,,,,,,,,,,,,,,,,,,,,,,,,,,,,,,,,,,,,,,,,,,,,,,,,,,,,,,,,,,,,,,,,,,,,,,,,,,,,,,,,,,,,,,,,,,,,,,,,,,,,,,,,,,,,,,,,,,,,,,,,,,,,,,,,,,,,,,,,,,,,,,,,,,,,,,,,,,,,,,,,,,,,,,,,,,,,,,,,,,,,,,,,,,,,,,,,,,,,,,,
2024-08-08,2024,False,scl3x3_b1_w8_centernotbad_p0_class2zero_v1,no_representative_frozen_scl_gate_failed,no_l2a_representative_for_date,no_frozen_representative_l2a_product_for_date,,,,,,,,,,,,,,,,,,,,,,,,,,,,,,,,,,,,,,,,,,,,,,,,,,,,,,,,,,,,,,,,,,,,,,,,,,,,,,,,,,,,,,,,,,,,,,,,,,,,,,,,,,,,,,,,,,,,,,,,,,,,,,,,,,,,,,,,,,,,,,,,,,,,,,,,,,,,,,,,,,,,,,,,,,,,,,,,,,,,,,,,,,,,,,,,,,,,,,,,,,,,,,,,,,,,,,
2024-08-10,2024,False,scl3x3_b1_w8_centernotbad_p0_class2zero_v1,no_representative_frozen_scl_gate_failed,no_l2a_representative_for_date,no_frozen_representative_l2a_product_for_date,,,,,,,,,,,,,,,,,,,,,,,,,,,,,,,,,,,,,,,,,,,,,,,,,,,,,,,,,,,,,,,,,,,,,,,,,,,,,,,,,,,,,,,,,,,,,,,,,,,,,,,,,,,,,,,,,,,,,,,,,,,,,,,,,,,,,,,,,,,,,,,,,,,,,,,,,,,,,,,,,,,,,,,,,,,,,,,,,,,,,,,,,,,,,,,,,,,,,,,,,,,,,,,,,,,,,,
2024-08-15,2024,False,scl3x3_b1_w8_centernotbad_p0_class2zero_v1,no_representative_frozen_scl_gate_failed,no_l2a_representative_for_date,no_frozen_representative_l2a_product_for_date,,,,,,,,,,,,,,,,,,,,,,,,,,,,,,,,,,,,,,,,,,,,,,,,,,,,,,,,,,,,,,,,,,,,,,,,,,,,,,,,,,,,,,,,,,,,,,,,,,,,,,,,,,,,,,,,,,,,,,,,,,,,,,,,,,,,,,,,,,,,,,,,,,,,,,,,,,,,,,,,,,,,,,,,,,,,,,,,,,,,,,,,,,,,,,,,,,,,,,,,,,,,,,,,,,,,,,
2024-08-23,2024,False,scl3x3_b1_w8_centernotbad_p0_class2zero_v1,no_representative_frozen_scl_gate_failed,no_l2a_representative_for_date,no_frozen_representative_l2a_product_for_date,,,,,,,,,,,,,,,,,,,,,,,,,,,,,,,,,,,,,,,,,,,,,,,,,,,,,,,,,,,,,,,,,,,,,,,,,,,,,,,,,,,,,,,,,,,,,,,,,,,,,,,,,,,,,,,,,,,,,,,,,,,,,,,,,,,,,,,,,,,,,,,,,,,,,,,,,,,,,,,,,,,,,,,,,,,,,,,,,,,,,,,,,,,,,,,,,,,,,,,,,,,,,,,,,,,,,,
2024-08-25,2024,False,scl3x3_b1_w8_centernotbad_p0_class2zero_v1,no_representative_frozen_scl_gate_failed,no_l2a_representative_for_date,no_frozen_representative_l2a_product_for_date,,,,,,,,,,,,,,,,,,,,,,,,,,,,,,,,,,,,,,,,,,,,,,,,,,,,,,,,,,,,,,,,,,,,,,,,,,,,,,,,,,,,,,,,,,,,,,,,,,,,,,,,,,,,,,,,,,,,,,,,,,,,,,,,,,,,,,,,,,,,,,,,,,,,,,,,,,,,,,,,,,,,,,,,,,,,,,,,,,,,,,,,,,,,,,,,,,,,,,,,,,,,,,,,,,,,,,
2024-08-30,2024,False,scl3x3_b1_w8_centernotbad_p0_class2zero_v1,no_representative_frozen_scl_gate_failed,no_l2a_representative_for_date,no_frozen_representative_l2a_product_for_date,,,,,,,,,,,,,,,,,,,,,,,,,,,,,,,,,,,,,,,,,,,,,,,,,,,,,,,,,,,,,,,,,,,,,,,,,,,,,,,,,,,,,,,,,,,,,,,,,,,,,,,,,,,,,,,,,,,,,,,,,,,,,,,,,,,,,,,,,,,,,,,,,,,,,,,,,,,,,,,,,,,,,,,,,,,,,,,,,,,,,,,,,,,,,,,,,,,,,,,,,,,,,,,,,,,,,,
2024-09-02,2024,False,scl3x3_b1_w8_centernotbad_p0_class2zero_v1,no_representative_frozen_scl_gate_failed,no_l2a_representative_for_date,no_frozen_representative_l2a_product_for_date,,,,,,,,,,,,,,,,,,,,,,,,,,,,,,,,,,,,,,,,,,,,,,,,,,,,,,,,,,,,,,,,,,,,,,,,,,,,,,,,,,,,,,,,,,,,,,,,,,,,,,,,,,,,,,,,,,,,,,,,,,,,,,,,,,,,,,,,,,,,,,,,,,,,,,,,,,,,,,,,,,,,,,,,,,,,,,,,,,,,,,,,,,,,,,,,,,,,,,,,,,,,,,,,,,,,,,
2024-09-09,2024,False,scl3x3_b1_w8_centernotbad_p0_class2zero_v1,no_representative_frozen_scl_gate_failed,no_l2a_representative_for_date,no_frozen_representative_l2a_product_for_date,,,,,,,,,,,,,,,,,,,,,,,,,,,,,,,,,,,,,,,,,,,,,,,,,,,,,,,,,,,,,,,,,,,,,,,,,,,,,,,,,,,,,,,,,,,,,,,,,,,,,,,,,,,,,,,,,,,,,,,,,,,,,,,,,,,,,,,,,,,,,,,,,,,,,,,,,,,,,,,,,,,,,,,,,,,,,,,,,,,,,,,,,,,,,,,,,,,,,,,,,,,,,,,,,,,,,,
2024-09-17,2024,False,scl3x3_b1_w8_centernotbad_p0_class2zero_v1,no_representative_frozen_scl_gate_failed,no_l2a_representative_for_date,no_frozen_representative_l2a_product_for_date,,,,,,,,,,,,,,,,,,,,,,,,,,,,,,,,,,,,,,,,,,,,,,,,,,,,,,,,,,,,,,,,,,,,,,,,,,,,,,,,,,,,,,,,,,,,,,,,,,,,,,,,,,,,,,,,,,,,,,,,,,,,,,,,,,,,,,,,,,,,,,,,,,,,,,,,,,,,,,,,,,,,,,,,,,,,,,,,,,,,,,,,,,,,,,,,,,,,,,,,,,,,,,,,,,,,,,
2024-09-22,2024,False,scl3x3_b1_w8_centernotbad_p0_class2zero_v1,no_representative_frozen_scl_gate_failed,no_l2a_representative_for_date,no_frozen_representative_l2a_product_for_date,,,,,,,,,,,,,,,,,,,,,,,,,,,,,,,,,,,,,,,,,,,,,,,,,,,,,,,,,,,,,,,,,,,,,,,,,,,,,,,,,,,,,,,,,,,,,,,,,,,,,,,,,,,,,,,,,,,,,,,,,,,,,,,,,,,,,,,,,,,,,,,,,,,,,,,,,,,,,,,,,,,,,,,,,,,,,,,,,,,,,,,,,,,,,,,,,,,,,,,,,,,,,,,,,,,,,,
2024-09-24,2024,False,scl3x3_b1_w8_centernotbad_p0_class2zero_v1,no_representative_frozen_scl_gate_failed,no_l2a_representative_for_date,no_frozen_representative_l2a_product_for_date,,,,,,,,,,,,,,,,,,,,,,,,,,,,,,,,,,,,,,,,,,,,,,,,,,,,,,,,,,,,,,,,,,,,,,,,,,,,,,,,,,,,,,,,,,,,,,,,,,,,,,,,,,,,,,,,,,,,,,,,,,,,,,,,,,,,,,,,,,,,,,,,,,,,,,,,,,,,,,,,,,,,,,,,,,,,,,,,,,,,,,,,,,,,,,,,,,,,,,,,,,,,,,,,,,,,,,
2024-09-27,2024,False,scl3x3_b1_w8_centernotbad_p0_class2zero_v1,no_representative_frozen_scl_gate_failed,no_l2a_representative_for_date,no_frozen_representative_l2a_product_for_date,,,,,,,,,,,,,,,,,,,,,,,,,,,,,,,,,,,,,,,,,,,,,,,,,,,,,,,,,,,,,,,,,,,,,,,,,,,,,,,,,,,,,,,,,,,,,,,,,,,,,,,,,,,,,,,,,,,,,,,,,,,,,,,,,,,,,,,,,,,,,,,,,,,,,,,,,,,,,,,,,,,,,,,,,,,,,,,,,,,,,,,,,,,,,,,,,,,,,,,,,,,,,,,,,,,,,,
2024-10-02,2024,False,scl3x3_b1_w8_centernotbad_p0_class2zero_v1,no_representative_frozen_scl_gate_failed,no_l2a_representative_for_date,no_frozen_representative_l2a_product_for_date,,,,,,,,,,,,,,,,,,,,,,,,,,,,,,,,,,,,,,,,,,,,,,,,,,,,,,,,,,,,,,,,,,,,,,,,,,,,,,,,,,,,,,,,,,,,,,,,,,,,,,,,,,,,,,,,,,,,,,,,,,,,,,,,,,,,,,,,,,,,,,,,,,,,,,,,,,,,,,,,,,,,,,,,,,,,,,,,,,,,,,,,,,,,,,,,,,,,,,,,,,,,,,,,,,,,,,
2024-10-09,2024,False,scl3x3_b1_w8_centernotbad_p0_class2zero_v1,no_representative_frozen_scl_gate_failed,no_l2a_representative_for_date,no_frozen_representative_l2a_product_for_date,,,,,,,,,,,,,,,,,,,,,,,,,,,,,,,,,,,,,,,,,,,,,,,,,,,,,,,,,,,,,,,,,,,,,,,,,,,,,,,,,,,,,,,,,,,,,,,,,,,,,,,,,,,,,,,,,,,,,,,,,,,,,,,,,,,,,,,,,,,,,,,,,,,,,,,,,,,,,,,,,,,,,,,,,,,,,,,,,,,,,,,,,,,,,,,,,,,,,,,,,,,,,,,,,,,,,,
2024-10-12,2024,True,scl3x3_b1_w8_centernotbad_p0_class2zero_v1,frozen_representative,exact_unique,no_valid_pixels_after_qa_in_frozen_3x3_window,L2A,S2B_MSIL2A_20241012T101859_N0511_R065_T34VCM_20241012T143335,2024-10-12T10:18:59Z,S2B,T34VCM,65,N0511,2024-10-12T14:33:35Z,False,10000.0,MTD_MSIL2A.xml,N0511,product_metadata_PROCESSING_BASELINE,True,3,product_spectral_information_list,-1000.0,product_offset_list,(DN + -1000) / 10000,665.0,4,product_spectral_information_list,-1000.0,product_offset_list,(DN + -1000) / 10000,703.8,5,product_spectral_information_list,-1000.0,product_offset_list,(DN + -1000) / 10000,739.1,EPSG:32634,20.0,0.0,300000.0,0.0,-20.0,6700020.0,5490,5490,20.0,20.0,3200,3347,True,GRANULE/L2A_T34VCM_A039702_20241012T101854/IMG_DATA/R20m/T34VCM_20241012T101859_B04_20m.jp2,20.0,native_target_grid,0,0,0,0.015099999999999999,GRANULE/L2A_T34VCM_A039702_20241012T101854/IMG_DATA/R20m/T34VCM_20241012T101859_B05_20m.jp2,20.0,native_target_grid,0,0,0,0.01658888888888889,GRANULE/L2A_T34VCM_A039702_20241012T101854/IMG_DATA/R20m/T34VCM_20241012T101859_B06_20m.jp2,20.0,native_target_grid,0,0,0,0.017255555555555555,GRANULE/L2A_T34VCM_A039702_20241012T101854/QI_DATA/MSK_QUALIT_B04.jp2,any_invalid_reduce_x2,10.0,GRANULE/L2A_T34VCM_A039702_20241012T101854/QI_DATA/MSK_QUALIT_B05.jp2,native_target_grid,20.0,GRANULE/L2A_T34VCM_A039702_20241012T101854/QI_DATA/MSK_QUALIT_B06.jp2,native_target_grid,20.0,present,GRANULE/L2A_T34VCM_A039702_20241012T101854/QI_DATA/MSK_CLASSI_B00.jp2,exact_footprint_expand_x3,60.0,present,GRANULE/L2A_T34VCM_A039702_20241012T101854/IMG_DATA/R20m/T34VCM_20241012T101859_SCL_20m.jp2,native_target_grid,20.0,9,,0,0.0,B04,0,0.0,B04,0,0.0,B04,0,0.0,B04,0,0.0,B04,0,0.0,B04,0,0.0,B04,0,0.0,B04,0,0.0,B05,0,0.0,B05,0,0.0,B05,0,0.0,B05,0,0.0,B05,0,0.0,B05,0,0.0,B05,0,0.0,B05,0,0.0,B06,0,0.0,B06,0,0.0,B06,0,0.0,B06,0,0.0,B06,0,0.0,B06,0,0.0,B06,0,0.0,B06,9,1.0,0,0.0,0,0.0,0,0.0,0,0.0,0,0.0,0,0.0,0,0.0,0,0.0,0,0.0,0,0.0,0,0.0,0,0,0,0,0.5333333333333333,0,0.0,,,,,,,0,0.0,,,,,,,0,0,0,0,0,0,0,0,False,False,NOT_SELECTED_REQUIRES_HUMAN_FREEZE
2024-10-12,2024,True,scl3x3_b1_w8_centernotbad_p0_class2zero_v1,frozen_representative,exact_unique,no_valid_pixels_after_qa_in_frozen_3x3_window,L1C,S2B_MSIL1C_20241012T101859_N0511_R065_T34VCM_20241012T140027,2024-10-12T10:18:59Z,S2B,T34VCM,65,N0511,2024-10-12T14:00:27Z,False,10000.0,MTD_MSIL1C.xml,N0511,product_metadata_PROCESSING_BASELINE,True,3,product_spectral_information_list,-1000.0,product_offset_list,(DN + -1000) / 10000,665.0,4,product_spectral_information_list,-1000.0,product_offset_list,(DN + -1000) / 10000,703.8,5,product_spectral_information_list,-1000.0,product_offset_list,(DN + -1000) / 10000,739.1,EPSG:32634,20.0,0.0,300000.0,0.0,-20.0,6700020.0,5490,5490,20.0,20.0,3200,3347,True,GRANULE/L1C_T34VCM_A039702_20241012T101854/IMG_DATA/T34VCM_20241012T101859_B04.jp2,10.0,block_mean_reduce_x2,0,0,0,0.04831944444444444,GRANULE/L1C_T34VCM_A039702_20241012T101854/IMG_DATA/T34VCM_20241012T101859_B05.jp2,20.0,native_target_grid,0,0,0,0.0453,GRANULE/L1C_T34VCM_A039702_20241012T101854/IMG_DATA/T34VCM_20241012T101859_B06.jp2,20.0,native_target_grid,0,0,0,0.04435555555555556,GRANULE/L1C_T34VCM_A039702_20241012T101854/QI_DATA/MSK_QUALIT_B04.jp2,any_invalid_reduce_x2,10.0,GRANULE/L1C_T34VCM_A039702_20241012T101854/QI_DATA/MSK_QUALIT_B05.jp2,native_target_grid,20.0,GRANULE/L1C_T34VCM_A039702_20241012T101854/QI_DATA/MSK_QUALIT_B06.jp2,native_target_grid,20.0,present,GRANULE/L1C_T34VCM_A039702_20241012T101854/QI_DATA/MSK_CLASSI_B00.jp2,exact_footprint_expand_x3,60.0,present,GRANULE/L2A_T34VCM_A039702_20241012T101854/IMG_DATA/R20m/T34VCM_20241012T101859_SCL_20m.jp2,native_target_grid,20.0,9,,0,0.0,B04,0,0.0,B04,0,0.0,B04,0,0.0,B04,0,0.0,B04,0,0.0,B04,0,0.0,B04,0,0.0,B04,0,0.0,B05,0,0.0,B05,0,0.0,B05,0,0.0,B05,0,0.0,B05,0,0.0,B05,0,0.0,B05,0,0.0,B05,0,0.0,B06,0,0.0,B06,0,0.0,B06,0,0.0,B06,0,0.0,B06,0,0.0,B06,0,0.0,B06,0,0.0,B06,9,1.0,0,0.0,0,0.0,0,0.0,0,0.0,0,0.0,0,0.0,0,0.0,0,0.0,0,0.0,0,0.0,0,0.0,0,0,0,0,0.5333333333333333,0,0.0,,,,,,,0,0.0,,,,,,,0,0,0,0,0,0,0,0,False,False,NOT_SELECTED_REQUIRES_HUMAN_FREEZE
2024-10-14,2024,False,scl3x3_b1_w8_centernotbad_p0_class2zero_v1,no_representative_frozen_scl_gate_failed,no_l2a_representative_for_date,no_frozen_representative_l2a_product_for_date,,,,,,,,,,,,,,,,,,,,,,,,,,,,,,,,,,,,,,,,,,,,,,,,,,,,,,,,,,,,,,,,,,,,,,,,,,,,,,,,,,,,,,,,,,,,,,,,,,,,,,,,,,,,,,,,,,,,,,,,,,,,,,,,,,,,,,,,,,,,,,,,,,,,,,,,,,,,,,,,,,,,,,,,,,,,,,,,,,,,,,,,,,,,,,,,,,,,,,,,,,,,,,,,,,,,,,
2024-10-22,2024,False,scl3x3_b1_w8_centernotbad_p0_class2zero_v1,no_representative_frozen_scl_gate_failed,no_l2a_representative_for_date,no_frozen_representative_l2a_product_for_date,,,,,,,,,,,,,,,,,,,,,,,,,,,,,,,,,,,,,,,,,,,,,,,,,,,,,,,,,,,,,,,,,,,,,,,,,,,,,,,,,,,,,,,,,,,,,,,,,,,,,,,,,,,,,,,,,,,,,,,,,,,,,,,,,,,,,,,,,,,,,,,,,,,,,,,,,,,,,,,,,,,,,,,,,,,,,,,,,,,,,,,,,,,,,,,,,,,,,,,,,,,,,,,,,,,,,,
2024-10-27,2024,False,scl3x3_b1_w8_centernotbad_p0_class2zero_v1,no_representative_frozen_scl_gate_failed,no_l2a_representative_for_date,no_frozen_representative_l2a_product_for_date,,,,,,,,,,,,,,,,,,,,,,,,,,,,,,,,,,,,,,,,,,,,,,,,,,,,,,,,,,,,,,,,,,,,,,,,,,,,,,,,,,,,,,,,,,,,,,,,,,,,,,,,,,,,,,,,,,,,,,,,,,,,,,,,,,,,,,,,,,,,,,,,,,,,,,,,,,,,,,,,,,,,,,,,,,,,,,,,,,,,,,,,,,,,,,,,,,,,,,,,,,,,,,,,,,,,,,
2024-10-29,2024,False,scl3x3_b1_w8_centernotbad_p0_class2zero_v1,no_representative_frozen_scl_gate_failed,no_l2a_representative_for_date,no_frozen_representative_l2a_product_for_date,,,,,,,,,,,,,,,,,,,,,,,,,,,,,,,,,,,,,,,,,,,,,,,,,,,,,,,,,,,,,,,,,,,,,,,,,,,,,,,,,,,,,,,,,,,,,,,,,,,,,,,,,,,,,,,,,,,,,,,,,,,,,,,,,,,,,,,,,,,,,,,,,,,,,,,,,,,,,,,,,,,,,,,,,,,,,,,,,,,,,,,,,,,,,,,,,,,,,,,,,,,,,,,,,,,,,,
2024-11-01,2024,False,scl3x3_b1_w8_centernotbad_p0_class2zero_v1,no_representative_frozen_scl_gate_failed,no_l2a_representative_for_date,no_frozen_representative_l2a_product_for_date,,,,,,,,,,,,,,,,,,,,,,,,,,,,,,,,,,,,,,,,,,,,,,,,,,,,,,,,,,,,,,,,,,,,,,,,,,,,,,,,,,,,,,,,,,,,,,,,,,,,,,,,,,,,,,,,,,,,,,,,,,,,,,,,,,,,,,,,,,,,,,,,,,,,,,,,,,,,,,,,,,,,,,,,,,,,,,,,,,,,,,,,,,,,,,,,,,,,,,,,,,,,,,,,,,,,,,
2024-11-03,2024,False,scl3x3_b1_w8_centernotbad_p0_class2zero_v1,no_representative_frozen_scl_gate_failed,no_l2a_representative_for_date,no_frozen_representative_l2a_product_for_date,,,,,,,,,,,,,,,,,,,,,,,,,,,,,,,,,,,,,,,,,,,,,,,,,,,,,,,,,,,,,,,,,,,,,,,,,,,,,,,,,,,,,,,,,,,,,,,,,,,,,,,,,,,,,,,,,,,,,,,,,,,,,,,,,,,,,,,,,,,,,,,,,,,,,,,,,,,,,,,,,,,,,,,,,,,,,,,,,,,,,,,,,,,,,,,,,,,,,,,,,,,,,,,,,,,,,,
2024-11-06,2024,False,scl3x3_b1_w8_centernotbad_p0_class2zero_v1,no_representative_frozen_scl_gate_failed,no_l2a_representative_for_date,no_frozen_representative_l2a_product_for_date,,,,,,,,,,,,,,,,,,,,,,,,,,,,,,,,,,,,,,,,,,,,,,,,,,,,,,,,,,,,,,,,,,,,,,,,,,,,,,,,,,,,,,,,,,,,,,,,,,,,,,,,,,,,,,,,,,,,,,,,,,,,,,,,,,,,,,,,,,,,,,,,,,,,,,,,,,,,,,,,,,,,,,,,,,,,,,,,,,,,,,,,,,,,,,,,,,,,,,,,,,,,,,,,,,,,,,
2024-11-11,2024,False,scl3x3_b1_w8_centernotbad_p0_class2zero_v1,no_representative_frozen_scl_gate_failed,no_l2a_representative_for_date,no_frozen_representative_l2a_product_for_date,,,,,,,,,,,,,,,,,,,,,,,,,,,,,,,,,,,,,,,,,,,,,,,,,,,,,,,,,,,,,,,,,,,,,,,,,,,,,,,,,,,,,,,,,,,,,,,,,,,,,,,,,,,,,,,,,,,,,,,,,,,,,,,,,,,,,,,,,,,,,,,,,,,,,,,,,,,,,,,,,,,,,,,,,,,,,,,,,,,,,,,,,,,,,,,,,,,,,,,,,,,,,,,,,,,,,,
2024-11-16,2024,False,scl3x3_b1_w8_centernotbad_p0_class2zero_v1,no_representative_frozen_scl_gate_failed,no_l2a_representative_for_date,no_frozen_representative_l2a_product_for_date,,,,,,,,,,,,,,,,,,,,,,,,,,,,,,,,,,,,,,,,,,,,,,,,,,,,,,,,,,,,,,,,,,,,,,,,,,,,,,,,,,,,,,,,,,,,,,,,,,,,,,,,,,,,,,,,,,,,,,,,,,,,,,,,,,,,,,,,,,,,,,,,,,,,,,,,,,,,,,,,,,,,,,,,,,,,,,,,,,,,,,,,,,,,,,,,,,,,,,,,,,,,,,,,,,,,,,
2024-11-18,2024,False,scl3x3_b1_w8_centernotbad_p0_class2zero_v1,no_representative_frozen_scl_gate_failed,no_l2a_representative_for_date,no_frozen_representative_l2a_product_for_date,,,,,,,,,,,,,,,,,,,,,,,,,,,,,,,,,,,,,,,,,,,,,,,,,,,,,,,,,,,,,,,,,,,,,,,,,,,,,,,,,,,,,,,,,,,,,,,,,,,,,,,,,,,,,,,,,,,,,,,,,,,,,,,,,,,,,,,,,,,,,,,,,,,,,,,,,,,,,,,,,,,,,,,,,,,,,,,,,,,,,,,,,,,,,,,,,,,,,,,,,,,,,,,,,,,,,,
2024-11-21,2024,False,scl3x3_b1_w8_centernotbad_p0_class2zero_v1,no_representative_frozen_scl_gate_failed,no_l2a_representative_for_date,no_frozen_representative_l2a_product_for_date,,,,,,,,,,,,,,,,,,,,,,,,,,,,,,,,,,,,,,,,,,,,,,,,,,,,,,,,,,,,,,,,,,,,,,,,,,,,,,,,,,,,,,,,,,,,,,,,,,,,,,,,,,,,,,,,,,,,,,,,,,,,,,,,,,,,,,,,,,,,,,,,,,,,,,,,,,,,,,,,,,,,,,,,,,,,,,,,,,,,,,,,,,,,,,,,,,,,,,,,,,,,,,,,,,,,,,
2024-11-28,2024,True,scl3x3_b1_w8_centernotbad_p0_class2zero_v1,frozen_representative,exact_unique,no_valid_pixels_after_qa_in_frozen_3x3_window,L2A,S2B_MSIL2A_20241128T101259_N0511_R022_T34VCM_20241128T112016,2024-11-28T10:12:59Z,S2B,T34VCM,22,N0511,2024-11-28T11:20:16Z,False,10000.0,MTD_MSIL2A.xml,N0511,product_metadata_PROCESSING_BASELINE,True,3,product_spectral_information_list,-1000.0,product_offset_list,(DN + -1000) / 10000,665.0,4,product_spectral_information_list,-1000.0,product_offset_list,(DN + -1000) / 10000,703.8,5,product_spectral_information_list,-1000.0,product_offset_list,(DN + -1000) / 10000,739.1,EPSG:32634,20.0,0.0,300000.0,0.0,-20.0,6700020.0,5490,5490,20.0,20.0,3200,3347,True,GRANULE/L2A_T34VCM_A040374_20241128T101300/IMG_DATA/R20m/T34VCM_20241128T101259_B04_20m.jp2,20.0,native_target_grid,0,0,0,0.46102222222222217,GRANULE/L2A_T34VCM_A040374_20241128T101300/IMG_DATA/R20m/T34VCM_20241128T101259_B05_20m.jp2,20.0,native_target_grid,0,0,0,0.49063333333333337,GRANULE/L2A_T34VCM_A040374_20241128T101300/IMG_DATA/R20m/T34VCM_20241128T101259_B06_20m.jp2,20.0,native_target_grid,0,0,0,0.4734222222222222,GRANULE/L2A_T34VCM_A040374_20241128T101300/QI_DATA/MSK_QUALIT_B04.jp2,any_invalid_reduce_x2,10.0,GRANULE/L2A_T34VCM_A040374_20241128T101300/QI_DATA/MSK_QUALIT_B05.jp2,native_target_grid,20.0,GRANULE/L2A_T34VCM_A040374_20241128T101300/QI_DATA/MSK_QUALIT_B06.jp2,native_target_grid,20.0,present,GRANULE/L2A_T34VCM_A040374_20241128T101300/QI_DATA/MSK_CLASSI_B00.jp2,exact_footprint_expand_x3,60.0,present,GRANULE/L2A_T34VCM_A040374_20241128T101300/IMG_DATA/R20m/T34VCM_20241128T101259_SCL_20m.jp2,native_target_grid,20.0,9,,0,0.0,B04,0,0.0,B04,0,0.0,B04,0,0.0,B04,0,0.0,B04,0,0.0,B04,0,0.0,B04,0,0.0,B04,0,0.0,B05,0,0.0,B05,0,0.0,B05,0,0.0,B05,0,0.0,B05,0,0.0,B05,0,0.0,B05,0,0.0,B05,0,0.0,B06,0,0.0,B06,0,0.0,B06,0,0.0,B06,0,0.0,B06,0,0.0,B06,0,0.0,B06,0,0.0,B06,0,0.0,9,1.0,0,0.0,0,0.0,0,0.0,0,0.0,0,0.0,0,0.0,0,0.0,0,0.0,0,0.0,0,0.0,0,0,0,0,0.5333333333333333,0,0.0,,,,,,,0,0.0,,,,,,,0,0,0,0,0,0,0,0,False,False,NOT_SELECTED_REQUIRES_HUMAN_FREEZE
2024-11-28,2024,True,scl3x3_b1_w8_centernotbad_p0_class2zero_v1,frozen_representative,exact_unique,no_valid_pixels_after_qa_in_frozen_3x3_window,L1C,S2B_MSIL1C_20241128T101259_N0511_R022_T34VCM_20241128T105426,2024-11-28T10:12:59Z,S2B,T34VCM,22,N0511,2024-11-28T10:54:26Z,False,10000.0,MTD_MSIL1C.xml,N0511,product_metadata_PROCESSING_BASELINE,True,3,product_spectral_information_list,-1000.0,product_offset_list,(DN + -1000) / 10000,665.0,4,product_spectral_information_list,-1000.0,product_offset_list,(DN + -1000) / 10000,703.8,5,product_spectral_information_list,-1000.0,product_offset_list,(DN + -1000) / 10000,739.1,EPSG:32634,20.0,0.0,300000.0,0.0,-20.0,6700020.0,5490,5490,20.0,20.0,3200,3347,True,GRANULE/L1C_T34VCM_A040374_20241128T101300/IMG_DATA/T34VCM_20241128T101259_B04.jp2,10.0,block_mean_reduce_x2,0,0,0,0.4161222222222222,GRANULE/L1C_T34VCM_A040374_20241128T101300/IMG_DATA/T34VCM_20241128T101259_B05.jp2,20.0,native_target_grid,0,0,0,0.41842222222222225,GRANULE/L1C_T34VCM_A040374_20241128T101300/IMG_DATA/T34VCM_20241128T101259_B06.jp2,20.0,native_target_grid,0,0,0,0.4281444444444444,GRANULE/L1C_T34VCM_A040374_20241128T101300/QI_DATA/MSK_QUALIT_B04.jp2,any_invalid_reduce_x2,10.0,GRANULE/L1C_T34VCM_A040374_20241128T101300/QI_DATA/MSK_QUALIT_B05.jp2,native_target_grid,20.0,GRANULE/L1C_T34VCM_A040374_20241128T101300/QI_DATA/MSK_QUALIT_B06.jp2,native_target_grid,20.0,present,GRANULE/L1C_T34VCM_A040374_20241128T101300/QI_DATA/MSK_CLASSI_B00.jp2,exact_footprint_expand_x3,60.0,present,GRANULE/L2A_T34VCM_A040374_20241128T101300/IMG_DATA/R20m/T34VCM_20241128T101259_SCL_20m.jp2,native_target_grid,20.0,9,,0,0.0,B04,0,0.0,B04,0,0.0,B04,0,0.0,B04,0,0.0,B04,0,0.0,B04,0,0.0,B04,0,0.0,B04,0,0.0,B05,0,0.0,B05,0,0.0,B05,0,0.0,B05,0,0.0,B05,0,0.0,B05,0,0.0,B05,0,0.0,B05,0,0.0,B06,0,0.0,B06,0,0.0,B06,0,0.0,B06,0,0.0,B06,0,0.0,B06,0,0.0,B06,0,0.0,B06,0,0.0,9,1.0,0,0.0,0,0.0,0,0.0,0,0.0,0,0.0,0,0.0,0,0.0,0,0.0,0,0.0,0,0.0,0,0,0,0,0.5333333333333333,0,0.0,,,,,,,0,0.0,,,,,,,0,0,0,0,0,0,0,0,False,False,NOT_SELECTED_REQUIRES_HUMAN_FREEZE
2024-12-01,2024,False,scl3x3_b1_w8_centernotbad_p0_class2zero_v1,no_representative_frozen_scl_gate_failed,no_l2a_representative_for_date,no_frozen_representative_l2a_product_for_date,,,,,,,,,,,,,,,,,,,,,,,,,,,,,,,,,,,,,,,,,,,,,,,,,,,,,,,,,,,,,,,,,,,,,,,,,,,,,,,,,,,,,,,,,,,,,,,,,,,,,,,,,,,,,,,,,,,,,,,,,,,,,,,,,,,,,,,,,,,,,,,,,,,,,,,,,,,,,,,,,,,,,,,,,,,,,,,,,,,,,,,,,,,,,,,,,,,,,,,,,,,,,,,,,,,,,,
2024-12-08,2024,False,scl3x3_b1_w8_centernotbad_p0_class2zero_v1,no_representative_frozen_scl_gate_failed,no_l2a_representative_for_date,no_frozen_representative_l2a_product_for_date,,,,,,,,,,,,,,,,,,,,,,,,,,,,,,,,,,,,,,,,,,,,,,,,,,,,,,,,,,,,,,,,,,,,,,,,,,,,,,,,,,,,,,,,,,,,,,,,,,,,,,,,,,,,,,,,,,,,,,,,,,,,,,,,,,,,,,,,,,,,,,,,,,,,,,,,,,,,,,,,,,,,,,,,,,,,,,,,,,,,,,,,,,,,,,,,,,,,,,,,,,,,,,,,,,,,,,
2024-12-11,2024,False,scl3x3_b1_w8_centernotbad_p0_class2zero_v1,no_representative_frozen_scl_gate_failed,no_l2a_representative_for_date,no_frozen_representative_l2a_product_for_date,,,,,,,,,,,,,,,,,,,,,,,,,,,,,,,,,,,,,,,,,,,,,,,,,,,,,,,,,,,,,,,,,,,,,,,,,,,,,,,,,,,,,,,,,,,,,,,,,,,,,,,,,,,,,,,,,,,,,,,,,,,,,,,,,,,,,,,,,,,,,,,,,,,,,,,,,,,,,,,,,,,,,,,,,,,,,,,,,,,,,,,,,,,,,,,,,,,,,,,,,,,,,,,,,,,,,,
2024-12-18,2024,False,scl3x3_b1_w8_centernotbad_p0_class2zero_v1,no_representative_frozen_scl_gate_failed,no_l2a_representative_for_date,no_frozen_representative_l2a_product_for_date,,,,,,,,,,,,,,,,,,,,,,,,,,,,,,,,,,,,,,,,,,,,,,,,,,,,,,,,,,,,,,,,,,,,,,,,,,,,,,,,,,,,,,,,,,,,,,,,,,,,,,,,,,,,,,,,,,,,,,,,,,,,,,,,,,,,,,,,,,,,,,,,,,,,,,,,,,,,,,,,,,,,,,,,,,,,,,,,,,,,,,,,,,,,,,,,,,,,,,,,,,,,,,,,,,,,,,
2024-12-21,2024,False,scl3x3_b1_w8_centernotbad_p0_class2zero_v1,no_representative_frozen_scl_gate_failed,no_l2a_representative_for_date,no_frozen_representative_l2a_product_for_date,,,,,,,,,,,,,,,,,,,,,,,,,,,,,,,,,,,,,,,,,,,,,,,,,,,,,,,,,,,,,,,,,,,,,,,,,,,,,,,,,,,,,,,,,,,,,,,,,,,,,,,,,,,,,,,,,,,,,,,,,,,,,,,,,,,,,,,,,,,,,,,,,,,,,,,,,,,,,,,,,,,,,,,,,,,,,,,,,,,,,,,,,,,,,,,,,,,,,,,,,,,,,,,,,,,,,,
2024-12-28,2024,False,scl3x3_b1_w8_centernotbad_p0_class2zero_v1,no_representative_frozen_scl_gate_failed,no_l2a_representative_for_date,no_frozen_representative_l2a_product_for_date,,,,,,,,,,,,,,,,,,,,,,,,,,,,,,,,,,,,,,,,,,,,,,,,,,,,,,,,,,,,,,,,,,,,,,,,,,,,,,,,,,,,,,,,,,,,,,,,,,,,,,,,,,,,,,,,,,,,,,,,,,,,,,,,,,,,,,,,,,,,,,,,,,,,,,,,,,,,,,,,,,,,,,,,,,,,,,,,,,,,,,,,,,,,,,,,,,,,,,,,,,,,,,,,,,,,,,
2024-12-31,2024,False,scl3x3_b1_w8_centernotbad_p0_class2zero_v1,no_representative_frozen_scl_gate_failed,no_l2a_representative_for_date,no_frozen_representative_l2a_product_for_date,,,,,,,,,,,,,,,,,,,,,,,,,,,,,,,,,,,,,,,,,,,,,,,,,,,,,,,,,,,,,,,,,,,,,,,,,,,,,,,,,,,,,,,,,,,,,,,,,,,,,,,,,,,,,,,,,,,,,,,,,,,,,,,,,,,,,,,,,,,,,,,,,,,,,,,,,,,,,,,,,,,,,,,,,,,,,,,,,,,,,,,,,,,,,,,,,,,,,,,,,,,,,,,,,,,,,,
2025-01-07,2025,False,scl3x3_b1_w8_centernotbad_p0_class2zero_v1,no_representative_frozen_scl_gate_failed,no_l2a_representative_for_date,no_frozen_representative_l2a_product_for_date,,,,,,,,,,,,,,,,,,,,,,,,,,,,,,,,,,,,,,,,,,,,,,,,,,,,,,,,,,,,,,,,,,,,,,,,,,,,,,,,,,,,,,,,,,,,,,,,,,,,,,,,,,,,,,,,,,,,,,,,,,,,,,,,,,,,,,,,,,,,,,,,,,,,,,,,,,,,,,,,,,,,,,,,,,,,,,,,,,,,,,,,,,,,,,,,,,,,,,,,,,,,,,,,,,,,,,
2025-01-10,2025,False,scl3x3_b1_w8_centernotbad_p0_class2zero_v1,no_representative_frozen_scl_gate_failed,no_l2a_representative_for_date,no_frozen_representative_l2a_product_for_date,,,,,,,,,,,,,,,,,,,,,,,,,,,,,,,,,,,,,,,,,,,,,,,,,,,,,,,,,,,,,,,,,,,,,,,,,,,,,,,,,,,,,,,,,,,,,,,,,,,,,,,,,,,,,,,,,,,,,,,,,,,,,,,,,,,,,,,,,,,,,,,,,,,,,,,,,,,,,,,,,,,,,,,,,,,,,,,,,,,,,,,,,,,,,,,,,,,,,,,,,,,,,,,,,,,,,,
2025-01-15,2025,False,scl3x3_b1_w8_centernotbad_p0_class2zero_v1,no_representative_frozen_scl_gate_failed,no_l2a_representative_for_date,no_frozen_representative_l2a_product_for_date,,,,,,,,,,,,,,,,,,,,,,,,,,,,,,,,,,,,,,,,,,,,,,,,,,,,,,,,,,,,,,,,,,,,,,,,,,,,,,,,,,,,,,,,,,,,,,,,,,,,,,,,,,,,,,,,,,,,,,,,,,,,,,,,,,,,,,,,,,,,,,,,,,,,,,,,,,,,,,,,,,,,,,,,,,,,,,,,,,,,,,,,,,,,,,,,,,,,,,,,,,,,,,,,,,,,,,
2025-01-17,2025,False,scl3x3_b1_w8_centernotbad_p0_class2zero_v1,no_representative_frozen_scl_gate_failed,no_l2a_representative_for_date,no_frozen_representative_l2a_product_for_date,,,,,,,,,,,,,,,,,,,,,,,,,,,,,,,,,,,,,,,,,,,,,,,,,,,,,,,,,,,,,,,,,,,,,,,,,,,,,,,,,,,,,,,,,,,,,,,,,,,,,,,,,,,,,,,,,,,,,,,,,,,,,,,,,,,,,,,,,,,,,,,,,,,,,,,,,,,,,,,,,,,,,,,,,,,,,,,,,,,,,,,,,,,,,,,,,,,,,,,,,,,,,,,,,,,,,,
2025-01-22,2025,False,scl3x3_b1_w8_centernotbad_p0_class2zero_v1,no_representative_frozen_scl_gate_failed,no_l2a_representative_for_date,no_frozen_representative_l2a_product_for_date,,,,,,,,,,,,,,,,,,,,,,,,,,,,,,,,,,,,,,,,,,,,,,,,,,,,,,,,,,,,,,,,,,,,,,,,,,,,,,,,,,,,,,,,,,,,,,,,,,,,,,,,,,,,,,,,,,,,,,,,,,,,,,,,,,,,,,,,,,,,,,,,,,,,,,,,,,,,,,,,,,,,,,,,,,,,,,,,,,,,,,,,,,,,,,,,,,,,,,,,,,,,,,,,,,,,,,
2025-01-30,2025,False,scl3x3_b1_w8_centernotbad_p0_class2zero_v1,no_representative_frozen_scl_gate_failed,no_l2a_representative_for_date,no_frozen_representative_l2a_product_for_date,,,,,,,,,,,,,,,,,,,,,,,,,,,,,,,,,,,,,,,,,,,,,,,,,,,,,,,,,,,,,,,,,,,,,,,,,,,,,,,,,,,,,,,,,,,,,,,,,,,,,,,,,,,,,,,,,,,,,,,,,,,,,,,,,,,,,,,,,,,,,,,,,,,,,,,,,,,,,,,,,,,,,,,,,,,,,,,,,,,,,,,,,,,,,,,,,,,,,,,,,,,,,,,,,,,,,,
2025-02-01,2025,False,scl3x3_b1_w8_centernotbad_p0_class2zero_v1,no_representative_frozen_scl_gate_failed,no_l2a_representative_for_date,no_frozen_representative_l2a_product_for_date,,,,,,,,,,,,,,,,,,,,,,,,,,,,,,,,,,,,,,,,,,,,,,,,,,,,,,,,,,,,,,,,,,,,,,,,,,,,,,,,,,,,,,,,,,,,,,,,,,,,,,,,,,,,,,,,,,,,,,,,,,,,,,,,,,,,,,,,,,,,,,,,,,,,,,,,,,,,,,,,,,,,,,,,,,,,,,,,,,,,,,,,,,,,,,,,,,,,,,,,,,,,,,,,,,,,,,
2025-02-04,2025,False,scl3x3_b1_w8_centernotbad_p0_class2zero_v1,no_representative_frozen_scl_gate_failed,no_l2a_representative_for_date,no_frozen_representative_l2a_product_for_date,,,,,,,,,,,,,,,,,,,,,,,,,,,,,,,,,,,,,,,,,,,,,,,,,,,,,,,,,,,,,,,,,,,,,,,,,,,,,,,,,,,,,,,,,,,,,,,,,,,,,,,,,,,,,,,,,,,,,,,,,,,,,,,,,,,,,,,,,,,,,,,,,,,,,,,,,,,,,,,,,,,,,,,,,,,,,,,,,,,,,,,,,,,,,,,,,,,,,,,,,,,,,,,,,,,,,,
2025-02-09,2025,False,scl3x3_b1_w8_centernotbad_p0_class2zero_v1,no_representative_frozen_scl_gate_failed,no_l2a_representative_for_date,no_frozen_representative_l2a_product_for_date,,,,,,,,,,,,,,,,,,,,,,,,,,,,,,,,,,,,,,,,,,,,,,,,,,,,,,,,,,,,,,,,,,,,,,,,,,,,,,,,,,,,,,,,,,,,,,,,,,,,,,,,,,,,,,,,,,,,,,,,,,,,,,,,,,,,,,,,,,,,,,,,,,,,,,,,,,,,,,,,,,,,,,,,,,,,,,,,,,,,,,,,,,,,,,,,,,,,,,,,,,,,,,,,,,,,,,
2025-02-11,2025,True,scl3x3_b1_w8_centernotbad_p0_class2zero_v1,frozen_representative,exact_unique,no_valid_pixels_after_qa_in_frozen_3x3_window,L2A,S2C_MSIL2A_20250211T101201_N0511_R022_T34VCM_20250211T142256,2025-02-11T10:12:01Z,S2C,T34VCM,22,N0511,2025-02-11T14:22:56Z,False,10000.0,MTD_MSIL2A.xml,N0511,product_metadata_PROCESSING_BASELINE,True,3,product_spectral_information_list,-1000.0,product_offset_list,(DN + -1000) / 10000,666.5,4,product_spectral_information_list,-1000.0,product_offset_list,(DN + -1000) / 10000,707.1,5,product_spectral_information_list,-1000.0,product_offset_list,(DN + -1000) / 10000,741.1,EPSG:32634,20.0,0.0,300000.0,0.0,-20.0,6700020.0,5490,5490,20.0,20.0,3200,3347,True,GRANULE/L2A_T34VCM_A002280_20250211T101203/IMG_DATA/R20m/T34VCM_20250211T101201_B04_20m.jp2,20.0,native_target_grid,0,0,0,0.37248888888888887,GRANULE/L2A_T34VCM_A002280_20250211T101203/IMG_DATA/R20m/T34VCM_20250211T101201_B05_20m.jp2,20.0,native_target_grid,0,0,0,0.38121111111111117,GRANULE/L2A_T34VCM_A002280_20250211T101203/IMG_DATA/R20m/T34VCM_20250211T101201_B06_20m.jp2,20.0,native_target_grid,0,0,0,0.3695,GRANULE/L2A_T34VCM_A002280_20250211T101203/QI_DATA/MSK_QUALIT_B04.jp2,any_invalid_reduce_x2,10.0,GRANULE/L2A_T34VCM_A002280_20250211T101203/QI_DATA/MSK_QUALIT_B05.jp2,native_target_grid,20.0,GRANULE/L2A_T34VCM_A002280_20250211T101203/QI_DATA/MSK_QUALIT_B06.jp2,native_target_grid,20.0,present,GRANULE/L2A_T34VCM_A002280_20250211T101203/QI_DATA/MSK_CLASSI_B00.jp2,exact_footprint_expand_x3,60.0,present,GRANULE/L2A_T34VCM_A002280_20250211T101203/IMG_DATA/R20m/T34VCM_20250211T101201_SCL_20m.jp2,native_target_grid,20.0,9,,0,0.0,B04,0,0.0,B04,0,0.0,B04,0,0.0,B04,0,0.0,B04,0,0.0,B04,0,0.0,B04,0,0.0,B04,0,0.0,B05,0,0.0,B05,0,0.0,B05,0,0.0,B05,0,0.0,B05,0,0.0,B05,0,0.0,B05,0,0.0,B05,0,0.0,B06,0,0.0,B06,0,0.0,B06,0,0.0,B06,0,0.0,B06,0,0.0,B06,0,0.0,B06,0,0.0,B06,0,0.0,9,1.0,0,0.0,0,0.0,0,0.0,0,0.0,0,0.0,0,0.0,0,0.0,0,0.0,0,0.0,0,0.0,0,0,0,0,0.5333333333333333,0,0.0,,,,,,,0,0.0,,,,,,,0,0,0,0,0,0,0,0,False,False,NOT_SELECTED_REQUIRES_HUMAN_FREEZE
2025-02-11,2025,True,scl3x3_b1_w8_centernotbad_p0_class2zero_v1,frozen_representative,exact_unique,no_valid_pixels_after_qa_in_frozen_3x3_window,L1C,S2C_MSIL1C_20250211T101201_N0511_R022_T34VCM_20250211T122750,2025-02-11T10:12:01Z,S2C,T34VCM,22,N0511,2025-02-11T12:27:50Z,False,10000.0,MTD_MSIL1C.xml,N0511,product_metadata_PROCESSING_BASELINE,True,3,product_spectral_information_list,-1000.0,product_offset_list,(DN + -1000) / 10000,666.5,4,product_spectral_information_list,-1000.0,product_offset_list,(DN + -1000) / 10000,707.1,5,product_spectral_information_list,-1000.0,product_offset_list,(DN + -1000) / 10000,741.1,EPSG:32634,20.0,0.0,300000.0,0.0,-20.0,6700020.0,5490,5490,20.0,20.0,3200,3347,True,GRANULE/L1C_T34VCM_A002280_20250211T101203/IMG_DATA/T34VCM_20250211T101201_B04.jp2,10.0,block_mean_reduce_x2,0,0,0,0.33468333333333333,GRANULE/L1C_T34VCM_A002280_20250211T101203/IMG_DATA/T34VCM_20250211T101201_B05.jp2,20.0,native_target_grid,0,0,0,0.3363111111111111,GRANULE/L1C_T34VCM_A002280_20250211T101203/IMG_DATA/T34VCM_20250211T101201_B06.jp2,20.0,native_target_grid,0,0,0,0.3411444444444445,GRANULE/L1C_T34VCM_A002280_20250211T101203/QI_DATA/MSK_QUALIT_B04.jp2,any_invalid_reduce_x2,10.0,GRANULE/L1C_T34VCM_A002280_20250211T101203/QI_DATA/MSK_QUALIT_B05.jp2,native_target_grid,20.0,GRANULE/L1C_T34VCM_A002280_20250211T101203/QI_DATA/MSK_QUALIT_B06.jp2,native_target_grid,20.0,present,GRANULE/L1C_T34VCM_A002280_20250211T101203/QI_DATA/MSK_CLASSI_B00.jp2,exact_footprint_expand_x3,60.0,present,GRANULE/L2A_T34VCM_A002280_20250211T101203/IMG_DATA/R20m/T34VCM_20250211T101201_SCL_20m.jp2,native_target_grid,20.0,9,,0,0.0,B04,0,0.0,B04,0,0.0,B04,0,0.0,B04,0,0.0,B04,0,0.0,B04,0,0.0,B04,0,0.0,B04,0,0.0,B05,0,0.0,B05,0,0.0,B05,0,0.0,B05,0,0.0,B05,0,0.0,B05,0,0.0,B05,0,0.0,B05,0,0.0,B06,0,0.0,B06,0,0.0,B06,0,0.0,B06,0,0.0,B06,0,0.0,B06,0,0.0,B06,0,0.0,B06,0,0.0,9,1.0,0,0.0,0,0.0,0,0.0,0,0.0,0,0.0,0,0.0,0,0.0,0,0.0,0,0.0,0,0.0,0,0,0,0,0.5333333333333333,0,0.0,,,,,,,0,0.0,,,,,,,0,0,0,0,0,0,0,0,False,False,NOT_SELECTED_REQUIRES_HUMAN_FREEZE
2025-02-14,2025,False,scl3x3_b1_w8_centernotbad_p0_class2zero_v1,no_representative_frozen_scl_gate_failed,no_l2a_representative_for_date,no_frozen_representative_l2a_product_for_date,,,,,,,,,,,,,,,,,,,,,,,,,,,,,,,,,,,,,,,,,,,,,,,,,,,,,,,,,,,,,,,,,,,,,,,,,,,,,,,,,,,,,,,,,,,,,,,,,,,,,,,,,,,,,,,,,,,,,,,,,,,,,,,,,,,,,,,,,,,,,,,,,,,,,,,,,,,,,,,,,,,,,,,,,,,,,,,,,,,,,,,,,,,,,,,,,,,,,,,,,,,,,,,,,,,,,,
2025-02-16,2025,False,scl3x3_b1_w8_centernotbad_p0_class2zero_v1,no_representative_frozen_scl_gate_failed,no_l2a_representative_for_date,no_frozen_representative_l2a_product_for_date,,,,,,,,,,,,,,,,,,,,,,,,,,,,,,,,,,,,,,,,,,,,,,,,,,,,,,,,,,,,,,,,,,,,,,,,,,,,,,,,,,,,,,,,,,,,,,,,,,,,,,,,,,,,,,,,,,,,,,,,,,,,,,,,,,,,,,,,,,,,,,,,,,,,,,,,,,,,,,,,,,,,,,,,,,,,,,,,,,,,,,,,,,,,,,,,,,,,,,,,,,,,,,,,,,,,,,
2025-02-19,2025,False,scl3x3_b1_w8_centernotbad_p0_class2zero_v1,no_representative_frozen_scl_gate_failed,no_l2a_representative_for_date,no_frozen_representative_l2a_product_for_date,,,,,,,,,,,,,,,,,,,,,,,,,,,,,,,,,,,,,,,,,,,,,,,,,,,,,,,,,,,,,,,,,,,,,,,,,,,,,,,,,,,,,,,,,,,,,,,,,,,,,,,,,,,,,,,,,,,,,,,,,,,,,,,,,,,,,,,,,,,,,,,,,,,,,,,,,,,,,,,,,,,,,,,,,,,,,,,,,,,,,,,,,,,,,,,,,,,,,,,,,,,,,,,,,,,,,,
2025-02-21,2025,False,scl3x3_b1_w8_centernotbad_p0_class2zero_v1,no_representative_frozen_scl_gate_failed,no_l2a_representative_for_date,no_frozen_representative_l2a_product_for_date,,,,,,,,,,,,,,,,,,,,,,,,,,,,,,,,,,,,,,,,,,,,,,,,,,,,,,,,,,,,,,,,,,,,,,,,,,,,,,,,,,,,,,,,,,,,,,,,,,,,,,,,,,,,,,,,,,,,,,,,,,,,,,,,,,,,,,,,,,,,,,,,,,,,,,,,,,,,,,,,,,,,,,,,,,,,,,,,,,,,,,,,,,,,,,,,,,,,,,,,,,,,,,,,,,,,,,
2025-02-24,2025,False,scl3x3_b1_w8_centernotbad_p0_class2zero_v1,no_representative_frozen_scl_gate_failed,no_l2a_representative_for_date,no_frozen_representative_l2a_product_for_date,,,,,,,,,,,,,,,,,,,,,,,,,,,,,,,,,,,,,,,,,,,,,,,,,,,,,,,,,,,,,,,,,,,,,,,,,,,,,,,,,,,,,,,,,,,,,,,,,,,,,,,,,,,,,,,,,,,,,,,,,,,,,,,,,,,,,,,,,,,,,,,,,,,,,,,,,,,,,,,,,,,,,,,,,,,,,,,,,,,,,,,,,,,,,,,,,,,,,,,,,,,,,,,,,,,,,,
2025-02-26,2025,False,scl3x3_b1_w8_centernotbad_p0_class2zero_v1,no_representative_frozen_scl_gate_failed,no_l2a_representative_for_date,no_frozen_representative_l2a_product_for_date,,,,,,,,,,,,,,,,,,,,,,,,,,,,,,,,,,,,,,,,,,,,,,,,,,,,,,,,,,,,,,,,,,,,,,,,,,,,,,,,,,,,,,,,,,,,,,,,,,,,,,,,,,,,,,,,,,,,,,,,,,,,,,,,,,,,,,,,,,,,,,,,,,,,,,,,,,,,,,,,,,,,,,,,,,,,,,,,,,,,,,,,,,,,,,,,,,,,,,,,,,,,,,,,,,,,,,
2025-03-01,2025,False,scl3x3_b1_w8_centernotbad_p0_class2zero_v1,no_representative_frozen_scl_gate_failed,no_l2a_representative_for_date,no_frozen_representative_l2a_product_for_date,,,,,,,,,,,,,,,,,,,,,,,,,,,,,,,,,,,,,,,,,,,,,,,,,,,,,,,,,,,,,,,,,,,,,,,,,,,,,,,,,,,,,,,,,,,,,,,,,,,,,,,,,,,,,,,,,,,,,,,,,,,,,,,,,,,,,,,,,,,,,,,,,,,,,,,,,,,,,,,,,,,,,,,,,,,,,,,,,,,,,,,,,,,,,,,,,,,,,,,,,,,,,,,,,,,,,,
2025-03-03,2025,False,scl3x3_b1_w8_centernotbad_p0_class2zero_v1,no_representative_frozen_scl_gate_failed,no_l2a_representative_for_date,no_frozen_representative_l2a_product_for_date,,,,,,,,,,,,,,,,,,,,,,,,,,,,,,,,,,,,,,,,,,,,,,,,,,,,,,,,,,,,,,,,,,,,,,,,,,,,,,,,,,,,,,,,,,,,,,,,,,,,,,,,,,,,,,,,,,,,,,,,,,,,,,,,,,,,,,,,,,,,,,,,,,,,,,,,,,,,,,,,,,,,,,,,,,,,,,,,,,,,,,,,,,,,,,,,,,,,,,,,,,,,,,,,,,,,,,
2025-03-06,2025,False,scl3x3_b1_w8_centernotbad_p0_class2zero_v1,no_representative_frozen_scl_gate_failed,no_l2a_representative_for_date,no_frozen_representative_l2a_product_for_date,,,,,,,,,,,,,,,,,,,,,,,,,,,,,,,,,,,,,,,,,,,,,,,,,,,,,,,,,,,,,,,,,,,,,,,,,,,,,,,,,,,,,,,,,,,,,,,,,,,,,,,,,,,,,,,,,,,,,,,,,,,,,,,,,,,,,,,,,,,,,,,,,,,,,,,,,,,,,,,,,,,,,,,,,,,,,,,,,,,,,,,,,,,,,,,,,,,,,,,,,,,,,,,,,,,,,,
2025-03-08,2025,False,scl3x3_b1_w8_centernotbad_p0_class2zero_v1,no_representative_frozen_scl_gate_failed,no_l2a_representative_for_date,no_frozen_representative_l2a_product_for_date,,,,,,,,,,,,,,,,,,,,,,,,,,,,,,,,,,,,,,,,,,,,,,,,,,,,,,,,,,,,,,,,,,,,,,,,,,,,,,,,,,,,,,,,,,,,,,,,,,,,,,,,,,,,,,,,,,,,,,,,,,,,,,,,,,,,,,,,,,,,,,,,,,,,,,,,,,,,,,,,,,,,,,,,,,,,,,,,,,,,,,,,,,,,,,,,,,,,,,,,,,,,,,,,,,,,,,
2025-03-11,2025,False,scl3x3_b1_w8_centernotbad_p0_class2zero_v1,no_representative_frozen_scl_gate_failed,no_l2a_representative_for_date,no_frozen_representative_l2a_product_for_date,,,,,,,,,,,,,,,,,,,,,,,,,,,,,,,,,,,,,,,,,,,,,,,,,,,,,,,,,,,,,,,,,,,,,,,,,,,,,,,,,,,,,,,,,,,,,,,,,,,,,,,,,,,,,,,,,,,,,,,,,,,,,,,,,,,,,,,,,,,,,,,,,,,,,,,,,,,,,,,,,,,,,,,,,,,,,,,,,,,,,,,,,,,,,,,,,,,,,,,,,,,,,,,,,,,,,,
2025-03-13,2025,False,scl3x3_b1_w8_centernotbad_p0_class2zero_v1,no_representative_frozen_scl_gate_failed,no_l2a_representative_for_date,no_frozen_representative_l2a_product_for_date,,,,,,,,,,,,,,,,,,,,,,,,,,,,,,,,,,,,,,,,,,,,,,,,,,,,,,,,,,,,,,,,,,,,,,,,,,,,,,,,,,,,,,,,,,,,,,,,,,,,,,,,,,,,,,,,,,,,,,,,,,,,,,,,,,,,,,,,,,,,,,,,,,,,,,,,,,,,,,,,,,,,,,,,,,,,,,,,,,,,,,,,,,,,,,,,,,,,,,,,,,,,,,,,,,,,,,
2025-03-15,2025,False,scl3x3_b1_w8_centernotbad_p0_class2zero_v1,no_representative_frozen_scl_gate_failed,no_l2a_representative_for_date,no_frozen_representative_l2a_product_for_date,,,,,,,,,,,,,,,,,,,,,,,,,,,,,,,,,,,,,,,,,,,,,,,,,,,,,,,,,,,,,,,,,,,,,,,,,,,,,,,,,,,,,,,,,,,,,,,,,,,,,,,,,,,,,,,,,,,,,,,,,,,,,,,,,,,,,,,,,,,,,,,,,,,,,,,,,,,,,,,,,,,,,,,,,,,,,,,,,,,,,,,,,,,,,,,,,,,,,,,,,,,,,,,,,,,,,,
2025-03-16,2025,False,scl3x3_b1_w8_centernotbad_p0_class2zero_v1,no_representative_frozen_scl_gate_failed,no_l2a_representative_for_date,no_frozen_representative_l2a_product_for_date,,,,,,,,,,,,,,,,,,,,,,,,,,,,,,,,,,,,,,,,,,,,,,,,,,,,,,,,,,,,,,,,,,,,,,,,,,,,,,,,,,,,,,,,,,,,,,,,,,,,,,,,,,,,,,,,,,,,,,,,,,,,,,,,,,,,,,,,,,,,,,,,,,,,,,,,,,,,,,,,,,,,,,,,,,,,,,,,,,,,,,,,,,,,,,,,,,,,,,,,,,,,,,,,,,,,,,
2025-03-18,2025,False,scl3x3_b1_w8_centernotbad_p0_class2zero_v1,no_representative_frozen_scl_gate_failed,no_l2a_representative_for_date,no_frozen_representative_l2a_product_for_date,,,,,,,,,,,,,,,,,,,,,,,,,,,,,,,,,,,,,,,,,,,,,,,,,,,,,,,,,,,,,,,,,,,,,,,,,,,,,,,,,,,,,,,,,,,,,,,,,,,,,,,,,,,,,,,,,,,,,,,,,,,,,,,,,,,,,,,,,,,,,,,,,,,,,,,,,,,,,,,,,,,,,,,,,,,,,,,,,,,,,,,,,,,,,,,,,,,,,,,,,,,,,,,,,,,,,,
2025-03-25,2025,False,scl3x3_b1_w8_centernotbad_p0_class2zero_v1,no_representative_frozen_scl_gate_failed,no_l2a_representative_for_date,no_frozen_representative_l2a_product_for_date,,,,,,,,,,,,,,,,,,,,,,,,,,,,,,,,,,,,,,,,,,,,,,,,,,,,,,,,,,,,,,,,,,,,,,,,,,,,,,,,,,,,,,,,,,,,,,,,,,,,,,,,,,,,,,,,,,,,,,,,,,,,,,,,,,,,,,,,,,,,,,,,,,,,,,,,,,,,,,,,,,,,,,,,,,,,,,,,,,,,,,,,,,,,,,,,,,,,,,,,,,,,,,,,,,,,,,
2025-03-26,2025,False,scl3x3_b1_w8_centernotbad_p0_class2zero_v1,no_representative_frozen_scl_gate_failed,no_l2a_representative_for_date,no_frozen_representative_l2a_product_for_date,,,,,,,,,,,,,,,,,,,,,,,,,,,,,,,,,,,,,,,,,,,,,,,,,,,,,,,,,,,,,,,,,,,,,,,,,,,,,,,,,,,,,,,,,,,,,,,,,,,,,,,,,,,,,,,,,,,,,,,,,,,,,,,,,,,,,,,,,,,,,,,,,,,,,,,,,,,,,,,,,,,,,,,,,,,,,,,,,,,,,,,,,,,,,,,,,,,,,,,,,,,,,,,,,,,,,,
2025-03-28,2025,True,scl3x3_b1_w8_centernotbad_p0_class2zero_v1,frozen_representative,exact_unique,no_valid_pixels_after_qa_in_frozen_3x3_window,L2A,S2B_MSIL2A_20250328T100559_N0511_R022_T34VCM_20250328T122235,2025-03-28T10:05:59Z,S2B,T34VCM,22,N0511,2025-03-28T12:22:35Z,False,10000.0,MTD_MSIL2A.xml,N0511,product_metadata_PROCESSING_BASELINE,True,3,product_spectral_information_list,-1000.0,product_offset_list,(DN + -1000) / 10000,665.0,4,product_spectral_information_list,-1000.0,product_offset_list,(DN + -1000) / 10000,703.8,5,product_spectral_information_list,-1000.0,product_offset_list,(DN + -1000) / 10000,739.1,EPSG:32634,20.0,0.0,300000.0,0.0,-20.0,6700020.0,5490,5490,20.0,20.0,3200,3347,True,GRANULE/L2A_T34VCM_A042090_20250328T100555/IMG_DATA/R20m/T34VCM_20250328T100559_B04_20m.jp2,20.0,native_target_grid,0,0,0,0.018577777777777776,GRANULE/L2A_T34VCM_A042090_20250328T100555/IMG_DATA/R20m/T34VCM_20250328T100559_B05_20m.jp2,20.0,native_target_grid,0,0,0,0.021388888888888888,GRANULE/L2A_T34VCM_A042090_20250328T100555/IMG_DATA/R20m/T34VCM_20250328T100559_B06_20m.jp2,20.0,native_target_grid,0,0,0,0.017944444444444443,GRANULE/L2A_T34VCM_A042090_20250328T100555/QI_DATA/MSK_QUALIT_B04.jp2,any_invalid_reduce_x2,10.0,GRANULE/L2A_T34VCM_A042090_20250328T100555/QI_DATA/MSK_QUALIT_B05.jp2,native_target_grid,20.0,GRANULE/L2A_T34VCM_A042090_20250328T100555/QI_DATA/MSK_QUALIT_B06.jp2,native_target_grid,20.0,present,GRANULE/L2A_T34VCM_A042090_20250328T100555/QI_DATA/MSK_CLASSI_B00.jp2,exact_footprint_expand_x3,60.0,present,GRANULE/L2A_T34VCM_A042090_20250328T100555/IMG_DATA/R20m/T34VCM_20250328T100559_SCL_20m.jp2,native_target_grid,20.0,9,,0,0.0,B04,0,0.0,B04,0,0.0,B04,0,0.0,B04,0,0.0,B04,0,0.0,B04,0,0.0,B04,0,0.0,B04,0,0.0,B05,0,0.0,B05,0,0.0,B05,0,0.0,B05,0,0.0,B05,0,0.0,B05,0,0.0,B05,0,0.0,B05,0,0.0,B06,0,0.0,B06,0,0.0,B06,0,0.0,B06,0,0.0,B06,0,0.0,B06,0,0.0,B06,0,0.0,B06,9,1.0,0,0.0,0,0.0,0,0.0,0,0.0,0,0.0,0,0.0,0,0.0,0,0.0,0,0.0,0,0.0,0,0.0,0,0,0,0,0.5333333333333333,0,0.0,,,,,,,0,0.0,,,,,,,0,0,0,0,0,0,0,0,False,False,NOT_SELECTED_REQUIRES_HUMAN_FREEZE
2025-03-28,2025,True,scl3x3_b1_w8_centernotbad_p0_class2zero_v1,frozen_representative,exact_unique,no_valid_pixels_after_qa_in_frozen_3x3_window,L1C,S2B_MSIL1C_20250328T100559_N0511_R022_T34VCM_20250328T120642,2025-03-28T10:05:59Z,S2B,T34VCM,22,N0511,2025-03-28T12:06:42Z,False,10000.0,MTD_MSIL1C.xml,N0511,product_metadata_PROCESSING_BASELINE,True,3,product_spectral_information_list,-1000.0,product_offset_list,(DN + -1000) / 10000,665.0,4,product_spectral_information_list,-1000.0,product_offset_list,(DN + -1000) / 10000,703.8,5,product_spectral_information_list,-1000.0,product_offset_list,(DN + -1000) / 10000,739.1,EPSG:32634,20.0,0.0,300000.0,0.0,-20.0,6700020.0,5490,5490,20.0,20.0,3200,3347,True,GRANULE/L1C_T34VCM_A042090_20250328T100555/IMG_DATA/T34VCM_20250328T100559_B04.jp2,10.0,block_mean_reduce_x2,0,0,0,0.04498888888888889,GRANULE/L1C_T34VCM_A042090_20250328T100555/IMG_DATA/T34VCM_20250328T100559_B05.jp2,20.0,native_target_grid,0,0,0,0.04276666666666667,GRANULE/L1C_T34VCM_A042090_20250328T100555/IMG_DATA/T34VCM_20250328T100559_B06.jp2,20.0,native_target_grid,0,0,0,0.038500000000000006,GRANULE/L1C_T34VCM_A042090_20250328T100555/QI_DATA/MSK_QUALIT_B04.jp2,any_invalid_reduce_x2,10.0,GRANULE/L1C_T34VCM_A042090_20250328T100555/QI_DATA/MSK_QUALIT_B05.jp2,native_target_grid,20.0,GRANULE/L1C_T34VCM_A042090_20250328T100555/QI_DATA/MSK_QUALIT_B06.jp2,native_target_grid,20.0,present,GRANULE/L1C_T34VCM_A042090_20250328T100555/QI_DATA/MSK_CLASSI_B00.jp2,exact_footprint_expand_x3,60.0,present,GRANULE/L2A_T34VCM_A042090_20250328T100555/IMG_DATA/R20m/T34VCM_20250328T100559_SCL_20m.jp2,native_target_grid,20.0,9,,0,0.0,B04,0,0.0,B04,0,0.0,B04,0,0.0,B04,0,0.0,B04,0,0.0,B04,0,0.0,B04,0,0.0,B04,0,0.0,B05,0,0.0,B05,0,0.0,B05,0,0.0,B05,0,0.0,B05,0,0.0,B05,0,0.0,B05,0,0.0,B05,0,0.0,B06,0,0.0,B06,0,0.0,B06,0,0.0,B06,0,0.0,B06,0,0.0,B06,0,0.0,B06,0,0.0,B06,9,1.0,0,0.0,0,0.0,0,0.0,0,0.0,0,0.0,0,0.0,0,0.0,0,0.0,0,0.0,0,0.0,0,0.0,0,0,0,0,0.5333333333333333,0,0.0,,,,,,,0,0.0,,,,,,,0,0,0,0,0,0,0,0,False,False,NOT_SELECTED_REQUIRES_HUMAN_FREEZE
2025-03-31,2025,False,scl3x3_b1_w8_centernotbad_p0_class2zero_v1,no_representative_frozen_scl_gate_failed,no_l2a_representative_for_date,no_frozen_representative_l2a_product_for_date,,,,,,,,,,,,,,,,,,,,,,,,,,,,,,,,,,,,,,,,,,,,,,,,,,,,,,,,,,,,,,,,,,,,,,,,,,,,,,,,,,,,,,,,,,,,,,,,,,,,,,,,,,,,,,,,,,,,,,,,,,,,,,,,,,,,,,,,,,,,,,,,,,,,,,,,,,,,,,,,,,,,,,,,,,,,,,,,,,,,,,,,,,,,,,,,,,,,,,,,,,,,,,,,,,,,,,
2025-04-02,2025,False,scl3x3_b1_w8_centernotbad_p0_class2zero_v1,no_representative_frozen_scl_gate_failed,no_l2a_representative_for_date,no_frozen_representative_l2a_product_for_date,,,,,,,,,,,,,,,,,,,,,,,,,,,,,,,,,,,,,,,,,,,,,,,,,,,,,,,,,,,,,,,,,,,,,,,,,,,,,,,,,,,,,,,,,,,,,,,,,,,,,,,,,,,,,,,,,,,,,,,,,,,,,,,,,,,,,,,,,,,,,,,,,,,,,,,,,,,,,,,,,,,,,,,,,,,,,,,,,,,,,,,,,,,,,,,,,,,,,,,,,,,,,,,,,,,,,,
2025-04-05,2025,False,scl3x3_b1_w8_centernotbad_p0_class2zero_v1,no_representative_frozen_scl_gate_failed,no_l2a_representative_for_date,no_frozen_representative_l2a_product_for_date,,,,,,,,,,,,,,,,,,,,,,,,,,,,,,,,,,,,,,,,,,,,,,,,,,,,,,,,,,,,,,,,,,,,,,,,,,,,,,,,,,,,,,,,,,,,,,,,,,,,,,,,,,,,,,,,,,,,,,,,,,,,,,,,,,,,,,,,,,,,,,,,,,,,,,,,,,,,,,,,,,,,,,,,,,,,,,,,,,,,,,,,,,,,,,,,,,,,,,,,,,,,,,,,,,,,,,
2025-04-10,2025,False,scl3x3_b1_w8_centernotbad_p0_class2zero_v1,no_representative_frozen_scl_gate_failed,no_l2a_representative_for_date,no_frozen_representative_l2a_product_for_date,,,,,,,,,,,,,,,,,,,,,,,,,,,,,,,,,,,,,,,,,,,,,,,,,,,,,,,,,,,,,,,,,,,,,,,,,,,,,,,,,,,,,,,,,,,,,,,,,,,,,,,,,,,,,,,,,,,,,,,,,,,,,,,,,,,,,,,,,,,,,,,,,,,,,,,,,,,,,,,,,,,,,,,,,,,,,,,,,,,,,,,,,,,,,,,,,,,,,,,,,,,,,,,,,,,,,,
2025-04-15,2025,False,scl3x3_b1_w8_centernotbad_p0_class2zero_v1,no_representative_frozen_scl_gate_failed,no_l2a_representative_for_date,no_frozen_representative_l2a_product_for_date,,,,,,,,,,,,,,,,,,,,,,,,,,,,,,,,,,,,,,,,,,,,,,,,,,,,,,,,,,,,,,,,,,,,,,,,,,,,,,,,,,,,,,,,,,,,,,,,,,,,,,,,,,,,,,,,,,,,,,,,,,,,,,,,,,,,,,,,,,,,,,,,,,,,,,,,,,,,,,,,,,,,,,,,,,,,,,,,,,,,,,,,,,,,,,,,,,,,,,,,,,,,,,,,,,,,,,
2025-04-17,2025,False,scl3x3_b1_w8_centernotbad_p0_class2zero_v1,no_representative_frozen_scl_gate_failed,no_l2a_representative_for_date,no_frozen_representative_l2a_product_for_date,,,,,,,,,,,,,,,,,,,,,,,,,,,,,,,,,,,,,,,,,,,,,,,,,,,,,,,,,,,,,,,,,,,,,,,,,,,,,,,,,,,,,,,,,,,,,,,,,,,,,,,,,,,,,,,,,,,,,,,,,,,,,,,,,,,,,,,,,,,,,,,,,,,,,,,,,,,,,,,,,,,,,,,,,,,,,,,,,,,,,,,,,,,,,,,,,,,,,,,,,,,,,,,,,,,,,,
2025-04-20,2025,False,scl3x3_b1_w8_centernotbad_p0_class2zero_v1,no_representative_frozen_scl_gate_failed,no_l2a_representative_for_date,no_frozen_representative_l2a_product_for_date,,,,,,,,,,,,,,,,,,,,,,,,,,,,,,,,,,,,,,,,,,,,,,,,,,,,,,,,,,,,,,,,,,,,,,,,,,,,,,,,,,,,,,,,,,,,,,,,,,,,,,,,,,,,,,,,,,,,,,,,,,,,,,,,,,,,,,,,,,,,,,,,,,,,,,,,,,,,,,,,,,,,,,,,,,,,,,,,,,,,,,,,,,,,,,,,,,,,,,,,,,,,,,,,,,,,,,
2025-04-22,2025,False,scl3x3_b1_w8_centernotbad_p0_class2zero_v1,no_representative_frozen_scl_gate_failed,no_l2a_representative_for_date,no_frozen_representative_l2a_product_for_date,,,,,,,,,,,,,,,,,,,,,,,,,,,,,,,,,,,,,,,,,,,,,,,,,,,,,,,,,,,,,,,,,,,,,,,,,,,,,,,,,,,,,,,,,,,,,,,,,,,,,,,,,,,,,,,,,,,,,,,,,,,,,,,,,,,,,,,,,,,,,,,,,,,,,,,,,,,,,,,,,,,,,,,,,,,,,,,,,,,,,,,,,,,,,,,,,,,,,,,,,,,,,,,,,,,,,,
2025-04-24,2025,False,scl3x3_b1_w8_centernotbad_p0_class2zero_v1,no_representative_frozen_scl_gate_failed,no_l2a_representative_for_date,no_frozen_representative_l2a_product_for_date,,,,,,,,,,,,,,,,,,,,,,,,,,,,,,,,,,,,,,,,,,,,,,,,,,,,,,,,,,,,,,,,,,,,,,,,,,,,,,,,,,,,,,,,,,,,,,,,,,,,,,,,,,,,,,,,,,,,,,,,,,,,,,,,,,,,,,,,,,,,,,,,,,,,,,,,,,,,,,,,,,,,,,,,,,,,,,,,,,,,,,,,,,,,,,,,,,,,,,,,,,,,,,,,,,,,,,
2025-04-25,2025,False,scl3x3_b1_w8_centernotbad_p0_class2zero_v1,no_representative_frozen_scl_gate_failed,no_l2a_representative_for_date,no_frozen_representative_l2a_product_for_date,,,,,,,,,,,,,,,,,,,,,,,,,,,,,,,,,,,,,,,,,,,,,,,,,,,,,,,,,,,,,,,,,,,,,,,,,,,,,,,,,,,,,,,,,,,,,,,,,,,,,,,,,,,,,,,,,,,,,,,,,,,,,,,,,,,,,,,,,,,,,,,,,,,,,,,,,,,,,,,,,,,,,,,,,,,,,,,,,,,,,,,,,,,,,,,,,,,,,,,,,,,,,,,,,,,,,,
2025-04-27,2025,True,scl3x3_b1_w8_centernotbad_p0_class2zero_v1,frozen_representative,exact_unique,no_valid_pixels_after_qa_in_frozen_3x3_window,L2A,S2B_MSIL2A_20250427T100559_N0511_R022_T34VCM_20250427T130507,2025-04-27T10:05:59Z,S2B,T34VCM,22,N0511,2025-04-27T13:05:07Z,False,10000.0,MTD_MSIL2A.xml,N0511,product_metadata_PROCESSING_BASELINE,True,3,product_spectral_information_list,-1000.0,product_offset_list,(DN + -1000) / 10000,665.0,4,product_spectral_information_list,-1000.0,product_offset_list,(DN + -1000) / 10000,703.8,5,product_spectral_information_list,-1000.0,product_offset_list,(DN + -1000) / 10000,739.1,EPSG:32634,20.0,0.0,300000.0,0.0,-20.0,6700020.0,5490,5490,20.0,20.0,3200,3347,True,GRANULE/L2A_T34VCM_A042519_20250427T101242/IMG_DATA/R20m/T34VCM_20250427T100559_B04_20m.jp2,20.0,native_target_grid,0,0,0,0.021233333333333333,GRANULE/L2A_T34VCM_A042519_20250427T101242/IMG_DATA/R20m/T34VCM_20250427T100559_B05_20m.jp2,20.0,native_target_grid,0,0,0,0.02207777777777778,GRANULE/L2A_T34VCM_A042519_20250427T101242/IMG_DATA/R20m/T34VCM_20250427T100559_B06_20m.jp2,20.0,native_target_grid,0,0,0,0.021777777777777778,GRANULE/L2A_T34VCM_A042519_20250427T101242/QI_DATA/MSK_QUALIT_B04.jp2,any_invalid_reduce_x2,10.0,GRANULE/L2A_T34VCM_A042519_20250427T101242/QI_DATA/MSK_QUALIT_B05.jp2,native_target_grid,20.0,GRANULE/L2A_T34VCM_A042519_20250427T101242/QI_DATA/MSK_QUALIT_B06.jp2,native_target_grid,20.0,present,GRANULE/L2A_T34VCM_A042519_20250427T101242/QI_DATA/MSK_CLASSI_B00.jp2,exact_footprint_expand_x3,60.0,present,GRANULE/L2A_T34VCM_A042519_20250427T101242/IMG_DATA/R20m/T34VCM_20250427T100559_SCL_20m.jp2,native_target_grid,20.0,9,,0,0.0,B04,0,0.0,B04,0,0.0,B04,0,0.0,B04,0,0.0,B04,0,0.0,B04,0,0.0,B04,0,0.0,B04,0,0.0,B05,0,0.0,B05,0,0.0,B05,0,0.0,B05,0,0.0,B05,0,0.0,B05,0,0.0,B05,0,0.0,B05,0,0.0,B06,0,0.0,B06,0,0.0,B06,0,0.0,B06,0,0.0,B06,0,0.0,B06,0,0.0,B06,0,0.0,B06,9,1.0,0,0.0,0,0.0,0,0.0,0,0.0,0,0.0,0,0.0,0,0.0,0,0.0,0,0.0,0,0.0,0,0.0,0,0,0,0,0.5333333333333333,0,0.0,,,,,,,0,0.0,,,,,,,0,0,0,0,0,0,0,0,False,False,NOT_SELECTED_REQUIRES_HUMAN_FREEZE
2025-04-27,2025,True,scl3x3_b1_w8_centernotbad_p0_class2zero_v1,frozen_representative,exact_unique,no_valid_pixels_after_qa_in_frozen_3x3_window,L1C,S2B_MSIL1C_20250427T100559_N0511_R022_T34VCM_20250427T123603,2025-04-27T10:05:59Z,S2B,T34VCM,22,N0511,2025-04-27T12:36:03Z,False,10000.0,MTD_MSIL1C.xml,N0511,product_metadata_PROCESSING_BASELINE,True,3,product_spectral_information_list,-1000.0,product_offset_list,(DN + -1000) / 10000,665.0,4,product_spectral_information_list,-1000.0,product_offset_list,(DN + -1000) / 10000,703.8,5,product_spectral_information_list,-1000.0,product_offset_list,(DN + -1000) / 10000,739.1,EPSG:32634,20.0,0.0,300000.0,0.0,-20.0,6700020.0,5490,5490,20.0,20.0,3200,3347,True,GRANULE/L1C_T34VCM_A042519_20250427T101242/IMG_DATA/T34VCM_20250427T100559_B04.jp2,10.0,block_mean_reduce_x2,0,0,0,0.04747222222222222,GRANULE/L1C_T34VCM_A042519_20250427T101242/IMG_DATA/T34VCM_20250427T100559_B05.jp2,20.0,native_target_grid,0,0,0,0.04448888888888888,GRANULE/L1C_T34VCM_A042519_20250427T101242/IMG_DATA/T34VCM_20250427T100559_B06.jp2,20.0,native_target_grid,0,0,0,0.0445,GRANULE/L1C_T34VCM_A042519_20250427T101242/QI_DATA/MSK_QUALIT_B04.jp2,any_invalid_reduce_x2,10.0,GRANULE/L1C_T34VCM_A042519_20250427T101242/QI_DATA/MSK_QUALIT_B05.jp2,native_target_grid,20.0,GRANULE/L1C_T34VCM_A042519_20250427T101242/QI_DATA/MSK_QUALIT_B06.jp2,native_target_grid,20.0,present,GRANULE/L1C_T34VCM_A042519_20250427T101242/QI_DATA/MSK_CLASSI_B00.jp2,exact_footprint_expand_x3,60.0,present,GRANULE/L2A_T34VCM_A042519_20250427T101242/IMG_DATA/R20m/T34VCM_20250427T100559_SCL_20m.jp2,native_target_grid,20.0,9,,0,0.0,B04,0,0.0,B04,0,0.0,B04,0,0.0,B04,0,0.0,B04,0,0.0,B04,0,0.0,B04,0,0.0,B04,0,0.0,B05,0,0.0,B05,0,0.0,B05,0,0.0,B05,0,0.0,B05,0,0.0,B05,0,0.0,B05,0,0.0,B05,0,0.0,B06,0,0.0,B06,0,0.0,B06,0,0.0,B06,0,0.0,B06,0,0.0,B06,0,0.0,B06,0,0.0,B06,9,1.0,0,0.0,0,0.0,0,0.0,0,0.0,0,0.0,0,0.0,0,0.0,0,0.0,0,0.0,0,0.0,0,0.0,0,0,0,0,0.5333333333333333,0,0.0,,,,,,,0,0.0,,,,,,,0,0,0,0,0,0,0,0,False,False,NOT_SELECTED_REQUIRES_HUMAN_FREEZE
2025-04-30,2025,False,scl3x3_b1_w8_centernotbad_p0_class2zero_v1,no_representative_frozen_scl_gate_failed,no_l2a_representative_for_date,no_frozen_representative_l2a_product_for_date,,,,,,,,,,,,,,,,,,,,,,,,,,,,,,,,,,,,,,,,,,,,,,,,,,,,,,,,,,,,,,,,,,,,,,,,,,,,,,,,,,,,,,,,,,,,,,,,,,,,,,,,,,,,,,,,,,,,,,,,,,,,,,,,,,,,,,,,,,,,,,,,,,,,,,,,,,,,,,,,,,,,,,,,,,,,,,,,,,,,,,,,,,,,,,,,,,,,,,,,,,,,,,,,,,,,,,
2025-05-02,2025,False,scl3x3_b1_w8_centernotbad_p0_class2zero_v1,no_representative_frozen_scl_gate_failed,no_l2a_representative_for_date,no_frozen_representative_l2a_product_for_date,,,,,,,,,,,,,,,,,,,,,,,,,,,,,,,,,,,,,,,,,,,,,,,,,,,,,,,,,,,,,,,,,,,,,,,,,,,,,,,,,,,,,,,,,,,,,,,,,,,,,,,,,,,,,,,,,,,,,,,,,,,,,,,,,,,,,,,,,,,,,,,,,,,,,,,,,,,,,,,,,,,,,,,,,,,,,,,,,,,,,,,,,,,,,,,,,,,,,,,,,,,,,,,,,,,,,,
2025-05-05,2025,False,scl3x3_b1_w8_centernotbad_p0_class2zero_v1,no_representative_frozen_scl_gate_failed,no_l2a_representative_for_date,no_frozen_representative_l2a_product_for_date,,,,,,,,,,,,,,,,,,,,,,,,,,,,,,,,,,,,,,,,,,,,,,,,,,,,,,,,,,,,,,,,,,,,,,,,,,,,,,,,,,,,,,,,,,,,,,,,,,,,,,,,,,,,,,,,,,,,,,,,,,,,,,,,,,,,,,,,,,,,,,,,,,,,,,,,,,,,,,,,,,,,,,,,,,,,,,,,,,,,,,,,,,,,,,,,,,,,,,,,,,,,,,,,,,,,,,
2025-05-07,2025,True,scl3x3_b1_w8_centernotbad_p0_class2zero_v1,frozen_representative,exact_unique,no_valid_pixels_after_qa_in_frozen_3x3_window,L2A,S2B_MSIL2A_20250507T100559_N0511_R022_T34VCM_20250507T125642,2025-05-07T10:05:59Z,S2B,T34VCM,22,N0511,2025-05-07T12:56:42Z,False,10000.0,MTD_MSIL2A.xml,N0511,product_metadata_PROCESSING_BASELINE,True,3,product_spectral_information_list,-1000.0,product_offset_list,(DN + -1000) / 10000,665.0,4,product_spectral_information_list,-1000.0,product_offset_list,(DN + -1000) / 10000,703.8,5,product_spectral_information_list,-1000.0,product_offset_list,(DN + -1000) / 10000,739.1,EPSG:32634,20.0,0.0,300000.0,0.0,-20.0,6700020.0,5490,5490,20.0,20.0,3200,3347,True,GRANULE/L2A_T34VCM_A042662_20250507T100555/IMG_DATA/R20m/T34VCM_20250507T100559_B04_20m.jp2,20.0,native_target_grid,0,0,0,0.014122222222222222,GRANULE/L2A_T34VCM_A042662_20250507T100555/IMG_DATA/R20m/T34VCM_20250507T100559_B05_20m.jp2,20.0,native_target_grid,0,0,0,0.012633333333333335,GRANULE/L2A_T34VCM_A042662_20250507T100555/IMG_DATA/R20m/T34VCM_20250507T100559_B06_20m.jp2,20.0,native_target_grid,0,0,0,0.010144444444444446,GRANULE/L2A_T34VCM_A042662_20250507T100555/QI_DATA/MSK_QUALIT_B04.jp2,any_invalid_reduce_x2,10.0,GRANULE/L2A_T34VCM_A042662_20250507T100555/QI_DATA/MSK_QUALIT_B05.jp2,native_target_grid,20.0,GRANULE/L2A_T34VCM_A042662_20250507T100555/QI_DATA/MSK_QUALIT_B06.jp2,native_target_grid,20.0,present,GRANULE/L2A_T34VCM_A042662_20250507T100555/QI_DATA/MSK_CLASSI_B00.jp2,exact_footprint_expand_x3,60.0,present,GRANULE/L2A_T34VCM_A042662_20250507T100555/IMG_DATA/R20m/T34VCM_20250507T100559_SCL_20m.jp2,native_target_grid,20.0,9,,0,0.0,B04,0,0.0,B04,0,0.0,B04,0,0.0,B04,0,0.0,B04,0,0.0,B04,0,0.0,B04,0,0.0,B04,0,0.0,B05,0,0.0,B05,0,0.0,B05,0,0.0,B05,0,0.0,B05,0,0.0,B05,0,0.0,B05,0,0.0,B05,0,0.0,B06,0,0.0,B06,0,0.0,B06,0,0.0,B06,0,0.0,B06,0,0.0,B06,0,0.0,B06,0,0.0,B06,9,1.0,0,0.0,0,0.0,0,0.0,0,0.0,0,0.0,0,0.0,0,0.0,0,0.0,0,0.0,0,0.0,0,0.0,0,0,0,0,0.5333333333333333,0,0.0,,,,,,,0,0.0,,,,,,,0,0,0,0,0,0,0,0,False,False,NOT_SELECTED_REQUIRES_HUMAN_FREEZE
2025-05-07,2025,True,scl3x3_b1_w8_centernotbad_p0_class2zero_v1,frozen_representative,exact_unique,no_valid_pixels_after_qa_in_frozen_3x3_window,L1C,S2B_MSIL1C_20250507T100559_N0511_R022_T34VCM_20250507T123606,2025-05-07T10:05:59Z,S2B,T34VCM,22,N0511,2025-05-07T12:36:06Z,False,10000.0,MTD_MSIL1C.xml,N0511,product_metadata_PROCESSING_BASELINE,True,3,product_spectral_information_list,-1000.0,product_offset_list,(DN + -1000) / 10000,665.0,4,product_spectral_information_list,-1000.0,product_offset_list,(DN + -1000) / 10000,703.8,5,product_spectral_information_list,-1000.0,product_offset_list,(DN + -1000) / 10000,739.1,EPSG:32634,20.0,0.0,300000.0,0.0,-20.0,6700020.0,5490,5490,20.0,20.0,3200,3347,True,GRANULE/L1C_T34VCM_A042662_20250507T100555/IMG_DATA/T34VCM_20250507T100559_B04.jp2,10.0,block_mean_reduce_x2,0,0,0,0.035166666666666666,GRANULE/L1C_T34VCM_A042662_20250507T100555/IMG_DATA/T34VCM_20250507T100559_B05.jp2,20.0,native_target_grid,0,0,0,0.031244444444444446,GRANULE/L1C_T34VCM_A042662_20250507T100555/IMG_DATA/T34VCM_20250507T100559_B06.jp2,20.0,native_target_grid,0,0,0,0.028944444444444446,GRANULE/L1C_T34VCM_A042662_20250507T100555/QI_DATA/MSK_QUALIT_B04.jp2,any_invalid_reduce_x2,10.0,GRANULE/L1C_T34VCM_A042662_20250507T100555/QI_DATA/MSK_QUALIT_B05.jp2,native_target_grid,20.0,GRANULE/L1C_T34VCM_A042662_20250507T100555/QI_DATA/MSK_QUALIT_B06.jp2,native_target_grid,20.0,present,GRANULE/L1C_T34VCM_A042662_20250507T100555/QI_DATA/MSK_CLASSI_B00.jp2,exact_footprint_expand_x3,60.0,present,GRANULE/L2A_T34VCM_A042662_20250507T100555/IMG_DATA/R20m/T34VCM_20250507T100559_SCL_20m.jp2,native_target_grid,20.0,9,,0,0.0,B04,0,0.0,B04,0,0.0,B04,0,0.0,B04,0,0.0,B04,0,0.0,B04,0,0.0,B04,0,0.0,B04,0,0.0,B05,0,0.0,B05,0,0.0,B05,0,0.0,B05,0,0.0,B05,0,0.0,B05,0,0.0,B05,0,0.0,B05,0,0.0,B06,0,0.0,B06,0,0.0,B06,0,0.0,B06,0,0.0,B06,0,0.0,B06,0,0.0,B06,0,0.0,B06,9,1.0,0,0.0,0,0.0,0,0.0,0,0.0,0,0.0,0,0.0,0,0.0,0,0.0,0,0.0,0,0.0,0,0.0,0,0,0,0,0.5333333333333333,0,0.0,,,,,,,0,0.0,,,,,,,0,0,0,0,0,0,0,0,False,False,NOT_SELECTED_REQUIRES_HUMAN_FREEZE
2025-05-10,2025,False,scl3x3_b1_w8_centernotbad_p0_class2zero_v1,no_representative_frozen_scl_gate_failed,no_l2a_representative_for_date,no_frozen_representative_l2a_product_for_date,,,,,,,,,,,,,,,,,,,,,,,,,,,,,,,,,,,,,,,,,,,,,,,,,,,,,,,,,,,,,,,,,,,,,,,,,,,,,,,,,,,,,,,,,,,,,,,,,,,,,,,,,,,,,,,,,,,,,,,,,,,,,,,,,,,,,,,,,,,,,,,,,,,,,,,,,,,,,,,,,,,,,,,,,,,,,,,,,,,,,,,,,,,,,,,,,,,,,,,,,,,,,,,,,,,,,,
2025-05-17,2025,False,scl3x3_b1_w8_centernotbad_p0_class2zero_v1,no_representative_frozen_scl_gate_failed,no_l2a_representative_for_date,no_frozen_representative_l2a_product_for_date,,,,,,,,,,,,,,,,,,,,,,,,,,,,,,,,,,,,,,,,,,,,,,,,,,,,,,,,,,,,,,,,,,,,,,,,,,,,,,,,,,,,,,,,,,,,,,,,,,,,,,,,,,,,,,,,,,,,,,,,,,,,,,,,,,,,,,,,,,,,,,,,,,,,,,,,,,,,,,,,,,,,,,,,,,,,,,,,,,,,,,,,,,,,,,,,,,,,,,,,,,,,,,,,,,,,,,
2025-05-22,2025,False,scl3x3_b1_w8_centernotbad_p0_class2zero_v1,no_representative_frozen_scl_gate_failed,no_l2a_representative_for_date,no_frozen_representative_l2a_product_for_date,,,,,,,,,,,,,,,,,,,,,,,,,,,,,,,,,,,,,,,,,,,,,,,,,,,,,,,,,,,,,,,,,,,,,,,,,,,,,,,,,,,,,,,,,,,,,,,,,,,,,,,,,,,,,,,,,,,,,,,,,,,,,,,,,,,,,,,,,,,,,,,,,,,,,,,,,,,,,,,,,,,,,,,,,,,,,,,,,,,,,,,,,,,,,,,,,,,,,,,,,,,,,,,,,,,,,,
2025-05-24,2025,False,scl3x3_b1_w8_centernotbad_p0_class2zero_v1,no_representative_frozen_scl_gate_failed,no_l2a_representative_for_date,no_frozen_representative_l2a_product_for_date,,,,,,,,,,,,,,,,,,,,,,,,,,,,,,,,,,,,,,,,,,,,,,,,,,,,,,,,,,,,,,,,,,,,,,,,,,,,,,,,,,,,,,,,,,,,,,,,,,,,,,,,,,,,,,,,,,,,,,,,,,,,,,,,,,,,,,,,,,,,,,,,,,,,,,,,,,,,,,,,,,,,,,,,,,,,,,,,,,,,,,,,,,,,,,,,,,,,,,,,,,,,,,,,,,,,,,
2025-05-25,2025,False,scl3x3_b1_w8_centernotbad_p0_class2zero_v1,no_representative_frozen_scl_gate_failed,no_l2a_representative_for_date,no_frozen_representative_l2a_product_for_date,,,,,,,,,,,,,,,,,,,,,,,,,,,,,,,,,,,,,,,,,,,,,,,,,,,,,,,,,,,,,,,,,,,,,,,,,,,,,,,,,,,,,,,,,,,,,,,,,,,,,,,,,,,,,,,,,,,,,,,,,,,,,,,,,,,,,,,,,,,,,,,,,,,,,,,,,,,,,,,,,,,,,,,,,,,,,,,,,,,,,,,,,,,,,,,,,,,,,,,,,,,,,,,,,,,,,,
2025-05-30,2025,False,scl3x3_b1_w8_centernotbad_p0_class2zero_v1,no_representative_frozen_scl_gate_failed,no_l2a_representative_for_date,no_frozen_representative_l2a_product_for_date,,,,,,,,,,,,,,,,,,,,,,,,,,,,,,,,,,,,,,,,,,,,,,,,,,,,,,,,,,,,,,,,,,,,,,,,,,,,,,,,,,,,,,,,,,,,,,,,,,,,,,,,,,,,,,,,,,,,,,,,,,,,,,,,,,,,,,,,,,,,,,,,,,,,,,,,,,,,,,,,,,,,,,,,,,,,,,,,,,,,,,,,,,,,,,,,,,,,,,,,,,,,,,,,,,,,,,
2025-06-04,2025,False,scl3x3_b1_w8_centernotbad_p0_class2zero_v1,no_representative_frozen_scl_gate_failed,no_l2a_representative_for_date,no_frozen_representative_l2a_product_for_date,,,,,,,,,,,,,,,,,,,,,,,,,,,,,,,,,,,,,,,,,,,,,,,,,,,,,,,,,,,,,,,,,,,,,,,,,,,,,,,,,,,,,,,,,,,,,,,,,,,,,,,,,,,,,,,,,,,,,,,,,,,,,,,,,,,,,,,,,,,,,,,,,,,,,,,,,,,,,,,,,,,,,,,,,,,,,,,,,,,,,,,,,,,,,,,,,,,,,,,,,,,,,,,,,,,,,,
2025-06-06,2025,False,scl3x3_b1_w8_centernotbad_p0_class2zero_v1,no_representative_frozen_scl_gate_failed,no_l2a_representative_for_date,no_frozen_representative_l2a_product_for_date,,,,,,,,,,,,,,,,,,,,,,,,,,,,,,,,,,,,,,,,,,,,,,,,,,,,,,,,,,,,,,,,,,,,,,,,,,,,,,,,,,,,,,,,,,,,,,,,,,,,,,,,,,,,,,,,,,,,,,,,,,,,,,,,,,,,,,,,,,,,,,,,,,,,,,,,,,,,,,,,,,,,,,,,,,,,,,,,,,,,,,,,,,,,,,,,,,,,,,,,,,,,,,,,,,,,,,
2025-06-09,2025,False,scl3x3_b1_w8_centernotbad_p0_class2zero_v1,no_representative_frozen_scl_gate_failed,no_l2a_representative_for_date,no_frozen_representative_l2a_product_for_date,,,,,,,,,,,,,,,,,,,,,,,,,,,,,,,,,,,,,,,,,,,,,,,,,,,,,,,,,,,,,,,,,,,,,,,,,,,,,,,,,,,,,,,,,,,,,,,,,,,,,,,,,,,,,,,,,,,,,,,,,,,,,,,,,,,,,,,,,,,,,,,,,,,,,,,,,,,,,,,,,,,,,,,,,,,,,,,,,,,,,,,,,,,,,,,,,,,,,,,,,,,,,,,,,,,,,,
2025-06-11,2025,False,scl3x3_b1_w8_centernotbad_p0_class2zero_v1,no_representative_frozen_scl_gate_failed,no_l2a_representative_for_date,no_frozen_representative_l2a_product_for_date,,,,,,,,,,,,,,,,,,,,,,,,,,,,,,,,,,,,,,,,,,,,,,,,,,,,,,,,,,,,,,,,,,,,,,,,,,,,,,,,,,,,,,,,,,,,,,,,,,,,,,,,,,,,,,,,,,,,,,,,,,,,,,,,,,,,,,,,,,,,,,,,,,,,,,,,,,,,,,,,,,,,,,,,,,,,,,,,,,,,,,,,,,,,,,,,,,,,,,,,,,,,,,,,,,,,,,
2025-06-13,2025,False,scl3x3_b1_w8_centernotbad_p0_class2zero_v1,no_representative_frozen_scl_gate_failed,no_l2a_representative_for_date,no_frozen_representative_l2a_product_for_date,,,,,,,,,,,,,,,,,,,,,,,,,,,,,,,,,,,,,,,,,,,,,,,,,,,,,,,,,,,,,,,,,,,,,,,,,,,,,,,,,,,,,,,,,,,,,,,,,,,,,,,,,,,,,,,,,,,,,,,,,,,,,,,,,,,,,,,,,,,,,,,,,,,,,,,,,,,,,,,,,,,,,,,,,,,,,,,,,,,,,,,,,,,,,,,,,,,,,,,,,,,,,,,,,,,,,,
2025-06-16,2025,False,scl3x3_b1_w8_centernotbad_p0_class2zero_v1,no_representative_frozen_scl_gate_failed,no_l2a_representative_for_date,no_frozen_representative_l2a_product_for_date,,,,,,,,,,,,,,,,,,,,,,,,,,,,,,,,,,,,,,,,,,,,,,,,,,,,,,,,,,,,,,,,,,,,,,,,,,,,,,,,,,,,,,,,,,,,,,,,,,,,,,,,,,,,,,,,,,,,,,,,,,,,,,,,,,,,,,,,,,,,,,,,,,,,,,,,,,,,,,,,,,,,,,,,,,,,,,,,,,,,,,,,,,,,,,,,,,,,,,,,,,,,,,,,,,,,,,
2025-06-19,2025,False,scl3x3_b1_w8_centernotbad_p0_class2zero_v1,no_representative_frozen_scl_gate_failed,no_l2a_representative_for_date,no_frozen_representative_l2a_product_for_date,,,,,,,,,,,,,,,,,,,,,,,,,,,,,,,,,,,,,,,,,,,,,,,,,,,,,,,,,,,,,,,,,,,,,,,,,,,,,,,,,,,,,,,,,,,,,,,,,,,,,,,,,,,,,,,,,,,,,,,,,,,,,,,,,,,,,,,,,,,,,,,,,,,,,,,,,,,,,,,,,,,,,,,,,,,,,,,,,,,,,,,,,,,,,,,,,,,,,,,,,,,,,,,,,,,,,,
2025-06-21,2025,False,scl3x3_b1_w8_centernotbad_p0_class2zero_v1,no_representative_frozen_scl_gate_failed,no_l2a_representative_for_date,no_frozen_representative_l2a_product_for_date,,,,,,,,,,,,,,,,,,,,,,,,,,,,,,,,,,,,,,,,,,,,,,,,,,,,,,,,,,,,,,,,,,,,,,,,,,,,,,,,,,,,,,,,,,,,,,,,,,,,,,,,,,,,,,,,,,,,,,,,,,,,,,,,,,,,,,,,,,,,,,,,,,,,,,,,,,,,,,,,,,,,,,,,,,,,,,,,,,,,,,,,,,,,,,,,,,,,,,,,,,,,,,,,,,,,,,
2025-06-23,2025,False,scl3x3_b1_w8_centernotbad_p0_class2zero_v1,no_representative_frozen_scl_gate_failed,no_l2a_representative_for_date,no_frozen_representative_l2a_product_for_date,,,,,,,,,,,,,,,,,,,,,,,,,,,,,,,,,,,,,,,,,,,,,,,,,,,,,,,,,,,,,,,,,,,,,,,,,,,,,,,,,,,,,,,,,,,,,,,,,,,,,,,,,,,,,,,,,,,,,,,,,,,,,,,,,,,,,,,,,,,,,,,,,,,,,,,,,,,,,,,,,,,,,,,,,,,,,,,,,,,,,,,,,,,,,,,,,,,,,,,,,,,,,,,,,,,,,,
2025-06-24,2025,False,scl3x3_b1_w8_centernotbad_p0_class2zero_v1,no_representative_frozen_scl_gate_failed,no_l2a_representative_for_date,no_frozen_representative_l2a_product_for_date,,,,,,,,,,,,,,,,,,,,,,,,,,,,,,,,,,,,,,,,,,,,,,,,,,,,,,,,,,,,,,,,,,,,,,,,,,,,,,,,,,,,,,,,,,,,,,,,,,,,,,,,,,,,,,,,,,,,,,,,,,,,,,,,,,,,,,,,,,,,,,,,,,,,,,,,,,,,,,,,,,,,,,,,,,,,,,,,,,,,,,,,,,,,,,,,,,,,,,,,,,,,,,,,,,,,,,
2025-07-01,2025,False,scl3x3_b1_w8_centernotbad_p0_class2zero_v1,no_representative_frozen_scl_gate_failed,no_l2a_representative_for_date,no_frozen_representative_l2a_product_for_date,,,,,,,,,,,,,,,,,,,,,,,,,,,,,,,,,,,,,,,,,,,,,,,,,,,,,,,,,,,,,,,,,,,,,,,,,,,,,,,,,,,,,,,,,,,,,,,,,,,,,,,,,,,,,,,,,,,,,,,,,,,,,,,,,,,,,,,,,,,,,,,,,,,,,,,,,,,,,,,,,,,,,,,,,,,,,,,,,,,,,,,,,,,,,,,,,,,,,,,,,,,,,,,,,,,,,,
2025-07-06,2025,False,scl3x3_b1_w8_centernotbad_p0_class2zero_v1,no_representative_frozen_scl_gate_failed,no_l2a_representative_for_date,no_frozen_representative_l2a_product_for_date,,,,,,,,,,,,,,,,,,,,,,,,,,,,,,,,,,,,,,,,,,,,,,,,,,,,,,,,,,,,,,,,,,,,,,,,,,,,,,,,,,,,,,,,,,,,,,,,,,,,,,,,,,,,,,,,,,,,,,,,,,,,,,,,,,,,,,,,,,,,,,,,,,,,,,,,,,,,,,,,,,,,,,,,,,,,,,,,,,,,,,,,,,,,,,,,,,,,,,,,,,,,,,,,,,,,,,
2025-07-11,2025,False,scl3x3_b1_w8_centernotbad_p0_class2zero_v1,no_representative_frozen_scl_gate_failed,no_l2a_representative_for_date,no_frozen_representative_l2a_product_for_date,,,,,,,,,,,,,,,,,,,,,,,,,,,,,,,,,,,,,,,,,,,,,,,,,,,,,,,,,,,,,,,,,,,,,,,,,,,,,,,,,,,,,,,,,,,,,,,,,,,,,,,,,,,,,,,,,,,,,,,,,,,,,,,,,,,,,,,,,,,,,,,,,,,,,,,,,,,,,,,,,,,,,,,,,,,,,,,,,,,,,,,,,,,,,,,,,,,,,,,,,,,,,,,,,,,,,,
2025-07-13,2025,False,scl3x3_b1_w8_centernotbad_p0_class2zero_v1,no_representative_frozen_scl_gate_failed,no_l2a_representative_for_date,no_frozen_representative_l2a_product_for_date,,,,,,,,,,,,,,,,,,,,,,,,,,,,,,,,,,,,,,,,,,,,,,,,,,,,,,,,,,,,,,,,,,,,,,,,,,,,,,,,,,,,,,,,,,,,,,,,,,,,,,,,,,,,,,,,,,,,,,,,,,,,,,,,,,,,,,,,,,,,,,,,,,,,,,,,,,,,,,,,,,,,,,,,,,,,,,,,,,,,,,,,,,,,,,,,,,,,,,,,,,,,,,,,,,,,,,
2025-07-14,2025,False,scl3x3_b1_w8_centernotbad_p0_class2zero_v1,no_representative_frozen_scl_gate_failed,no_l2a_representative_for_date,no_frozen_representative_l2a_product_for_date,,,,,,,,,,,,,,,,,,,,,,,,,,,,,,,,,,,,,,,,,,,,,,,,,,,,,,,,,,,,,,,,,,,,,,,,,,,,,,,,,,,,,,,,,,,,,,,,,,,,,,,,,,,,,,,,,,,,,,,,,,,,,,,,,,,,,,,,,,,,,,,,,,,,,,,,,,,,,,,,,,,,,,,,,,,,,,,,,,,,,,,,,,,,,,,,,,,,,,,,,,,,,,,,,,,,,,
2025-07-29,2025,False,scl3x3_b1_w8_centernotbad_p0_class2zero_v1,no_representative_frozen_scl_gate_failed,no_l2a_representative_for_date,no_frozen_representative_l2a_product_for_date,,,,,,,,,,,,,,,,,,,,,,,,,,,,,,,,,,,,,,,,,,,,,,,,,,,,,,,,,,,,,,,,,,,,,,,,,,,,,,,,,,,,,,,,,,,,,,,,,,,,,,,,,,,,,,,,,,,,,,,,,,,,,,,,,,,,,,,,,,,,,,,,,,,,,,,,,,,,,,,,,,,,,,,,,,,,,,,,,,,,,,,,,,,,,,,,,,,,,,,,,,,,,,,,,,,,,,
2025-07-31,2025,False,scl3x3_b1_w8_centernotbad_p0_class2zero_v1,no_representative_frozen_scl_gate_failed,no_l2a_representative_for_date,no_frozen_representative_l2a_product_for_date,,,,,,,,,,,,,,,,,,,,,,,,,,,,,,,,,,,,,,,,,,,,,,,,,,,,,,,,,,,,,,,,,,,,,,,,,,,,,,,,,,,,,,,,,,,,,,,,,,,,,,,,,,,,,,,,,,,,,,,,,,,,,,,,,,,,,,,,,,,,,,,,,,,,,,,,,,,,,,,,,,,,,,,,,,,,,,,,,,,,,,,,,,,,,,,,,,,,,,,,,,,,,,,,,,,,,,
2025-08-03,2025,False,scl3x3_b1_w8_centernotbad_p0_class2zero_v1,no_representative_frozen_scl_gate_failed,no_l2a_representative_for_date,no_frozen_representative_l2a_product_for_date,,,,,,,,,,,,,,,,,,,,,,,,,,,,,,,,,,,,,,,,,,,,,,,,,,,,,,,,,,,,,,,,,,,,,,,,,,,,,,,,,,,,,,,,,,,,,,,,,,,,,,,,,,,,,,,,,,,,,,,,,,,,,,,,,,,,,,,,,,,,,,,,,,,,,,,,,,,,,,,,,,,,,,,,,,,,,,,,,,,,,,,,,,,,,,,,,,,,,,,,,,,,,,,,,,,,,,
2025-08-08,2025,False,scl3x3_b1_w8_centernotbad_p0_class2zero_v1,no_representative_frozen_scl_gate_failed,no_l2a_representative_for_date,no_frozen_representative_l2a_product_for_date,,,,,,,,,,,,,,,,,,,,,,,,,,,,,,,,,,,,,,,,,,,,,,,,,,,,,,,,,,,,,,,,,,,,,,,,,,,,,,,,,,,,,,,,,,,,,,,,,,,,,,,,,,,,,,,,,,,,,,,,,,,,,,,,,,,,,,,,,,,,,,,,,,,,,,,,,,,,,,,,,,,,,,,,,,,,,,,,,,,,,,,,,,,,,,,,,,,,,,,,,,,,,,,,,,,,,,
2025-08-13,2025,False,scl3x3_b1_w8_centernotbad_p0_class2zero_v1,no_representative_frozen_scl_gate_failed,no_l2a_representative_for_date,no_frozen_representative_l2a_product_for_date,,,,,,,,,,,,,,,,,,,,,,,,,,,,,,,,,,,,,,,,,,,,,,,,,,,,,,,,,,,,,,,,,,,,,,,,,,,,,,,,,,,,,,,,,,,,,,,,,,,,,,,,,,,,,,,,,,,,,,,,,,,,,,,,,,,,,,,,,,,,,,,,,,,,,,,,,,,,,,,,,,,,,,,,,,,,,,,,,,,,,,,,,,,,,,,,,,,,,,,,,,,,,,,,,,,,,,
2025-08-20,2025,False,scl3x3_b1_w8_centernotbad_p0_class2zero_v1,no_representative_frozen_scl_gate_failed,no_l2a_representative_for_date,no_frozen_representative_l2a_product_for_date,,,,,,,,,,,,,,,,,,,,,,,,,,,,,,,,,,,,,,,,,,,,,,,,,,,,,,,,,,,,,,,,,,,,,,,,,,,,,,,,,,,,,,,,,,,,,,,,,,,,,,,,,,,,,,,,,,,,,,,,,,,,,,,,,,,,,,,,,,,,,,,,,,,,,,,,,,,,,,,,,,,,,,,,,,,,,,,,,,,,,,,,,,,,,,,,,,,,,,,,,,,,,,,,,,,,,,
2025-08-22,2025,False,scl3x3_b1_w8_centernotbad_p0_class2zero_v1,no_representative_frozen_scl_gate_failed,no_l2a_representative_for_date,no_frozen_representative_l2a_product_for_date,,,,,,,,,,,,,,,,,,,,,,,,,,,,,,,,,,,,,,,,,,,,,,,,,,,,,,,,,,,,,,,,,,,,,,,,,,,,,,,,,,,,,,,,,,,,,,,,,,,,,,,,,,,,,,,,,,,,,,,,,,,,,,,,,,,,,,,,,,,,,,,,,,,,,,,,,,,,,,,,,,,,,,,,,,,,,,,,,,,,,,,,,,,,,,,,,,,,,,,,,,,,,,,,,,,,,,
2025-08-23,2025,False,scl3x3_b1_w8_centernotbad_p0_class2zero_v1,no_representative_frozen_scl_gate_failed,no_l2a_representative_for_date,no_frozen_representative_l2a_product_for_date,,,,,,,,,,,,,,,,,,,,,,,,,,,,,,,,,,,,,,,,,,,,,,,,,,,,,,,,,,,,,,,,,,,,,,,,,,,,,,,,,,,,,,,,,,,,,,,,,,,,,,,,,,,,,,,,,,,,,,,,,,,,,,,,,,,,,,,,,,,,,,,,,,,,,,,,,,,,,,,,,,,,,,,,,,,,,,,,,,,,,,,,,,,,,,,,,,,,,,,,,,,,,,,,,,,,,,
2025-08-25,2025,False,scl3x3_b1_w8_centernotbad_p0_class2zero_v1,no_representative_frozen_scl_gate_failed,no_l2a_representative_for_date,no_frozen_representative_l2a_product_for_date,,,,,,,,,,,,,,,,,,,,,,,,,,,,,,,,,,,,,,,,,,,,,,,,,,,,,,,,,,,,,,,,,,,,,,,,,,,,,,,,,,,,,,,,,,,,,,,,,,,,,,,,,,,,,,,,,,,,,,,,,,,,,,,,,,,,,,,,,,,,,,,,,,,,,,,,,,,,,,,,,,,,,,,,,,,,,,,,,,,,,,,,,,,,,,,,,,,,,,,,,,,,,,,,,,,,,,
2025-08-30,2025,False,scl3x3_b1_w8_centernotbad_p0_class2zero_v1,no_representative_frozen_scl_gate_failed,no_l2a_representative_for_date,no_frozen_representative_l2a_product_for_date,,,,,,,,,,,,,,,,,,,,,,,,,,,,,,,,,,,,,,,,,,,,,,,,,,,,,,,,,,,,,,,,,,,,,,,,,,,,,,,,,,,,,,,,,,,,,,,,,,,,,,,,,,,,,,,,,,,,,,,,,,,,,,,,,,,,,,,,,,,,,,,,,,,,,,,,,,,,,,,,,,,,,,,,,,,,,,,,,,,,,,,,,,,,,,,,,,,,,,,,,,,,,,,,,,,,,,
2025-09-01,2025,False,scl3x3_b1_w8_centernotbad_p0_class2zero_v1,no_representative_frozen_scl_gate_failed,no_l2a_representative_for_date,no_frozen_representative_l2a_product_for_date,,,,,,,,,,,,,,,,,,,,,,,,,,,,,,,,,,,,,,,,,,,,,,,,,,,,,,,,,,,,,,,,,,,,,,,,,,,,,,,,,,,,,,,,,,,,,,,,,,,,,,,,,,,,,,,,,,,,,,,,,,,,,,,,,,,,,,,,,,,,,,,,,,,,,,,,,,,,,,,,,,,,,,,,,,,,,,,,,,,,,,,,,,,,,,,,,,,,,,,,,,,,,,,,,,,,,,
2025-09-02,2025,False,scl3x3_b1_w8_centernotbad_p0_class2zero_v1,no_representative_frozen_scl_gate_failed,no_l2a_representative_for_date,no_frozen_representative_l2a_product_for_date,,,,,,,,,,,,,,,,,,,,,,,,,,,,,,,,,,,,,,,,,,,,,,,,,,,,,,,,,,,,,,,,,,,,,,,,,,,,,,,,,,,,,,,,,,,,,,,,,,,,,,,,,,,,,,,,,,,,,,,,,,,,,,,,,,,,,,,,,,,,,,,,,,,,,,,,,,,,,,,,,,,,,,,,,,,,,,,,,,,,,,,,,,,,,,,,,,,,,,,,,,,,,,,,,,,,,,
2025-09-11,2025,False,scl3x3_b1_w8_centernotbad_p0_class2zero_v1,no_representative_frozen_scl_gate_failed,no_l2a_representative_for_date,no_frozen_representative_l2a_product_for_date,,,,,,,,,,,,,,,,,,,,,,,,,,,,,,,,,,,,,,,,,,,,,,,,,,,,,,,,,,,,,,,,,,,,,,,,,,,,,,,,,,,,,,,,,,,,,,,,,,,,,,,,,,,,,,,,,,,,,,,,,,,,,,,,,,,,,,,,,,,,,,,,,,,,,,,,,,,,,,,,,,,,,,,,,,,,,,,,,,,,,,,,,,,,,,,,,,,,,,,,,,,,,,,,,,,,,,
2025-09-14,2025,False,scl3x3_b1_w8_centernotbad_p0_class2zero_v1,no_representative_frozen_scl_gate_failed,no_l2a_representative_for_date,no_frozen_representative_l2a_product_for_date,,,,,,,,,,,,,,,,,,,,,,,,,,,,,,,,,,,,,,,,,,,,,,,,,,,,,,,,,,,,,,,,,,,,,,,,,,,,,,,,,,,,,,,,,,,,,,,,,,,,,,,,,,,,,,,,,,,,,,,,,,,,,,,,,,,,,,,,,,,,,,,,,,,,,,,,,,,,,,,,,,,,,,,,,,,,,,,,,,,,,,,,,,,,,,,,,,,,,,,,,,,,,,,,,,,,,,
2025-09-17,2025,False,scl3x3_b1_w8_centernotbad_p0_class2zero_v1,no_representative_frozen_scl_gate_failed,no_l2a_representative_for_date,no_frozen_representative_l2a_product_for_date,,,,,,,,,,,,,,,,,,,,,,,,,,,,,,,,,,,,,,,,,,,,,,,,,,,,,,,,,,,,,,,,,,,,,,,,,,,,,,,,,,,,,,,,,,,,,,,,,,,,,,,,,,,,,,,,,,,,,,,,,,,,,,,,,,,,,,,,,,,,,,,,,,,,,,,,,,,,,,,,,,,,,,,,,,,,,,,,,,,,,,,,,,,,,,,,,,,,,,,,,,,,,,,,,,,,,,
2025-09-21,2025,False,scl3x3_b1_w8_centernotbad_p0_class2zero_v1,no_representative_frozen_scl_gate_failed,no_l2a_representative_for_date,no_frozen_representative_l2a_product_for_date,,,,,,,,,,,,,,,,,,,,,,,,,,,,,,,,,,,,,,,,,,,,,,,,,,,,,,,,,,,,,,,,,,,,,,,,,,,,,,,,,,,,,,,,,,,,,,,,,,,,,,,,,,,,,,,,,,,,,,,,,,,,,,,,,,,,,,,,,,,,,,,,,,,,,,,,,,,,,,,,,,,,,,,,,,,,,,,,,,,,,,,,,,,,,,,,,,,,,,,,,,,,,,,,,,,,,,
2025-09-24,2025,False,scl3x3_b1_w8_centernotbad_p0_class2zero_v1,no_representative_frozen_scl_gate_failed,no_l2a_representative_for_date,no_frozen_representative_l2a_product_for_date,,,,,,,,,,,,,,,,,,,,,,,,,,,,,,,,,,,,,,,,,,,,,,,,,,,,,,,,,,,,,,,,,,,,,,,,,,,,,,,,,,,,,,,,,,,,,,,,,,,,,,,,,,,,,,,,,,,,,,,,,,,,,,,,,,,,,,,,,,,,,,,,,,,,,,,,,,,,,,,,,,,,,,,,,,,,,,,,,,,,,,,,,,,,,,,,,,,,,,,,,,,,,,,,,,,,,,
2025-09-27,2025,True,scl3x3_b1_w8_centernotbad_p0_class2zero_v1,frozen_representative,exact_unique,no_valid_pixels_after_qa_in_frozen_3x3_window,L2A,S2B_MSIL2A_20250927T101709_N0511_R065_T34VCM_20250927T141318,2025-09-27T10:17:09Z,S2B,T34VCM,65,N0511,2025-09-27T14:13:18Z,False,10000.0,MTD_MSIL2A.xml,N0511,product_metadata_PROCESSING_BASELINE,True,3,product_spectral_information_list,-1000.0,product_offset_list,(DN + -1000) / 10000,665.0,4,product_spectral_information_list,-1000.0,product_offset_list,(DN + -1000) / 10000,703.8,5,product_spectral_information_list,-1000.0,product_offset_list,(DN + -1000) / 10000,739.1,EPSG:32634,20.0,0.0,300000.0,0.0,-20.0,6700020.0,5490,5490,20.0,20.0,3200,3347,True,GRANULE/L2A_T34VCM_A044707_20250927T101710/IMG_DATA/R20m/T34VCM_20250927T101709_B04_20m.jp2,20.0,native_target_grid,0,0,0,0.022866666666666664,GRANULE/L2A_T34VCM_A044707_20250927T101710/IMG_DATA/R20m/T34VCM_20250927T101709_B05_20m.jp2,20.0,native_target_grid,0,0,0,0.022822222222222223,GRANULE/L2A_T34VCM_A044707_20250927T101710/IMG_DATA/R20m/T34VCM_20250927T101709_B06_20m.jp2,20.0,native_target_grid,0,0,0,0.026422222222222222,GRANULE/L2A_T34VCM_A044707_20250927T101710/QI_DATA/MSK_QUALIT_B04.jp2,any_invalid_reduce_x2,10.0,GRANULE/L2A_T34VCM_A044707_20250927T101710/QI_DATA/MSK_QUALIT_B05.jp2,native_target_grid,20.0,GRANULE/L2A_T34VCM_A044707_20250927T101710/QI_DATA/MSK_QUALIT_B06.jp2,native_target_grid,20.0,present,GRANULE/L2A_T34VCM_A044707_20250927T101710/QI_DATA/MSK_CLASSI_B00.jp2,exact_footprint_expand_x3,60.0,present,GRANULE/L2A_T34VCM_A044707_20250927T101710/IMG_DATA/R20m/T34VCM_20250927T101709_SCL_20m.jp2,native_target_grid,20.0,9,,0,0.0,B04,0,0.0,B04,0,0.0,B04,0,0.0,B04,0,0.0,B04,0,0.0,B04,0,0.0,B04,0,0.0,B04,0,0.0,B05,0,0.0,B05,0,0.0,B05,0,0.0,B05,0,0.0,B05,0,0.0,B05,0,0.0,B05,0,0.0,B05,0,0.0,B06,0,0.0,B06,0,0.0,B06,0,0.0,B06,0,0.0,B06,0,0.0,B06,0,0.0,B06,0,0.0,B06,9,1.0,0,0.0,0,0.0,0,0.0,0,0.0,0,0.0,0,0.0,0,0.0,0,0.0,0,0.0,0,0.0,0,0.0,0,0,0,0,0.5333333333333333,0,0.0,,,,,,,0,0.0,,,,,,,0,0,0,0,0,0,0,0,False,False,NOT_SELECTED_REQUIRES_HUMAN_FREEZE
2025-09-27,2025,True,scl3x3_b1_w8_centernotbad_p0_class2zero_v1,frozen_representative,exact_unique,no_valid_pixels_after_qa_in_frozen_3x3_window,L1C,S2B_MSIL1C_20250927T101709_N0511_R065_T34VCM_20250927T135509,2025-09-27T10:17:09Z,S2B,T34VCM,65,N0511,2025-09-27T13:55:09Z,False,10000.0,MTD_MSIL1C.xml,N0511,product_metadata_PROCESSING_BASELINE,True,3,product_spectral_information_list,-1000.0,product_offset_list,(DN + -1000) / 10000,665.0,4,product_spectral_information_list,-1000.0,product_offset_list,(DN + -1000) / 10000,703.8,5,product_spectral_information_list,-1000.0,product_offset_list,(DN + -1000) / 10000,739.1,EPSG:32634,20.0,0.0,300000.0,0.0,-20.0,6700020.0,5490,5490,20.0,20.0,3200,3347,True,GRANULE/L1C_T34VCM_A044707_20250927T101710/IMG_DATA/T34VCM_20250927T101709_B04.jp2,10.0,block_mean_reduce_x2,0,0,0,0.045922222222222225,GRANULE/L1C_T34VCM_A044707_20250927T101710/IMG_DATA/T34VCM_20250927T101709_B05.jp2,20.0,native_target_grid,0,0,0,0.04226666666666666,GRANULE/L1C_T34VCM_A044707_20250927T101710/IMG_DATA/T34VCM_20250927T101709_B06.jp2,20.0,native_target_grid,0,0,0,0.04335555555555556,GRANULE/L1C_T34VCM_A044707_20250927T101710/QI_DATA/MSK_QUALIT_B04.jp2,any_invalid_reduce_x2,10.0,GRANULE/L1C_T34VCM_A044707_20250927T101710/QI_DATA/MSK_QUALIT_B05.jp2,native_target_grid,20.0,GRANULE/L1C_T34VCM_A044707_20250927T101710/QI_DATA/MSK_QUALIT_B06.jp2,native_target_grid,20.0,present,GRANULE/L1C_T34VCM_A044707_20250927T101710/QI_DATA/MSK_CLASSI_B00.jp2,exact_footprint_expand_x3,60.0,present,GRANULE/L2A_T34VCM_A044707_20250927T101710/IMG_DATA/R20m/T34VCM_20250927T101709_SCL_20m.jp2,native_target_grid,20.0,9,,0,0.0,B04,0,0.0,B04,0,0.0,B04,0,0.0,B04,0,0.0,B04,0,0.0,B04,0,0.0,B04,0,0.0,B04,0,0.0,B05,0,0.0,B05,0,0.0,B05,0,0.0,B05,0,0.0,B05,0,0.0,B05,0,0.0,B05,0,0.0,B05,0,0.0,B06,0,0.0,B06,0,0.0,B06,0,0.0,B06,0,0.0,B06,0,0.0,B06,0,0.0,B06,0,0.0,B06,9,1.0,0,0.0,0,0.0,0,0.0,0,0.0,0,0.0,0,0.0,0,0.0,0,0.0,0,0.0,0,0.0,0,0.0,0,0,0,0,0.5333333333333333,0,0.0,,,,,,,0,0.0,,,,,,,0,0,0,0,0,0,0,0,False,False,NOT_SELECTED_REQUIRES_HUMAN_FREEZE
2025-09-29,2025,False,scl3x3_b1_w8_centernotbad_p0_class2zero_v1,no_representative_frozen_scl_gate_failed,no_l2a_representative_for_date,no_frozen_representative_l2a_product_for_date,,,,,,,,,,,,,,,,,,,,,,,,,,,,,,,,,,,,,,,,,,,,,,,,,,,,,,,,,,,,,,,,,,,,,,,,,,,,,,,,,,,,,,,,,,,,,,,,,,,,,,,,,,,,,,,,,,,,,,,,,,,,,,,,,,,,,,,,,,,,,,,,,,,,,,,,,,,,,,,,,,,,,,,,,,,,,,,,,,,,,,,,,,,,,,,,,,,,,,,,,,,,,,,,,,,,,,
2025-10-02,2025,False,scl3x3_b1_w8_centernotbad_p0_class2zero_v1,no_representative_frozen_scl_gate_failed,no_l2a_representative_for_date,no_frozen_representative_l2a_product_for_date,,,,,,,,,,,,,,,,,,,,,,,,,,,,,,,,,,,,,,,,,,,,,,,,,,,,,,,,,,,,,,,,,,,,,,,,,,,,,,,,,,,,,,,,,,,,,,,,,,,,,,,,,,,,,,,,,,,,,,,,,,,,,,,,,,,,,,,,,,,,,,,,,,,,,,,,,,,,,,,,,,,,,,,,,,,,,,,,,,,,,,,,,,,,,,,,,,,,,,,,,,,,,,,,,,,,,,
2025-10-04,2025,False,scl3x3_b1_w8_centernotbad_p0_class2zero_v1,no_representative_frozen_scl_gate_failed,no_l2a_representative_for_date,no_frozen_representative_l2a_product_for_date,,,,,,,,,,,,,,,,,,,,,,,,,,,,,,,,,,,,,,,,,,,,,,,,,,,,,,,,,,,,,,,,,,,,,,,,,,,,,,,,,,,,,,,,,,,,,,,,,,,,,,,,,,,,,,,,,,,,,,,,,,,,,,,,,,,,,,,,,,,,,,,,,,,,,,,,,,,,,,,,,,,,,,,,,,,,,,,,,,,,,,,,,,,,,,,,,,,,,,,,,,,,,,,,,,,,,,
2025-10-07,2025,False,scl3x3_b1_w8_centernotbad_p0_class2zero_v1,no_representative_frozen_scl_gate_failed,no_l2a_representative_for_date,no_frozen_representative_l2a_product_for_date,,,,,,,,,,,,,,,,,,,,,,,,,,,,,,,,,,,,,,,,,,,,,,,,,,,,,,,,,,,,,,,,,,,,,,,,,,,,,,,,,,,,,,,,,,,,,,,,,,,,,,,,,,,,,,,,,,,,,,,,,,,,,,,,,,,,,,,,,,,,,,,,,,,,,,,,,,,,,,,,,,,,,,,,,,,,,,,,,,,,,,,,,,,,,,,,,,,,,,,,,,,,,,,,,,,,,,
2025-10-12,2025,False,scl3x3_b1_w8_centernotbad_p0_class2zero_v1,no_representative_frozen_scl_gate_failed,no_l2a_representative_for_date,no_frozen_representative_l2a_product_for_date,,,,,,,,,,,,,,,,,,,,,,,,,,,,,,,,,,,,,,,,,,,,,,,,,,,,,,,,,,,,,,,,,,,,,,,,,,,,,,,,,,,,,,,,,,,,,,,,,,,,,,,,,,,,,,,,,,,,,,,,,,,,,,,,,,,,,,,,,,,,,,,,,,,,,,,,,,,,,,,,,,,,,,,,,,,,,,,,,,,,,,,,,,,,,,,,,,,,,,,,,,,,,,,,,,,,,,
2025-10-14,2025,False,scl3x3_b1_w8_centernotbad_p0_class2zero_v1,no_representative_frozen_scl_gate_failed,no_l2a_representative_for_date,no_frozen_representative_l2a_product_for_date,,,,,,,,,,,,,,,,,,,,,,,,,,,,,,,,,,,,,,,,,,,,,,,,,,,,,,,,,,,,,,,,,,,,,,,,,,,,,,,,,,,,,,,,,,,,,,,,,,,,,,,,,,,,,,,,,,,,,,,,,,,,,,,,,,,,,,,,,,,,,,,,,,,,,,,,,,,,,,,,,,,,,,,,,,,,,,,,,,,,,,,,,,,,,,,,,,,,,,,,,,,,,,,,,,,,,,
2025-10-21,2025,False,scl3x3_b1_w8_centernotbad_p0_class2zero_v1,no_representative_frozen_scl_gate_failed,no_l2a_representative_for_date,no_frozen_representative_l2a_product_for_date,,,,,,,,,,,,,,,,,,,,,,,,,,,,,,,,,,,,,,,,,,,,,,,,,,,,,,,,,,,,,,,,,,,,,,,,,,,,,,,,,,,,,,,,,,,,,,,,,,,,,,,,,,,,,,,,,,,,,,,,,,,,,,,,,,,,,,,,,,,,,,,,,,,,,,,,,,,,,,,,,,,,,,,,,,,,,,,,,,,,,,,,,,,,,,,,,,,,,,,,,,,,,,,,,,,,,,
2025-10-22,2025,False,scl3x3_b1_w8_centernotbad_p0_class2zero_v1,no_representative_frozen_scl_gate_failed,no_l2a_representative_for_date,no_frozen_representative_l2a_product_for_date,,,,,,,,,,,,,,,,,,,,,,,,,,,,,,,,,,,,,,,,,,,,,,,,,,,,,,,,,,,,,,,,,,,,,,,,,,,,,,,,,,,,,,,,,,,,,,,,,,,,,,,,,,,,,,,,,,,,,,,,,,,,,,,,,,,,,,,,,,,,,,,,,,,,,,,,,,,,,,,,,,,,,,,,,,,,,,,,,,,,,,,,,,,,,,,,,,,,,,,,,,,,,,,,,,,,,,
2025-10-24,2025,False,scl3x3_b1_w8_centernotbad_p0_class2zero_v1,no_representative_frozen_scl_gate_failed,no_l2a_representative_for_date,no_frozen_representative_l2a_product_for_date,,,,,,,,,,,,,,,,,,,,,,,,,,,,,,,,,,,,,,,,,,,,,,,,,,,,,,,,,,,,,,,,,,,,,,,,,,,,,,,,,,,,,,,,,,,,,,,,,,,,,,,,,,,,,,,,,,,,,,,,,,,,,,,,,,,,,,,,,,,,,,,,,,,,,,,,,,,,,,,,,,,,,,,,,,,,,,,,,,,,,,,,,,,,,,,,,,,,,,,,,,,,,,,,,,,,,,
2025-10-27,2025,False,scl3x3_b1_w8_centernotbad_p0_class2zero_v1,no_representative_frozen_scl_gate_failed,no_l2a_representative_for_date,no_frozen_representative_l2a_product_for_date,,,,,,,,,,,,,,,,,,,,,,,,,,,,,,,,,,,,,,,,,,,,,,,,,,,,,,,,,,,,,,,,,,,,,,,,,,,,,,,,,,,,,,,,,,,,,,,,,,,,,,,,,,,,,,,,,,,,,,,,,,,,,,,,,,,,,,,,,,,,,,,,,,,,,,,,,,,,,,,,,,,,,,,,,,,,,,,,,,,,,,,,,,,,,,,,,,,,,,,,,,,,,,,,,,,,,,
2025-10-29,2025,False,scl3x3_b1_w8_centernotbad_p0_class2zero_v1,no_representative_frozen_scl_gate_failed,no_l2a_representative_for_date,no_frozen_representative_l2a_product_for_date,,,,,,,,,,,,,,,,,,,,,,,,,,,,,,,,,,,,,,,,,,,,,,,,,,,,,,,,,,,,,,,,,,,,,,,,,,,,,,,,,,,,,,,,,,,,,,,,,,,,,,,,,,,,,,,,,,,,,,,,,,,,,,,,,,,,,,,,,,,,,,,,,,,,,,,,,,,,,,,,,,,,,,,,,,,,,,,,,,,,,,,,,,,,,,,,,,,,,,,,,,,,,,,,,,,,,,
2025-10-31,2025,False,scl3x3_b1_w8_centernotbad_p0_class2zero_v1,no_representative_frozen_scl_gate_failed,no_l2a_representative_for_date,no_frozen_representative_l2a_product_for_date,,,,,,,,,,,,,,,,,,,,,,,,,,,,,,,,,,,,,,,,,,,,,,,,,,,,,,,,,,,,,,,,,,,,,,,,,,,,,,,,,,,,,,,,,,,,,,,,,,,,,,,,,,,,,,,,,,,,,,,,,,,,,,,,,,,,,,,,,,,,,,,,,,,,,,,,,,,,,,,,,,,,,,,,,,,,,,,,,,,,,,,,,,,,,,,,,,,,,,,,,,,,,,,,,,,,,,
2025-11-01,2025,False,scl3x3_b1_w8_centernotbad_p0_class2zero_v1,no_representative_frozen_scl_gate_failed,no_l2a_representative_for_date,no_frozen_representative_l2a_product_for_date,,,,,,,,,,,,,,,,,,,,,,,,,,,,,,,,,,,,,,,,,,,,,,,,,,,,,,,,,,,,,,,,,,,,,,,,,,,,,,,,,,,,,,,,,,,,,,,,,,,,,,,,,,,,,,,,,,,,,,,,,,,,,,,,,,,,,,,,,,,,,,,,,,,,,,,,,,,,,,,,,,,,,,,,,,,,,,,,,,,,,,,,,,,,,,,,,,,,,,,,,,,,,,,,,,,,,,
2025-11-06,2025,False,scl3x3_b1_w8_centernotbad_p0_class2zero_v1,no_representative_frozen_scl_gate_failed,no_l2a_representative_for_date,no_frozen_representative_l2a_product_for_date,,,,,,,,,,,,,,,,,,,,,,,,,,,,,,,,,,,,,,,,,,,,,,,,,,,,,,,,,,,,,,,,,,,,,,,,,,,,,,,,,,,,,,,,,,,,,,,,,,,,,,,,,,,,,,,,,,,,,,,,,,,,,,,,,,,,,,,,,,,,,,,,,,,,,,,,,,,,,,,,,,,,,,,,,,,,,,,,,,,,,,,,,,,,,,,,,,,,,,,,,,,,,,,,,,,,,,
2025-11-08,2025,False,scl3x3_b1_w8_centernotbad_p0_class2zero_v1,no_representative_frozen_scl_gate_failed,no_l2a_representative_for_date,no_frozen_representative_l2a_product_for_date,,,,,,,,,,,,,,,,,,,,,,,,,,,,,,,,,,,,,,,,,,,,,,,,,,,,,,,,,,,,,,,,,,,,,,,,,,,,,,,,,,,,,,,,,,,,,,,,,,,,,,,,,,,,,,,,,,,,,,,,,,,,,,,,,,,,,,,,,,,,,,,,,,,,,,,,,,,,,,,,,,,,,,,,,,,,,,,,,,,,,,,,,,,,,,,,,,,,,,,,,,,,,,,,,,,,,,
2025-11-10,2025,False,scl3x3_b1_w8_centernotbad_p0_class2zero_v1,no_representative_frozen_scl_gate_failed,no_l2a_representative_for_date,no_frozen_representative_l2a_product_for_date,,,,,,,,,,,,,,,,,,,,,,,,,,,,,,,,,,,,,,,,,,,,,,,,,,,,,,,,,,,,,,,,,,,,,,,,,,,,,,,,,,,,,,,,,,,,,,,,,,,,,,,,,,,,,,,,,,,,,,,,,,,,,,,,,,,,,,,,,,,,,,,,,,,,,,,,,,,,,,,,,,,,,,,,,,,,,,,,,,,,,,,,,,,,,,,,,,,,,,,,,,,,,,,,,,,,,,
2025-11-11,2025,False,scl3x3_b1_w8_centernotbad_p0_class2zero_v1,no_representative_frozen_scl_gate_failed,no_l2a_representative_for_date,no_frozen_representative_l2a_product_for_date,,,,,,,,,,,,,,,,,,,,,,,,,,,,,,,,,,,,,,,,,,,,,,,,,,,,,,,,,,,,,,,,,,,,,,,,,,,,,,,,,,,,,,,,,,,,,,,,,,,,,,,,,,,,,,,,,,,,,,,,,,,,,,,,,,,,,,,,,,,,,,,,,,,,,,,,,,,,,,,,,,,,,,,,,,,,,,,,,,,,,,,,,,,,,,,,,,,,,,,,,,,,,,,,,,,,,,
2025-11-13,2025,False,scl3x3_b1_w8_centernotbad_p0_class2zero_v1,no_representative_frozen_scl_gate_failed,no_l2a_representative_for_date,no_frozen_representative_l2a_product_for_date,,,,,,,,,,,,,,,,,,,,,,,,,,,,,,,,,,,,,,,,,,,,,,,,,,,,,,,,,,,,,,,,,,,,,,,,,,,,,,,,,,,,,,,,,,,,,,,,,,,,,,,,,,,,,,,,,,,,,,,,,,,,,,,,,,,,,,,,,,,,,,,,,,,,,,,,,,,,,,,,,,,,,,,,,,,,,,,,,,,,,,,,,,,,,,,,,,,,,,,,,,,,,,,,,,,,,,
2025-11-18,2025,False,scl3x3_b1_w8_centernotbad_p0_class2zero_v1,no_representative_frozen_scl_gate_failed,no_l2a_representative_for_date,no_frozen_representative_l2a_product_for_date,,,,,,,,,,,,,,,,,,,,,,,,,,,,,,,,,,,,,,,,,,,,,,,,,,,,,,,,,,,,,,,,,,,,,,,,,,,,,,,,,,,,,,,,,,,,,,,,,,,,,,,,,,,,,,,,,,,,,,,,,,,,,,,,,,,,,,,,,,,,,,,,,,,,,,,,,,,,,,,,,,,,,,,,,,,,,,,,,,,,,,,,,,,,,,,,,,,,,,,,,,,,,,,,,,,,,,
2025-11-21,2025,False,scl3x3_b1_w8_centernotbad_p0_class2zero_v1,no_representative_frozen_scl_gate_failed,no_l2a_representative_for_date,no_frozen_representative_l2a_product_for_date,,,,,,,,,,,,,,,,,,,,,,,,,,,,,,,,,,,,,,,,,,,,,,,,,,,,,,,,,,,,,,,,,,,,,,,,,,,,,,,,,,,,,,,,,,,,,,,,,,,,,,,,,,,,,,,,,,,,,,,,,,,,,,,,,,,,,,,,,,,,,,,,,,,,,,,,,,,,,,,,,,,,,,,,,,,,,,,,,,,,,,,,,,,,,,,,,,,,,,,,,,,,,,,,,,,,,,
2025-11-23,2025,False,scl3x3_b1_w8_centernotbad_p0_class2zero_v1,no_representative_frozen_scl_gate_failed,no_l2a_representative_for_date,no_frozen_representative_l2a_product_for_date,,,,,,,,,,,,,,,,,,,,,,,,,,,,,,,,,,,,,,,,,,,,,,,,,,,,,,,,,,,,,,,,,,,,,,,,,,,,,,,,,,,,,,,,,,,,,,,,,,,,,,,,,,,,,,,,,,,,,,,,,,,,,,,,,,,,,,,,,,,,,,,,,,,,,,,,,,,,,,,,,,,,,,,,,,,,,,,,,,,,,,,,,,,,,,,,,,,,,,,,,,,,,,,,,,,,,,
2025-11-28,2025,False,scl3x3_b1_w8_centernotbad_p0_class2zero_v1,no_representative_frozen_scl_gate_failed,no_l2a_representative_for_date,no_frozen_representative_l2a_product_for_date,,,,,,,,,,,,,,,,,,,,,,,,,,,,,,,,,,,,,,,,,,,,,,,,,,,,,,,,,,,,,,,,,,,,,,,,,,,,,,,,,,,,,,,,,,,,,,,,,,,,,,,,,,,,,,,,,,,,,,,,,,,,,,,,,,,,,,,,,,,,,,,,,,,,,,,,,,,,,,,,,,,,,,,,,,,,,,,,,,,,,,,,,,,,,,,,,,,,,,,,,,,,,,,,,,,,,,
2025-11-30,2025,False,scl3x3_b1_w8_centernotbad_p0_class2zero_v1,no_representative_frozen_scl_gate_failed,no_l2a_representative_for_date,no_frozen_representative_l2a_product_for_date,,,,,,,,,,,,,,,,,,,,,,,,,,,,,,,,,,,,,,,,,,,,,,,,,,,,,,,,,,,,,,,,,,,,,,,,,,,,,,,,,,,,,,,,,,,,,,,,,,,,,,,,,,,,,,,,,,,,,,,,,,,,,,,,,,,,,,,,,,,,,,,,,,,,,,,,,,,,,,,,,,,,,,,,,,,,,,,,,,,,,,,,,,,,,,,,,,,,,,,,,,,,,,,,,,,,,,
