contract_version,outer_test_year,method,date,year,CHLF,s2_openwater_reference_candidate,common_support_segment_id,prediction,selected_smoothing,reconstruction_status,reconstruction_failure_reason
Reconstruction_Analysis_Contract_v1.0.1,2019,linear_interpolation,2019-04-17,2019,4.8965100000000001,True,2019_segment_1,4.8965100000000001,,ok,
Reconstruction_Analysis_Contract_v1.0.1,2019,linear_interpolation,2019-04-18,2019,6.3200000000000003,False,2019_segment_1,4.7052079999999998,,ok,
Reconstruction_Analysis_Contract_v1.0.1,2019,linear_interpolation,2019-04-19,2019,4.9500000000000002,False,2019_segment_1,4.5139060000000004,,ok,
Reconstruction_Analysis_Contract_v1.0.1,2019,linear_interpolation,2019-04-20,2019,4.0700000000000003,False,2019_segment_1,4.3226040000000001,,ok,
Reconstruction_Analysis_Contract_v1.0.1,2019,linear_interpolation,2019-04-21,2019,4.0899999999999999,False,2019_segment_1,4.1313019999999998,,ok,
Reconstruction_Analysis_Contract_v1.0.1,2019,linear_interpolation,2019-04-22,2019,3.9399999999999999,True,2019_segment_1,3.9399999999999999,,ok,
Reconstruction_Analysis_Contract_v1.0.1,2019,linear_interpolation,2019-04-23,2019,4.4000000000000004,False,2019_segment_1,2.9448499999999997,,ok,
Reconstruction_Analysis_Contract_v1.0.1,2019,linear_interpolation,2019-04-24,2019,1.9497,True,2019_segment_1,1.9497,,ok,
Reconstruction_Analysis_Contract_v1.0.1,2019,linear_interpolation,2019-04-25,2019,2.1053500000000001,False,2019_segment_1,2.0657533333333333,,ok,
Reconstruction_Analysis_Contract_v1.0.1,2019,linear_interpolation,2019-04-26,2019,2.5600100000000001,False,2019_segment_1,2.1818066666666667,,ok,
Reconstruction_Analysis_Contract_v1.0.1,2019,linear_interpolation,2019-04-27,2019,2.29786,True,2019_segment_1,2.29786,,ok,
Reconstruction_Analysis_Contract_v1.0.1,2019,linear_interpolation,2019-04-28,2019,2.7156500000000001,False,2019_segment_1,2.5989149999999999,,ok,
Reconstruction_Analysis_Contract_v1.0.1,2019,linear_interpolation,2019-04-29,2019,2.8999700000000002,True,2019_segment_1,2.8999700000000002,,ok,
Reconstruction_Analysis_Contract_v1.0.1,2019,linear_interpolation,2019-04-30,2019,1.86066,False,2019_segment_1,2.8633744444444447,,ok,
Reconstruction_Analysis_Contract_v1.0.1,2019,linear_interpolation,2019-05-01,2019,1.9510099999999999,False,2019_segment_1,2.8267788888888892,,ok,
Reconstruction_Analysis_Contract_v1.0.1,2019,linear_interpolation,2019-05-02,2019,1.7898499999999999,False,2019_segment_1,2.7901833333333332,,ok,
Reconstruction_Analysis_Contract_v1.0.1,2019,linear_interpolation,2019-05-03,2019,1.63357,False,2019_segment_1,2.7535877777777777,,ok,
Reconstruction_Analysis_Contract_v1.0.1,2019,linear_interpolation,2019-05-04,2019,1.5651999999999999,False,2019_segment_1,2.7169922222222223,,ok,
Reconstruction_Analysis_Contract_v1.0.1,2019,linear_interpolation,2019-05-05,2019,1.5090399999999999,False,2019_segment_1,2.6803966666666668,,ok,
Reconstruction_Analysis_Contract_v1.0.1,2019,linear_interpolation,2019-05-06,2019,1.4016,False,2019_segment_1,2.6438011111111113,,ok,
Reconstruction_Analysis_Contract_v1.0.1,2019,linear_interpolation,2019-05-07,2019,1.9534499999999999,False,2019_segment_1,2.6072055555555558,,ok,
Reconstruction_Analysis_Contract_v1.0.1,2019,linear_interpolation,2019-05-08,2019,1.78077,False,2019_segment_1,2.5706099999999998,,ok,
Reconstruction_Analysis_Contract_v1.0.1,2019,linear_interpolation,2019-05-09,2019,1.83473,False,2019_segment_1,2.5340144444444443,,ok,
Reconstruction_Analysis_Contract_v1.0.1,2019,linear_interpolation,2019-05-10,2019,1.8851,False,2019_segment_1,2.4974188888888889,,ok,
Reconstruction_Analysis_Contract_v1.0.1,2019,linear_interpolation,2019-05-11,2019,1.9822299999999999,False,2019_segment_1,2.4608233333333334,,ok,
Reconstruction_Analysis_Contract_v1.0.1,2019,linear_interpolation,2019-05-12,2019,1.8275399999999999,False,2019_segment_1,2.4242277777777779,,ok,
Reconstruction_Analysis_Contract_v1.0.1,2019,linear_interpolation,2019-05-13,2019,1.88869,False,2019_segment_1,2.3876322222222224,,ok,
Reconstruction_Analysis_Contract_v1.0.1,2019,linear_interpolation,2019-05-14,2019,2.04339,False,2019_segment_1,2.3510366666666664,,ok,
Reconstruction_Analysis_Contract_v1.0.1,2019,linear_interpolation,2019-05-15,2019,2.25204,False,2019_segment_1,2.3144411111111109,,ok,
Reconstruction_Analysis_Contract_v1.0.1,2019,linear_interpolation,2019-05-16,2019,2.39235,False,2019_segment_1,2.2778455555555555,,ok,
Reconstruction_Analysis_Contract_v1.0.1,2019,linear_interpolation,2019-05-17,2019,2.24125,True,2019_segment_1,2.24125,,ok,
Reconstruction_Analysis_Contract_v1.0.1,2019,linear_interpolation,2019-05-18,2019,2.0182099999999998,False,2019_segment_1,2.1495199999999999,,ok,
Reconstruction_Analysis_Contract_v1.0.1,2019,linear_interpolation,2019-05-19,2019,1.8203400000000001,False,2019_segment_1,2.0577899999999998,,ok,
Reconstruction_Analysis_Contract_v1.0.1,2019,linear_interpolation,2019-05-20,2019,1.6404700000000001,False,2019_segment_1,1.9660599999999999,,ok,
Reconstruction_Analysis_Contract_v1.0.1,2019,linear_interpolation,2019-05-21,2019,1.46394,False,2019_segment_1,1.8743300000000001,,ok,
Reconstruction_Analysis_Contract_v1.0.1,2019,linear_interpolation,2019-05-22,2019,1.2332099999999999,False,2019_segment_1,1.7826,,ok,
Reconstruction_Analysis_Contract_v1.0.1,2019,linear_interpolation,2019-05-23,2019,0.78368499999999996,False,2019_segment_1,1.6908700000000001,,ok,
Reconstruction_Analysis_Contract_v1.0.1,2019,linear_interpolation,2019-05-24,2019,0.62456100000000003,False,2019_segment_1,1.59914,,ok,
Reconstruction_Analysis_Contract_v1.0.1,2019,linear_interpolation,2019-05-25,2019,0.77175099999999996,False,2019_segment_1,1.5074100000000001,,ok,
Reconstruction_Analysis_Contract_v1.0.1,2019,linear_interpolation,2019-05-26,2019,0.81550999999999996,False,2019_segment_1,1.41568,,ok,
Reconstruction_Analysis_Contract_v1.0.1,2019,linear_interpolation,2019-05-27,2019,0.80755399999999999,False,2019_segment_1,1.32395,,ok,
Reconstruction_Analysis_Contract_v1.0.1,2019,linear_interpolation,2019-05-28,2019,1.3580099999999999,False,2019_segment_1,1.2322200000000001,,ok,
Reconstruction_Analysis_Contract_v1.0.1,2019,linear_interpolation,2019-05-29,2019,1.14049,True,2019_segment_1,1.14049,,ok,
Reconstruction_Analysis_Contract_v1.0.1,2019,linear_interpolation,2019-05-30,2019,1.24631,False,2019_segment_1,1.19429875,,ok,
Reconstruction_Analysis_Contract_v1.0.1,2019,linear_interpolation,2019-05-31,2019,1.1992799999999999,False,2019_segment_1,1.2481074999999999,,ok,
Reconstruction_Analysis_Contract_v1.0.1,2019,linear_interpolation,2019-06-01,2019,1.3580099999999999,False,2019_segment_1,1.3019162499999999,,ok,
Reconstruction_Analysis_Contract_v1.0.1,2019,linear_interpolation,2019-06-02,2019,1.3697699999999999,False,2019_segment_1,1.3557250000000001,,ok,
Reconstruction_Analysis_Contract_v1.0.1,2019,linear_interpolation,2019-06-03,2019,1.62256,False,2019_segment_1,1.40953375,,ok,
Reconstruction_Analysis_Contract_v1.0.1,2019,linear_interpolation,2019-06-04,2019,1.75545,False,2019_segment_1,1.4633425,,ok,
Reconstruction_Analysis_Contract_v1.0.1,2019,linear_interpolation,2019-06-05,2019,1.4982800000000001,False,2019_segment_1,1.51715125,,ok,
Reconstruction_Analysis_Contract_v1.0.1,2019,linear_interpolation,2019-06-06,2019,1.5709599999999999,True,2019_segment_1,1.5709599999999999,,ok,
Reconstruction_Analysis_Contract_v1.0.1,2019,linear_interpolation,2019-06-07,2019,2.22506,False,2019_segment_1,1.5178499999999999,,ok,
Reconstruction_Analysis_Contract_v1.0.1,2019,linear_interpolation,2019-06-08,2019,1.4647399999999999,True,2019_segment_1,1.4647399999999999,,ok,
Reconstruction_Analysis_Contract_v1.0.1,2019,linear_interpolation,2019-06-09,2019,1.0398499999999999,False,2019_segment_1,1.648026,,ok,
Reconstruction_Analysis_Contract_v1.0.1,2019,linear_interpolation,2019-06-10,2019,1.0566199999999999,False,2019_segment_1,1.8313120000000001,,ok,
Reconstruction_Analysis_Contract_v1.0.1,2019,linear_interpolation,2019-06-11,2019,1.1684399999999999,False,2019_segment_1,2.0145979999999999,,ok,
Reconstruction_Analysis_Contract_v1.0.1,2019,linear_interpolation,2019-06-12,2019,1.6633800000000001,False,2019_segment_1,2.1978840000000002,,ok,
Reconstruction_Analysis_Contract_v1.0.1,2019,linear_interpolation,2019-06-13,2019,1.5412999999999999,False,2019_segment_1,2.38117,,ok,
Reconstruction_Analysis_Contract_v1.0.1,2019,linear_interpolation,2019-06-14,2019,1.3581700000000001,False,2019_segment_1,2.5644559999999998,,ok,
Reconstruction_Analysis_Contract_v1.0.1,2019,linear_interpolation,2019-06-15,2019,1.6633800000000001,False,2019_segment_1,2.7477420000000001,,ok,
Reconstruction_Analysis_Contract_v1.0.1,2019,linear_interpolation,2019-06-16,2019,1.32002,False,2019_segment_1,2.931028,,ok,
Reconstruction_Analysis_Contract_v1.0.1,2019,linear_interpolation,2019-06-17,2019,1.7244200000000001,False,2019_segment_1,3.1143139999999998,,ok,
Reconstruction_Analysis_Contract_v1.0.1,2019,linear_interpolation,2019-06-18,2019,3.2976000000000001,True,2019_segment_1,3.2976000000000001,,ok,
Reconstruction_Analysis_Contract_v1.0.1,2019,linear_interpolation,2019-06-19,2019,3.1624500000000002,False,2019_segment_1,3.1575489999999999,,ok,
Reconstruction_Analysis_Contract_v1.0.1,2019,linear_interpolation,2019-06-20,2019,3.06785,False,2019_segment_1,3.0174980000000002,,ok,
Reconstruction_Analysis_Contract_v1.0.1,2019,linear_interpolation,2019-06-21,2019,2.59483,False,2019_segment_1,2.8774470000000001,,ok,
Reconstruction_Analysis_Contract_v1.0.1,2019,linear_interpolation,2019-06-22,2019,2.5678000000000001,False,2019_segment_1,2.7373959999999999,,ok,
Reconstruction_Analysis_Contract_v1.0.1,2019,linear_interpolation,2019-06-23,2019,3.0813600000000001,False,2019_segment_1,2.5973450000000002,,ok,
Reconstruction_Analysis_Contract_v1.0.1,2019,linear_interpolation,2019-06-24,2019,2.5542899999999999,False,2019_segment_1,2.4572940000000001,,ok,
Reconstruction_Analysis_Contract_v1.0.1,2019,linear_interpolation,2019-06-25,2019,2.7935099999999999,False,2019_segment_1,2.3172429999999999,,ok,
Reconstruction_Analysis_Contract_v1.0.1,2019,linear_interpolation,2019-06-26,2019,2.4182600000000001,False,2019_segment_1,2.1771919999999998,,ok,
Reconstruction_Analysis_Contract_v1.0.1,2019,linear_interpolation,2019-06-27,2019,2.4391099999999999,False,2019_segment_1,2.0371410000000001,,ok,
Reconstruction_Analysis_Contract_v1.0.1,2019,linear_interpolation,2019-06-28,2019,1.8970899999999999,True,2019_segment_1,1.8970899999999999,,ok,
Reconstruction_Analysis_Contract_v1.0.1,2019,linear_interpolation,2019-06-29,2019,3.4085000000000001,False,2019_segment_1,2.196853846153846,,ok,
Reconstruction_Analysis_Contract_v1.0.1,2019,linear_interpolation,2019-06-30,2019,3.4918900000000002,False,2019_segment_1,2.4966176923076921,,ok,
Reconstruction_Analysis_Contract_v1.0.1,2019,linear_interpolation,2019-07-01,2019,8.6063299999999998,False,2019_segment_1,2.7963815384615383,,ok,
Reconstruction_Analysis_Contract_v1.0.1,2019,linear_interpolation,2019-07-02,2019,2.47038,False,2019_segment_1,3.0961453846153848,,ok,
Reconstruction_Analysis_Contract_v1.0.1,2019,linear_interpolation,2019-07-03,2019,10.0777,False,2019_segment_1,3.3959092307692309,,ok,
Reconstruction_Analysis_Contract_v1.0.1,2019,linear_interpolation,2019-07-04,2019,9.5450999999999997,False,2019_segment_1,3.695673076923077,,ok,
Reconstruction_Analysis_Contract_v1.0.1,2019,linear_interpolation,2019-07-05,2019,8.0293600000000005,False,2019_segment_1,3.9954369230769231,,ok,
Reconstruction_Analysis_Contract_v1.0.1,2019,linear_interpolation,2019-07-06,2019,8.3570799999999998,False,2019_segment_1,4.2952007692307692,,ok,
Reconstruction_Analysis_Contract_v1.0.1,2019,linear_interpolation,2019-07-07,2019,7.6196900000000003,False,2019_segment_1,4.5949646153846153,,ok,
Reconstruction_Analysis_Contract_v1.0.1,2019,linear_interpolation,2019-07-08,2019,9.1354399999999991,False,2019_segment_1,4.8947284615384614,,ok,
Reconstruction_Analysis_Contract_v1.0.1,2019,linear_interpolation,2019-07-09,2019,4.6271699999999996,False,2019_segment_1,5.1944923076923075,,ok,
Reconstruction_Analysis_Contract_v1.0.1,2019,linear_interpolation,2019-07-10,2019,4.3254000000000001,False,2019_segment_1,5.4942561538461536,,ok,
Reconstruction_Analysis_Contract_v1.0.1,2019,linear_interpolation,2019-07-11,2019,5.7940199999999997,True,2019_segment_1,5.7940199999999997,,ok,
Reconstruction_Analysis_Contract_v1.0.1,2019,linear_interpolation,2019-07-12,2019,6.6188599999999997,False,2019_segment_1,5.8753357142857139,,ok,
Reconstruction_Analysis_Contract_v1.0.1,2019,linear_interpolation,2019-07-13,2019,6.8602800000000004,False,2019_segment_1,5.956651428571428,,ok,
Reconstruction_Analysis_Contract_v1.0.1,2019,linear_interpolation,2019-07-14,2019,8.1076099999999993,False,2019_segment_1,6.0379671428571422,,ok,
Reconstruction_Analysis_Contract_v1.0.1,2019,linear_interpolation,2019-07-15,2019,9.3750499999999999,False,2019_segment_1,6.1192828571428572,,ok,
Reconstruction_Analysis_Contract_v1.0.1,2019,linear_interpolation,2019-07-16,2019,5.4650699999999999,False,2019_segment_1,6.2005985714285714,,ok,
Reconstruction_Analysis_Contract_v1.0.1,2019,linear_interpolation,2019-07-17,2019,6.5002399999999998,False,2019_segment_1,6.2819142857142856,,ok,
Reconstruction_Analysis_Contract_v1.0.1,2019,linear_interpolation,2019-07-18,2019,6.3632299999999997,True,2019_segment_1,6.3632299999999997,,ok,
Reconstruction_Analysis_Contract_v1.0.1,2019,linear_interpolation,2019-07-19,2019,6.1348799999999999,False,2019_segment_1,6.8170120000000001,,ok,
Reconstruction_Analysis_Contract_v1.0.1,2019,linear_interpolation,2019-07-20,2019,6.5002399999999998,False,2019_segment_1,7.2707939999999995,,ok,
Reconstruction_Analysis_Contract_v1.0.1,2019,linear_interpolation,2019-07-21,2019,6.7894699999999997,False,2019_segment_1,7.7245759999999999,,ok,
Reconstruction_Analysis_Contract_v1.0.1,2019,linear_interpolation,2019-07-22,2019,7.9532100000000003,False,2019_segment_1,8.1783579999999994,,ok,
Reconstruction_Analysis_Contract_v1.0.1,2019,linear_interpolation,2019-07-23,2019,8.6321399999999997,True,2019_segment_1,8.6321399999999997,,ok,
Reconstruction_Analysis_Contract_v1.0.1,2019,linear_interpolation,2019-07-24,2019,5.8679199999999998,False,2019_segment_1,8.9473599999999998,,ok,
Reconstruction_Analysis_Contract_v1.0.1,2019,linear_interpolation,2019-07-25,2019,6.5225999999999997,False,2019_segment_1,9.2625799999999998,,ok,
Reconstruction_Analysis_Contract_v1.0.1,2019,linear_interpolation,2019-07-26,2019,9.5777999999999999,True,2019_segment_1,9.5777999999999999,,ok,
Reconstruction_Analysis_Contract_v1.0.1,2019,linear_interpolation,2019-07-27,2019,5.4072100000000001,False,2019_segment_1,8.3290500000000005,,ok,
Reconstruction_Analysis_Contract_v1.0.1,2019,linear_interpolation,2019-07-28,2019,7.0803000000000003,True,2019_segment_1,7.0803000000000003,,ok,
Reconstruction_Analysis_Contract_v1.0.1,2019,linear_interpolation,2019-07-29,2019,6.6195899999999996,False,2019_segment_1,7.5733760000000006,,ok,
Reconstruction_Analysis_Contract_v1.0.1,2019,linear_interpolation,2019-07-30,2019,8.2439999999999998,False,2019_segment_1,8.066452,,ok,
Reconstruction_Analysis_Contract_v1.0.1,2019,linear_interpolation,2019-07-31,2019,8.1256699999999995,False,2019_segment_1,8.5595280000000002,,ok,
Reconstruction_Analysis_Contract_v1.0.1,2019,linear_interpolation,2019-08-01,2019,9.2301199999999994,False,2019_segment_1,9.0526040000000005,,ok,
Reconstruction_Analysis_Contract_v1.0.1,2019,linear_interpolation,2019-08-02,2019,9.5456800000000008,True,2019_segment_1,9.5456800000000008,,ok,
Reconstruction_Analysis_Contract_v1.0.1,2019,linear_interpolation,2019-08-03,2019,12.346299999999999,False,2019_segment_1,11.780886666666667,,ok,
Reconstruction_Analysis_Contract_v1.0.1,2019,linear_interpolation,2019-08-04,2019,11.517899999999999,False,2019_segment_1,14.016093333333334,,ok,
Reconstruction_Analysis_Contract_v1.0.1,2019,linear_interpolation,2019-08-05,2019,16.251300000000001,True,2019_segment_1,16.251300000000001,,ok,
Reconstruction_Analysis_Contract_v1.0.1,2019,linear_interpolation,2019-08-06,2019,25.572099999999999,False,2019_segment_1,19.189300000000003,,ok,
Reconstruction_Analysis_Contract_v1.0.1,2019,linear_interpolation,2019-08-07,2019,22.127300000000002,True,2019_segment_1,22.127300000000002,,ok,
Reconstruction_Analysis_Contract_v1.0.1,2019,linear_interpolation,2019-08-08,2019,18.651499999999999,False,2019_segment_1,22.36922666666667,,ok,
Reconstruction_Analysis_Contract_v1.0.1,2019,linear_interpolation,2019-08-09,2019,18.7135,False,2019_segment_1,22.611153333333334,,ok,
Reconstruction_Analysis_Contract_v1.0.1,2019,linear_interpolation,2019-08-10,2019,22.4376,False,2019_segment_1,22.853080000000002,,ok,
Reconstruction_Analysis_Contract_v1.0.1,2019,linear_interpolation,2019-08-11,2019,12.413600000000001,False,2019_segment_1,23.095006666666666,,ok,
Reconstruction_Analysis_Contract_v1.0.1,2019,linear_interpolation,2019-08-12,2019,13.4998,False,2019_segment_1,23.336933333333334,,ok,
Reconstruction_Analysis_Contract_v1.0.1,2019,linear_interpolation,2019-08-13,2019,30.182500000000001,False,2019_segment_1,23.578860000000002,,ok,
Reconstruction_Analysis_Contract_v1.0.1,2019,linear_interpolation,2019-08-14,2019,25.755700000000001,False,2019_segment_1,23.820786666666667,,ok,
Reconstruction_Analysis_Contract_v1.0.1,2019,linear_interpolation,2019-08-15,2019,46.883499999999998,False,2019_segment_1,24.062713333333335,,ok,
Reconstruction_Analysis_Contract_v1.0.1,2019,linear_interpolation,2019-08-16,2019,24.910599999999999,False,2019_segment_1,24.304639999999999,,ok,
Reconstruction_Analysis_Contract_v1.0.1,2019,linear_interpolation,2019-08-17,2019,39.961599999999997,False,2019_segment_1,24.546566666666667,,ok,
Reconstruction_Analysis_Contract_v1.0.1,2019,linear_interpolation,2019-08-18,2019,27.647200000000002,False,2019_segment_1,24.788493333333335,,ok,
Reconstruction_Analysis_Contract_v1.0.1,2019,linear_interpolation,2019-08-19,2019,35.575099999999999,False,2019_segment_1,25.030419999999999,,ok,
Reconstruction_Analysis_Contract_v1.0.1,2019,linear_interpolation,2019-08-20,2019,19.279399999999999,False,2019_segment_1,25.272346666666667,,ok,
Reconstruction_Analysis_Contract_v1.0.1,2019,linear_interpolation,2019-08-21,2019,37.045400000000001,False,2019_segment_1,25.514273333333332,,ok,
Reconstruction_Analysis_Contract_v1.0.1,2019,linear_interpolation,2019-08-22,2019,25.7562,True,2019_segment_1,25.7562,,ok,
Reconstruction_Analysis_Contract_v1.0.1,2019,linear_interpolation,2019-08-23,2019,41.676099999999998,False,2019_segment_1,26.916399999999999,,ok,
Reconstruction_Analysis_Contract_v1.0.1,2019,linear_interpolation,2019-08-24,2019,33.353000000000002,False,2019_segment_1,28.076599999999999,,ok,
Reconstruction_Analysis_Contract_v1.0.1,2019,linear_interpolation,2019-08-25,2019,29.236799999999999,True,2019_segment_1,29.236799999999999,,ok,
Reconstruction_Analysis_Contract_v1.0.1,2019,linear_interpolation,2019-08-26,2019,60.8949,False,2019_segment_1,24.685400000000001,,ok,
Reconstruction_Analysis_Contract_v1.0.1,2019,linear_interpolation,2019-08-27,2019,20.134,True,2019_segment_1,20.134,,ok,
Reconstruction_Analysis_Contract_v1.0.1,2019,linear_interpolation,2019-08-28,2019,58.387900000000002,False,2019_segment_1,19.757940000000001,,ok,
Reconstruction_Analysis_Contract_v1.0.1,2019,linear_interpolation,2019-08-29,2019,58.5319,False,2019_segment_1,19.381879999999999,,ok,
Reconstruction_Analysis_Contract_v1.0.1,2019,linear_interpolation,2019-08-30,2019,58.675800000000002,False,2019_segment_1,19.00582,,ok,
Reconstruction_Analysis_Contract_v1.0.1,2019,linear_interpolation,2019-08-31,2019,25.717099999999999,False,2019_segment_1,18.629759999999997,,ok,
Reconstruction_Analysis_Contract_v1.0.1,2019,linear_interpolation,2019-09-01,2019,18.253699999999998,True,2019_segment_1,18.253699999999998,,ok,
Reconstruction_Analysis_Contract_v1.0.1,2019,linear_interpolation,2019-09-02,2019,10.6745,False,2019_segment_1,17.560133333333333,,ok,
Reconstruction_Analysis_Contract_v1.0.1,2019,linear_interpolation,2019-09-03,2019,20.482399999999998,False,2019_segment_1,16.866566666666664,,ok,
Reconstruction_Analysis_Contract_v1.0.1,2019,linear_interpolation,2019-09-04,2019,16.172999999999998,True,2019_segment_1,16.172999999999998,,ok,
Reconstruction_Analysis_Contract_v1.0.1,2019,linear_interpolation,2019-09-05,2019,44.1081,False,2019_segment_1,14.537949999999999,,ok,
Reconstruction_Analysis_Contract_v1.0.1,2019,linear_interpolation,2019-09-06,2019,12.902900000000001,True,2019_segment_1,12.902900000000001,,ok,
Reconstruction_Analysis_Contract_v1.0.1,2019,linear_interpolation,2019-09-07,2019,24.8171,False,2019_segment_1,12.305352200000002,,ok,
Reconstruction_Analysis_Contract_v1.0.1,2019,linear_interpolation,2019-09-08,2019,11.026999999999999,False,2019_segment_1,11.707804400000001,,ok,
Reconstruction_Analysis_Contract_v1.0.1,2019,linear_interpolation,2019-09-09,2019,10.165100000000001,False,2019_segment_1,11.1102566,,ok,
Reconstruction_Analysis_Contract_v1.0.1,2019,linear_interpolation,2019-09-10,2019,7.6478400000000004,False,2019_segment_1,10.5127088,,ok,
Reconstruction_Analysis_Contract_v1.0.1,2019,linear_interpolation,2019-09-11,2019,5.1599899999999996,False,2019_segment_1,9.9151610000000012,,ok,
Reconstruction_Analysis_Contract_v1.0.1,2019,linear_interpolation,2019-09-12,2019,6.6711299999999998,False,2019_segment_1,9.3176132000000003,,ok,
Reconstruction_Analysis_Contract_v1.0.1,2019,linear_interpolation,2019-09-13,2019,5.2336999999999998,False,2019_segment_1,8.7200653999999993,,ok,
Reconstruction_Analysis_Contract_v1.0.1,2019,linear_interpolation,2019-09-14,2019,7.0581300000000002,False,2019_segment_1,8.1225176000000001,,ok,
Reconstruction_Analysis_Contract_v1.0.1,2019,linear_interpolation,2019-09-15,2019,6.4131299999999998,False,2019_segment_1,7.5249698,,ok,
Reconstruction_Analysis_Contract_v1.0.1,2019,linear_interpolation,2019-09-16,2019,6.0998400000000004,False,2019_segment_1,6.927422,,ok,
Reconstruction_Analysis_Contract_v1.0.1,2019,linear_interpolation,2019-09-17,2019,16.944500000000001,False,2019_segment_1,6.3298741999999999,,ok,
Reconstruction_Analysis_Contract_v1.0.1,2019,linear_interpolation,2019-09-18,2019,17.962199999999999,False,2019_segment_1,5.7323263999999998,,ok,
Reconstruction_Analysis_Contract_v1.0.1,2019,linear_interpolation,2019-09-19,2019,20.7608,False,2019_segment_1,5.1347785999999997,,ok,
Reconstruction_Analysis_Contract_v1.0.1,2019,linear_interpolation,2019-09-20,2019,19.844899999999999,False,2019_segment_1,4.5372307999999997,,ok,
Reconstruction_Analysis_Contract_v1.0.1,2019,linear_interpolation,2019-09-21,2019,19.081600000000002,False,2019_segment_1,3.9396829999999996,,ok,
Reconstruction_Analysis_Contract_v1.0.1,2019,linear_interpolation,2019-09-22,2019,27.782800000000002,False,2019_segment_1,3.3421351999999995,,ok,
Reconstruction_Analysis_Contract_v1.0.1,2019,linear_interpolation,2019-09-23,2019,21.524100000000001,False,2019_segment_1,2.7445873999999995,,ok,
Reconstruction_Analysis_Contract_v1.0.1,2019,linear_interpolation,2019-09-24,2019,11.264699999999999,False,2019_segment_1,2.1470395999999994,,ok,
Reconstruction_Analysis_Contract_v1.0.1,2019,linear_interpolation,2019-09-25,2019,1.7599199999999999,False,2019_segment_1,1.5494917999999993,,ok,
Reconstruction_Analysis_Contract_v1.0.1,2019,linear_interpolation,2019-09-26,2019,0.95194400000000001,True,2019_segment_1,0.95194400000000001,,ok,
Reconstruction_Analysis_Contract_v1.0.1,2019,linear_interpolation,2019-09-27,2019,1.05772,False,2019_segment_1,0.9872012,,ok,
Reconstruction_Analysis_Contract_v1.0.1,2019,linear_interpolation,2019-09-28,2019,1.0018899999999999,False,2019_segment_1,1.0224584000000001,,ok,
Reconstruction_Analysis_Contract_v1.0.1,2019,linear_interpolation,2019-09-29,2019,1.2633799999999999,False,2019_segment_1,1.0577156000000001,,ok,
Reconstruction_Analysis_Contract_v1.0.1,2019,linear_interpolation,2019-09-30,2019,2.5561500000000001,False,2019_segment_1,1.0929728000000001,,ok,
Reconstruction_Analysis_Contract_v1.0.1,2019,linear_interpolation,2019-10-01,2019,1.1282300000000001,True,2019_segment_1,1.1282300000000001,,ok,
Reconstruction_Analysis_Contract_v1.0.1,2019,linear_interpolation,2019-10-02,2019,1.1282300000000001,False,2019_segment_1,1.6381700000000001,,ok,
Reconstruction_Analysis_Contract_v1.0.1,2019,linear_interpolation,2019-10-03,2019,1.0488999999999999,False,2019_segment_1,2.14811,,ok,
Reconstruction_Analysis_Contract_v1.0.1,2019,linear_interpolation,2019-10-04,2019,2.6580499999999998,True,2019_segment_1,2.6580499999999998,,ok,
Reconstruction_Analysis_Contract_v1.0.1,2019,linear_interpolation,2019-10-05,2019,1.04009,False,2019_segment_1,2.9225893333333333,,ok,
Reconstruction_Analysis_Contract_v1.0.1,2019,linear_interpolation,2019-10-06,2019,1.2839499999999999,False,2019_segment_1,3.1871286666666663,,ok,
Reconstruction_Analysis_Contract_v1.0.1,2019,linear_interpolation,2019-10-07,2019,0.86967700000000003,False,2019_segment_1,3.4516679999999997,,ok,
Reconstruction_Analysis_Contract_v1.0.1,2019,linear_interpolation,2019-10-08,2019,0.91668700000000003,False,2019_segment_1,3.7162073333333332,,ok,
Reconstruction_Analysis_Contract_v1.0.1,2019,linear_interpolation,2019-10-09,2019,7.9379099999999996,False,2019_segment_1,3.9807466666666667,,ok,
Reconstruction_Analysis_Contract_v1.0.1,2019,linear_interpolation,2019-10-10,2019,6.0206999999999997,False,2019_segment_1,4.2452860000000001,,ok,
Reconstruction_Analysis_Contract_v1.0.1,2019,linear_interpolation,2019-10-11,2019,6.8111300000000004,False,2019_segment_1,4.5098253333333336,,ok,
Reconstruction_Analysis_Contract_v1.0.1,2019,linear_interpolation,2019-10-12,2019,11.507400000000001,False,2019_segment_1,4.774364666666667,,ok,
Reconstruction_Analysis_Contract_v1.0.1,2019,linear_interpolation,2019-10-13,2019,10.8933,False,2019_segment_1,5.0389039999999996,,ok,
Reconstruction_Analysis_Contract_v1.0.1,2019,linear_interpolation,2019-10-14,2019,7.0129400000000004,False,2019_segment_1,5.3034433333333331,,ok,
Reconstruction_Analysis_Contract_v1.0.1,2019,linear_interpolation,2019-10-15,2019,10.1915,False,2019_segment_1,5.5679826666666665,,ok,
Reconstruction_Analysis_Contract_v1.0.1,2019,linear_interpolation,2019-10-16,2019,5.7852600000000001,False,2019_segment_1,5.832522,,ok,
Reconstruction_Analysis_Contract_v1.0.1,2019,linear_interpolation,2019-10-17,2019,7.5342900000000004,False,2019_segment_1,6.0970613333333334,,ok,
Reconstruction_Analysis_Contract_v1.0.1,2019,linear_interpolation,2019-10-18,2019,5.2302799999999996,False,2019_segment_1,6.3616006666666669,,ok,
Reconstruction_Analysis_Contract_v1.0.1,2019,linear_interpolation,2019-10-19,2019,6.6261400000000004,True,2019_segment_1,6.6261400000000004,,ok,
Reconstruction_Analysis_Contract_v1.0.1,2019,linear_interpolation,2019-10-20,2019,6.5588699999999998,False,2019_segment_1,6.2815980000000007,,ok,
Reconstruction_Analysis_Contract_v1.0.1,2019,linear_interpolation,2019-10-21,2019,5.8188899999999997,False,2019_segment_1,5.9370560000000001,,ok,
Reconstruction_Analysis_Contract_v1.0.1,2019,linear_interpolation,2019-10-22,2019,3.19095,False,2019_segment_1,5.5925140000000004,,ok,
Reconstruction_Analysis_Contract_v1.0.1,2019,linear_interpolation,2019-10-23,2019,3.0886800000000001,False,2019_segment_1,5.2479720000000007,,ok,
Reconstruction_Analysis_Contract_v1.0.1,2019,linear_interpolation,2019-10-24,2019,3.2364999999999999,False,2019_segment_1,4.9034300000000002,,ok,
Reconstruction_Analysis_Contract_v1.0.1,2019,linear_interpolation,2019-10-25,2019,3.7227800000000002,False,2019_segment_1,4.5588880000000005,,ok,
Reconstruction_Analysis_Contract_v1.0.1,2019,linear_interpolation,2019-10-26,2019,4.1216400000000002,False,2019_segment_1,4.2143459999999999,,ok,
Reconstruction_Analysis_Contract_v1.0.1,2019,linear_interpolation,2019-10-27,2019,3.3955000000000002,False,2019_segment_1,3.8698040000000002,,ok,
Reconstruction_Analysis_Contract_v1.0.1,2019,linear_interpolation,2019-10-28,2019,3.8148200000000001,False,2019_segment_1,3.5252620000000001,,ok,
Reconstruction_Analysis_Contract_v1.0.1,2019,linear_interpolation,2019-10-29,2019,3.18072,True,2019_segment_1,3.18072,,ok,
Reconstruction_Analysis_Contract_v1.0.1,2019,linear_interpolation,2019-10-30,2019,3.7432300000000001,False,2019_segment_1,3.8352750000000002,,ok,
Reconstruction_Analysis_Contract_v1.0.1,2019,linear_interpolation,2019-10-31,2019,4.4898300000000004,True,2019_segment_1,4.4898300000000004,,ok,
Reconstruction_Analysis_Contract_v1.0.1,2019,linear_interpolation,2019-11-01,2019,3.1284700000000001,False,2019_segment_1,4.0270400000000004,,ok,
Reconstruction_Analysis_Contract_v1.0.1,2019,linear_interpolation,2019-11-02,2019,3.11496,False,2019_segment_1,3.5642499999999999,,ok,
Reconstruction_Analysis_Contract_v1.0.1,2019,linear_interpolation,2019-11-03,2019,3.1014599999999999,True,2019_segment_1,3.1014599999999999,,ok,
Reconstruction_Analysis_Contract_v1.0.1,2019,linear_interpolation,2019-11-04,2019,3.0879500000000002,False,2019_segment_1,3.0537749999999999,,ok,
Reconstruction_Analysis_Contract_v1.0.1,2019,linear_interpolation,2019-11-05,2019,3.0060899999999999,True,2019_segment_1,3.0060899999999999,,ok,
Reconstruction_Analysis_Contract_v1.0.1,2019,linear_interpolation,2019-11-06,2019,2.9394,False,2019_segment_1,2.9553819999999997,,ok,
Reconstruction_Analysis_Contract_v1.0.1,2019,linear_interpolation,2019-11-07,2019,2.8727,False,2019_segment_1,2.904674,,ok,
Reconstruction_Analysis_Contract_v1.0.1,2019,linear_interpolation,2019-11-08,2019,2.8060100000000001,False,2019_segment_1,2.8539659999999998,,ok,
Reconstruction_Analysis_Contract_v1.0.1,2019,linear_interpolation,2019-11-09,2019,2.7393100000000001,False,2019_segment_1,2.803258,,ok,
Reconstruction_Analysis_Contract_v1.0.1,2019,linear_interpolation,2019-11-10,2019,2.6726200000000002,False,2019_segment_1,2.7525499999999998,,ok,
Reconstruction_Analysis_Contract_v1.0.1,2019,linear_interpolation,2019-11-11,2019,2.6059199999999998,False,2019_segment_1,2.7018420000000001,,ok,
Reconstruction_Analysis_Contract_v1.0.1,2019,linear_interpolation,2019-11-12,2019,2.5392299999999999,False,2019_segment_1,2.6511339999999999,,ok,
Reconstruction_Analysis_Contract_v1.0.1,2019,linear_interpolation,2019-11-13,2019,2.4725299999999999,False,2019_segment_1,2.6004260000000001,,ok,
Reconstruction_Analysis_Contract_v1.0.1,2019,linear_interpolation,2019-11-14,2019,2.40584,False,2019_segment_1,2.5497179999999999,,ok,
Reconstruction_Analysis_Contract_v1.0.1,2019,linear_interpolation,2019-11-15,2019,2.3391500000000001,False,2019_segment_1,2.4990100000000002,,ok,
Reconstruction_Analysis_Contract_v1.0.1,2019,linear_interpolation,2019-11-16,2019,2.2724500000000001,False,2019_segment_1,2.448302,,ok,
Reconstruction_Analysis_Contract_v1.0.1,2019,linear_interpolation,2019-11-17,2019,2.2057600000000002,False,2019_segment_1,2.3975939999999998,,ok,
Reconstruction_Analysis_Contract_v1.0.1,2019,linear_interpolation,2019-11-18,2019,2.1390600000000002,False,2019_segment_1,2.346886,,ok,
Reconstruction_Analysis_Contract_v1.0.1,2019,linear_interpolation,2019-11-19,2019,2.0723699999999998,False,2019_segment_1,2.2961779999999998,,ok,
Reconstruction_Analysis_Contract_v1.0.1,2019,linear_interpolation,2019-11-20,2019,2.0420099999999999,False,2019_segment_1,2.2454700000000001,,ok,
Reconstruction_Analysis_Contract_v1.0.1,2019,linear_interpolation,2019-11-21,2019,2.0116499999999999,False,2019_segment_1,2.1947619999999999,,ok,
Reconstruction_Analysis_Contract_v1.0.1,2019,linear_interpolation,2019-11-22,2019,1.9812799999999999,False,2019_segment_1,2.1440540000000001,,ok,
Reconstruction_Analysis_Contract_v1.0.1,2019,linear_interpolation,2019-11-23,2019,1.95092,False,2019_segment_1,2.0933459999999999,,ok,
Reconstruction_Analysis_Contract_v1.0.1,2019,linear_interpolation,2019-11-24,2019,1.92056,False,2019_segment_1,2.0426380000000002,,ok,
Reconstruction_Analysis_Contract_v1.0.1,2019,linear_interpolation,2019-11-25,2019,1.8902000000000001,False,2019_segment_1,1.99193,,ok,
Reconstruction_Analysis_Contract_v1.0.1,2019,linear_interpolation,2019-11-26,2019,1.8598399999999999,False,2019_segment_1,1.941222,,ok,
Reconstruction_Analysis_Contract_v1.0.1,2019,linear_interpolation,2019-11-27,2019,1.82948,False,2019_segment_1,1.890514,,ok,
Reconstruction_Analysis_Contract_v1.0.1,2019,linear_interpolation,2019-11-28,2019,1.7991200000000001,False,2019_segment_1,1.8398060000000001,,ok,
Reconstruction_Analysis_Contract_v1.0.1,2019,linear_interpolation,2019-11-29,2019,1.76875,False,2019_segment_1,1.7890980000000001,,ok,
Reconstruction_Analysis_Contract_v1.0.1,2019,linear_interpolation,2019-11-30,2019,1.7383900000000001,True,2019_segment_1,1.7383900000000001,,ok,
Reconstruction_Analysis_Contract_v1.0.1,2019,linear_interpolation,2019-12-01,2019,1.7080299999999999,False,2019_segment_1,1.7080300000000002,,ok,
Reconstruction_Analysis_Contract_v1.0.1,2019,linear_interpolation,2019-12-02,2019,1.67767,False,2019_segment_1,1.67767,,ok,
Reconstruction_Analysis_Contract_v1.0.1,2019,linear_interpolation,2019-12-03,2019,1.6473100000000001,False,2019_segment_1,1.6473100000000001,,ok,
Reconstruction_Analysis_Contract_v1.0.1,2019,linear_interpolation,2019-12-04,2019,1.6169500000000001,False,2019_segment_1,1.6169499999999999,,ok,
Reconstruction_Analysis_Contract_v1.0.1,2019,linear_interpolation,2019-12-05,2019,1.5865899999999999,True,2019_segment_1,1.5865899999999999,,ok,
Reconstruction_Analysis_Contract_v1.0.1,2019,timesat_double_logistic,2019-04-17,2019,4.8965100000000001,True,2019_segment_1,0.95222115516662598,,ok,
Reconstruction_Analysis_Contract_v1.0.1,2019,timesat_double_logistic,2019-04-18,2019,6.3200000000000003,False,2019_segment_1,0.95225322246551514,,ok,
Reconstruction_Analysis_Contract_v1.0.1,2019,timesat_double_logistic,2019-04-19,2019,4.9500000000000002,False,2019_segment_1,0.95228904485702515,,ok,
Reconstruction_Analysis_Contract_v1.0.1,2019,timesat_double_logistic,2019-04-20,2019,4.0700000000000003,False,2019_segment_1,0.95232897996902466,,ok,
Reconstruction_Analysis_Contract_v1.0.1,2019,timesat_double_logistic,2019-04-21,2019,4.0899999999999999,False,2019_segment_1,0.95237356424331665,,ok,
Reconstruction_Analysis_Contract_v1.0.1,2019,timesat_double_logistic,2019-04-22,2019,3.9399999999999999,True,2019_segment_1,0.9524233341217041,,ok,
Reconstruction_Analysis_Contract_v1.0.1,2019,timesat_double_logistic,2019-04-23,2019,4.4000000000000004,False,2019_segment_1,0.95247888565063477,,ok,
Reconstruction_Analysis_Contract_v1.0.1,2019,timesat_double_logistic,2019-04-24,2019,1.9497,True,2019_segment_1,0.9525408148765564,,ok,
Reconstruction_Analysis_Contract_v1.0.1,2019,timesat_double_logistic,2019-04-25,2019,2.1053500000000001,False,2019_segment_1,0.95260989665985107,,ok,
Reconstruction_Analysis_Contract_v1.0.1,2019,timesat_double_logistic,2019-04-26,2019,2.5600100000000001,False,2019_segment_1,0.95268702507019043,,ok,
Reconstruction_Analysis_Contract_v1.0.1,2019,timesat_double_logistic,2019-04-27,2019,2.29786,True,2019_segment_1,0.95277309417724609,,ok,
Reconstruction_Analysis_Contract_v1.0.1,2019,timesat_double_logistic,2019-04-28,2019,2.7156500000000001,False,2019_segment_1,0.95286911725997925,,ok,
Reconstruction_Analysis_Contract_v1.0.1,2019,timesat_double_logistic,2019-04-29,2019,2.8999700000000002,True,2019_segment_1,0.9529762864112854,,ok,
Reconstruction_Analysis_Contract_v1.0.1,2019,timesat_double_logistic,2019-04-30,2019,1.86066,False,2019_segment_1,0.95309585332870483,,ok,
Reconstruction_Analysis_Contract_v1.0.1,2019,timesat_double_logistic,2019-05-01,2019,1.9510099999999999,False,2019_segment_1,0.95322924852371216,,ok,
Reconstruction_Analysis_Contract_v1.0.1,2019,timesat_double_logistic,2019-05-02,2019,1.7898499999999999,False,2019_segment_1,0.95337808132171631,,ok,
Reconstruction_Analysis_Contract_v1.0.1,2019,timesat_double_logistic,2019-05-03,2019,1.63357,False,2019_segment_1,0.95354413986206055,,ok,
Reconstruction_Analysis_Contract_v1.0.1,2019,timesat_double_logistic,2019-05-04,2019,1.5651999999999999,False,2019_segment_1,0.95372945070266724,,ok,
Reconstruction_Analysis_Contract_v1.0.1,2019,timesat_double_logistic,2019-05-05,2019,1.5090399999999999,False,2019_segment_1,0.95393621921539307,,ok,
Reconstruction_Analysis_Contract_v1.0.1,2019,timesat_double_logistic,2019-05-06,2019,1.4016,False,2019_segment_1,0.9541669487953186,,ok,
Reconstruction_Analysis_Contract_v1.0.1,2019,timesat_double_logistic,2019-05-07,2019,1.9534499999999999,False,2019_segment_1,0.95442438125610352,,ok,
Reconstruction_Analysis_Contract_v1.0.1,2019,timesat_double_logistic,2019-05-08,2019,1.78077,False,2019_segment_1,0.9547116756439209,,ok,
Reconstruction_Analysis_Contract_v1.0.1,2019,timesat_double_logistic,2019-05-09,2019,1.83473,False,2019_segment_1,0.95503216981887817,,ok,
Reconstruction_Analysis_Contract_v1.0.1,2019,timesat_double_logistic,2019-05-10,2019,1.8851,False,2019_segment_1,0.95538979768753052,,ok,
Reconstruction_Analysis_Contract_v1.0.1,2019,timesat_double_logistic,2019-05-11,2019,1.9822299999999999,False,2019_segment_1,0.95578879117965698,,ok,
Reconstruction_Analysis_Contract_v1.0.1,2019,timesat_double_logistic,2019-05-12,2019,1.8275399999999999,False,2019_segment_1,0.95623403787612915,,ok,
Reconstruction_Analysis_Contract_v1.0.1,2019,timesat_double_logistic,2019-05-13,2019,1.88869,False,2019_segment_1,0.95673078298568726,,ok,
Reconstruction_Analysis_Contract_v1.0.1,2019,timesat_double_logistic,2019-05-14,2019,2.04339,False,2019_segment_1,0.95728510618209839,,ok,
Reconstruction_Analysis_Contract_v1.0.1,2019,timesat_double_logistic,2019-05-15,2019,2.25204,False,2019_segment_1,0.95790350437164307,,ok,
Reconstruction_Analysis_Contract_v1.0.1,2019,timesat_double_logistic,2019-05-16,2019,2.39235,False,2019_segment_1,0.95859354734420776,,ok,
Reconstruction_Analysis_Contract_v1.0.1,2019,timesat_double_logistic,2019-05-17,2019,2.24125,True,2019_segment_1,0.95936346054077148,,ok,
Reconstruction_Analysis_Contract_v1.0.1,2019,timesat_double_logistic,2019-05-18,2019,2.0182099999999998,False,2019_segment_1,0.96022248268127441,,ok,
Reconstruction_Analysis_Contract_v1.0.1,2019,timesat_double_logistic,2019-05-19,2019,1.8203400000000001,False,2019_segment_1,0.9611809253692627,,ok,
Reconstruction_Analysis_Contract_v1.0.1,2019,timesat_double_logistic,2019-05-20,2019,1.6404700000000001,False,2019_segment_1,0.96225029230117798,,ok,
Reconstruction_Analysis_Contract_v1.0.1,2019,timesat_double_logistic,2019-05-21,2019,1.46394,False,2019_segment_1,0.96344339847564697,,ok,
Reconstruction_Analysis_Contract_v1.0.1,2019,timesat_double_logistic,2019-05-22,2019,1.2332099999999999,False,2019_segment_1,0.96477454900741577,,ok,
Reconstruction_Analysis_Contract_v1.0.1,2019,timesat_double_logistic,2019-05-23,2019,0.78368499999999996,False,2019_segment_1,0.9662596583366394,,ok,
Reconstruction_Analysis_Contract_v1.0.1,2019,timesat_double_logistic,2019-05-24,2019,0.62456100000000003,False,2019_segment_1,0.96791660785675049,,ok,
Reconstruction_Analysis_Contract_v1.0.1,2019,timesat_double_logistic,2019-05-25,2019,0.77175099999999996,False,2019_segment_1,0.96976518630981445,,ok,
Reconstruction_Analysis_Contract_v1.0.1,2019,timesat_double_logistic,2019-05-26,2019,0.81550999999999996,False,2019_segment_1,0.97182750701904297,,ok,
Reconstruction_Analysis_Contract_v1.0.1,2019,timesat_double_logistic,2019-05-27,2019,0.80755399999999999,False,2019_segment_1,0.97412830591201782,,ok,
Reconstruction_Analysis_Contract_v1.0.1,2019,timesat_double_logistic,2019-05-28,2019,1.3580099999999999,False,2019_segment_1,0.97669500112533569,,ok,
Reconstruction_Analysis_Contract_v1.0.1,2019,timesat_double_logistic,2019-05-29,2019,1.14049,True,2019_segment_1,0.97955834865570068,,ok,
Reconstruction_Analysis_Contract_v1.0.1,2019,timesat_double_logistic,2019-05-30,2019,1.24631,False,2019_segment_1,0.98275256156921387,,ok,
Reconstruction_Analysis_Contract_v1.0.1,2019,timesat_double_logistic,2019-05-31,2019,1.1992799999999999,False,2019_segment_1,0.98631566762924194,,ok,
Reconstruction_Analysis_Contract_v1.0.1,2019,timesat_double_logistic,2019-06-01,2019,1.3580099999999999,False,2019_segment_1,0.99029022455215454,,ok,
Reconstruction_Analysis_Contract_v1.0.1,2019,timesat_double_logistic,2019-06-02,2019,1.3697699999999999,False,2019_segment_1,0.99472355842590332,,ok,
Reconstruction_Analysis_Contract_v1.0.1,2019,timesat_double_logistic,2019-06-03,2019,1.62256,False,2019_segment_1,0.99966835975646973,,ok,
Reconstruction_Analysis_Contract_v1.0.1,2019,timesat_double_logistic,2019-06-04,2019,1.75545,False,2019_segment_1,1.0051835775375366,,ok,
Reconstruction_Analysis_Contract_v1.0.1,2019,timesat_double_logistic,2019-06-05,2019,1.4982800000000001,False,2019_segment_1,1.0113344192504883,,ok,
Reconstruction_Analysis_Contract_v1.0.1,2019,timesat_double_logistic,2019-06-06,2019,1.5709599999999999,True,2019_segment_1,1.0181940793991089,,ok,
Reconstruction_Analysis_Contract_v1.0.1,2019,timesat_double_logistic,2019-06-07,2019,2.22506,False,2019_segment_1,1.0258435010910034,,ok,
Reconstruction_Analysis_Contract_v1.0.1,2019,timesat_double_logistic,2019-06-08,2019,1.4647399999999999,True,2019_segment_1,1.0343731641769409,,ok,
Reconstruction_Analysis_Contract_v1.0.1,2019,timesat_double_logistic,2019-06-09,2019,1.0398499999999999,False,2019_segment_1,1.0438834428787231,,ok,
Reconstruction_Analysis_Contract_v1.0.1,2019,timesat_double_logistic,2019-06-10,2019,1.0566199999999999,False,2019_segment_1,1.0544863939285278,,ok,
Reconstruction_Analysis_Contract_v1.0.1,2019,timesat_double_logistic,2019-06-11,2019,1.1684399999999999,False,2019_segment_1,1.0663062334060669,,ok,
Reconstruction_Analysis_Contract_v1.0.1,2019,timesat_double_logistic,2019-06-12,2019,1.6633800000000001,False,2019_segment_1,1.0794812440872192,,ok,
Reconstruction_Analysis_Contract_v1.0.1,2019,timesat_double_logistic,2019-06-13,2019,1.5412999999999999,False,2019_segment_1,1.0941650867462158,,ok,
Reconstruction_Analysis_Contract_v1.0.1,2019,timesat_double_logistic,2019-06-14,2019,1.3581700000000001,False,2019_segment_1,1.1105282306671143,,ok,
Reconstruction_Analysis_Contract_v1.0.1,2019,timesat_double_logistic,2019-06-15,2019,1.6633800000000001,False,2019_segment_1,1.1287602186203003,,ok,
Reconstruction_Analysis_Contract_v1.0.1,2019,timesat_double_logistic,2019-06-16,2019,1.32002,False,2019_segment_1,1.1490708589553833,,ok,
Reconstruction_Analysis_Contract_v1.0.1,2019,timesat_double_logistic,2019-06-17,2019,1.7244200000000001,False,2019_segment_1,1.1716930866241455,,ok,
Reconstruction_Analysis_Contract_v1.0.1,2019,timesat_double_logistic,2019-06-18,2019,3.2976000000000001,True,2019_segment_1,1.1968846321105957,,ok,
Reconstruction_Analysis_Contract_v1.0.1,2019,timesat_double_logistic,2019-06-19,2019,3.1624500000000002,False,2019_segment_1,1.224931001663208,,ok,
Reconstruction_Analysis_Contract_v1.0.1,2019,timesat_double_logistic,2019-06-20,2019,3.06785,False,2019_segment_1,1.2561477422714233,,ok,
Reconstruction_Analysis_Contract_v1.0.1,2019,timesat_double_logistic,2019-06-21,2019,2.59483,False,2019_segment_1,1.2908831834793091,,ok,
Reconstruction_Analysis_Contract_v1.0.1,2019,timesat_double_logistic,2019-06-22,2019,2.5678000000000001,False,2019_segment_1,1.329521656036377,,ok,
Reconstruction_Analysis_Contract_v1.0.1,2019,timesat_double_logistic,2019-06-23,2019,3.0813600000000001,False,2019_segment_1,1.3724865913391113,,ok,
Reconstruction_Analysis_Contract_v1.0.1,2019,timesat_double_logistic,2019-06-24,2019,2.5542899999999999,False,2019_segment_1,1.4202436208724976,,ok,
Reconstruction_Analysis_Contract_v1.0.1,2019,timesat_double_logistic,2019-06-25,2019,2.7935099999999999,False,2019_segment_1,1.4733041524887085,,ok,
Reconstruction_Analysis_Contract_v1.0.1,2019,timesat_double_logistic,2019-06-26,2019,2.4182600000000001,False,2019_segment_1,1.5322283506393433,,ok,
Reconstruction_Analysis_Contract_v1.0.1,2019,timesat_double_logistic,2019-06-27,2019,2.4391099999999999,False,2019_segment_1,1.597629189491272,,ok,
Reconstruction_Analysis_Contract_v1.0.1,2019,timesat_double_logistic,2019-06-28,2019,1.8970899999999999,True,2019_segment_1,1.6701748371124268,,ok,
Reconstruction_Analysis_Contract_v1.0.1,2019,timesat_double_logistic,2019-06-29,2019,3.4085000000000001,False,2019_segment_1,1.7505925893783569,,ok,
Reconstruction_Analysis_Contract_v1.0.1,2019,timesat_double_logistic,2019-06-30,2019,3.4918900000000002,False,2019_segment_1,1.8396711349487305,,ok,
Reconstruction_Analysis_Contract_v1.0.1,2019,timesat_double_logistic,2019-07-01,2019,8.6063299999999998,False,2019_segment_1,1.9382625818252563,,ok,
Reconstruction_Analysis_Contract_v1.0.1,2019,timesat_double_logistic,2019-07-02,2019,2.47038,False,2019_segment_1,2.0472846031188965,,ok,
Reconstruction_Analysis_Contract_v1.0.1,2019,timesat_double_logistic,2019-07-03,2019,10.0777,False,2019_segment_1,2.1677200794219971,,ok,
Reconstruction_Analysis_Contract_v1.0.1,2019,timesat_double_logistic,2019-07-04,2019,9.5450999999999997,False,2019_segment_1,2.3006176948547363,,ok,
Reconstruction_Analysis_Contract_v1.0.1,2019,timesat_double_logistic,2019-07-05,2019,8.0293600000000005,False,2019_segment_1,2.4470880031585693,,ok,
Reconstruction_Analysis_Contract_v1.0.1,2019,timesat_double_logistic,2019-07-06,2019,8.3570799999999998,False,2019_segment_1,2.6083011627197266,,ok,
Reconstruction_Analysis_Contract_v1.0.1,2019,timesat_double_logistic,2019-07-07,2019,7.6196900000000003,False,2019_segment_1,2.7854788303375244,,ok,
Reconstruction_Analysis_Contract_v1.0.1,2019,timesat_double_logistic,2019-07-08,2019,9.1354399999999991,False,2019_segment_1,2.9798860549926758,,ok,
Reconstruction_Analysis_Contract_v1.0.1,2019,timesat_double_logistic,2019-07-09,2019,4.6271699999999996,False,2019_segment_1,3.1928181648254395,,ok,
Reconstruction_Analysis_Contract_v1.0.1,2019,timesat_double_logistic,2019-07-10,2019,4.3254000000000001,False,2019_segment_1,3.4255850315093994,,ok,
Reconstruction_Analysis_Contract_v1.0.1,2019,timesat_double_logistic,2019-07-11,2019,5.7940199999999997,True,2019_segment_1,3.6794915199279785,,ok,
Reconstruction_Analysis_Contract_v1.0.1,2019,timesat_double_logistic,2019-07-12,2019,6.6188599999999997,False,2019_segment_1,3.9558122158050537,,ok,
Reconstruction_Analysis_Contract_v1.0.1,2019,timesat_double_logistic,2019-07-13,2019,6.8602800000000004,False,2019_segment_1,4.255763053894043,,ok,
Reconstruction_Analysis_Contract_v1.0.1,2019,timesat_double_logistic,2019-07-14,2019,8.1076099999999993,False,2019_segment_1,4.580467700958252,,ok,
Reconstruction_Analysis_Contract_v1.0.1,2019,timesat_double_logistic,2019-07-15,2019,9.3750499999999999,False,2019_segment_1,4.9309201240539551,,ok,
Reconstruction_Analysis_Contract_v1.0.1,2019,timesat_double_logistic,2019-07-16,2019,5.4650699999999999,False,2019_segment_1,5.3079423904418945,,ok,
Reconstruction_Analysis_Contract_v1.0.1,2019,timesat_double_logistic,2019-07-17,2019,6.5002399999999998,False,2019_segment_1,5.7121415138244629,,ok,
Reconstruction_Analysis_Contract_v1.0.1,2019,timesat_double_logistic,2019-07-18,2019,6.3632299999999997,True,2019_segment_1,6.1438603401184082,,ok,
Reconstruction_Analysis_Contract_v1.0.1,2019,timesat_double_logistic,2019-07-19,2019,6.1348799999999999,False,2019_segment_1,6.6031351089477539,,ok,
Reconstruction_Analysis_Contract_v1.0.1,2019,timesat_double_logistic,2019-07-20,2019,6.5002399999999998,False,2019_segment_1,7.0896492004394531,,ok,
Reconstruction_Analysis_Contract_v1.0.1,2019,timesat_double_logistic,2019-07-21,2019,6.7894699999999997,False,2019_segment_1,7.6026935577392578,,ok,
Reconstruction_Analysis_Contract_v1.0.1,2019,timesat_double_logistic,2019-07-22,2019,7.9532100000000003,False,2019_segment_1,8.1411361694335938,,ok,
Reconstruction_Analysis_Contract_v1.0.1,2019,timesat_double_logistic,2019-07-23,2019,8.6321399999999997,True,2019_segment_1,8.7033977508544922,,ok,
Reconstruction_Analysis_Contract_v1.0.1,2019,timesat_double_logistic,2019-07-24,2019,5.8679199999999998,False,2019_segment_1,9.287445068359375,,ok,
Reconstruction_Analysis_Contract_v1.0.1,2019,timesat_double_logistic,2019-07-25,2019,6.5225999999999997,False,2019_segment_1,9.8907918930053711,,ok,
Reconstruction_Analysis_Contract_v1.0.1,2019,timesat_double_logistic,2019-07-26,2019,9.5777999999999999,True,2019_segment_1,10.510523796081543,,ok,
Reconstruction_Analysis_Contract_v1.0.1,2019,timesat_double_logistic,2019-07-27,2019,5.4072100000000001,False,2019_segment_1,11.143336296081543,,ok,
Reconstruction_Analysis_Contract_v1.0.1,2019,timesat_double_logistic,2019-07-28,2019,7.0803000000000003,True,2019_segment_1,11.785587310791016,,ok,
Reconstruction_Analysis_Contract_v1.0.1,2019,timesat_double_logistic,2019-07-29,2019,6.6195899999999996,False,2019_segment_1,12.433364868164062,,ok,
Reconstruction_Analysis_Contract_v1.0.1,2019,timesat_double_logistic,2019-07-30,2019,8.2439999999999998,False,2019_segment_1,13.082575798034668,,ok,
Reconstruction_Analysis_Contract_v1.0.1,2019,timesat_double_logistic,2019-07-31,2019,8.1256699999999995,False,2019_segment_1,13.729024887084961,,ok,
Reconstruction_Analysis_Contract_v1.0.1,2019,timesat_double_logistic,2019-08-01,2019,9.2301199999999994,False,2019_segment_1,14.368515014648438,,ok,
Reconstruction_Analysis_Contract_v1.0.1,2019,timesat_double_logistic,2019-08-02,2019,9.5456800000000008,True,2019_segment_1,14.996935844421387,,ok,
Reconstruction_Analysis_Contract_v1.0.1,2019,timesat_double_logistic,2019-08-03,2019,12.346299999999999,False,2019_segment_1,15.6103515625,,ok,
Reconstruction_Analysis_Contract_v1.0.1,2019,timesat_double_logistic,2019-08-04,2019,11.517899999999999,False,2019_segment_1,16.205076217651367,,ok,
Reconstruction_Analysis_Contract_v1.0.1,2019,timesat_double_logistic,2019-08-05,2019,16.251300000000001,True,2019_segment_1,16.777732849121094,,ok,
Reconstruction_Analysis_Contract_v1.0.1,2019,timesat_double_logistic,2019-08-06,2019,25.572099999999999,False,2019_segment_1,17.325311660766602,,ok,
Reconstruction_Analysis_Contract_v1.0.1,2019,timesat_double_logistic,2019-08-07,2019,22.127300000000002,True,2019_segment_1,17.845182418823242,,ok,
Reconstruction_Analysis_Contract_v1.0.1,2019,timesat_double_logistic,2019-08-08,2019,18.651499999999999,False,2019_segment_1,18.335126876831055,,ok,
Reconstruction_Analysis_Contract_v1.0.1,2019,timesat_double_logistic,2019-08-09,2019,18.7135,False,2019_segment_1,18.793317794799805,,ok,
Reconstruction_Analysis_Contract_v1.0.1,2019,timesat_double_logistic,2019-08-10,2019,22.4376,False,2019_segment_1,19.218315124511719,,ok,
Reconstruction_Analysis_Contract_v1.0.1,2019,timesat_double_logistic,2019-08-11,2019,12.413600000000001,False,2019_segment_1,19.609033584594727,,ok,
Reconstruction_Analysis_Contract_v1.0.1,2019,timesat_double_logistic,2019-08-12,2019,13.4998,False,2019_segment_1,19.964700698852539,,ok,
Reconstruction_Analysis_Contract_v1.0.1,2019,timesat_double_logistic,2019-08-13,2019,30.182500000000001,False,2019_segment_1,20.284814834594727,,ok,
Reconstruction_Analysis_Contract_v1.0.1,2019,timesat_double_logistic,2019-08-14,2019,25.755700000000001,False,2019_segment_1,20.569103240966797,,ok,
Reconstruction_Analysis_Contract_v1.0.1,2019,timesat_double_logistic,2019-08-15,2019,46.883499999999998,False,2019_segment_1,20.817464828491211,,ok,
Reconstruction_Analysis_Contract_v1.0.1,2019,timesat_double_logistic,2019-08-16,2019,24.910599999999999,False,2019_segment_1,21.029930114746094,,ok,
Reconstruction_Analysis_Contract_v1.0.1,2019,timesat_double_logistic,2019-08-17,2019,39.961599999999997,False,2019_segment_1,21.206613540649414,,ok,
Reconstruction_Analysis_Contract_v1.0.1,2019,timesat_double_logistic,2019-08-18,2019,27.647200000000002,False,2019_segment_1,21.347675323486328,,ok,
Reconstruction_Analysis_Contract_v1.0.1,2019,timesat_double_logistic,2019-08-19,2019,35.575099999999999,False,2019_segment_1,21.453283309936523,,ok,
Reconstruction_Analysis_Contract_v1.0.1,2019,timesat_double_logistic,2019-08-20,2019,19.279399999999999,False,2019_segment_1,21.523593902587891,,ok,
Reconstruction_Analysis_Contract_v1.0.1,2019,timesat_double_logistic,2019-08-21,2019,37.045400000000001,False,2019_segment_1,21.558717727661133,,ok,
Reconstruction_Analysis_Contract_v1.0.1,2019,timesat_double_logistic,2019-08-22,2019,25.7562,True,2019_segment_1,21.558717727661133,,ok,
Reconstruction_Analysis_Contract_v1.0.1,2019,timesat_double_logistic,2019-08-23,2019,41.676099999999998,False,2019_segment_1,21.523593902587891,,ok,
Reconstruction_Analysis_Contract_v1.0.1,2019,timesat_double_logistic,2019-08-24,2019,33.353000000000002,False,2019_segment_1,21.453283309936523,,ok,
Reconstruction_Analysis_Contract_v1.0.1,2019,timesat_double_logistic,2019-08-25,2019,29.236799999999999,True,2019_segment_1,21.347675323486328,,ok,
Reconstruction_Analysis_Contract_v1.0.1,2019,timesat_double_logistic,2019-08-26,2019,60.8949,False,2019_segment_1,21.206613540649414,,ok,
Reconstruction_Analysis_Contract_v1.0.1,2019,timesat_double_logistic,2019-08-27,2019,20.134,True,2019_segment_1,21.029930114746094,,ok,
Reconstruction_Analysis_Contract_v1.0.1,2019,timesat_double_logistic,2019-08-28,2019,58.387900000000002,False,2019_segment_1,20.817464828491211,,ok,
Reconstruction_Analysis_Contract_v1.0.1,2019,timesat_double_logistic,2019-08-29,2019,58.5319,False,2019_segment_1,20.569103240966797,,ok,
Reconstruction_Analysis_Contract_v1.0.1,2019,timesat_double_logistic,2019-08-30,2019,58.675800000000002,False,2019_segment_1,20.284814834594727,,ok,
Reconstruction_Analysis_Contract_v1.0.1,2019,timesat_double_logistic,2019-08-31,2019,25.717099999999999,False,2019_segment_1,19.964700698852539,,ok,
Reconstruction_Analysis_Contract_v1.0.1,2019,timesat_double_logistic,2019-09-01,2019,18.253699999999998,True,2019_segment_1,19.609033584594727,,ok,
Reconstruction_Analysis_Contract_v1.0.1,2019,timesat_double_logistic,2019-09-02,2019,10.6745,False,2019_segment_1,19.218315124511719,,ok,
Reconstruction_Analysis_Contract_v1.0.1,2019,timesat_double_logistic,2019-09-03,2019,20.482399999999998,False,2019_segment_1,18.793317794799805,,ok,
Reconstruction_Analysis_Contract_v1.0.1,2019,timesat_double_logistic,2019-09-04,2019,16.172999999999998,True,2019_segment_1,18.335126876831055,,ok,
Reconstruction_Analysis_Contract_v1.0.1,2019,timesat_double_logistic,2019-09-05,2019,44.1081,False,2019_segment_1,17.845182418823242,,ok,
Reconstruction_Analysis_Contract_v1.0.1,2019,timesat_double_logistic,2019-09-06,2019,12.902900000000001,True,2019_segment_1,17.325311660766602,,ok,
Reconstruction_Analysis_Contract_v1.0.1,2019,timesat_double_logistic,2019-09-07,2019,24.8171,False,2019_segment_1,16.777732849121094,,ok,
Reconstruction_Analysis_Contract_v1.0.1,2019,timesat_double_logistic,2019-09-08,2019,11.026999999999999,False,2019_segment_1,16.205076217651367,,ok,
Reconstruction_Analysis_Contract_v1.0.1,2019,timesat_double_logistic,2019-09-09,2019,10.165100000000001,False,2019_segment_1,15.6103515625,,ok,
Reconstruction_Analysis_Contract_v1.0.1,2019,timesat_double_logistic,2019-09-10,2019,7.6478400000000004,False,2019_segment_1,14.996935844421387,,ok,
Reconstruction_Analysis_Contract_v1.0.1,2019,timesat_double_logistic,2019-09-11,2019,5.1599899999999996,False,2019_segment_1,14.368515014648438,,ok,
Reconstruction_Analysis_Contract_v1.0.1,2019,timesat_double_logistic,2019-09-12,2019,6.6711299999999998,False,2019_segment_1,13.729024887084961,,ok,
Reconstruction_Analysis_Contract_v1.0.1,2019,timesat_double_logistic,2019-09-13,2019,5.2336999999999998,False,2019_segment_1,13.082575798034668,,ok,
Reconstruction_Analysis_Contract_v1.0.1,2019,timesat_double_logistic,2019-09-14,2019,7.0581300000000002,False,2019_segment_1,12.433364868164062,,ok,
Reconstruction_Analysis_Contract_v1.0.1,2019,timesat_double_logistic,2019-09-15,2019,6.4131299999999998,False,2019_segment_1,11.785587310791016,,ok,
Reconstruction_Analysis_Contract_v1.0.1,2019,timesat_double_logistic,2019-09-16,2019,6.0998400000000004,False,2019_segment_1,11.143336296081543,,ok,
Reconstruction_Analysis_Contract_v1.0.1,2019,timesat_double_logistic,2019-09-17,2019,16.944500000000001,False,2019_segment_1,10.510523796081543,,ok,
Reconstruction_Analysis_Contract_v1.0.1,2019,timesat_double_logistic,2019-09-18,2019,17.962199999999999,False,2019_segment_1,9.8907918930053711,,ok,
Reconstruction_Analysis_Contract_v1.0.1,2019,timesat_double_logistic,2019-09-19,2019,20.7608,False,2019_segment_1,9.287445068359375,,ok,
Reconstruction_Analysis_Contract_v1.0.1,2019,timesat_double_logistic,2019-09-20,2019,19.844899999999999,False,2019_segment_1,8.7033977508544922,,ok,
Reconstruction_Analysis_Contract_v1.0.1,2019,timesat_double_logistic,2019-09-21,2019,19.081600000000002,False,2019_segment_1,8.1411361694335938,,ok,
Reconstruction_Analysis_Contract_v1.0.1,2019,timesat_double_logistic,2019-09-22,2019,27.782800000000002,False,2019_segment_1,7.6026935577392578,,ok,
Reconstruction_Analysis_Contract_v1.0.1,2019,timesat_double_logistic,2019-09-23,2019,21.524100000000001,False,2019_segment_1,7.0896492004394531,,ok,
Reconstruction_Analysis_Contract_v1.0.1,2019,timesat_double_logistic,2019-09-24,2019,11.264699999999999,False,2019_segment_1,6.6031351089477539,,ok,
Reconstruction_Analysis_Contract_v1.0.1,2019,timesat_double_logistic,2019-09-25,2019,1.7599199999999999,False,2019_segment_1,6.1438603401184082,,ok,
Reconstruction_Analysis_Contract_v1.0.1,2019,timesat_double_logistic,2019-09-26,2019,0.95194400000000001,True,2019_segment_1,5.7121415138244629,,ok,
Reconstruction_Analysis_Contract_v1.0.1,2019,timesat_double_logistic,2019-09-27,2019,1.05772,False,2019_segment_1,5.3079423904418945,,ok,
Reconstruction_Analysis_Contract_v1.0.1,2019,timesat_double_logistic,2019-09-28,2019,1.0018899999999999,False,2019_segment_1,4.9309201240539551,,ok,
Reconstruction_Analysis_Contract_v1.0.1,2019,timesat_double_logistic,2019-09-29,2019,1.2633799999999999,False,2019_segment_1,4.580467700958252,,ok,
Reconstruction_Analysis_Contract_v1.0.1,2019,timesat_double_logistic,2019-09-30,2019,2.5561500000000001,False,2019_segment_1,4.255763053894043,,ok,
Reconstruction_Analysis_Contract_v1.0.1,2019,timesat_double_logistic,2019-10-01,2019,1.1282300000000001,True,2019_segment_1,3.9558122158050537,,ok,
Reconstruction_Analysis_Contract_v1.0.1,2019,timesat_double_logistic,2019-10-02,2019,1.1282300000000001,False,2019_segment_1,3.6794915199279785,,ok,
Reconstruction_Analysis_Contract_v1.0.1,2019,timesat_double_logistic,2019-10-03,2019,1.0488999999999999,False,2019_segment_1,3.4255850315093994,,ok,
Reconstruction_Analysis_Contract_v1.0.1,2019,timesat_double_logistic,2019-10-04,2019,2.6580499999999998,True,2019_segment_1,3.1928181648254395,,ok,
Reconstruction_Analysis_Contract_v1.0.1,2019,timesat_double_logistic,2019-10-05,2019,1.04009,False,2019_segment_1,2.9798860549926758,,ok,
Reconstruction_Analysis_Contract_v1.0.1,2019,timesat_double_logistic,2019-10-06,2019,1.2839499999999999,False,2019_segment_1,2.7854788303375244,,ok,
Reconstruction_Analysis_Contract_v1.0.1,2019,timesat_double_logistic,2019-10-07,2019,0.86967700000000003,False,2019_segment_1,2.6083011627197266,,ok,
Reconstruction_Analysis_Contract_v1.0.1,2019,timesat_double_logistic,2019-10-08,2019,0.91668700000000003,False,2019_segment_1,2.4470880031585693,,ok,
Reconstruction_Analysis_Contract_v1.0.1,2019,timesat_double_logistic,2019-10-09,2019,7.9379099999999996,False,2019_segment_1,2.3006176948547363,,ok,
Reconstruction_Analysis_Contract_v1.0.1,2019,timesat_double_logistic,2019-10-10,2019,6.0206999999999997,False,2019_segment_1,2.1677200794219971,,ok,
Reconstruction_Analysis_Contract_v1.0.1,2019,timesat_double_logistic,2019-10-11,2019,6.8111300000000004,False,2019_segment_1,2.0472846031188965,,ok,
Reconstruction_Analysis_Contract_v1.0.1,2019,timesat_double_logistic,2019-10-12,2019,11.507400000000001,False,2019_segment_1,1.9382625818252563,,ok,
Reconstruction_Analysis_Contract_v1.0.1,2019,timesat_double_logistic,2019-10-13,2019,10.8933,False,2019_segment_1,1.8396711349487305,,ok,
Reconstruction_Analysis_Contract_v1.0.1,2019,timesat_double_logistic,2019-10-14,2019,7.0129400000000004,False,2019_segment_1,1.7505925893783569,,ok,
Reconstruction_Analysis_Contract_v1.0.1,2019,timesat_double_logistic,2019-10-15,2019,10.1915,False,2019_segment_1,1.6701748371124268,,ok,
Reconstruction_Analysis_Contract_v1.0.1,2019,timesat_double_logistic,2019-10-16,2019,5.7852600000000001,False,2019_segment_1,1.597629189491272,,ok,
Reconstruction_Analysis_Contract_v1.0.1,2019,timesat_double_logistic,2019-10-17,2019,7.5342900000000004,False,2019_segment_1,1.5322283506393433,,ok,
Reconstruction_Analysis_Contract_v1.0.1,2019,timesat_double_logistic,2019-10-18,2019,5.2302799999999996,False,2019_segment_1,1.4733041524887085,,ok,
Reconstruction_Analysis_Contract_v1.0.1,2019,timesat_double_logistic,2019-10-19,2019,6.6261400000000004,True,2019_segment_1,1.4202436208724976,,ok,
Reconstruction_Analysis_Contract_v1.0.1,2019,timesat_double_logistic,2019-10-20,2019,6.5588699999999998,False,2019_segment_1,1.3724865913391113,,ok,
Reconstruction_Analysis_Contract_v1.0.1,2019,timesat_double_logistic,2019-10-21,2019,5.8188899999999997,False,2019_segment_1,1.329521656036377,,ok,
Reconstruction_Analysis_Contract_v1.0.1,2019,timesat_double_logistic,2019-10-22,2019,3.19095,False,2019_segment_1,1.2908831834793091,,ok,
Reconstruction_Analysis_Contract_v1.0.1,2019,timesat_double_logistic,2019-10-23,2019,3.0886800000000001,False,2019_segment_1,1.2561477422714233,,ok,
Reconstruction_Analysis_Contract_v1.0.1,2019,timesat_double_logistic,2019-10-24,2019,3.2364999999999999,False,2019_segment_1,1.224931001663208,,ok,
Reconstruction_Analysis_Contract_v1.0.1,2019,timesat_double_logistic,2019-10-25,2019,3.7227800000000002,False,2019_segment_1,1.1968846321105957,,ok,
Reconstruction_Analysis_Contract_v1.0.1,2019,timesat_double_logistic,2019-10-26,2019,4.1216400000000002,False,2019_segment_1,1.1716930866241455,,ok,
Reconstruction_Analysis_Contract_v1.0.1,2019,timesat_double_logistic,2019-10-27,2019,3.3955000000000002,False,2019_segment_1,1.1490708589553833,,ok,
Reconstruction_Analysis_Contract_v1.0.1,2019,timesat_double_logistic,2019-10-28,2019,3.8148200000000001,False,2019_segment_1,1.1287602186203003,,ok,
Reconstruction_Analysis_Contract_v1.0.1,2019,timesat_double_logistic,2019-10-29,2019,3.18072,True,2019_segment_1,1.1105282306671143,,ok,
Reconstruction_Analysis_Contract_v1.0.1,2019,timesat_double_logistic,2019-10-30,2019,3.7432300000000001,False,2019_segment_1,1.0941650867462158,,ok,
Reconstruction_Analysis_Contract_v1.0.1,2019,timesat_double_logistic,2019-10-31,2019,4.4898300000000004,True,2019_segment_1,1.0794812440872192,,ok,
Reconstruction_Analysis_Contract_v1.0.1,2019,timesat_double_logistic,2019-11-01,2019,3.1284700000000001,False,2019_segment_1,1.0663062334060669,,ok,
Reconstruction_Analysis_Contract_v1.0.1,2019,timesat_double_logistic,2019-11-02,2019,3.11496,False,2019_segment_1,1.0544863939285278,,ok,
Reconstruction_Analysis_Contract_v1.0.1,2019,timesat_double_logistic,2019-11-03,2019,3.1014599999999999,True,2019_segment_1,1.0438834428787231,,ok,
Reconstruction_Analysis_Contract_v1.0.1,2019,timesat_double_logistic,2019-11-04,2019,3.0879500000000002,False,2019_segment_1,1.0343731641769409,,ok,
Reconstruction_Analysis_Contract_v1.0.1,2019,timesat_double_logistic,2019-11-05,2019,3.0060899999999999,True,2019_segment_1,1.0258435010910034,,ok,
Reconstruction_Analysis_Contract_v1.0.1,2019,timesat_double_logistic,2019-11-06,2019,2.9394,False,2019_segment_1,1.0181940793991089,,ok,
Reconstruction_Analysis_Contract_v1.0.1,2019,timesat_double_logistic,2019-11-07,2019,2.8727,False,2019_segment_1,1.0113344192504883,,ok,
Reconstruction_Analysis_Contract_v1.0.1,2019,timesat_double_logistic,2019-11-08,2019,2.8060100000000001,False,2019_segment_1,1.0051835775375366,,ok,
Reconstruction_Analysis_Contract_v1.0.1,2019,timesat_double_logistic,2019-11-09,2019,2.7393100000000001,False,2019_segment_1,0.99966835975646973,,ok,
Reconstruction_Analysis_Contract_v1.0.1,2019,timesat_double_logistic,2019-11-10,2019,2.6726200000000002,False,2019_segment_1,0.99472355842590332,,ok,
Reconstruction_Analysis_Contract_v1.0.1,2019,timesat_double_logistic,2019-11-11,2019,2.6059199999999998,False,2019_segment_1,0.99029022455215454,,ok,
Reconstruction_Analysis_Contract_v1.0.1,2019,timesat_double_logistic,2019-11-12,2019,2.5392299999999999,False,2019_segment_1,0.98631566762924194,,ok,
Reconstruction_Analysis_Contract_v1.0.1,2019,timesat_double_logistic,2019-11-13,2019,2.4725299999999999,False,2019_segment_1,0.98275256156921387,,ok,
Reconstruction_Analysis_Contract_v1.0.1,2019,timesat_double_logistic,2019-11-14,2019,2.40584,False,2019_segment_1,0.97955834865570068,,ok,
Reconstruction_Analysis_Contract_v1.0.1,2019,timesat_double_logistic,2019-11-15,2019,2.3391500000000001,False,2019_segment_1,0.97669500112533569,,ok,
Reconstruction_Analysis_Contract_v1.0.1,2019,timesat_double_logistic,2019-11-16,2019,2.2724500000000001,False,2019_segment_1,0.97412830591201782,,ok,
Reconstruction_Analysis_Contract_v1.0.1,2019,timesat_double_logistic,2019-11-17,2019,2.2057600000000002,False,2019_segment_1,0.97182750701904297,,ok,
Reconstruction_Analysis_Contract_v1.0.1,2019,timesat_double_logistic,2019-11-18,2019,2.1390600000000002,False,2019_segment_1,0.96976518630981445,,ok,
Reconstruction_Analysis_Contract_v1.0.1,2019,timesat_double_logistic,2019-11-19,2019,2.0723699999999998,False,2019_segment_1,0.96791660785675049,,ok,
Reconstruction_Analysis_Contract_v1.0.1,2019,timesat_double_logistic,2019-11-20,2019,2.0420099999999999,False,2019_segment_1,0.9662596583366394,,ok,
Reconstruction_Analysis_Contract_v1.0.1,2019,timesat_double_logistic,2019-11-21,2019,2.0116499999999999,False,2019_segment_1,0.96477454900741577,,ok,
Reconstruction_Analysis_Contract_v1.0.1,2019,timesat_double_logistic,2019-11-22,2019,1.9812799999999999,False,2019_segment_1,0.96344339847564697,,ok,
Reconstruction_Analysis_Contract_v1.0.1,2019,timesat_double_logistic,2019-11-23,2019,1.95092,False,2019_segment_1,0.96225029230117798,,ok,
Reconstruction_Analysis_Contract_v1.0.1,2019,timesat_double_logistic,2019-11-24,2019,1.92056,False,2019_segment_1,0.9611809253692627,,ok,
Reconstruction_Analysis_Contract_v1.0.1,2019,timesat_double_logistic,2019-11-25,2019,1.8902000000000001,False,2019_segment_1,0.96022248268127441,,ok,
Reconstruction_Analysis_Contract_v1.0.1,2019,timesat_double_logistic,2019-11-26,2019,1.8598399999999999,False,2019_segment_1,0.95936346054077148,,ok,
Reconstruction_Analysis_Contract_v1.0.1,2019,timesat_double_logistic,2019-11-27,2019,1.82948,False,2019_segment_1,0.95859354734420776,,ok,
Reconstruction_Analysis_Contract_v1.0.1,2019,timesat_double_logistic,2019-11-28,2019,1.7991200000000001,False,2019_segment_1,0.95790350437164307,,ok,
Reconstruction_Analysis_Contract_v1.0.1,2019,timesat_double_logistic,2019-11-29,2019,1.76875,False,2019_segment_1,0.95728510618209839,,ok,
Reconstruction_Analysis_Contract_v1.0.1,2019,timesat_double_logistic,2019-11-30,2019,1.7383900000000001,True,2019_segment_1,0.95673078298568726,,ok,
Reconstruction_Analysis_Contract_v1.0.1,2019,timesat_double_logistic,2019-12-01,2019,1.7080299999999999,False,2019_segment_1,0.95623403787612915,,ok,
Reconstruction_Analysis_Contract_v1.0.1,2019,timesat_double_logistic,2019-12-02,2019,1.67767,False,2019_segment_1,0.95578879117965698,,ok,
Reconstruction_Analysis_Contract_v1.0.1,2019,timesat_double_logistic,2019-12-03,2019,1.6473100000000001,False,2019_segment_1,0.95538979768753052,,ok,
Reconstruction_Analysis_Contract_v1.0.1,2019,timesat_double_logistic,2019-12-04,2019,1.6169500000000001,False,2019_segment_1,0.95503216981887817,,ok,
Reconstruction_Analysis_Contract_v1.0.1,2019,timesat_double_logistic,2019-12-05,2019,1.5865899999999999,True,2019_segment_1,0.9547116756439209,,ok,
Reconstruction_Analysis_Contract_v1.0.1,2019,timesat_smoothing_spline,2019-04-17,2019,4.8965100000000001,True,2019_segment_1,4.8938336372375488,10,ok,
Reconstruction_Analysis_Contract_v1.0.1,2019,timesat_smoothing_spline,2019-04-18,2019,6.3200000000000003,False,2019_segment_1,4.6023082733154297,10,ok,
Reconstruction_Analysis_Contract_v1.0.1,2019,timesat_smoothing_spline,2019-04-19,2019,4.9500000000000002,False,2019_segment_1,4.3009753227233887,10,ok,
Reconstruction_Analysis_Contract_v1.0.1,2019,timesat_smoothing_spline,2019-04-20,2019,4.0700000000000003,False,2019_segment_1,3.9899842739105225,10,ok,
Reconstruction_Analysis_Contract_v1.0.1,2019,timesat_smoothing_spline,2019-04-21,2019,4.0899999999999999,False,2019_segment_1,3.669482946395874,10,ok,
Reconstruction_Analysis_Contract_v1.0.1,2019,timesat_smoothing_spline,2019-04-22,2019,3.9399999999999999,True,2019_segment_1,3.3396205902099609,10,ok,
Reconstruction_Analysis_Contract_v1.0.1,2019,timesat_smoothing_spline,2019-04-23,2019,4.4000000000000004,False,2019_segment_1,3.010551929473877,10,ok,
Reconstruction_Analysis_Contract_v1.0.1,2019,timesat_smoothing_spline,2019-04-24,2019,1.9497,True,2019_segment_1,2.7324573993682861,10,ok,
Reconstruction_Analysis_Contract_v1.0.1,2019,timesat_smoothing_spline,2019-04-25,2019,2.1053500000000001,False,2019_segment_1,2.5524775981903076,10,ok,
Reconstruction_Analysis_Contract_v1.0.1,2019,timesat_smoothing_spline,2019-04-26,2019,2.5600100000000001,False,2019_segment_1,2.4655694961547852,10,ok,
Reconstruction_Analysis_Contract_v1.0.1,2019,timesat_smoothing_spline,2019-04-27,2019,2.29786,True,2019_segment_1,2.453643798828125,10,ok,
Reconstruction_Analysis_Contract_v1.0.1,2019,timesat_smoothing_spline,2019-04-28,2019,2.7156500000000001,False,2019_segment_1,2.4960150718688965,10,ok,
Reconstruction_Analysis_Contract_v1.0.1,2019,timesat_smoothing_spline,2019-04-29,2019,2.8999700000000002,True,2019_segment_1,2.5616123676300049,10,ok,
Reconstruction_Analysis_Contract_v1.0.1,2019,timesat_smoothing_spline,2019-04-30,2019,1.86066,False,2019_segment_1,2.6224074363708496,10,ok,
Reconstruction_Analysis_Contract_v1.0.1,2019,timesat_smoothing_spline,2019-05-01,2019,1.9510099999999999,False,2019_segment_1,2.672929048538208,10,ok,
Reconstruction_Analysis_Contract_v1.0.1,2019,timesat_smoothing_spline,2019-05-02,2019,1.7898499999999999,False,2019_segment_1,2.7133455276489258,10,ok,
Reconstruction_Analysis_Contract_v1.0.1,2019,timesat_smoothing_spline,2019-05-03,2019,1.63357,False,2019_segment_1,2.7438251972198486,10,ok,
Reconstruction_Analysis_Contract_v1.0.1,2019,timesat_smoothing_spline,2019-05-04,2019,1.5651999999999999,False,2019_segment_1,2.7645366191864014,10,ok,
Reconstruction_Analysis_Contract_v1.0.1,2019,timesat_smoothing_spline,2019-05-05,2019,1.5090399999999999,False,2019_segment_1,2.7756474018096924,10,ok,
Reconstruction_Analysis_Contract_v1.0.1,2019,timesat_smoothing_spline,2019-05-06,2019,1.4016,False,2019_segment_1,2.7773265838623047,10,ok,
Reconstruction_Analysis_Contract_v1.0.1,2019,timesat_smoothing_spline,2019-05-07,2019,1.9534499999999999,False,2019_segment_1,2.7697417736053467,10,ok,
Reconstruction_Analysis_Contract_v1.0.1,2019,timesat_smoothing_spline,2019-05-08,2019,1.78077,False,2019_segment_1,2.7530615329742432,10,ok,
Reconstruction_Analysis_Contract_v1.0.1,2019,timesat_smoothing_spline,2019-05-09,2019,1.83473,False,2019_segment_1,2.7274541854858398,10,ok,
Reconstruction_Analysis_Contract_v1.0.1,2019,timesat_smoothing_spline,2019-05-10,2019,1.8851,False,2019_segment_1,2.6930878162384033,10,ok,
Reconstruction_Analysis_Contract_v1.0.1,2019,timesat_smoothing_spline,2019-05-11,2019,1.9822299999999999,False,2019_segment_1,2.6501307487487793,10,ok,
Reconstruction_Analysis_Contract_v1.0.1,2019,timesat_smoothing_spline,2019-05-12,2019,1.8275399999999999,False,2019_segment_1,2.5987513065338135,10,ok,
Reconstruction_Analysis_Contract_v1.0.1,2019,timesat_smoothing_spline,2019-05-13,2019,1.88869,False,2019_segment_1,2.5391178131103516,10,ok,
Reconstruction_Analysis_Contract_v1.0.1,2019,timesat_smoothing_spline,2019-05-14,2019,2.04339,False,2019_segment_1,2.4713983535766602,10,ok,
Reconstruction_Analysis_Contract_v1.0.1,2019,timesat_smoothing_spline,2019-05-15,2019,2.25204,False,2019_segment_1,2.395761251449585,10,ok,
Reconstruction_Analysis_Contract_v1.0.1,2019,timesat_smoothing_spline,2019-05-16,2019,2.39235,False,2019_segment_1,2.3123750686645508,10,ok,
Reconstruction_Analysis_Contract_v1.0.1,2019,timesat_smoothing_spline,2019-05-17,2019,2.24125,True,2019_segment_1,2.2214076519012451,10,ok,
Reconstruction_Analysis_Contract_v1.0.1,2019,timesat_smoothing_spline,2019-05-18,2019,2.0182099999999998,False,2019_segment_1,2.1233580112457275,10,ok,
Reconstruction_Analysis_Contract_v1.0.1,2019,timesat_smoothing_spline,2019-05-19,2019,1.8203400000000001,False,2019_segment_1,2.0200483798980713,10,ok,
Reconstruction_Analysis_Contract_v1.0.1,2019,timesat_smoothing_spline,2019-05-20,2019,1.6404700000000001,False,2019_segment_1,1.9136307239532471,10,ok,
Reconstruction_Analysis_Contract_v1.0.1,2019,timesat_smoothing_spline,2019-05-21,2019,1.46394,False,2019_segment_1,1.8062578439712524,10,ok,
Reconstruction_Analysis_Contract_v1.0.1,2019,timesat_smoothing_spline,2019-05-22,2019,1.2332099999999999,False,2019_segment_1,1.7000823020935059,10,ok,
Reconstruction_Analysis_Contract_v1.0.1,2019,timesat_smoothing_spline,2019-05-23,2019,0.78368499999999996,False,2019_segment_1,1.5972564220428467,10,ok,
Reconstruction_Analysis_Contract_v1.0.1,2019,timesat_smoothing_spline,2019-05-24,2019,0.62456100000000003,False,2019_segment_1,1.4999328851699829,10,ok,
Reconstruction_Analysis_Contract_v1.0.1,2019,timesat_smoothing_spline,2019-05-25,2019,0.77175099999999996,False,2019_segment_1,1.4102641344070435,10,ok,
Reconstruction_Analysis_Contract_v1.0.1,2019,timesat_smoothing_spline,2019-05-26,2019,0.81550999999999996,False,2019_segment_1,1.3304027318954468,10,ok,
Reconstruction_Analysis_Contract_v1.0.1,2019,timesat_smoothing_spline,2019-05-27,2019,0.80755399999999999,False,2019_segment_1,1.2625010013580322,10,ok,
Reconstruction_Analysis_Contract_v1.0.1,2019,timesat_smoothing_spline,2019-05-28,2019,1.3580099999999999,False,2019_segment_1,1.2087117433547974,10,ok,
Reconstruction_Analysis_Contract_v1.0.1,2019,timesat_smoothing_spline,2019-05-29,2019,1.14049,True,2019_segment_1,1.1711872816085815,10,ok,
Reconstruction_Analysis_Contract_v1.0.1,2019,timesat_smoothing_spline,2019-05-30,2019,1.24631,False,2019_segment_1,1.1515684127807617,10,ok,
Reconstruction_Analysis_Contract_v1.0.1,2019,timesat_smoothing_spline,2019-05-31,2019,1.1992799999999999,False,2019_segment_1,1.1494498252868652,10,ok,
Reconstruction_Analysis_Contract_v1.0.1,2019,timesat_smoothing_spline,2019-06-01,2019,1.3580099999999999,False,2019_segment_1,1.1639142036437988,10,ok,
Reconstruction_Analysis_Contract_v1.0.1,2019,timesat_smoothing_spline,2019-06-02,2019,1.3697699999999999,False,2019_segment_1,1.1940442323684692,10,ok,
Reconstruction_Analysis_Contract_v1.0.1,2019,timesat_smoothing_spline,2019-06-03,2019,1.62256,False,2019_segment_1,1.2389228343963623,10,ok,
Reconstruction_Analysis_Contract_v1.0.1,2019,timesat_smoothing_spline,2019-06-04,2019,1.75545,False,2019_segment_1,1.2976326942443848,10,ok,
Reconstruction_Analysis_Contract_v1.0.1,2019,timesat_smoothing_spline,2019-06-05,2019,1.4982800000000001,False,2019_segment_1,1.3692567348480225,10,ok,
Reconstruction_Analysis_Contract_v1.0.1,2019,timesat_smoothing_spline,2019-06-06,2019,1.5709599999999999,True,2019_segment_1,1.4528776407241821,10,ok,
Reconstruction_Analysis_Contract_v1.0.1,2019,timesat_smoothing_spline,2019-06-07,2019,2.22506,False,2019_segment_1,1.5495463609695435,10,ok,
Reconstruction_Analysis_Contract_v1.0.1,2019,timesat_smoothing_spline,2019-06-08,2019,1.4647399999999999,True,2019_segment_1,1.668185830116272,10,ok,
Reconstruction_Analysis_Contract_v1.0.1,2019,timesat_smoothing_spline,2019-06-09,2019,1.0398499999999999,False,2019_segment_1,1.8162962198257446,10,ok,
Reconstruction_Analysis_Contract_v1.0.1,2019,timesat_smoothing_spline,2019-06-10,2019,1.0566199999999999,False,2019_segment_1,1.9878149032592773,10,ok,
Reconstruction_Analysis_Contract_v1.0.1,2019,timesat_smoothing_spline,2019-06-11,2019,1.1684399999999999,False,2019_segment_1,2.1732883453369141,10,ok,
Reconstruction_Analysis_Contract_v1.0.1,2019,timesat_smoothing_spline,2019-06-12,2019,1.6633800000000001,False,2019_segment_1,2.3632626533508301,10,ok,
Reconstruction_Analysis_Contract_v1.0.1,2019,timesat_smoothing_spline,2019-06-13,2019,1.5412999999999999,False,2019_segment_1,2.5482847690582275,10,ok,
Reconstruction_Analysis_Contract_v1.0.1,2019,timesat_smoothing_spline,2019-06-14,2019,1.3581700000000001,False,2019_segment_1,2.7189009189605713,10,ok,
Reconstruction_Analysis_Contract_v1.0.1,2019,timesat_smoothing_spline,2019-06-15,2019,1.6633800000000001,False,2019_segment_1,2.8656575679779053,10,ok,
Reconstruction_Analysis_Contract_v1.0.1,2019,timesat_smoothing_spline,2019-06-16,2019,1.32002,False,2019_segment_1,2.9791011810302734,10,ok,
Reconstruction_Analysis_Contract_v1.0.1,2019,timesat_smoothing_spline,2019-06-17,2019,1.7244200000000001,False,2019_segment_1,3.0497782230377197,10,ok,
Reconstruction_Analysis_Contract_v1.0.1,2019,timesat_smoothing_spline,2019-06-18,2019,3.2976000000000001,True,2019_segment_1,3.0682351589202881,10,ok,
Reconstruction_Analysis_Contract_v1.0.1,2019,timesat_smoothing_spline,2019-06-19,2019,3.1624500000000002,False,2019_segment_1,3.0288410186767578,10,ok,
Reconstruction_Analysis_Contract_v1.0.1,2019,timesat_smoothing_spline,2019-06-20,2019,3.06785,False,2019_segment_1,2.9412562847137451,10,ok,
Reconstruction_Analysis_Contract_v1.0.1,2019,timesat_smoothing_spline,2019-06-21,2019,2.59483,False,2019_segment_1,2.8189637660980225,10,ok,
Reconstruction_Analysis_Contract_v1.0.1,2019,timesat_smoothing_spline,2019-06-22,2019,2.5678000000000001,False,2019_segment_1,2.6754465103149414,10,ok,
Reconstruction_Analysis_Contract_v1.0.1,2019,timesat_smoothing_spline,2019-06-23,2019,3.0813600000000001,False,2019_segment_1,2.5241873264312744,10,ok,
Reconstruction_Analysis_Contract_v1.0.1,2019,timesat_smoothing_spline,2019-06-24,2019,2.5542899999999999,False,2019_segment_1,2.3786690235137939,10,ok,
Reconstruction_Analysis_Contract_v1.0.1,2019,timesat_smoothing_spline,2019-06-25,2019,2.7935099999999999,False,2019_segment_1,2.2523748874664307,10,ok,
Reconstruction_Analysis_Contract_v1.0.1,2019,timesat_smoothing_spline,2019-06-26,2019,2.4182600000000001,False,2019_segment_1,2.158787727355957,10,ok,
Reconstruction_Analysis_Contract_v1.0.1,2019,timesat_smoothing_spline,2019-06-27,2019,2.4391099999999999,False,2019_segment_1,2.1113903522491455,10,ok,
Reconstruction_Analysis_Contract_v1.0.1,2019,timesat_smoothing_spline,2019-06-28,2019,1.8970899999999999,True,2019_segment_1,2.1236658096313477,10,ok,
Reconstruction_Analysis_Contract_v1.0.1,2019,timesat_smoothing_spline,2019-06-29,2019,3.4085000000000001,False,2019_segment_1,2.2053208351135254,10,ok,
Reconstruction_Analysis_Contract_v1.0.1,2019,timesat_smoothing_spline,2019-06-30,2019,3.4918900000000002,False,2019_segment_1,2.3509571552276611,10,ok,
Reconstruction_Analysis_Contract_v1.0.1,2019,timesat_smoothing_spline,2019-07-01,2019,8.6063299999999998,False,2019_segment_1,2.5513997077941895,10,ok,
Reconstruction_Analysis_Contract_v1.0.1,2019,timesat_smoothing_spline,2019-07-02,2019,2.47038,False,2019_segment_1,2.7974741458892822,10,ok,
Reconstruction_Analysis_Contract_v1.0.1,2019,timesat_smoothing_spline,2019-07-03,2019,10.0777,False,2019_segment_1,3.0800058841705322,10,ok,
Reconstruction_Analysis_Contract_v1.0.1,2019,timesat_smoothing_spline,2019-07-04,2019,9.5450999999999997,False,2019_segment_1,3.3898200988769531,10,ok,
Reconstruction_Analysis_Contract_v1.0.1,2019,timesat_smoothing_spline,2019-07-05,2019,8.0293600000000005,False,2019_segment_1,3.7177422046661377,10,ok,
Reconstruction_Analysis_Contract_v1.0.1,2019,timesat_smoothing_spline,2019-07-06,2019,8.3570799999999998,False,2019_segment_1,4.0545973777770996,10,ok,
Reconstruction_Analysis_Contract_v1.0.1,2019,timesat_smoothing_spline,2019-07-07,2019,7.6196900000000003,False,2019_segment_1,4.3912115097045898,10,ok,
Reconstruction_Analysis_Contract_v1.0.1,2019,timesat_smoothing_spline,2019-07-08,2019,9.1354399999999991,False,2019_segment_1,4.718409538269043,10,ok,
Reconstruction_Analysis_Contract_v1.0.1,2019,timesat_smoothing_spline,2019-07-09,2019,4.6271699999999996,False,2019_segment_1,5.0270166397094727,10,ok,
Reconstruction_Analysis_Contract_v1.0.1,2019,timesat_smoothing_spline,2019-07-10,2019,4.3254000000000001,False,2019_segment_1,5.3078584671020508,10,ok,
Reconstruction_Analysis_Contract_v1.0.1,2019,timesat_smoothing_spline,2019-07-11,2019,5.7940199999999997,True,2019_segment_1,5.5517606735229492,10,ok,
Reconstruction_Analysis_Contract_v1.0.1,2019,timesat_smoothing_spline,2019-07-12,2019,6.6188599999999997,False,2019_segment_1,5.7535858154296875,10,ok,
Reconstruction_Analysis_Contract_v1.0.1,2019,timesat_smoothing_spline,2019-07-13,2019,6.8602800000000004,False,2019_segment_1,5.9243474006652832,10,ok,
Reconstruction_Analysis_Contract_v1.0.1,2019,timesat_smoothing_spline,2019-07-14,2019,8.1076099999999993,False,2019_segment_1,6.079096794128418,10,ok,
Reconstruction_Analysis_Contract_v1.0.1,2019,timesat_smoothing_spline,2019-07-15,2019,9.3750499999999999,False,2019_segment_1,6.2328858375549316,10,ok,
Reconstruction_Analysis_Contract_v1.0.1,2019,timesat_smoothing_spline,2019-07-16,2019,5.4650699999999999,False,2019_segment_1,6.4007654190063477,10,ok,
Reconstruction_Analysis_Contract_v1.0.1,2019,timesat_smoothing_spline,2019-07-17,2019,6.5002399999999998,False,2019_segment_1,6.5977869033813477,10,ok,
Reconstruction_Analysis_Contract_v1.0.1,2019,timesat_smoothing_spline,2019-07-18,2019,6.3632299999999997,True,2019_segment_1,6.8390016555786133,10,ok,
Reconstruction_Analysis_Contract_v1.0.1,2019,timesat_smoothing_spline,2019-07-19,2019,6.1348799999999999,False,2019_segment_1,7.1315312385559082,10,ok,
Reconstruction_Analysis_Contract_v1.0.1,2019,timesat_smoothing_spline,2019-07-20,2019,6.5002399999999998,False,2019_segment_1,7.4507794380187988,10,ok,
Reconstruction_Analysis_Contract_v1.0.1,2019,timesat_smoothing_spline,2019-07-21,2019,6.7894699999999997,False,2019_segment_1,7.7642207145690918,10,ok,
Reconstruction_Analysis_Contract_v1.0.1,2019,timesat_smoothing_spline,2019-07-22,2019,7.9532100000000003,False,2019_segment_1,8.0393295288085938,10,ok,
Reconstruction_Analysis_Contract_v1.0.1,2019,timesat_smoothing_spline,2019-07-23,2019,8.6321399999999997,True,2019_segment_1,8.2435789108276367,10,ok,
Reconstruction_Analysis_Contract_v1.0.1,2019,timesat_smoothing_spline,2019-07-24,2019,5.8679199999999998,False,2019_segment_1,8.3509197235107422,10,ok,
Reconstruction_Analysis_Contract_v1.0.1,2019,timesat_smoothing_spline,2019-07-25,2019,6.5225999999999997,False,2019_segment_1,8.3612060546875,10,ok,
Reconstruction_Analysis_Contract_v1.0.1,2019,timesat_smoothing_spline,2019-07-26,2019,9.5777999999999999,True,2019_segment_1,8.2807693481445312,10,ok,
Reconstruction_Analysis_Contract_v1.0.1,2019,timesat_smoothing_spline,2019-07-27,2019,5.4072100000000001,False,2019_segment_1,8.1375560760498047,10,ok,
Reconstruction_Analysis_Contract_v1.0.1,2019,timesat_smoothing_spline,2019-07-28,2019,7.0803000000000003,True,2019_segment_1,8.0459823608398438,10,ok,
Reconstruction_Analysis_Contract_v1.0.1,2019,timesat_smoothing_spline,2019-07-29,2019,6.6195899999999996,False,2019_segment_1,8.1259870529174805,10,ok,
Reconstruction_Analysis_Contract_v1.0.1,2019,timesat_smoothing_spline,2019-07-30,2019,8.2439999999999998,False,2019_segment_1,8.4331302642822266,10,ok,
Reconstruction_Analysis_Contract_v1.0.1,2019,timesat_smoothing_spline,2019-07-31,2019,8.1256699999999995,False,2019_segment_1,9.0068769454956055,10,ok,
Reconstruction_Analysis_Contract_v1.0.1,2019,timesat_smoothing_spline,2019-08-01,2019,9.2301199999999994,False,2019_segment_1,9.8866920471191406,10,ok,
Reconstruction_Analysis_Contract_v1.0.1,2019,timesat_smoothing_spline,2019-08-02,2019,9.5456800000000008,True,2019_segment_1,11.112041473388672,10,ok,
Reconstruction_Analysis_Contract_v1.0.1,2019,timesat_smoothing_spline,2019-08-03,2019,12.346299999999999,False,2019_segment_1,12.696284294128418,10,ok,
Reconstruction_Analysis_Contract_v1.0.1,2019,timesat_smoothing_spline,2019-08-04,2019,11.517899999999999,False,2019_segment_1,14.548354148864746,10,ok,
Reconstruction_Analysis_Contract_v1.0.1,2019,timesat_smoothing_spline,2019-08-05,2019,16.251300000000001,True,2019_segment_1,16.551082611083984,10,ok,
Reconstruction_Analysis_Contract_v1.0.1,2019,timesat_smoothing_spline,2019-08-06,2019,25.572099999999999,False,2019_segment_1,18.582300186157227,10,ok,
Reconstruction_Analysis_Contract_v1.0.1,2019,timesat_smoothing_spline,2019-08-07,2019,22.127300000000002,True,2019_segment_1,20.499855041503906,10,ok,
Reconstruction_Analysis_Contract_v1.0.1,2019,timesat_smoothing_spline,2019-08-08,2019,18.651499999999999,False,2019_segment_1,22.183721542358398,10,ok,
Reconstruction_Analysis_Contract_v1.0.1,2019,timesat_smoothing_spline,2019-08-09,2019,18.7135,False,2019_segment_1,23.622373580932617,10,ok,
Reconstruction_Analysis_Contract_v1.0.1,2019,timesat_smoothing_spline,2019-08-10,2019,22.4376,False,2019_segment_1,24.831401824951172,10,ok,
Reconstruction_Analysis_Contract_v1.0.1,2019,timesat_smoothing_spline,2019-08-11,2019,12.413600000000001,False,2019_segment_1,25.826406478881836,10,ok,
Reconstruction_Analysis_Contract_v1.0.1,2019,timesat_smoothing_spline,2019-08-12,2019,13.4998,False,2019_segment_1,26.622978210449219,10,ok,
Reconstruction_Analysis_Contract_v1.0.1,2019,timesat_smoothing_spline,2019-08-13,2019,30.182500000000001,False,2019_segment_1,27.236717224121094,10,ok,
Reconstruction_Analysis_Contract_v1.0.1,2019,timesat_smoothing_spline,2019-08-14,2019,25.755700000000001,False,2019_segment_1,27.683216094970703,10,ok,
Reconstruction_Analysis_Contract_v1.0.1,2019,timesat_smoothing_spline,2019-08-15,2019,46.883499999999998,False,2019_segment_1,27.978069305419922,10,ok,
Reconstruction_Analysis_Contract_v1.0.1,2019,timesat_smoothing_spline,2019-08-16,2019,24.910599999999999,False,2019_segment_1,28.136875152587891,10,ok,
Reconstruction_Analysis_Contract_v1.0.1,2019,timesat_smoothing_spline,2019-08-17,2019,39.961599999999997,False,2019_segment_1,28.175228118896484,10,ok,
Reconstruction_Analysis_Contract_v1.0.1,2019,timesat_smoothing_spline,2019-08-18,2019,27.647200000000002,False,2019_segment_1,28.108722686767578,10,ok,
Reconstruction_Analysis_Contract_v1.0.1,2019,timesat_smoothing_spline,2019-08-19,2019,35.575099999999999,False,2019_segment_1,27.952953338623047,10,ok,
Reconstruction_Analysis_Contract_v1.0.1,2019,timesat_smoothing_spline,2019-08-20,2019,19.279399999999999,False,2019_segment_1,27.723518371582031,10,ok,
Reconstruction_Analysis_Contract_v1.0.1,2019,timesat_smoothing_spline,2019-08-21,2019,37.045400000000001,False,2019_segment_1,27.436010360717773,10,ok,
Reconstruction_Analysis_Contract_v1.0.1,2019,timesat_smoothing_spline,2019-08-22,2019,25.7562,True,2019_segment_1,27.106025695800781,10,ok,
Reconstruction_Analysis_Contract_v1.0.1,2019,timesat_smoothing_spline,2019-08-23,2019,41.676099999999998,False,2019_segment_1,26.726663589477539,10,ok,
Reconstruction_Analysis_Contract_v1.0.1,2019,timesat_smoothing_spline,2019-08-24,2019,33.353000000000002,False,2019_segment_1,26.201034545898438,10,ok,
Reconstruction_Analysis_Contract_v1.0.1,2019,timesat_smoothing_spline,2019-08-25,2019,29.236799999999999,True,2019_segment_1,25.409748077392578,10,ok,
Reconstruction_Analysis_Contract_v1.0.1,2019,timesat_smoothing_spline,2019-08-26,2019,60.8949,False,2019_segment_1,24.297204971313477,10,ok,
Reconstruction_Analysis_Contract_v1.0.1,2019,timesat_smoothing_spline,2019-08-27,2019,20.134,True,2019_segment_1,23.062936782836914,10,ok,
Reconstruction_Analysis_Contract_v1.0.1,2019,timesat_smoothing_spline,2019-08-28,2019,58.387900000000002,False,2019_segment_1,21.921445846557617,10,ok,
Reconstruction_Analysis_Contract_v1.0.1,2019,timesat_smoothing_spline,2019-08-29,2019,58.5319,False,2019_segment_1,20.891973495483398,10,ok,
Reconstruction_Analysis_Contract_v1.0.1,2019,timesat_smoothing_spline,2019-08-30,2019,58.675800000000002,False,2019_segment_1,19.944942474365234,10,ok,
Reconstruction_Analysis_Contract_v1.0.1,2019,timesat_smoothing_spline,2019-08-31,2019,25.717099999999999,False,2019_segment_1,19.050777435302734,10,ok,
Reconstruction_Analysis_Contract_v1.0.1,2019,timesat_smoothing_spline,2019-09-01,2019,18.253699999999998,True,2019_segment_1,18.179904937744141,10,ok,
Reconstruction_Analysis_Contract_v1.0.1,2019,timesat_smoothing_spline,2019-09-02,2019,10.6745,False,2019_segment_1,17.303977966308594,10,ok,
Reconstruction_Analysis_Contract_v1.0.1,2019,timesat_smoothing_spline,2019-09-03,2019,20.482399999999998,False,2019_segment_1,16.399568557739258,10,ok,
Reconstruction_Analysis_Contract_v1.0.1,2019,timesat_smoothing_spline,2019-09-04,2019,16.172999999999998,True,2019_segment_1,15.444483757019043,10,ok,
Reconstruction_Analysis_Contract_v1.0.1,2019,timesat_smoothing_spline,2019-09-05,2019,44.1081,False,2019_segment_1,14.428668022155762,10,ok,
Reconstruction_Analysis_Contract_v1.0.1,2019,timesat_smoothing_spline,2019-09-06,2019,12.902900000000001,True,2019_segment_1,13.390634536743164,10,ok,
Reconstruction_Analysis_Contract_v1.0.1,2019,timesat_smoothing_spline,2019-09-07,2019,24.8171,False,2019_segment_1,12.37291145324707,10,ok,
Reconstruction_Analysis_Contract_v1.0.1,2019,timesat_smoothing_spline,2019-09-08,2019,11.026999999999999,False,2019_segment_1,11.38550853729248,10,ok,
Reconstruction_Analysis_Contract_v1.0.1,2019,timesat_smoothing_spline,2019-09-09,2019,10.165100000000001,False,2019_segment_1,10.43030834197998,10,ok,
Reconstruction_Analysis_Contract_v1.0.1,2019,timesat_smoothing_spline,2019-09-10,2019,7.6478400000000004,False,2019_segment_1,9.5091934204101562,10,ok,
Reconstruction_Analysis_Contract_v1.0.1,2019,timesat_smoothing_spline,2019-09-11,2019,5.1599899999999996,False,2019_segment_1,8.6240453720092773,10,ok,
Reconstruction_Analysis_Contract_v1.0.1,2019,timesat_smoothing_spline,2019-09-12,2019,6.6711299999999998,False,2019_segment_1,7.7767467498779297,10,ok,
Reconstruction_Analysis_Contract_v1.0.1,2019,timesat_smoothing_spline,2019-09-13,2019,5.2336999999999998,False,2019_segment_1,6.969179630279541,10,ok,
Reconstruction_Analysis_Contract_v1.0.1,2019,timesat_smoothing_spline,2019-09-14,2019,7.0581300000000002,False,2019_segment_1,6.2032260894775391,10,ok,
Reconstruction_Analysis_Contract_v1.0.1,2019,timesat_smoothing_spline,2019-09-15,2019,6.4131299999999998,False,2019_segment_1,5.4807686805725098,10,ok,
Reconstruction_Analysis_Contract_v1.0.1,2019,timesat_smoothing_spline,2019-09-16,2019,6.0998400000000004,False,2019_segment_1,4.8036890029907227,10,ok,
Reconstruction_Analysis_Contract_v1.0.1,2019,timesat_smoothing_spline,2019-09-17,2019,16.944500000000001,False,2019_segment_1,4.1738691329956055,10,ok,
Reconstruction_Analysis_Contract_v1.0.1,2019,timesat_smoothing_spline,2019-09-18,2019,17.962199999999999,False,2019_segment_1,3.5931916236877441,10,ok,
Reconstruction_Analysis_Contract_v1.0.1,2019,timesat_smoothing_spline,2019-09-19,2019,20.7608,False,2019_segment_1,3.0635385513305664,10,ok,
Reconstruction_Analysis_Contract_v1.0.1,2019,timesat_smoothing_spline,2019-09-20,2019,19.844899999999999,False,2019_segment_1,2.5867919921875,10,ok,
Reconstruction_Analysis_Contract_v1.0.1,2019,timesat_smoothing_spline,2019-09-21,2019,19.081600000000002,False,2019_segment_1,2.1648342609405518,10,ok,
Reconstruction_Analysis_Contract_v1.0.1,2019,timesat_smoothing_spline,2019-09-22,2019,27.782800000000002,False,2019_segment_1,1.7995473146438599,10,ok,
Reconstruction_Analysis_Contract_v1.0.1,2019,timesat_smoothing_spline,2019-09-23,2019,21.524100000000001,False,2019_segment_1,1.4928134679794312,10,ok,
Reconstruction_Analysis_Contract_v1.0.1,2019,timesat_smoothing_spline,2019-09-24,2019,11.264699999999999,False,2019_segment_1,1.2465147972106934,10,ok,
Reconstruction_Analysis_Contract_v1.0.1,2019,timesat_smoothing_spline,2019-09-25,2019,1.7599199999999999,False,2019_segment_1,1.0625333786010742,10,ok,
Reconstruction_Analysis_Contract_v1.0.1,2019,timesat_smoothing_spline,2019-09-26,2019,0.95194400000000001,True,2019_segment_1,0.94275152683258057,10,ok,
Reconstruction_Analysis_Contract_v1.0.1,2019,timesat_smoothing_spline,2019-09-27,2019,1.05772,False,2019_segment_1,0.88920456171035767,10,ok,
Reconstruction_Analysis_Contract_v1.0.1,2019,timesat_smoothing_spline,2019-09-28,2019,1.0018899999999999,False,2019_segment_1,0.90454059839248657,10,ok,
Reconstruction_Analysis_Contract_v1.0.1,2019,timesat_smoothing_spline,2019-09-29,2019,1.2633799999999999,False,2019_segment_1,0.9915611743927002,10,ok,
Reconstruction_Analysis_Contract_v1.0.1,2019,timesat_smoothing_spline,2019-09-30,2019,2.5561500000000001,False,2019_segment_1,1.1530675888061523,10,ok,
Reconstruction_Analysis_Contract_v1.0.1,2019,timesat_smoothing_spline,2019-10-01,2019,1.1282300000000001,True,2019_segment_1,1.3918613195419312,10,ok,
Reconstruction_Analysis_Contract_v1.0.1,2019,timesat_smoothing_spline,2019-10-02,2019,1.1282300000000001,False,2019_segment_1,1.7063498497009277,10,ok,
Reconstruction_Analysis_Contract_v1.0.1,2019,timesat_smoothing_spline,2019-10-03,2019,1.0488999999999999,False,2019_segment_1,2.0773651599884033,10,ok,
Reconstruction_Analysis_Contract_v1.0.1,2019,timesat_smoothing_spline,2019-10-04,2019,2.6580499999999998,True,2019_segment_1,2.4813458919525146,10,ok,
Reconstruction_Analysis_Contract_v1.0.1,2019,timesat_smoothing_spline,2019-10-05,2019,1.04009,False,2019_segment_1,2.8976752758026123,10,ok,
Reconstruction_Analysis_Contract_v1.0.1,2019,timesat_smoothing_spline,2019-10-06,2019,1.2839499999999999,False,2019_segment_1,3.317516565322876,10,ok,
Reconstruction_Analysis_Contract_v1.0.1,2019,timesat_smoothing_spline,2019-10-07,2019,0.86967700000000003,False,2019_segment_1,3.7349789142608643,10,ok,
Reconstruction_Analysis_Contract_v1.0.1,2019,timesat_smoothing_spline,2019-10-08,2019,0.91668700000000003,False,2019_segment_1,4.1441707611083984,10,ok,
Reconstruction_Analysis_Contract_v1.0.1,2019,timesat_smoothing_spline,2019-10-09,2019,7.9379099999999996,False,2019_segment_1,4.5392007827758789,10,ok,
Reconstruction_Analysis_Contract_v1.0.1,2019,timesat_smoothing_spline,2019-10-10,2019,6.0206999999999997,False,2019_segment_1,4.9141778945922852,10,ok,
Reconstruction_Analysis_Contract_v1.0.1,2019,timesat_smoothing_spline,2019-10-11,2019,6.8111300000000004,False,2019_segment_1,5.2632107734680176,10,ok,
Reconstruction_Analysis_Contract_v1.0.1,2019,timesat_smoothing_spline,2019-10-12,2019,11.507400000000001,False,2019_segment_1,5.5804076194763184,10,ok,
Reconstruction_Analysis_Contract_v1.0.1,2019,timesat_smoothing_spline,2019-10-13,2019,10.8933,False,2019_segment_1,5.8598775863647461,10,ok,
Reconstruction_Analysis_Contract_v1.0.1,2019,timesat_smoothing_spline,2019-10-14,2019,7.0129400000000004,False,2019_segment_1,6.095728874206543,10,ok,
Reconstruction_Analysis_Contract_v1.0.1,2019,timesat_smoothing_spline,2019-10-15,2019,10.1915,False,2019_segment_1,6.2820706367492676,10,ok,
Reconstruction_Analysis_Contract_v1.0.1,2019,timesat_smoothing_spline,2019-10-16,2019,5.7852600000000001,False,2019_segment_1,6.4130115509033203,10,ok,
Reconstruction_Analysis_Contract_v1.0.1,2019,timesat_smoothing_spline,2019-10-17,2019,7.5342900000000004,False,2019_segment_1,6.4826602935791016,10,ok,
Reconstruction_Analysis_Contract_v1.0.1,2019,timesat_smoothing_spline,2019-10-18,2019,5.2302799999999996,False,2019_segment_1,6.4851250648498535,10,ok,
Reconstruction_Analysis_Contract_v1.0.1,2019,timesat_smoothing_spline,2019-10-19,2019,6.6261400000000004,True,2019_segment_1,6.414515495300293,10,ok,
Reconstruction_Analysis_Contract_v1.0.1,2019,timesat_smoothing_spline,2019-10-20,2019,6.5588699999999998,False,2019_segment_1,6.2684659957885742,10,ok,
Reconstruction_Analysis_Contract_v1.0.1,2019,timesat_smoothing_spline,2019-10-21,2019,5.8188899999999997,False,2019_segment_1,6.0587220191955566,10,ok,
Reconstruction_Analysis_Contract_v1.0.1,2019,timesat_smoothing_spline,2019-10-22,2019,3.19095,False,2019_segment_1,5.8005537986755371,10,ok,
Reconstruction_Analysis_Contract_v1.0.1,2019,timesat_smoothing_spline,2019-10-23,2019,3.0886800000000001,False,2019_segment_1,5.5092329978942871,10,ok,
Reconstruction_Analysis_Contract_v1.0.1,2019,timesat_smoothing_spline,2019-10-24,2019,3.2364999999999999,False,2019_segment_1,5.2000308036804199,10,ok,
Reconstruction_Analysis_Contract_v1.0.1,2019,timesat_smoothing_spline,2019-10-25,2019,3.7227800000000002,False,2019_segment_1,4.8882179260253906,10,ok,
Reconstruction_Analysis_Contract_v1.0.1,2019,timesat_smoothing_spline,2019-10-26,2019,4.1216400000000002,False,2019_segment_1,4.5890655517578125,10,ok,
Reconstruction_Analysis_Contract_v1.0.1,2019,timesat_smoothing_spline,2019-10-27,2019,3.3955000000000002,False,2019_segment_1,4.317845344543457,10,ok,
Reconstruction_Analysis_Contract_v1.0.1,2019,timesat_smoothing_spline,2019-10-28,2019,3.8148200000000001,False,2019_segment_1,4.0898280143737793,10,ok,
Reconstruction_Analysis_Contract_v1.0.1,2019,timesat_smoothing_spline,2019-10-29,2019,3.18072,True,2019_segment_1,3.9202852249145508,10,ok,
Reconstruction_Analysis_Contract_v1.0.1,2019,timesat_smoothing_spline,2019-10-30,2019,3.7432300000000001,False,2019_segment_1,3.8121614456176758,10,ok,
Reconstruction_Analysis_Contract_v1.0.1,2019,timesat_smoothing_spline,2019-10-31,2019,4.4898300000000004,True,2019_segment_1,3.7190978527069092,10,ok,
Reconstruction_Analysis_Contract_v1.0.1,2019,timesat_smoothing_spline,2019-11-01,2019,3.1284700000000001,False,2019_segment_1,3.5952544212341309,10,ok,
Reconstruction_Analysis_Contract_v1.0.1,2019,timesat_smoothing_spline,2019-11-02,2019,3.11496,False,2019_segment_1,3.4461734294891357,10,ok,
Reconstruction_Analysis_Contract_v1.0.1,2019,timesat_smoothing_spline,2019-11-03,2019,3.1014599999999999,True,2019_segment_1,3.2902431488037109,10,ok,
Reconstruction_Analysis_Contract_v1.0.1,2019,timesat_smoothing_spline,2019-11-04,2019,3.0879500000000002,False,2019_segment_1,3.1427047252655029,10,ok,
Reconstruction_Analysis_Contract_v1.0.1,2019,timesat_smoothing_spline,2019-11-05,2019,3.0060899999999999,True,2019_segment_1,3.0062143802642822,10,ok,
Reconstruction_Analysis_Contract_v1.0.1,2019,timesat_smoothing_spline,2019-11-06,2019,2.9394,False,2019_segment_1,2.8802793025970459,10,ok,
Reconstruction_Analysis_Contract_v1.0.1,2019,timesat_smoothing_spline,2019-11-07,2019,2.8727,False,2019_segment_1,2.7643988132476807,10,ok,
Reconstruction_Analysis_Contract_v1.0.1,2019,timesat_smoothing_spline,2019-11-08,2019,2.8060100000000001,False,2019_segment_1,2.6580700874328613,10,ok,
Reconstruction_Analysis_Contract_v1.0.1,2019,timesat_smoothing_spline,2019-11-09,2019,2.7393100000000001,False,2019_segment_1,2.5607903003692627,10,ok,
Reconstruction_Analysis_Contract_v1.0.1,2019,timesat_smoothing_spline,2019-11-10,2019,2.6726200000000002,False,2019_segment_1,2.4720563888549805,10,ok,
Reconstruction_Analysis_Contract_v1.0.1,2019,timesat_smoothing_spline,2019-11-11,2019,2.6059199999999998,False,2019_segment_1,2.3913655281066895,10,ok,
Reconstruction_Analysis_Contract_v1.0.1,2019,timesat_smoothing_spline,2019-11-12,2019,2.5392299999999999,False,2019_segment_1,2.3182148933410645,10,ok,
Reconstruction_Analysis_Contract_v1.0.1,2019,timesat_smoothing_spline,2019-11-13,2019,2.4725299999999999,False,2019_segment_1,2.2521016597747803,10,ok,
Reconstruction_Analysis_Contract_v1.0.1,2019,timesat_smoothing_spline,2019-11-14,2019,2.40584,False,2019_segment_1,2.1925227642059326,10,ok,
Reconstruction_Analysis_Contract_v1.0.1,2019,timesat_smoothing_spline,2019-11-15,2019,2.3391500000000001,False,2019_segment_1,2.1389756202697754,10,ok,
Reconstruction_Analysis_Contract_v1.0.1,2019,timesat_smoothing_spline,2019-11-16,2019,2.2724500000000001,False,2019_segment_1,2.0909569263458252,10,ok,
Reconstruction_Analysis_Contract_v1.0.1,2019,timesat_smoothing_spline,2019-11-17,2019,2.2057600000000002,False,2019_segment_1,2.047964334487915,10,ok,
Reconstruction_Analysis_Contract_v1.0.1,2019,timesat_smoothing_spline,2019-11-18,2019,2.1390600000000002,False,2019_segment_1,2.0094943046569824,10,ok,
Reconstruction_Analysis_Contract_v1.0.1,2019,timesat_smoothing_spline,2019-11-19,2019,2.0723699999999998,False,2019_segment_1,1.9750446081161499,10,ok,
Reconstruction_Analysis_Contract_v1.0.1,2019,timesat_smoothing_spline,2019-11-20,2019,2.0420099999999999,False,2019_segment_1,1.9441119432449341,10,ok,
Reconstruction_Analysis_Contract_v1.0.1,2019,timesat_smoothing_spline,2019-11-21,2019,2.0116499999999999,False,2019_segment_1,1.9161936044692993,10,ok,
Reconstruction_Analysis_Contract_v1.0.1,2019,timesat_smoothing_spline,2019-11-22,2019,1.9812799999999999,False,2019_segment_1,1.8907867670059204,10,ok,
Reconstruction_Analysis_Contract_v1.0.1,2019,timesat_smoothing_spline,2019-11-23,2019,1.95092,False,2019_segment_1,1.8673883676528931,10,ok,
Reconstruction_Analysis_Contract_v1.0.1,2019,timesat_smoothing_spline,2019-11-24,2019,1.92056,False,2019_segment_1,1.8454955816268921,10,ok,
Reconstruction_Analysis_Contract_v1.0.1,2019,timesat_smoothing_spline,2019-11-25,2019,1.8902000000000001,False,2019_segment_1,1.8246055841445923,10,ok,
Reconstruction_Analysis_Contract_v1.0.1,2019,timesat_smoothing_spline,2019-11-26,2019,1.8598399999999999,False,2019_segment_1,1.8042155504226685,10,ok,
Reconstruction_Analysis_Contract_v1.0.1,2019,timesat_smoothing_spline,2019-11-27,2019,1.82948,False,2019_segment_1,1.7838225364685059,10,ok,
Reconstruction_Analysis_Contract_v1.0.1,2019,timesat_smoothing_spline,2019-11-28,2019,1.7991200000000001,False,2019_segment_1,1.7629235982894897,10,ok,
Reconstruction_Analysis_Contract_v1.0.1,2019,timesat_smoothing_spline,2019-11-29,2019,1.76875,False,2019_segment_1,1.7410159111022949,10,ok,
Reconstruction_Analysis_Contract_v1.0.1,2019,timesat_smoothing_spline,2019-11-30,2019,1.7383900000000001,True,2019_segment_1,1.7175965309143066,10,ok,
Reconstruction_Analysis_Contract_v1.0.1,2019,timesat_smoothing_spline,2019-12-01,2019,1.7080299999999999,False,2019_segment_1,1.6925092935562134,10,ok,
Reconstruction_Analysis_Contract_v1.0.1,2019,timesat_smoothing_spline,2019-12-02,2019,1.67767,False,2019_segment_1,1.666983962059021,10,ok,
Reconstruction_Analysis_Contract_v1.0.1,2019,timesat_smoothing_spline,2019-12-03,2019,1.6473100000000001,False,2019_segment_1,1.6425970792770386,10,ok,
Reconstruction_Analysis_Contract_v1.0.1,2019,timesat_smoothing_spline,2019-12-04,2019,1.6169500000000001,False,2019_segment_1,1.6209250688552856,10,ok,
Reconstruction_Analysis_Contract_v1.0.1,2019,timesat_smoothing_spline,2019-12-05,2019,1.5865899999999999,True,2019_segment_1,1.6035443544387817,10,ok,
Reconstruction_Analysis_Contract_v1.0.1,2020,linear_interpolation,2020-01-19,2020,1.17279,True,2020_segment_1,1.17279,,ok,
Reconstruction_Analysis_Contract_v1.0.1,2020,linear_interpolation,2020-01-20,2020,1.1798999999999999,False,2020_segment_1,1.1798999999999999,,ok,
Reconstruction_Analysis_Contract_v1.0.1,2020,linear_interpolation,2020-01-21,2020,1.1870099999999999,False,2020_segment_1,1.1870099999999999,,ok,
Reconstruction_Analysis_Contract_v1.0.1,2020,linear_interpolation,2020-01-22,2020,1.1941200000000001,False,2020_segment_1,1.1941200000000001,,ok,
Reconstruction_Analysis_Contract_v1.0.1,2020,linear_interpolation,2020-01-23,2020,1.20123,False,2020_segment_1,1.20123,,ok,
Reconstruction_Analysis_Contract_v1.0.1,2020,linear_interpolation,2020-01-24,2020,1.20834,True,2020_segment_1,1.20834,,ok,
Reconstruction_Analysis_Contract_v1.0.1,2020,linear_interpolation,2020-01-25,2020,1.2154499999999999,False,2020_segment_1,1.285506,,ok,
Reconstruction_Analysis_Contract_v1.0.1,2020,linear_interpolation,2020-01-26,2020,1.2225600000000001,False,2020_segment_1,1.3626719999999999,,ok,
Reconstruction_Analysis_Contract_v1.0.1,2020,linear_interpolation,2020-01-27,2020,1.22967,False,2020_segment_1,1.439838,,ok,
Reconstruction_Analysis_Contract_v1.0.1,2020,linear_interpolation,2020-01-28,2020,1.23678,False,2020_segment_1,1.517004,,ok,
Reconstruction_Analysis_Contract_v1.0.1,2020,linear_interpolation,2020-01-29,2020,1.3253200000000001,False,2020_segment_1,1.5941699999999999,,ok,
Reconstruction_Analysis_Contract_v1.0.1,2020,linear_interpolation,2020-01-30,2020,1.4138599999999999,False,2020_segment_1,1.6713359999999999,,ok,
Reconstruction_Analysis_Contract_v1.0.1,2020,linear_interpolation,2020-01-31,2020,2.2000000000000002,False,2020_segment_1,1.748502,,ok,
Reconstruction_Analysis_Contract_v1.0.1,2020,linear_interpolation,2020-02-01,2020,2.3599999999999999,False,2020_segment_1,1.8256679999999998,,ok,
Reconstruction_Analysis_Contract_v1.0.1,2020,linear_interpolation,2020-02-02,2020,1.76,False,2020_segment_1,1.9028339999999999,,ok,
Reconstruction_Analysis_Contract_v1.0.1,2020,linear_interpolation,2020-02-03,2020,1.98,True,2020_segment_1,1.98,,ok,
Reconstruction_Analysis_Contract_v1.0.1,2020,linear_interpolation,2020-02-04,2020,2.48,False,2020_segment_1,2.1800000000000002,,ok,
Reconstruction_Analysis_Contract_v1.0.1,2020,linear_interpolation,2020-02-05,2020,2.54,False,2020_segment_1,2.3799999999999999,,ok,
Reconstruction_Analysis_Contract_v1.0.1,2020,linear_interpolation,2020-02-06,2020,2.5800000000000001,True,2020_segment_1,2.5800000000000001,,ok,
Reconstruction_Analysis_Contract_v1.0.1,2020,linear_interpolation,2020-02-07,2020,2.1099999999999999,False,2020_segment_1,2.544,,ok,
Reconstruction_Analysis_Contract_v1.0.1,2020,linear_interpolation,2020-02-08,2020,2.3599999999999999,False,2020_segment_1,2.508,,ok,
Reconstruction_Analysis_Contract_v1.0.1,2020,linear_interpolation,2020-02-09,2020,2.54,False,2020_segment_1,2.472,,ok,
Reconstruction_Analysis_Contract_v1.0.1,2020,linear_interpolation,2020-02-10,2020,2.29,False,2020_segment_1,2.4359999999999999,,ok,
Reconstruction_Analysis_Contract_v1.0.1,2020,linear_interpolation,2020-02-11,2020,2.3999999999999999,True,2020_segment_1,2.3999999999999999,,ok,
Reconstruction_Analysis_Contract_v1.0.1,2020,linear_interpolation,2020-02-12,2020,2.5649099999999998,False,2020_segment_1,2.4824549999999999,,ok,
Reconstruction_Analysis_Contract_v1.0.1,2020,linear_interpolation,2020-02-13,2020,2.5649099999999998,True,2020_segment_1,2.5649099999999998,,ok,
Reconstruction_Analysis_Contract_v1.0.1,2020,linear_interpolation,2020-02-14,2020,2.6272199999999999,False,2020_segment_1,2.66214,,ok,
Reconstruction_Analysis_Contract_v1.0.1,2020,linear_interpolation,2020-02-15,2020,4.0602400000000003,False,2020_segment_1,2.7593699999999997,,ok,
Reconstruction_Analysis_Contract_v1.0.1,2020,linear_interpolation,2020-02-16,2020,3.1671999999999998,False,2020_segment_1,2.8565999999999998,,ok,
Reconstruction_Analysis_Contract_v1.0.1,2020,linear_interpolation,2020-02-17,2020,2.6064500000000002,False,2020_segment_1,2.95383,,ok,
Reconstruction_Analysis_Contract_v1.0.1,2020,linear_interpolation,2020-02-18,2020,2.7102900000000001,False,2020_segment_1,3.0510600000000001,,ok,
Reconstruction_Analysis_Contract_v1.0.1,2020,linear_interpolation,2020-02-19,2020,2.8764400000000001,False,2020_segment_1,3.1482900000000003,,ok,
Reconstruction_Analysis_Contract_v1.0.1,2020,linear_interpolation,2020-02-20,2020,3.3896700000000002,False,2020_segment_1,3.24552,,ok,
Reconstruction_Analysis_Contract_v1.0.1,2020,linear_interpolation,2020-02-21,2020,3.3427500000000001,True,2020_segment_1,3.3427500000000001,,ok,
Reconstruction_Analysis_Contract_v1.0.1,2020,linear_interpolation,2020-02-22,2020,3.17855,False,2020_segment_1,3.3779400000000002,,ok,
Reconstruction_Analysis_Contract_v1.0.1,2020,linear_interpolation,2020-02-23,2020,3.4131300000000002,True,2020_segment_1,3.4131300000000002,,ok,
Reconstruction_Analysis_Contract_v1.0.1,2020,linear_interpolation,2020-02-24,2020,3.4483100000000002,False,2020_segment_1,3.1054833333333334,,ok,
Reconstruction_Analysis_Contract_v1.0.1,2020,linear_interpolation,2020-02-25,2020,3.1127400000000001,False,2020_segment_1,2.797836666666667,,ok,
Reconstruction_Analysis_Contract_v1.0.1,2020,linear_interpolation,2020-02-26,2020,2.4901900000000001,True,2020_segment_1,2.4901900000000001,,ok,
Reconstruction_Analysis_Contract_v1.0.1,2020,linear_interpolation,2020-02-27,2020,2.4818899999999999,False,2020_segment_1,2.7350599999999998,,ok,
Reconstruction_Analysis_Contract_v1.0.1,2020,linear_interpolation,2020-02-28,2020,2.97993,True,2020_segment_1,2.97993,,ok,
Reconstruction_Analysis_Contract_v1.0.1,2020,linear_interpolation,2020-02-29,2020,3.2538499999999999,False,2020_segment_1,3.143462,,ok,
Reconstruction_Analysis_Contract_v1.0.1,2020,linear_interpolation,2020-03-01,2020,3.2289500000000002,False,2020_segment_1,3.306994,,ok,
Reconstruction_Analysis_Contract_v1.0.1,2020,linear_interpolation,2020-03-02,2020,3.1874500000000001,False,2020_segment_1,3.470526,,ok,
Reconstruction_Analysis_Contract_v1.0.1,2020,linear_interpolation,2020-03-03,2020,5.0450400000000002,False,2020_segment_1,3.634058,,ok,
Reconstruction_Analysis_Contract_v1.0.1,2020,linear_interpolation,2020-03-04,2020,4.21861,False,2020_segment_1,3.79759,,ok,
Reconstruction_Analysis_Contract_v1.0.1,2020,linear_interpolation,2020-03-05,2020,3.9495499999999999,False,2020_segment_1,3.961122,,ok,
Reconstruction_Analysis_Contract_v1.0.1,2020,linear_interpolation,2020-03-06,2020,3.9303300000000001,False,2020_segment_1,4.1246539999999996,,ok,
Reconstruction_Analysis_Contract_v1.0.1,2020,linear_interpolation,2020-03-07,2020,13.7417,False,2020_segment_1,4.2881859999999996,,ok,
Reconstruction_Analysis_Contract_v1.0.1,2020,linear_interpolation,2020-03-08,2020,7.1207099999999999,False,2020_segment_1,4.4517179999999996,,ok,
Reconstruction_Analysis_Contract_v1.0.1,2020,linear_interpolation,2020-03-09,2020,5.2084000000000001,False,2020_segment_1,4.6152499999999996,,ok,
Reconstruction_Analysis_Contract_v1.0.1,2020,linear_interpolation,2020-03-10,2020,5.4504900000000003,False,2020_segment_1,4.7787819999999996,,ok,
Reconstruction_Analysis_Contract_v1.0.1,2020,linear_interpolation,2020-03-11,2020,4.7472000000000003,False,2020_segment_1,4.9423139999999997,,ok,
Reconstruction_Analysis_Contract_v1.0.1,2020,linear_interpolation,2020-03-12,2020,5.7405999999999997,False,2020_segment_1,5.1058459999999997,,ok,
Reconstruction_Analysis_Contract_v1.0.1,2020,linear_interpolation,2020-03-13,2020,6.9361899999999999,False,2020_segment_1,5.2693779999999997,,ok,
Reconstruction_Analysis_Contract_v1.0.1,2020,linear_interpolation,2020-03-14,2020,5.4329099999999997,True,2020_segment_1,5.4329099999999997,,ok,
Reconstruction_Analysis_Contract_v1.0.1,2020,linear_interpolation,2020-03-15,2020,10.944900000000001,False,2020_segment_1,5.639208,,ok,
Reconstruction_Analysis_Contract_v1.0.1,2020,linear_interpolation,2020-03-16,2020,5.8285099999999996,False,2020_segment_1,5.8455060000000003,,ok,
Reconstruction_Analysis_Contract_v1.0.1,2020,linear_interpolation,2020-03-17,2020,6.4241999999999999,False,2020_segment_1,6.0518039999999997,,ok,
Reconstruction_Analysis_Contract_v1.0.1,2020,linear_interpolation,2020-03-18,2020,6.8181700000000003,False,2020_segment_1,6.2581020000000001,,ok,
Reconstruction_Analysis_Contract_v1.0.1,2020,linear_interpolation,2020-03-19,2020,6.4644000000000004,True,2020_segment_1,6.4644000000000004,,ok,
Reconstruction_Analysis_Contract_v1.0.1,2020,linear_interpolation,2020-03-20,2020,7.0674200000000003,False,2020_segment_1,7.0138199999999999,,ok,
Reconstruction_Analysis_Contract_v1.0.1,2020,linear_interpolation,2020-03-21,2020,8.4985999999999997,False,2020_segment_1,7.5632400000000004,,ok,
Reconstruction_Analysis_Contract_v1.0.1,2020,linear_interpolation,2020-03-22,2020,8.11266,True,2020_segment_1,8.11266,,ok,
Reconstruction_Analysis_Contract_v1.0.1,2020,linear_interpolation,2020-03-23,2020,6.6895300000000004,False,2020_segment_1,7.3427314285714287,,ok,
Reconstruction_Analysis_Contract_v1.0.1,2020,linear_interpolation,2020-03-24,2020,9.1732499999999995,False,2020_segment_1,6.5728028571428574,,ok,
Reconstruction_Analysis_Contract_v1.0.1,2020,linear_interpolation,2020-03-25,2020,8.9118099999999991,False,2020_segment_1,5.8028742857142861,,ok,
Reconstruction_Analysis_Contract_v1.0.1,2020,linear_interpolation,2020-03-26,2020,9.5710999999999995,False,2020_segment_1,5.0329457142857148,,ok,
Reconstruction_Analysis_Contract_v1.0.1,2020,linear_interpolation,2020-03-27,2020,10.486800000000001,False,2020_segment_1,4.2630171428571426,,ok,
Reconstruction_Analysis_Contract_v1.0.1,2020,linear_interpolation,2020-03-28,2020,2.5510999999999999,False,2020_segment_1,3.4930885714285713,,ok,
Reconstruction_Analysis_Contract_v1.0.1,2020,linear_interpolation,2020-03-29,2020,2.72316,True,2020_segment_1,2.72316,,ok,
Reconstruction_Analysis_Contract_v1.0.1,2020,linear_interpolation,2020-03-30,2020,12.8523,False,2020_segment_1,7.2616399999999999,,ok,
Reconstruction_Analysis_Contract_v1.0.1,2020,linear_interpolation,2020-03-31,2020,12.5707,False,2020_segment_1,11.80012,,ok,
Reconstruction_Analysis_Contract_v1.0.1,2020,linear_interpolation,2020-04-01,2020,16.3386,True,2020_segment_1,16.3386,,ok,
Reconstruction_Analysis_Contract_v1.0.1,2020,linear_interpolation,2020-04-02,2020,14.821,False,2020_segment_1,15.981300000000001,,ok,
Reconstruction_Analysis_Contract_v1.0.1,2020,linear_interpolation,2020-04-03,2020,15.624000000000001,True,2020_segment_1,15.624000000000001,,ok,
Reconstruction_Analysis_Contract_v1.0.1,2020,linear_interpolation,2020-04-04,2020,17.093299999999999,False,2020_segment_1,17.502837500000002,,ok,
Reconstruction_Analysis_Contract_v1.0.1,2020,linear_interpolation,2020-04-11,2020,30.654699999999998,True,2020_segment_2,30.654699999999998,,ok,
Reconstruction_Analysis_Contract_v1.0.1,2020,linear_interpolation,2020-04-12,2020,26.585999999999999,False,2020_segment_2,27.01286,,ok,
Reconstruction_Analysis_Contract_v1.0.1,2020,linear_interpolation,2020-04-13,2020,23.674299999999999,False,2020_segment_2,23.371019999999998,,ok,
Reconstruction_Analysis_Contract_v1.0.1,2020,linear_interpolation,2020-04-14,2020,23.1463,False,2020_segment_2,19.729179999999999,,ok,
Reconstruction_Analysis_Contract_v1.0.1,2020,linear_interpolation,2020-04-15,2020,12.2692,False,2020_segment_2,16.087339999999998,,ok,
Reconstruction_Analysis_Contract_v1.0.1,2020,linear_interpolation,2020-04-16,2020,12.445499999999999,True,2020_segment_2,12.445499999999999,,ok,
Reconstruction_Analysis_Contract_v1.0.1,2020,linear_interpolation,2020-04-17,2020,22.0824,False,2020_segment_2,17.2988,,ok,
Reconstruction_Analysis_Contract_v1.0.1,2020,linear_interpolation,2020-04-18,2020,22.152100000000001,True,2020_segment_2,22.152100000000001,,ok,
Reconstruction_Analysis_Contract_v1.0.1,2020,linear_interpolation,2020-04-19,2020,21.343800000000002,False,2020_segment_2,17.557606666666668,,ok,
Reconstruction_Analysis_Contract_v1.0.1,2020,linear_interpolation,2020-04-20,2020,19.720199999999998,False,2020_segment_2,12.963113333333334,,ok,
Reconstruction_Analysis_Contract_v1.0.1,2020,linear_interpolation,2020-04-21,2020,8.3686199999999999,True,2020_segment_2,8.3686199999999999,,ok,
Reconstruction_Analysis_Contract_v1.0.1,2020,linear_interpolation,2020-04-22,2020,6.7309299999999999,False,2020_segment_2,7.2505500000000005,,ok,
Reconstruction_Analysis_Contract_v1.0.1,2020,linear_interpolation,2020-04-23,2020,6.1324800000000002,True,2020_segment_2,6.1324800000000002,,ok,
Reconstruction_Analysis_Contract_v1.0.1,2020,linear_interpolation,2020-04-24,2020,6.0649199999999999,False,2020_segment_2,6.0447613333333337,,ok,
Reconstruction_Analysis_Contract_v1.0.1,2020,linear_interpolation,2020-04-25,2020,7.2682500000000001,False,2020_segment_2,5.9570426666666672,,ok,
Reconstruction_Analysis_Contract_v1.0.1,2020,linear_interpolation,2020-04-26,2020,5.0707199999999997,False,2020_segment_2,5.8693239999999998,,ok,
Reconstruction_Analysis_Contract_v1.0.1,2020,linear_interpolation,2020-04-27,2020,6.2225700000000002,False,2020_segment_2,5.7816053333333333,,ok,
Reconstruction_Analysis_Contract_v1.0.1,2020,linear_interpolation,2020-04-28,2020,7.2030599999999998,False,2020_segment_2,5.6938866666666668,,ok,
Reconstruction_Analysis_Contract_v1.0.1,2020,linear_interpolation,2020-04-29,2020,5.2489699999999999,False,2020_segment_2,5.6061680000000003,,ok,
Reconstruction_Analysis_Contract_v1.0.1,2020,linear_interpolation,2020-04-30,2020,9.2501999999999995,False,2020_segment_2,5.5184493333333338,,ok,
Reconstruction_Analysis_Contract_v1.0.1,2020,linear_interpolation,2020-05-01,2020,7.4314600000000004,False,2020_segment_2,5.4307306666666664,,ok,
Reconstruction_Analysis_Contract_v1.0.1,2020,linear_interpolation,2020-05-02,2020,7.3299500000000002,False,2020_segment_2,5.3430119999999999,,ok,
Reconstruction_Analysis_Contract_v1.0.1,2020,linear_interpolation,2020-05-03,2020,6.8477699999999997,False,2020_segment_2,5.2552933333333334,,ok,
Reconstruction_Analysis_Contract_v1.0.1,2020,linear_interpolation,2020-05-04,2020,5.6000300000000003,False,2020_segment_2,5.1675746666666669,,ok,
Reconstruction_Analysis_Contract_v1.0.1,2020,linear_interpolation,2020-05-05,2020,5.3416800000000002,False,2020_segment_2,5.0798560000000004,,ok,
Reconstruction_Analysis_Contract_v1.0.1,2020,linear_interpolation,2020-05-06,2020,5.1841900000000001,False,2020_segment_2,4.992137333333333,,ok,
Reconstruction_Analysis_Contract_v1.0.1,2020,linear_interpolation,2020-05-07,2020,5.6347899999999997,False,2020_segment_2,4.9044186666666665,,ok,
Reconstruction_Analysis_Contract_v1.0.1,2020,linear_interpolation,2020-05-08,2020,4.8167,True,2020_segment_2,4.8167,,ok,
Reconstruction_Analysis_Contract_v1.0.1,2020,linear_interpolation,2020-05-09,2020,5.6260399999999997,False,2020_segment_2,4.6005523076923076,,ok,
Reconstruction_Analysis_Contract_v1.0.1,2020,linear_interpolation,2020-05-10,2020,5.34605,False,2020_segment_2,4.3844046153846152,,ok,
Reconstruction_Analysis_Contract_v1.0.1,2020,linear_interpolation,2020-05-11,2020,4.5892099999999996,False,2020_segment_2,4.1682569230769229,,ok,
Reconstruction_Analysis_Contract_v1.0.1,2020,linear_interpolation,2020-05-12,2020,4.2656000000000001,False,2020_segment_2,3.9521092307692305,,ok,
Reconstruction_Analysis_Contract_v1.0.1,2020,linear_interpolation,2020-05-13,2020,4.3386199999999997,False,2020_segment_2,3.7359615384615386,,ok,
Reconstruction_Analysis_Contract_v1.0.1,2020,linear_interpolation,2020-05-14,2020,3.9434200000000001,False,2020_segment_2,3.5198138461538462,,ok,
Reconstruction_Analysis_Contract_v1.0.1,2020,linear_interpolation,2020-05-15,2020,4.3429200000000003,False,2020_segment_2,3.3036661538461538,,ok,
Reconstruction_Analysis_Contract_v1.0.1,2020,linear_interpolation,2020-05-16,2020,3.70716,False,2020_segment_2,3.0875184615384614,,ok,
Reconstruction_Analysis_Contract_v1.0.1,2020,linear_interpolation,2020-05-17,2020,3.2561100000000001,False,2020_segment_2,2.8713707692307691,,ok,
Reconstruction_Analysis_Contract_v1.0.1,2020,linear_interpolation,2020-05-18,2020,3.31196,False,2020_segment_2,2.6552230769230767,,ok,
Reconstruction_Analysis_Contract_v1.0.1,2020,linear_interpolation,2020-05-19,2020,2.00678,False,2020_segment_2,2.4390753846153843,,ok,
Reconstruction_Analysis_Contract_v1.0.1,2020,linear_interpolation,2020-05-20,2020,1.9044300000000001,False,2020_segment_2,2.2229276923076924,,ok,
Reconstruction_Analysis_Contract_v1.0.1,2020,linear_interpolation,2020-05-21,2020,2.00678,True,2020_segment_2,2.00678,,ok,
Reconstruction_Analysis_Contract_v1.0.1,2020,linear_interpolation,2020-05-22,2020,1.4255800000000001,False,2020_segment_2,1.8007690000000001,,ok,
Reconstruction_Analysis_Contract_v1.0.1,2020,linear_interpolation,2020-05-23,2020,1.28302,False,2020_segment_2,1.5947580000000001,,ok,
Reconstruction_Analysis_Contract_v1.0.1,2020,linear_interpolation,2020-05-24,2020,1.21722,False,2020_segment_2,1.388747,,ok,
Reconstruction_Analysis_Contract_v1.0.1,2020,linear_interpolation,2020-05-25,2020,0.96500699999999995,False,2020_segment_2,1.182736,,ok,
Reconstruction_Analysis_Contract_v1.0.1,2020,linear_interpolation,2020-05-26,2020,0.97672499999999995,True,2020_segment_2,0.97672499999999995,,ok,
Reconstruction_Analysis_Contract_v1.0.1,2020,linear_interpolation,2020-05-27,2020,0.59269400000000005,False,2020_segment_2,0.92389299999999996,,ok,
Reconstruction_Analysis_Contract_v1.0.1,2020,linear_interpolation,2020-05-28,2020,0.59491400000000005,False,2020_segment_2,0.87106099999999997,,ok,
Reconstruction_Analysis_Contract_v1.0.1,2020,linear_interpolation,2020-05-29,2020,0.570496,False,2020_segment_2,0.81822899999999998,,ok,
Reconstruction_Analysis_Contract_v1.0.1,2020,linear_interpolation,2020-05-30,2020,0.67038900000000001,False,2020_segment_2,0.76539699999999999,,ok,
Reconstruction_Analysis_Contract_v1.0.1,2020,linear_interpolation,2020-05-31,2020,0.712565,True,2020_segment_2,0.712565,,ok,
Reconstruction_Analysis_Contract_v1.0.1,2020,linear_interpolation,2020-06-01,2020,0.50412100000000004,False,2020_segment_2,1.5996324999999998,,ok,
Reconstruction_Analysis_Contract_v1.0.1,2020,linear_interpolation,2020-06-02,2020,2.4866999999999999,True,2020_segment_2,2.4866999999999999,,ok,
Reconstruction_Analysis_Contract_v1.0.1,2020,linear_interpolation,2020-06-03,2020,4.75,False,2020_segment_2,3.4077999999999999,,ok,
Reconstruction_Analysis_Contract_v1.0.1,2020,linear_interpolation,2020-06-04,2020,5.0599999999999996,False,2020_segment_2,4.3289,,ok,
Reconstruction_Analysis_Contract_v1.0.1,2020,linear_interpolation,2020-06-05,2020,5.25,True,2020_segment_2,5.25,,ok,
Reconstruction_Analysis_Contract_v1.0.1,2020,linear_interpolation,2020-06-06,2020,4.5300000000000002,False,2020_segment_2,5.4749999999999996,,ok,
Reconstruction_Analysis_Contract_v1.0.1,2020,linear_interpolation,2020-06-07,2020,5.7000000000000002,True,2020_segment_2,5.7000000000000002,,ok,
Reconstruction_Analysis_Contract_v1.0.1,2020,linear_interpolation,2020-06-08,2020,6.4699999999999998,False,2020_segment_2,4.4489933333333331,,ok,
Reconstruction_Analysis_Contract_v1.0.1,2020,linear_interpolation,2020-06-09,2020,2.19591,False,2020_segment_2,3.1979866666666665,,ok,
Reconstruction_Analysis_Contract_v1.0.1,2020,linear_interpolation,2020-06-10,2020,1.9469799999999999,True,2020_segment_2,1.9469799999999999,,ok,
Reconstruction_Analysis_Contract_v1.0.1,2020,linear_interpolation,2020-06-11,2020,1.5647,False,2020_segment_2,1.76695,,ok,
Reconstruction_Analysis_Contract_v1.0.1,2020,linear_interpolation,2020-06-12,2020,1.5869200000000001,True,2020_segment_2,1.5869200000000001,,ok,
Reconstruction_Analysis_Contract_v1.0.1,2020,linear_interpolation,2020-06-13,2020,1.3735599999999999,False,2020_segment_2,1.4702066666666667,,ok,
Reconstruction_Analysis_Contract_v1.0.1,2020,linear_interpolation,2020-06-14,2020,1.2090799999999999,False,2020_segment_2,1.3534933333333334,,ok,
Reconstruction_Analysis_Contract_v1.0.1,2020,linear_interpolation,2020-06-15,2020,1.23678,True,2020_segment_2,1.23678,,ok,
Reconstruction_Analysis_Contract_v1.0.1,2020,linear_interpolation,2020-06-16,2020,1.08988,False,2020_segment_2,1.214982,,ok,
Reconstruction_Analysis_Contract_v1.0.1,2020,linear_interpolation,2020-06-17,2020,1.3410299999999999,False,2020_segment_2,1.193184,,ok,
Reconstruction_Analysis_Contract_v1.0.1,2020,linear_interpolation,2020-06-18,2020,1.2888999999999999,False,2020_segment_2,1.171386,,ok,
Reconstruction_Analysis_Contract_v1.0.1,2020,linear_interpolation,2020-06-19,2020,1.2273000000000001,False,2020_segment_2,1.1495880000000001,,ok,
Reconstruction_Analysis_Contract_v1.0.1,2020,linear_interpolation,2020-06-20,2020,1.1277900000000001,True,2020_segment_2,1.1277900000000001,,ok,
Reconstruction_Analysis_Contract_v1.0.1,2020,linear_interpolation,2020-06-21,2020,1.40737,False,2020_segment_2,1.0922499999999999,,ok,
Reconstruction_Analysis_Contract_v1.0.1,2020,linear_interpolation,2020-06-22,2020,1.05671,True,2020_segment_2,1.05671,,ok,
Reconstruction_Analysis_Contract_v1.0.1,2020,linear_interpolation,2020-06-23,2020,2.0754000000000001,False,2020_segment_2,1.1966633333333334,,ok,
Reconstruction_Analysis_Contract_v1.0.1,2020,linear_interpolation,2020-06-24,2020,1.89493,False,2020_segment_2,1.3366166666666666,,ok,
Reconstruction_Analysis_Contract_v1.0.1,2020,linear_interpolation,2020-06-25,2020,1.4765699999999999,True,2020_segment_2,1.4765699999999999,,ok,
Reconstruction_Analysis_Contract_v1.0.1,2020,linear_interpolation,2020-06-26,2020,2.0179800000000001,False,2020_segment_2,1.513485,,ok,
Reconstruction_Analysis_Contract_v1.0.1,2020,linear_interpolation,2020-06-27,2020,1.5504,True,2020_segment_2,1.5504,,ok,
Reconstruction_Analysis_Contract_v1.0.1,2020,linear_interpolation,2020-06-28,2020,1.57501,False,2020_segment_2,2.0410979999999999,,ok,
Reconstruction_Analysis_Contract_v1.0.1,2020,linear_interpolation,2020-06-29,2020,1.78009,False,2020_segment_2,2.5317959999999999,,ok,
Reconstruction_Analysis_Contract_v1.0.1,2020,linear_interpolation,2020-06-30,2020,3.61755,False,2020_segment_2,3.022494,,ok,
Reconstruction_Analysis_Contract_v1.0.1,2020,linear_interpolation,2020-07-01,2020,3.3892600000000002,False,2020_segment_2,3.5131920000000001,,ok,
Reconstruction_Analysis_Contract_v1.0.1,2020,linear_interpolation,2020-07-02,2020,4.0038900000000002,True,2020_segment_2,4.0038900000000002,,ok,
Reconstruction_Analysis_Contract_v1.0.1,2020,linear_interpolation,2020-07-03,2020,4.9170600000000002,False,2020_segment_2,4.2468079999999997,,ok,
Reconstruction_Analysis_Contract_v1.0.1,2020,linear_interpolation,2020-07-04,2020,5.1102299999999996,False,2020_segment_2,4.4897260000000001,,ok,
Reconstruction_Analysis_Contract_v1.0.1,2020,linear_interpolation,2020-07-05,2020,6.0760800000000001,False,2020_segment_2,4.7326440000000005,,ok,
Reconstruction_Analysis_Contract_v1.0.1,2020,linear_interpolation,2020-07-06,2020,5.3209600000000004,False,2020_segment_2,4.975562,,ok,
Reconstruction_Analysis_Contract_v1.0.1,2020,linear_interpolation,2020-07-07,2020,6.0903900000000002,False,2020_segment_2,5.2184799999999996,,ok,
Reconstruction_Analysis_Contract_v1.0.1,2020,linear_interpolation,2020-07-08,2020,5.4829100000000004,False,2020_segment_2,5.461398,,ok,
Reconstruction_Analysis_Contract_v1.0.1,2020,linear_interpolation,2020-07-09,2020,5.6542500000000002,False,2020_segment_2,5.7043160000000004,,ok,
Reconstruction_Analysis_Contract_v1.0.1,2020,linear_interpolation,2020-07-10,2020,4.45486,False,2020_segment_2,5.9472339999999999,,ok,
Reconstruction_Analysis_Contract_v1.0.1,2020,linear_interpolation,2020-07-11,2020,4.6417799999999998,False,2020_segment_2,6.1901519999999994,,ok,
Reconstruction_Analysis_Contract_v1.0.1,2020,linear_interpolation,2020-07-12,2020,6.4330699999999998,True,2020_segment_2,6.4330699999999998,,ok,
Reconstruction_Analysis_Contract_v1.0.1,2020,linear_interpolation,2020-07-13,2020,4.1900599999999999,False,2020_segment_2,6.3319607692307693,,ok,
Reconstruction_Analysis_Contract_v1.0.1,2020,linear_interpolation,2020-07-14,2020,3.7242000000000002,False,2020_segment_2,6.2308515384615379,,ok,
Reconstruction_Analysis_Contract_v1.0.1,2020,linear_interpolation,2020-07-15,2020,4.6254900000000001,False,2020_segment_2,6.1297423076923074,,ok,
Reconstruction_Analysis_Contract_v1.0.1,2020,linear_interpolation,2020-07-16,2020,4.1153300000000002,False,2020_segment_2,6.0286330769230769,,ok,
Reconstruction_Analysis_Contract_v1.0.1,2020,linear_interpolation,2020-07-17,2020,3.3670800000000001,False,2020_segment_2,5.9275238461538455,,ok,
Reconstruction_Analysis_Contract_v1.0.1,2020,linear_interpolation,2020-07-18,2020,3.38409,False,2020_segment_2,5.826414615384615,,ok,
Reconstruction_Analysis_Contract_v1.0.1,2020,linear_interpolation,2020-07-19,2020,3.8602400000000001,False,2020_segment_2,5.7253053846153845,,ok,
Reconstruction_Analysis_Contract_v1.0.1,2020,linear_interpolation,2020-07-20,2020,3.6901899999999999,False,2020_segment_2,5.6241961538461531,,ok,
Reconstruction_Analysis_Contract_v1.0.1,2020,linear_interpolation,2020-07-21,2020,4.2003500000000003,False,2020_segment_2,5.5230869230769226,,ok,
Reconstruction_Analysis_Contract_v1.0.1,2020,linear_interpolation,2020-07-22,2020,4.0303000000000004,False,2020_segment_2,5.4219776923076921,,ok,
Reconstruction_Analysis_Contract_v1.0.1,2020,linear_interpolation,2020-07-23,2020,4.2513699999999996,False,2020_segment_2,5.3208684615384616,,ok,
Reconstruction_Analysis_Contract_v1.0.1,2020,linear_interpolation,2020-07-24,2020,4.1323299999999996,False,2020_segment_2,5.2197592307692302,,ok,
Reconstruction_Analysis_Contract_v1.0.1,2020,linear_interpolation,2020-07-25,2020,5.1186499999999997,True,2020_segment_2,5.1186499999999997,,ok,
Reconstruction_Analysis_Contract_v1.0.1,2020,linear_interpolation,2020-07-26,2020,5.03362,False,2020_segment_2,5.8215857142857139,,ok,
Reconstruction_Analysis_Contract_v1.0.1,2020,linear_interpolation,2020-07-27,2020,6.0539500000000004,False,2020_segment_2,6.5245214285714281,,ok,
Reconstruction_Analysis_Contract_v1.0.1,2020,linear_interpolation,2020-07-28,2020,7.8764399999999997,False,2020_segment_2,7.2274571428571424,,ok,
Reconstruction_Analysis_Contract_v1.0.1,2020,linear_interpolation,2020-07-29,2020,8.0701199999999993,False,2020_segment_2,7.9303928571428566,,ok,
Reconstruction_Analysis_Contract_v1.0.1,2020,linear_interpolation,2020-07-30,2020,9.5873100000000004,False,2020_segment_2,8.6333285714285708,,ok,
Reconstruction_Analysis_Contract_v1.0.1,2020,linear_interpolation,2020-07-31,2020,9.9101099999999995,False,2020_segment_2,9.3362642857142859,,ok,
Reconstruction_Analysis_Contract_v1.0.1,2020,linear_interpolation,2020-08-01,2020,10.039199999999999,True,2020_segment_2,10.039199999999999,,ok,
Reconstruction_Analysis_Contract_v1.0.1,2020,linear_interpolation,2020-08-02,2020,11.2659,False,2020_segment_2,13.653499999999999,,ok,
Reconstruction_Analysis_Contract_v1.0.1,2020,linear_interpolation,2020-08-03,2020,11.782400000000001,False,2020_segment_2,17.267800000000001,,ok,
Reconstruction_Analysis_Contract_v1.0.1,2020,linear_interpolation,2020-08-04,2020,32.060600000000001,False,2020_segment_2,20.882100000000001,,ok,
Reconstruction_Analysis_Contract_v1.0.1,2020,linear_interpolation,2020-08-05,2020,21.400500000000001,False,2020_segment_2,24.496400000000001,,ok,
Reconstruction_Analysis_Contract_v1.0.1,2020,linear_interpolation,2020-08-06,2020,36.148299999999999,False,2020_segment_2,28.110700000000001,,ok,
Reconstruction_Analysis_Contract_v1.0.1,2020,linear_interpolation,2020-08-07,2020,36.789499999999997,False,2020_segment_2,31.725000000000001,,ok,
Reconstruction_Analysis_Contract_v1.0.1,2020,linear_interpolation,2020-08-08,2020,38.312399999999997,False,2020_segment_2,35.339300000000001,,ok,
Reconstruction_Analysis_Contract_v1.0.1,2020,linear_interpolation,2020-08-09,2020,38.953600000000002,True,2020_segment_2,38.953600000000002,,ok,
Reconstruction_Analysis_Contract_v1.0.1,2020,linear_interpolation,2020-08-10,2020,36.468899999999998,False,2020_segment_2,23.38514,,ok,
Reconstruction_Analysis_Contract_v1.0.1,2020,linear_interpolation,2020-08-11,2020,7.8166799999999999,True,2020_segment_2,7.8166799999999999,,ok,
Reconstruction_Analysis_Contract_v1.0.1,2020,linear_interpolation,2020-08-12,2020,6.2315899999999997,False,2020_segment_2,8.9148533333333333,,ok,
Reconstruction_Analysis_Contract_v1.0.1,2020,linear_interpolation,2020-08-13,2020,6.8842699999999999,False,2020_segment_2,10.013026666666667,,ok,
Reconstruction_Analysis_Contract_v1.0.1,2020,linear_interpolation,2020-08-14,2020,11.1112,True,2020_segment_2,11.1112,,ok,
Reconstruction_Analysis_Contract_v1.0.1,2020,linear_interpolation,2020-08-15,2020,7.7079000000000004,False,2020_segment_2,9.7825100000000003,,ok,
Reconstruction_Analysis_Contract_v1.0.1,2020,linear_interpolation,2020-08-16,2020,8.4538200000000003,True,2020_segment_2,8.4538200000000003,,ok,
Reconstruction_Analysis_Contract_v1.0.1,2020,linear_interpolation,2020-08-17,2020,8.2517999999999994,False,2020_segment_2,7.4602466666666665,,ok,
Reconstruction_Analysis_Contract_v1.0.1,2020,linear_interpolation,2020-08-18,2020,5.8770899999999999,False,2020_segment_2,6.4666733333333335,,ok,
Reconstruction_Analysis_Contract_v1.0.1,2020,linear_interpolation,2020-08-19,2020,5.4730999999999996,True,2020_segment_2,5.4730999999999996,,ok,
Reconstruction_Analysis_Contract_v1.0.1,2020,linear_interpolation,2020-08-20,2020,5.8001399999999999,False,2020_segment_2,5.9877050000000001,,ok,
Reconstruction_Analysis_Contract_v1.0.1,2020,linear_interpolation,2020-08-21,2020,6.5023099999999996,True,2020_segment_2,6.5023099999999996,,ok,
Reconstruction_Analysis_Contract_v1.0.1,2020,linear_interpolation,2020-08-22,2020,7.5988600000000002,False,2020_segment_2,7.5892366666666664,,ok,
Reconstruction_Analysis_Contract_v1.0.1,2020,linear_interpolation,2020-08-23,2020,12.485200000000001,False,2020_segment_2,8.6761633333333332,,ok,
Reconstruction_Analysis_Contract_v1.0.1,2020,linear_interpolation,2020-08-24,2020,9.76309,True,2020_segment_2,9.76309,,ok,
Reconstruction_Analysis_Contract_v1.0.1,2020,linear_interpolation,2020-08-25,2020,8.9546399999999995,False,2020_segment_2,9.4309000000000012,,ok,
Reconstruction_Analysis_Contract_v1.0.1,2020,linear_interpolation,2020-08-26,2020,9.0987100000000005,True,2020_segment_2,9.0987100000000005,,ok,
Reconstruction_Analysis_Contract_v1.0.1,2020,linear_interpolation,2020-08-27,2020,10.1579,False,2020_segment_2,8.9248159999999999,,ok,
Reconstruction_Analysis_Contract_v1.0.1,2020,linear_interpolation,2020-08-28,2020,10.274800000000001,False,2020_segment_2,8.750922000000001,,ok,
Reconstruction_Analysis_Contract_v1.0.1,2020,linear_interpolation,2020-08-29,2020,10.3918,False,2020_segment_2,8.5770280000000003,,ok,
Reconstruction_Analysis_Contract_v1.0.1,2020,linear_interpolation,2020-08-30,2020,15.5265,False,2020_segment_2,8.4031339999999997,,ok,
Reconstruction_Analysis_Contract_v1.0.1,2020,linear_interpolation,2020-08-31,2020,6.5054100000000004,False,2020_segment_2,8.2292400000000008,,ok,
Reconstruction_Analysis_Contract_v1.0.1,2020,linear_interpolation,2020-09-01,2020,9.6933600000000002,False,2020_segment_2,8.0553460000000001,,ok,
Reconstruction_Analysis_Contract_v1.0.1,2020,linear_interpolation,2020-09-02,2020,7.2078800000000003,False,2020_segment_2,7.8814520000000003,,ok,
Reconstruction_Analysis_Contract_v1.0.1,2020,linear_interpolation,2020-09-03,2020,16.542200000000001,False,2020_segment_2,7.7075580000000006,,ok,
Reconstruction_Analysis_Contract_v1.0.1,2020,linear_interpolation,2020-09-04,2020,7.4840499999999999,False,2020_segment_2,7.5336639999999999,,ok,
Reconstruction_Analysis_Contract_v1.0.1,2020,linear_interpolation,2020-09-05,2020,7.3597700000000001,True,2020_segment_2,7.3597700000000001,,ok,
Reconstruction_Analysis_Contract_v1.0.1,2020,linear_interpolation,2020-09-06,2020,16.5975,False,2020_segment_2,10.444096,,ok,
Reconstruction_Analysis_Contract_v1.0.1,2020,linear_interpolation,2020-09-07,2020,13.0488,False,2020_segment_2,13.528421999999999,,ok,
Reconstruction_Analysis_Contract_v1.0.1,2020,linear_interpolation,2020-09-08,2020,9.6297300000000003,False,2020_segment_2,16.612748,,ok,
Reconstruction_Analysis_Contract_v1.0.1,2020,linear_interpolation,2020-09-09,2020,42.731900000000003,False,2020_segment_2,19.697074000000001,,ok,
Reconstruction_Analysis_Contract_v1.0.1,2020,linear_interpolation,2020-09-10,2020,22.781400000000001,True,2020_segment_2,22.781400000000001,,ok,
Reconstruction_Analysis_Contract_v1.0.1,2020,linear_interpolation,2020-09-11,2020,35.732500000000002,False,2020_segment_2,25.396900000000002,,ok,
Reconstruction_Analysis_Contract_v1.0.1,2020,linear_interpolation,2020-09-12,2020,28.8446,False,2020_segment_2,28.0124,,ok,
Reconstruction_Analysis_Contract_v1.0.1,2020,linear_interpolation,2020-09-13,2020,30.6279,True,2020_segment_2,30.6279,,ok,
Reconstruction_Analysis_Contract_v1.0.1,2020,linear_interpolation,2020-09-14,2020,19.348600000000001,False,2020_segment_2,26.515619999999998,,ok,
Reconstruction_Analysis_Contract_v1.0.1,2020,linear_interpolation,2020-09-15,2020,8.5735299999999999,False,2020_segment_2,22.40334,,ok,
Reconstruction_Analysis_Contract_v1.0.1,2020,linear_interpolation,2020-09-16,2020,11.9734,False,2020_segment_2,18.291060000000002,,ok,
Reconstruction_Analysis_Contract_v1.0.1,2020,linear_interpolation,2020-09-17,2020,6.9770799999999999,False,2020_segment_2,14.17878,,ok,
Reconstruction_Analysis_Contract_v1.0.1,2020,linear_interpolation,2020-09-18,2020,10.0665,True,2020_segment_2,10.0665,,ok,
Reconstruction_Analysis_Contract_v1.0.1,2020,linear_interpolation,2020-09-19,2020,13.229900000000001,False,2020_segment_2,9.0303579999999997,,ok,
Reconstruction_Analysis_Contract_v1.0.1,2020,linear_interpolation,2020-09-20,2020,16.319299999999998,False,2020_segment_2,7.9942159999999998,,ok,
Reconstruction_Analysis_Contract_v1.0.1,2020,linear_interpolation,2020-09-21,2020,3.9172199999999999,False,2020_segment_2,6.9580739999999999,,ok,
Reconstruction_Analysis_Contract_v1.0.1,2020,linear_interpolation,2020-09-22,2020,6.07538,False,2020_segment_2,5.921932,,ok,
Reconstruction_Analysis_Contract_v1.0.1,2020,linear_interpolation,2020-09-23,2020,4.8857900000000001,True,2020_segment_2,4.8857900000000001,,ok,
Reconstruction_Analysis_Contract_v1.0.1,2020,linear_interpolation,2020-09-24,2020,4.2777799999999999,False,2020_segment_2,4.7889613636363642,,ok,
Reconstruction_Analysis_Contract_v1.0.1,2020,linear_interpolation,2020-09-25,2020,4.4297800000000001,False,2020_segment_2,4.6921327272727273,,ok,
Reconstruction_Analysis_Contract_v1.0.1,2020,linear_interpolation,2020-09-26,2020,3.89777,False,2020_segment_2,4.5953040909090905,,ok,
Reconstruction_Analysis_Contract_v1.0.1,2020,linear_interpolation,2020-09-27,2020,3.0291899999999998,False,2020_segment_2,4.4984754545454546,,ok,
Reconstruction_Analysis_Contract_v1.0.1,2020,linear_interpolation,2020-09-28,2020,3.0291899999999998,False,2020_segment_2,4.4016468181818187,,ok,
Reconstruction_Analysis_Contract_v1.0.1,2020,linear_interpolation,2020-09-29,2020,2.4731999999999998,False,2020_segment_2,4.3048181818181819,,ok,
Reconstruction_Analysis_Contract_v1.0.1,2020,linear_interpolation,2020-09-30,2020,3.31847,False,2020_segment_2,4.2079895454545451,,ok,
Reconstruction_Analysis_Contract_v1.0.1,2020,linear_interpolation,2020-10-01,2020,3.5793599999999999,False,2020_segment_2,4.1111609090909091,,ok,
Reconstruction_Analysis_Contract_v1.0.1,2020,linear_interpolation,2020-10-02,2020,3.0367099999999998,False,2020_segment_2,4.0143322727272732,,ok,
Reconstruction_Analysis_Contract_v1.0.1,2020,linear_interpolation,2020-10-03,2020,2.5358100000000001,False,2020_segment_2,3.9175036363636364,,ok,
Reconstruction_Analysis_Contract_v1.0.1,2020,linear_interpolation,2020-10-04,2020,2.6714699999999998,False,2020_segment_2,3.820675,,ok,
Reconstruction_Analysis_Contract_v1.0.1,2020,linear_interpolation,2020-10-05,2020,2.6297299999999999,False,2020_segment_2,3.7238463636363637,,ok,
Reconstruction_Analysis_Contract_v1.0.1,2020,linear_interpolation,2020-10-06,2020,2.76539,False,2020_segment_2,3.6270177272727273,,ok,
Reconstruction_Analysis_Contract_v1.0.1,2020,linear_interpolation,2020-10-07,2020,2.5149400000000002,False,2020_segment_2,3.5301890909090909,,ok,
Reconstruction_Analysis_Contract_v1.0.1,2020,linear_interpolation,2020-10-08,2020,2.8801800000000002,False,2020_segment_2,3.4333604545454546,,ok,
Reconstruction_Analysis_Contract_v1.0.1,2020,linear_interpolation,2020-10-09,2020,2.9114900000000001,False,2020_segment_2,3.3365318181818182,,ok,
Reconstruction_Analysis_Contract_v1.0.1,2020,linear_interpolation,2020-10-10,2020,2.8697499999999998,False,2020_segment_2,3.2397031818181818,,ok,
Reconstruction_Analysis_Contract_v1.0.1,2020,linear_interpolation,2020-10-11,2020,2.76539,False,2020_segment_2,3.1428745454545455,,ok,
Reconstruction_Analysis_Contract_v1.0.1,2020,linear_interpolation,2020-10-12,2020,3.0680200000000002,False,2020_segment_2,3.0460459090909091,,ok,
Reconstruction_Analysis_Contract_v1.0.1,2020,linear_interpolation,2020-10-13,2020,2.4195199999999999,False,2020_segment_2,2.9492172727272727,,ok,
Reconstruction_Analysis_Contract_v1.0.1,2020,linear_interpolation,2020-10-14,2020,2.5827399999999998,False,2020_segment_2,2.8523886363636364,,ok,
Reconstruction_Analysis_Contract_v1.0.1,2020,linear_interpolation,2020-10-15,2020,2.75556,True,2020_segment_2,2.75556,,ok,
Reconstruction_Analysis_Contract_v1.0.1,2020,linear_interpolation,2020-10-16,2020,3.0051899999999998,False,2020_segment_2,2.671592,,ok,
Reconstruction_Analysis_Contract_v1.0.1,2020,linear_interpolation,2020-10-17,2020,3.2260200000000001,False,2020_segment_2,2.5876239999999999,,ok,
Reconstruction_Analysis_Contract_v1.0.1,2020,linear_interpolation,2020-10-18,2020,2.57314,False,2020_segment_2,2.5036559999999999,,ok,
Reconstruction_Analysis_Contract_v1.0.1,2020,linear_interpolation,2020-10-19,2020,2.5635300000000001,False,2020_segment_2,2.4196879999999998,,ok,
Reconstruction_Analysis_Contract_v1.0.1,2020,linear_interpolation,2020-10-20,2020,2.88998,False,2020_segment_2,2.3357199999999998,,ok,
Reconstruction_Analysis_Contract_v1.0.1,2020,linear_interpolation,2020-10-21,2020,3.6964800000000002,False,2020_segment_2,2.2517520000000002,,ok,
Reconstruction_Analysis_Contract_v1.0.1,2020,linear_interpolation,2020-10-22,2020,3.7540900000000001,False,2020_segment_2,2.1677840000000002,,ok,
Reconstruction_Analysis_Contract_v1.0.1,2020,linear_interpolation,2020-10-23,2020,2.8035600000000001,False,2020_segment_2,2.0838160000000001,,ok,
Reconstruction_Analysis_Contract_v1.0.1,2020,linear_interpolation,2020-10-24,2020,3.2452200000000002,False,2020_segment_2,1.9998480000000001,,ok,
Reconstruction_Analysis_Contract_v1.0.1,2020,linear_interpolation,2020-10-25,2020,3.0628000000000002,False,2020_segment_2,1.91588,,ok,
Reconstruction_Analysis_Contract_v1.0.1,2020,linear_interpolation,2020-10-26,2020,2.0608200000000001,False,2020_segment_2,1.831912,,ok,
Reconstruction_Analysis_Contract_v1.0.1,2020,linear_interpolation,2020-10-27,2020,1.32568,False,2020_segment_2,1.7479439999999999,,ok,
Reconstruction_Analysis_Contract_v1.0.1,2020,linear_interpolation,2020-10-28,2020,1.2944899999999999,False,2020_segment_2,1.6639759999999999,,ok,
Reconstruction_Analysis_Contract_v1.0.1,2020,linear_interpolation,2020-10-29,2020,1.2633099999999999,False,2020_segment_2,1.5800080000000001,,ok,
Reconstruction_Analysis_Contract_v1.0.1,2020,linear_interpolation,2020-10-30,2020,1.2321200000000001,False,2020_segment_2,1.49604,,ok,
Reconstruction_Analysis_Contract_v1.0.1,2020,linear_interpolation,2020-10-31,2020,1.2009399999999999,False,2020_segment_2,1.412072,,ok,
Reconstruction_Analysis_Contract_v1.0.1,2020,linear_interpolation,2020-11-01,2020,1.9818100000000001,False,2020_segment_2,1.328104,,ok,
Reconstruction_Analysis_Contract_v1.0.1,2020,linear_interpolation,2020-11-02,2020,1.86988,False,2020_segment_2,1.2441359999999999,,ok,
Reconstruction_Analysis_Contract_v1.0.1,2020,linear_interpolation,2020-11-03,2020,1.5736000000000001,False,2020_segment_2,1.1601680000000001,,ok,
Reconstruction_Analysis_Contract_v1.0.1,2020,linear_interpolation,2020-11-04,2020,1.0762,True,2020_segment_2,1.0762,,ok,
Reconstruction_Analysis_Contract_v1.0.1,2020,linear_interpolation,2020-11-05,2020,1.04501,False,2020_segment_2,1.0450148000000001,,ok,
Reconstruction_Analysis_Contract_v1.0.1,2020,linear_interpolation,2020-11-06,2020,1.01383,False,2020_segment_2,1.0138296,,ok,
Reconstruction_Analysis_Contract_v1.0.1,2020,linear_interpolation,2020-11-07,2020,0.98264399999999996,False,2020_segment_2,0.98264440000000008,,ok,
Reconstruction_Analysis_Contract_v1.0.1,2020,linear_interpolation,2020-11-08,2020,0.95145900000000005,False,2020_segment_2,0.95145920000000006,,ok,
Reconstruction_Analysis_Contract_v1.0.1,2020,linear_interpolation,2020-11-09,2020,0.92027400000000004,True,2020_segment_2,0.92027400000000004,,ok,
Reconstruction_Analysis_Contract_v1.0.1,2020,linear_interpolation,2020-11-10,2020,1.35036,False,2020_segment_2,1.0133298461538462,,ok,
Reconstruction_Analysis_Contract_v1.0.1,2020,linear_interpolation,2020-11-11,2020,1.3564400000000001,False,2020_segment_2,1.1063856923076922,,ok,
Reconstruction_Analysis_Contract_v1.0.1,2020,linear_interpolation,2020-11-12,2020,2.8500000000000001,False,2020_segment_2,1.1994415384615384,,ok,
Reconstruction_Analysis_Contract_v1.0.1,2020,linear_interpolation,2020-11-13,2020,2.96,False,2020_segment_2,1.2924973846153847,,ok,
Reconstruction_Analysis_Contract_v1.0.1,2020,linear_interpolation,2020-11-14,2020,2.4500000000000002,False,2020_segment_2,1.3855532307692306,,ok,
Reconstruction_Analysis_Contract_v1.0.1,2020,linear_interpolation,2020-11-15,2020,2.46,False,2020_segment_2,1.4786090769230769,,ok,
Reconstruction_Analysis_Contract_v1.0.1,2020,linear_interpolation,2020-11-16,2020,2.29,False,2020_segment_2,1.5716649230769231,,ok,
Reconstruction_Analysis_Contract_v1.0.1,2020,linear_interpolation,2020-11-17,2020,2.4100000000000001,False,2020_segment_2,1.6647207692307693,,ok,
Reconstruction_Analysis_Contract_v1.0.1,2020,linear_interpolation,2020-11-18,2020,2.0899999999999999,False,2020_segment_2,1.7577766153846153,,ok,
Reconstruction_Analysis_Contract_v1.0.1,2020,linear_interpolation,2020-11-19,2020,2.1400000000000001,False,2020_segment_2,1.8508324615384615,,ok,
Reconstruction_Analysis_Contract_v1.0.1,2020,linear_interpolation,2020-11-20,2020,2.2400000000000002,False,2020_segment_2,1.9438883076923077,,ok,
Reconstruction_Analysis_Contract_v1.0.1,2020,linear_interpolation,2020-11-21,2020,2.3500000000000001,False,2020_segment_2,2.0369441538461537,,ok,
Reconstruction_Analysis_Contract_v1.0.1,2020,linear_interpolation,2020-11-22,2020,2.1299999999999999,True,2020_segment_2,2.1299999999999999,,ok,
Reconstruction_Analysis_Contract_v1.0.1,2020,timesat_double_logistic,2020-01-19,2020,1.17279,True,2020_segment_1,0.74403810501098633,,ok,
Reconstruction_Analysis_Contract_v1.0.1,2020,timesat_double_logistic,2020-01-20,2020,1.1798999999999999,False,2020_segment_1,0.74741655588150024,,ok,
Reconstruction_Analysis_Contract_v1.0.1,2020,timesat_double_logistic,2020-01-21,2020,1.1870099999999999,False,2020_segment_1,0.7511628270149231,,ok,
Reconstruction_Analysis_Contract_v1.0.1,2020,timesat_double_logistic,2020-01-22,2020,1.1941200000000001,False,2020_segment_1,0.75531619787216187,,ok,
Reconstruction_Analysis_Contract_v1.0.1,2020,timesat_double_logistic,2020-01-23,2020,1.20123,False,2020_segment_1,0.75992006063461304,,ok,
Reconstruction_Analysis_Contract_v1.0.1,2020,timesat_double_logistic,2020-01-24,2020,1.20834,True,2020_segment_1,0.76502269506454468,,ok,
Reconstruction_Analysis_Contract_v1.0.1,2020,timesat_double_logistic,2020-01-25,2020,1.2154499999999999,False,2020_segment_1,0.77067726850509644,,ok,
Reconstruction_Analysis_Contract_v1.0.1,2020,timesat_double_logistic,2020-01-26,2020,1.2225600000000001,False,2020_segment_1,0.77694272994995117,,ok,
Reconstruction_Analysis_Contract_v1.0.1,2020,timesat_double_logistic,2020-01-27,2020,1.22967,False,2020_segment_1,0.78388428688049316,,ok,
Reconstruction_Analysis_Contract_v1.0.1,2020,timesat_double_logistic,2020-01-28,2020,1.23678,False,2020_segment_1,0.79157406091690063,,ok,
Reconstruction_Analysis_Contract_v1.0.1,2020,timesat_double_logistic,2020-01-29,2020,1.3253200000000001,False,2020_segment_1,0.80009162425994873,,ok,
Reconstruction_Analysis_Contract_v1.0.1,2020,timesat_double_logistic,2020-01-30,2020,1.4138599999999999,False,2020_segment_1,0.80952513217926025,,ok,
Reconstruction_Analysis_Contract_v1.0.1,2020,timesat_double_logistic,2020-01-31,2020,2.2000000000000002,False,2020_segment_1,0.81997174024581909,,ok,
Reconstruction_Analysis_Contract_v1.0.1,2020,timesat_double_logistic,2020-02-01,2020,2.3599999999999999,False,2020_segment_1,0.83153879642486572,,ok,
Reconstruction_Analysis_Contract_v1.0.1,2020,timesat_double_logistic,2020-02-02,2020,1.76,False,2020_segment_1,0.84434473514556885,,ok,
Reconstruction_Analysis_Contract_v1.0.1,2020,timesat_double_logistic,2020-02-03,2020,1.98,True,2020_segment_1,0.85852015018463135,,ok,
Reconstruction_Analysis_Contract_v1.0.1,2020,timesat_double_logistic,2020-02-04,2020,2.48,False,2020_segment_1,0.87420916557312012,,ok,
Reconstruction_Analysis_Contract_v1.0.1,2020,timesat_double_logistic,2020-02-05,2020,2.54,False,2020_segment_1,0.89157027006149292,,ok,
Reconstruction_Analysis_Contract_v1.0.1,2020,timesat_double_logistic,2020-02-06,2020,2.5800000000000001,True,2020_segment_1,0.91077810525894165,,ok,
Reconstruction_Analysis_Contract_v1.0.1,2020,timesat_double_logistic,2020-02-07,2020,2.1099999999999999,False,2020_segment_1,0.93202483654022217,,ok,
Reconstruction_Analysis_Contract_v1.0.1,2020,timesat_double_logistic,2020-02-08,2020,2.3599999999999999,False,2020_segment_1,0.95552152395248413,,ok,
Reconstruction_Analysis_Contract_v1.0.1,2020,timesat_double_logistic,2020-02-09,2020,2.54,False,2020_segment_1,0.98150002956390381,,ok,
Reconstruction_Analysis_Contract_v1.0.1,2020,timesat_double_logistic,2020-02-10,2020,2.29,False,2020_segment_1,1.0102145671844482,,ok,
Reconstruction_Analysis_Contract_v1.0.1,2020,timesat_double_logistic,2020-02-11,2020,2.3999999999999999,True,2020_segment_1,1.0419436693191528,,ok,
Reconstruction_Analysis_Contract_v1.0.1,2020,timesat_double_logistic,2020-02-12,2020,2.5649099999999998,False,2020_segment_1,1.0769922733306885,,ok,
Reconstruction_Analysis_Contract_v1.0.1,2020,timesat_double_logistic,2020-02-13,2020,2.5649099999999998,True,2020_segment_1,1.1156934499740601,,ok,
Reconstruction_Analysis_Contract_v1.0.1,2020,timesat_double_logistic,2020-02-14,2020,2.6272199999999999,False,2020_segment_1,1.1584104299545288,,ok,
Reconstruction_Analysis_Contract_v1.0.1,2020,timesat_double_logistic,2020-02-15,2020,4.0602400000000003,False,2020_segment_1,1.2055389881134033,,ok,
Reconstruction_Analysis_Contract_v1.0.1,2020,timesat_double_logistic,2020-02-16,2020,3.1671999999999998,False,2020_segment_1,1.2575089931488037,,ok,
Reconstruction_Analysis_Contract_v1.0.1,2020,timesat_double_logistic,2020-02-17,2020,2.6064500000000002,False,2020_segment_1,1.3147865533828735,,ok,
Reconstruction_Analysis_Contract_v1.0.1,2020,timesat_double_logistic,2020-02-18,2020,2.7102900000000001,False,2020_segment_1,1.3778760433197021,,ok,
Reconstruction_Analysis_Contract_v1.0.1,2020,timesat_double_logistic,2020-02-19,2020,2.8764400000000001,False,2020_segment_1,1.4473212957382202,,ok,
Reconstruction_Analysis_Contract_v1.0.1,2020,timesat_double_logistic,2020-02-20,2020,3.3896700000000002,False,2020_segment_1,1.5237070322036743,,ok,
Reconstruction_Analysis_Contract_v1.0.1,2020,timesat_double_logistic,2020-02-21,2020,3.3427500000000001,True,2020_segment_1,1.6076596975326538,,ok,
Reconstruction_Analysis_Contract_v1.0.1,2020,timesat_double_logistic,2020-02-22,2020,3.17855,False,2020_segment_1,1.6998476982116699,,ok,
Reconstruction_Analysis_Contract_v1.0.1,2020,timesat_double_logistic,2020-02-23,2020,3.4131300000000002,True,2020_segment_1,1.8009810447692871,,ok,
Reconstruction_Analysis_Contract_v1.0.1,2020,timesat_double_logistic,2020-02-24,2020,3.4483100000000002,False,2020_segment_1,1.9118099212646484,,ok,
Reconstruction_Analysis_Contract_v1.0.1,2020,timesat_double_logistic,2020-02-25,2020,3.1127400000000001,False,2020_segment_1,2.0331227779388428,,ok,
Reconstruction_Analysis_Contract_v1.0.1,2020,timesat_double_logistic,2020-02-26,2020,2.4901900000000001,True,2020_segment_1,2.1657416820526123,,ok,
Reconstruction_Analysis_Contract_v1.0.1,2020,timesat_double_logistic,2020-02-27,2020,2.4818899999999999,False,2020_segment_1,2.3105182647705078,,ok,
Reconstruction_Analysis_Contract_v1.0.1,2020,timesat_double_logistic,2020-02-28,2020,2.97993,True,2020_segment_1,2.4683258533477783,,ok,
Reconstruction_Analysis_Contract_v1.0.1,2020,timesat_double_logistic,2020-02-29,2020,3.2538499999999999,False,2020_segment_1,2.6400511264801025,,ok,
Reconstruction_Analysis_Contract_v1.0.1,2020,timesat_double_logistic,2020-03-01,2020,3.2289500000000002,False,2020_segment_1,2.826582670211792,,ok,
Reconstruction_Analysis_Contract_v1.0.1,2020,timesat_double_logistic,2020-03-02,2020,3.1874500000000001,False,2020_segment_1,3.028796911239624,,ok,
Reconstruction_Analysis_Contract_v1.0.1,2020,timesat_double_logistic,2020-03-03,2020,5.0450400000000002,False,2020_segment_1,3.2475426197052002,,ok,
Reconstruction_Analysis_Contract_v1.0.1,2020,timesat_double_logistic,2020-03-04,2020,4.21861,False,2020_segment_1,3.4836211204528809,,ok,
Reconstruction_Analysis_Contract_v1.0.1,2020,timesat_double_logistic,2020-03-05,2020,3.9495499999999999,False,2020_segment_1,3.7377650737762451,,ok,
Reconstruction_Analysis_Contract_v1.0.1,2020,timesat_double_logistic,2020-03-06,2020,3.9303300000000001,False,2020_segment_1,4.0106143951416016,,ok,
Reconstruction_Analysis_Contract_v1.0.1,2020,timesat_double_logistic,2020-03-07,2020,13.7417,False,2020_segment_1,4.3026890754699707,,ok,
Reconstruction_Analysis_Contract_v1.0.1,2020,timesat_double_logistic,2020-03-08,2020,7.1207099999999999,False,2020_segment_1,4.6143622398376465,,ok,
Reconstruction_Analysis_Contract_v1.0.1,2020,timesat_double_logistic,2020-03-09,2020,5.2084000000000001,False,2020_segment_1,4.945828914642334,,ok,
Reconstruction_Analysis_Contract_v1.0.1,2020,timesat_double_logistic,2020-03-10,2020,5.4504900000000003,False,2020_segment_1,5.2970776557922363,,ok,
Reconstruction_Analysis_Contract_v1.0.1,2020,timesat_double_logistic,2020-03-11,2020,4.7472000000000003,False,2020_segment_1,5.6678619384765625,,ok,
Reconstruction_Analysis_Contract_v1.0.1,2020,timesat_double_logistic,2020-03-12,2020,5.7405999999999997,False,2020_segment_1,6.0576748847961426,,ok,
Reconstruction_Analysis_Contract_v1.0.1,2020,timesat_double_logistic,2020-03-13,2020,6.9361899999999999,False,2020_segment_1,6.4657225608825684,,ok,
Reconstruction_Analysis_Contract_v1.0.1,2020,timesat_double_logistic,2020-03-14,2020,5.4329099999999997,True,2020_segment_1,6.8909120559692383,,ok,
Reconstruction_Analysis_Contract_v1.0.1,2020,timesat_double_logistic,2020-03-15,2020,10.944900000000001,False,2020_segment_1,7.3318362236022949,,ok,
Reconstruction_Analysis_Contract_v1.0.1,2020,timesat_double_logistic,2020-03-16,2020,5.8285099999999996,False,2020_segment_1,7.7867722511291504,,ok,
Reconstruction_Analysis_Contract_v1.0.1,2020,timesat_double_logistic,2020-03-17,2020,6.4241999999999999,False,2020_segment_1,8.2536888122558594,,ok,
Reconstruction_Analysis_Contract_v1.0.1,2020,timesat_double_logistic,2020-03-18,2020,6.8181700000000003,False,2020_segment_1,8.730259895324707,,ok,
Reconstruction_Analysis_Contract_v1.0.1,2020,timesat_double_logistic,2020-03-19,2020,6.4644000000000004,True,2020_segment_1,9.2138900756835938,,ok,
Reconstruction_Analysis_Contract_v1.0.1,2020,timesat_double_logistic,2020-03-20,2020,7.0674200000000003,False,2020_segment_1,9.701751708984375,,ok,
Reconstruction_Analysis_Contract_v1.0.1,2020,timesat_double_logistic,2020-03-21,2020,8.4985999999999997,False,2020_segment_1,10.190824508666992,,ok,
Reconstruction_Analysis_Contract_v1.0.1,2020,timesat_double_logistic,2020-03-22,2020,8.11266,True,2020_segment_1,10.677947044372559,,ok,
Reconstruction_Analysis_Contract_v1.0.1,2020,timesat_double_logistic,2020-03-23,2020,6.6895300000000004,False,2020_segment_1,11.159870147705078,,ok,
Reconstruction_Analysis_Contract_v1.0.1,2020,timesat_double_logistic,2020-03-24,2020,9.1732499999999995,False,2020_segment_1,11.633312225341797,,ok,
Reconstruction_Analysis_Contract_v1.0.1,2020,timesat_double_logistic,2020-03-25,2020,8.9118099999999991,False,2020_segment_1,12.095016479492188,,ok,
Reconstruction_Analysis_Contract_v1.0.1,2020,timesat_double_logistic,2020-03-26,2020,9.5710999999999995,False,2020_segment_1,12.541803359985352,,ok,
Reconstruction_Analysis_Contract_v1.0.1,2020,timesat_double_logistic,2020-03-27,2020,10.486800000000001,False,2020_segment_1,12.970615386962891,,ok,
Reconstruction_Analysis_Contract_v1.0.1,2020,timesat_double_logistic,2020-03-28,2020,2.5510999999999999,False,2020_segment_1,13.378559112548828,,ok,
Reconstruction_Analysis_Contract_v1.0.1,2020,timesat_double_logistic,2020-03-29,2020,2.72316,True,2020_segment_1,13.762940406799316,,ok,
Reconstruction_Analysis_Contract_v1.0.1,2020,timesat_double_logistic,2020-03-30,2020,12.8523,False,2020_segment_1,14.121280670166016,,ok,
Reconstruction_Analysis_Contract_v1.0.1,2020,timesat_double_logistic,2020-03-31,2020,12.5707,False,2020_segment_1,14.451337814331055,,ok,
Reconstruction_Analysis_Contract_v1.0.1,2020,timesat_double_logistic,2020-04-01,2020,16.3386,True,2020_segment_1,14.751106262207031,,ok,
Reconstruction_Analysis_Contract_v1.0.1,2020,timesat_double_logistic,2020-04-02,2020,14.821,False,2020_segment_1,15.018819808959961,,ok,
Reconstruction_Analysis_Contract_v1.0.1,2020,timesat_double_logistic,2020-04-03,2020,15.624000000000001,True,2020_segment_1,15.252939224243164,,ok,
Reconstruction_Analysis_Contract_v1.0.1,2020,timesat_double_logistic,2020-04-04,2020,17.093299999999999,False,2020_segment_1,15.452144622802734,,ok,
Reconstruction_Analysis_Contract_v1.0.1,2020,timesat_double_logistic,2020-04-11,2020,30.654699999999998,True,2020_segment_2,15.797514915466309,,ok,
Reconstruction_Analysis_Contract_v1.0.1,2020,timesat_double_logistic,2020-04-12,2020,26.585999999999999,False,2020_segment_2,15.691813468933105,,ok,
Reconstruction_Analysis_Contract_v1.0.1,2020,timesat_double_logistic,2020-04-13,2020,23.674299999999999,False,2020_segment_2,15.547310829162598,,ok,
Reconstruction_Analysis_Contract_v1.0.1,2020,timesat_double_logistic,2020-04-14,2020,23.1463,False,2020_segment_2,15.364462852478027,,ok,
Reconstruction_Analysis_Contract_v1.0.1,2020,timesat_double_logistic,2020-04-15,2020,12.2692,False,2020_segment_2,15.143960952758789,,ok,
Reconstruction_Analysis_Contract_v1.0.1,2020,timesat_double_logistic,2020-04-16,2020,12.445499999999999,True,2020_segment_2,14.886754989624023,,ok,
Reconstruction_Analysis_Contract_v1.0.1,2020,timesat_double_logistic,2020-04-17,2020,22.0824,False,2020_segment_2,14.594075202941895,,ok,
Reconstruction_Analysis_Contract_v1.0.1,2020,timesat_double_logistic,2020-04-18,2020,22.152100000000001,True,2020_segment_2,14.267461776733398,,ok,
Reconstruction_Analysis_Contract_v1.0.1,2020,timesat_double_logistic,2020-04-19,2020,21.343800000000002,False,2020_segment_2,13.908777236938477,,ok,
Reconstruction_Analysis_Contract_v1.0.1,2020,timesat_double_logistic,2020-04-20,2020,19.720199999999998,False,2020_segment_2,13.520220756530762,,ok,
Reconstruction_Analysis_Contract_v1.0.1,2020,timesat_double_logistic,2020-04-21,2020,8.3686199999999999,True,2020_segment_2,13.104324340820312,,ok,
Reconstruction_Analysis_Contract_v1.0.1,2020,timesat_double_logistic,2020-04-22,2020,6.7309299999999999,False,2020_segment_2,12.663944244384766,,ok,
Reconstruction_Analysis_Contract_v1.0.1,2020,timesat_double_logistic,2020-04-23,2020,6.1324800000000002,True,2020_segment_2,12.202235221862793,,ok,
Reconstruction_Analysis_Contract_v1.0.1,2020,timesat_double_logistic,2020-04-24,2020,6.0649199999999999,False,2020_segment_2,11.722611427307129,,ok,
Reconstruction_Analysis_Contract_v1.0.1,2020,timesat_double_logistic,2020-04-25,2020,7.2682500000000001,False,2020_segment_2,11.228695869445801,,ok,
Reconstruction_Analysis_Contract_v1.0.1,2020,timesat_double_logistic,2020-04-26,2020,5.0707199999999997,False,2020_segment_2,10.724257469177246,,ok,
Reconstruction_Analysis_Contract_v1.0.1,2020,timesat_double_logistic,2020-04-27,2020,6.2225700000000002,False,2020_segment_2,10.213141441345215,,ok,
Reconstruction_Analysis_Contract_v1.0.1,2020,timesat_double_logistic,2020-04-28,2020,7.2030599999999998,False,2020_segment_2,9.6991901397705078,,ok,
Reconstruction_Analysis_Contract_v1.0.1,2020,timesat_double_logistic,2020-04-29,2020,5.2489699999999999,False,2020_segment_2,9.1861658096313477,,ok,
Reconstruction_Analysis_Contract_v1.0.1,2020,timesat_double_logistic,2020-04-30,2020,9.2501999999999995,False,2020_segment_2,8.6776771545410156,,ok,
Reconstruction_Analysis_Contract_v1.0.1,2020,timesat_double_logistic,2020-05-01,2020,7.4314600000000004,False,2020_segment_2,8.1771039962768555,,ok,
Reconstruction_Analysis_Contract_v1.0.1,2020,timesat_double_logistic,2020-05-02,2020,7.3299500000000002,False,2020_segment_2,7.6875414848327637,,ok,
Reconstruction_Analysis_Contract_v1.0.1,2020,timesat_double_logistic,2020-05-03,2020,6.8477699999999997,False,2020_segment_2,7.2117495536804199,,ok,
Reconstruction_Analysis_Contract_v1.0.1,2020,timesat_double_logistic,2020-05-04,2020,5.6000300000000003,False,2020_segment_2,6.7521185874938965,,ok,
Reconstruction_Analysis_Contract_v1.0.1,2020,timesat_double_logistic,2020-05-05,2020,5.3416800000000002,False,2020_segment_2,6.3106470108032227,,ok,
Reconstruction_Analysis_Contract_v1.0.1,2020,timesat_double_logistic,2020-05-06,2020,5.1841900000000001,False,2020_segment_2,5.8889379501342773,,ok,
Reconstruction_Analysis_Contract_v1.0.1,2020,timesat_double_logistic,2020-05-07,2020,5.6347899999999997,False,2020_segment_2,5.4882011413574219,,ok,
Reconstruction_Analysis_Contract_v1.0.1,2020,timesat_double_logistic,2020-05-08,2020,4.8167,True,2020_segment_2,5.1092743873596191,,ok,
Reconstruction_Analysis_Contract_v1.0.1,2020,timesat_double_logistic,2020-05-09,2020,5.6260399999999997,False,2020_segment_2,4.7526450157165527,,ok,
Reconstruction_Analysis_Contract_v1.0.1,2020,timesat_double_logistic,2020-05-10,2020,5.34605,False,2020_segment_2,4.4184865951538086,,ok,
Reconstruction_Analysis_Contract_v1.0.1,2020,timesat_double_logistic,2020-05-11,2020,4.5892099999999996,False,2020_segment_2,4.106694221496582,,ok,
Reconstruction_Analysis_Contract_v1.0.1,2020,timesat_double_logistic,2020-05-12,2020,4.2656000000000001,False,2020_segment_2,3.8169257640838623,,ok,
Reconstruction_Analysis_Contract_v1.0.1,2020,timesat_double_logistic,2020-05-13,2020,4.3386199999999997,False,2020_segment_2,3.5486390590667725,,ok,
Reconstruction_Analysis_Contract_v1.0.1,2020,timesat_double_logistic,2020-05-14,2020,3.9434200000000001,False,2020_segment_2,3.3011338710784912,,ok,
Reconstruction_Analysis_Contract_v1.0.1,2020,timesat_double_logistic,2020-05-15,2020,4.3429200000000003,False,2020_segment_2,3.0735862255096436,,ok,
Reconstruction_Analysis_Contract_v1.0.1,2020,timesat_double_logistic,2020-05-16,2020,3.70716,False,2020_segment_2,2.8650839328765869,,ok,
Reconstruction_Analysis_Contract_v1.0.1,2020,timesat_double_logistic,2020-05-17,2020,3.2561100000000001,False,2020_segment_2,2.6746549606323242,,ok,
Reconstruction_Analysis_Contract_v1.0.1,2020,timesat_double_logistic,2020-05-18,2020,3.31196,False,2020_segment_2,2.5012948513031006,,ok,
Reconstruction_Analysis_Contract_v1.0.1,2020,timesat_double_logistic,2020-05-19,2020,2.00678,False,2020_segment_2,2.3439881801605225,,ok,
Reconstruction_Analysis_Contract_v1.0.1,2020,timesat_double_logistic,2020-05-20,2020,1.9044300000000001,False,2020_segment_2,2.2017273902893066,,ok,
Reconstruction_Analysis_Contract_v1.0.1,2020,timesat_double_logistic,2020-05-21,2020,2.00678,True,2020_segment_2,2.073528528213501,,ok,
Reconstruction_Analysis_Contract_v1.0.1,2020,timesat_double_logistic,2020-05-22,2020,1.4255800000000001,False,2020_segment_2,1.9584418535232544,,ok,
Reconstruction_Analysis_Contract_v1.0.1,2020,timesat_double_logistic,2020-05-23,2020,1.28302,False,2020_segment_2,1.8555620908737183,,ok,
Reconstruction_Analysis_Contract_v1.0.1,2020,timesat_double_logistic,2020-05-24,2020,1.21722,False,2020_segment_2,1.7640349864959717,,ok,
Reconstruction_Analysis_Contract_v1.0.1,2020,timesat_double_logistic,2020-05-25,2020,0.96500699999999995,False,2020_segment_2,1.6830614805221558,,ok,
Reconstruction_Analysis_Contract_v1.0.1,2020,timesat_double_logistic,2020-05-26,2020,0.97672499999999995,True,2020_segment_2,1.6119014024734497,,ok,
Reconstruction_Analysis_Contract_v1.0.1,2020,timesat_double_logistic,2020-05-27,2020,0.59269400000000005,False,2020_segment_2,1.5498741865158081,,ok,
Reconstruction_Analysis_Contract_v1.0.1,2020,timesat_double_logistic,2020-05-28,2020,0.59491400000000005,False,2020_segment_2,1.4963604211807251,,ok,
Reconstruction_Analysis_Contract_v1.0.1,2020,timesat_double_logistic,2020-05-29,2020,0.570496,False,2020_segment_2,1.4508004188537598,,ok,
Reconstruction_Analysis_Contract_v1.0.1,2020,timesat_double_logistic,2020-05-30,2020,0.67038900000000001,False,2020_segment_2,1.412693977355957,,ok,
Reconstruction_Analysis_Contract_v1.0.1,2020,timesat_double_logistic,2020-05-31,2020,0.712565,True,2020_segment_2,1.3815985918045044,,ok,
Reconstruction_Analysis_Contract_v1.0.1,2020,timesat_double_logistic,2020-06-01,2020,0.50412100000000004,False,2020_segment_2,1.3571277856826782,,ok,
Reconstruction_Analysis_Contract_v1.0.1,2020,timesat_double_logistic,2020-06-02,2020,2.4866999999999999,True,2020_segment_2,1.3389488458633423,,ok,
Reconstruction_Analysis_Contract_v1.0.1,2020,timesat_double_logistic,2020-06-03,2020,4.75,False,2020_segment_2,1.3267809152603149,,ok,
Reconstruction_Analysis_Contract_v1.0.1,2020,timesat_double_logistic,2020-06-04,2020,5.0599999999999996,False,2020_segment_2,1.3203930854797363,,ok,
Reconstruction_Analysis_Contract_v1.0.1,2020,timesat_double_logistic,2020-06-05,2020,5.25,True,2020_segment_2,1.3196015357971191,,ok,
Reconstruction_Analysis_Contract_v1.0.1,2020,timesat_double_logistic,2020-06-06,2020,4.5300000000000002,False,2020_segment_2,1.3242683410644531,,ok,
Reconstruction_Analysis_Contract_v1.0.1,2020,timesat_double_logistic,2020-06-07,2020,5.7000000000000002,True,2020_segment_2,1.3342986106872559,,ok,
Reconstruction_Analysis_Contract_v1.0.1,2020,timesat_double_logistic,2020-06-08,2020,6.4699999999999998,False,2020_segment_2,1.3496392965316772,,ok,
Reconstruction_Analysis_Contract_v1.0.1,2020,timesat_double_logistic,2020-06-09,2020,2.19591,False,2020_segment_2,1.3702764511108398,,ok,
Reconstruction_Analysis_Contract_v1.0.1,2020,timesat_double_logistic,2020-06-10,2020,1.9469799999999999,True,2020_segment_2,1.3962341547012329,,ok,
Reconstruction_Analysis_Contract_v1.0.1,2020,timesat_double_logistic,2020-06-11,2020,1.5647,False,2020_segment_2,1.4275722503662109,,ok,
Reconstruction_Analysis_Contract_v1.0.1,2020,timesat_double_logistic,2020-06-12,2020,1.5869200000000001,True,2020_segment_2,1.464384913444519,,ok,
Reconstruction_Analysis_Contract_v1.0.1,2020,timesat_double_logistic,2020-06-13,2020,1.3735599999999999,False,2020_segment_2,1.5067983865737915,,ok,
Reconstruction_Analysis_Contract_v1.0.1,2020,timesat_double_logistic,2020-06-14,2020,1.2090799999999999,False,2020_segment_2,1.5549695491790771,,ok,
Reconstruction_Analysis_Contract_v1.0.1,2020,timesat_double_logistic,2020-06-15,2020,1.23678,True,2020_segment_2,1.6090835332870483,,ok,
Reconstruction_Analysis_Contract_v1.0.1,2020,timesat_double_logistic,2020-06-16,2020,1.08988,False,2020_segment_2,1.6693519353866577,,ok,
Reconstruction_Analysis_Contract_v1.0.1,2020,timesat_double_logistic,2020-06-17,2020,1.3410299999999999,False,2020_segment_2,1.7360101938247681,,ok,
Reconstruction_Analysis_Contract_v1.0.1,2020,timesat_double_logistic,2020-06-18,2020,1.2888999999999999,False,2020_segment_2,1.8093152046203613,,ok,
Reconstruction_Analysis_Contract_v1.0.1,2020,timesat_double_logistic,2020-06-19,2020,1.2273000000000001,False,2020_segment_2,1.8895419836044312,,ok,
Reconstruction_Analysis_Contract_v1.0.1,2020,timesat_double_logistic,2020-06-20,2020,1.1277900000000001,True,2020_segment_2,1.9769806861877441,,ok,
Reconstruction_Analysis_Contract_v1.0.1,2020,timesat_double_logistic,2020-06-21,2020,1.40737,False,2020_segment_2,2.0719327926635742,,ok,
Reconstruction_Analysis_Contract_v1.0.1,2020,timesat_double_logistic,2020-06-22,2020,1.05671,True,2020_segment_2,2.1747066974639893,,ok,
Reconstruction_Analysis_Contract_v1.0.1,2020,timesat_double_logistic,2020-06-23,2020,2.0754000000000001,False,2020_segment_2,2.2856128215789795,,ok,
Reconstruction_Analysis_Contract_v1.0.1,2020,timesat_double_logistic,2020-06-24,2020,1.89493,False,2020_segment_2,2.4049582481384277,,ok,
Reconstruction_Analysis_Contract_v1.0.1,2020,timesat_double_logistic,2020-06-25,2020,1.4765699999999999,True,2020_segment_2,2.5330410003662109,,ok,
Reconstruction_Analysis_Contract_v1.0.1,2020,timesat_double_logistic,2020-06-26,2020,2.0179800000000001,False,2020_segment_2,2.6701438426971436,,ok,
Reconstruction_Analysis_Contract_v1.0.1,2020,timesat_double_logistic,2020-06-27,2020,1.5504,True,2020_segment_2,2.816525936126709,,ok,
Reconstruction_Analysis_Contract_v1.0.1,2020,timesat_double_logistic,2020-06-28,2020,1.57501,False,2020_segment_2,2.9724164009094238,,ok,
Reconstruction_Analysis_Contract_v1.0.1,2020,timesat_double_logistic,2020-06-29,2020,1.78009,False,2020_segment_2,3.1380057334899902,,ok,
Reconstruction_Analysis_Contract_v1.0.1,2020,timesat_double_logistic,2020-06-30,2020,3.61755,False,2020_segment_2,3.3134379386901855,,ok,
Reconstruction_Analysis_Contract_v1.0.1,2020,timesat_double_logistic,2020-07-01,2020,3.3892600000000002,False,2020_segment_2,3.4988014698028564,,ok,
Reconstruction_Analysis_Contract_v1.0.1,2020,timesat_double_logistic,2020-07-02,2020,4.0038900000000002,True,2020_segment_2,3.6941213607788086,,ok,
Reconstruction_Analysis_Contract_v1.0.1,2020,timesat_double_logistic,2020-07-03,2020,4.9170600000000002,False,2020_segment_2,3.8993501663208008,,ok,
Reconstruction_Analysis_Contract_v1.0.1,2020,timesat_double_logistic,2020-07-04,2020,5.1102299999999996,False,2020_segment_2,4.1143622398376465,,ok,
Reconstruction_Analysis_Contract_v1.0.1,2020,timesat_double_logistic,2020-07-05,2020,6.0760800000000001,False,2020_segment_2,4.3389453887939453,,ok,
Reconstruction_Analysis_Contract_v1.0.1,2020,timesat_double_logistic,2020-07-06,2020,5.3209600000000004,False,2020_segment_2,4.5727958679199219,,ok,
Reconstruction_Analysis_Contract_v1.0.1,2020,timesat_double_logistic,2020-07-07,2020,6.0903900000000002,False,2020_segment_2,4.815514087677002,,ok,
Reconstruction_Analysis_Contract_v1.0.1,2020,timesat_double_logistic,2020-07-08,2020,5.4829100000000004,False,2020_segment_2,5.0666027069091797,,ok,
Reconstruction_Analysis_Contract_v1.0.1,2020,timesat_double_logistic,2020-07-09,2020,5.6542500000000002,False,2020_segment_2,5.325467586517334,,ok,
Reconstruction_Analysis_Contract_v1.0.1,2020,timesat_double_logistic,2020-07-10,2020,4.45486,False,2020_segment_2,5.5914163589477539,,ok,
Reconstruction_Analysis_Contract_v1.0.1,2020,timesat_double_logistic,2020-07-11,2020,4.6417799999999998,False,2020_segment_2,5.8636670112609863,,ok,
Reconstruction_Analysis_Contract_v1.0.1,2020,timesat_double_logistic,2020-07-12,2020,6.4330699999999998,True,2020_segment_2,6.1413516998291016,,ok,
Reconstruction_Analysis_Contract_v1.0.1,2020,timesat_double_logistic,2020-07-13,2020,4.1900599999999999,False,2020_segment_2,6.4235262870788574,,ok,
Reconstruction_Analysis_Contract_v1.0.1,2020,timesat_double_logistic,2020-07-14,2020,3.7242000000000002,False,2020_segment_2,6.7091841697692871,,ok,
Reconstruction_Analysis_Contract_v1.0.1,2020,timesat_double_logistic,2020-07-15,2020,4.6254900000000001,False,2020_segment_2,6.9972662925720215,,ok,
Reconstruction_Analysis_Contract_v1.0.1,2020,timesat_double_logistic,2020-07-16,2020,4.1153300000000002,False,2020_segment_2,7.2866783142089844,,ok,
Reconstruction_Analysis_Contract_v1.0.1,2020,timesat_double_logistic,2020-07-17,2020,3.3670800000000001,False,2020_segment_2,7.5763063430786133,,ok,
Reconstruction_Analysis_Contract_v1.0.1,2020,timesat_double_logistic,2020-07-18,2020,3.38409,False,2020_segment_2,7.8650336265563965,,ok,
Reconstruction_Analysis_Contract_v1.0.1,2020,timesat_double_logistic,2020-07-19,2020,3.8602400000000001,False,2020_segment_2,8.1517562866210938,,ok,
Reconstruction_Analysis_Contract_v1.0.1,2020,timesat_double_logistic,2020-07-20,2020,3.6901899999999999,False,2020_segment_2,8.4354028701782227,,ok,
Reconstruction_Analysis_Contract_v1.0.1,2020,timesat_double_logistic,2020-07-21,2020,4.2003500000000003,False,2020_segment_2,8.7149448394775391,,ok,
Reconstruction_Analysis_Contract_v1.0.1,2020,timesat_double_logistic,2020-07-22,2020,4.0303000000000004,False,2020_segment_2,8.9894161224365234,,ok,
Reconstruction_Analysis_Contract_v1.0.1,2020,timesat_double_logistic,2020-07-23,2020,4.2513699999999996,False,2020_segment_2,9.2579221725463867,,ok,
Reconstruction_Analysis_Contract_v1.0.1,2020,timesat_double_logistic,2020-07-24,2020,4.1323299999999996,False,2020_segment_2,9.519648551940918,,ok,
Reconstruction_Analysis_Contract_v1.0.1,2020,timesat_double_logistic,2020-07-25,2020,5.1186499999999997,True,2020_segment_2,9.7738733291625977,,ok,
Reconstruction_Analysis_Contract_v1.0.1,2020,timesat_double_logistic,2020-07-26,2020,5.03362,False,2020_segment_2,10.019968032836914,,ok,
Reconstruction_Analysis_Contract_v1.0.1,2020,timesat_double_logistic,2020-07-27,2020,6.0539500000000004,False,2020_segment_2,10.257402420043945,,ok,
Reconstruction_Analysis_Contract_v1.0.1,2020,timesat_double_logistic,2020-07-28,2020,7.8764399999999997,False,2020_segment_2,10.485745429992676,,ok,
Reconstruction_Analysis_Contract_v1.0.1,2020,timesat_double_logistic,2020-07-29,2020,8.0701199999999993,False,2020_segment_2,10.70466136932373,,ok,
Reconstruction_Analysis_Contract_v1.0.1,2020,timesat_double_logistic,2020-07-30,2020,9.5873100000000004,False,2020_segment_2,10.913911819458008,,ok,
Reconstruction_Analysis_Contract_v1.0.1,2020,timesat_double_logistic,2020-07-31,2020,9.9101099999999995,False,2020_segment_2,11.113344192504883,,ok,
Reconstruction_Analysis_Contract_v1.0.1,2020,timesat_double_logistic,2020-08-01,2020,10.039199999999999,True,2020_segment_2,11.302887916564941,,ok,
Reconstruction_Analysis_Contract_v1.0.1,2020,timesat_double_logistic,2020-08-02,2020,11.2659,False,2020_segment_2,11.482550621032715,,ok,
Reconstruction_Analysis_Contract_v1.0.1,2020,timesat_double_logistic,2020-08-03,2020,11.782400000000001,False,2020_segment_2,11.65240478515625,,ok,
Reconstruction_Analysis_Contract_v1.0.1,2020,timesat_double_logistic,2020-08-04,2020,32.060600000000001,False,2020_segment_2,11.812582969665527,,ok,
Reconstruction_Analysis_Contract_v1.0.1,2020,timesat_double_logistic,2020-08-05,2020,21.400500000000001,False,2020_segment_2,11.96327018737793,,ok,
Reconstruction_Analysis_Contract_v1.0.1,2020,timesat_double_logistic,2020-08-06,2020,36.148299999999999,False,2020_segment_2,12.104691505432129,,ok,
Reconstruction_Analysis_Contract_v1.0.1,2020,timesat_double_logistic,2020-08-07,2020,36.789499999999997,False,2020_segment_2,12.23710823059082,,ok,
Reconstruction_Analysis_Contract_v1.0.1,2020,timesat_double_logistic,2020-08-08,2020,38.312399999999997,False,2020_segment_2,12.360807418823242,,ok,
Reconstruction_Analysis_Contract_v1.0.1,2020,timesat_double_logistic,2020-08-09,2020,38.953600000000002,True,2020_segment_2,12.476097106933594,,ok,
Reconstruction_Analysis_Contract_v1.0.1,2020,timesat_double_logistic,2020-08-10,2020,36.468899999999998,False,2020_segment_2,12.583297729492188,,ok,
Reconstruction_Analysis_Contract_v1.0.1,2020,timesat_double_logistic,2020-08-11,2020,7.8166799999999999,True,2020_segment_2,12.682736396789551,,ok,
Reconstruction_Analysis_Contract_v1.0.1,2020,timesat_double_logistic,2020-08-12,2020,6.2315899999999997,False,2020_segment_2,12.77474308013916,,ok,
Reconstruction_Analysis_Contract_v1.0.1,2020,timesat_double_logistic,2020-08-13,2020,6.8842699999999999,False,2020_segment_2,12.859644889831543,,ok,
Reconstruction_Analysis_Contract_v1.0.1,2020,timesat_double_logistic,2020-08-14,2020,11.1112,True,2020_segment_2,12.937761306762695,,ok,
Reconstruction_Analysis_Contract_v1.0.1,2020,timesat_double_logistic,2020-08-15,2020,7.7079000000000004,False,2020_segment_2,13.009400367736816,,ok,
Reconstruction_Analysis_Contract_v1.0.1,2020,timesat_double_logistic,2020-08-16,2020,8.4538200000000003,True,2020_segment_2,13.074856758117676,,ok,
Reconstruction_Analysis_Contract_v1.0.1,2020,timesat_double_logistic,2020-08-17,2020,8.2517999999999994,False,2020_segment_2,13.134407997131348,,ok,
Reconstruction_Analysis_Contract_v1.0.1,2020,timesat_double_logistic,2020-08-18,2020,5.8770899999999999,False,2020_segment_2,13.188312530517578,,ok,
Reconstruction_Analysis_Contract_v1.0.1,2020,timesat_double_logistic,2020-08-19,2020,5.4730999999999996,True,2020_segment_2,13.236808776855469,,ok,
Reconstruction_Analysis_Contract_v1.0.1,2020,timesat_double_logistic,2020-08-20,2020,5.8001399999999999,False,2020_segment_2,13.280109405517578,,ok,
Reconstruction_Analysis_Contract_v1.0.1,2020,timesat_double_logistic,2020-08-21,2020,6.5023099999999996,True,2020_segment_2,13.318406105041504,,ok,
Reconstruction_Analysis_Contract_v1.0.1,2020,timesat_double_logistic,2020-08-22,2020,7.5988600000000002,False,2020_segment_2,13.351860046386719,,ok,
Reconstruction_Analysis_Contract_v1.0.1,2020,timesat_double_logistic,2020-08-23,2020,12.485200000000001,False,2020_segment_2,13.380609512329102,,ok,
Reconstruction_Analysis_Contract_v1.0.1,2020,timesat_double_logistic,2020-08-24,2020,9.76309,True,2020_segment_2,13.404763221740723,,ok,
Reconstruction_Analysis_Contract_v1.0.1,2020,timesat_double_logistic,2020-08-25,2020,8.9546399999999995,False,2020_segment_2,13.424398422241211,,ok,
Reconstruction_Analysis_Contract_v1.0.1,2020,timesat_double_logistic,2020-08-26,2020,9.0987100000000005,True,2020_segment_2,13.43956470489502,,ok,
Reconstruction_Analysis_Contract_v1.0.1,2020,timesat_double_logistic,2020-08-27,2020,10.1579,False,2020_segment_2,13.450277328491211,,ok,
Reconstruction_Analysis_Contract_v1.0.1,2020,timesat_double_logistic,2020-08-28,2020,10.274800000000001,False,2020_segment_2,13.456520080566406,,ok,
Reconstruction_Analysis_Contract_v1.0.1,2020,timesat_double_logistic,2020-08-29,2020,10.3918,False,2020_segment_2,13.458242416381836,,ok,
Reconstruction_Analysis_Contract_v1.0.1,2020,timesat_double_logistic,2020-08-30,2020,15.5265,False,2020_segment_2,13.45535945892334,,ok,
Reconstruction_Analysis_Contract_v1.0.1,2020,timesat_double_logistic,2020-08-31,2020,6.5054100000000004,False,2020_segment_2,13.447749137878418,,ok,
Reconstruction_Analysis_Contract_v1.0.1,2020,timesat_double_logistic,2020-09-01,2020,9.6933600000000002,False,2020_segment_2,13.435251235961914,,ok,
Reconstruction_Analysis_Contract_v1.0.1,2020,timesat_double_logistic,2020-09-02,2020,7.2078800000000003,False,2020_segment_2,13.417667388916016,,ok,
Reconstruction_Analysis_Contract_v1.0.1,2020,timesat_double_logistic,2020-09-03,2020,16.542200000000001,False,2020_segment_2,13.394758224487305,,ok,
Reconstruction_Analysis_Contract_v1.0.1,2020,timesat_double_logistic,2020-09-04,2020,7.4840499999999999,False,2020_segment_2,13.366244316101074,,ok,
Reconstruction_Analysis_Contract_v1.0.1,2020,timesat_double_logistic,2020-09-05,2020,7.3597700000000001,True,2020_segment_2,13.331802368164062,,ok,
Reconstruction_Analysis_Contract_v1.0.1,2020,timesat_double_logistic,2020-09-06,2020,16.5975,False,2020_segment_2,13.291067123413086,,ok,
Reconstruction_Analysis_Contract_v1.0.1,2020,timesat_double_logistic,2020-09-07,2020,13.0488,False,2020_segment_2,13.243629455566406,,ok,
Reconstruction_Analysis_Contract_v1.0.1,2020,timesat_double_logistic,2020-09-08,2020,9.6297300000000003,False,2020_segment_2,13.189037322998047,,ok,
Reconstruction_Analysis_Contract_v1.0.1,2020,timesat_double_logistic,2020-09-09,2020,42.731900000000003,False,2020_segment_2,13.126796722412109,,ok,
Reconstruction_Analysis_Contract_v1.0.1,2020,timesat_double_logistic,2020-09-10,2020,22.781400000000001,True,2020_segment_2,13.056370735168457,,ok,
Reconstruction_Analysis_Contract_v1.0.1,2020,timesat_double_logistic,2020-09-11,2020,35.732500000000002,False,2020_segment_2,12.977185249328613,,ok,
Reconstruction_Analysis_Contract_v1.0.1,2020,timesat_double_logistic,2020-09-12,2020,28.8446,False,2020_segment_2,12.888630867004395,,ok,
Reconstruction_Analysis_Contract_v1.0.1,2020,timesat_double_logistic,2020-09-13,2020,30.6279,True,2020_segment_2,12.790068626403809,,ok,
Reconstruction_Analysis_Contract_v1.0.1,2020,timesat_double_logistic,2020-09-14,2020,19.348600000000001,False,2020_segment_2,12.680835723876953,,ok,
Reconstruction_Analysis_Contract_v1.0.1,2020,timesat_double_logistic,2020-09-15,2020,8.5735299999999999,False,2020_segment_2,12.56025505065918,,ok,
Reconstruction_Analysis_Contract_v1.0.1,2020,timesat_double_logistic,2020-09-16,2020,11.9734,False,2020_segment_2,12.427646636962891,,ok,
Reconstruction_Analysis_Contract_v1.0.1,2020,timesat_double_logistic,2020-09-17,2020,6.9770799999999999,False,2020_segment_2,12.282339096069336,,ok,
Reconstruction_Analysis_Contract_v1.0.1,2020,timesat_double_logistic,2020-09-18,2020,10.0665,True,2020_segment_2,12.123687744140625,,ok,
Reconstruction_Analysis_Contract_v1.0.1,2020,timesat_double_logistic,2020-09-19,2020,13.229900000000001,False,2020_segment_2,11.951089859008789,,ok,
Reconstruction_Analysis_Contract_v1.0.1,2020,timesat_double_logistic,2020-09-20,2020,16.319299999999998,False,2020_segment_2,11.764006614685059,,ok,
Reconstruction_Analysis_Contract_v1.0.1,2020,timesat_double_logistic,2020-09-21,2020,3.9172199999999999,False,2020_segment_2,11.561983108520508,,ok,
Reconstruction_Analysis_Contract_v1.0.1,2020,timesat_double_logistic,2020-09-22,2020,6.07538,False,2020_segment_2,11.34467601776123,,ok,
Reconstruction_Analysis_Contract_v1.0.1,2020,timesat_double_logistic,2020-09-23,2020,4.8857900000000001,True,2020_segment_2,11.111876487731934,,ok,
Reconstruction_Analysis_Contract_v1.0.1,2020,timesat_double_logistic,2020-09-24,2020,4.2777799999999999,False,2020_segment_2,10.86353588104248,,ok,
Reconstruction_Analysis_Contract_v1.0.1,2020,timesat_double_logistic,2020-09-25,2020,4.4297800000000001,False,2020_segment_2,10.599787712097168,,ok,
Reconstruction_Analysis_Contract_v1.0.1,2020,timesat_double_logistic,2020-09-26,2020,3.89777,False,2020_segment_2,10.320972442626953,,ok,
Reconstruction_Analysis_Contract_v1.0.1,2020,timesat_double_logistic,2020-09-27,2020,3.0291899999999998,False,2020_segment_2,10.027652740478516,,ok,
Reconstruction_Analysis_Contract_v1.0.1,2020,timesat_double_logistic,2020-09-28,2020,3.0291899999999998,False,2020_segment_2,9.7206258773803711,,ok,
Reconstruction_Analysis_Contract_v1.0.1,2020,timesat_double_logistic,2020-09-29,2020,2.4731999999999998,False,2020_segment_2,9.4009323120117188,,ok,
Reconstruction_Analysis_Contract_v1.0.1,2020,timesat_double_logistic,2020-09-30,2020,3.31847,False,2020_segment_2,9.0698509216308594,,ok,
Reconstruction_Analysis_Contract_v1.0.1,2020,timesat_double_logistic,2020-10-01,2020,3.5793599999999999,False,2020_segment_2,8.728886604309082,,ok,
Reconstruction_Analysis_Contract_v1.0.1,2020,timesat_double_logistic,2020-10-02,2020,3.0367099999999998,False,2020_segment_2,8.3797540664672852,,ok,
Reconstruction_Analysis_Contract_v1.0.1,2020,timesat_double_logistic,2020-10-03,2020,2.5358100000000001,False,2020_segment_2,8.0243444442749023,,ok,
Reconstruction_Analysis_Contract_v1.0.1,2020,timesat_double_logistic,2020-10-04,2020,2.6714699999999998,False,2020_segment_2,7.6646924018859863,,ok,
Reconstruction_Analysis_Contract_v1.0.1,2020,timesat_double_logistic,2020-10-05,2020,2.6297299999999999,False,2020_segment_2,7.3029265403747559,,ok,
Reconstruction_Analysis_Contract_v1.0.1,2020,timesat_double_logistic,2020-10-06,2020,2.76539,False,2020_segment_2,6.9412226676940918,,ok,
Reconstruction_Analysis_Contract_v1.0.1,2020,timesat_double_logistic,2020-10-07,2020,2.5149400000000002,False,2020_segment_2,6.581754207611084,,ok,
Reconstruction_Analysis_Contract_v1.0.1,2020,timesat_double_logistic,2020-10-08,2020,2.8801800000000002,False,2020_segment_2,6.2266383171081543,,ok,
Reconstruction_Analysis_Contract_v1.0.1,2020,timesat_double_logistic,2020-10-09,2020,2.9114900000000001,False,2020_segment_2,5.8778867721557617,,ok,
Reconstruction_Analysis_Contract_v1.0.1,2020,timesat_double_logistic,2020-10-10,2020,2.8697499999999998,False,2020_segment_2,5.5373654365539551,,ok,
Reconstruction_Analysis_Contract_v1.0.1,2020,timesat_double_logistic,2020-10-11,2020,2.76539,False,2020_segment_2,5.2067551612854004,,ok,
Reconstruction_Analysis_Contract_v1.0.1,2020,timesat_double_logistic,2020-10-12,2020,3.0680200000000002,False,2020_segment_2,4.8875250816345215,,ok,
Reconstruction_Analysis_Contract_v1.0.1,2020,timesat_double_logistic,2020-10-13,2020,2.4195199999999999,False,2020_segment_2,4.5809121131896973,,ok,
Reconstruction_Analysis_Contract_v1.0.1,2020,timesat_double_logistic,2020-10-14,2020,2.5827399999999998,False,2020_segment_2,4.2879118919372559,,ok,
Reconstruction_Analysis_Contract_v1.0.1,2020,timesat_double_logistic,2020-10-15,2020,2.75556,True,2020_segment_2,4.0092787742614746,,ok,
Reconstruction_Analysis_Contract_v1.0.1,2020,timesat_double_logistic,2020-10-16,2020,3.0051899999999998,False,2020_segment_2,3.7455301284790039,,ok,
Reconstruction_Analysis_Contract_v1.0.1,2020,timesat_double_logistic,2020-10-17,2020,3.2260200000000001,False,2020_segment_2,3.4969606399536133,,ok,
Reconstruction_Analysis_Contract_v1.0.1,2020,timesat_double_logistic,2020-10-18,2020,2.57314,False,2020_segment_2,3.2636606693267822,,ok,
Reconstruction_Analysis_Contract_v1.0.1,2020,timesat_double_logistic,2020-10-19,2020,2.5635300000000001,False,2020_segment_2,3.0455381870269775,,ok,
Reconstruction_Analysis_Contract_v1.0.1,2020,timesat_double_logistic,2020-10-20,2020,2.88998,False,2020_segment_2,2.8423426151275635,,ok,
Reconstruction_Analysis_Contract_v1.0.1,2020,timesat_double_logistic,2020-10-21,2020,3.6964800000000002,False,2020_segment_2,2.6536891460418701,,ok,
Reconstruction_Analysis_Contract_v1.0.1,2020,timesat_double_logistic,2020-10-22,2020,3.7540900000000001,False,2020_segment_2,2.4790844917297363,,ok,
Reconstruction_Analysis_Contract_v1.0.1,2020,timesat_double_logistic,2020-10-23,2020,2.8035600000000001,False,2020_segment_2,2.3179502487182617,,ok,
Reconstruction_Analysis_Contract_v1.0.1,2020,timesat_double_logistic,2020-10-24,2020,3.2452200000000002,False,2020_segment_2,2.1696438789367676,,ok,
Reconstruction_Analysis_Contract_v1.0.1,2020,timesat_double_logistic,2020-10-25,2020,3.0628000000000002,False,2020_segment_2,2.033480167388916,,ok,
Reconstruction_Analysis_Contract_v1.0.1,2020,timesat_double_logistic,2020-10-26,2020,2.0608200000000001,False,2020_segment_2,1.9087467193603516,,ok,
Reconstruction_Analysis_Contract_v1.0.1,2020,timesat_double_logistic,2020-10-27,2020,1.32568,False,2020_segment_2,1.7947204113006592,,ok,
Reconstruction_Analysis_Contract_v1.0.1,2020,timesat_double_logistic,2020-10-28,2020,1.2944899999999999,False,2020_segment_2,1.6906795501708984,,ok,
Reconstruction_Analysis_Contract_v1.0.1,2020,timesat_double_logistic,2020-10-29,2020,1.2633099999999999,False,2020_segment_2,1.595913290977478,,ok,
Reconstruction_Analysis_Contract_v1.0.1,2020,timesat_double_logistic,2020-10-30,2020,1.2321200000000001,False,2020_segment_2,1.5097305774688721,,ok,
Reconstruction_Analysis_Contract_v1.0.1,2020,timesat_double_logistic,2020-10-31,2020,1.2009399999999999,False,2020_segment_2,1.4314663410186768,,ok,
Reconstruction_Analysis_Contract_v1.0.1,2020,timesat_double_logistic,2020-11-01,2020,1.9818100000000001,False,2020_segment_2,1.3604850769042969,,ok,
Reconstruction_Analysis_Contract_v1.0.1,2020,timesat_double_logistic,2020-11-02,2020,1.86988,False,2020_segment_2,1.2961850166320801,,ok,
Reconstruction_Analysis_Contract_v1.0.1,2020,timesat_double_logistic,2020-11-03,2020,1.5736000000000001,False,2020_segment_2,1.2379996776580811,,ok,
Reconstruction_Analysis_Contract_v1.0.1,2020,timesat_double_logistic,2020-11-04,2020,1.0762,True,2020_segment_2,1.1853983402252197,,ok,
Reconstruction_Analysis_Contract_v1.0.1,2020,timesat_double_logistic,2020-11-05,2020,1.04501,False,2020_segment_2,1.137886643409729,,ok,
Reconstruction_Analysis_Contract_v1.0.1,2020,timesat_double_logistic,2020-11-06,2020,1.01383,False,2020_segment_2,1.0950062274932861,,ok,
Reconstruction_Analysis_Contract_v1.0.1,2020,timesat_double_logistic,2020-11-07,2020,0.98264399999999996,False,2020_segment_2,1.0563331842422485,,ok,
Reconstruction_Analysis_Contract_v1.0.1,2020,timesat_double_logistic,2020-11-08,2020,0.95145900000000005,False,2020_segment_2,1.021477222442627,,ok,
Reconstruction_Analysis_Contract_v1.0.1,2020,timesat_double_logistic,2020-11-09,2020,0.92027400000000004,True,2020_segment_2,0.99007987976074219,,ok,
Reconstruction_Analysis_Contract_v1.0.1,2020,timesat_double_logistic,2020-11-10,2020,1.35036,False,2020_segment_2,0.96181279420852661,,ok,
Reconstruction_Analysis_Contract_v1.0.1,2020,timesat_double_logistic,2020-11-11,2020,1.3564400000000001,False,2020_segment_2,0.93637591600418091,,ok,
Reconstruction_Analysis_Contract_v1.0.1,2020,timesat_double_logistic,2020-11-12,2020,2.8500000000000001,False,2020_segment_2,0.91349577903747559,,ok,
Reconstruction_Analysis_Contract_v1.0.1,2020,timesat_double_logistic,2020-11-13,2020,2.96,False,2020_segment_2,0.89292329549789429,,ok,
Reconstruction_Analysis_Contract_v1.0.1,2020,timesat_double_logistic,2020-11-14,2020,2.4500000000000002,False,2020_segment_2,0.87443214654922485,,ok,
Reconstruction_Analysis_Contract_v1.0.1,2020,timesat_double_logistic,2020-11-15,2020,2.46,False,2020_segment_2,0.85781717300415039,,ok,
Reconstruction_Analysis_Contract_v1.0.1,2020,timesat_double_logistic,2020-11-16,2020,2.29,False,2020_segment_2,0.84289216995239258,,ok,
Reconstruction_Analysis_Contract_v1.0.1,2020,timesat_double_logistic,2020-11-17,2020,2.4100000000000001,False,2020_segment_2,0.82948881387710571,,ok,
Reconstruction_Analysis_Contract_v1.0.1,2020,timesat_double_logistic,2020-11-18,2020,2.0899999999999999,False,2020_segment_2,0.81745493412017822,,ok,
Reconstruction_Analysis_Contract_v1.0.1,2020,timesat_double_logistic,2020-11-19,2020,2.1400000000000001,False,2020_segment_2,0.80665290355682373,,ok,
Reconstruction_Analysis_Contract_v1.0.1,2020,timesat_double_logistic,2020-11-20,2020,2.2400000000000002,False,2020_segment_2,0.79695868492126465,,ok,
Reconstruction_Analysis_Contract_v1.0.1,2020,timesat_double_logistic,2020-11-21,2020,2.3500000000000001,False,2020_segment_2,0.78826040029525757,,ok,
Reconstruction_Analysis_Contract_v1.0.1,2020,timesat_double_logistic,2020-11-22,2020,2.1299999999999999,True,2020_segment_2,0.78045713901519775,,ok,
Reconstruction_Analysis_Contract_v1.0.1,2020,timesat_smoothing_spline,2020-01-19,2020,1.17279,True,2020_segment_1,1.1558183431625366,100,ok,
Reconstruction_Analysis_Contract_v1.0.1,2020,timesat_smoothing_spline,2020-01-20,2020,1.1798999999999999,False,2020_segment_1,1.1793825626373291,100,ok,
Reconstruction_Analysis_Contract_v1.0.1,2020,timesat_smoothing_spline,2020-01-21,2020,1.1870099999999999,False,2020_segment_1,1.2084872722625732,100,ok,
Reconstruction_Analysis_Contract_v1.0.1,2020,timesat_smoothing_spline,2020-01-22,2020,1.1941200000000001,False,2020_segment_1,1.2435092926025391,100,ok,
Reconstruction_Analysis_Contract_v1.0.1,2020,timesat_smoothing_spline,2020-01-23,2020,1.20123,False,2020_segment_1,1.284825325012207,100,ok,
Reconstruction_Analysis_Contract_v1.0.1,2020,timesat_smoothing_spline,2020-01-24,2020,1.20834,True,2020_segment_1,1.3328120708465576,100,ok,
Reconstruction_Analysis_Contract_v1.0.1,2020,timesat_smoothing_spline,2020-01-25,2020,1.2154499999999999,False,2020_segment_1,1.387639045715332,100,ok,
Reconstruction_Analysis_Contract_v1.0.1,2020,timesat_smoothing_spline,2020-01-26,2020,1.2225600000000001,False,2020_segment_1,1.4486455917358398,100,ok,
Reconstruction_Analysis_Contract_v1.0.1,2020,timesat_smoothing_spline,2020-01-27,2020,1.22967,False,2020_segment_1,1.5149638652801514,100,ok,
Reconstruction_Analysis_Contract_v1.0.1,2020,timesat_smoothing_spline,2020-01-28,2020,1.23678,False,2020_segment_1,1.5857257843017578,100,ok,
Reconstruction_Analysis_Contract_v1.0.1,2020,timesat_smoothing_spline,2020-01-29,2020,1.3253200000000001,False,2020_segment_1,1.660063624382019,100,ok,
Reconstruction_Analysis_Contract_v1.0.1,2020,timesat_smoothing_spline,2020-01-30,2020,1.4138599999999999,False,2020_segment_1,1.7371093034744263,100,ok,
Reconstruction_Analysis_Contract_v1.0.1,2020,timesat_smoothing_spline,2020-01-31,2020,2.2000000000000002,False,2020_segment_1,1.8159948587417603,100,ok,
Reconstruction_Analysis_Contract_v1.0.1,2020,timesat_smoothing_spline,2020-02-01,2020,2.3599999999999999,False,2020_segment_1,1.8958523273468018,100,ok,
Reconstruction_Analysis_Contract_v1.0.1,2020,timesat_smoothing_spline,2020-02-02,2020,1.76,False,2020_segment_1,1.9758138656616211,100,ok,
Reconstruction_Analysis_Contract_v1.0.1,2020,timesat_smoothing_spline,2020-02-03,2020,1.98,True,2020_segment_1,2.055011510848999,100,ok,
Reconstruction_Analysis_Contract_v1.0.1,2020,timesat_smoothing_spline,2020-02-04,2020,2.48,False,2020_segment_1,2.1324522495269775,100,ok,
Reconstruction_Analysis_Contract_v1.0.1,2020,timesat_smoothing_spline,2020-02-05,2020,2.54,False,2020_segment_1,2.2066431045532227,100,ok,
Reconstruction_Analysis_Contract_v1.0.1,2020,timesat_smoothing_spline,2020-02-06,2020,2.5800000000000001,True,2020_segment_1,2.2759659290313721,100,ok,
Reconstruction_Analysis_Contract_v1.0.1,2020,timesat_smoothing_spline,2020-02-07,2020,2.1099999999999999,False,2020_segment_1,2.3393094539642334,100,ok,
Reconstruction_Analysis_Contract_v1.0.1,2020,timesat_smoothing_spline,2020-02-08,2020,2.3599999999999999,False,2020_segment_1,2.3975892066955566,100,ok,
Reconstruction_Analysis_Contract_v1.0.1,2020,timesat_smoothing_spline,2020-02-09,2020,2.54,False,2020_segment_1,2.4522275924682617,100,ok,
Reconstruction_Analysis_Contract_v1.0.1,2020,timesat_smoothing_spline,2020-02-10,2020,2.29,False,2020_segment_1,2.5046467781066895,100,ok,
Reconstruction_Analysis_Contract_v1.0.1,2020,timesat_smoothing_spline,2020-02-11,2020,2.3999999999999999,True,2020_segment_1,2.5562689304351807,100,ok,
Reconstruction_Analysis_Contract_v1.0.1,2020,timesat_smoothing_spline,2020-02-12,2020,2.5649099999999998,False,2020_segment_1,2.6082558631896973,100,ok,
Reconstruction_Analysis_Contract_v1.0.1,2020,timesat_smoothing_spline,2020-02-13,2020,2.5649099999999998,True,2020_segment_1,2.6607279777526855,100,ok,
Reconstruction_Analysis_Contract_v1.0.1,2020,timesat_smoothing_spline,2020-02-14,2020,2.6272199999999999,False,2020_segment_1,2.7133848667144775,100,ok,
Reconstruction_Analysis_Contract_v1.0.1,2020,timesat_smoothing_spline,2020-02-15,2020,4.0602400000000003,False,2020_segment_1,2.7652876377105713,100,ok,
Reconstruction_Analysis_Contract_v1.0.1,2020,timesat_smoothing_spline,2020-02-16,2020,3.1671999999999998,False,2020_segment_1,2.8153378963470459,100,ok,
Reconstruction_Analysis_Contract_v1.0.1,2020,timesat_smoothing_spline,2020-02-17,2020,2.6064500000000002,False,2020_segment_1,2.8624370098114014,100,ok,
Reconstruction_Analysis_Contract_v1.0.1,2020,timesat_smoothing_spline,2020-02-18,2020,2.7102900000000001,False,2020_segment_1,2.9054861068725586,100,ok,
Reconstruction_Analysis_Contract_v1.0.1,2020,timesat_smoothing_spline,2020-02-19,2020,2.8764400000000001,False,2020_segment_1,2.9433870315551758,100,ok,
Reconstruction_Analysis_Contract_v1.0.1,2020,timesat_smoothing_spline,2020-02-20,2020,3.3896700000000002,False,2020_segment_1,2.9750409126281738,100,ok,
Reconstruction_Analysis_Contract_v1.0.1,2020,timesat_smoothing_spline,2020-02-21,2020,3.3427500000000001,True,2020_segment_1,2.9993491172790527,100,ok,
Reconstruction_Analysis_Contract_v1.0.1,2020,timesat_smoothing_spline,2020-02-22,2020,3.17855,False,2020_segment_1,3.0157856941223145,100,ok,
Reconstruction_Analysis_Contract_v1.0.1,2020,timesat_smoothing_spline,2020-02-23,2020,3.4131300000000002,True,2020_segment_1,3.0261135101318359,100,ok,
Reconstruction_Analysis_Contract_v1.0.1,2020,timesat_smoothing_spline,2020-02-24,2020,3.4483100000000002,False,2020_segment_1,3.0333127975463867,100,ok,
Reconstruction_Analysis_Contract_v1.0.1,2020,timesat_smoothing_spline,2020-02-25,2020,3.1127400000000001,False,2020_segment_1,3.0429446697235107,100,ok,
Reconstruction_Analysis_Contract_v1.0.1,2020,timesat_smoothing_spline,2020-02-26,2020,2.4901900000000001,True,2020_segment_1,3.0612142086029053,100,ok,
Reconstruction_Analysis_Contract_v1.0.1,2020,timesat_smoothing_spline,2020-02-27,2020,2.4818899999999999,False,2020_segment_1,3.0933756828308105,100,ok,
Reconstruction_Analysis_Contract_v1.0.1,2020,timesat_smoothing_spline,2020-02-28,2020,2.97993,True,2020_segment_1,3.1408758163452148,100,ok,
Reconstruction_Analysis_Contract_v1.0.1,2020,timesat_smoothing_spline,2020-02-29,2020,3.2538499999999999,False,2020_segment_1,3.203941822052002,100,ok,
Reconstruction_Analysis_Contract_v1.0.1,2020,timesat_smoothing_spline,2020-03-01,2020,3.2289500000000002,False,2020_segment_1,3.2817277908325195,100,ok,
Reconstruction_Analysis_Contract_v1.0.1,2020,timesat_smoothing_spline,2020-03-02,2020,3.1874500000000001,False,2020_segment_1,3.3731198310852051,100,ok,
Reconstruction_Analysis_Contract_v1.0.1,2020,timesat_smoothing_spline,2020-03-03,2020,5.0450400000000002,False,2020_segment_1,3.477003812789917,100,ok,
Reconstruction_Analysis_Contract_v1.0.1,2020,timesat_smoothing_spline,2020-03-04,2020,4.21861,False,2020_segment_1,3.5922653675079346,100,ok,
Reconstruction_Analysis_Contract_v1.0.1,2020,timesat_smoothing_spline,2020-03-05,2020,3.9495499999999999,False,2020_segment_1,3.7177903652191162,100,ok,
Reconstruction_Analysis_Contract_v1.0.1,2020,timesat_smoothing_spline,2020-03-06,2020,3.9303300000000001,False,2020_segment_1,3.8524649143218994,100,ok,
Reconstruction_Analysis_Contract_v1.0.1,2020,timesat_smoothing_spline,2020-03-07,2020,13.7417,False,2020_segment_1,3.9951748847961426,100,ok,
Reconstruction_Analysis_Contract_v1.0.1,2020,timesat_smoothing_spline,2020-03-08,2020,7.1207099999999999,False,2020_segment_1,4.1448063850402832,100,ok,
Reconstruction_Analysis_Contract_v1.0.1,2020,timesat_smoothing_spline,2020-03-09,2020,5.2084000000000001,False,2020_segment_1,4.3002443313598633,100,ok,
Reconstruction_Analysis_Contract_v1.0.1,2020,timesat_smoothing_spline,2020-03-10,2020,5.4504900000000003,False,2020_segment_1,4.4603757858276367,100,ok,
Reconstruction_Analysis_Contract_v1.0.1,2020,timesat_smoothing_spline,2020-03-11,2020,4.7472000000000003,False,2020_segment_1,4.6240863800048828,100,ok,
Reconstruction_Analysis_Contract_v1.0.1,2020,timesat_smoothing_spline,2020-03-12,2020,5.7405999999999997,False,2020_segment_1,4.7902612686157227,100,ok,
Reconstruction_Analysis_Contract_v1.0.1,2020,timesat_smoothing_spline,2020-03-13,2020,6.9361899999999999,False,2020_segment_1,4.957787036895752,100,ok,
Reconstruction_Analysis_Contract_v1.0.1,2020,timesat_smoothing_spline,2020-03-14,2020,5.4329099999999997,True,2020_segment_1,5.12554931640625,100,ok,
Reconstruction_Analysis_Contract_v1.0.1,2020,timesat_smoothing_spline,2020-03-15,2020,10.944900000000001,False,2020_segment_1,5.2929463386535645,100,ok,
Reconstruction_Analysis_Contract_v1.0.1,2020,timesat_smoothing_spline,2020-03-16,2020,5.8285099999999996,False,2020_segment_1,5.46142578125,100,ok,
Reconstruction_Analysis_Contract_v1.0.1,2020,timesat_smoothing_spline,2020-03-17,2020,6.4241999999999999,False,2020_segment_1,5.6329460144042969,100,ok,
Reconstruction_Analysis_Contract_v1.0.1,2020,timesat_smoothing_spline,2020-03-18,2020,6.8181700000000003,False,2020_segment_1,5.8094673156738281,100,ok,
Reconstruction_Analysis_Contract_v1.0.1,2020,timesat_smoothing_spline,2020-03-19,2020,6.4644000000000004,True,2020_segment_1,5.9929494857788086,100,ok,
Reconstruction_Analysis_Contract_v1.0.1,2020,timesat_smoothing_spline,2020-03-20,2020,7.0674200000000003,False,2020_segment_1,6.1861371994018555,100,ok,
Reconstruction_Analysis_Contract_v1.0.1,2020,timesat_smoothing_spline,2020-03-21,2020,8.4985999999999997,False,2020_segment_1,6.3949184417724609,100,ok,
Reconstruction_Analysis_Contract_v1.0.1,2020,timesat_smoothing_spline,2020-03-22,2020,8.11266,True,2020_segment_1,6.6259679794311523,100,ok,
Reconstruction_Analysis_Contract_v1.0.1,2020,timesat_smoothing_spline,2020-03-23,2020,6.6895300000000004,False,2020_segment_1,6.8884372711181641,100,ok,
Reconstruction_Analysis_Contract_v1.0.1,2020,timesat_smoothing_spline,2020-03-24,2020,9.1732499999999995,False,2020_segment_1,7.2013893127441406,100,ok,
Reconstruction_Analysis_Contract_v1.0.1,2020,timesat_smoothing_spline,2020-03-25,2020,8.9118099999999991,False,2020_segment_1,7.5863652229309082,100,ok,
Reconstruction_Analysis_Contract_v1.0.1,2020,timesat_smoothing_spline,2020-03-26,2020,9.5710999999999995,False,2020_segment_1,8.0649051666259766,100,ok,
Reconstruction_Analysis_Contract_v1.0.1,2020,timesat_smoothing_spline,2020-03-27,2020,10.486800000000001,False,2020_segment_1,8.6585521697998047,100,ok,
Reconstruction_Analysis_Contract_v1.0.1,2020,timesat_smoothing_spline,2020-03-28,2020,2.5510999999999999,False,2020_segment_1,9.3888444900512695,100,ok,
Reconstruction_Analysis_Contract_v1.0.1,2020,timesat_smoothing_spline,2020-03-29,2020,2.72316,True,2020_segment_1,10.277324676513672,100,ok,
Reconstruction_Analysis_Contract_v1.0.1,2020,timesat_smoothing_spline,2020-03-30,2020,12.8523,False,2020_segment_1,11.332942962646484,100,ok,
Reconstruction_Analysis_Contract_v1.0.1,2020,timesat_smoothing_spline,2020-03-31,2020,12.5707,False,2020_segment_1,12.514288902282715,100,ok,
Reconstruction_Analysis_Contract_v1.0.1,2020,timesat_smoothing_spline,2020-04-01,2020,16.3386,True,2020_segment_1,13.767361640930176,100,ok,
Reconstruction_Analysis_Contract_v1.0.1,2020,timesat_smoothing_spline,2020-04-02,2020,14.821,False,2020_segment_1,15.042445182800293,100,ok,
Reconstruction_Analysis_Contract_v1.0.1,2020,timesat_smoothing_spline,2020-04-03,2020,15.624000000000001,True,2020_segment_1,16.306968688964844,100,ok,
Reconstruction_Analysis_Contract_v1.0.1,2020,timesat_smoothing_spline,2020-04-04,2020,17.093299999999999,False,2020_segment_1,17.531501770019531,100,ok,
Reconstruction_Analysis_Contract_v1.0.1,2020,timesat_smoothing_spline,2020-04-11,2020,30.654699999999998,True,2020_segment_2,22.065509796142578,100,ok,
Reconstruction_Analysis_Contract_v1.0.1,2020,timesat_smoothing_spline,2020-04-12,2020,26.585999999999999,False,2020_segment_2,21.729305267333984,100,ok,
Reconstruction_Analysis_Contract_v1.0.1,2020,timesat_smoothing_spline,2020-04-13,2020,23.674299999999999,False,2020_segment_2,21.124082565307617,100,ok,
Reconstruction_Analysis_Contract_v1.0.1,2020,timesat_smoothing_spline,2020-04-14,2020,23.1463,False,2020_segment_2,20.30061149597168,100,ok,
Reconstruction_Analysis_Contract_v1.0.1,2020,timesat_smoothing_spline,2020-04-15,2020,12.2692,False,2020_segment_2,19.309667587280273,100,ok,
Reconstruction_Analysis_Contract_v1.0.1,2020,timesat_smoothing_spline,2020-04-16,2020,12.445499999999999,True,2020_segment_2,18.202024459838867,100,ok,
Reconstruction_Analysis_Contract_v1.0.1,2020,timesat_smoothing_spline,2020-04-17,2020,22.0824,False,2020_segment_2,17.018861770629883,100,ok,
Reconstruction_Analysis_Contract_v1.0.1,2020,timesat_smoothing_spline,2020-04-18,2020,22.152100000000001,True,2020_segment_2,15.762982368469238,100,ok,
Reconstruction_Analysis_Contract_v1.0.1,2020,timesat_smoothing_spline,2020-04-19,2020,21.343800000000002,False,2020_segment_2,14.438243865966797,100,ok,
Reconstruction_Analysis_Contract_v1.0.1,2020,timesat_smoothing_spline,2020-04-20,2020,19.720199999999998,False,2020_segment_2,13.091096878051758,100,ok,
Reconstruction_Analysis_Contract_v1.0.1,2020,timesat_smoothing_spline,2020-04-21,2020,8.3686199999999999,True,2020_segment_2,11.778642654418945,100,ok,
Reconstruction_Analysis_Contract_v1.0.1,2020,timesat_smoothing_spline,2020-04-22,2020,6.7309299999999999,False,2020_segment_2,10.552295684814453,100,ok,
Reconstruction_Analysis_Contract_v1.0.1,2020,timesat_smoothing_spline,2020-04-23,2020,6.1324800000000002,True,2020_segment_2,9.4407405853271484,100,ok,
Reconstruction_Analysis_Contract_v1.0.1,2020,timesat_smoothing_spline,2020-04-24,2020,6.0649199999999999,False,2020_segment_2,8.4614620208740234,100,ok,
Reconstruction_Analysis_Contract_v1.0.1,2020,timesat_smoothing_spline,2020-04-25,2020,7.2682500000000001,False,2020_segment_2,7.6098909378051758,100,ok,
Reconstruction_Analysis_Contract_v1.0.1,2020,timesat_smoothing_spline,2020-04-26,2020,5.0707199999999997,False,2020_segment_2,6.8759450912475586,100,ok,
Reconstruction_Analysis_Contract_v1.0.1,2020,timesat_smoothing_spline,2020-04-27,2020,6.2225700000000002,False,2020_segment_2,6.2495412826538086,100,ok,
Reconstruction_Analysis_Contract_v1.0.1,2020,timesat_smoothing_spline,2020-04-28,2020,7.2030599999999998,False,2020_segment_2,5.7205958366394043,100,ok,
Reconstruction_Analysis_Contract_v1.0.1,2020,timesat_smoothing_spline,2020-04-29,2020,5.2489699999999999,False,2020_segment_2,5.2790260314941406,100,ok,
Reconstruction_Analysis_Contract_v1.0.1,2020,timesat_smoothing_spline,2020-04-30,2020,9.2501999999999995,False,2020_segment_2,4.9147496223449707,100,ok,
Reconstruction_Analysis_Contract_v1.0.1,2020,timesat_smoothing_spline,2020-05-01,2020,7.4314600000000004,False,2020_segment_2,4.6176824569702148,100,ok,
Reconstruction_Analysis_Contract_v1.0.1,2020,timesat_smoothing_spline,2020-05-02,2020,7.3299500000000002,False,2020_segment_2,4.3777422904968262,100,ok,
Reconstruction_Analysis_Contract_v1.0.1,2020,timesat_smoothing_spline,2020-05-03,2020,6.8477699999999997,False,2020_segment_2,4.1848454475402832,100,ok,
Reconstruction_Analysis_Contract_v1.0.1,2020,timesat_smoothing_spline,2020-05-04,2020,5.6000300000000003,False,2020_segment_2,4.0289096832275391,100,ok,
Reconstruction_Analysis_Contract_v1.0.1,2020,timesat_smoothing_spline,2020-05-05,2020,5.3416800000000002,False,2020_segment_2,3.8998517990112305,100,ok,
Reconstruction_Analysis_Contract_v1.0.1,2020,timesat_smoothing_spline,2020-05-06,2020,5.1841900000000001,False,2020_segment_2,3.7875885963439941,100,ok,
Reconstruction_Analysis_Contract_v1.0.1,2020,timesat_smoothing_spline,2020-05-07,2020,5.6347899999999997,False,2020_segment_2,3.6820371150970459,100,ok,
Reconstruction_Analysis_Contract_v1.0.1,2020,timesat_smoothing_spline,2020-05-08,2020,4.8167,True,2020_segment_2,3.5731143951416016,100,ok,
Reconstruction_Analysis_Contract_v1.0.1,2020,timesat_smoothing_spline,2020-05-09,2020,5.6260399999999997,False,2020_segment_2,3.4528102874755859,100,ok,
Reconstruction_Analysis_Contract_v1.0.1,2020,timesat_smoothing_spline,2020-05-10,2020,5.34605,False,2020_segment_2,3.3214046955108643,100,ok,
Reconstruction_Analysis_Contract_v1.0.1,2020,timesat_smoothing_spline,2020-05-11,2020,4.5892099999999996,False,2020_segment_2,3.1812503337860107,100,ok,
Reconstruction_Analysis_Contract_v1.0.1,2020,timesat_smoothing_spline,2020-05-12,2020,4.2656000000000001,False,2020_segment_2,3.0347006320953369,100,ok,
Reconstruction_Analysis_Contract_v1.0.1,2020,timesat_smoothing_spline,2020-05-13,2020,4.3386199999999997,False,2020_segment_2,2.8841078281402588,100,ok,
Reconstruction_Analysis_Contract_v1.0.1,2020,timesat_smoothing_spline,2020-05-14,2020,3.9434200000000001,False,2020_segment_2,2.7318253517150879,100,ok,
Reconstruction_Analysis_Contract_v1.0.1,2020,timesat_smoothing_spline,2020-05-15,2020,4.3429200000000003,False,2020_segment_2,2.5802056789398193,100,ok,
Reconstruction_Analysis_Contract_v1.0.1,2020,timesat_smoothing_spline,2020-05-16,2020,3.70716,False,2020_segment_2,2.4316015243530273,100,ok,
Reconstruction_Analysis_Contract_v1.0.1,2020,timesat_smoothing_spline,2020-05-17,2020,3.2561100000000001,False,2020_segment_2,2.2883663177490234,100,ok,
Reconstruction_Analysis_Contract_v1.0.1,2020,timesat_smoothing_spline,2020-05-18,2020,3.31196,False,2020_segment_2,2.1528522968292236,100,ok,
Reconstruction_Analysis_Contract_v1.0.1,2020,timesat_smoothing_spline,2020-05-19,2020,2.00678,False,2020_segment_2,2.0274126529693604,100,ok,
Reconstruction_Analysis_Contract_v1.0.1,2020,timesat_smoothing_spline,2020-05-20,2020,1.9044300000000001,False,2020_segment_2,1.9144003391265869,100,ok,
Reconstruction_Analysis_Contract_v1.0.1,2020,timesat_smoothing_spline,2020-05-21,2020,2.00678,True,2020_segment_2,1.816167950630188,100,ok,
Reconstruction_Analysis_Contract_v1.0.1,2020,timesat_smoothing_spline,2020-05-22,2020,1.4255800000000001,False,2020_segment_2,1.7353860139846802,100,ok,
Reconstruction_Analysis_Contract_v1.0.1,2020,timesat_smoothing_spline,2020-05-23,2020,1.28302,False,2020_segment_2,1.6759960651397705,100,ok,
Reconstruction_Analysis_Contract_v1.0.1,2020,timesat_smoothing_spline,2020-05-24,2020,1.21722,False,2020_segment_2,1.6422568559646606,100,ok,
Reconstruction_Analysis_Contract_v1.0.1,2020,timesat_smoothing_spline,2020-05-25,2020,0.96500699999999995,False,2020_segment_2,1.6384274959564209,100,ok,
Reconstruction_Analysis_Contract_v1.0.1,2020,timesat_smoothing_spline,2020-05-26,2020,0.97672499999999995,True,2020_segment_2,1.668766975402832,100,ok,
Reconstruction_Analysis_Contract_v1.0.1,2020,timesat_smoothing_spline,2020-05-27,2020,0.59269400000000005,False,2020_segment_2,1.7363806962966919,100,ok,
Reconstruction_Analysis_Contract_v1.0.1,2020,timesat_smoothing_spline,2020-05-28,2020,0.59491400000000005,False,2020_segment_2,1.8397607803344727,100,ok,
Reconstruction_Analysis_Contract_v1.0.1,2020,timesat_smoothing_spline,2020-05-29,2020,0.570496,False,2020_segment_2,1.9762457609176636,100,ok,
Reconstruction_Analysis_Contract_v1.0.1,2020,timesat_smoothing_spline,2020-05-30,2020,0.67038900000000001,False,2020_segment_2,2.1431741714477539,100,ok,
Reconstruction_Analysis_Contract_v1.0.1,2020,timesat_smoothing_spline,2020-05-31,2020,0.712565,True,2020_segment_2,2.3378844261169434,100,ok,
Reconstruction_Analysis_Contract_v1.0.1,2020,timesat_smoothing_spline,2020-06-01,2020,0.50412100000000004,False,2020_segment_2,2.5550062656402588,100,ok,
Reconstruction_Analysis_Contract_v1.0.1,2020,timesat_smoothing_spline,2020-06-02,2020,2.4866999999999999,True,2020_segment_2,2.7783341407775879,100,ok,
Reconstruction_Analysis_Contract_v1.0.1,2020,timesat_smoothing_spline,2020-06-03,2020,4.75,False,2020_segment_2,2.9884672164916992,100,ok,
Reconstruction_Analysis_Contract_v1.0.1,2020,timesat_smoothing_spline,2020-06-04,2020,5.0599999999999996,False,2020_segment_2,3.1640605926513672,100,ok,
Reconstruction_Analysis_Contract_v1.0.1,2020,timesat_smoothing_spline,2020-06-05,2020,5.25,True,2020_segment_2,3.2832832336425781,100,ok,
Reconstruction_Analysis_Contract_v1.0.1,2020,timesat_smoothing_spline,2020-06-06,2020,4.5300000000000002,False,2020_segment_2,3.3275818824768066,100,ok,
Reconstruction_Analysis_Contract_v1.0.1,2020,timesat_smoothing_spline,2020-06-07,2020,5.7000000000000002,True,2020_segment_2,3.2915153503417969,100,ok,
Reconstruction_Analysis_Contract_v1.0.1,2020,timesat_smoothing_spline,2020-06-08,2020,6.4699999999999998,False,2020_segment_2,3.1769332885742188,100,ok,
Reconstruction_Analysis_Contract_v1.0.1,2020,timesat_smoothing_spline,2020-06-09,2020,2.19591,False,2020_segment_2,3.0017430782318115,100,ok,
Reconstruction_Analysis_Contract_v1.0.1,2020,timesat_smoothing_spline,2020-06-10,2020,1.9469799999999999,True,2020_segment_2,2.7878656387329102,100,ok,
Reconstruction_Analysis_Contract_v1.0.1,2020,timesat_smoothing_spline,2020-06-11,2020,1.5647,False,2020_segment_2,2.5558204650878906,100,ok,
Reconstruction_Analysis_Contract_v1.0.1,2020,timesat_smoothing_spline,2020-06-12,2020,1.5869200000000001,True,2020_segment_2,2.320521354675293,100,ok,
Reconstruction_Analysis_Contract_v1.0.1,2020,timesat_smoothing_spline,2020-06-13,2020,1.3735599999999999,False,2020_segment_2,2.0942578315734863,100,ok,
Reconstruction_Analysis_Contract_v1.0.1,2020,timesat_smoothing_spline,2020-06-14,2020,1.2090799999999999,False,2020_segment_2,1.8844283819198608,100,ok,
Reconstruction_Analysis_Contract_v1.0.1,2020,timesat_smoothing_spline,2020-06-15,2020,1.23678,True,2020_segment_2,1.697209358215332,100,ok,
Reconstruction_Analysis_Contract_v1.0.1,2020,timesat_smoothing_spline,2020-06-16,2020,1.08988,False,2020_segment_2,1.5380097627639771,100,ok,
Reconstruction_Analysis_Contract_v1.0.1,2020,timesat_smoothing_spline,2020-06-17,2020,1.3410299999999999,False,2020_segment_2,1.4091684818267822,100,ok,
Reconstruction_Analysis_Contract_v1.0.1,2020,timesat_smoothing_spline,2020-06-18,2020,1.2888999999999999,False,2020_segment_2,1.3122576475143433,100,ok,
Reconstruction_Analysis_Contract_v1.0.1,2020,timesat_smoothing_spline,2020-06-19,2020,1.2273000000000001,False,2020_segment_2,1.2488491535186768,100,ok,
Reconstruction_Analysis_Contract_v1.0.1,2020,timesat_smoothing_spline,2020-06-20,2020,1.1277900000000001,True,2020_segment_2,1.2205146551132202,100,ok,
Reconstruction_Analysis_Contract_v1.0.1,2020,timesat_smoothing_spline,2020-06-21,2020,1.40737,False,2020_segment_2,1.2286715507507324,100,ok,
Reconstruction_Analysis_Contract_v1.0.1,2020,timesat_smoothing_spline,2020-06-22,2020,1.05671,True,2020_segment_2,1.2741191387176514,100,ok,
Reconstruction_Analysis_Contract_v1.0.1,2020,timesat_smoothing_spline,2020-06-23,2020,2.0754000000000001,False,2020_segment_2,1.3571394681930542,100,ok,
Reconstruction_Analysis_Contract_v1.0.1,2020,timesat_smoothing_spline,2020-06-24,2020,1.89493,False,2020_segment_2,1.4765657186508179,100,ok,
Reconstruction_Analysis_Contract_v1.0.1,2020,timesat_smoothing_spline,2020-06-25,2020,1.4765699999999999,True,2020_segment_2,1.6308680772781372,100,ok,
Reconstruction_Analysis_Contract_v1.0.1,2020,timesat_smoothing_spline,2020-06-26,2020,2.0179800000000001,False,2020_segment_2,1.8182601928710938,100,ok,
Reconstruction_Analysis_Contract_v1.0.1,2020,timesat_smoothing_spline,2020-06-27,2020,1.5504,True,2020_segment_2,2.0359265804290771,100,ok,
Reconstruction_Analysis_Contract_v1.0.1,2020,timesat_smoothing_spline,2020-06-28,2020,1.57501,False,2020_segment_2,2.2799859046936035,100,ok,
Reconstruction_Analysis_Contract_v1.0.1,2020,timesat_smoothing_spline,2020-06-29,2020,1.78009,False,2020_segment_2,2.5433192253112793,100,ok,
Reconstruction_Analysis_Contract_v1.0.1,2020,timesat_smoothing_spline,2020-06-30,2020,3.61755,False,2020_segment_2,2.8179991245269775,100,ok,
Reconstruction_Analysis_Contract_v1.0.1,2020,timesat_smoothing_spline,2020-07-01,2020,3.3892600000000002,False,2020_segment_2,3.0960977077484131,100,ok,
Reconstruction_Analysis_Contract_v1.0.1,2020,timesat_smoothing_spline,2020-07-02,2020,4.0038900000000002,True,2020_segment_2,3.3696873188018799,100,ok,
Reconstruction_Analysis_Contract_v1.0.1,2020,timesat_smoothing_spline,2020-07-03,2020,4.9170600000000002,False,2020_segment_2,3.6318972110748291,100,ok,
Reconstruction_Analysis_Contract_v1.0.1,2020,timesat_smoothing_spline,2020-07-04,2020,5.1102299999999996,False,2020_segment_2,3.8800849914550781,100,ok,
Reconstruction_Analysis_Contract_v1.0.1,2020,timesat_smoothing_spline,2020-07-05,2020,6.0760800000000001,False,2020_segment_2,4.1126646995544434,100,ok,
Reconstruction_Analysis_Contract_v1.0.1,2020,timesat_smoothing_spline,2020-07-06,2020,5.3209600000000004,False,2020_segment_2,4.3280506134033203,100,ok,
Reconstruction_Analysis_Contract_v1.0.1,2020,timesat_smoothing_spline,2020-07-07,2020,6.0903900000000002,False,2020_segment_2,4.5246567726135254,100,ok,
Reconstruction_Analysis_Contract_v1.0.1,2020,timesat_smoothing_spline,2020-07-08,2020,5.4829100000000004,False,2020_segment_2,4.7008981704711914,100,ok,
Reconstruction_Analysis_Contract_v1.0.1,2020,timesat_smoothing_spline,2020-07-09,2020,5.6542500000000002,False,2020_segment_2,4.8551888465881348,100,ok,
Reconstruction_Analysis_Contract_v1.0.1,2020,timesat_smoothing_spline,2020-07-10,2020,4.45486,False,2020_segment_2,4.9859428405761719,100,ok,
Reconstruction_Analysis_Contract_v1.0.1,2020,timesat_smoothing_spline,2020-07-11,2020,4.6417799999999998,False,2020_segment_2,5.0915746688842773,100,ok,
Reconstruction_Analysis_Contract_v1.0.1,2020,timesat_smoothing_spline,2020-07-12,2020,6.4330699999999998,True,2020_segment_2,5.1704988479614258,100,ok,
Reconstruction_Analysis_Contract_v1.0.1,2020,timesat_smoothing_spline,2020-07-13,2020,4.1900599999999999,False,2020_segment_2,5.223233699798584,100,ok,
Reconstruction_Analysis_Contract_v1.0.1,2020,timesat_smoothing_spline,2020-07-14,2020,3.7242000000000002,False,2020_segment_2,5.2587151527404785,100,ok,
Reconstruction_Analysis_Contract_v1.0.1,2020,timesat_smoothing_spline,2020-07-15,2020,4.6254900000000001,False,2020_segment_2,5.2879829406738281,100,ok,
Reconstruction_Analysis_Contract_v1.0.1,2020,timesat_smoothing_spline,2020-07-16,2020,4.1153300000000002,False,2020_segment_2,5.3220772743225098,100,ok,
Reconstruction_Analysis_Contract_v1.0.1,2020,timesat_smoothing_spline,2020-07-17,2020,3.3670800000000001,False,2020_segment_2,5.3720378875732422,100,ok,
Reconstruction_Analysis_Contract_v1.0.1,2020,timesat_smoothing_spline,2020-07-18,2020,3.38409,False,2020_segment_2,5.4489054679870605,100,ok,
Reconstruction_Analysis_Contract_v1.0.1,2020,timesat_smoothing_spline,2020-07-19,2020,3.8602400000000001,False,2020_segment_2,5.5637192726135254,100,ok,
Reconstruction_Analysis_Contract_v1.0.1,2020,timesat_smoothing_spline,2020-07-20,2020,3.6901899999999999,False,2020_segment_2,5.7275199890136719,100,ok,
Reconstruction_Analysis_Contract_v1.0.1,2020,timesat_smoothing_spline,2020-07-21,2020,4.2003500000000003,False,2020_segment_2,5.9513473510742188,100,ok,
Reconstruction_Analysis_Contract_v1.0.1,2020,timesat_smoothing_spline,2020-07-22,2020,4.0303000000000004,False,2020_segment_2,6.246241569519043,100,ok,
Reconstruction_Analysis_Contract_v1.0.1,2020,timesat_smoothing_spline,2020-07-23,2020,4.2513699999999996,False,2020_segment_2,6.6232419013977051,100,ok,
Reconstruction_Analysis_Contract_v1.0.1,2020,timesat_smoothing_spline,2020-07-24,2020,4.1323299999999996,False,2020_segment_2,7.0933895111083984,100,ok,
Reconstruction_Analysis_Contract_v1.0.1,2020,timesat_smoothing_spline,2020-07-25,2020,5.1186499999999997,True,2020_segment_2,7.6677236557006836,100,ok,
Reconstruction_Analysis_Contract_v1.0.1,2020,timesat_smoothing_spline,2020-07-26,2020,5.03362,False,2020_segment_2,8.3530359268188477,100,ok,
Reconstruction_Analysis_Contract_v1.0.1,2020,timesat_smoothing_spline,2020-07-27,2020,6.0539500000000004,False,2020_segment_2,9.139124870300293,100,ok,
Reconstruction_Analysis_Contract_v1.0.1,2020,timesat_smoothing_spline,2020-07-28,2020,7.8764399999999997,False,2020_segment_2,10.011538505554199,100,ok,
Reconstruction_Analysis_Contract_v1.0.1,2020,timesat_smoothing_spline,2020-07-29,2020,8.0701199999999993,False,2020_segment_2,10.955826759338379,100,ok,
Reconstruction_Analysis_Contract_v1.0.1,2020,timesat_smoothing_spline,2020-07-30,2020,9.5873100000000004,False,2020_segment_2,11.957539558410645,100,ok,
Reconstruction_Analysis_Contract_v1.0.1,2020,timesat_smoothing_spline,2020-07-31,2020,9.9101099999999995,False,2020_segment_2,13.002224922180176,100,ok,
Reconstruction_Analysis_Contract_v1.0.1,2020,timesat_smoothing_spline,2020-08-01,2020,10.039199999999999,True,2020_segment_2,14.075432777404785,100,ok,
Reconstruction_Analysis_Contract_v1.0.1,2020,timesat_smoothing_spline,2020-08-02,2020,11.2659,False,2020_segment_2,15.155985832214355,100,ok,
Reconstruction_Analysis_Contract_v1.0.1,2020,timesat_smoothing_spline,2020-08-03,2020,11.782400000000001,False,2020_segment_2,16.195796966552734,100,ok,
Reconstruction_Analysis_Contract_v1.0.1,2020,timesat_smoothing_spline,2020-08-04,2020,32.060600000000001,False,2020_segment_2,17.140054702758789,100,ok,
Reconstruction_Analysis_Contract_v1.0.1,2020,timesat_smoothing_spline,2020-08-05,2020,21.400500000000001,False,2020_segment_2,17.933944702148438,100,ok,
Reconstruction_Analysis_Contract_v1.0.1,2020,timesat_smoothing_spline,2020-08-06,2020,36.148299999999999,False,2020_segment_2,18.522653579711914,100,ok,
Reconstruction_Analysis_Contract_v1.0.1,2020,timesat_smoothing_spline,2020-08-07,2020,36.789499999999997,False,2020_segment_2,18.851369857788086,100,ok,
Reconstruction_Analysis_Contract_v1.0.1,2020,timesat_smoothing_spline,2020-08-08,2020,38.312399999999997,False,2020_segment_2,18.865280151367188,100,ok,
Reconstruction_Analysis_Contract_v1.0.1,2020,timesat_smoothing_spline,2020-08-09,2020,38.953600000000002,True,2020_segment_2,18.50956916809082,100,ok,
Reconstruction_Analysis_Contract_v1.0.1,2020,timesat_smoothing_spline,2020-08-10,2020,36.468899999999998,False,2020_segment_2,17.763500213623047,100,ok,
Reconstruction_Analysis_Contract_v1.0.1,2020,timesat_smoothing_spline,2020-08-11,2020,7.8166799999999999,True,2020_segment_2,16.742626190185547,100,ok,
Reconstruction_Analysis_Contract_v1.0.1,2020,timesat_smoothing_spline,2020-08-12,2020,6.2315899999999997,False,2020_segment_2,15.581697463989258,100,ok,
Reconstruction_Analysis_Contract_v1.0.1,2020,timesat_smoothing_spline,2020-08-13,2020,6.8842699999999999,False,2020_segment_2,14.355957984924316,100,ok,
Reconstruction_Analysis_Contract_v1.0.1,2020,timesat_smoothing_spline,2020-08-14,2020,11.1112,True,2020_segment_2,13.125776290893555,100,ok,
Reconstruction_Analysis_Contract_v1.0.1,2020,timesat_smoothing_spline,2020-08-15,2020,7.7079000000000004,False,2020_segment_2,11.948163032531738,100,ok,
Reconstruction_Analysis_Contract_v1.0.1,2020,timesat_smoothing_spline,2020-08-16,2020,8.4538200000000003,True,2020_segment_2,10.866696357727051,100,ok,
Reconstruction_Analysis_Contract_v1.0.1,2020,timesat_smoothing_spline,2020-08-17,2020,8.2517999999999994,False,2020_segment_2,9.9175786972045898,100,ok,
Reconstruction_Analysis_Contract_v1.0.1,2020,timesat_smoothing_spline,2020-08-18,2020,5.8770899999999999,False,2020_segment_2,9.1209230422973633,100,ok,
Reconstruction_Analysis_Contract_v1.0.1,2020,timesat_smoothing_spline,2020-08-19,2020,5.4730999999999996,True,2020_segment_2,8.4928245544433594,100,ok,
Reconstruction_Analysis_Contract_v1.0.1,2020,timesat_smoothing_spline,2020-08-20,2020,5.8001399999999999,False,2020_segment_2,8.044342041015625,100,ok,
Reconstruction_Analysis_Contract_v1.0.1,2020,timesat_smoothing_spline,2020-08-21,2020,6.5023099999999996,True,2020_segment_2,7.7664046287536621,100,ok,
Reconstruction_Analysis_Contract_v1.0.1,2020,timesat_smoothing_spline,2020-08-22,2020,7.5988600000000002,False,2020_segment_2,7.6428027153015137,100,ok,
Reconstruction_Analysis_Contract_v1.0.1,2020,timesat_smoothing_spline,2020-08-23,2020,12.485200000000001,False,2020_segment_2,7.6488971710205078,100,ok,
Reconstruction_Analysis_Contract_v1.0.1,2020,timesat_smoothing_spline,2020-08-24,2020,9.76309,True,2020_segment_2,7.7579436302185059,100,ok,
Reconstruction_Analysis_Contract_v1.0.1,2020,timesat_smoothing_spline,2020-08-25,2020,8.9546399999999995,False,2020_segment_2,7.9465384483337402,100,ok,
Reconstruction_Analysis_Contract_v1.0.1,2020,timesat_smoothing_spline,2020-08-26,2020,9.0987100000000005,True,2020_segment_2,8.2046470642089844,100,ok,
Reconstruction_Analysis_Contract_v1.0.1,2020,timesat_smoothing_spline,2020-08-27,2020,10.1579,False,2020_segment_2,8.5270662307739258,100,ok,
Reconstruction_Analysis_Contract_v1.0.1,2020,timesat_smoothing_spline,2020-08-28,2020,10.274800000000001,False,2020_segment_2,8.9145526885986328,100,ok,
Reconstruction_Analysis_Contract_v1.0.1,2020,timesat_smoothing_spline,2020-08-29,2020,10.3918,False,2020_segment_2,9.3693523406982422,100,ok,
Reconstruction_Analysis_Contract_v1.0.1,2020,timesat_smoothing_spline,2020-08-30,2020,15.5265,False,2020_segment_2,9.8937149047851562,100,ok,
Reconstruction_Analysis_Contract_v1.0.1,2020,timesat_smoothing_spline,2020-08-31,2020,6.5054100000000004,False,2020_segment_2,10.489886283874512,100,ok,
Reconstruction_Analysis_Contract_v1.0.1,2020,timesat_smoothing_spline,2020-09-01,2020,9.6933600000000002,False,2020_segment_2,11.160113334655762,100,ok,
Reconstruction_Analysis_Contract_v1.0.1,2020,timesat_smoothing_spline,2020-09-02,2020,7.2078800000000003,False,2020_segment_2,11.906643867492676,100,ok,
Reconstruction_Analysis_Contract_v1.0.1,2020,timesat_smoothing_spline,2020-09-03,2020,16.542200000000001,False,2020_segment_2,12.731724739074707,100,ok,
Reconstruction_Analysis_Contract_v1.0.1,2020,timesat_smoothing_spline,2020-09-04,2020,7.4840499999999999,False,2020_segment_2,13.637603759765625,100,ok,
Reconstruction_Analysis_Contract_v1.0.1,2020,timesat_smoothing_spline,2020-09-05,2020,7.3597700000000001,True,2020_segment_2,14.626527786254883,100,ok,
Reconstruction_Analysis_Contract_v1.0.1,2020,timesat_smoothing_spline,2020-09-06,2020,16.5975,False,2020_segment_2,15.688632011413574,100,ok,
Reconstruction_Analysis_Contract_v1.0.1,2020,timesat_smoothing_spline,2020-09-07,2020,13.0488,False,2020_segment_2,16.765607833862305,100,ok,
Reconstruction_Analysis_Contract_v1.0.1,2020,timesat_smoothing_spline,2020-09-08,2020,9.6297300000000003,False,2020_segment_2,17.78703498840332,100,ok,
Reconstruction_Analysis_Contract_v1.0.1,2020,timesat_smoothing_spline,2020-09-09,2020,42.731900000000003,False,2020_segment_2,18.6824951171875,100,ok,
Reconstruction_Analysis_Contract_v1.0.1,2020,timesat_smoothing_spline,2020-09-10,2020,22.781400000000001,True,2020_segment_2,19.381563186645508,100,ok,
Reconstruction_Analysis_Contract_v1.0.1,2020,timesat_smoothing_spline,2020-09-11,2020,35.732500000000002,False,2020_segment_2,19.819488525390625,100,ok,
Reconstruction_Analysis_Contract_v1.0.1,2020,timesat_smoothing_spline,2020-09-12,2020,28.8446,False,2020_segment_2,19.954183578491211,100,ok,
Reconstruction_Analysis_Contract_v1.0.1,2020,timesat_smoothing_spline,2020-09-13,2020,30.6279,True,2020_segment_2,19.749223709106445,100,ok,
Reconstruction_Analysis_Contract_v1.0.1,2020,timesat_smoothing_spline,2020-09-14,2020,19.348600000000001,False,2020_segment_2,19.186319351196289,100,ok,
Reconstruction_Analysis_Contract_v1.0.1,2020,timesat_smoothing_spline,2020-09-15,2020,8.5735299999999999,False,2020_segment_2,18.319704055786133,100,ok,
Reconstruction_Analysis_Contract_v1.0.1,2020,timesat_smoothing_spline,2020-09-16,2020,11.9734,False,2020_segment_2,17.221742630004883,100,ok,
Reconstruction_Analysis_Contract_v1.0.1,2020,timesat_smoothing_spline,2020-09-17,2020,6.9770799999999999,False,2020_segment_2,15.964799880981445,100,ok,
Reconstruction_Analysis_Contract_v1.0.1,2020,timesat_smoothing_spline,2020-09-18,2020,10.0665,True,2020_segment_2,14.621240615844727,100,ok,
Reconstruction_Analysis_Contract_v1.0.1,2020,timesat_smoothing_spline,2020-09-19,2020,13.229900000000001,False,2020_segment_2,13.255837440490723,100,ok,
Reconstruction_Analysis_Contract_v1.0.1,2020,timesat_smoothing_spline,2020-09-20,2020,16.319299999999998,False,2020_segment_2,11.902999877929688,100,ok,
Reconstruction_Analysis_Contract_v1.0.1,2020,timesat_smoothing_spline,2020-09-21,2020,3.9172199999999999,False,2020_segment_2,10.589545249938965,100,ok,
Reconstruction_Analysis_Contract_v1.0.1,2020,timesat_smoothing_spline,2020-09-22,2020,6.07538,False,2020_segment_2,9.3422908782958984,100,ok,
Reconstruction_Analysis_Contract_v1.0.1,2020,timesat_smoothing_spline,2020-09-23,2020,4.8857900000000001,True,2020_segment_2,8.1880531311035156,100,ok,
Reconstruction_Analysis_Contract_v1.0.1,2020,timesat_smoothing_spline,2020-09-24,2020,4.2777799999999999,False,2020_segment_2,7.1481475830078125,100,ok,
Reconstruction_Analysis_Contract_v1.0.1,2020,timesat_smoothing_spline,2020-09-25,2020,4.4297800000000001,False,2020_segment_2,6.2218708992004395,100,ok,
Reconstruction_Analysis_Contract_v1.0.1,2020,timesat_smoothing_spline,2020-09-26,2020,3.89777,False,2020_segment_2,5.4030184745788574,100,ok,
Reconstruction_Analysis_Contract_v1.0.1,2020,timesat_smoothing_spline,2020-09-27,2020,3.0291899999999998,False,2020_segment_2,4.6853847503662109,100,ok,
Reconstruction_Analysis_Contract_v1.0.1,2020,timesat_smoothing_spline,2020-09-28,2020,3.0291899999999998,False,2020_segment_2,4.0627651214599609,100,ok,
Reconstruction_Analysis_Contract_v1.0.1,2020,timesat_smoothing_spline,2020-09-29,2020,2.4731999999999998,False,2020_segment_2,3.5289535522460938,100,ok,
Reconstruction_Analysis_Contract_v1.0.1,2020,timesat_smoothing_spline,2020-09-30,2020,3.31847,False,2020_segment_2,3.0777451992034912,100,ok,
Reconstruction_Analysis_Contract_v1.0.1,2020,timesat_smoothing_spline,2020-10-01,2020,3.5793599999999999,False,2020_segment_2,2.7029345035552979,100,ok,
Reconstruction_Analysis_Contract_v1.0.1,2020,timesat_smoothing_spline,2020-10-02,2020,3.0367099999999998,False,2020_segment_2,2.3983163833618164,100,ok,
Reconstruction_Analysis_Contract_v1.0.1,2020,timesat_smoothing_spline,2020-10-03,2020,2.5358100000000001,False,2020_segment_2,2.1576855182647705,100,ok,
Reconstruction_Analysis_Contract_v1.0.1,2020,timesat_smoothing_spline,2020-10-04,2020,2.6714699999999998,False,2020_segment_2,1.9748365879058838,100,ok,
Reconstruction_Analysis_Contract_v1.0.1,2020,timesat_smoothing_spline,2020-10-05,2020,2.6297299999999999,False,2020_segment_2,1.8435642719268799,100,ok,
Reconstruction_Analysis_Contract_v1.0.1,2020,timesat_smoothing_spline,2020-10-06,2020,2.76539,False,2020_segment_2,1.757663369178772,100,ok,
Reconstruction_Analysis_Contract_v1.0.1,2020,timesat_smoothing_spline,2020-10-07,2020,2.5149400000000002,False,2020_segment_2,1.7109284400939941,100,ok,
Reconstruction_Analysis_Contract_v1.0.1,2020,timesat_smoothing_spline,2020-10-08,2020,2.8801800000000002,False,2020_segment_2,1.6971544027328491,100,ok,
Reconstruction_Analysis_Contract_v1.0.1,2020,timesat_smoothing_spline,2020-10-09,2020,2.9114900000000001,False,2020_segment_2,1.710135817527771,100,ok,
Reconstruction_Analysis_Contract_v1.0.1,2020,timesat_smoothing_spline,2020-10-10,2020,2.8697499999999998,False,2020_segment_2,1.7436674833297729,100,ok,
Reconstruction_Analysis_Contract_v1.0.1,2020,timesat_smoothing_spline,2020-10-11,2020,2.76539,False,2020_segment_2,1.7915440797805786,100,ok,
Reconstruction_Analysis_Contract_v1.0.1,2020,timesat_smoothing_spline,2020-10-12,2020,3.0680200000000002,False,2020_segment_2,1.8475604057312012,100,ok,
Reconstruction_Analysis_Contract_v1.0.1,2020,timesat_smoothing_spline,2020-10-13,2020,2.4195199999999999,False,2020_segment_2,1.9055109024047852,100,ok,
Reconstruction_Analysis_Contract_v1.0.1,2020,timesat_smoothing_spline,2020-10-14,2020,2.5827399999999998,False,2020_segment_2,1.9591906070709229,100,ok,
Reconstruction_Analysis_Contract_v1.0.1,2020,timesat_smoothing_spline,2020-10-15,2020,2.75556,True,2020_segment_2,2.0023941993713379,100,ok,
Reconstruction_Analysis_Contract_v1.0.1,2020,timesat_smoothing_spline,2020-10-16,2020,3.0051899999999998,False,2020_segment_2,2.0301713943481445,100,ok,
Reconstruction_Analysis_Contract_v1.0.1,2020,timesat_smoothing_spline,2020-10-17,2020,3.2260200000000001,False,2020_segment_2,2.0425934791564941,100,ok,
Reconstruction_Analysis_Contract_v1.0.1,2020,timesat_smoothing_spline,2020-10-18,2020,2.57314,False,2020_segment_2,2.0409867763519287,100,ok,
Reconstruction_Analysis_Contract_v1.0.1,2020,timesat_smoothing_spline,2020-10-19,2020,2.5635300000000001,False,2020_segment_2,2.0266778469085693,100,ok,
Reconstruction_Analysis_Contract_v1.0.1,2020,timesat_smoothing_spline,2020-10-20,2020,2.88998,False,2020_segment_2,2.0009927749633789,100,ok,
Reconstruction_Analysis_Contract_v1.0.1,2020,timesat_smoothing_spline,2020-10-21,2020,3.6964800000000002,False,2020_segment_2,1.9652581214904785,100,ok,
Reconstruction_Analysis_Contract_v1.0.1,2020,timesat_smoothing_spline,2020-10-22,2020,3.7540900000000001,False,2020_segment_2,1.9208002090454102,100,ok,
Reconstruction_Analysis_Contract_v1.0.1,2020,timesat_smoothing_spline,2020-10-23,2020,2.8035600000000001,False,2020_segment_2,1.8689454793930054,100,ok,
Reconstruction_Analysis_Contract_v1.0.1,2020,timesat_smoothing_spline,2020-10-24,2020,3.2452200000000002,False,2020_segment_2,1.8110201358795166,100,ok,
Reconstruction_Analysis_Contract_v1.0.1,2020,timesat_smoothing_spline,2020-10-25,2020,3.0628000000000002,False,2020_segment_2,1.7483506202697754,100,ok,
Reconstruction_Analysis_Contract_v1.0.1,2020,timesat_smoothing_spline,2020-10-26,2020,2.0608200000000001,False,2020_segment_2,1.6822633743286133,100,ok,
Reconstruction_Analysis_Contract_v1.0.1,2020,timesat_smoothing_spline,2020-10-27,2020,1.32568,False,2020_segment_2,1.6140848398208618,100,ok,
Reconstruction_Analysis_Contract_v1.0.1,2020,timesat_smoothing_spline,2020-10-28,2020,1.2944899999999999,False,2020_segment_2,1.5451411008834839,100,ok,
Reconstruction_Analysis_Contract_v1.0.1,2020,timesat_smoothing_spline,2020-10-29,2020,1.2633099999999999,False,2020_segment_2,1.4767588376998901,100,ok,
Reconstruction_Analysis_Contract_v1.0.1,2020,timesat_smoothing_spline,2020-10-30,2020,1.2321200000000001,False,2020_segment_2,1.410264253616333,100,ok,
Reconstruction_Analysis_Contract_v1.0.1,2020,timesat_smoothing_spline,2020-10-31,2020,1.2009399999999999,False,2020_segment_2,1.346983790397644,100,ok,
Reconstruction_Analysis_Contract_v1.0.1,2020,timesat_smoothing_spline,2020-11-01,2020,1.9818100000000001,False,2020_segment_2,1.2882436513900757,100,ok,
Reconstruction_Analysis_Contract_v1.0.1,2020,timesat_smoothing_spline,2020-11-02,2020,1.86988,False,2020_segment_2,1.2353705167770386,100,ok,
Reconstruction_Analysis_Contract_v1.0.1,2020,timesat_smoothing_spline,2020-11-03,2020,1.5736000000000001,False,2020_segment_2,1.1896904706954956,100,ok,
Reconstruction_Analysis_Contract_v1.0.1,2020,timesat_smoothing_spline,2020-11-04,2020,1.0762,True,2020_segment_2,1.1525300741195679,100,ok,
Reconstruction_Analysis_Contract_v1.0.1,2020,timesat_smoothing_spline,2020-11-05,2020,1.04501,False,2020_segment_2,1.1250884532928467,100,ok,
Reconstruction_Analysis_Contract_v1.0.1,2020,timesat_smoothing_spline,2020-11-06,2020,1.01383,False,2020_segment_2,1.1080557107925415,100,ok,
Reconstruction_Analysis_Contract_v1.0.1,2020,timesat_smoothing_spline,2020-11-07,2020,0.98264399999999996,False,2020_segment_2,1.1019952297210693,100,ok,
Reconstruction_Analysis_Contract_v1.0.1,2020,timesat_smoothing_spline,2020-11-08,2020,0.95145900000000005,False,2020_segment_2,1.1074697971343994,100,ok,
Reconstruction_Analysis_Contract_v1.0.1,2020,timesat_smoothing_spline,2020-11-09,2020,0.92027400000000004,True,2020_segment_2,1.1250426769256592,100,ok,
Reconstruction_Analysis_Contract_v1.0.1,2020,timesat_smoothing_spline,2020-11-10,2020,1.35036,False,2020_segment_2,1.1549355983734131,100,ok,
Reconstruction_Analysis_Contract_v1.0.1,2020,timesat_smoothing_spline,2020-11-11,2020,1.3564400000000001,False,2020_segment_2,1.19600510597229,100,ok,
Reconstruction_Analysis_Contract_v1.0.1,2020,timesat_smoothing_spline,2020-11-12,2020,2.8500000000000001,False,2020_segment_2,1.2467668056488037,100,ok,
Reconstruction_Analysis_Contract_v1.0.1,2020,timesat_smoothing_spline,2020-11-13,2020,2.96,False,2020_segment_2,1.3057359457015991,100,ok,
Reconstruction_Analysis_Contract_v1.0.1,2020,timesat_smoothing_spline,2020-11-14,2020,2.4500000000000002,False,2020_segment_2,1.3714278936386108,100,ok,
Reconstruction_Analysis_Contract_v1.0.1,2020,timesat_smoothing_spline,2020-11-15,2020,2.46,False,2020_segment_2,1.442358136177063,100,ok,
Reconstruction_Analysis_Contract_v1.0.1,2020,timesat_smoothing_spline,2020-11-16,2020,2.29,False,2020_segment_2,1.5170419216156006,100,ok,
Reconstruction_Analysis_Contract_v1.0.1,2020,timesat_smoothing_spline,2020-11-17,2020,2.4100000000000001,False,2020_segment_2,1.5939948558807373,100,ok,
Reconstruction_Analysis_Contract_v1.0.1,2020,timesat_smoothing_spline,2020-11-18,2020,2.0899999999999999,False,2020_segment_2,1.6717320680618286,100,ok,
Reconstruction_Analysis_Contract_v1.0.1,2020,timesat_smoothing_spline,2020-11-19,2020,2.1400000000000001,False,2020_segment_2,1.7487691640853882,100,ok,
Reconstruction_Analysis_Contract_v1.0.1,2020,timesat_smoothing_spline,2020-11-20,2020,2.2400000000000002,False,2020_segment_2,1.8236212730407715,100,ok,
Reconstruction_Analysis_Contract_v1.0.1,2020,timesat_smoothing_spline,2020-11-21,2020,2.3500000000000001,False,2020_segment_2,1.8948040008544922,100,ok,
Reconstruction_Analysis_Contract_v1.0.1,2020,timesat_smoothing_spline,2020-11-22,2020,2.1299999999999999,True,2020_segment_2,1.9608327150344849,100,ok,
Reconstruction_Analysis_Contract_v1.0.1,2021,linear_interpolation,2021-03-19,2021,3.4342299999999999,True,2021_segment_1,3.4342299999999999,,ok,
Reconstruction_Analysis_Contract_v1.0.1,2021,linear_interpolation,2021-03-20,2021,4.6899800000000003,False,2021_segment_1,3.6863033333333335,,ok,
Reconstruction_Analysis_Contract_v1.0.1,2021,linear_interpolation,2021-03-21,2021,4.0031299999999996,False,2021_segment_1,3.9383766666666666,,ok,
Reconstruction_Analysis_Contract_v1.0.1,2021,linear_interpolation,2021-03-22,2021,4.1904500000000002,True,2021_segment_1,4.1904500000000002,,ok,
Reconstruction_Analysis_Contract_v1.0.1,2021,linear_interpolation,2021-03-23,2021,5.1270600000000002,False,2021_segment_1,6.2683458333333331,,ok,
Reconstruction_Analysis_Contract_v1.0.1,2021,linear_interpolation,2021-03-24,2021,5.8416600000000001,False,2021_segment_1,8.3462416666666677,,ok,
Reconstruction_Analysis_Contract_v1.0.1,2021,linear_interpolation,2021-03-25,2021,5.6265799999999997,False,2021_segment_1,10.424137500000001,,ok,
Reconstruction_Analysis_Contract_v1.0.1,2021,linear_interpolation,2021-03-26,2021,7.4032200000000001,False,2021_segment_1,12.502033333333333,,ok,
Reconstruction_Analysis_Contract_v1.0.1,2021,linear_interpolation,2021-03-27,2021,9.6227699999999992,False,2021_segment_1,14.579929166666666,,ok,
Reconstruction_Analysis_Contract_v1.0.1,2021,linear_interpolation,2021-03-28,2021,11.2254,False,2021_segment_1,16.657824999999999,,ok,
Reconstruction_Analysis_Contract_v1.0.1,2021,linear_interpolation,2021-03-29,2021,10.7361,False,2021_segment_1,18.735720833333332,,ok,
Reconstruction_Analysis_Contract_v1.0.1,2021,linear_interpolation,2021-03-30,2021,13.0663,False,2021_segment_1,20.813616666666668,,ok,
Reconstruction_Analysis_Contract_v1.0.1,2021,linear_interpolation,2021-03-31,2021,16.456299999999999,False,2021_segment_1,22.891512500000001,,ok,
Reconstruction_Analysis_Contract_v1.0.1,2021,linear_interpolation,2021-04-01,2021,20.668199999999999,False,2021_segment_1,24.969408333333334,,ok,
Reconstruction_Analysis_Contract_v1.0.1,2021,linear_interpolation,2021-04-02,2021,29.1557,False,2021_segment_1,27.047304166666667,,ok,
Reconstruction_Analysis_Contract_v1.0.1,2021,linear_interpolation,2021-04-03,2021,29.1252,True,2021_segment_1,29.1252,,ok,
Reconstruction_Analysis_Contract_v1.0.1,2021,linear_interpolation,2021-04-04,2021,27.808399999999999,False,2021_segment_1,30.873799999999999,,ok,
Reconstruction_Analysis_Contract_v1.0.1,2021,linear_interpolation,2021-04-05,2021,23.422599999999999,False,2021_segment_1,32.622399999999999,,ok,
Reconstruction_Analysis_Contract_v1.0.1,2021,linear_interpolation,2021-04-06,2021,32.954999999999998,False,2021_segment_1,34.371000000000002,,ok,
Reconstruction_Analysis_Contract_v1.0.1,2021,linear_interpolation,2021-04-07,2021,35.546100000000003,False,2021_segment_1,36.119599999999998,,ok,
Reconstruction_Analysis_Contract_v1.0.1,2021,linear_interpolation,2021-04-08,2021,37.868200000000002,True,2021_segment_1,37.868200000000002,,ok,
Reconstruction_Analysis_Contract_v1.0.1,2021,linear_interpolation,2021-04-09,2021,35.853400000000001,False,2021_segment_1,33.526879999999998,,ok,
Reconstruction_Analysis_Contract_v1.0.1,2021,linear_interpolation,2021-04-10,2021,25.151399999999999,False,2021_segment_1,29.185560000000002,,ok,
Reconstruction_Analysis_Contract_v1.0.1,2021,linear_interpolation,2021-04-11,2021,23.660399999999999,False,2021_segment_1,24.844239999999999,,ok,
Reconstruction_Analysis_Contract_v1.0.1,2021,linear_interpolation,2021-04-12,2021,26.803100000000001,False,2021_segment_1,20.50292,,ok,
Reconstruction_Analysis_Contract_v1.0.1,2021,linear_interpolation,2021-04-13,2021,16.1616,True,2021_segment_1,16.1616,,ok,
Reconstruction_Analysis_Contract_v1.0.1,2021,linear_interpolation,2021-04-14,2021,10.6212,False,2021_segment_1,13.516646,,ok,
Reconstruction_Analysis_Contract_v1.0.1,2021,linear_interpolation,2021-04-15,2021,6.2700399999999998,False,2021_segment_1,10.871691999999999,,ok,
Reconstruction_Analysis_Contract_v1.0.1,2021,linear_interpolation,2021-04-16,2021,4.2911299999999999,False,2021_segment_1,8.226738000000001,,ok,
Reconstruction_Analysis_Contract_v1.0.1,2021,linear_interpolation,2021-04-17,2021,3.2130999999999998,False,2021_segment_1,5.5817840000000007,,ok,
Reconstruction_Analysis_Contract_v1.0.1,2021,linear_interpolation,2021-04-18,2021,2.9368300000000001,True,2021_segment_1,2.9368300000000001,,ok,
Reconstruction_Analysis_Contract_v1.0.1,2021,linear_interpolation,2021-04-19,2021,2.6275300000000001,False,2021_segment_1,3.3607533333333333,,ok,
Reconstruction_Analysis_Contract_v1.0.1,2021,linear_interpolation,2021-04-20,2021,3.9138299999999999,False,2021_segment_1,3.7846766666666665,,ok,
Reconstruction_Analysis_Contract_v1.0.1,2021,linear_interpolation,2021-04-21,2021,4.2085999999999997,True,2021_segment_1,4.2085999999999997,,ok,
Reconstruction_Analysis_Contract_v1.0.1,2021,linear_interpolation,2021-04-22,2021,3.6026899999999999,False,2021_segment_1,3.8728949999999998,,ok,
Reconstruction_Analysis_Contract_v1.0.1,2021,linear_interpolation,2021-04-23,2021,3.5371899999999998,True,2021_segment_1,3.5371899999999998,,ok,
Reconstruction_Analysis_Contract_v1.0.1,2021,linear_interpolation,2021-04-24,2021,3.5917699999999999,False,2021_segment_1,3.4435926666666665,,ok,
Reconstruction_Analysis_Contract_v1.0.1,2021,linear_interpolation,2021-04-25,2021,3.8919999999999999,False,2021_segment_1,3.3499953333333332,,ok,
Reconstruction_Analysis_Contract_v1.0.1,2021,linear_interpolation,2021-04-26,2021,3.9083700000000001,False,2021_segment_1,3.2563979999999999,,ok,
Reconstruction_Analysis_Contract_v1.0.1,2021,linear_interpolation,2021-04-27,2021,3.70818,False,2021_segment_1,3.1628006666666666,,ok,
Reconstruction_Analysis_Contract_v1.0.1,2021,linear_interpolation,2021-04-28,2021,4.2967000000000004,False,2021_segment_1,3.0692033333333333,,ok,
Reconstruction_Analysis_Contract_v1.0.1,2021,linear_interpolation,2021-04-29,2021,4.1101000000000001,False,2021_segment_1,2.975606,,ok,
Reconstruction_Analysis_Contract_v1.0.1,2021,linear_interpolation,2021-04-30,2021,3.6268400000000001,False,2021_segment_1,2.8820086666666667,,ok,
Reconstruction_Analysis_Contract_v1.0.1,2021,linear_interpolation,2021-05-01,2021,3.1148699999999998,False,2021_segment_1,2.7884113333333334,,ok,
Reconstruction_Analysis_Contract_v1.0.1,2021,linear_interpolation,2021-05-02,2021,2.9426199999999998,False,2021_segment_1,2.694814,,ok,
Reconstruction_Analysis_Contract_v1.0.1,2021,linear_interpolation,2021-05-03,2021,3.2010000000000001,False,2021_segment_1,2.6012166666666667,,ok,
Reconstruction_Analysis_Contract_v1.0.1,2021,linear_interpolation,2021-05-04,2021,2.51851,False,2021_segment_1,2.5076193333333334,,ok,
Reconstruction_Analysis_Contract_v1.0.1,2021,linear_interpolation,2021-05-05,2021,2.21435,False,2021_segment_1,2.4140220000000001,,ok,
Reconstruction_Analysis_Contract_v1.0.1,2021,linear_interpolation,2021-05-06,2021,2.2954599999999998,False,2021_segment_1,2.3204246666666668,,ok,
Reconstruction_Analysis_Contract_v1.0.1,2021,linear_interpolation,2021-05-07,2021,1.93451,False,2021_segment_1,2.2268273333333335,,ok,
Reconstruction_Analysis_Contract_v1.0.1,2021,linear_interpolation,2021-05-08,2021,2.1332300000000002,True,2021_segment_1,2.1332300000000002,,ok,
Reconstruction_Analysis_Contract_v1.0.1,2021,linear_interpolation,2021-05-09,2021,2.0399600000000002,False,2021_segment_1,2.1224400000000001,,ok,
Reconstruction_Analysis_Contract_v1.0.1,2021,linear_interpolation,2021-05-10,2021,2.1291799999999999,False,2021_segment_1,2.11165,,ok,
Reconstruction_Analysis_Contract_v1.0.1,2021,linear_interpolation,2021-05-11,2021,1.9680299999999999,False,2021_segment_1,2.1008599999999999,,ok,
Reconstruction_Analysis_Contract_v1.0.1,2021,linear_interpolation,2021-05-12,2021,2.0485899999999999,False,2021_segment_1,2.0900699999999999,,ok,
Reconstruction_Analysis_Contract_v1.0.1,2021,linear_interpolation,2021-05-13,2021,2.0792799999999998,True,2021_segment_1,2.0792799999999998,,ok,
Reconstruction_Analysis_Contract_v1.0.1,2021,linear_interpolation,2021-05-14,2021,1.90665,False,2021_segment_1,2.1181039999999998,,ok,
Reconstruction_Analysis_Contract_v1.0.1,2021,linear_interpolation,2021-05-15,2021,2.14066,False,2021_segment_1,2.1569279999999997,,ok,
Reconstruction_Analysis_Contract_v1.0.1,2021,linear_interpolation,2021-05-16,2021,2.2902800000000001,False,2021_segment_1,2.1957520000000001,,ok,
Reconstruction_Analysis_Contract_v1.0.1,2021,linear_interpolation,2021-05-17,2021,2.0907900000000001,False,2021_segment_1,2.2345760000000001,,ok,
Reconstruction_Analysis_Contract_v1.0.1,2021,linear_interpolation,2021-05-18,2021,2.2734000000000001,True,2021_segment_1,2.2734000000000001,,ok,
Reconstruction_Analysis_Contract_v1.0.1,2021,linear_interpolation,2021-05-19,2021,2.1675599999999999,False,2021_segment_1,2.2043790000000003,,ok,
Reconstruction_Analysis_Contract_v1.0.1,2021,linear_interpolation,2021-05-20,2021,1.98129,False,2021_segment_1,2.1353580000000001,,ok,
Reconstruction_Analysis_Contract_v1.0.1,2021,linear_interpolation,2021-05-21,2021,2.2564700000000002,False,2021_segment_1,2.0663369999999999,,ok,
Reconstruction_Analysis_Contract_v1.0.1,2021,linear_interpolation,2021-05-22,2021,2.4342700000000002,False,2021_segment_1,1.9973160000000001,,ok,
Reconstruction_Analysis_Contract_v1.0.1,2021,linear_interpolation,2021-05-23,2021,1.9050800000000001,False,2021_segment_1,1.9282950000000001,,ok,
Reconstruction_Analysis_Contract_v1.0.1,2021,linear_interpolation,2021-05-24,2021,1.74421,False,2021_segment_1,1.8592740000000001,,ok,
Reconstruction_Analysis_Contract_v1.0.1,2021,linear_interpolation,2021-05-25,2021,1.7547299999999999,False,2021_segment_1,1.7902530000000001,,ok,
Reconstruction_Analysis_Contract_v1.0.1,2021,linear_interpolation,2021-05-26,2021,1.3544700000000001,False,2021_segment_1,1.7212320000000001,,ok,
Reconstruction_Analysis_Contract_v1.0.1,2021,linear_interpolation,2021-05-27,2021,1.4473800000000001,False,2021_segment_1,1.6522110000000001,,ok,
Reconstruction_Analysis_Contract_v1.0.1,2021,linear_interpolation,2021-05-28,2021,1.5831900000000001,True,2021_segment_1,1.5831900000000001,,ok,
Reconstruction_Analysis_Contract_v1.0.1,2021,linear_interpolation,2021-05-29,2021,1.36161,False,2021_segment_1,1.6715660000000001,,ok,
Reconstruction_Analysis_Contract_v1.0.1,2021,linear_interpolation,2021-05-30,2021,1.5331600000000001,False,2021_segment_1,1.7599420000000001,,ok,
Reconstruction_Analysis_Contract_v1.0.1,2021,linear_interpolation,2021-05-31,2021,1.5117100000000001,False,2021_segment_1,1.8483179999999999,,ok,
Reconstruction_Analysis_Contract_v1.0.1,2021,linear_interpolation,2021-06-01,2021,1.9756800000000001,False,2021_segment_1,1.9366939999999999,,ok,
Reconstruction_Analysis_Contract_v1.0.1,2021,linear_interpolation,2021-06-02,2021,2.0250699999999999,True,2021_segment_1,2.0250699999999999,,ok,
Reconstruction_Analysis_Contract_v1.0.1,2021,linear_interpolation,2021-06-03,2021,2.1856,False,2021_segment_1,1.8864999999999998,,ok,
Reconstruction_Analysis_Contract_v1.0.1,2021,linear_interpolation,2021-06-04,2021,1.69991,False,2021_segment_1,1.74793,,ok,
Reconstruction_Analysis_Contract_v1.0.1,2021,linear_interpolation,2021-06-05,2021,1.6093599999999999,True,2021_segment_1,1.6093599999999999,,ok,
Reconstruction_Analysis_Contract_v1.0.1,2021,linear_interpolation,2021-06-06,2021,1.35416,False,2021_segment_1,1.7266650000000001,,ok,
Reconstruction_Analysis_Contract_v1.0.1,2021,linear_interpolation,2021-06-07,2021,1.8439700000000001,True,2021_segment_1,1.8439700000000001,,ok,
Reconstruction_Analysis_Contract_v1.0.1,2021,linear_interpolation,2021-06-08,2021,1.86138,False,2021_segment_1,1.8513200000000001,,ok,
Reconstruction_Analysis_Contract_v1.0.1,2021,linear_interpolation,2021-06-09,2021,1.6292899999999999,False,2021_segment_1,1.85867,,ok,
Reconstruction_Analysis_Contract_v1.0.1,2021,linear_interpolation,2021-06-10,2021,1.86602,True,2021_segment_1,1.86602,,ok,
Reconstruction_Analysis_Contract_v1.0.1,2021,linear_interpolation,2021-06-11,2021,1.57359,False,2021_segment_1,1.719805,,ok,
Reconstruction_Analysis_Contract_v1.0.1,2021,linear_interpolation,2021-06-12,2021,1.57359,True,2021_segment_1,1.57359,,ok,
Reconstruction_Analysis_Contract_v1.0.1,2021,linear_interpolation,2021-06-13,2021,1.36934,False,2021_segment_1,1.6035200000000001,,ok,
Reconstruction_Analysis_Contract_v1.0.1,2021,linear_interpolation,2021-06-14,2021,1.58287,False,2021_segment_1,1.6334500000000001,,ok,
Reconstruction_Analysis_Contract_v1.0.1,2021,linear_interpolation,2021-06-15,2021,1.6633800000000001,True,2021_segment_1,1.6633800000000001,,ok,
Reconstruction_Analysis_Contract_v1.0.1,2021,linear_interpolation,2021-06-16,2021,1.73698,False,2021_segment_1,1.681044,,ok,
Reconstruction_Analysis_Contract_v1.0.1,2021,linear_interpolation,2021-06-17,2021,1.88418,False,2021_segment_1,1.6987080000000001,,ok,
Reconstruction_Analysis_Contract_v1.0.1,2021,linear_interpolation,2021-06-18,2021,1.6265799999999999,False,2021_segment_1,1.716372,,ok,
Reconstruction_Analysis_Contract_v1.0.1,2021,linear_interpolation,2021-06-19,2021,1.6045,False,2021_segment_1,1.7340360000000001,,ok,
Reconstruction_Analysis_Contract_v1.0.1,2021,linear_interpolation,2021-06-20,2021,1.7517,True,2021_segment_1,1.7517,,ok,
Reconstruction_Analysis_Contract_v1.0.1,2021,linear_interpolation,2021-06-21,2021,1.5235399999999999,False,2021_segment_1,1.7742442857142857,,ok,
Reconstruction_Analysis_Contract_v1.0.1,2021,linear_interpolation,2021-06-22,2021,1.6488,False,2021_segment_1,1.7967885714285714,,ok,
Reconstruction_Analysis_Contract_v1.0.1,2021,linear_interpolation,2021-06-23,2021,1.40923,False,2021_segment_1,1.8193328571428571,,ok,
Reconstruction_Analysis_Contract_v1.0.1,2021,linear_interpolation,2021-06-24,2021,1.66289,False,2021_segment_1,1.841877142857143,,ok,
Reconstruction_Analysis_Contract_v1.0.1,2021,linear_interpolation,2021-06-25,2021,1.85314,False,2021_segment_1,1.8644214285714287,,ok,
Reconstruction_Analysis_Contract_v1.0.1,2021,linear_interpolation,2021-06-26,2021,1.90951,False,2021_segment_1,1.8869657142857144,,ok,
Reconstruction_Analysis_Contract_v1.0.1,2021,linear_interpolation,2021-06-27,2021,1.90951,True,2021_segment_1,1.90951,,ok,
Reconstruction_Analysis_Contract_v1.0.1,2021,linear_interpolation,2021-06-28,2021,2.15612,False,2021_segment_1,2.5867266666666668,,ok,
Reconstruction_Analysis_Contract_v1.0.1,2021,linear_interpolation,2021-06-29,2021,4.9463999999999997,False,2021_segment_1,3.2639433333333336,,ok,
Reconstruction_Analysis_Contract_v1.0.1,2021,linear_interpolation,2021-06-30,2021,3.94116,True,2021_segment_1,3.94116,,ok,
Reconstruction_Analysis_Contract_v1.0.1,2021,linear_interpolation,2021-07-01,2021,3.9252099999999999,False,2021_segment_1,4.4916499999999999,,ok,
Reconstruction_Analysis_Contract_v1.0.1,2021,linear_interpolation,2021-07-02,2021,5.0421399999999998,True,2021_segment_1,5.0421399999999998,,ok,
Reconstruction_Analysis_Contract_v1.0.1,2021,linear_interpolation,2021-07-03,2021,4.4677199999999999,False,2021_segment_1,4.7602466666666663,,ok,
Reconstruction_Analysis_Contract_v1.0.1,2021,linear_interpolation,2021-07-04,2021,3.9571200000000002,False,2021_segment_1,4.4783533333333336,,ok,
Reconstruction_Analysis_Contract_v1.0.1,2021,linear_interpolation,2021-07-05,2021,4.1964600000000001,True,2021_segment_1,4.1964600000000001,,ok,
Reconstruction_Analysis_Contract_v1.0.1,2021,linear_interpolation,2021-07-06,2021,2.8848600000000002,False,2021_segment_1,4.1330960000000001,,ok,
Reconstruction_Analysis_Contract_v1.0.1,2021,linear_interpolation,2021-07-07,2021,3.4419400000000002,False,2021_segment_1,4.0697320000000001,,ok,
Reconstruction_Analysis_Contract_v1.0.1,2021,linear_interpolation,2021-07-08,2021,4.8445799999999997,False,2021_segment_1,4.0063680000000002,,ok,
Reconstruction_Analysis_Contract_v1.0.1,2021,linear_interpolation,2021-07-09,2021,3.74037,False,2021_segment_1,3.9430040000000002,,ok,
Reconstruction_Analysis_Contract_v1.0.1,2021,linear_interpolation,2021-07-10,2021,3.8796400000000002,True,2021_segment_1,3.8796400000000002,,ok,
Reconstruction_Analysis_Contract_v1.0.1,2021,linear_interpolation,2021-07-11,2021,4.2974500000000004,False,2021_segment_1,5.0236350000000005,,ok,
Reconstruction_Analysis_Contract_v1.0.1,2021,linear_interpolation,2021-07-12,2021,6.1676299999999999,True,2021_segment_1,6.1676299999999999,,ok,
Reconstruction_Analysis_Contract_v1.0.1,2021,linear_interpolation,2021-07-13,2021,6.7786200000000001,False,2021_segment_1,6.3252733333333335,,ok,
Reconstruction_Analysis_Contract_v1.0.1,2021,linear_interpolation,2021-07-14,2021,6.5163099999999998,False,2021_segment_1,6.4829166666666662,,ok,
Reconstruction_Analysis_Contract_v1.0.1,2021,linear_interpolation,2021-07-15,2021,6.6405599999999998,True,2021_segment_1,6.6405599999999998,,ok,
Reconstruction_Analysis_Contract_v1.0.1,2021,linear_interpolation,2021-07-16,2021,6.4058599999999997,False,2021_segment_1,6.4638469999999995,,ok,
Reconstruction_Analysis_Contract_v1.0.1,2021,linear_interpolation,2021-07-17,2021,6.0607199999999999,False,2021_segment_1,6.287134,,ok,
Reconstruction_Analysis_Contract_v1.0.1,2021,linear_interpolation,2021-07-18,2021,6.0331099999999998,False,2021_segment_1,6.1104209999999997,,ok,
Reconstruction_Analysis_Contract_v1.0.1,2021,linear_interpolation,2021-07-19,2021,5.3290199999999999,False,2021_segment_1,5.9337080000000002,,ok,
Reconstruction_Analysis_Contract_v1.0.1,2021,linear_interpolation,2021-07-20,2021,6.3644499999999997,False,2021_segment_1,5.7569949999999999,,ok,
Reconstruction_Analysis_Contract_v1.0.1,2021,linear_interpolation,2021-07-21,2021,5.3980499999999996,False,2021_segment_1,5.5802819999999995,,ok,
Reconstruction_Analysis_Contract_v1.0.1,2021,linear_interpolation,2021-07-22,2021,5.7569900000000001,False,2021_segment_1,5.4035690000000001,,ok,
Reconstruction_Analysis_Contract_v1.0.1,2021,linear_interpolation,2021-07-23,2021,5.3704299999999998,False,2021_segment_1,5.2268559999999997,,ok,
Reconstruction_Analysis_Contract_v1.0.1,2021,linear_interpolation,2021-07-24,2021,4.9424599999999996,False,2021_segment_1,5.0501430000000003,,ok,
Reconstruction_Analysis_Contract_v1.0.1,2021,linear_interpolation,2021-07-25,2021,4.8734299999999999,True,2021_segment_1,4.8734299999999999,,ok,
Reconstruction_Analysis_Contract_v1.0.1,2021,linear_interpolation,2021-07-26,2021,4.9838699999999996,False,2021_segment_1,5.5816300000000005,,ok,
Reconstruction_Analysis_Contract_v1.0.1,2021,linear_interpolation,2021-07-27,2021,6.2898300000000003,True,2021_segment_1,6.2898300000000003,,ok,
Reconstruction_Analysis_Contract_v1.0.1,2021,linear_interpolation,2021-07-28,2021,5.6227299999999998,False,2021_segment_1,7.6528270000000003,,ok,
Reconstruction_Analysis_Contract_v1.0.1,2021,linear_interpolation,2021-07-29,2021,8.0433599999999998,False,2021_segment_1,9.0158240000000003,,ok,
Reconstruction_Analysis_Contract_v1.0.1,2021,linear_interpolation,2021-07-30,2021,8.5770400000000002,False,2021_segment_1,10.378821,,ok,
Reconstruction_Analysis_Contract_v1.0.1,2021,linear_interpolation,2021-07-31,2021,8.2530199999999994,False,2021_segment_1,11.741817999999999,,ok,
Reconstruction_Analysis_Contract_v1.0.1,2021,linear_interpolation,2021-08-01,2021,7.6240399999999999,False,2021_segment_1,13.104814999999999,,ok,
Reconstruction_Analysis_Contract_v1.0.1,2021,linear_interpolation,2021-08-02,2021,7.7384000000000004,False,2021_segment_1,14.467811999999999,,ok,
Reconstruction_Analysis_Contract_v1.0.1,2021,linear_interpolation,2021-08-03,2021,20.7455,False,2021_segment_1,15.830808999999999,,ok,
Reconstruction_Analysis_Contract_v1.0.1,2021,linear_interpolation,2021-08-04,2021,24.822299999999998,False,2021_segment_1,17.193805999999999,,ok,
Reconstruction_Analysis_Contract_v1.0.1,2021,linear_interpolation,2021-08-05,2021,17.442699999999999,False,2021_segment_1,18.556802999999999,,ok,
Reconstruction_Analysis_Contract_v1.0.1,2021,linear_interpolation,2021-08-06,2021,19.919799999999999,True,2021_segment_1,19.919799999999999,,ok,
Reconstruction_Analysis_Contract_v1.0.1,2021,linear_interpolation,2021-08-07,2021,18.732800000000001,False,2021_segment_1,21.674366666666664,,ok,
Reconstruction_Analysis_Contract_v1.0.1,2021,linear_interpolation,2021-08-08,2021,24.151399999999999,False,2021_segment_1,23.428933333333333,,ok,
Reconstruction_Analysis_Contract_v1.0.1,2021,linear_interpolation,2021-08-09,2021,25.183499999999999,True,2021_segment_1,25.183499999999999,,ok,
Reconstruction_Analysis_Contract_v1.0.1,2021,linear_interpolation,2021-08-10,2021,14.1211,False,2021_segment_1,20.076899999999998,,ok,
Reconstruction_Analysis_Contract_v1.0.1,2021,linear_interpolation,2021-08-11,2021,14.9703,True,2021_segment_1,14.9703,,ok,
Reconstruction_Analysis_Contract_v1.0.1,2021,linear_interpolation,2021-08-12,2021,14.0726,False,2021_segment_1,14.118408000000001,,ok,
Reconstruction_Analysis_Contract_v1.0.1,2021,linear_interpolation,2021-08-13,2021,12.3256,False,2021_segment_1,13.266515999999999,,ok,
Reconstruction_Analysis_Contract_v1.0.1,2021,linear_interpolation,2021-08-14,2021,12.6168,False,2021_segment_1,12.414624,,ok,
Reconstruction_Analysis_Contract_v1.0.1,2021,linear_interpolation,2021-08-15,2021,13.2476,False,2021_segment_1,11.562732,,ok,
Reconstruction_Analysis_Contract_v1.0.1,2021,linear_interpolation,2021-08-16,2021,12.398400000000001,False,2021_segment_1,10.710839999999999,,ok,
Reconstruction_Analysis_Contract_v1.0.1,2021,linear_interpolation,2021-08-17,2021,4.0295699999999997,False,2021_segment_1,9.8589479999999998,,ok,
Reconstruction_Analysis_Contract_v1.0.1,2021,linear_interpolation,2021-08-18,2021,3.8565800000000001,False,2021_segment_1,9.0070560000000004,,ok,
Reconstruction_Analysis_Contract_v1.0.1,2021,linear_interpolation,2021-08-19,2021,4.6706399999999997,False,2021_segment_1,8.1551639999999992,,ok,
Reconstruction_Analysis_Contract_v1.0.1,2021,linear_interpolation,2021-08-20,2021,5.19977,False,2021_segment_1,7.3032719999999998,,ok,
Reconstruction_Analysis_Contract_v1.0.1,2021,linear_interpolation,2021-08-21,2021,6.4513800000000003,True,2021_segment_1,6.4513800000000003,,ok,
Reconstruction_Analysis_Contract_v1.0.1,2021,linear_interpolation,2021-08-22,2021,6.5327900000000003,False,2021_segment_1,6.589296,,ok,
Reconstruction_Analysis_Contract_v1.0.1,2021,linear_interpolation,2021-08-23,2021,8.3440600000000007,False,2021_segment_1,6.7272120000000006,,ok,
Reconstruction_Analysis_Contract_v1.0.1,2021,linear_interpolation,2021-08-24,2021,9.3872699999999991,False,2021_segment_1,6.8651280000000003,,ok,
Reconstruction_Analysis_Contract_v1.0.1,2021,linear_interpolation,2021-08-25,2021,9.8422699999999992,False,2021_segment_1,7.003044,,ok,
Reconstruction_Analysis_Contract_v1.0.1,2021,linear_interpolation,2021-08-26,2021,9.3752999999999993,False,2021_segment_1,7.1409600000000006,,ok,
Reconstruction_Analysis_Contract_v1.0.1,2021,linear_interpolation,2021-08-27,2021,8.5970200000000006,False,2021_segment_1,7.2788760000000003,,ok,
Reconstruction_Analysis_Contract_v1.0.1,2021,linear_interpolation,2021-08-28,2021,9.48306,False,2021_segment_1,7.4167920000000001,,ok,
Reconstruction_Analysis_Contract_v1.0.1,2021,linear_interpolation,2021-08-29,2021,8.0103100000000005,False,2021_segment_1,7.5547079999999998,,ok,
Reconstruction_Analysis_Contract_v1.0.1,2021,linear_interpolation,2021-08-30,2021,7.3757099999999998,False,2021_segment_1,7.6926240000000004,,ok,
Reconstruction_Analysis_Contract_v1.0.1,2021,linear_interpolation,2021-08-31,2021,7.8305400000000001,True,2021_segment_1,7.8305400000000001,,ok,
Reconstruction_Analysis_Contract_v1.0.1,2021,linear_interpolation,2021-09-01,2021,10.3849,False,2021_segment_1,10.779060000000001,,ok,
Reconstruction_Analysis_Contract_v1.0.1,2021,linear_interpolation,2021-09-02,2021,10.619199999999999,False,2021_segment_1,13.727580000000001,,ok,
Reconstruction_Analysis_Contract_v1.0.1,2021,linear_interpolation,2021-09-03,2021,16.676100000000002,True,2021_segment_1,16.676100000000002,,ok,
Reconstruction_Analysis_Contract_v1.0.1,2021,linear_interpolation,2021-09-04,2021,12.392799999999999,False,2021_segment_1,14.404090000000002,,ok,
Reconstruction_Analysis_Contract_v1.0.1,2021,linear_interpolation,2021-09-05,2021,10.753,False,2021_segment_1,12.132080000000002,,ok,
Reconstruction_Analysis_Contract_v1.0.1,2021,linear_interpolation,2021-09-06,2021,10.5746,False,2021_segment_1,9.8600700000000003,,ok,
Reconstruction_Analysis_Contract_v1.0.1,2021,linear_interpolation,2021-09-07,2021,6.83622,False,2021_segment_1,7.5880600000000005,,ok,
Reconstruction_Analysis_Contract_v1.0.1,2021,linear_interpolation,2021-09-08,2021,5.3160499999999997,True,2021_segment_1,5.3160499999999997,,ok,
Reconstruction_Analysis_Contract_v1.0.1,2021,linear_interpolation,2021-09-09,2021,5.0156599999999996,False,2021_segment_1,5.028758571428571,,ok,
Reconstruction_Analysis_Contract_v1.0.1,2021,linear_interpolation,2021-09-10,2021,4.6515399999999998,False,2021_segment_1,4.7414671428571422,,ok,
Reconstruction_Analysis_Contract_v1.0.1,2021,linear_interpolation,2021-09-11,2021,4.4148699999999996,False,2021_segment_1,4.4541757142857143,,ok,
Reconstruction_Analysis_Contract_v1.0.1,2021,linear_interpolation,2021-09-12,2021,4.9519399999999996,False,2021_segment_1,4.1668842857142856,,ok,
Reconstruction_Analysis_Contract_v1.0.1,2021,linear_interpolation,2021-09-13,2021,3.4590700000000001,False,2021_segment_1,3.8795928571428568,,ok,
Reconstruction_Analysis_Contract_v1.0.1,2021,linear_interpolation,2021-09-14,2021,3.5247600000000001,False,2021_segment_1,3.5923014285714281,,ok,
Reconstruction_Analysis_Contract_v1.0.1,2021,linear_interpolation,2021-09-15,2021,3.3050099999999998,True,2021_segment_1,3.3050099999999998,,ok,
Reconstruction_Analysis_Contract_v1.0.1,2021,linear_interpolation,2021-09-16,2021,2.8918900000000001,False,2021_segment_1,3.1730159999999996,,ok,
Reconstruction_Analysis_Contract_v1.0.1,2021,linear_interpolation,2021-09-17,2021,2.62819,False,2021_segment_1,3.0410219999999999,,ok,
Reconstruction_Analysis_Contract_v1.0.1,2021,linear_interpolation,2021-09-18,2021,2.6721400000000002,False,2021_segment_1,2.9090279999999997,,ok,
Reconstruction_Analysis_Contract_v1.0.1,2021,linear_interpolation,2021-09-19,2021,2.52271,False,2021_segment_1,2.7770339999999996,,ok,
Reconstruction_Analysis_Contract_v1.0.1,2021,linear_interpolation,2021-09-20,2021,2.68093,False,2021_segment_1,2.6450399999999998,,ok,
Reconstruction_Analysis_Contract_v1.0.1,2021,linear_interpolation,2021-09-21,2021,1.8621000000000001,False,2021_segment_1,2.5130459999999997,,ok,
Reconstruction_Analysis_Contract_v1.0.1,2021,linear_interpolation,2021-09-22,2021,2.79901,False,2021_segment_1,2.3810519999999999,,ok,
Reconstruction_Analysis_Contract_v1.0.1,2021,linear_interpolation,2021-09-23,2021,1.8035399999999999,False,2021_segment_1,2.2490579999999998,,ok,
Reconstruction_Analysis_Contract_v1.0.1,2021,linear_interpolation,2021-09-24,2021,1.6630100000000001,False,2021_segment_1,2.1170639999999996,,ok,
Reconstruction_Analysis_Contract_v1.0.1,2021,linear_interpolation,2021-09-25,2021,1.9850699999999999,True,2021_segment_1,1.9850699999999999,,ok,
Reconstruction_Analysis_Contract_v1.0.1,2021,linear_interpolation,2021-09-26,2021,1.7566999999999999,False,2021_segment_1,1.9254523076923076,,ok,
Reconstruction_Analysis_Contract_v1.0.1,2021,linear_interpolation,2021-09-27,2021,2.00264,False,2021_segment_1,1.8658346153846153,,ok,
Reconstruction_Analysis_Contract_v1.0.1,2021,linear_interpolation,2021-09-28,2021,1.6488,False,2021_segment_1,1.8062169230769229,,ok,
Reconstruction_Analysis_Contract_v1.0.1,2021,linear_interpolation,2021-09-29,2021,1.36707,False,2021_segment_1,1.7465992307692306,,ok,
Reconstruction_Analysis_Contract_v1.0.1,2021,linear_interpolation,2021-09-30,2021,1.3624499999999999,False,2021_segment_1,1.6869815384615383,,ok,
Reconstruction_Analysis_Contract_v1.0.1,2021,linear_interpolation,2021-10-01,2021,1.24237,False,2021_segment_1,1.627363846153846,,ok,
Reconstruction_Analysis_Contract_v1.0.1,2021,linear_interpolation,2021-10-02,2021,1.41788,False,2021_segment_1,1.5677461538461537,,ok,
Reconstruction_Analysis_Contract_v1.0.1,2021,linear_interpolation,2021-10-03,2021,1.5102500000000001,False,2021_segment_1,1.5081284615384614,,ok,
Reconstruction_Analysis_Contract_v1.0.1,2021,linear_interpolation,2021-10-04,2021,1.41326,False,2021_segment_1,1.4485107692307693,,ok,
Reconstruction_Analysis_Contract_v1.0.1,2021,linear_interpolation,2021-10-05,2021,1.3901600000000001,False,2021_segment_1,1.388893076923077,,ok,
Reconstruction_Analysis_Contract_v1.0.1,2021,linear_interpolation,2021-10-06,2021,1.2146600000000001,False,2021_segment_1,1.3292753846153846,,ok,
Reconstruction_Analysis_Contract_v1.0.1,2021,linear_interpolation,2021-10-07,2021,1.27932,False,2021_segment_1,1.2696576923076923,,ok,
Reconstruction_Analysis_Contract_v1.0.1,2021,linear_interpolation,2021-10-08,2021,1.21004,True,2021_segment_1,1.21004,,ok,
Reconstruction_Analysis_Contract_v1.0.1,2021,linear_interpolation,2021-10-09,2021,1.25623,False,2021_segment_1,1.4301059999999999,,ok,
Reconstruction_Analysis_Contract_v1.0.1,2021,linear_interpolation,2021-10-10,2021,1.24699,False,2021_segment_1,1.650172,,ok,
Reconstruction_Analysis_Contract_v1.0.1,2021,linear_interpolation,2021-10-11,2021,2.47356,False,2021_segment_1,1.8702379999999998,,ok,
Reconstruction_Analysis_Contract_v1.0.1,2021,linear_interpolation,2021-10-12,2021,2.41344,False,2021_segment_1,2.0903039999999997,,ok,
Reconstruction_Analysis_Contract_v1.0.1,2021,linear_interpolation,2021-10-13,2021,2.3103699999999998,True,2021_segment_1,2.3103699999999998,,ok,
Reconstruction_Analysis_Contract_v1.0.1,2021,linear_interpolation,2021-10-14,2021,2.4821499999999999,False,2021_segment_1,2.361904,,ok,
Reconstruction_Analysis_Contract_v1.0.1,2021,linear_interpolation,2021-10-15,2021,2.4306199999999998,False,2021_segment_1,2.4134379999999998,,ok,
Reconstruction_Analysis_Contract_v1.0.1,2021,linear_interpolation,2021-10-16,2021,2.3704999999999998,False,2021_segment_1,2.4649719999999999,,ok,
Reconstruction_Analysis_Contract_v1.0.1,2021,linear_interpolation,2021-10-17,2021,2.6796899999999999,False,2021_segment_1,2.5165059999999997,,ok,
Reconstruction_Analysis_Contract_v1.0.1,2021,linear_interpolation,2021-10-18,2021,2.5680399999999999,True,2021_segment_1,2.5680399999999999,,ok,
Reconstruction_Analysis_Contract_v1.0.1,2021,linear_interpolation,2021-10-19,2021,3.39256,False,2021_segment_1,2.5955239999999997,,ok,
Reconstruction_Analysis_Contract_v1.0.1,2021,linear_interpolation,2021-10-20,2021,3.5986899999999999,False,2021_segment_1,2.623008,,ok,
Reconstruction_Analysis_Contract_v1.0.1,2021,linear_interpolation,2021-10-21,2021,2.6539199999999998,False,2021_segment_1,2.6504919999999998,,ok,
Reconstruction_Analysis_Contract_v1.0.1,2021,linear_interpolation,2021-10-22,2021,2.4649700000000001,False,2021_segment_1,2.6779760000000001,,ok,
Reconstruction_Analysis_Contract_v1.0.1,2021,linear_interpolation,2021-10-23,2021,2.70546,True,2021_segment_1,2.70546,,ok,
Reconstruction_Analysis_Contract_v1.0.1,2021,linear_interpolation,2021-10-24,2021,3.2551399999999999,False,2021_segment_1,2.7226349999999999,,ok,
Reconstruction_Analysis_Contract_v1.0.1,2021,linear_interpolation,2021-10-25,2021,2.7398099999999999,True,2021_segment_1,2.7398099999999999,,ok,
Reconstruction_Analysis_Contract_v1.0.1,2021,linear_interpolation,2021-10-26,2021,2.2741199999999999,False,2021_segment_1,2.60249,,ok,
Reconstruction_Analysis_Contract_v1.0.1,2021,linear_interpolation,2021-10-27,2021,2.0596999999999999,False,2021_segment_1,2.4651700000000001,,ok,
Reconstruction_Analysis_Contract_v1.0.1,2021,linear_interpolation,2021-10-28,2021,2.13767,False,2021_segment_1,2.3278499999999998,,ok,
Reconstruction_Analysis_Contract_v1.0.1,2021,linear_interpolation,2021-10-29,2021,1.98173,False,2021_segment_1,2.1905299999999999,,ok,
Reconstruction_Analysis_Contract_v1.0.1,2021,linear_interpolation,2021-10-30,2021,2.05321,True,2021_segment_1,2.05321,,ok,
Reconstruction_Analysis_Contract_v1.0.1,2021,linear_interpolation,2021-10-31,2021,2.39107,False,2021_segment_1,1.9919984615384616,,ok,
Reconstruction_Analysis_Contract_v1.0.1,2021,linear_interpolation,2021-11-01,2021,2.4755400000000001,False,2021_segment_1,1.930786923076923,,ok,
Reconstruction_Analysis_Contract_v1.0.1,2021,linear_interpolation,2021-11-02,2021,2.61199,False,2021_segment_1,1.8695753846153846,,ok,
Reconstruction_Analysis_Contract_v1.0.1,2021,linear_interpolation,2021-11-03,2021,2.4755400000000001,False,2021_segment_1,1.808363846153846,,ok,
Reconstruction_Analysis_Contract_v1.0.1,2021,linear_interpolation,2021-11-04,2021,2.61849,False,2021_segment_1,1.7471523076923077,,ok,
Reconstruction_Analysis_Contract_v1.0.1,2021,linear_interpolation,2021-11-05,2021,2.13767,False,2021_segment_1,1.6859407692307693,,ok,
Reconstruction_Analysis_Contract_v1.0.1,2021,linear_interpolation,2021-11-06,2021,1.89727,False,2021_segment_1,1.6247292307692307,,ok,
Reconstruction_Analysis_Contract_v1.0.1,2021,linear_interpolation,2021-11-07,2021,1.94275,False,2021_segment_1,1.5635176923076923,,ok,
Reconstruction_Analysis_Contract_v1.0.1,2021,linear_interpolation,2021-11-08,2021,2.0727000000000002,False,2021_segment_1,1.502306153846154,,ok,
Reconstruction_Analysis_Contract_v1.0.1,2021,linear_interpolation,2021-11-09,2021,1.6633800000000001,False,2021_segment_1,1.4410946153846154,,ok,
Reconstruction_Analysis_Contract_v1.0.1,2021,linear_interpolation,2021-11-10,2021,1.4074800000000001,False,2021_segment_1,1.379883076923077,,ok,
Reconstruction_Analysis_Contract_v1.0.1,2021,linear_interpolation,2021-11-11,2021,1.2662899999999999,False,2021_segment_1,1.3186715384615386,,ok,
Reconstruction_Analysis_Contract_v1.0.1,2021,linear_interpolation,2021-11-12,2021,1.25746,True,2021_segment_1,1.25746,,ok,
Reconstruction_Analysis_Contract_v1.0.1,2021,linear_interpolation,2021-11-13,2021,1.37659,False,2021_segment_1,1.2007354000000001,,ok,
Reconstruction_Analysis_Contract_v1.0.1,2021,linear_interpolation,2021-11-14,2021,1.58396,False,2021_segment_1,1.1440108,,ok,
Reconstruction_Analysis_Contract_v1.0.1,2021,linear_interpolation,2021-11-15,2021,1.4427700000000001,False,2021_segment_1,1.0872862000000001,,ok,
Reconstruction_Analysis_Contract_v1.0.1,2021,linear_interpolation,2021-11-16,2021,0.71038000000000001,False,2021_segment_1,1.0305616,,ok,
Reconstruction_Analysis_Contract_v1.0.1,2021,linear_interpolation,2021-11-17,2021,0.70701899999999995,False,2021_segment_1,0.97383700000000006,,ok,
Reconstruction_Analysis_Contract_v1.0.1,2021,linear_interpolation,2021-11-18,2021,0.70365800000000001,False,2021_segment_1,0.91711240000000005,,ok,
Reconstruction_Analysis_Contract_v1.0.1,2021,linear_interpolation,2021-11-19,2021,0.70029699999999995,False,2021_segment_1,0.86038780000000004,,ok,
Reconstruction_Analysis_Contract_v1.0.1,2021,linear_interpolation,2021-11-20,2021,0.696936,False,2021_segment_1,0.80366320000000002,,ok,
Reconstruction_Analysis_Contract_v1.0.1,2021,linear_interpolation,2021-11-21,2021,0.69357500000000005,False,2021_segment_1,0.74693860000000001,,ok,
Reconstruction_Analysis_Contract_v1.0.1,2021,linear_interpolation,2021-11-22,2021,0.69021399999999999,True,2021_segment_1,0.69021399999999999,,ok,
Reconstruction_Analysis_Contract_v1.0.1,2021,linear_interpolation,2021-11-23,2021,1.5567299999999999,False,2021_segment_1,0.8610295,,ok,
Reconstruction_Analysis_Contract_v1.0.1,2021,linear_interpolation,2021-11-24,2021,2.52,False,2021_segment_1,1.0318450000000001,,ok,
Reconstruction_Analysis_Contract_v1.0.1,2021,linear_interpolation,2021-11-25,2021,2.6400000000000001,False,2021_segment_1,1.2026604999999999,,ok,
Reconstruction_Analysis_Contract_v1.0.1,2021,linear_interpolation,2021-11-26,2021,2.52,False,2021_segment_1,1.3734760000000001,,ok,
Reconstruction_Analysis_Contract_v1.0.1,2021,linear_interpolation,2021-11-27,2021,2.9500000000000002,False,2021_segment_1,1.5442914999999999,,ok,
Reconstruction_Analysis_Contract_v1.0.1,2021,linear_interpolation,2021-11-28,2021,3.1499999999999999,False,2021_segment_1,1.7151070000000002,,ok,
Reconstruction_Analysis_Contract_v1.0.1,2021,linear_interpolation,2021-11-29,2021,2.6600000000000001,False,2021_segment_1,1.8859224999999999,,ok,
Reconstruction_Analysis_Contract_v1.0.1,2021,linear_interpolation,2021-11-30,2021,2.3500000000000001,False,2021_segment_1,2.0567380000000002,,ok,
Reconstruction_Analysis_Contract_v1.0.1,2021,linear_interpolation,2021-12-01,2021,2.2799999999999998,False,2021_segment_1,2.2275535,,ok,
Reconstruction_Analysis_Contract_v1.0.1,2021,linear_interpolation,2021-12-02,2021,2.8799999999999999,False,2021_segment_1,2.3983690000000002,,ok,
Reconstruction_Analysis_Contract_v1.0.1,2021,linear_interpolation,2021-12-03,2021,2.6400000000000001,False,2021_segment_1,2.5691845,,ok,
Reconstruction_Analysis_Contract_v1.0.1,2021,linear_interpolation,2021-12-04,2021,2.7400000000000002,True,2021_segment_1,2.7400000000000002,,ok,
Reconstruction_Analysis_Contract_v1.0.1,2021,timesat_double_logistic,2021-03-19,2021,3.4342299999999999,True,2021_segment_1,15.905860900878906,,ok,
Reconstruction_Analysis_Contract_v1.0.1,2021,timesat_double_logistic,2021-03-20,2021,4.6899800000000003,False,2021_segment_1,15.955002784729004,,ok,
Reconstruction_Analysis_Contract_v1.0.1,2021,timesat_double_logistic,2021-03-21,2021,4.0031299999999996,False,2021_segment_1,15.99698543548584,,ok,
Reconstruction_Analysis_Contract_v1.0.1,2021,timesat_double_logistic,2021-03-22,2021,4.1904500000000002,True,2021_segment_1,16.031307220458984,,ok,
Reconstruction_Analysis_Contract_v1.0.1,2021,timesat_double_logistic,2021-03-23,2021,5.1270600000000002,False,2021_segment_1,16.057422637939453,,ok,
Reconstruction_Analysis_Contract_v1.0.1,2021,timesat_double_logistic,2021-03-24,2021,5.8416600000000001,False,2021_segment_1,16.074739456176758,,ok,
Reconstruction_Analysis_Contract_v1.0.1,2021,timesat_double_logistic,2021-03-25,2021,5.6265799999999997,False,2021_segment_1,16.082614898681641,,ok,
Reconstruction_Analysis_Contract_v1.0.1,2021,timesat_double_logistic,2021-03-26,2021,7.4032200000000001,False,2021_segment_1,16.080362319946289,,ok,
Reconstruction_Analysis_Contract_v1.0.1,2021,timesat_double_logistic,2021-03-27,2021,9.6227699999999992,False,2021_segment_1,16.067234039306641,,ok,
Reconstruction_Analysis_Contract_v1.0.1,2021,timesat_double_logistic,2021-03-28,2021,11.2254,False,2021_segment_1,16.042444229125977,,ok,
Reconstruction_Analysis_Contract_v1.0.1,2021,timesat_double_logistic,2021-03-29,2021,10.7361,False,2021_segment_1,16.005149841308594,,ok,
Reconstruction_Analysis_Contract_v1.0.1,2021,timesat_double_logistic,2021-03-30,2021,13.0663,False,2021_segment_1,15.954462051391602,,ok,
Reconstruction_Analysis_Contract_v1.0.1,2021,timesat_double_logistic,2021-03-31,2021,16.456299999999999,False,2021_segment_1,15.889453887939453,,ok,
Reconstruction_Analysis_Contract_v1.0.1,2021,timesat_double_logistic,2021-04-01,2021,20.668199999999999,False,2021_segment_1,15.809162139892578,,ok,
Reconstruction_Analysis_Contract_v1.0.1,2021,timesat_double_logistic,2021-04-02,2021,29.1557,False,2021_segment_1,15.712596893310547,,ok,
Reconstruction_Analysis_Contract_v1.0.1,2021,timesat_double_logistic,2021-04-03,2021,29.1252,True,2021_segment_1,15.598755836486816,,ok,
Reconstruction_Analysis_Contract_v1.0.1,2021,timesat_double_logistic,2021-04-04,2021,27.808399999999999,False,2021_segment_1,15.466635704040527,,ok,
Reconstruction_Analysis_Contract_v1.0.1,2021,timesat_double_logistic,2021-04-05,2021,23.422599999999999,False,2021_segment_1,15.315255165100098,,ok,
Reconstruction_Analysis_Contract_v1.0.1,2021,timesat_double_logistic,2021-04-06,2021,32.954999999999998,False,2021_segment_1,15.143671989440918,,ok,
Reconstruction_Analysis_Contract_v1.0.1,2021,timesat_double_logistic,2021-04-07,2021,35.546100000000003,False,2021_segment_1,14.951011657714844,,ok,
Reconstruction_Analysis_Contract_v1.0.1,2021,timesat_double_logistic,2021-04-08,2021,37.868200000000002,True,2021_segment_1,14.736494064331055,,ok,
Reconstruction_Analysis_Contract_v1.0.1,2021,timesat_double_logistic,2021-04-09,2021,35.853400000000001,False,2021_segment_1,14.499467849731445,,ok,
Reconstruction_Analysis_Contract_v1.0.1,2021,timesat_double_logistic,2021-04-10,2021,25.151399999999999,False,2021_segment_1,14.239439010620117,,ok,
Reconstruction_Analysis_Contract_v1.0.1,2021,timesat_double_logistic,2021-04-11,2021,23.660399999999999,False,2021_segment_1,13.956113815307617,,ok,
Reconstruction_Analysis_Contract_v1.0.1,2021,timesat_double_logistic,2021-04-12,2021,26.803100000000001,False,2021_segment_1,13.649428367614746,,ok,
Reconstruction_Analysis_Contract_v1.0.1,2021,timesat_double_logistic,2021-04-13,2021,16.1616,True,2021_segment_1,13.319583892822266,,ok,
Reconstruction_Analysis_Contract_v1.0.1,2021,timesat_double_logistic,2021-04-14,2021,10.6212,False,2021_segment_1,12.967081069946289,,ok,
Reconstruction_Analysis_Contract_v1.0.1,2021,timesat_double_logistic,2021-04-15,2021,6.2700399999999998,False,2021_segment_1,12.592738151550293,,ok,
Reconstruction_Analysis_Contract_v1.0.1,2021,timesat_double_logistic,2021-04-16,2021,4.2911299999999999,False,2021_segment_1,12.197714805603027,,ok,
Reconstruction_Analysis_Contract_v1.0.1,2021,timesat_double_logistic,2021-04-17,2021,3.2130999999999998,False,2021_segment_1,11.78351879119873,,ok,
Reconstruction_Analysis_Contract_v1.0.1,2021,timesat_double_logistic,2021-04-18,2021,2.9368300000000001,True,2021_segment_1,11.351998329162598,,ok,
Reconstruction_Analysis_Contract_v1.0.1,2021,timesat_double_logistic,2021-04-19,2021,2.6275300000000001,False,2021_segment_1,10.905331611633301,,ok,
Reconstruction_Analysis_Contract_v1.0.1,2021,timesat_double_logistic,2021-04-20,2021,3.9138299999999999,False,2021_segment_1,10.445993423461914,,ok,
Reconstruction_Analysis_Contract_v1.0.1,2021,timesat_double_logistic,2021-04-21,2021,4.2085999999999997,True,2021_segment_1,9.9767141342163086,,ok,
Reconstruction_Analysis_Contract_v1.0.1,2021,timesat_double_logistic,2021-04-22,2021,3.6026899999999999,False,2021_segment_1,9.5004281997680664,,ok,
Reconstruction_Analysis_Contract_v1.0.1,2021,timesat_double_logistic,2021-04-23,2021,3.5371899999999998,True,2021_segment_1,9.020207405090332,,ok,
Reconstruction_Analysis_Contract_v1.0.1,2021,timesat_double_logistic,2021-04-24,2021,3.5917699999999999,False,2021_segment_1,8.5391902923583984,,ok,
Reconstruction_Analysis_Contract_v1.0.1,2021,timesat_double_logistic,2021-04-25,2021,3.8919999999999999,False,2021_segment_1,8.060511589050293,,ok,
Reconstruction_Analysis_Contract_v1.0.1,2021,timesat_double_logistic,2021-04-26,2021,3.9083700000000001,False,2021_segment_1,7.587226390838623,,ok,
Reconstruction_Analysis_Contract_v1.0.1,2021,timesat_double_logistic,2021-04-27,2021,3.70818,False,2021_segment_1,7.1222405433654785,,ok,
Reconstruction_Analysis_Contract_v1.0.1,2021,timesat_double_logistic,2021-04-28,2021,4.2967000000000004,False,2021_segment_1,6.6682496070861816,,ok,
Reconstruction_Analysis_Contract_v1.0.1,2021,timesat_double_logistic,2021-04-29,2021,4.1101000000000001,False,2021_segment_1,6.2276854515075684,,ok,
Reconstruction_Analysis_Contract_v1.0.1,2021,timesat_double_logistic,2021-04-30,2021,3.6268400000000001,False,2021_segment_1,5.8026776313781738,,ok,
Reconstruction_Analysis_Contract_v1.0.1,2021,timesat_double_logistic,2021-05-01,2021,3.1148699999999998,False,2021_segment_1,5.395024299621582,,ok,
Reconstruction_Analysis_Contract_v1.0.1,2021,timesat_double_logistic,2021-05-02,2021,2.9426199999999998,False,2021_segment_1,5.0061788558959961,,ok,
Reconstruction_Analysis_Contract_v1.0.1,2021,timesat_double_logistic,2021-05-03,2021,3.2010000000000001,False,2021_segment_1,4.6372504234313965,,ok,
Reconstruction_Analysis_Contract_v1.0.1,2021,timesat_double_logistic,2021-05-04,2021,2.51851,False,2021_segment_1,4.2890095710754395,,ok,
Reconstruction_Analysis_Contract_v1.0.1,2021,timesat_double_logistic,2021-05-05,2021,2.21435,False,2021_segment_1,3.9619102478027344,,ok,
Reconstruction_Analysis_Contract_v1.0.1,2021,timesat_double_logistic,2021-05-06,2021,2.2954599999999998,False,2021_segment_1,3.6561152935028076,,ok,
Reconstruction_Analysis_Contract_v1.0.1,2021,timesat_double_logistic,2021-05-07,2021,1.93451,False,2021_segment_1,3.3715271949768066,,ok,
Reconstruction_Analysis_Contract_v1.0.1,2021,timesat_double_logistic,2021-05-08,2021,2.1332300000000002,True,2021_segment_1,3.1078226566314697,,ok,
Reconstruction_Analysis_Contract_v1.0.1,2021,timesat_double_logistic,2021-05-09,2021,2.0399600000000002,False,2021_segment_1,2.8644890785217285,,ok,
Reconstruction_Analysis_Contract_v1.0.1,2021,timesat_double_logistic,2021-05-10,2021,2.1291799999999999,False,2021_segment_1,2.6408591270446777,,ok,
Reconstruction_Analysis_Contract_v1.0.1,2021,timesat_double_logistic,2021-05-11,2021,1.9680299999999999,False,2021_segment_1,2.4361453056335449,,ok,
Reconstruction_Analysis_Contract_v1.0.1,2021,timesat_double_logistic,2021-05-12,2021,2.0485899999999999,False,2021_segment_1,2.2494704723358154,,ok,
Reconstruction_Analysis_Contract_v1.0.1,2021,timesat_double_logistic,2021-05-13,2021,2.0792799999999998,True,2021_segment_1,2.0798969268798828,,ok,
Reconstruction_Analysis_Contract_v1.0.1,2021,timesat_double_logistic,2021-05-14,2021,1.90665,False,2021_segment_1,1.9264519214630127,,ok,
Reconstruction_Analysis_Contract_v1.0.1,2021,timesat_double_logistic,2021-05-15,2021,2.14066,False,2021_segment_1,1.7881476879119873,,ok,
Reconstruction_Analysis_Contract_v1.0.1,2021,timesat_double_logistic,2021-05-16,2021,2.2902800000000001,False,2021_segment_1,1.6640001535415649,,ok,
Reconstruction_Analysis_Contract_v1.0.1,2021,timesat_double_logistic,2021-05-17,2021,2.0907900000000001,False,2021_segment_1,1.5530441999435425,,ok,
Reconstruction_Analysis_Contract_v1.0.1,2021,timesat_double_logistic,2021-05-18,2021,2.2734000000000001,True,2021_segment_1,1.4543445110321045,,ok,
Reconstruction_Analysis_Contract_v1.0.1,2021,timesat_double_logistic,2021-05-19,2021,2.1675599999999999,False,2021_segment_1,1.3670047521591187,,ok,
Reconstruction_Analysis_Contract_v1.0.1,2021,timesat_double_logistic,2021-05-20,2021,1.98129,False,2021_segment_1,1.2901746034622192,,ok,
Reconstruction_Analysis_Contract_v1.0.1,2021,timesat_double_logistic,2021-05-21,2021,2.2564700000000002,False,2021_segment_1,1.2230539321899414,,ok,
Reconstruction_Analysis_Contract_v1.0.1,2021,timesat_double_logistic,2021-05-22,2021,2.4342700000000002,False,2021_segment_1,1.1648958921432495,,ok,
Reconstruction_Analysis_Contract_v1.0.1,2021,timesat_double_logistic,2021-05-23,2021,1.9050800000000001,False,2021_segment_1,1.1150083541870117,,ok,
Reconstruction_Analysis_Contract_v1.0.1,2021,timesat_double_logistic,2021-05-24,2021,1.74421,False,2021_segment_1,1.0727543830871582,,ok,
Reconstruction_Analysis_Contract_v1.0.1,2021,timesat_double_logistic,2021-05-25,2021,1.7547299999999999,False,2021_segment_1,1.0375518798828125,,ok,
Reconstruction_Analysis_Contract_v1.0.1,2021,timesat_double_logistic,2021-05-26,2021,1.3544700000000001,False,2021_segment_1,1.0088721513748169,,ok,
Reconstruction_Analysis_Contract_v1.0.1,2021,timesat_double_logistic,2021-05-27,2021,1.4473800000000001,False,2021_segment_1,0.98623842000961304,,ok,
Reconstruction_Analysis_Contract_v1.0.1,2021,timesat_double_logistic,2021-05-28,2021,1.5831900000000001,True,2021_segment_1,0.96922409534454346,,ok,
Reconstruction_Analysis_Contract_v1.0.1,2021,timesat_double_logistic,2021-05-29,2021,1.36161,False,2021_segment_1,0.95745021104812622,,ok,
Reconstruction_Analysis_Contract_v1.0.1,2021,timesat_double_logistic,2021-05-30,2021,1.5331600000000001,False,2021_segment_1,0.95058333873748779,,ok,
Reconstruction_Analysis_Contract_v1.0.1,2021,timesat_double_logistic,2021-05-31,2021,1.5117100000000001,False,2021_segment_1,0.94833332300186157,,ok,
Reconstruction_Analysis_Contract_v1.0.1,2021,timesat_double_logistic,2021-06-01,2021,1.9756800000000001,False,2021_segment_1,0.95045077800750732,,ok,
Reconstruction_Analysis_Contract_v1.0.1,2021,timesat_double_logistic,2021-06-02,2021,2.0250699999999999,True,2021_segment_1,0.95672488212585449,,ok,
Reconstruction_Analysis_Contract_v1.0.1,2021,timesat_double_logistic,2021-06-03,2021,2.1856,False,2021_segment_1,0.96698141098022461,,ok,
Reconstruction_Analysis_Contract_v1.0.1,2021,timesat_double_logistic,2021-06-04,2021,1.69991,False,2021_segment_1,0.98108047246932983,,ok,
Reconstruction_Analysis_Contract_v1.0.1,2021,timesat_double_logistic,2021-06-05,2021,1.6093599999999999,True,2021_segment_1,0.99891459941864014,,ok,
Reconstruction_Analysis_Contract_v1.0.1,2021,timesat_double_logistic,2021-06-06,2021,1.35416,False,2021_segment_1,1.0204073190689087,,ok,
Reconstruction_Analysis_Contract_v1.0.1,2021,timesat_double_logistic,2021-06-07,2021,1.8439700000000001,True,2021_segment_1,1.0455112457275391,,ok,
Reconstruction_Analysis_Contract_v1.0.1,2021,timesat_double_logistic,2021-06-08,2021,1.86138,False,2021_segment_1,1.0742067098617554,,ok,
Reconstruction_Analysis_Contract_v1.0.1,2021,timesat_double_logistic,2021-06-09,2021,1.6292899999999999,False,2021_segment_1,1.106500506401062,,ok,
Reconstruction_Analysis_Contract_v1.0.1,2021,timesat_double_logistic,2021-06-10,2021,1.86602,True,2021_segment_1,1.1424245834350586,,ok,
Reconstruction_Analysis_Contract_v1.0.1,2021,timesat_double_logistic,2021-06-11,2021,1.57359,False,2021_segment_1,1.1820353269577026,,ok,
Reconstruction_Analysis_Contract_v1.0.1,2021,timesat_double_logistic,2021-06-12,2021,1.57359,True,2021_segment_1,1.225412130355835,,ok,
Reconstruction_Analysis_Contract_v1.0.1,2021,timesat_double_logistic,2021-06-13,2021,1.36934,False,2021_segment_1,1.2726571559906006,,ok,
Reconstruction_Analysis_Contract_v1.0.1,2021,timesat_double_logistic,2021-06-14,2021,1.58287,False,2021_segment_1,1.3238939046859741,,ok,
Reconstruction_Analysis_Contract_v1.0.1,2021,timesat_double_logistic,2021-06-15,2021,1.6633800000000001,True,2021_segment_1,1.3792672157287598,,ok,
Reconstruction_Analysis_Contract_v1.0.1,2021,timesat_double_logistic,2021-06-16,2021,1.73698,False,2021_segment_1,1.4389421939849854,,ok,
Reconstruction_Analysis_Contract_v1.0.1,2021,timesat_double_logistic,2021-06-17,2021,1.88418,False,2021_segment_1,1.5031038522720337,,ok,
Reconstruction_Analysis_Contract_v1.0.1,2021,timesat_double_logistic,2021-06-18,2021,1.6265799999999999,False,2021_segment_1,1.5719566345214844,,ok,
Reconstruction_Analysis_Contract_v1.0.1,2021,timesat_double_logistic,2021-06-19,2021,1.6045,False,2021_segment_1,1.6457233428955078,,ok,
Reconstruction_Analysis_Contract_v1.0.1,2021,timesat_double_logistic,2021-06-20,2021,1.7517,True,2021_segment_1,1.7246452569961548,,ok,
Reconstruction_Analysis_Contract_v1.0.1,2021,timesat_double_logistic,2021-06-21,2021,1.5235399999999999,False,2021_segment_1,1.80898118019104,,ok,
Reconstruction_Analysis_Contract_v1.0.1,2021,timesat_double_logistic,2021-06-22,2021,1.6488,False,2021_segment_1,1.8990063667297363,,ok,
Reconstruction_Analysis_Contract_v1.0.1,2021,timesat_double_logistic,2021-06-23,2021,1.40923,False,2021_segment_1,1.9950125217437744,,ok,
Reconstruction_Analysis_Contract_v1.0.1,2021,timesat_double_logistic,2021-06-24,2021,1.66289,False,2021_segment_1,2.0973060131072998,,ok,
Reconstruction_Analysis_Contract_v1.0.1,2021,timesat_double_logistic,2021-06-25,2021,1.85314,False,2021_segment_1,2.2062077522277832,,ok,
Reconstruction_Analysis_Contract_v1.0.1,2021,timesat_double_logistic,2021-06-26,2021,1.90951,False,2021_segment_1,2.3220508098602295,,ok,
Reconstruction_Analysis_Contract_v1.0.1,2021,timesat_double_logistic,2021-06-27,2021,1.90951,True,2021_segment_1,2.4451799392700195,,ok,
Reconstruction_Analysis_Contract_v1.0.1,2021,timesat_double_logistic,2021-06-28,2021,2.15612,False,2021_segment_1,2.5759491920471191,,ok,
Reconstruction_Analysis_Contract_v1.0.1,2021,timesat_double_logistic,2021-06-29,2021,4.9463999999999997,False,2021_segment_1,2.7147202491760254,,ok,
Reconstruction_Analysis_Contract_v1.0.1,2021,timesat_double_logistic,2021-06-30,2021,3.94116,True,2021_segment_1,2.8618600368499756,,ok,
Reconstruction_Analysis_Contract_v1.0.1,2021,timesat_double_logistic,2021-07-01,2021,3.9252099999999999,False,2021_segment_1,3.0177381038665771,,ok,
Reconstruction_Analysis_Contract_v1.0.1,2021,timesat_double_logistic,2021-07-02,2021,5.0421399999999998,True,2021_segment_1,3.1827235221862793,,ok,
Reconstruction_Analysis_Contract_v1.0.1,2021,timesat_double_logistic,2021-07-03,2021,4.4677199999999999,False,2021_segment_1,3.3571810722351074,,ok,
Reconstruction_Analysis_Contract_v1.0.1,2021,timesat_double_logistic,2021-07-04,2021,3.9571200000000002,False,2021_segment_1,3.5414681434631348,,ok,
Reconstruction_Analysis_Contract_v1.0.1,2021,timesat_double_logistic,2021-07-05,2021,4.1964600000000001,True,2021_segment_1,3.7359299659729004,,ok,
Reconstruction_Analysis_Contract_v1.0.1,2021,timesat_double_logistic,2021-07-06,2021,2.8848600000000002,False,2021_segment_1,3.9408941268920898,,ok,
Reconstruction_Analysis_Contract_v1.0.1,2021,timesat_double_logistic,2021-07-07,2021,3.4419400000000002,False,2021_segment_1,4.1566667556762695,,ok,
Reconstruction_Analysis_Contract_v1.0.1,2021,timesat_double_logistic,2021-07-08,2021,4.8445799999999997,False,2021_segment_1,4.3835248947143555,,ok,
Reconstruction_Analysis_Contract_v1.0.1,2021,timesat_double_logistic,2021-07-09,2021,3.74037,False,2021_segment_1,4.6217126846313477,,ok,
Reconstruction_Analysis_Contract_v1.0.1,2021,timesat_double_logistic,2021-07-10,2021,3.8796400000000002,True,2021_segment_1,4.871431827545166,,ok,
Reconstruction_Analysis_Contract_v1.0.1,2021,timesat_double_logistic,2021-07-11,2021,4.2974500000000004,False,2021_segment_1,5.1328363418579102,,ok,
Reconstruction_Analysis_Contract_v1.0.1,2021,timesat_double_logistic,2021-07-12,2021,6.1676299999999999,True,2021_segment_1,5.4060249328613281,,ok,
Reconstruction_Analysis_Contract_v1.0.1,2021,timesat_double_logistic,2021-07-13,2021,6.7786200000000001,False,2021_segment_1,5.6910319328308105,,ok,
Reconstruction_Analysis_Contract_v1.0.1,2021,timesat_double_logistic,2021-07-14,2021,6.5163099999999998,False,2021_segment_1,5.9878220558166504,,ok,
Reconstruction_Analysis_Contract_v1.0.1,2021,timesat_double_logistic,2021-07-15,2021,6.6405599999999998,True,2021_segment_1,6.2962784767150879,,ok,
Reconstruction_Analysis_Contract_v1.0.1,2021,timesat_double_logistic,2021-07-16,2021,6.4058599999999997,False,2021_segment_1,6.6161980628967285,,ok,
Reconstruction_Analysis_Contract_v1.0.1,2021,timesat_double_logistic,2021-07-17,2021,6.0607199999999999,False,2021_segment_1,6.9472823143005371,,ok,
Reconstruction_Analysis_Contract_v1.0.1,2021,timesat_double_logistic,2021-07-18,2021,6.0331099999999998,False,2021_segment_1,7.2891297340393066,,ok,
Reconstruction_Analysis_Contract_v1.0.1,2021,timesat_double_logistic,2021-07-19,2021,5.3290199999999999,False,2021_segment_1,7.6412286758422852,,ok,
Reconstruction_Analysis_Contract_v1.0.1,2021,timesat_double_logistic,2021-07-20,2021,6.3644499999999997,False,2021_segment_1,8.0029516220092773,,ok,
Reconstruction_Analysis_Contract_v1.0.1,2021,timesat_double_logistic,2021-07-21,2021,5.3980499999999996,False,2021_segment_1,8.3735485076904297,,ok,
Reconstruction_Analysis_Contract_v1.0.1,2021,timesat_double_logistic,2021-07-22,2021,5.7569900000000001,False,2021_segment_1,8.7521438598632812,,ok,
Reconstruction_Analysis_Contract_v1.0.1,2021,timesat_double_logistic,2021-07-23,2021,5.3704299999999998,False,2021_segment_1,9.1377315521240234,,ok,
Reconstruction_Analysis_Contract_v1.0.1,2021,timesat_double_logistic,2021-07-24,2021,4.9424599999999996,False,2021_segment_1,9.5291738510131836,,ok,
Reconstruction_Analysis_Contract_v1.0.1,2021,timesat_double_logistic,2021-07-25,2021,4.8734299999999999,True,2021_segment_1,9.9251995086669922,,ok,
Reconstruction_Analysis_Contract_v1.0.1,2021,timesat_double_logistic,2021-07-26,2021,4.9838699999999996,False,2021_segment_1,10.324408531188965,,ok,
Reconstruction_Analysis_Contract_v1.0.1,2021,timesat_double_logistic,2021-07-27,2021,6.2898300000000003,True,2021_segment_1,10.725269317626953,,ok,
Reconstruction_Analysis_Contract_v1.0.1,2021,timesat_double_logistic,2021-07-28,2021,5.6227299999999998,False,2021_segment_1,11.126125335693359,,ok,
Reconstruction_Analysis_Contract_v1.0.1,2021,timesat_double_logistic,2021-07-29,2021,8.0433599999999998,False,2021_segment_1,11.525204658508301,,ok,
Reconstruction_Analysis_Contract_v1.0.1,2021,timesat_double_logistic,2021-07-30,2021,8.5770400000000002,False,2021_segment_1,11.920621871948242,,ok,
Reconstruction_Analysis_Contract_v1.0.1,2021,timesat_double_logistic,2021-07-31,2021,8.2530199999999994,False,2021_segment_1,12.310388565063477,,ok,
Reconstruction_Analysis_Contract_v1.0.1,2021,timesat_double_logistic,2021-08-01,2021,7.6240399999999999,False,2021_segment_1,12.692427635192871,,ok,
Reconstruction_Analysis_Contract_v1.0.1,2021,timesat_double_logistic,2021-08-02,2021,7.7384000000000004,False,2021_segment_1,13.064581871032715,,ok,
Reconstruction_Analysis_Contract_v1.0.1,2021,timesat_double_logistic,2021-08-03,2021,20.7455,False,2021_segment_1,13.424629211425781,,ok,
Reconstruction_Analysis_Contract_v1.0.1,2021,timesat_double_logistic,2021-08-04,2021,24.822299999999998,False,2021_segment_1,13.770298004150391,,ok,
Reconstruction_Analysis_Contract_v1.0.1,2021,timesat_double_logistic,2021-08-05,2021,17.442699999999999,False,2021_segment_1,14.099279403686523,,ok,
Reconstruction_Analysis_Contract_v1.0.1,2021,timesat_double_logistic,2021-08-06,2021,19.919799999999999,True,2021_segment_1,14.40925121307373,,ok,
Reconstruction_Analysis_Contract_v1.0.1,2021,timesat_double_logistic,2021-08-07,2021,18.732800000000001,False,2021_segment_1,14.69788932800293,,ok,
Reconstruction_Analysis_Contract_v1.0.1,2021,timesat_double_logistic,2021-08-08,2021,24.151399999999999,False,2021_segment_1,14.962894439697266,,ok,
Reconstruction_Analysis_Contract_v1.0.1,2021,timesat_double_logistic,2021-08-09,2021,25.183499999999999,True,2021_segment_1,15.202004432678223,,ok,
Reconstruction_Analysis_Contract_v1.0.1,2021,timesat_double_logistic,2021-08-10,2021,14.1211,False,2021_segment_1,15.41302490234375,,ok,
Reconstruction_Analysis_Contract_v1.0.1,2021,timesat_double_logistic,2021-08-11,2021,14.9703,True,2021_segment_1,15.59384822845459,,ok,
Reconstruction_Analysis_Contract_v1.0.1,2021,timesat_double_logistic,2021-08-12,2021,14.0726,False,2021_segment_1,15.742477416992188,,ok,
Reconstruction_Analysis_Contract_v1.0.1,2021,timesat_double_logistic,2021-08-13,2021,12.3256,False,2021_segment_1,15.857059478759766,,ok,
Reconstruction_Analysis_Contract_v1.0.1,2021,timesat_double_logistic,2021-08-14,2021,12.6168,False,2021_segment_1,15.935906410217285,,ok,
Reconstruction_Analysis_Contract_v1.0.1,2021,timesat_double_logistic,2021-08-15,2021,13.2476,False,2021_segment_1,15.977527618408203,,ok,
Reconstruction_Analysis_Contract_v1.0.1,2021,timesat_double_logistic,2021-08-16,2021,12.398400000000001,False,2021_segment_1,15.98066520690918,,ok,
Reconstruction_Analysis_Contract_v1.0.1,2021,timesat_double_logistic,2021-08-17,2021,4.0295699999999997,False,2021_segment_1,15.944319725036621,,ok,
Reconstruction_Analysis_Contract_v1.0.1,2021,timesat_double_logistic,2021-08-18,2021,3.8565800000000001,False,2021_segment_1,15.867786407470703,,ok,
Reconstruction_Analysis_Contract_v1.0.1,2021,timesat_double_logistic,2021-08-19,2021,4.6706399999999997,False,2021_segment_1,15.750683784484863,,ok,
Reconstruction_Analysis_Contract_v1.0.1,2021,timesat_double_logistic,2021-08-20,2021,5.19977,False,2021_segment_1,15.592985153198242,,ok,
Reconstruction_Analysis_Contract_v1.0.1,2021,timesat_double_logistic,2021-08-21,2021,6.4513800000000003,True,2021_segment_1,15.395046234130859,,ok,
Reconstruction_Analysis_Contract_v1.0.1,2021,timesat_double_logistic,2021-08-22,2021,6.5327900000000003,False,2021_segment_1,15.157621383666992,,ok,
Reconstruction_Analysis_Contract_v1.0.1,2021,timesat_double_logistic,2021-08-23,2021,8.3440600000000007,False,2021_segment_1,14.881885528564453,,ok,
Reconstruction_Analysis_Contract_v1.0.1,2021,timesat_double_logistic,2021-08-24,2021,9.3872699999999991,False,2021_segment_1,14.569433212280273,,ok,
Reconstruction_Analysis_Contract_v1.0.1,2021,timesat_double_logistic,2021-08-25,2021,9.8422699999999992,False,2021_segment_1,14.222284317016602,,ok,
Reconstruction_Analysis_Contract_v1.0.1,2021,timesat_double_logistic,2021-08-26,2021,9.3752999999999993,False,2021_segment_1,13.842864036560059,,ok,
Reconstruction_Analysis_Contract_v1.0.1,2021,timesat_double_logistic,2021-08-27,2021,8.5970200000000006,False,2021_segment_1,13.433981895446777,,ok,
Reconstruction_Analysis_Contract_v1.0.1,2021,timesat_double_logistic,2021-08-28,2021,9.48306,False,2021_segment_1,12.998791694641113,,ok,
Reconstruction_Analysis_Contract_v1.0.1,2021,timesat_double_logistic,2021-08-29,2021,8.0103100000000005,False,2021_segment_1,12.540746688842773,,ok,
Reconstruction_Analysis_Contract_v1.0.1,2021,timesat_double_logistic,2021-08-30,2021,7.3757099999999998,False,2021_segment_1,12.063538551330566,,ok,
Reconstruction_Analysis_Contract_v1.0.1,2021,timesat_double_logistic,2021-08-31,2021,7.8305400000000001,True,2021_segment_1,11.571030616760254,,ok,
Reconstruction_Analysis_Contract_v1.0.1,2021,timesat_double_logistic,2021-09-01,2021,10.3849,False,2021_segment_1,11.067185401916504,,ok,
Reconstruction_Analysis_Contract_v1.0.1,2021,timesat_double_logistic,2021-09-02,2021,10.619199999999999,False,2021_segment_1,10.555988311767578,,ok,
Reconstruction_Analysis_Contract_v1.0.1,2021,timesat_double_logistic,2021-09-03,2021,16.676100000000002,True,2021_segment_1,10.041369438171387,,ok,
Reconstruction_Analysis_Contract_v1.0.1,2021,timesat_double_logistic,2021-09-04,2021,12.392799999999999,False,2021_segment_1,9.5271310806274414,,ok,
Reconstruction_Analysis_Contract_v1.0.1,2021,timesat_double_logistic,2021-09-05,2021,10.753,False,2021_segment_1,9.0168800354003906,,ok,
Reconstruction_Analysis_Contract_v1.0.1,2021,timesat_double_logistic,2021-09-06,2021,10.5746,False,2021_segment_1,8.5139665603637695,,ok,
Reconstruction_Analysis_Contract_v1.0.1,2021,timesat_double_logistic,2021-09-07,2021,6.83622,False,2021_segment_1,8.0214395523071289,,ok,
Reconstruction_Analysis_Contract_v1.0.1,2021,timesat_double_logistic,2021-09-08,2021,5.3160499999999997,True,2021_segment_1,7.5420045852661133,,ok,
Reconstruction_Analysis_Contract_v1.0.1,2021,timesat_double_logistic,2021-09-09,2021,5.0156599999999996,False,2021_segment_1,7.0780024528503418,,ok,
Reconstruction_Analysis_Contract_v1.0.1,2021,timesat_double_logistic,2021-09-10,2021,4.6515399999999998,False,2021_segment_1,6.6313948631286621,,ok,
Reconstruction_Analysis_Contract_v1.0.1,2021,timesat_double_logistic,2021-09-11,2021,4.4148699999999996,False,2021_segment_1,6.2037644386291504,,ok,
Reconstruction_Analysis_Contract_v1.0.1,2021,timesat_double_logistic,2021-09-12,2021,4.9519399999999996,False,2021_segment_1,5.7963242530822754,,ok,
Reconstruction_Analysis_Contract_v1.0.1,2021,timesat_double_logistic,2021-09-13,2021,3.4590700000000001,False,2021_segment_1,5.4099345207214355,,ok,
Reconstruction_Analysis_Contract_v1.0.1,2021,timesat_double_logistic,2021-09-14,2021,3.5247600000000001,False,2021_segment_1,5.045128345489502,,ok,
Reconstruction_Analysis_Contract_v1.0.1,2021,timesat_double_logistic,2021-09-15,2021,3.3050099999999998,True,2021_segment_1,4.702141284942627,,ok,
Reconstruction_Analysis_Contract_v1.0.1,2021,timesat_double_logistic,2021-09-16,2021,2.8918900000000001,False,2021_segment_1,4.3809442520141602,,ok,
Reconstruction_Analysis_Contract_v1.0.1,2021,timesat_double_logistic,2021-09-17,2021,2.62819,False,2021_segment_1,4.0812797546386719,,ok,
Reconstruction_Analysis_Contract_v1.0.1,2021,timesat_double_logistic,2021-09-18,2021,2.6721400000000002,False,2021_segment_1,3.8026955127716064,,ok,
Reconstruction_Analysis_Contract_v1.0.1,2021,timesat_double_logistic,2021-09-19,2021,2.52271,False,2021_segment_1,3.5445802211761475,,ok,
Reconstruction_Analysis_Contract_v1.0.1,2021,timesat_double_logistic,2021-09-20,2021,2.68093,False,2021_segment_1,3.306194543838501,,ok,
Reconstruction_Analysis_Contract_v1.0.1,2021,timesat_double_logistic,2021-09-21,2021,1.8621000000000001,False,2021_segment_1,3.0867025852203369,,ok,
Reconstruction_Analysis_Contract_v1.0.1,2021,timesat_double_logistic,2021-09-22,2021,2.79901,False,2021_segment_1,2.8851978778839111,,ok,
Reconstruction_Analysis_Contract_v1.0.1,2021,timesat_double_logistic,2021-09-23,2021,1.8035399999999999,False,2021_segment_1,2.7007277011871338,,ok,
Reconstruction_Analysis_Contract_v1.0.1,2021,timesat_double_logistic,2021-09-24,2021,1.6630100000000001,False,2021_segment_1,2.5323143005371094,,ok,
Reconstruction_Analysis_Contract_v1.0.1,2021,timesat_double_logistic,2021-09-25,2021,1.9850699999999999,True,2021_segment_1,2.3789718151092529,,ok,
Reconstruction_Analysis_Contract_v1.0.1,2021,timesat_double_logistic,2021-09-26,2021,1.7566999999999999,False,2021_segment_1,2.2397217750549316,,ok,
Reconstruction_Analysis_Contract_v1.0.1,2021,timesat_double_logistic,2021-09-27,2021,2.00264,False,2021_segment_1,2.1136043071746826,,ok,
Reconstruction_Analysis_Contract_v1.0.1,2021,timesat_double_logistic,2021-09-28,2021,1.6488,False,2021_segment_1,1.9996875524520874,,ok,
Reconstruction_Analysis_Contract_v1.0.1,2021,timesat_double_logistic,2021-09-29,2021,1.36707,False,2021_segment_1,1.8970757722854614,,ok,
Reconstruction_Analysis_Contract_v1.0.1,2021,timesat_double_logistic,2021-09-30,2021,1.3624499999999999,False,2021_segment_1,1.8049132823944092,,ok,
Reconstruction_Analysis_Contract_v1.0.1,2021,timesat_double_logistic,2021-10-01,2021,1.24237,False,2021_segment_1,1.7223893404006958,,ok,
Reconstruction_Analysis_Contract_v1.0.1,2021,timesat_double_logistic,2021-10-02,2021,1.41788,False,2021_segment_1,1.6487393379211426,,ok,
Reconstruction_Analysis_Contract_v1.0.1,2021,timesat_double_logistic,2021-10-03,2021,1.5102500000000001,False,2021_segment_1,1.5832465887069702,,ok,
Reconstruction_Analysis_Contract_v1.0.1,2021,timesat_double_logistic,2021-10-04,2021,1.41326,False,2021_segment_1,1.5252424478530884,,ok,
Reconstruction_Analysis_Contract_v1.0.1,2021,timesat_double_logistic,2021-10-05,2021,1.3901600000000001,False,2021_segment_1,1.4741053581237793,,ok,
Reconstruction_Analysis_Contract_v1.0.1,2021,timesat_double_logistic,2021-10-06,2021,1.2146600000000001,False,2021_segment_1,1.4292597770690918,,ok,
Reconstruction_Analysis_Contract_v1.0.1,2021,timesat_double_logistic,2021-10-07,2021,1.27932,False,2021_segment_1,1.3901751041412354,,ok,
Reconstruction_Analysis_Contract_v1.0.1,2021,timesat_double_logistic,2021-10-08,2021,1.21004,True,2021_segment_1,1.3563629388809204,,ok,
Reconstruction_Analysis_Contract_v1.0.1,2021,timesat_double_logistic,2021-10-09,2021,1.25623,False,2021_segment_1,1.3273757696151733,,ok,
Reconstruction_Analysis_Contract_v1.0.1,2021,timesat_double_logistic,2021-10-10,2021,1.24699,False,2021_segment_1,1.3028042316436768,,ok,
Reconstruction_Analysis_Contract_v1.0.1,2021,timesat_double_logistic,2021-10-11,2021,2.47356,False,2021_segment_1,1.2822749614715576,,ok,
Reconstruction_Analysis_Contract_v1.0.1,2021,timesat_double_logistic,2021-10-12,2021,2.41344,False,2021_segment_1,1.2654483318328857,,ok,
Reconstruction_Analysis_Contract_v1.0.1,2021,timesat_double_logistic,2021-10-13,2021,2.3103699999999998,True,2021_segment_1,1.2520157098770142,,ok,
Reconstruction_Analysis_Contract_v1.0.1,2021,timesat_double_logistic,2021-10-14,2021,2.4821499999999999,False,2021_segment_1,1.2416980266571045,,ok,
Reconstruction_Analysis_Contract_v1.0.1,2021,timesat_double_logistic,2021-10-15,2021,2.4306199999999998,False,2021_segment_1,1.2342429161071777,,ok,
Reconstruction_Analysis_Contract_v1.0.1,2021,timesat_double_logistic,2021-10-16,2021,2.3704999999999998,False,2021_segment_1,1.2294226884841919,,ok,
Reconstruction_Analysis_Contract_v1.0.1,2021,timesat_double_logistic,2021-10-17,2021,2.6796899999999999,False,2021_segment_1,1.2270328998565674,,ok,
Reconstruction_Analysis_Contract_v1.0.1,2021,timesat_double_logistic,2021-10-18,2021,2.5680399999999999,True,2021_segment_1,1.2268897294998169,,ok,
Reconstruction_Analysis_Contract_v1.0.1,2021,timesat_double_logistic,2021-10-19,2021,3.39256,False,2021_segment_1,1.2288289070129395,,ok,
Reconstruction_Analysis_Contract_v1.0.1,2021,timesat_double_logistic,2021-10-20,2021,3.5986899999999999,False,2021_segment_1,1.2327038049697876,,ok,
Reconstruction_Analysis_Contract_v1.0.1,2021,timesat_double_logistic,2021-10-21,2021,2.6539199999999998,False,2021_segment_1,1.2383838891983032,,ok,
Reconstruction_Analysis_Contract_v1.0.1,2021,timesat_double_logistic,2021-10-22,2021,2.4649700000000001,False,2021_segment_1,1.2457534074783325,,ok,
Reconstruction_Analysis_Contract_v1.0.1,2021,timesat_double_logistic,2021-10-23,2021,2.70546,True,2021_segment_1,1.2547099590301514,,ok,
Reconstruction_Analysis_Contract_v1.0.1,2021,timesat_double_logistic,2021-10-24,2021,3.2551399999999999,False,2021_segment_1,1.2651636600494385,,ok,
Reconstruction_Analysis_Contract_v1.0.1,2021,timesat_double_logistic,2021-10-25,2021,2.7398099999999999,True,2021_segment_1,1.2770354747772217,,ok,
Reconstruction_Analysis_Contract_v1.0.1,2021,timesat_double_logistic,2021-10-26,2021,2.2741199999999999,False,2021_segment_1,1.2902569770812988,,ok,
Reconstruction_Analysis_Contract_v1.0.1,2021,timesat_double_logistic,2021-10-27,2021,2.0596999999999999,False,2021_segment_1,1.3047686815261841,,ok,
Reconstruction_Analysis_Contract_v1.0.1,2021,timesat_double_logistic,2021-10-28,2021,2.13767,False,2021_segment_1,1.3205196857452393,,ok,
Reconstruction_Analysis_Contract_v1.0.1,2021,timesat_double_logistic,2021-10-29,2021,1.98173,False,2021_segment_1,1.3374669551849365,,ok,
Reconstruction_Analysis_Contract_v1.0.1,2021,timesat_double_logistic,2021-10-30,2021,2.05321,True,2021_segment_1,1.3555741310119629,,ok,
Reconstruction_Analysis_Contract_v1.0.1,2021,timesat_double_logistic,2021-10-31,2021,2.39107,False,2021_segment_1,1.3748114109039307,,ok,
Reconstruction_Analysis_Contract_v1.0.1,2021,timesat_double_logistic,2021-11-01,2021,2.4755400000000001,False,2021_segment_1,1.3951548337936401,,ok,
Reconstruction_Analysis_Contract_v1.0.1,2021,timesat_double_logistic,2021-11-02,2021,2.61199,False,2021_segment_1,1.4165855646133423,,ok,
Reconstruction_Analysis_Contract_v1.0.1,2021,timesat_double_logistic,2021-11-03,2021,2.4755400000000001,False,2021_segment_1,1.4390897750854492,,ok,
Reconstruction_Analysis_Contract_v1.0.1,2021,timesat_double_logistic,2021-11-04,2021,2.61849,False,2021_segment_1,1.4626580476760864,,ok,
Reconstruction_Analysis_Contract_v1.0.1,2021,timesat_double_logistic,2021-11-05,2021,2.13767,False,2021_segment_1,1.4872846603393555,,ok,
Reconstruction_Analysis_Contract_v1.0.1,2021,timesat_double_logistic,2021-11-06,2021,1.89727,False,2021_segment_1,1.5129679441452026,,ok,
Reconstruction_Analysis_Contract_v1.0.1,2021,timesat_double_logistic,2021-11-07,2021,1.94275,False,2021_segment_1,1.539709210395813,,ok,
Reconstruction_Analysis_Contract_v1.0.1,2021,timesat_double_logistic,2021-11-08,2021,2.0727000000000002,False,2021_segment_1,1.5675132274627686,,ok,
Reconstruction_Analysis_Contract_v1.0.1,2021,timesat_double_logistic,2021-11-09,2021,1.6633800000000001,False,2021_segment_1,1.5963872671127319,,ok,
Reconstruction_Analysis_Contract_v1.0.1,2021,timesat_double_logistic,2021-11-10,2021,1.4074800000000001,False,2021_segment_1,1.6263412237167358,,ok,
Reconstruction_Analysis_Contract_v1.0.1,2021,timesat_double_logistic,2021-11-11,2021,1.2662899999999999,False,2021_segment_1,1.657387375831604,,ok,
Reconstruction_Analysis_Contract_v1.0.1,2021,timesat_double_logistic,2021-11-12,2021,1.25746,True,2021_segment_1,1.6895402669906616,,ok,
Reconstruction_Analysis_Contract_v1.0.1,2021,timesat_double_logistic,2021-11-13,2021,1.37659,False,2021_segment_1,1.7228161096572876,,ok,
Reconstruction_Analysis_Contract_v1.0.1,2021,timesat_double_logistic,2021-11-14,2021,1.58396,False,2021_segment_1,1.7572331428527832,,ok,
Reconstruction_Analysis_Contract_v1.0.1,2021,timesat_double_logistic,2021-11-15,2021,1.4427700000000001,False,2021_segment_1,1.792811393737793,,ok,
Reconstruction_Analysis_Contract_v1.0.1,2021,timesat_double_logistic,2021-11-16,2021,0.71038000000000001,False,2021_segment_1,1.8295720815658569,,ok,
Reconstruction_Analysis_Contract_v1.0.1,2021,timesat_double_logistic,2021-11-17,2021,0.70701899999999995,False,2021_segment_1,1.8675382137298584,,ok,
Reconstruction_Analysis_Contract_v1.0.1,2021,timesat_double_logistic,2021-11-18,2021,0.70365800000000001,False,2021_segment_1,1.9067338705062866,,ok,
Reconstruction_Analysis_Contract_v1.0.1,2021,timesat_double_logistic,2021-11-19,2021,0.70029699999999995,False,2021_segment_1,1.9471842050552368,,ok,
Reconstruction_Analysis_Contract_v1.0.1,2021,timesat_double_logistic,2021-11-20,2021,0.696936,False,2021_segment_1,1.9889156818389893,,ok,
Reconstruction_Analysis_Contract_v1.0.1,2021,timesat_double_logistic,2021-11-21,2021,0.69357500000000005,False,2021_segment_1,2.0319557189941406,,ok,
Reconstruction_Analysis_Contract_v1.0.1,2021,timesat_double_logistic,2021-11-22,2021,0.69021399999999999,True,2021_segment_1,2.0763323307037354,,ok,
Reconstruction_Analysis_Contract_v1.0.1,2021,timesat_double_logistic,2021-11-23,2021,1.5567299999999999,False,2021_segment_1,2.1220748424530029,,ok,
Reconstruction_Analysis_Contract_v1.0.1,2021,timesat_double_logistic,2021-11-24,2021,2.52,False,2021_segment_1,2.169212818145752,,ok,
Reconstruction_Analysis_Contract_v1.0.1,2021,timesat_double_logistic,2021-11-25,2021,2.6400000000000001,False,2021_segment_1,2.2177767753601074,,ok,
Reconstruction_Analysis_Contract_v1.0.1,2021,timesat_double_logistic,2021-11-26,2021,2.52,False,2021_segment_1,2.2677974700927734,,ok,
Reconstruction_Analysis_Contract_v1.0.1,2021,timesat_double_logistic,2021-11-27,2021,2.9500000000000002,False,2021_segment_1,2.3193066120147705,,ok,
Reconstruction_Analysis_Contract_v1.0.1,2021,timesat_double_logistic,2021-11-28,2021,3.1499999999999999,False,2021_segment_1,2.3723361492156982,,ok,
Reconstruction_Analysis_Contract_v1.0.1,2021,timesat_double_logistic,2021-11-29,2021,2.6600000000000001,False,2021_segment_1,2.4269177913665771,,ok,
Reconstruction_Analysis_Contract_v1.0.1,2021,timesat_double_logistic,2021-11-30,2021,2.3500000000000001,False,2021_segment_1,2.4830844402313232,,ok,
Reconstruction_Analysis_Contract_v1.0.1,2021,timesat_double_logistic,2021-12-01,2021,2.2799999999999998,False,2021_segment_1,2.5408685207366943,,ok,
Reconstruction_Analysis_Contract_v1.0.1,2021,timesat_double_logistic,2021-12-02,2021,2.8799999999999999,False,2021_segment_1,2.6003029346466064,,ok,
Reconstruction_Analysis_Contract_v1.0.1,2021,timesat_double_logistic,2021-12-03,2021,2.6400000000000001,False,2021_segment_1,2.6614198684692383,,ok,
Reconstruction_Analysis_Contract_v1.0.1,2021,timesat_double_logistic,2021-12-04,2021,2.7400000000000002,True,2021_segment_1,2.7242527008056641,,ok,
Reconstruction_Analysis_Contract_v1.0.1,2021,timesat_smoothing_spline,2021-03-19,2021,3.4342299999999999,True,2021_segment_1,2.7342054843902588,100,ok,
Reconstruction_Analysis_Contract_v1.0.1,2021,timesat_smoothing_spline,2021-03-20,2021,4.6899800000000003,False,2021_segment_1,4.4580845832824707,100,ok,
Reconstruction_Analysis_Contract_v1.0.1,2021,timesat_smoothing_spline,2021-03-21,2021,4.0031299999999996,False,2021_segment_1,6.2538905143737793,100,ok,
Reconstruction_Analysis_Contract_v1.0.1,2021,timesat_smoothing_spline,2021-03-22,2021,4.1904500000000002,True,2021_segment_1,8.1295347213745117,100,ok,
Reconstruction_Analysis_Contract_v1.0.1,2021,timesat_smoothing_spline,2021-03-23,2021,5.1270600000000002,False,2021_segment_1,10.086363792419434,100,ok,
Reconstruction_Analysis_Contract_v1.0.1,2021,timesat_smoothing_spline,2021-03-24,2021,5.8416600000000001,False,2021_segment_1,12.099464416503906,100,ok,
Reconstruction_Analysis_Contract_v1.0.1,2021,timesat_smoothing_spline,2021-03-25,2021,5.6265799999999997,False,2021_segment_1,14.137356758117676,100,ok,
Reconstruction_Analysis_Contract_v1.0.1,2021,timesat_smoothing_spline,2021-03-26,2021,7.4032200000000001,False,2021_segment_1,16.168561935424805,100,ok,
Reconstruction_Analysis_Contract_v1.0.1,2021,timesat_smoothing_spline,2021-03-27,2021,9.6227699999999992,False,2021_segment_1,18.161602020263672,100,ok,
Reconstruction_Analysis_Contract_v1.0.1,2021,timesat_smoothing_spline,2021-03-28,2021,11.2254,False,2021_segment_1,20.084997177124023,100,ok,
Reconstruction_Analysis_Contract_v1.0.1,2021,timesat_smoothing_spline,2021-03-29,2021,10.7361,False,2021_segment_1,21.907268524169922,100,ok,
Reconstruction_Analysis_Contract_v1.0.1,2021,timesat_smoothing_spline,2021-03-30,2021,13.0663,False,2021_segment_1,23.596935272216797,100,ok,
Reconstruction_Analysis_Contract_v1.0.1,2021,timesat_smoothing_spline,2021-03-31,2021,16.456299999999999,False,2021_segment_1,25.122520446777344,100,ok,
Reconstruction_Analysis_Contract_v1.0.1,2021,timesat_smoothing_spline,2021-04-01,2021,20.668199999999999,False,2021_segment_1,26.452545166015625,100,ok,
Reconstruction_Analysis_Contract_v1.0.1,2021,timesat_smoothing_spline,2021-04-02,2021,29.1557,False,2021_segment_1,27.555530548095703,100,ok,
Reconstruction_Analysis_Contract_v1.0.1,2021,timesat_smoothing_spline,2021-04-03,2021,29.1252,True,2021_segment_1,28.399995803833008,100,ok,
Reconstruction_Analysis_Contract_v1.0.1,2021,timesat_smoothing_spline,2021-04-04,2021,27.808399999999999,False,2021_segment_1,28.955671310424805,100,ok,
Reconstruction_Analysis_Contract_v1.0.1,2021,timesat_smoothing_spline,2021-04-05,2021,23.422599999999999,False,2021_segment_1,29.197120666503906,100,ok,
Reconstruction_Analysis_Contract_v1.0.1,2021,timesat_smoothing_spline,2021-04-06,2021,32.954999999999998,False,2021_segment_1,29.100120544433594,100,ok,
Reconstruction_Analysis_Contract_v1.0.1,2021,timesat_smoothing_spline,2021-04-07,2021,35.546100000000003,False,2021_segment_1,28.640438079833984,100,ok,
Reconstruction_Analysis_Contract_v1.0.1,2021,timesat_smoothing_spline,2021-04-08,2021,37.868200000000002,True,2021_segment_1,27.793851852416992,100,ok,
Reconstruction_Analysis_Contract_v1.0.1,2021,timesat_smoothing_spline,2021-04-09,2021,35.853400000000001,False,2021_segment_1,26.552923202514648,100,ok,
Reconstruction_Analysis_Contract_v1.0.1,2021,timesat_smoothing_spline,2021-04-10,2021,25.151399999999999,False,2021_segment_1,24.977376937866211,100,ok,
Reconstruction_Analysis_Contract_v1.0.1,2021,timesat_smoothing_spline,2021-04-11,2021,23.660399999999999,False,2021_segment_1,23.143730163574219,100,ok,
Reconstruction_Analysis_Contract_v1.0.1,2021,timesat_smoothing_spline,2021-04-12,2021,26.803100000000001,False,2021_segment_1,21.128501892089844,100,ok,
Reconstruction_Analysis_Contract_v1.0.1,2021,timesat_smoothing_spline,2021-04-13,2021,16.1616,True,2021_segment_1,19.008203506469727,100,ok,
Reconstruction_Analysis_Contract_v1.0.1,2021,timesat_smoothing_spline,2021-04-14,2021,10.6212,False,2021_segment_1,16.854612350463867,100,ok,
Reconstruction_Analysis_Contract_v1.0.1,2021,timesat_smoothing_spline,2021-04-15,2021,6.2700399999999998,False,2021_segment_1,14.720520973205566,100,ok,
Reconstruction_Analysis_Contract_v1.0.1,2021,timesat_smoothing_spline,2021-04-16,2021,4.2911299999999999,False,2021_segment_1,12.653979301452637,100,ok,
Reconstruction_Analysis_Contract_v1.0.1,2021,timesat_smoothing_spline,2021-04-17,2021,3.2130999999999998,False,2021_segment_1,10.703038215637207,100,ok,
Reconstruction_Analysis_Contract_v1.0.1,2021,timesat_smoothing_spline,2021-04-18,2021,2.9368300000000001,True,2021_segment_1,8.9157485961914062,100,ok,
Reconstruction_Analysis_Contract_v1.0.1,2021,timesat_smoothing_spline,2021-04-19,2021,2.6275300000000001,False,2021_segment_1,7.3301949501037598,100,ok,
Reconstruction_Analysis_Contract_v1.0.1,2021,timesat_smoothing_spline,2021-04-20,2021,3.9138299999999999,False,2021_segment_1,5.9446048736572266,100,ok,
Reconstruction_Analysis_Contract_v1.0.1,2021,timesat_smoothing_spline,2021-04-21,2021,4.2085999999999997,True,2021_segment_1,4.7472386360168457,100,ok,
Reconstruction_Analysis_Contract_v1.0.1,2021,timesat_smoothing_spline,2021-04-22,2021,3.6026899999999999,False,2021_segment_1,3.7254598140716553,100,ok,
Reconstruction_Analysis_Contract_v1.0.1,2021,timesat_smoothing_spline,2021-04-23,2021,3.5371899999999998,True,2021_segment_1,2.8630416393280029,100,ok,
Reconstruction_Analysis_Contract_v1.0.1,2021,timesat_smoothing_spline,2021-04-24,2021,3.5917699999999999,False,2021_segment_1,2.14398193359375,100,ok,
Reconstruction_Analysis_Contract_v1.0.1,2021,timesat_smoothing_spline,2021-04-25,2021,3.8919999999999999,False,2021_segment_1,1.5567739009857178,100,ok,
Reconstruction_Analysis_Contract_v1.0.1,2021,timesat_smoothing_spline,2021-04-26,2021,3.9083700000000001,False,2021_segment_1,1.0910335779190063,100,ok,
Reconstruction_Analysis_Contract_v1.0.1,2021,timesat_smoothing_spline,2021-04-27,2021,3.70818,False,2021_segment_1,0.73637747764587402,100,ok,
Reconstruction_Analysis_Contract_v1.0.1,2021,timesat_smoothing_spline,2021-04-28,2021,4.2967000000000004,False,2021_segment_1,0.48242199420928955,100,ok,
Reconstruction_Analysis_Contract_v1.0.1,2021,timesat_smoothing_spline,2021-04-29,2021,4.1101000000000001,False,2021_segment_1,0.31878340244293213,100,ok,
Reconstruction_Analysis_Contract_v1.0.1,2021,timesat_smoothing_spline,2021-04-30,2021,3.6268400000000001,False,2021_segment_1,0.23507814109325409,100,ok,
Reconstruction_Analysis_Contract_v1.0.1,2021,timesat_smoothing_spline,2021-05-01,2021,3.1148699999999998,False,2021_segment_1,0.22092252969741821,100,ok,
Reconstruction_Analysis_Contract_v1.0.1,2021,timesat_smoothing_spline,2021-05-02,2021,2.9426199999999998,False,2021_segment_1,0.26593291759490967,100,ok,
Reconstruction_Analysis_Contract_v1.0.1,2021,timesat_smoothing_spline,2021-05-03,2021,3.2010000000000001,False,2021_segment_1,0.3597257137298584,100,ok,
Reconstruction_Analysis_Contract_v1.0.1,2021,timesat_smoothing_spline,2021-05-04,2021,2.51851,False,2021_segment_1,0.49191725254058838,100,ok,
Reconstruction_Analysis_Contract_v1.0.1,2021,timesat_smoothing_spline,2021-05-05,2021,2.21435,False,2021_segment_1,0.65212386846542358,100,ok,
Reconstruction_Analysis_Contract_v1.0.1,2021,timesat_smoothing_spline,2021-05-06,2021,2.2954599999999998,False,2021_segment_1,0.82996201515197754,100,ok,
Reconstruction_Analysis_Contract_v1.0.1,2021,timesat_smoothing_spline,2021-05-07,2021,1.93451,False,2021_segment_1,1.0150479078292847,100,ok,
Reconstruction_Analysis_Contract_v1.0.1,2021,timesat_smoothing_spline,2021-05-08,2021,2.1332300000000002,True,2021_segment_1,1.1969980001449585,100,ok,
Reconstruction_Analysis_Contract_v1.0.1,2021,timesat_smoothing_spline,2021-05-09,2021,2.0399600000000002,False,2021_segment_1,1.3669891357421875,100,ok,
Reconstruction_Analysis_Contract_v1.0.1,2021,timesat_smoothing_spline,2021-05-10,2021,2.1291799999999999,False,2021_segment_1,1.5224394798278809,100,ok,
Reconstruction_Analysis_Contract_v1.0.1,2021,timesat_smoothing_spline,2021-05-11,2021,1.9680299999999999,False,2021_segment_1,1.6623276472091675,100,ok,
Reconstruction_Analysis_Contract_v1.0.1,2021,timesat_smoothing_spline,2021-05-12,2021,2.0485899999999999,False,2021_segment_1,1.7856324911117554,100,ok,
Reconstruction_Analysis_Contract_v1.0.1,2021,timesat_smoothing_spline,2021-05-13,2021,2.0792799999999998,True,2021_segment_1,1.8913325071334839,100,ok,
Reconstruction_Analysis_Contract_v1.0.1,2021,timesat_smoothing_spline,2021-05-14,2021,1.90665,False,2021_segment_1,1.9787198305130005,100,ok,
Reconstruction_Analysis_Contract_v1.0.1,2021,timesat_smoothing_spline,2021-05-15,2021,2.14066,False,2021_segment_1,2.0483393669128418,100,ok,
Reconstruction_Analysis_Contract_v1.0.1,2021,timesat_smoothing_spline,2021-05-16,2021,2.2902800000000001,False,2021_segment_1,2.1010489463806152,100,ok,
Reconstruction_Analysis_Contract_v1.0.1,2021,timesat_smoothing_spline,2021-05-17,2021,2.0907900000000001,False,2021_segment_1,2.137706995010376,100,ok,
Reconstruction_Analysis_Contract_v1.0.1,2021,timesat_smoothing_spline,2021-05-18,2021,2.2734000000000001,True,2021_segment_1,2.1591718196868896,100,ok,
Reconstruction_Analysis_Contract_v1.0.1,2021,timesat_smoothing_spline,2021-05-19,2021,2.1675599999999999,False,2021_segment_1,2.1664915084838867,100,ok,
Reconstruction_Analysis_Contract_v1.0.1,2021,timesat_smoothing_spline,2021-05-20,2021,1.98129,False,2021_segment_1,2.1614766120910645,100,ok,
Reconstruction_Analysis_Contract_v1.0.1,2021,timesat_smoothing_spline,2021-05-21,2021,2.2564700000000002,False,2021_segment_1,2.1461272239685059,100,ok,
Reconstruction_Analysis_Contract_v1.0.1,2021,timesat_smoothing_spline,2021-05-22,2021,2.4342700000000002,False,2021_segment_1,2.122443675994873,100,ok,
Reconstruction_Analysis_Contract_v1.0.1,2021,timesat_smoothing_spline,2021-05-23,2021,1.9050800000000001,False,2021_segment_1,2.0924267768859863,100,ok,
Reconstruction_Analysis_Contract_v1.0.1,2021,timesat_smoothing_spline,2021-05-24,2021,1.74421,False,2021_segment_1,2.0580768585205078,100,ok,
Reconstruction_Analysis_Contract_v1.0.1,2021,timesat_smoothing_spline,2021-05-25,2021,1.7547299999999999,False,2021_segment_1,2.0213942527770996,100,ok,
Reconstruction_Analysis_Contract_v1.0.1,2021,timesat_smoothing_spline,2021-05-26,2021,1.3544700000000001,False,2021_segment_1,1.9843795299530029,100,ok,
Reconstruction_Analysis_Contract_v1.0.1,2021,timesat_smoothing_spline,2021-05-27,2021,1.4473800000000001,False,2021_segment_1,1.9490329027175903,100,ok,
Reconstruction_Analysis_Contract_v1.0.1,2021,timesat_smoothing_spline,2021-05-28,2021,1.5831900000000001,True,2021_segment_1,1.9173550605773926,100,ok,
Reconstruction_Analysis_Contract_v1.0.1,2021,timesat_smoothing_spline,2021-05-29,2021,1.36161,False,2021_segment_1,1.890789270401001,100,ok,
Reconstruction_Analysis_Contract_v1.0.1,2021,timesat_smoothing_spline,2021-05-30,2021,1.5331600000000001,False,2021_segment_1,1.86855149269104,100,ok,
Reconstruction_Analysis_Contract_v1.0.1,2021,timesat_smoothing_spline,2021-05-31,2021,1.5117100000000001,False,2021_segment_1,1.8493002653121948,100,ok,
Reconstruction_Analysis_Contract_v1.0.1,2021,timesat_smoothing_spline,2021-06-01,2021,1.9756800000000001,False,2021_segment_1,1.8316946029663086,100,ok,
Reconstruction_Analysis_Contract_v1.0.1,2021,timesat_smoothing_spline,2021-06-02,2021,2.0250699999999999,True,2021_segment_1,1.814393162727356,100,ok,
Reconstruction_Analysis_Contract_v1.0.1,2021,timesat_smoothing_spline,2021-06-03,2021,2.1856,False,2021_segment_1,1.7964059114456177,100,ok,
Reconstruction_Analysis_Contract_v1.0.1,2021,timesat_smoothing_spline,2021-06-04,2021,1.69991,False,2021_segment_1,1.7781472206115723,100,ok,
Reconstruction_Analysis_Contract_v1.0.1,2021,timesat_smoothing_spline,2021-06-05,2021,1.6093599999999999,True,2021_segment_1,1.7603827714920044,100,ok,
Reconstruction_Analysis_Contract_v1.0.1,2021,timesat_smoothing_spline,2021-06-06,2021,1.35416,False,2021_segment_1,1.7436262369155884,100,ok,
Reconstruction_Analysis_Contract_v1.0.1,2021,timesat_smoothing_spline,2021-06-07,2021,1.8439700000000001,True,2021_segment_1,1.7273848056793213,100,ok,
Reconstruction_Analysis_Contract_v1.0.1,2021,timesat_smoothing_spline,2021-06-08,2021,1.86138,False,2021_segment_1,1.7111079692840576,100,ok,
Reconstruction_Analysis_Contract_v1.0.1,2021,timesat_smoothing_spline,2021-06-09,2021,1.6292899999999999,False,2021_segment_1,1.6950227022171021,100,ok,
Reconstruction_Analysis_Contract_v1.0.1,2021,timesat_smoothing_spline,2021-06-10,2021,1.86602,True,2021_segment_1,1.6795501708984375,100,ok,
Reconstruction_Analysis_Contract_v1.0.1,2021,timesat_smoothing_spline,2021-06-11,2021,1.57359,False,2021_segment_1,1.6654222011566162,100,ok,
Reconstruction_Analysis_Contract_v1.0.1,2021,timesat_smoothing_spline,2021-06-12,2021,1.57359,True,2021_segment_1,1.6546142101287842,100,ok,
Reconstruction_Analysis_Contract_v1.0.1,2021,timesat_smoothing_spline,2021-06-13,2021,1.36934,False,2021_segment_1,1.6492766141891479,100,ok,
Reconstruction_Analysis_Contract_v1.0.1,2021,timesat_smoothing_spline,2021-06-14,2021,1.58287,False,2021_segment_1,1.6510204076766968,100,ok,
Reconstruction_Analysis_Contract_v1.0.1,2021,timesat_smoothing_spline,2021-06-15,2021,1.6633800000000001,True,2021_segment_1,1.6613211631774902,100,ok,
Reconstruction_Analysis_Contract_v1.0.1,2021,timesat_smoothing_spline,2021-06-16,2021,1.73698,False,2021_segment_1,1.6816577911376953,100,ok,
Reconstruction_Analysis_Contract_v1.0.1,2021,timesat_smoothing_spline,2021-06-17,2021,1.88418,False,2021_segment_1,1.713523268699646,100,ok,
Reconstruction_Analysis_Contract_v1.0.1,2021,timesat_smoothing_spline,2021-06-18,2021,1.6265799999999999,False,2021_segment_1,1.7584137916564941,100,ok,
Reconstruction_Analysis_Contract_v1.0.1,2021,timesat_smoothing_spline,2021-06-19,2021,1.6045,False,2021_segment_1,1.8178254365921021,100,ok,
Reconstruction_Analysis_Contract_v1.0.1,2021,timesat_smoothing_spline,2021-06-20,2021,1.7517,True,2021_segment_1,1.8932546377182007,100,ok,
Reconstruction_Analysis_Contract_v1.0.1,2021,timesat_smoothing_spline,2021-06-21,2021,1.5235399999999999,False,2021_segment_1,1.9859615564346313,100,ok,
Reconstruction_Analysis_Contract_v1.0.1,2021,timesat_smoothing_spline,2021-06-22,2021,1.6488,False,2021_segment_1,2.0962629318237305,100,ok,
Reconstruction_Analysis_Contract_v1.0.1,2021,timesat_smoothing_spline,2021-06-23,2021,1.40923,False,2021_segment_1,2.2242391109466553,100,ok,
Reconstruction_Analysis_Contract_v1.0.1,2021,timesat_smoothing_spline,2021-06-24,2021,1.66289,False,2021_segment_1,2.3699710369110107,100,ok,
Reconstruction_Analysis_Contract_v1.0.1,2021,timesat_smoothing_spline,2021-06-25,2021,1.85314,False,2021_segment_1,2.5335395336151123,100,ok,
Reconstruction_Analysis_Contract_v1.0.1,2021,timesat_smoothing_spline,2021-06-26,2021,1.90951,False,2021_segment_1,2.7150249481201172,100,ok,
Reconstruction_Analysis_Contract_v1.0.1,2021,timesat_smoothing_spline,2021-06-27,2021,1.90951,True,2021_segment_1,2.9145081043243408,100,ok,
Reconstruction_Analysis_Contract_v1.0.1,2021,timesat_smoothing_spline,2021-06-28,2021,2.15612,False,2021_segment_1,3.1303949356079102,100,ok,
Reconstruction_Analysis_Contract_v1.0.1,2021,timesat_smoothing_spline,2021-06-29,2021,4.9463999999999997,False,2021_segment_1,3.3543906211853027,100,ok,
Reconstruction_Analysis_Contract_v1.0.1,2021,timesat_smoothing_spline,2021-06-30,2021,3.94116,True,2021_segment_1,3.5765261650085449,100,ok,
Reconstruction_Analysis_Contract_v1.0.1,2021,timesat_smoothing_spline,2021-07-01,2021,3.9252099999999999,False,2021_segment_1,3.7874400615692139,100,ok,
Reconstruction_Analysis_Contract_v1.0.1,2021,timesat_smoothing_spline,2021-07-02,2021,5.0421399999999998,True,2021_segment_1,3.9802014827728271,100,ok,
Reconstruction_Analysis_Contract_v1.0.1,2021,timesat_smoothing_spline,2021-07-03,2021,4.4677199999999999,False,2021_segment_1,4.1502571105957031,100,ok,
Reconstruction_Analysis_Contract_v1.0.1,2021,timesat_smoothing_spline,2021-07-04,2021,3.9571200000000002,False,2021_segment_1,4.3001341819763184,100,ok,
Reconstruction_Analysis_Contract_v1.0.1,2021,timesat_smoothing_spline,2021-07-05,2021,4.1964600000000001,True,2021_segment_1,4.4341282844543457,100,ok,
Reconstruction_Analysis_Contract_v1.0.1,2021,timesat_smoothing_spline,2021-07-06,2021,2.8848600000000002,False,2021_segment_1,4.5561404228210449,100,ok,
Reconstruction_Analysis_Contract_v1.0.1,2021,timesat_smoothing_spline,2021-07-07,2021,3.4419400000000002,False,2021_segment_1,4.6684861183166504,100,ok,
Reconstruction_Analysis_Contract_v1.0.1,2021,timesat_smoothing_spline,2021-07-08,2021,4.8445799999999997,False,2021_segment_1,4.7730846405029297,100,ok,
Reconstruction_Analysis_Contract_v1.0.1,2021,timesat_smoothing_spline,2021-07-09,2021,3.74037,False,2021_segment_1,4.871856689453125,100,ok,
Reconstruction_Analysis_Contract_v1.0.1,2021,timesat_smoothing_spline,2021-07-10,2021,3.8796400000000002,True,2021_segment_1,4.9667215347290039,100,ok,
Reconstruction_Analysis_Contract_v1.0.1,2021,timesat_smoothing_spline,2021-07-11,2021,4.2974500000000004,False,2021_segment_1,5.0577869415283203,100,ok,
Reconstruction_Analysis_Contract_v1.0.1,2021,timesat_smoothing_spline,2021-07-12,2021,6.1676299999999999,True,2021_segment_1,5.137913703918457,100,ok,
Reconstruction_Analysis_Contract_v1.0.1,2021,timesat_smoothing_spline,2021-07-13,2021,6.7786200000000001,False,2021_segment_1,5.1998672485351562,100,ok,
Reconstruction_Analysis_Contract_v1.0.1,2021,timesat_smoothing_spline,2021-07-14,2021,6.5163099999999998,False,2021_segment_1,5.2432770729064941,100,ok,
Reconstruction_Analysis_Contract_v1.0.1,2021,timesat_smoothing_spline,2021-07-15,2021,6.6405599999999998,True,2021_segment_1,5.2694892883300781,100,ok,
Reconstruction_Analysis_Contract_v1.0.1,2021,timesat_smoothing_spline,2021-07-16,2021,6.4058599999999997,False,2021_segment_1,5.2821354866027832,100,ok,
Reconstruction_Analysis_Contract_v1.0.1,2021,timesat_smoothing_spline,2021-07-17,2021,6.0607199999999999,False,2021_segment_1,5.2939867973327637,100,ok,
Reconstruction_Analysis_Contract_v1.0.1,2021,timesat_smoothing_spline,2021-07-18,2021,6.0331099999999998,False,2021_segment_1,5.3201007843017578,100,ok,
Reconstruction_Analysis_Contract_v1.0.1,2021,timesat_smoothing_spline,2021-07-19,2021,5.3290199999999999,False,2021_segment_1,5.3755331039428711,100,ok,
Reconstruction_Analysis_Contract_v1.0.1,2021,timesat_smoothing_spline,2021-07-20,2021,6.3644499999999997,False,2021_segment_1,5.475341796875,100,ok,
Reconstruction_Analysis_Contract_v1.0.1,2021,timesat_smoothing_spline,2021-07-21,2021,5.3980499999999996,False,2021_segment_1,5.63458251953125,100,ok,
Reconstruction_Analysis_Contract_v1.0.1,2021,timesat_smoothing_spline,2021-07-22,2021,5.7569900000000001,False,2021_segment_1,5.8683128356933594,100,ok,
Reconstruction_Analysis_Contract_v1.0.1,2021,timesat_smoothing_spline,2021-07-23,2021,5.3704299999999998,False,2021_segment_1,6.19158935546875,100,ok,
Reconstruction_Analysis_Contract_v1.0.1,2021,timesat_smoothing_spline,2021-07-24,2021,4.9424599999999996,False,2021_segment_1,6.6194686889648438,100,ok,
Reconstruction_Analysis_Contract_v1.0.1,2021,timesat_smoothing_spline,2021-07-25,2021,4.8734299999999999,True,2021_segment_1,7.1670079231262207,100,ok,
Reconstruction_Analysis_Contract_v1.0.1,2021,timesat_smoothing_spline,2021-07-26,2021,4.9838699999999996,False,2021_segment_1,7.8454408645629883,100,ok,
Reconstruction_Analysis_Contract_v1.0.1,2021,timesat_smoothing_spline,2021-07-27,2021,6.2898300000000003,True,2021_segment_1,8.6507110595703125,100,ok,
Reconstruction_Analysis_Contract_v1.0.1,2021,timesat_smoothing_spline,2021-07-28,2021,5.6227299999999998,False,2021_segment_1,9.5710058212280273,100,ok,
Reconstruction_Analysis_Contract_v1.0.1,2021,timesat_smoothing_spline,2021-07-29,2021,8.0433599999999998,False,2021_segment_1,10.578770637512207,100,ok,
Reconstruction_Analysis_Contract_v1.0.1,2021,timesat_smoothing_spline,2021-07-30,2021,8.5770400000000002,False,2021_segment_1,11.642518997192383,100,ok,
Reconstruction_Analysis_Contract_v1.0.1,2021,timesat_smoothing_spline,2021-07-31,2021,8.2530199999999994,False,2021_segment_1,12.730761528015137,100,ok,
Reconstruction_Analysis_Contract_v1.0.1,2021,timesat_smoothing_spline,2021-08-01,2021,7.6240399999999999,False,2021_segment_1,13.81201171875,100,ok,
Reconstruction_Analysis_Contract_v1.0.1,2021,timesat_smoothing_spline,2021-08-02,2021,7.7384000000000004,False,2021_segment_1,14.854782104492188,100,ok,
Reconstruction_Analysis_Contract_v1.0.1,2021,timesat_smoothing_spline,2021-08-03,2021,20.7455,False,2021_segment_1,15.827583312988281,100,ok,
Reconstruction_Analysis_Contract_v1.0.1,2021,timesat_smoothing_spline,2021-08-04,2021,24.822299999999998,False,2021_segment_1,16.698928833007812,100,ok,
Reconstruction_Analysis_Contract_v1.0.1,2021,timesat_smoothing_spline,2021-08-05,2021,17.442699999999999,False,2021_segment_1,17.43733024597168,100,ok,
Reconstruction_Analysis_Contract_v1.0.1,2021,timesat_smoothing_spline,2021-08-06,2021,19.919799999999999,True,2021_segment_1,18.011301040649414,100,ok,
Reconstruction_Analysis_Contract_v1.0.1,2021,timesat_smoothing_spline,2021-08-07,2021,18.732800000000001,False,2021_segment_1,18.39253044128418,100,ok,
Reconstruction_Analysis_Contract_v1.0.1,2021,timesat_smoothing_spline,2021-08-08,2021,24.151399999999999,False,2021_segment_1,18.565439224243164,100,ok,
Reconstruction_Analysis_Contract_v1.0.1,2021,timesat_smoothing_spline,2021-08-09,2021,25.183499999999999,True,2021_segment_1,18.517623901367188,100,ok,
Reconstruction_Analysis_Contract_v1.0.1,2021,timesat_smoothing_spline,2021-08-10,2021,14.1211,False,2021_segment_1,18.24778938293457,100,ok,
Reconstruction_Analysis_Contract_v1.0.1,2021,timesat_smoothing_spline,2021-08-11,2021,14.9703,True,2021_segment_1,17.799083709716797,100,ok,
Reconstruction_Analysis_Contract_v1.0.1,2021,timesat_smoothing_spline,2021-08-12,2021,14.0726,False,2021_segment_1,17.221046447753906,100,ok,
Reconstruction_Analysis_Contract_v1.0.1,2021,timesat_smoothing_spline,2021-08-13,2021,12.3256,False,2021_segment_1,16.544361114501953,100,ok,
Reconstruction_Analysis_Contract_v1.0.1,2021,timesat_smoothing_spline,2021-08-14,2021,12.6168,False,2021_segment_1,15.79499626159668,100,ok,
Reconstruction_Analysis_Contract_v1.0.1,2021,timesat_smoothing_spline,2021-08-15,2021,13.2476,False,2021_segment_1,14.998919486999512,100,ok,
Reconstruction_Analysis_Contract_v1.0.1,2021,timesat_smoothing_spline,2021-08-16,2021,12.398400000000001,False,2021_segment_1,14.182099342346191,100,ok,
Reconstruction_Analysis_Contract_v1.0.1,2021,timesat_smoothing_spline,2021-08-17,2021,4.0295699999999997,False,2021_segment_1,13.370504379272461,100,ok,
Reconstruction_Analysis_Contract_v1.0.1,2021,timesat_smoothing_spline,2021-08-18,2021,3.8565800000000001,False,2021_segment_1,12.590102195739746,100,ok,
Reconstruction_Analysis_Contract_v1.0.1,2021,timesat_smoothing_spline,2021-08-19,2021,4.6706399999999997,False,2021_segment_1,11.866860389709473,100,ok,
Reconstruction_Analysis_Contract_v1.0.1,2021,timesat_smoothing_spline,2021-08-20,2021,5.19977,False,2021_segment_1,11.226747512817383,100,ok,
Reconstruction_Analysis_Contract_v1.0.1,2021,timesat_smoothing_spline,2021-08-21,2021,6.4513800000000003,True,2021_segment_1,10.695732116699219,100,ok,
Reconstruction_Analysis_Contract_v1.0.1,2021,timesat_smoothing_spline,2021-08-22,2021,6.5327900000000003,False,2021_segment_1,10.292707443237305,100,ok,
Reconstruction_Analysis_Contract_v1.0.1,2021,timesat_smoothing_spline,2021-08-23,2021,8.3440600000000007,False,2021_segment_1,10.008273124694824,100,ok,
Reconstruction_Analysis_Contract_v1.0.1,2021,timesat_smoothing_spline,2021-08-24,2021,9.3872699999999991,False,2021_segment_1,9.825953483581543,100,ok,
Reconstruction_Analysis_Contract_v1.0.1,2021,timesat_smoothing_spline,2021-08-25,2021,9.8422699999999992,False,2021_segment_1,9.7292728424072266,100,ok,
Reconstruction_Analysis_Contract_v1.0.1,2021,timesat_smoothing_spline,2021-08-26,2021,9.3752999999999993,False,2021_segment_1,9.7017555236816406,100,ok,
Reconstruction_Analysis_Contract_v1.0.1,2021,timesat_smoothing_spline,2021-08-27,2021,8.5970200000000006,False,2021_segment_1,9.7269268035888672,100,ok,
Reconstruction_Analysis_Contract_v1.0.1,2021,timesat_smoothing_spline,2021-08-28,2021,9.48306,False,2021_segment_1,9.7883100509643555,100,ok,
Reconstruction_Analysis_Contract_v1.0.1,2021,timesat_smoothing_spline,2021-08-29,2021,8.0103100000000005,False,2021_segment_1,9.8694314956665039,100,ok,
Reconstruction_Analysis_Contract_v1.0.1,2021,timesat_smoothing_spline,2021-08-30,2021,7.3757099999999998,False,2021_segment_1,9.9538154602050781,100,ok,
Reconstruction_Analysis_Contract_v1.0.1,2021,timesat_smoothing_spline,2021-08-31,2021,7.8305400000000001,True,2021_segment_1,10.024985313415527,100,ok,
Reconstruction_Analysis_Contract_v1.0.1,2021,timesat_smoothing_spline,2021-09-01,2021,10.3849,False,2021_segment_1,10.062809944152832,100,ok,
Reconstruction_Analysis_Contract_v1.0.1,2021,timesat_smoothing_spline,2021-09-02,2021,10.619199999999999,False,2021_segment_1,10.032525062561035,100,ok,
Reconstruction_Analysis_Contract_v1.0.1,2021,timesat_smoothing_spline,2021-09-03,2021,16.676100000000002,True,2021_segment_1,9.8957128524780273,100,ok,
Reconstruction_Analysis_Contract_v1.0.1,2021,timesat_smoothing_spline,2021-09-04,2021,12.392799999999999,False,2021_segment_1,9.6252517700195312,100,ok,
Reconstruction_Analysis_Contract_v1.0.1,2021,timesat_smoothing_spline,2021-09-05,2021,10.753,False,2021_segment_1,9.239227294921875,100,ok,
Reconstruction_Analysis_Contract_v1.0.1,2021,timesat_smoothing_spline,2021-09-06,2021,10.5746,False,2021_segment_1,8.7670221328735352,100,ok,
Reconstruction_Analysis_Contract_v1.0.1,2021,timesat_smoothing_spline,2021-09-07,2021,6.83622,False,2021_segment_1,8.2380218505859375,100,ok,
Reconstruction_Analysis_Contract_v1.0.1,2021,timesat_smoothing_spline,2021-09-08,2021,5.3160499999999997,True,2021_segment_1,7.6816082000732422,100,ok,
Reconstruction_Analysis_Contract_v1.0.1,2021,timesat_smoothing_spline,2021-09-09,2021,5.0156599999999996,False,2021_segment_1,7.1232242584228516,100,ok,
Reconstruction_Analysis_Contract_v1.0.1,2021,timesat_smoothing_spline,2021-09-10,2021,4.6515399999999998,False,2021_segment_1,6.5725407600402832,100,ok,
Reconstruction_Analysis_Contract_v1.0.1,2021,timesat_smoothing_spline,2021-09-11,2021,4.4148699999999996,False,2021_segment_1,6.0352859497070312,100,ok,
Reconstruction_Analysis_Contract_v1.0.1,2021,timesat_smoothing_spline,2021-09-12,2021,4.9519399999999996,False,2021_segment_1,5.517188549041748,100,ok,
Reconstruction_Analysis_Contract_v1.0.1,2021,timesat_smoothing_spline,2021-09-13,2021,3.4590700000000001,False,2021_segment_1,5.0239768028259277,100,ok,
Reconstruction_Analysis_Contract_v1.0.1,2021,timesat_smoothing_spline,2021-09-14,2021,3.5247600000000001,False,2021_segment_1,4.5613789558410645,100,ok,
Reconstruction_Analysis_Contract_v1.0.1,2021,timesat_smoothing_spline,2021-09-15,2021,3.3050099999999998,True,2021_segment_1,4.1351232528686523,100,ok,
Reconstruction_Analysis_Contract_v1.0.1,2021,timesat_smoothing_spline,2021-09-16,2021,2.8918900000000001,False,2021_segment_1,3.7495555877685547,100,ok,
Reconstruction_Analysis_Contract_v1.0.1,2021,timesat_smoothing_spline,2021-09-17,2021,2.62819,False,2021_segment_1,3.4034860134124756,100,ok,
Reconstruction_Analysis_Contract_v1.0.1,2021,timesat_smoothing_spline,2021-09-18,2021,2.6721400000000002,False,2021_segment_1,3.0943419933319092,100,ok,
Reconstruction_Analysis_Contract_v1.0.1,2021,timesat_smoothing_spline,2021-09-19,2021,2.52271,False,2021_segment_1,2.8195507526397705,100,ok,
Reconstruction_Analysis_Contract_v1.0.1,2021,timesat_smoothing_spline,2021-09-20,2021,2.68093,False,2021_segment_1,2.5765399932861328,100,ok,
Reconstruction_Analysis_Contract_v1.0.1,2021,timesat_smoothing_spline,2021-09-21,2021,1.8621000000000001,False,2021_segment_1,2.3627364635467529,100,ok,
Reconstruction_Analysis_Contract_v1.0.1,2021,timesat_smoothing_spline,2021-09-22,2021,2.79901,False,2021_segment_1,2.1755678653717041,100,ok,
Reconstruction_Analysis_Contract_v1.0.1,2021,timesat_smoothing_spline,2021-09-23,2021,1.8035399999999999,False,2021_segment_1,2.0124614238739014,100,ok,
Reconstruction_Analysis_Contract_v1.0.1,2021,timesat_smoothing_spline,2021-09-24,2021,1.6630100000000001,False,2021_segment_1,1.8708443641662598,100,ok,
Reconstruction_Analysis_Contract_v1.0.1,2021,timesat_smoothing_spline,2021-09-25,2021,1.9850699999999999,True,2021_segment_1,1.7481440305709839,100,ok,
Reconstruction_Analysis_Contract_v1.0.1,2021,timesat_smoothing_spline,2021-09-26,2021,1.7566999999999999,False,2021_segment_1,1.6421827077865601,100,ok,
Reconstruction_Analysis_Contract_v1.0.1,2021,timesat_smoothing_spline,2021-09-27,2021,2.00264,False,2021_segment_1,1.5523619651794434,100,ok,
Reconstruction_Analysis_Contract_v1.0.1,2021,timesat_smoothing_spline,2021-09-28,2021,1.6488,False,2021_segment_1,1.4784784317016602,100,ok,
Reconstruction_Analysis_Contract_v1.0.1,2021,timesat_smoothing_spline,2021-09-29,2021,1.36707,False,2021_segment_1,1.4203286170959473,100,ok,
Reconstruction_Analysis_Contract_v1.0.1,2021,timesat_smoothing_spline,2021-09-30,2021,1.3624499999999999,False,2021_segment_1,1.3777091503143311,100,ok,
Reconstruction_Analysis_Contract_v1.0.1,2021,timesat_smoothing_spline,2021-10-01,2021,1.24237,False,2021_segment_1,1.3504165410995483,100,ok,
Reconstruction_Analysis_Contract_v1.0.1,2021,timesat_smoothing_spline,2021-10-02,2021,1.41788,False,2021_segment_1,1.3382472991943359,100,ok,
Reconstruction_Analysis_Contract_v1.0.1,2021,timesat_smoothing_spline,2021-10-03,2021,1.5102500000000001,False,2021_segment_1,1.3409981727600098,100,ok,
Reconstruction_Analysis_Contract_v1.0.1,2021,timesat_smoothing_spline,2021-10-04,2021,1.41326,False,2021_segment_1,1.3584656715393066,100,ok,
Reconstruction_Analysis_Contract_v1.0.1,2021,timesat_smoothing_spline,2021-10-05,2021,1.3901600000000001,False,2021_segment_1,1.3904463052749634,100,ok,
Reconstruction_Analysis_Contract_v1.0.1,2021,timesat_smoothing_spline,2021-10-06,2021,1.2146600000000001,False,2021_segment_1,1.4367365837097168,100,ok,
Reconstruction_Analysis_Contract_v1.0.1,2021,timesat_smoothing_spline,2021-10-07,2021,1.27932,False,2021_segment_1,1.4971332550048828,100,ok,
Reconstruction_Analysis_Contract_v1.0.1,2021,timesat_smoothing_spline,2021-10-08,2021,1.21004,True,2021_segment_1,1.5714327096939087,100,ok,
Reconstruction_Analysis_Contract_v1.0.1,2021,timesat_smoothing_spline,2021-10-09,2021,1.25623,False,2021_segment_1,1.6588292121887207,100,ok,
Reconstruction_Analysis_Contract_v1.0.1,2021,timesat_smoothing_spline,2021-10-10,2021,1.24699,False,2021_segment_1,1.7561079263687134,100,ok,
Reconstruction_Analysis_Contract_v1.0.1,2021,timesat_smoothing_spline,2021-10-11,2021,2.47356,False,2021_segment_1,1.8594512939453125,100,ok,
Reconstruction_Analysis_Contract_v1.0.1,2021,timesat_smoothing_spline,2021-10-12,2021,2.41344,False,2021_segment_1,1.9650419950485229,100,ok,
Reconstruction_Analysis_Contract_v1.0.1,2021,timesat_smoothing_spline,2021-10-13,2021,2.3103699999999998,True,2021_segment_1,2.0690627098083496,100,ok,
Reconstruction_Analysis_Contract_v1.0.1,2021,timesat_smoothing_spline,2021-10-14,2021,2.4821499999999999,False,2021_segment_1,2.168097972869873,100,ok,
Reconstruction_Analysis_Contract_v1.0.1,2021,timesat_smoothing_spline,2021-10-15,2021,2.4306199999999998,False,2021_segment_1,2.2603418827056885,100,ok,
Reconstruction_Analysis_Contract_v1.0.1,2021,timesat_smoothing_spline,2021-10-16,2021,2.3704999999999998,False,2021_segment_1,2.3443896770477295,100,ok,
Reconstruction_Analysis_Contract_v1.0.1,2021,timesat_smoothing_spline,2021-10-17,2021,2.6796899999999999,False,2021_segment_1,2.418837308883667,100,ok,
Reconstruction_Analysis_Contract_v1.0.1,2021,timesat_smoothing_spline,2021-10-18,2021,2.5680399999999999,True,2021_segment_1,2.4822804927825928,100,ok,
Reconstruction_Analysis_Contract_v1.0.1,2021,timesat_smoothing_spline,2021-10-19,2021,3.39256,False,2021_segment_1,2.5334577560424805,100,ok,
Reconstruction_Analysis_Contract_v1.0.1,2021,timesat_smoothing_spline,2021-10-20,2021,3.5986899999999999,False,2021_segment_1,2.5716793537139893,100,ok,
Reconstruction_Analysis_Contract_v1.0.1,2021,timesat_smoothing_spline,2021-10-21,2021,2.6539199999999998,False,2021_segment_1,2.5963988304138184,100,ok,
Reconstruction_Analysis_Contract_v1.0.1,2021,timesat_smoothing_spline,2021-10-22,2021,2.4649700000000001,False,2021_segment_1,2.6070694923400879,100,ok,
Reconstruction_Analysis_Contract_v1.0.1,2021,timesat_smoothing_spline,2021-10-23,2021,2.70546,True,2021_segment_1,2.603144645690918,100,ok,
Reconstruction_Analysis_Contract_v1.0.1,2021,timesat_smoothing_spline,2021-10-24,2021,3.2551399999999999,False,2021_segment_1,2.5842478275299072,100,ok,
Reconstruction_Analysis_Contract_v1.0.1,2021,timesat_smoothing_spline,2021-10-25,2021,2.7398099999999999,True,2021_segment_1,2.5506854057312012,100,ok,
Reconstruction_Analysis_Contract_v1.0.1,2021,timesat_smoothing_spline,2021-10-26,2021,2.2741199999999999,False,2021_segment_1,2.503248929977417,100,ok,
Reconstruction_Analysis_Contract_v1.0.1,2021,timesat_smoothing_spline,2021-10-27,2021,2.0596999999999999,False,2021_segment_1,2.4439904689788818,100,ok,
Reconstruction_Analysis_Contract_v1.0.1,2021,timesat_smoothing_spline,2021-10-28,2021,2.13767,False,2021_segment_1,2.3752784729003906,100,ok,
Reconstruction_Analysis_Contract_v1.0.1,2021,timesat_smoothing_spline,2021-10-29,2021,1.98173,False,2021_segment_1,2.2994799613952637,100,ok,
Reconstruction_Analysis_Contract_v1.0.1,2021,timesat_smoothing_spline,2021-10-30,2021,2.05321,True,2021_segment_1,2.2189631462097168,100,ok,
Reconstruction_Analysis_Contract_v1.0.1,2021,timesat_smoothing_spline,2021-10-31,2021,2.39107,False,2021_segment_1,2.1358189582824707,100,ok,
Reconstruction_Analysis_Contract_v1.0.1,2021,timesat_smoothing_spline,2021-11-01,2021,2.4755400000000001,False,2021_segment_1,2.0510344505310059,100,ok,
Reconstruction_Analysis_Contract_v1.0.1,2021,timesat_smoothing_spline,2021-11-02,2021,2.61199,False,2021_segment_1,1.9653193950653076,100,ok,
Reconstruction_Analysis_Contract_v1.0.1,2021,timesat_smoothing_spline,2021-11-03,2021,2.4755400000000001,False,2021_segment_1,1.8793840408325195,100,ok,
Reconstruction_Analysis_Contract_v1.0.1,2021,timesat_smoothing_spline,2021-11-04,2021,2.61849,False,2021_segment_1,1.7939386367797852,100,ok,
Reconstruction_Analysis_Contract_v1.0.1,2021,timesat_smoothing_spline,2021-11-05,2021,2.13767,False,2021_segment_1,1.7096933126449585,100,ok,
Reconstruction_Analysis_Contract_v1.0.1,2021,timesat_smoothing_spline,2021-11-06,2021,1.89727,False,2021_segment_1,1.6273581981658936,100,ok,
Reconstruction_Analysis_Contract_v1.0.1,2021,timesat_smoothing_spline,2021-11-07,2021,1.94275,False,2021_segment_1,1.5476435422897339,100,ok,
Reconstruction_Analysis_Contract_v1.0.1,2021,timesat_smoothing_spline,2021-11-08,2021,2.0727000000000002,False,2021_segment_1,1.471259593963623,100,ok,
Reconstruction_Analysis_Contract_v1.0.1,2021,timesat_smoothing_spline,2021-11-09,2021,1.6633800000000001,False,2021_segment_1,1.3989163637161255,100,ok,
Reconstruction_Analysis_Contract_v1.0.1,2021,timesat_smoothing_spline,2021-11-10,2021,1.4074800000000001,False,2021_segment_1,1.3313241004943848,100,ok,
Reconstruction_Analysis_Contract_v1.0.1,2021,timesat_smoothing_spline,2021-11-11,2021,1.2662899999999999,False,2021_segment_1,1.2691929340362549,100,ok,
Reconstruction_Analysis_Contract_v1.0.1,2021,timesat_smoothing_spline,2021-11-12,2021,1.25746,True,2021_segment_1,1.2132332324981689,100,ok,
Reconstruction_Analysis_Contract_v1.0.1,2021,timesat_smoothing_spline,2021-11-13,2021,1.37659,False,2021_segment_1,1.1642286777496338,100,ok,
Reconstruction_Analysis_Contract_v1.0.1,2021,timesat_smoothing_spline,2021-11-14,2021,1.58396,False,2021_segment_1,1.123258113861084,100,ok,
Reconstruction_Analysis_Contract_v1.0.1,2021,timesat_smoothing_spline,2021-11-15,2021,1.4427700000000001,False,2021_segment_1,1.0914738178253174,100,ok,
Reconstruction_Analysis_Contract_v1.0.1,2021,timesat_smoothing_spline,2021-11-16,2021,0.71038000000000001,False,2021_segment_1,1.07002854347229,100,ok,
Reconstruction_Analysis_Contract_v1.0.1,2021,timesat_smoothing_spline,2021-11-17,2021,0.70701899999999995,False,2021_segment_1,1.0600744485855103,100,ok,
Reconstruction_Analysis_Contract_v1.0.1,2021,timesat_smoothing_spline,2021-11-18,2021,0.70365800000000001,False,2021_segment_1,1.062764048576355,100,ok,
Reconstruction_Analysis_Contract_v1.0.1,2021,timesat_smoothing_spline,2021-11-19,2021,0.70029699999999995,False,2021_segment_1,1.0792499780654907,100,ok,
Reconstruction_Analysis_Contract_v1.0.1,2021,timesat_smoothing_spline,2021-11-20,2021,0.696936,False,2021_segment_1,1.1106843948364258,100,ok,
Reconstruction_Analysis_Contract_v1.0.1,2021,timesat_smoothing_spline,2021-11-21,2021,0.69357500000000005,False,2021_segment_1,1.1582199335098267,100,ok,
Reconstruction_Analysis_Contract_v1.0.1,2021,timesat_smoothing_spline,2021-11-22,2021,0.69021399999999999,True,2021_segment_1,1.2230089902877808,100,ok,
Reconstruction_Analysis_Contract_v1.0.1,2021,timesat_smoothing_spline,2021-11-23,2021,1.5567299999999999,False,2021_segment_1,1.3053159713745117,100,ok,
Reconstruction_Analysis_Contract_v1.0.1,2021,timesat_smoothing_spline,2021-11-24,2021,2.52,False,2021_segment_1,1.4018535614013672,100,ok,
Reconstruction_Analysis_Contract_v1.0.1,2021,timesat_smoothing_spline,2021-11-25,2021,2.6400000000000001,False,2021_segment_1,1.5084459781646729,100,ok,
Reconstruction_Analysis_Contract_v1.0.1,2021,timesat_smoothing_spline,2021-11-26,2021,2.52,False,2021_segment_1,1.620917797088623,100,ok,
Reconstruction_Analysis_Contract_v1.0.1,2021,timesat_smoothing_spline,2021-11-27,2021,2.9500000000000002,False,2021_segment_1,1.7350937128067017,100,ok,
Reconstruction_Analysis_Contract_v1.0.1,2021,timesat_smoothing_spline,2021-11-28,2021,3.1499999999999999,False,2021_segment_1,1.8467979431152344,100,ok,
Reconstruction_Analysis_Contract_v1.0.1,2021,timesat_smoothing_spline,2021-11-29,2021,2.6600000000000001,False,2021_segment_1,1.9518551826477051,100,ok,
Reconstruction_Analysis_Contract_v1.0.1,2021,timesat_smoothing_spline,2021-11-30,2021,2.3500000000000001,False,2021_segment_1,2.0460898876190186,100,ok,
Reconstruction_Analysis_Contract_v1.0.1,2021,timesat_smoothing_spline,2021-12-01,2021,2.2799999999999998,False,2021_segment_1,2.12532639503479,100,ok,
Reconstruction_Analysis_Contract_v1.0.1,2021,timesat_smoothing_spline,2021-12-02,2021,2.8799999999999999,False,2021_segment_1,2.1853892803192139,100,ok,
Reconstruction_Analysis_Contract_v1.0.1,2021,timesat_smoothing_spline,2021-12-03,2021,2.6400000000000001,False,2021_segment_1,2.2221033573150635,100,ok,
Reconstruction_Analysis_Contract_v1.0.1,2021,timesat_smoothing_spline,2021-12-04,2021,2.7400000000000002,True,2021_segment_1,2.2312924861907959,100,ok,
Reconstruction_Analysis_Contract_v1.0.1,2022,linear_interpolation,2022-04-18,2022,6.5410700000000004,True,2022_segment_1,6.5410700000000004,,ok,
Reconstruction_Analysis_Contract_v1.0.1,2022,linear_interpolation,2022-04-19,2022,7.4376899999999999,False,2022_segment_1,6.7285633333333337,,ok,
Reconstruction_Analysis_Contract_v1.0.1,2022,linear_interpolation,2022-04-20,2022,7.0985699999999996,False,2022_segment_1,6.916056666666667,,ok,
Reconstruction_Analysis_Contract_v1.0.1,2022,linear_interpolation,2022-04-21,2022,7.1035500000000003,True,2022_segment_1,7.1035500000000003,,ok,
Reconstruction_Analysis_Contract_v1.0.1,2022,linear_interpolation,2022-04-22,2022,6.7149999999999999,False,2022_segment_1,6.7766999999999999,,ok,
Reconstruction_Analysis_Contract_v1.0.1,2022,linear_interpolation,2022-04-23,2022,6.3214600000000001,False,2022_segment_1,6.4498500000000005,,ok,
Reconstruction_Analysis_Contract_v1.0.1,2022,linear_interpolation,2022-04-24,2022,7.9105499999999997,False,2022_segment_1,6.1230000000000002,,ok,
Reconstruction_Analysis_Contract_v1.0.1,2022,linear_interpolation,2022-04-25,2022,6.3762600000000003,False,2022_segment_1,5.7961499999999999,,ok,
Reconstruction_Analysis_Contract_v1.0.1,2022,linear_interpolation,2022-04-26,2022,6.2883899999999997,False,2022_segment_1,5.4693000000000005,,ok,
Reconstruction_Analysis_Contract_v1.0.1,2022,linear_interpolation,2022-04-27,2022,5.4524100000000004,False,2022_segment_1,5.1424500000000002,,ok,
Reconstruction_Analysis_Contract_v1.0.1,2022,linear_interpolation,2022-04-28,2022,5.97722,False,2022_segment_1,4.8155999999999999,,ok,
Reconstruction_Analysis_Contract_v1.0.1,2022,linear_interpolation,2022-04-29,2022,4.15665,False,2022_segment_1,4.4887499999999996,,ok,
Reconstruction_Analysis_Contract_v1.0.1,2022,linear_interpolation,2022-04-30,2022,3.9058600000000001,False,2022_segment_1,4.1619000000000002,,ok,
Reconstruction_Analysis_Contract_v1.0.1,2022,linear_interpolation,2022-05-01,2022,4.2681199999999997,False,2022_segment_1,3.8350499999999998,,ok,
Reconstruction_Analysis_Contract_v1.0.1,2022,linear_interpolation,2022-05-02,2022,3.3299699999999999,False,2022_segment_1,3.5082,,ok,
Reconstruction_Analysis_Contract_v1.0.1,2022,linear_interpolation,2022-05-03,2022,3.1813500000000001,True,2022_segment_1,3.1813500000000001,,ok,
Reconstruction_Analysis_Contract_v1.0.1,2022,linear_interpolation,2022-05-04,2022,3.9083399999999999,False,2022_segment_1,3.0970466666666669,,ok,
Reconstruction_Analysis_Contract_v1.0.1,2022,linear_interpolation,2022-05-05,2022,3.1311800000000001,False,2022_segment_1,3.0127433333333333,,ok,
Reconstruction_Analysis_Contract_v1.0.1,2022,linear_interpolation,2022-05-06,2022,2.9284400000000002,True,2022_segment_1,2.9284400000000002,,ok,
Reconstruction_Analysis_Contract_v1.0.1,2022,linear_interpolation,2022-05-07,2022,3.2944900000000001,False,2022_segment_1,2.9758819999999999,,ok,
Reconstruction_Analysis_Contract_v1.0.1,2022,linear_interpolation,2022-05-08,2022,3.2325499999999998,False,2022_segment_1,3.0233240000000001,,ok,
Reconstruction_Analysis_Contract_v1.0.1,2022,linear_interpolation,2022-05-09,2022,2.90028,False,2022_segment_1,3.0707659999999999,,ok,
Reconstruction_Analysis_Contract_v1.0.1,2022,linear_interpolation,2022-05-10,2022,3.25156,False,2022_segment_1,3.1182080000000001,,ok,
Reconstruction_Analysis_Contract_v1.0.1,2022,linear_interpolation,2022-05-11,2022,3.1656499999999999,True,2022_segment_1,3.1656499999999999,,ok,
Reconstruction_Analysis_Contract_v1.0.1,2022,linear_interpolation,2022-05-12,2022,3.1326100000000001,False,2022_segment_1,3.1088139999999997,,ok,
Reconstruction_Analysis_Contract_v1.0.1,2022,linear_interpolation,2022-05-13,2022,3.2713899999999998,False,2022_segment_1,3.0519780000000001,,ok,
Reconstruction_Analysis_Contract_v1.0.1,2022,linear_interpolation,2022-05-14,2022,2.9607700000000001,False,2022_segment_1,2.995142,,ok,
Reconstruction_Analysis_Contract_v1.0.1,2022,linear_interpolation,2022-05-15,2022,2.7228599999999998,False,2022_segment_1,2.9383060000000003,,ok,
Reconstruction_Analysis_Contract_v1.0.1,2022,linear_interpolation,2022-05-16,2022,2.8814700000000002,True,2022_segment_1,2.8814700000000002,,ok,
Reconstruction_Analysis_Contract_v1.0.1,2022,linear_interpolation,2022-05-17,2022,2.9776500000000001,False,2022_segment_1,2.7048300000000003,,ok,
Reconstruction_Analysis_Contract_v1.0.1,2022,linear_interpolation,2022-05-18,2022,2.5281899999999999,True,2022_segment_1,2.5281899999999999,,ok,
Reconstruction_Analysis_Contract_v1.0.1,2022,linear_interpolation,2022-05-19,2022,2.4283100000000002,False,2022_segment_1,2.49579,,ok,
Reconstruction_Analysis_Contract_v1.0.1,2022,linear_interpolation,2022-05-20,2022,2.32219,False,2022_segment_1,2.46339,,ok,
Reconstruction_Analysis_Contract_v1.0.1,2022,linear_interpolation,2022-05-21,2022,2.6155900000000001,False,2022_segment_1,2.43099,,ok,
Reconstruction_Analysis_Contract_v1.0.1,2022,linear_interpolation,2022-05-22,2022,2.5094699999999999,False,2022_segment_1,2.39859,,ok,
Reconstruction_Analysis_Contract_v1.0.1,2022,linear_interpolation,2022-05-23,2022,2.36619,True,2022_segment_1,2.36619,,ok,
Reconstruction_Analysis_Contract_v1.0.1,2022,linear_interpolation,2022-05-24,2022,1.96438,False,2022_segment_1,2.3626961538461537,,ok,
Reconstruction_Analysis_Contract_v1.0.1,2022,linear_interpolation,2022-05-25,2022,2.12622,False,2022_segment_1,2.3592023076923079,,ok,
Reconstruction_Analysis_Contract_v1.0.1,2022,linear_interpolation,2022-05-26,2022,2.0760000000000001,False,2022_segment_1,2.3557084615384616,,ok,
Reconstruction_Analysis_Contract_v1.0.1,2022,linear_interpolation,2022-05-27,2022,2.3606099999999999,False,2022_segment_1,2.3522146153846153,,ok,
Reconstruction_Analysis_Contract_v1.0.1,2022,linear_interpolation,2022-05-28,2022,2.2210899999999998,False,2022_segment_1,2.3487207692307694,,ok,
Reconstruction_Analysis_Contract_v1.0.1,2022,linear_interpolation,2022-05-29,2022,2.3327100000000001,False,2022_segment_1,2.3452269230769232,,ok,
Reconstruction_Analysis_Contract_v1.0.1,2022,linear_interpolation,2022-05-30,2022,2.5224500000000001,False,2022_segment_1,2.3417330769230769,,ok,
Reconstruction_Analysis_Contract_v1.0.1,2022,linear_interpolation,2022-05-31,2022,2.0480900000000002,False,2022_segment_1,2.3382392307692306,,ok,
Reconstruction_Analysis_Contract_v1.0.1,2022,linear_interpolation,2022-06-01,2022,2.4728400000000001,False,2022_segment_1,2.3347453846153847,,ok,
Reconstruction_Analysis_Contract_v1.0.1,2022,linear_interpolation,2022-06-02,2022,2.67781,False,2022_segment_1,2.3312515384615384,,ok,
Reconstruction_Analysis_Contract_v1.0.1,2022,linear_interpolation,2022-06-03,2022,2.6645799999999999,False,2022_segment_1,2.3277576923076921,,ok,
Reconstruction_Analysis_Contract_v1.0.1,2022,linear_interpolation,2022-06-04,2022,2.2678699999999998,False,2022_segment_1,2.3242638461538463,,ok,
Reconstruction_Analysis_Contract_v1.0.1,2022,linear_interpolation,2022-06-05,2022,2.32077,True,2022_segment_1,2.32077,,ok,
Reconstruction_Analysis_Contract_v1.0.1,2022,linear_interpolation,2022-06-06,2022,2.1885300000000001,False,2022_segment_1,2.0162399999999998,,ok,
Reconstruction_Analysis_Contract_v1.0.1,2022,linear_interpolation,2022-06-07,2022,1.7117100000000001,True,2022_segment_1,1.7117100000000001,,ok,
Reconstruction_Analysis_Contract_v1.0.1,2022,linear_interpolation,2022-06-08,2022,1.3953,False,2022_segment_1,1.64428,,ok,
Reconstruction_Analysis_Contract_v1.0.1,2022,linear_interpolation,2022-06-09,2022,1.37974,False,2022_segment_1,1.5768500000000001,,ok,
Reconstruction_Analysis_Contract_v1.0.1,2022,linear_interpolation,2022-06-10,2022,1.09964,False,2022_segment_1,1.50942,,ok,
Reconstruction_Analysis_Contract_v1.0.1,2022,linear_interpolation,2022-06-11,2022,1.11002,False,2022_segment_1,1.4419900000000001,,ok,
Reconstruction_Analysis_Contract_v1.0.1,2022,linear_interpolation,2022-06-12,2022,1.37456,True,2022_segment_1,1.37456,,ok,
Reconstruction_Analysis_Contract_v1.0.1,2022,linear_interpolation,2022-06-13,2022,1.4368000000000001,False,2022_segment_1,1.3738833333333333,,ok,
Reconstruction_Analysis_Contract_v1.0.1,2022,linear_interpolation,2022-06-14,2022,1.3964000000000001,False,2022_segment_1,1.3732066666666667,,ok,
Reconstruction_Analysis_Contract_v1.0.1,2022,linear_interpolation,2022-06-15,2022,1.37253,True,2022_segment_1,1.37253,,ok,
Reconstruction_Analysis_Contract_v1.0.1,2022,linear_interpolation,2022-06-16,2022,1.2114,False,2022_segment_1,1.408962,,ok,
Reconstruction_Analysis_Contract_v1.0.1,2022,linear_interpolation,2022-06-17,2022,1.6768700000000001,False,2022_segment_1,1.4453940000000001,,ok,
Reconstruction_Analysis_Contract_v1.0.1,2022,linear_interpolation,2022-06-18,2022,1.29495,False,2022_segment_1,1.4818260000000001,,ok,
Reconstruction_Analysis_Contract_v1.0.1,2022,linear_interpolation,2022-06-19,2022,1.2233400000000001,False,2022_segment_1,1.5182580000000001,,ok,
Reconstruction_Analysis_Contract_v1.0.1,2022,linear_interpolation,2022-06-20,2022,1.18753,False,2022_segment_1,1.5546900000000001,,ok,
Reconstruction_Analysis_Contract_v1.0.1,2022,linear_interpolation,2022-06-21,2022,1.5567299999999999,False,2022_segment_1,1.5911219999999999,,ok,
Reconstruction_Analysis_Contract_v1.0.1,2022,linear_interpolation,2022-06-22,2022,1.70468,False,2022_segment_1,1.6275539999999999,,ok,
Reconstruction_Analysis_Contract_v1.0.1,2022,linear_interpolation,2022-06-23,2022,1.7883100000000001,False,2022_segment_1,1.663986,,ok,
Reconstruction_Analysis_Contract_v1.0.1,2022,linear_interpolation,2022-06-24,2022,1.8076099999999999,False,2022_segment_1,1.700418,,ok,
Reconstruction_Analysis_Contract_v1.0.1,2022,linear_interpolation,2022-06-25,2022,1.73685,True,2022_segment_1,1.73685,,ok,
Reconstruction_Analysis_Contract_v1.0.1,2022,linear_interpolation,2022-06-26,2022,1.5953299999999999,False,2022_segment_1,1.962572,,ok,
Reconstruction_Analysis_Contract_v1.0.1,2022,linear_interpolation,2022-06-27,2022,1.60819,False,2022_segment_1,2.188294,,ok,
Reconstruction_Analysis_Contract_v1.0.1,2022,linear_interpolation,2022-06-28,2022,2.6715599999999999,False,2022_segment_1,2.4140160000000002,,ok,
Reconstruction_Analysis_Contract_v1.0.1,2022,linear_interpolation,2022-06-29,2022,3.1347700000000001,False,2022_segment_1,2.6397380000000004,,ok,
Reconstruction_Analysis_Contract_v1.0.1,2022,linear_interpolation,2022-06-30,2022,2.8654600000000001,True,2022_segment_1,2.8654600000000001,,ok,
Reconstruction_Analysis_Contract_v1.0.1,2022,linear_interpolation,2022-07-01,2022,3.2101799999999998,False,2022_segment_1,3.090981666666667,,ok,
Reconstruction_Analysis_Contract_v1.0.1,2022,linear_interpolation,2022-07-02,2022,3.1455500000000001,False,2022_segment_1,3.3165033333333334,,ok,
Reconstruction_Analysis_Contract_v1.0.1,2022,linear_interpolation,2022-07-03,2022,3.5979899999999998,False,2022_segment_1,3.5420250000000002,,ok,
Reconstruction_Analysis_Contract_v1.0.1,2022,linear_interpolation,2022-07-04,2022,3.1024600000000002,False,2022_segment_1,3.7675466666666666,,ok,
Reconstruction_Analysis_Contract_v1.0.1,2022,linear_interpolation,2022-07-05,2022,4.5919800000000004,False,2022_segment_1,3.9930683333333334,,ok,
Reconstruction_Analysis_Contract_v1.0.1,2022,linear_interpolation,2022-07-06,2022,4.2639800000000001,False,2022_segment_1,4.2185899999999998,,ok,
Reconstruction_Analysis_Contract_v1.0.1,2022,linear_interpolation,2022-07-07,2022,4.6632800000000003,False,2022_segment_1,4.4441116666666662,,ok,
Reconstruction_Analysis_Contract_v1.0.1,2022,linear_interpolation,2022-07-08,2022,3.72207,False,2022_segment_1,4.6696333333333335,,ok,
Reconstruction_Analysis_Contract_v1.0.1,2022,linear_interpolation,2022-07-09,2022,7.3469300000000004,False,2022_segment_1,4.8951549999999999,,ok,
Reconstruction_Analysis_Contract_v1.0.1,2022,linear_interpolation,2022-07-10,2022,3.7078099999999998,False,2022_segment_1,5.1206766666666663,,ok,
Reconstruction_Analysis_Contract_v1.0.1,2022,linear_interpolation,2022-07-11,2022,3.76485,False,2022_segment_1,5.3461983333333336,,ok,
Reconstruction_Analysis_Contract_v1.0.1,2022,linear_interpolation,2022-07-12,2022,5.57172,True,2022_segment_1,5.57172,,ok,
Reconstruction_Analysis_Contract_v1.0.1,2022,linear_interpolation,2022-07-13,2022,5.8029999999999999,False,2022_segment_1,5.8660766666666664,,ok,
Reconstruction_Analysis_Contract_v1.0.1,2022,linear_interpolation,2022-07-14,2022,6.58094,False,2022_segment_1,6.1604333333333336,,ok,
Reconstruction_Analysis_Contract_v1.0.1,2022,linear_interpolation,2022-07-15,2022,6.45479,True,2022_segment_1,6.45479,,ok,
Reconstruction_Analysis_Contract_v1.0.1,2022,linear_interpolation,2022-07-16,2022,6.6229899999999997,False,2022_segment_1,6.6440149999999996,,ok,
Reconstruction_Analysis_Contract_v1.0.1,2022,linear_interpolation,2022-07-17,2022,6.83324,True,2022_segment_1,6.83324,,ok,
Reconstruction_Analysis_Contract_v1.0.1,2022,linear_interpolation,2022-07-18,2022,9.5244900000000001,False,2022_segment_1,10.215726666666667,,ok,
Reconstruction_Analysis_Contract_v1.0.1,2022,linear_interpolation,2022-07-19,2022,13.9231,False,2022_segment_1,13.598213333333334,,ok,
Reconstruction_Analysis_Contract_v1.0.1,2022,linear_interpolation,2022-07-20,2022,16.980699999999999,True,2022_segment_1,16.980699999999999,,ok,
Reconstruction_Analysis_Contract_v1.0.1,2022,linear_interpolation,2022-07-21,2022,20.147500000000001,False,2022_segment_1,16.805979999999998,,ok,
Reconstruction_Analysis_Contract_v1.0.1,2022,linear_interpolation,2022-07-22,2022,18.0181,False,2022_segment_1,16.631259999999997,,ok,
Reconstruction_Analysis_Contract_v1.0.1,2022,linear_interpolation,2022-07-23,2022,17.4175,False,2022_segment_1,16.45654,,ok,
Reconstruction_Analysis_Contract_v1.0.1,2022,linear_interpolation,2022-07-24,2022,19.273900000000001,False,2022_segment_1,16.28182,,ok,
Reconstruction_Analysis_Contract_v1.0.1,2022,linear_interpolation,2022-07-25,2022,21.785499999999999,False,2022_segment_1,16.107099999999999,,ok,
Reconstruction_Analysis_Contract_v1.0.1,2022,linear_interpolation,2022-07-26,2022,18.727900000000002,False,2022_segment_1,15.932379999999998,,ok,
Reconstruction_Analysis_Contract_v1.0.1,2022,linear_interpolation,2022-07-27,2022,17.253699999999998,False,2022_segment_1,15.75766,,ok,
Reconstruction_Analysis_Contract_v1.0.1,2022,linear_interpolation,2022-07-28,2022,14.742100000000001,False,2022_segment_1,15.582939999999999,,ok,
Reconstruction_Analysis_Contract_v1.0.1,2022,linear_interpolation,2022-07-29,2022,13.431699999999999,False,2022_segment_1,15.40822,,ok,
Reconstruction_Analysis_Contract_v1.0.1,2022,linear_interpolation,2022-07-30,2022,15.233499999999999,True,2022_segment_1,15.233499999999999,,ok,
Reconstruction_Analysis_Contract_v1.0.1,2022,linear_interpolation,2022-07-31,2022,22.986699999999999,False,2022_segment_1,16.707699999999999,,ok,
Reconstruction_Analysis_Contract_v1.0.1,2022,linear_interpolation,2022-08-01,2022,18.181899999999999,True,2022_segment_1,18.181899999999999,,ok,
Reconstruction_Analysis_Contract_v1.0.1,2022,linear_interpolation,2022-08-02,2022,29.9084,False,2022_segment_1,17.716438461538459,,ok,
Reconstruction_Analysis_Contract_v1.0.1,2022,linear_interpolation,2022-08-03,2022,32.500500000000002,False,2022_segment_1,17.250976923076923,,ok,
Reconstruction_Analysis_Contract_v1.0.1,2022,linear_interpolation,2022-08-04,2022,36.1892,False,2022_segment_1,16.785515384615383,,ok,
Reconstruction_Analysis_Contract_v1.0.1,2022,linear_interpolation,2022-08-05,2022,36.089500000000001,False,2022_segment_1,16.320053846153847,,ok,
Reconstruction_Analysis_Contract_v1.0.1,2022,linear_interpolation,2022-08-06,2022,35.890099999999997,False,2022_segment_1,15.854592307692307,,ok,
Reconstruction_Analysis_Contract_v1.0.1,2022,linear_interpolation,2022-08-07,2022,57.523899999999998,False,2022_segment_1,15.38913076923077,,ok,
Reconstruction_Analysis_Contract_v1.0.1,2022,linear_interpolation,2022-08-08,2022,39.6785,False,2022_segment_1,14.92366923076923,,ok,
Reconstruction_Analysis_Contract_v1.0.1,2022,linear_interpolation,2022-08-09,2022,9.0687599999999993,False,2022_segment_1,14.458207692307692,,ok,
Reconstruction_Analysis_Contract_v1.0.1,2022,linear_interpolation,2022-08-10,2022,11.335900000000001,False,2022_segment_1,13.992746153846154,,ok,
Reconstruction_Analysis_Contract_v1.0.1,2022,linear_interpolation,2022-08-11,2022,13.190899999999999,False,2022_segment_1,13.527284615384616,,ok,
Reconstruction_Analysis_Contract_v1.0.1,2022,linear_interpolation,2022-08-12,2022,11.1004,False,2022_segment_1,13.061823076923078,,ok,
Reconstruction_Analysis_Contract_v1.0.1,2022,linear_interpolation,2022-08-13,2022,12.5137,False,2022_segment_1,12.596361538461538,,ok,
Reconstruction_Analysis_Contract_v1.0.1,2022,linear_interpolation,2022-08-14,2022,12.1309,True,2022_segment_1,12.1309,,ok,
Reconstruction_Analysis_Contract_v1.0.1,2022,linear_interpolation,2022-08-15,2022,12.955399999999999,False,2022_segment_1,12.147320000000001,,ok,
Reconstruction_Analysis_Contract_v1.0.1,2022,linear_interpolation,2022-08-16,2022,6.87141,False,2022_segment_1,12.163740000000001,,ok,
Reconstruction_Analysis_Contract_v1.0.1,2022,linear_interpolation,2022-08-17,2022,11.9796,False,2022_segment_1,12.180159999999999,,ok,
Reconstruction_Analysis_Contract_v1.0.1,2022,linear_interpolation,2022-08-18,2022,12.6538,False,2022_segment_1,12.196579999999999,,ok,
Reconstruction_Analysis_Contract_v1.0.1,2022,linear_interpolation,2022-08-19,2022,12.212999999999999,True,2022_segment_1,12.212999999999999,,ok,
Reconstruction_Analysis_Contract_v1.0.1,2022,linear_interpolation,2022-08-20,2022,11.2536,False,2022_segment_1,11.731983,,ok,
Reconstruction_Analysis_Contract_v1.0.1,2022,linear_interpolation,2022-08-21,2022,10.5016,False,2022_segment_1,11.250966,,ok,
Reconstruction_Analysis_Contract_v1.0.1,2022,linear_interpolation,2022-08-22,2022,10.3719,False,2022_segment_1,10.769948999999999,,ok,
Reconstruction_Analysis_Contract_v1.0.1,2022,linear_interpolation,2022-08-23,2022,7.3915199999999999,False,2022_segment_1,10.288931999999999,,ok,
Reconstruction_Analysis_Contract_v1.0.1,2022,linear_interpolation,2022-08-24,2022,6.7494899999999998,False,2022_segment_1,9.8079149999999995,,ok,
Reconstruction_Analysis_Contract_v1.0.1,2022,linear_interpolation,2022-08-25,2022,6.4367099999999997,False,2022_segment_1,9.3268979999999999,,ok,
Reconstruction_Analysis_Contract_v1.0.1,2022,linear_interpolation,2022-08-26,2022,6.4202500000000002,False,2022_segment_1,8.8458810000000003,,ok,
Reconstruction_Analysis_Contract_v1.0.1,2022,linear_interpolation,2022-08-27,2022,5.5477600000000002,False,2022_segment_1,8.3648640000000007,,ok,
Reconstruction_Analysis_Contract_v1.0.1,2022,linear_interpolation,2022-08-28,2022,6.1074700000000002,False,2022_segment_1,7.8838470000000003,,ok,
Reconstruction_Analysis_Contract_v1.0.1,2022,linear_interpolation,2022-08-29,2022,4.6917200000000001,False,2022_segment_1,7.4028299999999998,,ok,
Reconstruction_Analysis_Contract_v1.0.1,2022,linear_interpolation,2022-08-30,2022,3.6950400000000001,False,2022_segment_1,6.9218130000000002,,ok,
Reconstruction_Analysis_Contract_v1.0.1,2022,linear_interpolation,2022-08-31,2022,4.0350700000000002,False,2022_segment_1,6.4407960000000006,,ok,
Reconstruction_Analysis_Contract_v1.0.1,2022,linear_interpolation,2022-09-01,2022,4.7151399999999999,False,2022_segment_1,5.9597790000000002,,ok,
Reconstruction_Analysis_Contract_v1.0.1,2022,linear_interpolation,2022-09-02,2022,4.61313,False,2022_segment_1,5.4787620000000006,,ok,
Reconstruction_Analysis_Contract_v1.0.1,2022,linear_interpolation,2022-09-03,2022,4.9985099999999996,False,2022_segment_1,4.9977450000000001,,ok,
Reconstruction_Analysis_Contract_v1.0.1,2022,linear_interpolation,2022-09-04,2022,4.4771200000000002,False,2022_segment_1,4.5167280000000005,,ok,
Reconstruction_Analysis_Contract_v1.0.1,2022,linear_interpolation,2022-09-05,2022,4.4884500000000003,False,2022_segment_1,4.0357110000000009,,ok,
Reconstruction_Analysis_Contract_v1.0.1,2022,linear_interpolation,2022-09-06,2022,3.0988799999999999,False,2022_segment_1,3.5546940000000005,,ok,
Reconstruction_Analysis_Contract_v1.0.1,2022,linear_interpolation,2022-09-07,2022,2.4832100000000001,False,2022_segment_1,3.0736770000000009,,ok,
Reconstruction_Analysis_Contract_v1.0.1,2022,linear_interpolation,2022-09-08,2022,2.59266,True,2022_segment_1,2.59266,,ok,
Reconstruction_Analysis_Contract_v1.0.1,2022,linear_interpolation,2022-09-09,2022,2.2506200000000001,False,2022_segment_1,2.6662845000000002,,ok,
Reconstruction_Analysis_Contract_v1.0.1,2022,linear_interpolation,2022-09-10,2022,2.2301000000000002,False,2022_segment_1,2.7399089999999999,,ok,
Reconstruction_Analysis_Contract_v1.0.1,2022,linear_interpolation,2022-09-11,2022,1.53918,False,2022_segment_1,2.8135335000000001,,ok,
Reconstruction_Analysis_Contract_v1.0.1,2022,linear_interpolation,2022-09-12,2022,1.8812199999999999,False,2022_segment_1,2.8871579999999999,,ok,
Reconstruction_Analysis_Contract_v1.0.1,2022,linear_interpolation,2022-09-13,2022,3.6957599999999999,False,2022_segment_1,2.9607825000000001,,ok,
Reconstruction_Analysis_Contract_v1.0.1,2022,linear_interpolation,2022-09-14,2022,2.85493,False,2022_segment_1,3.0344069999999999,,ok,
Reconstruction_Analysis_Contract_v1.0.1,2022,linear_interpolation,2022-09-15,2022,3.4611100000000001,False,2022_segment_1,3.1080315000000001,,ok,
Reconstruction_Analysis_Contract_v1.0.1,2022,linear_interpolation,2022-09-16,2022,3.4317799999999998,False,2022_segment_1,3.1816560000000003,,ok,
Reconstruction_Analysis_Contract_v1.0.1,2022,linear_interpolation,2022-09-17,2022,3.3535599999999999,False,2022_segment_1,3.2552805,,ok,
Reconstruction_Analysis_Contract_v1.0.1,2022,linear_interpolation,2022-09-18,2022,3.7837499999999999,False,2022_segment_1,3.3289050000000002,,ok,
Reconstruction_Analysis_Contract_v1.0.1,2022,linear_interpolation,2022-09-19,2022,4.5952599999999997,False,2022_segment_1,3.4025295,,ok,
Reconstruction_Analysis_Contract_v1.0.1,2022,linear_interpolation,2022-09-20,2022,4.7327399999999997,False,2022_segment_1,3.4761540000000002,,ok,
Reconstruction_Analysis_Contract_v1.0.1,2022,linear_interpolation,2022-09-21,2022,4.8348899999999997,False,2022_segment_1,3.5497784999999999,,ok,
Reconstruction_Analysis_Contract_v1.0.1,2022,linear_interpolation,2022-09-22,2022,5.7995900000000002,False,2022_segment_1,3.6234030000000002,,ok,
Reconstruction_Analysis_Contract_v1.0.1,2022,linear_interpolation,2022-09-23,2022,7.2523299999999997,False,2022_segment_1,3.6970274999999999,,ok,
Reconstruction_Analysis_Contract_v1.0.1,2022,linear_interpolation,2022-09-24,2022,7.4906699999999997,False,2022_segment_1,3.7706520000000001,,ok,
Reconstruction_Analysis_Contract_v1.0.1,2022,linear_interpolation,2022-09-25,2022,5.2661699999999998,False,2022_segment_1,3.8442765000000003,,ok,
Reconstruction_Analysis_Contract_v1.0.1,2022,linear_interpolation,2022-09-26,2022,9.1590399999999992,False,2022_segment_1,3.9179010000000001,,ok,
Reconstruction_Analysis_Contract_v1.0.1,2022,linear_interpolation,2022-09-27,2022,3.6562999999999999,False,2022_segment_1,3.9915255000000003,,ok,
Reconstruction_Analysis_Contract_v1.0.1,2022,linear_interpolation,2022-09-28,2022,4.06515,True,2022_segment_1,4.06515,,ok,
Reconstruction_Analysis_Contract_v1.0.1,2022,linear_interpolation,2022-09-29,2022,4.1235499999999998,False,2022_segment_1,4.3571849999999994,,ok,
Reconstruction_Analysis_Contract_v1.0.1,2022,linear_interpolation,2022-09-30,2022,4.6492199999999997,True,2022_segment_1,4.6492199999999997,,ok,
Reconstruction_Analysis_Contract_v1.0.1,2022,linear_interpolation,2022-10-01,2022,4.2053200000000004,False,2022_segment_1,4.6647933333333329,,ok,
Reconstruction_Analysis_Contract_v1.0.1,2022,linear_interpolation,2022-10-02,2022,4.1001899999999996,False,2022_segment_1,4.680366666666667,,ok,
Reconstruction_Analysis_Contract_v1.0.1,2022,linear_interpolation,2022-10-03,2022,4.6959400000000002,True,2022_segment_1,4.6959400000000002,,ok,
Reconstruction_Analysis_Contract_v1.0.1,2022,linear_interpolation,2022-10-04,2022,5.2800200000000004,False,2022_segment_1,4.6889320000000003,,ok,
Reconstruction_Analysis_Contract_v1.0.1,2022,linear_interpolation,2022-10-05,2022,4.6141699999999997,False,2022_segment_1,4.6819240000000004,,ok,
Reconstruction_Analysis_Contract_v1.0.1,2022,linear_interpolation,2022-10-06,2022,4.5090399999999997,False,2022_segment_1,4.6749159999999996,,ok,
Reconstruction_Analysis_Contract_v1.0.1,2022,linear_interpolation,2022-10-07,2022,4.6959400000000002,False,2022_segment_1,4.6679079999999997,,ok,
Reconstruction_Analysis_Contract_v1.0.1,2022,linear_interpolation,2022-10-08,2022,4.6608999999999998,True,2022_segment_1,4.6608999999999998,,ok,
Reconstruction_Analysis_Contract_v1.0.1,2022,linear_interpolation,2022-10-09,2022,6.7869200000000003,False,2022_segment_1,5.1690450000000006,,ok,
Reconstruction_Analysis_Contract_v1.0.1,2022,linear_interpolation,2022-10-10,2022,5.6771900000000004,True,2022_segment_1,5.6771900000000004,,ok,
Reconstruction_Analysis_Contract_v1.0.1,2022,linear_interpolation,2022-10-11,2022,4.9456800000000003,False,2022_segment_1,5.5692360000000001,,ok,
Reconstruction_Analysis_Contract_v1.0.1,2022,linear_interpolation,2022-10-12,2022,4.5425800000000001,False,2022_segment_1,5.4612820000000006,,ok,
Reconstruction_Analysis_Contract_v1.0.1,2022,linear_interpolation,2022-10-13,2022,4.55558,False,2022_segment_1,5.3533280000000003,,ok,
Reconstruction_Analysis_Contract_v1.0.1,2022,linear_interpolation,2022-10-14,2022,4.7716700000000003,False,2022_segment_1,5.245374,,ok,
Reconstruction_Analysis_Contract_v1.0.1,2022,linear_interpolation,2022-10-15,2022,5.4585699999999999,False,2022_segment_1,5.1374199999999997,,ok,
Reconstruction_Analysis_Contract_v1.0.1,2022,linear_interpolation,2022-10-16,2022,4.2313000000000001,False,2022_segment_1,5.0294660000000002,,ok,
Reconstruction_Analysis_Contract_v1.0.1,2022,linear_interpolation,2022-10-17,2022,5.2845500000000003,False,2022_segment_1,4.9215119999999999,,ok,
Reconstruction_Analysis_Contract_v1.0.1,2022,linear_interpolation,2022-10-18,2022,4.5152200000000002,False,2022_segment_1,4.8135579999999996,,ok,
Reconstruction_Analysis_Contract_v1.0.1,2022,linear_interpolation,2022-10-19,2022,4.0298100000000003,False,2022_segment_1,4.7056040000000001,,ok,
Reconstruction_Analysis_Contract_v1.0.1,2022,linear_interpolation,2022-10-20,2022,4.5976499999999998,True,2022_segment_1,4.5976499999999998,,ok,
Reconstruction_Analysis_Contract_v1.0.1,2022,linear_interpolation,2022-10-21,2022,5.4310900000000002,False,2022_segment_1,4.5915433333333331,,ok,
Reconstruction_Analysis_Contract_v1.0.1,2022,linear_interpolation,2022-10-22,2022,4.0114999999999998,False,2022_segment_1,4.5854366666666664,,ok,
Reconstruction_Analysis_Contract_v1.0.1,2022,linear_interpolation,2022-10-23,2022,4.5793299999999997,True,2022_segment_1,4.5793299999999997,,ok,
Reconstruction_Analysis_Contract_v1.0.1,2022,linear_interpolation,2022-10-24,2022,3.86496,False,2022_segment_1,4.4126857142857139,,ok,
Reconstruction_Analysis_Contract_v1.0.1,2022,linear_interpolation,2022-10-25,2022,5.1444000000000001,False,2022_segment_1,4.2460414285714281,,ok,
Reconstruction_Analysis_Contract_v1.0.1,2022,linear_interpolation,2022-10-26,2022,3.9967299999999999,False,2022_segment_1,4.0793971428571423,,ok,
Reconstruction_Analysis_Contract_v1.0.1,2022,linear_interpolation,2022-10-27,2022,3.92625,False,2022_segment_1,3.9127528571428569,,ok,
Reconstruction_Analysis_Contract_v1.0.1,2022,linear_interpolation,2022-10-28,2022,3.8155100000000002,False,2022_segment_1,3.7461085714285716,,ok,
Reconstruction_Analysis_Contract_v1.0.1,2022,linear_interpolation,2022-10-29,2022,3.7148400000000001,False,2022_segment_1,3.5794642857142858,,ok,
Reconstruction_Analysis_Contract_v1.0.1,2022,linear_interpolation,2022-10-30,2022,3.41282,True,2022_segment_1,3.41282,,ok,
Reconstruction_Analysis_Contract_v1.0.1,2022,linear_interpolation,2022-10-31,2022,3.9161899999999998,False,2022_segment_1,3.3356909999999997,,ok,
Reconstruction_Analysis_Contract_v1.0.1,2022,linear_interpolation,2022-11-01,2022,3.9866600000000001,False,2022_segment_1,3.258562,,ok,
Reconstruction_Analysis_Contract_v1.0.1,2022,linear_interpolation,2022-11-02,2022,3.6745700000000001,False,2022_segment_1,3.1814330000000002,,ok,
Reconstruction_Analysis_Contract_v1.0.1,2022,linear_interpolation,2022-11-03,2022,3.82558,False,2022_segment_1,3.104304,,ok,
Reconstruction_Analysis_Contract_v1.0.1,2022,linear_interpolation,2022-11-04,2022,3.2517399999999999,False,2022_segment_1,3.0271749999999997,,ok,
Reconstruction_Analysis_Contract_v1.0.1,2022,linear_interpolation,2022-11-05,2022,3.43296,False,2022_segment_1,2.9500459999999999,,ok,
Reconstruction_Analysis_Contract_v1.0.1,2022,linear_interpolation,2022-11-06,2022,3.2416800000000001,False,2022_segment_1,2.8729170000000002,,ok,
Reconstruction_Analysis_Contract_v1.0.1,2022,linear_interpolation,2022-11-07,2022,2.8809900000000002,False,2022_segment_1,2.7957879999999999,,ok,
Reconstruction_Analysis_Contract_v1.0.1,2022,linear_interpolation,2022-11-08,2022,2.68614,False,2022_segment_1,2.7186589999999997,,ok,
Reconstruction_Analysis_Contract_v1.0.1,2022,linear_interpolation,2022-11-09,2022,2.6415299999999999,True,2022_segment_1,2.6415299999999999,,ok,
Reconstruction_Analysis_Contract_v1.0.1,2022,linear_interpolation,2022-11-10,2022,2.5969099999999998,False,2022_segment_1,2.5969133333333332,,ok,
Reconstruction_Analysis_Contract_v1.0.1,2022,linear_interpolation,2022-11-11,2022,2.5522999999999998,False,2022_segment_1,2.5522966666666669,,ok,
Reconstruction_Analysis_Contract_v1.0.1,2022,linear_interpolation,2022-11-12,2022,2.5076800000000001,True,2022_segment_1,2.5076800000000001,,ok,
Reconstruction_Analysis_Contract_v1.0.1,2022,linear_interpolation,2022-11-13,2022,2.4630700000000001,False,2022_segment_1,2.4541440000000003,,ok,
Reconstruction_Analysis_Contract_v1.0.1,2022,linear_interpolation,2022-11-14,2022,2.41845,False,2022_segment_1,2.4006080000000001,,ok,
Reconstruction_Analysis_Contract_v1.0.1,2022,linear_interpolation,2022-11-15,2022,2.37384,False,2022_segment_1,2.3470720000000003,,ok,
Reconstruction_Analysis_Contract_v1.0.1,2022,linear_interpolation,2022-11-16,2022,2.3292299999999999,False,2022_segment_1,2.293536,,ok,
Reconstruction_Analysis_Contract_v1.0.1,2022,linear_interpolation,2022-11-17,2022,2.2400000000000002,True,2022_segment_1,2.2400000000000002,,ok,
Reconstruction_Analysis_Contract_v1.0.1,2022,linear_interpolation,2022-11-18,2022,2.5699999999999998,False,2022_segment_1,2.2043080000000002,,ok,
Reconstruction_Analysis_Contract_v1.0.1,2022,linear_interpolation,2022-11-19,2022,2.1000000000000001,False,2022_segment_1,2.1686160000000001,,ok,
Reconstruction_Analysis_Contract_v1.0.1,2022,linear_interpolation,2022-11-20,2022,2.23,False,2022_segment_1,2.132924,,ok,
Reconstruction_Analysis_Contract_v1.0.1,2022,linear_interpolation,2022-11-21,2022,2.3599999999999999,False,2022_segment_1,2.097232,,ok,
Reconstruction_Analysis_Contract_v1.0.1,2022,linear_interpolation,2022-11-22,2022,2.0615399999999999,True,2022_segment_1,2.0615399999999999,,ok,
Reconstruction_Analysis_Contract_v1.0.1,2022,linear_interpolation,2022-11-23,2022,2.7487200000000001,False,2022_segment_1,2.0663158823529413,,ok,
Reconstruction_Analysis_Contract_v1.0.1,2022,linear_interpolation,2022-11-24,2022,2.5230800000000002,False,2022_segment_1,2.0710917647058822,,ok,
Reconstruction_Analysis_Contract_v1.0.1,2022,linear_interpolation,2022-11-25,2022,2.3692299999999999,False,2022_segment_1,2.0758676470588235,,ok,
Reconstruction_Analysis_Contract_v1.0.1,2022,linear_interpolation,2022-11-26,2022,1.9897499999999999,False,2022_segment_1,2.0806435294117644,,ok,
Reconstruction_Analysis_Contract_v1.0.1,2022,linear_interpolation,2022-11-27,2022,2.57436,False,2022_segment_1,2.0854194117647058,,ok,
Reconstruction_Analysis_Contract_v1.0.1,2022,linear_interpolation,2022-11-28,2022,1.9897499999999999,False,2022_segment_1,2.0901952941176472,,ok,
Reconstruction_Analysis_Contract_v1.0.1,2022,linear_interpolation,2022-11-29,2022,2.1025700000000001,False,2022_segment_1,2.0949711764705881,,ok,
Reconstruction_Analysis_Contract_v1.0.1,2022,linear_interpolation,2022-11-30,2022,2.30769,False,2022_segment_1,2.0997470588235294,,ok,
Reconstruction_Analysis_Contract_v1.0.1,2022,linear_interpolation,2022-12-01,2022,2.1333299999999999,False,2022_segment_1,2.1045229411764703,,ok,
Reconstruction_Analysis_Contract_v1.0.1,2022,linear_interpolation,2022-12-02,2022,2.33846,False,2022_segment_1,2.1092988235294117,,ok,
Reconstruction_Analysis_Contract_v1.0.1,2022,linear_interpolation,2022-12-03,2022,2.0718000000000001,False,2022_segment_1,2.1140747058823526,,ok,
Reconstruction_Analysis_Contract_v1.0.1,2022,linear_interpolation,2022-12-04,2022,2.0820500000000002,False,2022_segment_1,2.1188505882352939,,ok,
Reconstruction_Analysis_Contract_v1.0.1,2022,linear_interpolation,2022-12-05,2022,4.2256400000000003,False,2022_segment_1,2.1236264705882353,,ok,
Reconstruction_Analysis_Contract_v1.0.1,2022,linear_interpolation,2022-12-06,2022,2.1820499999999998,False,2022_segment_1,2.1284023529411762,,ok,
Reconstruction_Analysis_Contract_v1.0.1,2022,linear_interpolation,2022-12-07,2022,2.2606799999999998,False,2022_segment_1,2.1331782352941175,,ok,
Reconstruction_Analysis_Contract_v1.0.1,2022,linear_interpolation,2022-12-08,2022,1.8282,False,2022_segment_1,2.1379541176470584,,ok,
Reconstruction_Analysis_Contract_v1.0.1,2022,linear_interpolation,2022-12-09,2022,2.1427299999999998,True,2022_segment_1,2.1427299999999998,,ok,
Reconstruction_Analysis_Contract_v1.0.1,2022,timesat_double_logistic,2022-04-18,2022,6.5410700000000004,True,2022_segment_1,6.5156760215759277,,ok,
Reconstruction_Analysis_Contract_v1.0.1,2022,timesat_double_logistic,2022-04-19,2022,7.4376899999999999,False,2022_segment_1,6.3637032508850098,,ok,
Reconstruction_Analysis_Contract_v1.0.1,2022,timesat_double_logistic,2022-04-20,2022,7.0985699999999996,False,2022_segment_1,6.2098426818847656,,ok,
Reconstruction_Analysis_Contract_v1.0.1,2022,timesat_double_logistic,2022-04-21,2022,7.1035500000000003,True,2022_segment_1,6.0545239448547363,,ok,
Reconstruction_Analysis_Contract_v1.0.1,2022,timesat_double_logistic,2022-04-22,2022,6.7149999999999999,False,2022_segment_1,5.8981809616088867,,ok,
Reconstruction_Analysis_Contract_v1.0.1,2022,timesat_double_logistic,2022-04-23,2022,6.3214600000000001,False,2022_segment_1,5.7412495613098145,,ok,
Reconstruction_Analysis_Contract_v1.0.1,2022,timesat_double_logistic,2022-04-24,2022,7.9105499999999997,False,2022_segment_1,5.584162712097168,,ok,
Reconstruction_Analysis_Contract_v1.0.1,2022,timesat_double_logistic,2022-04-25,2022,6.3762600000000003,False,2022_segment_1,5.4273476600646973,,ok,
Reconstruction_Analysis_Contract_v1.0.1,2022,timesat_double_logistic,2022-04-26,2022,6.2883899999999997,False,2022_segment_1,5.2712211608886719,,ok,
Reconstruction_Analysis_Contract_v1.0.1,2022,timesat_double_logistic,2022-04-27,2022,5.4524100000000004,False,2022_segment_1,5.1161870956420898,,ok,
Reconstruction_Analysis_Contract_v1.0.1,2022,timesat_double_logistic,2022-04-28,2022,5.97722,False,2022_segment_1,4.9626331329345703,,ok,
Reconstruction_Analysis_Contract_v1.0.1,2022,timesat_double_logistic,2022-04-29,2022,4.15665,False,2022_segment_1,4.8109273910522461,,ok,
Reconstruction_Analysis_Contract_v1.0.1,2022,timesat_double_logistic,2022-04-30,2022,3.9058600000000001,False,2022_segment_1,4.6614151000976562,,ok,
Reconstruction_Analysis_Contract_v1.0.1,2022,timesat_double_logistic,2022-05-01,2022,4.2681199999999997,False,2022_segment_1,4.5144190788269043,,ok,
Reconstruction_Analysis_Contract_v1.0.1,2022,timesat_double_logistic,2022-05-02,2022,3.3299699999999999,False,2022_segment_1,4.370234489440918,,ok,
Reconstruction_Analysis_Contract_v1.0.1,2022,timesat_double_logistic,2022-05-03,2022,3.1813500000000001,True,2022_segment_1,4.229130744934082,,ok,
Reconstruction_Analysis_Contract_v1.0.1,2022,timesat_double_logistic,2022-05-04,2022,3.9083399999999999,False,2022_segment_1,4.0913491249084473,,ok,
Reconstruction_Analysis_Contract_v1.0.1,2022,timesat_double_logistic,2022-05-05,2022,3.1311800000000001,False,2022_segment_1,3.957101583480835,,ok,
Reconstruction_Analysis_Contract_v1.0.1,2022,timesat_double_logistic,2022-05-06,2022,2.9284400000000002,True,2022_segment_1,3.8265726566314697,,ok,
Reconstruction_Analysis_Contract_v1.0.1,2022,timesat_double_logistic,2022-05-07,2022,3.2944900000000001,False,2022_segment_1,3.699918270111084,,ok,
Reconstruction_Analysis_Contract_v1.0.1,2022,timesat_double_logistic,2022-05-08,2022,3.2325499999999998,False,2022_segment_1,3.5772674083709717,,ok,
Reconstruction_Analysis_Contract_v1.0.1,2022,timesat_double_logistic,2022-05-09,2022,2.90028,False,2022_segment_1,3.4587223529815674,,ok,
Reconstruction_Analysis_Contract_v1.0.1,2022,timesat_double_logistic,2022-05-10,2022,3.25156,False,2022_segment_1,3.3443610668182373,,ok,
Reconstruction_Analysis_Contract_v1.0.1,2022,timesat_double_logistic,2022-05-11,2022,3.1656499999999999,True,2022_segment_1,3.2342379093170166,,ok,
Reconstruction_Analysis_Contract_v1.0.1,2022,timesat_double_logistic,2022-05-12,2022,3.1326100000000001,False,2022_segment_1,3.1283853054046631,,ok,
Reconstruction_Analysis_Contract_v1.0.1,2022,timesat_double_logistic,2022-05-13,2022,3.2713899999999998,False,2022_segment_1,3.0268163681030273,,ok,
Reconstruction_Analysis_Contract_v1.0.1,2022,timesat_double_logistic,2022-05-14,2022,2.9607700000000001,False,2022_segment_1,2.9295265674591064,,ok,
Reconstruction_Analysis_Contract_v1.0.1,2022,timesat_double_logistic,2022-05-15,2022,2.7228599999999998,False,2022_segment_1,2.8364958763122559,,ok,
Reconstruction_Analysis_Contract_v1.0.1,2022,timesat_double_logistic,2022-05-16,2022,2.8814700000000002,True,2022_segment_1,2.7476904392242432,,ok,
Reconstruction_Analysis_Contract_v1.0.1,2022,timesat_double_logistic,2022-05-17,2022,2.9776500000000001,False,2022_segment_1,2.6630661487579346,,ok,
Reconstruction_Analysis_Contract_v1.0.1,2022,timesat_double_logistic,2022-05-18,2022,2.5281899999999999,True,2022_segment_1,2.582568883895874,,ok,
Reconstruction_Analysis_Contract_v1.0.1,2022,timesat_double_logistic,2022-05-19,2022,2.4283100000000002,False,2022_segment_1,2.5061385631561279,,ok,
Reconstruction_Analysis_Contract_v1.0.1,2022,timesat_double_logistic,2022-05-20,2022,2.32219,False,2022_segment_1,2.4337100982666016,,ok,
Reconstruction_Analysis_Contract_v1.0.1,2022,timesat_double_logistic,2022-05-21,2022,2.6155900000000001,False,2022_segment_1,2.3652157783508301,,ok,
Reconstruction_Analysis_Contract_v1.0.1,2022,timesat_double_logistic,2022-05-22,2022,2.5094699999999999,False,2022_segment_1,2.3005871772766113,,ok,
Reconstruction_Analysis_Contract_v1.0.1,2022,timesat_double_logistic,2022-05-23,2022,2.36619,True,2022_segment_1,2.2397582530975342,,ok,
Reconstruction_Analysis_Contract_v1.0.1,2022,timesat_double_logistic,2022-05-24,2022,1.96438,False,2022_segment_1,2.1826653480529785,,ok,
Reconstruction_Analysis_Contract_v1.0.1,2022,timesat_double_logistic,2022-05-25,2022,2.12622,False,2022_segment_1,2.1292510032653809,,ok,
Reconstruction_Analysis_Contract_v1.0.1,2022,timesat_double_logistic,2022-05-26,2022,2.0760000000000001,False,2022_segment_1,2.0794646739959717,,ok,
Reconstruction_Analysis_Contract_v1.0.1,2022,timesat_double_logistic,2022-05-27,2022,2.3606099999999999,False,2022_segment_1,2.0332648754119873,,ok,
Reconstruction_Analysis_Contract_v1.0.1,2022,timesat_double_logistic,2022-05-28,2022,2.2210899999999998,False,2022_segment_1,1.9906214475631714,,ok,
Reconstruction_Analysis_Contract_v1.0.1,2022,timesat_double_logistic,2022-05-29,2022,2.3327100000000001,False,2022_segment_1,1.95151686668396,,ok,
Reconstruction_Analysis_Contract_v1.0.1,2022,timesat_double_logistic,2022-05-30,2022,2.5224500000000001,False,2022_segment_1,1.9159481525421143,,ok,
Reconstruction_Analysis_Contract_v1.0.1,2022,timesat_double_logistic,2022-05-31,2022,2.0480900000000002,False,2022_segment_1,1.8839293718338013,,ok,
Reconstruction_Analysis_Contract_v1.0.1,2022,timesat_double_logistic,2022-06-01,2022,2.4728400000000001,False,2022_segment_1,1.8554924726486206,,ok,
Reconstruction_Analysis_Contract_v1.0.1,2022,timesat_double_logistic,2022-06-02,2022,2.67781,False,2022_segment_1,1.8306903839111328,,ok,
Reconstruction_Analysis_Contract_v1.0.1,2022,timesat_double_logistic,2022-06-03,2022,2.6645799999999999,False,2022_segment_1,1.8095979690551758,,ok,
Reconstruction_Analysis_Contract_v1.0.1,2022,timesat_double_logistic,2022-06-04,2022,2.2678699999999998,False,2022_segment_1,1.792314887046814,,ok,
Reconstruction_Analysis_Contract_v1.0.1,2022,timesat_double_logistic,2022-06-05,2022,2.32077,True,2022_segment_1,1.7789674997329712,,ok,
Reconstruction_Analysis_Contract_v1.0.1,2022,timesat_double_logistic,2022-06-06,2022,2.1885300000000001,False,2022_segment_1,1.7697106599807739,,ok,
Reconstruction_Analysis_Contract_v1.0.1,2022,timesat_double_logistic,2022-06-07,2022,1.7117100000000001,True,2022_segment_1,1.76473069190979,,ok,
Reconstruction_Analysis_Contract_v1.0.1,2022,timesat_double_logistic,2022-06-08,2022,1.3953,False,2022_segment_1,1.7642470598220825,,ok,
Reconstruction_Analysis_Contract_v1.0.1,2022,timesat_double_logistic,2022-06-09,2022,1.37974,False,2022_segment_1,1.7685147523880005,,ok,
Reconstruction_Analysis_Contract_v1.0.1,2022,timesat_double_logistic,2022-06-10,2022,1.09964,False,2022_segment_1,1.7778269052505493,,ok,
Reconstruction_Analysis_Contract_v1.0.1,2022,timesat_double_logistic,2022-06-11,2022,1.11002,False,2022_segment_1,1.7925169467926025,,ok,
Reconstruction_Analysis_Contract_v1.0.1,2022,timesat_double_logistic,2022-06-12,2022,1.37456,True,2022_segment_1,1.8129605054855347,,ok,
Reconstruction_Analysis_Contract_v1.0.1,2022,timesat_double_logistic,2022-06-13,2022,1.4368000000000001,False,2022_segment_1,1.8395775556564331,,ok,
Reconstruction_Analysis_Contract_v1.0.1,2022,timesat_double_logistic,2022-06-14,2022,1.3964000000000001,False,2022_segment_1,1.8728338479995728,,ok,
Reconstruction_Analysis_Contract_v1.0.1,2022,timesat_double_logistic,2022-06-15,2022,1.37253,True,2022_segment_1,1.9132423400878906,,ok,
Reconstruction_Analysis_Contract_v1.0.1,2022,timesat_double_logistic,2022-06-16,2022,1.2114,False,2022_segment_1,1.9613639116287231,,ok,
Reconstruction_Analysis_Contract_v1.0.1,2022,timesat_double_logistic,2022-06-17,2022,1.6768700000000001,False,2022_segment_1,2.0178072452545166,,ok,
Reconstruction_Analysis_Contract_v1.0.1,2022,timesat_double_logistic,2022-06-18,2022,1.29495,False,2022_segment_1,2.0832273960113525,,ok,
Reconstruction_Analysis_Contract_v1.0.1,2022,timesat_double_logistic,2022-06-19,2022,1.2233400000000001,False,2022_segment_1,2.1583244800567627,,ok,
Reconstruction_Analysis_Contract_v1.0.1,2022,timesat_double_logistic,2022-06-20,2022,1.18753,False,2022_segment_1,2.2438397407531738,,ok,
Reconstruction_Analysis_Contract_v1.0.1,2022,timesat_double_logistic,2022-06-21,2022,1.5567299999999999,False,2022_segment_1,2.3405499458312988,,ok,
Reconstruction_Analysis_Contract_v1.0.1,2022,timesat_double_logistic,2022-06-22,2022,1.70468,False,2022_segment_1,2.4492607116699219,,ok,
Reconstruction_Analysis_Contract_v1.0.1,2022,timesat_double_logistic,2022-06-23,2022,1.7883100000000001,False,2022_segment_1,2.5707964897155762,,ok,
Reconstruction_Analysis_Contract_v1.0.1,2022,timesat_double_logistic,2022-06-24,2022,1.8076099999999999,False,2022_segment_1,2.7059891223907471,,ok,
Reconstruction_Analysis_Contract_v1.0.1,2022,timesat_double_logistic,2022-06-25,2022,1.73685,True,2022_segment_1,2.8556618690490723,,ok,
Reconstruction_Analysis_Contract_v1.0.1,2022,timesat_double_logistic,2022-06-26,2022,1.5953299999999999,False,2022_segment_1,3.0206124782562256,,ok,
Reconstruction_Analysis_Contract_v1.0.1,2022,timesat_double_logistic,2022-06-27,2022,1.60819,False,2022_segment_1,3.201591968536377,,ok,
Reconstruction_Analysis_Contract_v1.0.1,2022,timesat_double_logistic,2022-06-28,2022,2.6715599999999999,False,2022_segment_1,3.3992800712585449,,ok,
Reconstruction_Analysis_Contract_v1.0.1,2022,timesat_double_logistic,2022-06-29,2022,3.1347700000000001,False,2022_segment_1,3.6142585277557373,,ok,
Reconstruction_Analysis_Contract_v1.0.1,2022,timesat_double_logistic,2022-06-30,2022,2.8654600000000001,True,2022_segment_1,3.8469829559326172,,ok,
Reconstruction_Analysis_Contract_v1.0.1,2022,timesat_double_logistic,2022-07-01,2022,3.2101799999999998,False,2022_segment_1,4.097750186920166,,ok,
Reconstruction_Analysis_Contract_v1.0.1,2022,timesat_double_logistic,2022-07-02,2022,3.1455500000000001,False,2022_segment_1,4.3666691780090332,,ok,
Reconstruction_Analysis_Contract_v1.0.1,2022,timesat_double_logistic,2022-07-03,2022,3.5979899999999998,False,2022_segment_1,4.6536283493041992,,ok,
Reconstruction_Analysis_Contract_v1.0.1,2022,timesat_double_logistic,2022-07-04,2022,3.1024600000000002,False,2022_segment_1,4.9582686424255371,,ok,
Reconstruction_Analysis_Contract_v1.0.1,2022,timesat_double_logistic,2022-07-05,2022,4.5919800000000004,False,2022_segment_1,5.2799568176269531,,ok,
Reconstruction_Analysis_Contract_v1.0.1,2022,timesat_double_logistic,2022-07-06,2022,4.2639800000000001,False,2022_segment_1,5.6177711486816406,,ok,
Reconstruction_Analysis_Contract_v1.0.1,2022,timesat_double_logistic,2022-07-07,2022,4.6632800000000003,False,2022_segment_1,5.970484733581543,,ok,
Reconstruction_Analysis_Contract_v1.0.1,2022,timesat_double_logistic,2022-07-08,2022,3.72207,False,2022_segment_1,6.3365693092346191,,ok,
Reconstruction_Analysis_Contract_v1.0.1,2022,timesat_double_logistic,2022-07-09,2022,7.3469300000000004,False,2022_segment_1,6.714200496673584,,ok,
Reconstruction_Analysis_Contract_v1.0.1,2022,timesat_double_logistic,2022-07-10,2022,3.7078099999999998,False,2022_segment_1,7.101280689239502,,ok,
Reconstruction_Analysis_Contract_v1.0.1,2022,timesat_double_logistic,2022-07-11,2022,3.76485,False,2022_segment_1,7.4954695701599121,,ok,
Reconstruction_Analysis_Contract_v1.0.1,2022,timesat_double_logistic,2022-07-12,2022,5.57172,True,2022_segment_1,7.8942279815673828,,ok,
Reconstruction_Analysis_Contract_v1.0.1,2022,timesat_double_logistic,2022-07-13,2022,5.8029999999999999,False,2022_segment_1,8.2948694229125977,,ok,
Reconstruction_Analysis_Contract_v1.0.1,2022,timesat_double_logistic,2022-07-14,2022,6.58094,False,2022_segment_1,8.6946201324462891,,ok,
Reconstruction_Analysis_Contract_v1.0.1,2022,timesat_double_logistic,2022-07-15,2022,6.45479,True,2022_segment_1,9.0906820297241211,,ok,
Reconstruction_Analysis_Contract_v1.0.1,2022,timesat_double_logistic,2022-07-16,2022,6.6229899999999997,False,2022_segment_1,9.4802989959716797,,ok,
Reconstruction_Analysis_Contract_v1.0.1,2022,timesat_double_logistic,2022-07-17,2022,6.83324,True,2022_segment_1,9.8608188629150391,,ok,
Reconstruction_Analysis_Contract_v1.0.1,2022,timesat_double_logistic,2022-07-18,2022,9.5244900000000001,False,2022_segment_1,10.229750633239746,,ok,
Reconstruction_Analysis_Contract_v1.0.1,2022,timesat_double_logistic,2022-07-19,2022,13.9231,False,2022_segment_1,10.58481502532959,,ok,
Reconstruction_Analysis_Contract_v1.0.1,2022,timesat_double_logistic,2022-07-20,2022,16.980699999999999,True,2022_segment_1,10.92398738861084,,ok,
Reconstruction_Analysis_Contract_v1.0.1,2022,timesat_double_logistic,2022-07-21,2022,20.147500000000001,False,2022_segment_1,11.24552059173584,,ok,
Reconstruction_Analysis_Contract_v1.0.1,2022,timesat_double_logistic,2022-07-22,2022,18.0181,False,2022_segment_1,11.547969818115234,,ok,
Reconstruction_Analysis_Contract_v1.0.1,2022,timesat_double_logistic,2022-07-23,2022,17.4175,False,2022_segment_1,11.830193519592285,,ok,
Reconstruction_Analysis_Contract_v1.0.1,2022,timesat_double_logistic,2022-07-24,2022,19.273900000000001,False,2022_segment_1,12.091351509094238,,ok,
Reconstruction_Analysis_Contract_v1.0.1,2022,timesat_double_logistic,2022-07-25,2022,21.785499999999999,False,2022_segment_1,12.330892562866211,,ok,
Reconstruction_Analysis_Contract_v1.0.1,2022,timesat_double_logistic,2022-07-26,2022,18.727900000000002,False,2022_segment_1,12.54853343963623,,ok,
Reconstruction_Analysis_Contract_v1.0.1,2022,timesat_double_logistic,2022-07-27,2022,17.253699999999998,False,2022_segment_1,12.744234085083008,,ok,
Reconstruction_Analysis_Contract_v1.0.1,2022,timesat_double_logistic,2022-07-28,2022,14.742100000000001,False,2022_segment_1,12.918168067932129,,ok,
Reconstruction_Analysis_Contract_v1.0.1,2022,timesat_double_logistic,2022-07-29,2022,13.431699999999999,False,2022_segment_1,13.07069206237793,,ok,
Reconstruction_Analysis_Contract_v1.0.1,2022,timesat_double_logistic,2022-07-30,2022,15.233499999999999,True,2022_segment_1,13.202317237854004,,ok,
Reconstruction_Analysis_Contract_v1.0.1,2022,timesat_double_logistic,2022-07-31,2022,22.986699999999999,False,2022_segment_1,13.313675880432129,,ok,
Reconstruction_Analysis_Contract_v1.0.1,2022,timesat_double_logistic,2022-08-01,2022,18.181899999999999,True,2022_segment_1,13.40549373626709,,ok,
Reconstruction_Analysis_Contract_v1.0.1,2022,timesat_double_logistic,2022-08-02,2022,29.9084,False,2022_segment_1,13.478567123413086,,ok,
Reconstruction_Analysis_Contract_v1.0.1,2022,timesat_double_logistic,2022-08-03,2022,32.500500000000002,False,2022_segment_1,13.533738136291504,,ok,
Reconstruction_Analysis_Contract_v1.0.1,2022,timesat_double_logistic,2022-08-04,2022,36.1892,False,2022_segment_1,13.571874618530273,,ok,
Reconstruction_Analysis_Contract_v1.0.1,2022,timesat_double_logistic,2022-08-05,2022,36.089500000000001,False,2022_segment_1,13.593854904174805,,ok,
Reconstruction_Analysis_Contract_v1.0.1,2022,timesat_double_logistic,2022-08-06,2022,35.890099999999997,False,2022_segment_1,13.600553512573242,,ok,
Reconstruction_Analysis_Contract_v1.0.1,2022,timesat_double_logistic,2022-08-07,2022,57.523899999999998,False,2022_segment_1,13.592828750610352,,ok,
Reconstruction_Analysis_Contract_v1.0.1,2022,timesat_double_logistic,2022-08-08,2022,39.6785,False,2022_segment_1,13.571517944335938,,ok,
Reconstruction_Analysis_Contract_v1.0.1,2022,timesat_double_logistic,2022-08-09,2022,9.0687599999999993,False,2022_segment_1,13.53742790222168,,ok,
Reconstruction_Analysis_Contract_v1.0.1,2022,timesat_double_logistic,2022-08-10,2022,11.335900000000001,False,2022_segment_1,13.491332054138184,,ok,
Reconstruction_Analysis_Contract_v1.0.1,2022,timesat_double_logistic,2022-08-11,2022,13.190899999999999,False,2022_segment_1,13.43397045135498,,ok,
Reconstruction_Analysis_Contract_v1.0.1,2022,timesat_double_logistic,2022-08-12,2022,11.1004,False,2022_segment_1,13.36604118347168,,ok,
Reconstruction_Analysis_Contract_v1.0.1,2022,timesat_double_logistic,2022-08-13,2022,12.5137,False,2022_segment_1,13.2882080078125,,ok,
Reconstruction_Analysis_Contract_v1.0.1,2022,timesat_double_logistic,2022-08-14,2022,12.1309,True,2022_segment_1,13.201096534729004,,ok,
Reconstruction_Analysis_Contract_v1.0.1,2022,timesat_double_logistic,2022-08-15,2022,12.955399999999999,False,2022_segment_1,13.105297088623047,,ok,
Reconstruction_Analysis_Contract_v1.0.1,2022,timesat_double_logistic,2022-08-16,2022,6.87141,False,2022_segment_1,13.001364707946777,,ok,
Reconstruction_Analysis_Contract_v1.0.1,2022,timesat_double_logistic,2022-08-17,2022,11.9796,False,2022_segment_1,12.889824867248535,,ok,
Reconstruction_Analysis_Contract_v1.0.1,2022,timesat_double_logistic,2022-08-18,2022,12.6538,False,2022_segment_1,12.771171569824219,,ok,
Reconstruction_Analysis_Contract_v1.0.1,2022,timesat_double_logistic,2022-08-19,2022,12.212999999999999,True,2022_segment_1,12.645871162414551,,ok,
Reconstruction_Analysis_Contract_v1.0.1,2022,timesat_double_logistic,2022-08-20,2022,11.2536,False,2022_segment_1,12.514366149902344,,ok,
Reconstruction_Analysis_Contract_v1.0.1,2022,timesat_double_logistic,2022-08-21,2022,10.5016,False,2022_segment_1,12.377076148986816,,ok,
Reconstruction_Analysis_Contract_v1.0.1,2022,timesat_double_logistic,2022-08-22,2022,10.3719,False,2022_segment_1,12.23439884185791,,ok,
Reconstruction_Analysis_Contract_v1.0.1,2022,timesat_double_logistic,2022-08-23,2022,7.3915199999999999,False,2022_segment_1,12.086716651916504,,ok,
Reconstruction_Analysis_Contract_v1.0.1,2022,timesat_double_logistic,2022-08-24,2022,6.7494899999999998,False,2022_segment_1,11.934392929077148,,ok,
Reconstruction_Analysis_Contract_v1.0.1,2022,timesat_double_logistic,2022-08-25,2022,6.4367099999999997,False,2022_segment_1,11.777779579162598,,ok,
Reconstruction_Analysis_Contract_v1.0.1,2022,timesat_double_logistic,2022-08-26,2022,6.4202500000000002,False,2022_segment_1,11.617212295532227,,ok,
Reconstruction_Analysis_Contract_v1.0.1,2022,timesat_double_logistic,2022-08-27,2022,5.5477600000000002,False,2022_segment_1,11.453019142150879,,ok,
Reconstruction_Analysis_Contract_v1.0.1,2022,timesat_double_logistic,2022-08-28,2022,6.1074700000000002,False,2022_segment_1,11.285515785217285,,ok,
Reconstruction_Analysis_Contract_v1.0.1,2022,timesat_double_logistic,2022-08-29,2022,4.6917200000000001,False,2022_segment_1,11.115011215209961,,ok,
Reconstruction_Analysis_Contract_v1.0.1,2022,timesat_double_logistic,2022-08-30,2022,3.6950400000000001,False,2022_segment_1,10.941804885864258,,ok,
Reconstruction_Analysis_Contract_v1.0.1,2022,timesat_double_logistic,2022-08-31,2022,4.0350700000000002,False,2022_segment_1,10.766190528869629,,ok,
Reconstruction_Analysis_Contract_v1.0.1,2022,timesat_double_logistic,2022-09-01,2022,4.7151399999999999,False,2022_segment_1,10.58845329284668,,ok,
Reconstruction_Analysis_Contract_v1.0.1,2022,timesat_double_logistic,2022-09-02,2022,4.61313,False,2022_segment_1,10.408876419067383,,ok,
Reconstruction_Analysis_Contract_v1.0.1,2022,timesat_double_logistic,2022-09-03,2022,4.9985099999999996,False,2022_segment_1,10.22773265838623,,ok,
Reconstruction_Analysis_Contract_v1.0.1,2022,timesat_double_logistic,2022-09-04,2022,4.4771200000000002,False,2022_segment_1,10.045293807983398,,ok,
Reconstruction_Analysis_Contract_v1.0.1,2022,timesat_double_logistic,2022-09-05,2022,4.4884500000000003,False,2022_segment_1,9.8618230819702148,,ok,
Reconstruction_Analysis_Contract_v1.0.1,2022,timesat_double_logistic,2022-09-06,2022,3.0988799999999999,False,2022_segment_1,9.6775798797607422,,ok,
Reconstruction_Analysis_Contract_v1.0.1,2022,timesat_double_logistic,2022-09-07,2022,2.4832100000000001,False,2022_segment_1,9.4928188323974609,,ok,
Reconstruction_Analysis_Contract_v1.0.1,2022,timesat_double_logistic,2022-09-08,2022,2.59266,True,2022_segment_1,9.3077869415283203,,ok,
Reconstruction_Analysis_Contract_v1.0.1,2022,timesat_double_logistic,2022-09-09,2022,2.2506200000000001,False,2022_segment_1,9.1227283477783203,,ok,
Reconstruction_Analysis_Contract_v1.0.1,2022,timesat_double_logistic,2022-09-10,2022,2.2301000000000002,False,2022_segment_1,8.9378776550292969,,ok,
Reconstruction_Analysis_Contract_v1.0.1,2022,timesat_double_logistic,2022-09-11,2022,1.53918,False,2022_segment_1,8.7534646987915039,,ok,
Reconstruction_Analysis_Contract_v1.0.1,2022,timesat_double_logistic,2022-09-12,2022,1.8812199999999999,False,2022_segment_1,8.5697135925292969,,ok,
Reconstruction_Analysis_Contract_v1.0.1,2022,timesat_double_logistic,2022-09-13,2022,3.6957599999999999,False,2022_segment_1,8.3868398666381836,,ok,
Reconstruction_Analysis_Contract_v1.0.1,2022,timesat_double_logistic,2022-09-14,2022,2.85493,False,2022_segment_1,8.2050514221191406,,ok,
Reconstruction_Analysis_Contract_v1.0.1,2022,timesat_double_logistic,2022-09-15,2022,3.4611100000000001,False,2022_segment_1,8.0245485305786133,,ok,
Reconstruction_Analysis_Contract_v1.0.1,2022,timesat_double_logistic,2022-09-16,2022,3.4317799999999998,False,2022_segment_1,7.8455238342285156,,ok,
Reconstruction_Analysis_Contract_v1.0.1,2022,timesat_double_logistic,2022-09-17,2022,3.3535599999999999,False,2022_segment_1,7.6681613922119141,,ok,
Reconstruction_Analysis_Contract_v1.0.1,2022,timesat_double_logistic,2022-09-18,2022,3.7837499999999999,False,2022_segment_1,7.4926347732543945,,ok,
Reconstruction_Analysis_Contract_v1.0.1,2022,timesat_double_logistic,2022-09-19,2022,4.5952599999999997,False,2022_segment_1,7.3191103935241699,,ok,
Reconstruction_Analysis_Contract_v1.0.1,2022,timesat_double_logistic,2022-09-20,2022,4.7327399999999997,False,2022_segment_1,7.1477441787719727,,ok,
Reconstruction_Analysis_Contract_v1.0.1,2022,timesat_double_logistic,2022-09-21,2022,4.8348899999999997,False,2022_segment_1,6.9786825180053711,,ok,
Reconstruction_Analysis_Contract_v1.0.1,2022,timesat_double_logistic,2022-09-22,2022,5.7995900000000002,False,2022_segment_1,6.8120617866516113,,ok,
Reconstruction_Analysis_Contract_v1.0.1,2022,timesat_double_logistic,2022-09-23,2022,7.2523299999999997,False,2022_segment_1,6.6480093002319336,,ok,
Reconstruction_Analysis_Contract_v1.0.1,2022,timesat_double_logistic,2022-09-24,2022,7.4906699999999997,False,2022_segment_1,6.4866418838500977,,ok,
Reconstruction_Analysis_Contract_v1.0.1,2022,timesat_double_logistic,2022-09-25,2022,5.2661699999999998,False,2022_segment_1,6.328066349029541,,ok,
Reconstruction_Analysis_Contract_v1.0.1,2022,timesat_double_logistic,2022-09-26,2022,9.1590399999999992,False,2022_segment_1,6.1723799705505371,,ok,
Reconstruction_Analysis_Contract_v1.0.1,2022,timesat_double_logistic,2022-09-27,2022,3.6562999999999999,False,2022_segment_1,6.0196700096130371,,ok,
Reconstruction_Analysis_Contract_v1.0.1,2022,timesat_double_logistic,2022-09-28,2022,4.06515,True,2022_segment_1,5.8700137138366699,,ok,
Reconstruction_Analysis_Contract_v1.0.1,2022,timesat_double_logistic,2022-09-29,2022,4.1235499999999998,False,2022_segment_1,5.7234792709350586,,ok,
Reconstruction_Analysis_Contract_v1.0.1,2022,timesat_double_logistic,2022-09-30,2022,4.6492199999999997,True,2022_segment_1,5.5801258087158203,,ok,
Reconstruction_Analysis_Contract_v1.0.1,2022,timesat_double_logistic,2022-10-01,2022,4.2053200000000004,False,2022_segment_1,5.4400019645690918,,ok,
Reconstruction_Analysis_Contract_v1.0.1,2022,timesat_double_logistic,2022-10-02,2022,4.1001899999999996,False,2022_segment_1,5.3031487464904785,,ok,
Reconstruction_Analysis_Contract_v1.0.1,2022,timesat_double_logistic,2022-10-03,2022,4.6959400000000002,True,2022_segment_1,5.1695985794067383,,ok,
Reconstruction_Analysis_Contract_v1.0.1,2022,timesat_double_logistic,2022-10-04,2022,5.2800200000000004,False,2022_segment_1,5.0393753051757812,,ok,
Reconstruction_Analysis_Contract_v1.0.1,2022,timesat_double_logistic,2022-10-05,2022,4.6141699999999997,False,2022_segment_1,4.9124951362609863,,ok,
Reconstruction_Analysis_Contract_v1.0.1,2022,timesat_double_logistic,2022-10-06,2022,4.5090399999999997,False,2022_segment_1,4.7889671325683594,,ok,
Reconstruction_Analysis_Contract_v1.0.1,2022,timesat_double_logistic,2022-10-07,2022,4.6959400000000002,False,2022_segment_1,4.668792724609375,,ok,
Reconstruction_Analysis_Contract_v1.0.1,2022,timesat_double_logistic,2022-10-08,2022,4.6608999999999998,True,2022_segment_1,4.5519661903381348,,ok,
Reconstruction_Analysis_Contract_v1.0.1,2022,timesat_double_logistic,2022-10-09,2022,6.7869200000000003,False,2022_segment_1,4.4384775161743164,,ok,
Reconstruction_Analysis_Contract_v1.0.1,2022,timesat_double_logistic,2022-10-10,2022,5.6771900000000004,True,2022_segment_1,4.3283085823059082,,ok,
Reconstruction_Analysis_Contract_v1.0.1,2022,timesat_double_logistic,2022-10-11,2022,4.9456800000000003,False,2022_segment_1,4.2214369773864746,,ok,
Reconstruction_Analysis_Contract_v1.0.1,2022,timesat_double_logistic,2022-10-12,2022,4.5425800000000001,False,2022_segment_1,4.117835521697998,,ok,
Reconstruction_Analysis_Contract_v1.0.1,2022,timesat_double_logistic,2022-10-13,2022,4.55558,False,2022_segment_1,4.0174717903137207,,ok,
Reconstruction_Analysis_Contract_v1.0.1,2022,timesat_double_logistic,2022-10-14,2022,4.7716700000000003,False,2022_segment_1,3.9203090667724609,,ok,
Reconstruction_Analysis_Contract_v1.0.1,2022,timesat_double_logistic,2022-10-15,2022,5.4585699999999999,False,2022_segment_1,3.8263072967529297,,ok,
Reconstruction_Analysis_Contract_v1.0.1,2022,timesat_double_logistic,2022-10-16,2022,4.2313000000000001,False,2022_segment_1,3.7354230880737305,,ok,
Reconstruction_Analysis_Contract_v1.0.1,2022,timesat_double_logistic,2022-10-17,2022,5.2845500000000003,False,2022_segment_1,3.6476094722747803,,ok,
Reconstruction_Analysis_Contract_v1.0.1,2022,timesat_double_logistic,2022-10-18,2022,4.5152200000000002,False,2022_segment_1,3.5628170967102051,,ok,
Reconstruction_Analysis_Contract_v1.0.1,2022,timesat_double_logistic,2022-10-19,2022,4.0298100000000003,False,2022_segment_1,3.480994701385498,,ok,
Reconstruction_Analysis_Contract_v1.0.1,2022,timesat_double_logistic,2022-10-20,2022,4.5976499999999998,True,2022_segment_1,3.4020881652832031,,ok,
Reconstruction_Analysis_Contract_v1.0.1,2022,timesat_double_logistic,2022-10-21,2022,5.4310900000000002,False,2022_segment_1,3.3260424137115479,,ok,
Reconstruction_Analysis_Contract_v1.0.1,2022,timesat_double_logistic,2022-10-22,2022,4.0114999999999998,False,2022_segment_1,3.2528009414672852,,ok,
Reconstruction_Analysis_Contract_v1.0.1,2022,timesat_double_logistic,2022-10-23,2022,4.5793299999999997,True,2022_segment_1,3.1823058128356934,,ok,
Reconstruction_Analysis_Contract_v1.0.1,2022,timesat_double_logistic,2022-10-24,2022,3.86496,False,2022_segment_1,3.1144986152648926,,ok,
Reconstruction_Analysis_Contract_v1.0.1,2022,timesat_double_logistic,2022-10-25,2022,5.1444000000000001,False,2022_segment_1,3.0493204593658447,,ok,
Reconstruction_Analysis_Contract_v1.0.1,2022,timesat_double_logistic,2022-10-26,2022,3.9967299999999999,False,2022_segment_1,2.9867119789123535,,ok,
Reconstruction_Analysis_Contract_v1.0.1,2022,timesat_double_logistic,2022-10-27,2022,3.92625,False,2022_segment_1,2.9266140460968018,,ok,
Reconstruction_Analysis_Contract_v1.0.1,2022,timesat_double_logistic,2022-10-28,2022,3.8155100000000002,False,2022_segment_1,2.8689670562744141,,ok,
Reconstruction_Analysis_Contract_v1.0.1,2022,timesat_double_logistic,2022-10-29,2022,3.7148400000000001,False,2022_segment_1,2.8137125968933105,,ok,
Reconstruction_Analysis_Contract_v1.0.1,2022,timesat_double_logistic,2022-10-30,2022,3.41282,True,2022_segment_1,2.7607920169830322,,ok,
Reconstruction_Analysis_Contract_v1.0.1,2022,timesat_double_logistic,2022-10-31,2022,3.9161899999999998,False,2022_segment_1,2.7101480960845947,,ok,
Reconstruction_Analysis_Contract_v1.0.1,2022,timesat_double_logistic,2022-11-01,2022,3.9866600000000001,False,2022_segment_1,2.6617238521575928,,ok,
Reconstruction_Analysis_Contract_v1.0.1,2022,timesat_double_logistic,2022-11-02,2022,3.6745700000000001,False,2022_segment_1,2.6154637336730957,,ok,
Reconstruction_Analysis_Contract_v1.0.1,2022,timesat_double_logistic,2022-11-03,2022,3.82558,False,2022_segment_1,2.5713131427764893,,ok,
Reconstruction_Analysis_Contract_v1.0.1,2022,timesat_double_logistic,2022-11-04,2022,3.2517399999999999,False,2022_segment_1,2.5292181968688965,,ok,
Reconstruction_Analysis_Contract_v1.0.1,2022,timesat_double_logistic,2022-11-05,2022,3.43296,False,2022_segment_1,2.4891276359558105,,ok,
Reconstruction_Analysis_Contract_v1.0.1,2022,timesat_double_logistic,2022-11-06,2022,3.2416800000000001,False,2022_segment_1,2.4509902000427246,,ok,
Reconstruction_Analysis_Contract_v1.0.1,2022,timesat_double_logistic,2022-11-07,2022,2.8809900000000002,False,2022_segment_1,2.4147570133209229,,ok,
Reconstruction_Analysis_Contract_v1.0.1,2022,timesat_double_logistic,2022-11-08,2022,2.68614,False,2022_segment_1,2.3803806304931641,,ok,
Reconstruction_Analysis_Contract_v1.0.1,2022,timesat_double_logistic,2022-11-09,2022,2.6415299999999999,True,2022_segment_1,2.3478150367736816,,ok,
Reconstruction_Analysis_Contract_v1.0.1,2022,timesat_double_logistic,2022-11-10,2022,2.5969099999999998,False,2022_segment_1,2.3170163631439209,,ok,
Reconstruction_Analysis_Contract_v1.0.1,2022,timesat_double_logistic,2022-11-11,2022,2.5522999999999998,False,2022_segment_1,2.2879421710968018,,ok,
Reconstruction_Analysis_Contract_v1.0.1,2022,timesat_double_logistic,2022-11-12,2022,2.5076800000000001,True,2022_segment_1,2.2605516910552979,,ok,
Reconstruction_Analysis_Contract_v1.0.1,2022,timesat_double_logistic,2022-11-13,2022,2.4630700000000001,False,2022_segment_1,2.2348065376281738,,ok,
Reconstruction_Analysis_Contract_v1.0.1,2022,timesat_double_logistic,2022-11-14,2022,2.41845,False,2022_segment_1,2.2106695175170898,,ok,
Reconstruction_Analysis_Contract_v1.0.1,2022,timesat_double_logistic,2022-11-15,2022,2.37384,False,2022_segment_1,2.1881060600280762,,ok,
Reconstruction_Analysis_Contract_v1.0.1,2022,timesat_double_logistic,2022-11-16,2022,2.3292299999999999,False,2022_segment_1,2.1670830249786377,,ok,
Reconstruction_Analysis_Contract_v1.0.1,2022,timesat_double_logistic,2022-11-17,2022,2.2400000000000002,True,2022_segment_1,2.1475691795349121,,ok,
Reconstruction_Analysis_Contract_v1.0.1,2022,timesat_double_logistic,2022-11-18,2022,2.5699999999999998,False,2022_segment_1,2.1295359134674072,,ok,
Reconstruction_Analysis_Contract_v1.0.1,2022,timesat_double_logistic,2022-11-19,2022,2.1000000000000001,False,2022_segment_1,2.1129558086395264,,ok,
Reconstruction_Analysis_Contract_v1.0.1,2022,timesat_double_logistic,2022-11-20,2022,2.23,False,2022_segment_1,2.0978038311004639,,ok,
Reconstruction_Analysis_Contract_v1.0.1,2022,timesat_double_logistic,2022-11-21,2022,2.3599999999999999,False,2022_segment_1,2.0840566158294678,,ok,
Reconstruction_Analysis_Contract_v1.0.1,2022,timesat_double_logistic,2022-11-22,2022,2.0615399999999999,True,2022_segment_1,2.0716936588287354,,ok,
Reconstruction_Analysis_Contract_v1.0.1,2022,timesat_double_logistic,2022-11-23,2022,2.7487200000000001,False,2022_segment_1,2.0606951713562012,,ok,
Reconstruction_Analysis_Contract_v1.0.1,2022,timesat_double_logistic,2022-11-24,2022,2.5230800000000002,False,2022_segment_1,2.051044225692749,,ok,
Reconstruction_Analysis_Contract_v1.0.1,2022,timesat_double_logistic,2022-11-25,2022,2.3692299999999999,False,2022_segment_1,2.0427258014678955,,ok,
Reconstruction_Analysis_Contract_v1.0.1,2022,timesat_double_logistic,2022-11-26,2022,1.9897499999999999,False,2022_segment_1,2.0357265472412109,,ok,
Reconstruction_Analysis_Contract_v1.0.1,2022,timesat_double_logistic,2022-11-27,2022,2.57436,False,2022_segment_1,2.0300352573394775,,ok,
Reconstruction_Analysis_Contract_v1.0.1,2022,timesat_double_logistic,2022-11-28,2022,1.9897499999999999,False,2022_segment_1,2.0256428718566895,,ok,
Reconstruction_Analysis_Contract_v1.0.1,2022,timesat_double_logistic,2022-11-29,2022,2.1025700000000001,False,2022_segment_1,2.0225417613983154,,ok,
Reconstruction_Analysis_Contract_v1.0.1,2022,timesat_double_logistic,2022-11-30,2022,2.30769,False,2022_segment_1,2.0207269191741943,,ok,
Reconstruction_Analysis_Contract_v1.0.1,2022,timesat_double_logistic,2022-12-01,2022,2.1333299999999999,False,2022_segment_1,2.0201945304870605,,ok,
Reconstruction_Analysis_Contract_v1.0.1,2022,timesat_double_logistic,2022-12-02,2022,2.33846,False,2022_segment_1,2.0209434032440186,,ok,
Reconstruction_Analysis_Contract_v1.0.1,2022,timesat_double_logistic,2022-12-03,2022,2.0718000000000001,False,2022_segment_1,2.0229740142822266,,ok,
Reconstruction_Analysis_Contract_v1.0.1,2022,timesat_double_logistic,2022-12-04,2022,2.0820500000000002,False,2022_segment_1,2.0262880325317383,,ok,
Reconstruction_Analysis_Contract_v1.0.1,2022,timesat_double_logistic,2022-12-05,2022,4.2256400000000003,False,2022_segment_1,2.0308902263641357,,ok,
Reconstruction_Analysis_Contract_v1.0.1,2022,timesat_double_logistic,2022-12-06,2022,2.1820499999999998,False,2022_segment_1,2.0367863178253174,,ok,
Reconstruction_Analysis_Contract_v1.0.1,2022,timesat_double_logistic,2022-12-07,2022,2.2606799999999998,False,2022_segment_1,2.0439839363098145,,ok,
Reconstruction_Analysis_Contract_v1.0.1,2022,timesat_double_logistic,2022-12-08,2022,1.8282,False,2022_segment_1,2.052492618560791,,ok,
Reconstruction_Analysis_Contract_v1.0.1,2022,timesat_double_logistic,2022-12-09,2022,2.1427299999999998,True,2022_segment_1,2.0623238086700439,,ok,
Reconstruction_Analysis_Contract_v1.0.1,2022,timesat_smoothing_spline,2022-04-18,2022,6.5410700000000004,True,2022_segment_1,6.7931928634643555,10,ok,
Reconstruction_Analysis_Contract_v1.0.1,2022,timesat_smoothing_spline,2022-04-19,2022,7.4376899999999999,False,2022_segment_1,6.8092575073242188,10,ok,
Reconstruction_Analysis_Contract_v1.0.1,2022,timesat_smoothing_spline,2022-04-20,2022,7.0985699999999996,False,2022_segment_1,6.799415111541748,10,ok,
Reconstruction_Analysis_Contract_v1.0.1,2022,timesat_smoothing_spline,2022-04-21,2022,7.1035500000000003,True,2022_segment_1,6.7384433746337891,10,ok,
Reconstruction_Analysis_Contract_v1.0.1,2022,timesat_smoothing_spline,2022-04-22,2022,6.7149999999999999,False,2022_segment_1,6.6072039604187012,10,ok,
Reconstruction_Analysis_Contract_v1.0.1,2022,timesat_smoothing_spline,2022-04-23,2022,6.3214600000000001,False,2022_segment_1,6.4109010696411133,10,ok,
Reconstruction_Analysis_Contract_v1.0.1,2022,timesat_smoothing_spline,2022-04-24,2022,7.9105499999999997,False,2022_segment_1,6.1608214378356934,10,ok,
Reconstruction_Analysis_Contract_v1.0.1,2022,timesat_smoothing_spline,2022-04-25,2022,6.3762600000000003,False,2022_segment_1,5.8682537078857422,10,ok,
Reconstruction_Analysis_Contract_v1.0.1,2022,timesat_smoothing_spline,2022-04-26,2022,6.2883899999999997,False,2022_segment_1,5.5444855690002441,10,ok,
Reconstruction_Analysis_Contract_v1.0.1,2022,timesat_smoothing_spline,2022-04-27,2022,5.4524100000000004,False,2022_segment_1,5.2008051872253418,10,ok,
Reconstruction_Analysis_Contract_v1.0.1,2022,timesat_smoothing_spline,2022-04-28,2022,5.97722,False,2022_segment_1,4.8485007286071777,10,ok,
Reconstruction_Analysis_Contract_v1.0.1,2022,timesat_smoothing_spline,2022-04-29,2022,4.15665,False,2022_segment_1,4.4988598823547363,10,ok,
Reconstruction_Analysis_Contract_v1.0.1,2022,timesat_smoothing_spline,2022-04-30,2022,3.9058600000000001,False,2022_segment_1,4.1631708145141602,10,ok,
Reconstruction_Analysis_Contract_v1.0.1,2022,timesat_smoothing_spline,2022-05-01,2022,4.2681199999999997,False,2022_segment_1,3.8527212142944336,10,ok,
Reconstruction_Analysis_Contract_v1.0.1,2022,timesat_smoothing_spline,2022-05-02,2022,3.3299699999999999,False,2022_segment_1,3.5787994861602783,10,ok,
Reconstruction_Analysis_Contract_v1.0.1,2022,timesat_smoothing_spline,2022-05-03,2022,3.1813500000000001,True,2022_segment_1,3.3526933193206787,10,ok,
Reconstruction_Analysis_Contract_v1.0.1,2022,timesat_smoothing_spline,2022-05-04,2022,3.9083399999999999,False,2022_segment_1,3.1828351020812988,10,ok,
Reconstruction_Analysis_Contract_v1.0.1,2022,timesat_smoothing_spline,2022-05-05,2022,3.1311800000000001,False,2022_segment_1,3.0662341117858887,10,ok,
Reconstruction_Analysis_Contract_v1.0.1,2022,timesat_smoothing_spline,2022-05-06,2022,2.9284400000000002,True,2022_segment_1,2.9970443248748779,10,ok,
Reconstruction_Analysis_Contract_v1.0.1,2022,timesat_smoothing_spline,2022-05-07,2022,3.2944900000000001,False,2022_segment_1,2.968275785446167,10,ok,
Reconstruction_Analysis_Contract_v1.0.1,2022,timesat_smoothing_spline,2022-05-08,2022,3.2325499999999998,False,2022_segment_1,2.968364953994751,10,ok,
Reconstruction_Analysis_Contract_v1.0.1,2022,timesat_smoothing_spline,2022-05-09,2022,2.90028,False,2022_segment_1,2.9846053123474121,10,ok,
Reconstruction_Analysis_Contract_v1.0.1,2022,timesat_smoothing_spline,2022-05-10,2022,3.25156,False,2022_segment_1,3.0042901039123535,10,ok,
Reconstruction_Analysis_Contract_v1.0.1,2022,timesat_smoothing_spline,2022-05-11,2022,3.1656499999999999,True,2022_segment_1,3.0147123336791992,10,ok,
Reconstruction_Analysis_Contract_v1.0.1,2022,timesat_smoothing_spline,2022-05-12,2022,3.1326100000000001,False,2022_segment_1,3.0056812763214111,10,ok,
Reconstruction_Analysis_Contract_v1.0.1,2022,timesat_smoothing_spline,2022-05-13,2022,3.2713899999999998,False,2022_segment_1,2.9770679473876953,10,ok,
Reconstruction_Analysis_Contract_v1.0.1,2022,timesat_smoothing_spline,2022-05-14,2022,2.9607700000000001,False,2022_segment_1,2.9312593936920166,10,ok,
Reconstruction_Analysis_Contract_v1.0.1,2022,timesat_smoothing_spline,2022-05-15,2022,2.7228599999999998,False,2022_segment_1,2.8706426620483398,10,ok,
Reconstruction_Analysis_Contract_v1.0.1,2022,timesat_smoothing_spline,2022-05-16,2022,2.8814700000000002,True,2022_segment_1,2.7976047992706299,10,ok,
Reconstruction_Analysis_Contract_v1.0.1,2022,timesat_smoothing_spline,2022-05-17,2022,2.9776500000000001,False,2022_segment_1,2.7159304618835449,10,ok,
Reconstruction_Analysis_Contract_v1.0.1,2022,timesat_smoothing_spline,2022-05-18,2022,2.5281899999999999,True,2022_segment_1,2.6349954605102539,10,ok,
Reconstruction_Analysis_Contract_v1.0.1,2022,timesat_smoothing_spline,2022-05-19,2022,2.4283100000000002,False,2022_segment_1,2.5637931823730469,10,ok,
Reconstruction_Analysis_Contract_v1.0.1,2022,timesat_smoothing_spline,2022-05-20,2022,2.32219,False,2022_segment_1,2.5041968822479248,10,ok,
Reconstruction_Analysis_Contract_v1.0.1,2022,timesat_smoothing_spline,2022-05-21,2022,2.6155900000000001,False,2022_segment_1,2.4562990665435791,10,ok,
Reconstruction_Analysis_Contract_v1.0.1,2022,timesat_smoothing_spline,2022-05-22,2022,2.5094699999999999,False,2022_segment_1,2.4201929569244385,10,ok,
Reconstruction_Analysis_Contract_v1.0.1,2022,timesat_smoothing_spline,2022-05-23,2022,2.36619,True,2022_segment_1,2.3959715366363525,10,ok,
Reconstruction_Analysis_Contract_v1.0.1,2022,timesat_smoothing_spline,2022-05-24,2022,1.96438,False,2022_segment_1,2.3832314014434814,10,ok,
Reconstruction_Analysis_Contract_v1.0.1,2022,timesat_smoothing_spline,2022-05-25,2022,2.12622,False,2022_segment_1,2.3795835971832275,10,ok,
Reconstruction_Analysis_Contract_v1.0.1,2022,timesat_smoothing_spline,2022-05-26,2022,2.0760000000000001,False,2022_segment_1,2.3821430206298828,10,ok,
Reconstruction_Analysis_Contract_v1.0.1,2022,timesat_smoothing_spline,2022-05-27,2022,2.3606099999999999,False,2022_segment_1,2.3880243301391602,10,ok,
Reconstruction_Analysis_Contract_v1.0.1,2022,timesat_smoothing_spline,2022-05-28,2022,2.2210899999999998,False,2022_segment_1,2.3943424224853516,10,ok,
Reconstruction_Analysis_Contract_v1.0.1,2022,timesat_smoothing_spline,2022-05-29,2022,2.3327100000000001,False,2022_segment_1,2.3982119560241699,10,ok,
Reconstruction_Analysis_Contract_v1.0.1,2022,timesat_smoothing_spline,2022-05-30,2022,2.5224500000000001,False,2022_segment_1,2.3967478275299072,10,ok,
Reconstruction_Analysis_Contract_v1.0.1,2022,timesat_smoothing_spline,2022-05-31,2022,2.0480900000000002,False,2022_segment_1,2.3870649337768555,10,ok,
Reconstruction_Analysis_Contract_v1.0.1,2022,timesat_smoothing_spline,2022-06-01,2022,2.4728400000000001,False,2022_segment_1,2.3662776947021484,10,ok,
Reconstruction_Analysis_Contract_v1.0.1,2022,timesat_smoothing_spline,2022-06-02,2022,2.67781,False,2022_segment_1,2.3315010070800781,10,ok,
Reconstruction_Analysis_Contract_v1.0.1,2022,timesat_smoothing_spline,2022-06-03,2022,2.6645799999999999,False,2022_segment_1,2.2798500061035156,10,ok,
Reconstruction_Analysis_Contract_v1.0.1,2022,timesat_smoothing_spline,2022-06-04,2022,2.2678699999999998,False,2022_segment_1,2.2084391117095947,10,ok,
Reconstruction_Analysis_Contract_v1.0.1,2022,timesat_smoothing_spline,2022-06-05,2022,2.32077,True,2022_segment_1,2.1143829822540283,10,ok,
Reconstruction_Analysis_Contract_v1.0.1,2022,timesat_smoothing_spline,2022-06-06,2022,2.1885300000000001,False,2022_segment_1,1.9982366561889648,10,ok,
Reconstruction_Analysis_Contract_v1.0.1,2022,timesat_smoothing_spline,2022-06-07,2022,1.7117100000000001,True,2022_segment_1,1.8743135929107666,10,ok,
Reconstruction_Analysis_Contract_v1.0.1,2022,timesat_smoothing_spline,2022-06-08,2022,1.3953,False,2022_segment_1,1.7576571702957153,10,ok,
Reconstruction_Analysis_Contract_v1.0.1,2022,timesat_smoothing_spline,2022-06-09,2022,1.37974,False,2022_segment_1,1.652470588684082,10,ok,
Reconstruction_Analysis_Contract_v1.0.1,2022,timesat_smoothing_spline,2022-06-10,2022,1.09964,False,2022_segment_1,1.5602469444274902,10,ok,
Reconstruction_Analysis_Contract_v1.0.1,2022,timesat_smoothing_spline,2022-06-11,2022,1.11002,False,2022_segment_1,1.482479453086853,10,ok,
Reconstruction_Analysis_Contract_v1.0.1,2022,timesat_smoothing_spline,2022-06-12,2022,1.37456,True,2022_segment_1,1.4206610918045044,10,ok,
Reconstruction_Analysis_Contract_v1.0.1,2022,timesat_smoothing_spline,2022-06-13,2022,1.4368000000000001,False,2022_segment_1,1.3755166530609131,10,ok,
Reconstruction_Analysis_Contract_v1.0.1,2022,timesat_smoothing_spline,2022-06-14,2022,1.3964000000000001,False,2022_segment_1,1.3446975946426392,10,ok,
Reconstruction_Analysis_Contract_v1.0.1,2022,timesat_smoothing_spline,2022-06-15,2022,1.37253,True,2022_segment_1,1.3250869512557983,10,ok,
Reconstruction_Analysis_Contract_v1.0.1,2022,timesat_smoothing_spline,2022-06-16,2022,1.2114,False,2022_segment_1,1.3143582344055176,10,ok,
Reconstruction_Analysis_Contract_v1.0.1,2022,timesat_smoothing_spline,2022-06-17,2022,1.6768700000000001,False,2022_segment_1,1.3133481740951538,10,ok,
Reconstruction_Analysis_Contract_v1.0.1,2022,timesat_smoothing_spline,2022-06-18,2022,1.29495,False,2022_segment_1,1.3236840963363647,10,ok,
Reconstruction_Analysis_Contract_v1.0.1,2022,timesat_smoothing_spline,2022-06-19,2022,1.2233400000000001,False,2022_segment_1,1.3469933271408081,10,ok,
Reconstruction_Analysis_Contract_v1.0.1,2022,timesat_smoothing_spline,2022-06-20,2022,1.18753,False,2022_segment_1,1.3849031925201416,10,ok,
Reconstruction_Analysis_Contract_v1.0.1,2022,timesat_smoothing_spline,2022-06-21,2022,1.5567299999999999,False,2022_segment_1,1.4390408992767334,10,ok,
Reconstruction_Analysis_Contract_v1.0.1,2022,timesat_smoothing_spline,2022-06-22,2022,1.70468,False,2022_segment_1,1.5110337734222412,10,ok,
Reconstruction_Analysis_Contract_v1.0.1,2022,timesat_smoothing_spline,2022-06-23,2022,1.7883100000000001,False,2022_segment_1,1.6025092601776123,10,ok,
Reconstruction_Analysis_Contract_v1.0.1,2022,timesat_smoothing_spline,2022-06-24,2022,1.8076099999999999,False,2022_segment_1,1.7150945663452148,10,ok,
Reconstruction_Analysis_Contract_v1.0.1,2022,timesat_smoothing_spline,2022-06-25,2022,1.73685,True,2022_segment_1,1.8504171371459961,10,ok,
Reconstruction_Analysis_Contract_v1.0.1,2022,timesat_smoothing_spline,2022-06-26,2022,1.5953299999999999,False,2022_segment_1,2.0082111358642578,10,ok,
Reconstruction_Analysis_Contract_v1.0.1,2022,timesat_smoothing_spline,2022-06-27,2022,1.60819,False,2022_segment_1,2.1806404590606689,10,ok,
Reconstruction_Analysis_Contract_v1.0.1,2022,timesat_smoothing_spline,2022-06-28,2022,2.6715599999999999,False,2022_segment_1,2.3579754829406738,10,ok,
Reconstruction_Analysis_Contract_v1.0.1,2022,timesat_smoothing_spline,2022-06-29,2022,3.1347700000000001,False,2022_segment_1,2.5304865837097168,10,ok,
Reconstruction_Analysis_Contract_v1.0.1,2022,timesat_smoothing_spline,2022-06-30,2022,2.8654600000000001,True,2022_segment_1,2.6884448528289795,10,ok,
Reconstruction_Analysis_Contract_v1.0.1,2022,timesat_smoothing_spline,2022-07-01,2022,3.2101799999999998,False,2022_segment_1,2.825070858001709,10,ok,
Reconstruction_Analysis_Contract_v1.0.1,2022,timesat_smoothing_spline,2022-07-02,2022,3.1455500000000001,False,2022_segment_1,2.9453864097595215,10,ok,
Reconstruction_Analysis_Contract_v1.0.1,2022,timesat_smoothing_spline,2022-07-03,2022,3.5979899999999998,False,2022_segment_1,3.0573635101318359,10,ok,
Reconstruction_Analysis_Contract_v1.0.1,2022,timesat_smoothing_spline,2022-07-04,2022,3.1024600000000002,False,2022_segment_1,3.1689748764038086,10,ok,
Reconstruction_Analysis_Contract_v1.0.1,2022,timesat_smoothing_spline,2022-07-05,2022,4.5919800000000004,False,2022_segment_1,3.2881917953491211,10,ok,
Reconstruction_Analysis_Contract_v1.0.1,2022,timesat_smoothing_spline,2022-07-06,2022,4.2639800000000001,False,2022_segment_1,3.4229872226715088,10,ok,
Reconstruction_Analysis_Contract_v1.0.1,2022,timesat_smoothing_spline,2022-07-07,2022,4.6632800000000003,False,2022_segment_1,3.5813324451446533,10,ok,
Reconstruction_Analysis_Contract_v1.0.1,2022,timesat_smoothing_spline,2022-07-08,2022,3.72207,False,2022_segment_1,3.7712001800537109,10,ok,
Reconstruction_Analysis_Contract_v1.0.1,2022,timesat_smoothing_spline,2022-07-09,2022,7.3469300000000004,False,2022_segment_1,4.0005626678466797,10,ok,
Reconstruction_Analysis_Contract_v1.0.1,2022,timesat_smoothing_spline,2022-07-10,2022,3.7078099999999998,False,2022_segment_1,4.2773909568786621,10,ok,
Reconstruction_Analysis_Contract_v1.0.1,2022,timesat_smoothing_spline,2022-07-11,2022,3.76485,False,2022_segment_1,4.6096587181091309,10,ok,
Reconstruction_Analysis_Contract_v1.0.1,2022,timesat_smoothing_spline,2022-07-12,2022,5.57172,True,2022_segment_1,5.0053367614746094,10,ok,
Reconstruction_Analysis_Contract_v1.0.1,2022,timesat_smoothing_spline,2022-07-13,2022,5.8029999999999999,False,2022_segment_1,5.4818377494812012,10,ok,
Reconstruction_Analysis_Contract_v1.0.1,2022,timesat_smoothing_spline,2022-07-14,2022,6.58094,False,2022_segment_1,6.0943317413330078,10,ok,
Reconstruction_Analysis_Contract_v1.0.1,2022,timesat_smoothing_spline,2022-07-15,2022,6.45479,True,2022_segment_1,6.9074296951293945,10,ok,
Reconstruction_Analysis_Contract_v1.0.1,2022,timesat_smoothing_spline,2022-07-16,2022,6.6229899999999997,False,2022_segment_1,7.9781975746154785,10,ok,
Reconstruction_Analysis_Contract_v1.0.1,2022,timesat_smoothing_spline,2022-07-17,2022,6.83324,True,2022_segment_1,9.333526611328125,10,ok,
Reconstruction_Analysis_Contract_v1.0.1,2022,timesat_smoothing_spline,2022-07-18,2022,9.5244900000000001,False,2022_segment_1,10.951091766357422,10,ok,
Reconstruction_Analysis_Contract_v1.0.1,2022,timesat_smoothing_spline,2022-07-19,2022,13.9231,False,2022_segment_1,12.641880989074707,10,ok,
Reconstruction_Analysis_Contract_v1.0.1,2022,timesat_smoothing_spline,2022-07-20,2022,16.980699999999999,True,2022_segment_1,14.175213813781738,10,ok,
Reconstruction_Analysis_Contract_v1.0.1,2022,timesat_smoothing_spline,2022-07-21,2022,20.147500000000001,False,2022_segment_1,15.367165565490723,10,ok,
Reconstruction_Analysis_Contract_v1.0.1,2022,timesat_smoothing_spline,2022-07-22,2022,18.0181,False,2022_segment_1,16.220844268798828,10,ok,
Reconstruction_Analysis_Contract_v1.0.1,2022,timesat_smoothing_spline,2022-07-23,2022,17.4175,False,2022_segment_1,16.786117553710938,10,ok,
Reconstruction_Analysis_Contract_v1.0.1,2022,timesat_smoothing_spline,2022-07-24,2022,19.273900000000001,False,2022_segment_1,17.112848281860352,10,ok,
Reconstruction_Analysis_Contract_v1.0.1,2022,timesat_smoothing_spline,2022-07-25,2022,21.785499999999999,False,2022_segment_1,17.250907897949219,10,ok,
Reconstruction_Analysis_Contract_v1.0.1,2022,timesat_smoothing_spline,2022-07-26,2022,18.727900000000002,False,2022_segment_1,17.250158309936523,10,ok,
Reconstruction_Analysis_Contract_v1.0.1,2022,timesat_smoothing_spline,2022-07-27,2022,17.253699999999998,False,2022_segment_1,17.160467147827148,10,ok,
Reconstruction_Analysis_Contract_v1.0.1,2022,timesat_smoothing_spline,2022-07-28,2022,14.742100000000001,False,2022_segment_1,17.031703948974609,10,ok,
Reconstruction_Analysis_Contract_v1.0.1,2022,timesat_smoothing_spline,2022-07-29,2022,13.431699999999999,False,2022_segment_1,16.913730621337891,10,ok,
Reconstruction_Analysis_Contract_v1.0.1,2022,timesat_smoothing_spline,2022-07-30,2022,15.233499999999999,True,2022_segment_1,16.856414794921875,10,ok,
Reconstruction_Analysis_Contract_v1.0.1,2022,timesat_smoothing_spline,2022-07-31,2022,22.986699999999999,False,2022_segment_1,16.882575988769531,10,ok,
Reconstruction_Analysis_Contract_v1.0.1,2022,timesat_smoothing_spline,2022-08-01,2022,18.181899999999999,True,2022_segment_1,16.906837463378906,10,ok,
Reconstruction_Analysis_Contract_v1.0.1,2022,timesat_smoothing_spline,2022-08-02,2022,29.9084,False,2022_segment_1,16.838022232055664,10,ok,
Reconstruction_Analysis_Contract_v1.0.1,2022,timesat_smoothing_spline,2022-08-03,2022,32.500500000000002,False,2022_segment_1,16.669961929321289,10,ok,
Reconstruction_Analysis_Contract_v1.0.1,2022,timesat_smoothing_spline,2022-08-04,2022,36.1892,False,2022_segment_1,16.417739868164062,10,ok,
Reconstruction_Analysis_Contract_v1.0.1,2022,timesat_smoothing_spline,2022-08-05,2022,36.089500000000001,False,2022_segment_1,16.096433639526367,10,ok,
Reconstruction_Analysis_Contract_v1.0.1,2022,timesat_smoothing_spline,2022-08-06,2022,35.890099999999997,False,2022_segment_1,15.721126556396484,10,ok,
Reconstruction_Analysis_Contract_v1.0.1,2022,timesat_smoothing_spline,2022-08-07,2022,57.523899999999998,False,2022_segment_1,15.306900024414062,10,ok,
Reconstruction_Analysis_Contract_v1.0.1,2022,timesat_smoothing_spline,2022-08-08,2022,39.6785,False,2022_segment_1,14.868833541870117,10,ok,
Reconstruction_Analysis_Contract_v1.0.1,2022,timesat_smoothing_spline,2022-08-09,2022,9.0687599999999993,False,2022_segment_1,14.422009468078613,10,ok,
Reconstruction_Analysis_Contract_v1.0.1,2022,timesat_smoothing_spline,2022-08-10,2022,11.335900000000001,False,2022_segment_1,13.981509208679199,10,ok,
Reconstruction_Analysis_Contract_v1.0.1,2022,timesat_smoothing_spline,2022-08-11,2022,13.190899999999999,False,2022_segment_1,13.562412261962891,10,ok,
Reconstruction_Analysis_Contract_v1.0.1,2022,timesat_smoothing_spline,2022-08-12,2022,11.1004,False,2022_segment_1,13.179800987243652,10,ok,
Reconstruction_Analysis_Contract_v1.0.1,2022,timesat_smoothing_spline,2022-08-13,2022,12.5137,False,2022_segment_1,12.848756790161133,10,ok,
Reconstruction_Analysis_Contract_v1.0.1,2022,timesat_smoothing_spline,2022-08-14,2022,12.1309,True,2022_segment_1,12.58436107635498,10,ok,
Reconstruction_Analysis_Contract_v1.0.1,2022,timesat_smoothing_spline,2022-08-15,2022,12.955399999999999,False,2022_segment_1,12.394135475158691,10,ok,
Reconstruction_Analysis_Contract_v1.0.1,2022,timesat_smoothing_spline,2022-08-16,2022,6.87141,False,2022_segment_1,12.255373954772949,10,ok,
Reconstruction_Analysis_Contract_v1.0.1,2022,timesat_smoothing_spline,2022-08-17,2022,11.9796,False,2022_segment_1,12.137812614440918,10,ok,
Reconstruction_Analysis_Contract_v1.0.1,2022,timesat_smoothing_spline,2022-08-18,2022,12.6538,False,2022_segment_1,12.011184692382812,10,ok,
Reconstruction_Analysis_Contract_v1.0.1,2022,timesat_smoothing_spline,2022-08-19,2022,12.212999999999999,True,2022_segment_1,11.845226287841797,10,ok,
Reconstruction_Analysis_Contract_v1.0.1,2022,timesat_smoothing_spline,2022-08-20,2022,11.2536,False,2022_segment_1,11.615802764892578,10,ok,
Reconstruction_Analysis_Contract_v1.0.1,2022,timesat_smoothing_spline,2022-08-21,2022,10.5016,False,2022_segment_1,11.323295593261719,10,ok,
Reconstruction_Analysis_Contract_v1.0.1,2022,timesat_smoothing_spline,2022-08-22,2022,10.3719,False,2022_segment_1,10.974218368530273,10,ok,
Reconstruction_Analysis_Contract_v1.0.1,2022,timesat_smoothing_spline,2022-08-23,2022,7.3915199999999999,False,2022_segment_1,10.575082778930664,10,ok,
Reconstruction_Analysis_Contract_v1.0.1,2022,timesat_smoothing_spline,2022-08-24,2022,6.7494899999999998,False,2022_segment_1,10.132401466369629,10,ok,
Reconstruction_Analysis_Contract_v1.0.1,2022,timesat_smoothing_spline,2022-08-25,2022,6.4367099999999997,False,2022_segment_1,9.6526870727539062,10,ok,
Reconstruction_Analysis_Contract_v1.0.1,2022,timesat_smoothing_spline,2022-08-26,2022,6.4202500000000002,False,2022_segment_1,9.1424522399902344,10,ok,
Reconstruction_Analysis_Contract_v1.0.1,2022,timesat_smoothing_spline,2022-08-27,2022,5.5477600000000002,False,2022_segment_1,8.6082096099853516,10,ok,
Reconstruction_Analysis_Contract_v1.0.1,2022,timesat_smoothing_spline,2022-08-28,2022,6.1074700000000002,False,2022_segment_1,8.0564708709716797,10,ok,
Reconstruction_Analysis_Contract_v1.0.1,2022,timesat_smoothing_spline,2022-08-29,2022,4.6917200000000001,False,2022_segment_1,7.4937491416931152,10,ok,
Reconstruction_Analysis_Contract_v1.0.1,2022,timesat_smoothing_spline,2022-08-30,2022,3.6950400000000001,False,2022_segment_1,6.9265565872192383,10,ok,
Reconstruction_Analysis_Contract_v1.0.1,2022,timesat_smoothing_spline,2022-08-31,2022,4.0350700000000002,False,2022_segment_1,6.3614058494567871,10,ok,
Reconstruction_Analysis_Contract_v1.0.1,2022,timesat_smoothing_spline,2022-09-01,2022,4.7151399999999999,False,2022_segment_1,5.8048090934753418,10,ok,
Reconstruction_Analysis_Contract_v1.0.1,2022,timesat_smoothing_spline,2022-09-02,2022,4.61313,False,2022_segment_1,5.2632794380187988,10,ok,
Reconstruction_Analysis_Contract_v1.0.1,2022,timesat_smoothing_spline,2022-09-03,2022,4.9985099999999996,False,2022_segment_1,4.7433285713195801,10,ok,
Reconstruction_Analysis_Contract_v1.0.1,2022,timesat_smoothing_spline,2022-09-04,2022,4.4771200000000002,False,2022_segment_1,4.251469612121582,10,ok,
Reconstruction_Analysis_Contract_v1.0.1,2022,timesat_smoothing_spline,2022-09-05,2022,4.4884500000000003,False,2022_segment_1,3.7942147254943848,10,ok,
Reconstruction_Analysis_Contract_v1.0.1,2022,timesat_smoothing_spline,2022-09-06,2022,3.0988799999999999,False,2022_segment_1,3.3780763149261475,10,ok,
Reconstruction_Analysis_Contract_v1.0.1,2022,timesat_smoothing_spline,2022-09-07,2022,2.4832100000000001,False,2022_segment_1,3.0095672607421875,10,ok,
Reconstruction_Analysis_Contract_v1.0.1,2022,timesat_smoothing_spline,2022-09-08,2022,2.59266,True,2022_segment_1,2.6951994895935059,10,ok,
Reconstruction_Analysis_Contract_v1.0.1,2022,timesat_smoothing_spline,2022-09-09,2022,2.2506200000000001,False,2022_segment_1,2.4397768974304199,10,ok,
Reconstruction_Analysis_Contract_v1.0.1,2022,timesat_smoothing_spline,2022-09-10,2022,2.2301000000000002,False,2022_segment_1,2.2412667274475098,10,ok,
Reconstruction_Analysis_Contract_v1.0.1,2022,timesat_smoothing_spline,2022-09-11,2022,1.53918,False,2022_segment_1,2.0959274768829346,10,ok,
Reconstruction_Analysis_Contract_v1.0.1,2022,timesat_smoothing_spline,2022-09-12,2022,1.8812199999999999,False,2022_segment_1,2.0000181198120117,10,ok,
Reconstruction_Analysis_Contract_v1.0.1,2022,timesat_smoothing_spline,2022-09-13,2022,3.6957599999999999,False,2022_segment_1,1.9497965574264526,10,ok,
Reconstruction_Analysis_Contract_v1.0.1,2022,timesat_smoothing_spline,2022-09-14,2022,2.85493,False,2022_segment_1,1.9415217638015747,10,ok,
Reconstruction_Analysis_Contract_v1.0.1,2022,timesat_smoothing_spline,2022-09-15,2022,3.4611100000000001,False,2022_segment_1,1.9714521169662476,10,ok,
Reconstruction_Analysis_Contract_v1.0.1,2022,timesat_smoothing_spline,2022-09-16,2022,3.4317799999999998,False,2022_segment_1,2.0358459949493408,10,ok,
Reconstruction_Analysis_Contract_v1.0.1,2022,timesat_smoothing_spline,2022-09-17,2022,3.3535599999999999,False,2022_segment_1,2.1309621334075928,10,ok,
Reconstruction_Analysis_Contract_v1.0.1,2022,timesat_smoothing_spline,2022-09-18,2022,3.7837499999999999,False,2022_segment_1,2.2530591487884521,10,ok,
Reconstruction_Analysis_Contract_v1.0.1,2022,timesat_smoothing_spline,2022-09-19,2022,4.5952599999999997,False,2022_segment_1,2.3983950614929199,10,ok,
Reconstruction_Analysis_Contract_v1.0.1,2022,timesat_smoothing_spline,2022-09-20,2022,4.7327399999999997,False,2022_segment_1,2.5632288455963135,10,ok,
Reconstruction_Analysis_Contract_v1.0.1,2022,timesat_smoothing_spline,2022-09-21,2022,4.8348899999999997,False,2022_segment_1,2.743818998336792,10,ok,
Reconstruction_Analysis_Contract_v1.0.1,2022,timesat_smoothing_spline,2022-09-22,2022,5.7995900000000002,False,2022_segment_1,2.9364237785339355,10,ok,
Reconstruction_Analysis_Contract_v1.0.1,2022,timesat_smoothing_spline,2022-09-23,2022,7.2523299999999997,False,2022_segment_1,3.1373019218444824,10,ok,
Reconstruction_Analysis_Contract_v1.0.1,2022,timesat_smoothing_spline,2022-09-24,2022,7.4906699999999997,False,2022_segment_1,3.3427119255065918,10,ok,
Reconstruction_Analysis_Contract_v1.0.1,2022,timesat_smoothing_spline,2022-09-25,2022,5.2661699999999998,False,2022_segment_1,3.5489122867584229,10,ok,
Reconstruction_Analysis_Contract_v1.0.1,2022,timesat_smoothing_spline,2022-09-26,2022,9.1590399999999992,False,2022_segment_1,3.7521615028381348,10,ok,
Reconstruction_Analysis_Contract_v1.0.1,2022,timesat_smoothing_spline,2022-09-27,2022,3.6562999999999999,False,2022_segment_1,3.9487180709838867,10,ok,
Reconstruction_Analysis_Contract_v1.0.1,2022,timesat_smoothing_spline,2022-09-28,2022,4.06515,True,2022_segment_1,4.1348404884338379,10,ok,
Reconstruction_Analysis_Contract_v1.0.1,2022,timesat_smoothing_spline,2022-09-29,2022,4.1235499999999998,False,2022_segment_1,4.3056259155273438,10,ok,
Reconstruction_Analysis_Contract_v1.0.1,2022,timesat_smoothing_spline,2022-09-30,2022,4.6492199999999997,True,2022_segment_1,4.4515252113342285,10,ok,
Reconstruction_Analysis_Contract_v1.0.1,2022,timesat_smoothing_spline,2022-10-01,2022,4.2053200000000004,False,2022_segment_1,4.5651226043701172,10,ok,
Reconstruction_Analysis_Contract_v1.0.1,2022,timesat_smoothing_spline,2022-10-02,2022,4.1001899999999996,False,2022_segment_1,4.6521825790405273,10,ok,
Reconstruction_Analysis_Contract_v1.0.1,2022,timesat_smoothing_spline,2022-10-03,2022,4.6959400000000002,True,2022_segment_1,4.7217631340026855,10,ok,
Reconstruction_Analysis_Contract_v1.0.1,2022,timesat_smoothing_spline,2022-10-04,2022,5.2800200000000004,False,2022_segment_1,4.782494068145752,10,ok,
Reconstruction_Analysis_Contract_v1.0.1,2022,timesat_smoothing_spline,2022-10-05,2022,4.6141699999999997,False,2022_segment_1,4.8412814140319824,10,ok,
Reconstruction_Analysis_Contract_v1.0.1,2022,timesat_smoothing_spline,2022-10-06,2022,4.5090399999999997,False,2022_segment_1,4.90460205078125,10,ok,
Reconstruction_Analysis_Contract_v1.0.1,2022,timesat_smoothing_spline,2022-10-07,2022,4.6959400000000002,False,2022_segment_1,4.9789328575134277,10,ok,
Reconstruction_Analysis_Contract_v1.0.1,2022,timesat_smoothing_spline,2022-10-08,2022,4.6608999999999998,True,2022_segment_1,5.0707502365112305,10,ok,
Reconstruction_Analysis_Contract_v1.0.1,2022,timesat_smoothing_spline,2022-10-09,2022,6.7869200000000003,False,2022_segment_1,5.1796998977661133,10,ok,
Reconstruction_Analysis_Contract_v1.0.1,2022,timesat_smoothing_spline,2022-10-10,2022,5.6771900000000004,True,2022_segment_1,5.278104305267334,10,ok,
Reconstruction_Analysis_Contract_v1.0.1,2022,timesat_smoothing_spline,2022-10-11,2022,4.9456800000000003,False,2022_segment_1,5.3381061553955078,10,ok,
Reconstruction_Analysis_Contract_v1.0.1,2022,timesat_smoothing_spline,2022-10-12,2022,4.5425800000000001,False,2022_segment_1,5.3584551811218262,10,ok,
Reconstruction_Analysis_Contract_v1.0.1,2022,timesat_smoothing_spline,2022-10-13,2022,4.55558,False,2022_segment_1,5.344550609588623,10,ok,
Reconstruction_Analysis_Contract_v1.0.1,2022,timesat_smoothing_spline,2022-10-14,2022,4.7716700000000003,False,2022_segment_1,5.3017926216125488,10,ok,
Reconstruction_Analysis_Contract_v1.0.1,2022,timesat_smoothing_spline,2022-10-15,2022,5.4585699999999999,False,2022_segment_1,5.2355818748474121,10,ok,
Reconstruction_Analysis_Contract_v1.0.1,2022,timesat_smoothing_spline,2022-10-16,2022,4.2313000000000001,False,2022_segment_1,5.1513185501098633,10,ok,
Reconstruction_Analysis_Contract_v1.0.1,2022,timesat_smoothing_spline,2022-10-17,2022,5.2845500000000003,False,2022_segment_1,5.0544023513793945,10,ok,
Reconstruction_Analysis_Contract_v1.0.1,2022,timesat_smoothing_spline,2022-10-18,2022,4.5152200000000002,False,2022_segment_1,4.9502339363098145,10,ok,
Reconstruction_Analysis_Contract_v1.0.1,2022,timesat_smoothing_spline,2022-10-19,2022,4.0298100000000003,False,2022_segment_1,4.8442130088806152,10,ok,
Reconstruction_Analysis_Contract_v1.0.1,2022,timesat_smoothing_spline,2022-10-20,2022,4.5976499999999998,True,2022_segment_1,4.7417402267456055,10,ok,
Reconstruction_Analysis_Contract_v1.0.1,2022,timesat_smoothing_spline,2022-10-21,2022,5.4310900000000002,False,2022_segment_1,4.6458139419555664,10,ok,
Reconstruction_Analysis_Contract_v1.0.1,2022,timesat_smoothing_spline,2022-10-22,2022,4.0114999999999998,False,2022_segment_1,4.5498266220092773,10,ok,
Reconstruction_Analysis_Contract_v1.0.1,2022,timesat_smoothing_spline,2022-10-23,2022,4.5793299999999997,True,2022_segment_1,4.4447698593139648,10,ok,
Reconstruction_Analysis_Contract_v1.0.1,2022,timesat_smoothing_spline,2022-10-24,2022,3.86496,False,2022_segment_1,4.3238773345947266,10,ok,
Reconstruction_Analysis_Contract_v1.0.1,2022,timesat_smoothing_spline,2022-10-25,2022,5.1444000000000001,False,2022_segment_1,4.1893534660339355,10,ok,
Reconstruction_Analysis_Contract_v1.0.1,2022,timesat_smoothing_spline,2022-10-26,2022,3.9967299999999999,False,2022_segment_1,4.0456452369689941,10,ok,
Reconstruction_Analysis_Contract_v1.0.1,2022,timesat_smoothing_spline,2022-10-27,2022,3.92625,False,2022_segment_1,3.897200345993042,10,ok,
Reconstruction_Analysis_Contract_v1.0.1,2022,timesat_smoothing_spline,2022-10-28,2022,3.8155100000000002,False,2022_segment_1,3.7484657764434814,10,ok,
Reconstruction_Analysis_Contract_v1.0.1,2022,timesat_smoothing_spline,2022-10-29,2022,3.7148400000000001,False,2022_segment_1,3.6038885116577148,10,ok,
Reconstruction_Analysis_Contract_v1.0.1,2022,timesat_smoothing_spline,2022-10-30,2022,3.41282,True,2022_segment_1,3.4679157733917236,10,ok,
Reconstruction_Analysis_Contract_v1.0.1,2022,timesat_smoothing_spline,2022-10-31,2022,3.9161899999999998,False,2022_segment_1,3.3440766334533691,10,ok,
Reconstruction_Analysis_Contract_v1.0.1,2022,timesat_smoothing_spline,2022-11-01,2022,3.9866600000000001,False,2022_segment_1,3.2322266101837158,10,ok,
Reconstruction_Analysis_Contract_v1.0.1,2022,timesat_smoothing_spline,2022-11-02,2022,3.6745700000000001,False,2022_segment_1,3.1313040256500244,10,ok,
Reconstruction_Analysis_Contract_v1.0.1,2022,timesat_smoothing_spline,2022-11-03,2022,3.82558,False,2022_segment_1,3.0402457714080811,10,ok,
Reconstruction_Analysis_Contract_v1.0.1,2022,timesat_smoothing_spline,2022-11-04,2022,3.2517399999999999,False,2022_segment_1,2.9579896926879883,10,ok,
Reconstruction_Analysis_Contract_v1.0.1,2022,timesat_smoothing_spline,2022-11-05,2022,3.43296,False,2022_segment_1,2.8834736347198486,10,ok,
Reconstruction_Analysis_Contract_v1.0.1,2022,timesat_smoothing_spline,2022-11-06,2022,3.2416800000000001,False,2022_segment_1,2.8156349658966064,10,ok,
Reconstruction_Analysis_Contract_v1.0.1,2022,timesat_smoothing_spline,2022-11-07,2022,2.8809900000000002,False,2022_segment_1,2.7534115314483643,10,ok,
Reconstruction_Analysis_Contract_v1.0.1,2022,timesat_smoothing_spline,2022-11-08,2022,2.68614,False,2022_segment_1,2.6957406997680664,10,ok,
Reconstruction_Analysis_Contract_v1.0.1,2022,timesat_smoothing_spline,2022-11-09,2022,2.6415299999999999,True,2022_segment_1,2.6415600776672363,10,ok,
Reconstruction_Analysis_Contract_v1.0.1,2022,timesat_smoothing_spline,2022-11-10,2022,2.5969099999999998,False,2022_segment_1,2.5898067951202393,10,ok,
Reconstruction_Analysis_Contract_v1.0.1,2022,timesat_smoothing_spline,2022-11-11,2022,2.5522999999999998,False,2022_segment_1,2.5394163131713867,10,ok,
Reconstruction_Analysis_Contract_v1.0.1,2022,timesat_smoothing_spline,2022-11-12,2022,2.5076800000000001,True,2022_segment_1,2.4893229007720947,10,ok,
Reconstruction_Analysis_Contract_v1.0.1,2022,timesat_smoothing_spline,2022-11-13,2022,2.4630700000000001,False,2022_segment_1,2.4387671947479248,10,ok,
Reconstruction_Analysis_Contract_v1.0.1,2022,timesat_smoothing_spline,2022-11-14,2022,2.41845,False,2022_segment_1,2.3882136344909668,10,ok,
Reconstruction_Analysis_Contract_v1.0.1,2022,timesat_smoothing_spline,2022-11-15,2022,2.37384,False,2022_segment_1,2.3384323120117188,10,ok,
Reconstruction_Analysis_Contract_v1.0.1,2022,timesat_smoothing_spline,2022-11-16,2022,2.3292299999999999,False,2022_segment_1,2.290194034576416,10,ok,
Reconstruction_Analysis_Contract_v1.0.1,2022,timesat_smoothing_spline,2022-11-17,2022,2.2400000000000002,True,2022_segment_1,2.2442686557769775,10,ok,
Reconstruction_Analysis_Contract_v1.0.1,2022,timesat_smoothing_spline,2022-11-18,2022,2.5699999999999998,False,2022_segment_1,2.2013554573059082,10,ok,
Reconstruction_Analysis_Contract_v1.0.1,2022,timesat_smoothing_spline,2022-11-19,2022,2.1000000000000001,False,2022_segment_1,2.1618690490722656,10,ok,
Reconstruction_Analysis_Contract_v1.0.1,2022,timesat_smoothing_spline,2022-11-20,2022,2.23,False,2022_segment_1,2.1261529922485352,10,ok,
Reconstruction_Analysis_Contract_v1.0.1,2022,timesat_smoothing_spline,2022-11-21,2022,2.3599999999999999,False,2022_segment_1,2.0945508480072021,10,ok,
Reconstruction_Analysis_Contract_v1.0.1,2022,timesat_smoothing_spline,2022-11-22,2022,2.0615399999999999,True,2022_segment_1,2.0674057006835938,10,ok,
Reconstruction_Analysis_Contract_v1.0.1,2022,timesat_smoothing_spline,2022-11-23,2022,2.7487200000000001,False,2022_segment_1,2.0449635982513428,10,ok,
Reconstruction_Analysis_Contract_v1.0.1,2022,timesat_smoothing_spline,2022-11-24,2022,2.5230800000000002,False,2022_segment_1,2.0270791053771973,10,ok,
Reconstruction_Analysis_Contract_v1.0.1,2022,timesat_smoothing_spline,2022-11-25,2022,2.3692299999999999,False,2022_segment_1,2.0135090351104736,10,ok,
Reconstruction_Analysis_Contract_v1.0.1,2022,timesat_smoothing_spline,2022-11-26,2022,1.9897499999999999,False,2022_segment_1,2.0040104389190674,10,ok,
Reconstruction_Analysis_Contract_v1.0.1,2022,timesat_smoothing_spline,2022-11-27,2022,2.57436,False,2022_segment_1,1.9983400106430054,10,ok,
Reconstruction_Analysis_Contract_v1.0.1,2022,timesat_smoothing_spline,2022-11-28,2022,1.9897499999999999,False,2022_segment_1,1.9962546825408936,10,ok,
Reconstruction_Analysis_Contract_v1.0.1,2022,timesat_smoothing_spline,2022-11-29,2022,2.1025700000000001,False,2022_segment_1,1.9975112676620483,10,ok,
Reconstruction_Analysis_Contract_v1.0.1,2022,timesat_smoothing_spline,2022-11-30,2022,2.30769,False,2022_segment_1,2.0018668174743652,10,ok,
Reconstruction_Analysis_Contract_v1.0.1,2022,timesat_smoothing_spline,2022-12-01,2022,2.1333299999999999,False,2022_segment_1,2.0090782642364502,10,ok,
Reconstruction_Analysis_Contract_v1.0.1,2022,timesat_smoothing_spline,2022-12-02,2022,2.33846,False,2022_segment_1,2.0189023017883301,10,ok,
Reconstruction_Analysis_Contract_v1.0.1,2022,timesat_smoothing_spline,2022-12-03,2022,2.0718000000000001,False,2022_segment_1,2.0310957431793213,10,ok,
Reconstruction_Analysis_Contract_v1.0.1,2022,timesat_smoothing_spline,2022-12-04,2022,2.0820500000000002,False,2022_segment_1,2.0454156398773193,10,ok,
Reconstruction_Analysis_Contract_v1.0.1,2022,timesat_smoothing_spline,2022-12-05,2022,4.2256400000000003,False,2022_segment_1,2.0616190433502197,10,ok,
Reconstruction_Analysis_Contract_v1.0.1,2022,timesat_smoothing_spline,2022-12-06,2022,2.1820499999999998,False,2022_segment_1,2.0794625282287598,10,ok,
Reconstruction_Analysis_Contract_v1.0.1,2022,timesat_smoothing_spline,2022-12-07,2022,2.2606799999999998,False,2022_segment_1,2.0987029075622559,10,ok,
Reconstruction_Analysis_Contract_v1.0.1,2022,timesat_smoothing_spline,2022-12-08,2022,1.8282,False,2022_segment_1,2.1190974712371826,10,ok,
Reconstruction_Analysis_Contract_v1.0.1,2022,timesat_smoothing_spline,2022-12-09,2022,2.1427299999999998,True,2022_segment_1,2.1404027938842773,10,ok,
Reconstruction_Analysis_Contract_v1.0.1,2023,linear_interpolation,2023-04-21,2023,13.4612,True,2023_segment_1,13.4612,,ok,
Reconstruction_Analysis_Contract_v1.0.1,2023,linear_interpolation,2023-04-22,2023,10.954800000000001,False,2023_segment_1,14.724450000000001,,ok,
Reconstruction_Analysis_Contract_v1.0.1,2023,linear_interpolation,2023-04-23,2023,15.9877,True,2023_segment_1,15.9877,,ok,
Reconstruction_Analysis_Contract_v1.0.1,2023,linear_interpolation,2023-04-24,2023,15.9374,False,2023_segment_1,15.08874,,ok,
Reconstruction_Analysis_Contract_v1.0.1,2023,linear_interpolation,2023-04-25,2023,11.004,False,2023_segment_1,14.189780000000001,,ok,
Reconstruction_Analysis_Contract_v1.0.1,2023,linear_interpolation,2023-04-26,2023,12.669499999999999,False,2023_segment_1,13.29082,,ok,
Reconstruction_Analysis_Contract_v1.0.1,2023,linear_interpolation,2023-04-27,2023,11.8451,False,2023_segment_1,12.391860000000001,,ok,
Reconstruction_Analysis_Contract_v1.0.1,2023,linear_interpolation,2023-04-28,2023,11.492900000000001,True,2023_segment_1,11.492900000000001,,ok,
Reconstruction_Analysis_Contract_v1.0.1,2023,linear_interpolation,2023-04-29,2023,12.3505,False,2023_segment_1,11.1448,,ok,
Reconstruction_Analysis_Contract_v1.0.1,2023,linear_interpolation,2023-04-30,2023,9.7901100000000003,False,2023_segment_1,10.7967,,ok,
Reconstruction_Analysis_Contract_v1.0.1,2023,linear_interpolation,2023-05-01,2023,10.1381,False,2023_segment_1,10.448600000000001,,ok,
Reconstruction_Analysis_Contract_v1.0.1,2023,linear_interpolation,2023-05-02,2023,10.5305,False,2023_segment_1,10.1005,,ok,
Reconstruction_Analysis_Contract_v1.0.1,2023,linear_interpolation,2023-05-03,2023,9.7523999999999997,True,2023_segment_1,9.7523999999999997,,ok,
Reconstruction_Analysis_Contract_v1.0.1,2023,linear_interpolation,2023-05-04,2023,7.5717400000000001,False,2023_segment_1,9.0907466666666661,,ok,
Reconstruction_Analysis_Contract_v1.0.1,2023,linear_interpolation,2023-05-05,2023,6.2810499999999996,False,2023_segment_1,8.4290933333333324,,ok,
Reconstruction_Analysis_Contract_v1.0.1,2023,linear_interpolation,2023-05-06,2023,7.7674399999999997,True,2023_segment_1,7.7674399999999997,,ok,
Reconstruction_Analysis_Contract_v1.0.1,2023,linear_interpolation,2023-05-07,2023,4.9018300000000004,False,2023_segment_1,5.7708300000000001,,ok,
Reconstruction_Analysis_Contract_v1.0.1,2023,linear_interpolation,2023-05-08,2023,3.7742200000000001,True,2023_segment_1,3.7742200000000001,,ok,
Reconstruction_Analysis_Contract_v1.0.1,2023,linear_interpolation,2023-05-09,2023,3.9460000000000002,False,2023_segment_1,4.4201466666666667,,ok,
Reconstruction_Analysis_Contract_v1.0.1,2023,linear_interpolation,2023-05-10,2023,5.1168699999999996,False,2023_segment_1,5.0660733333333337,,ok,
Reconstruction_Analysis_Contract_v1.0.1,2023,linear_interpolation,2023-05-11,2023,5.7119999999999997,True,2023_segment_1,5.7119999999999997,,ok,
Reconstruction_Analysis_Contract_v1.0.1,2023,linear_interpolation,2023-05-12,2023,4.9034000000000004,False,2023_segment_1,5.0230699999999997,,ok,
Reconstruction_Analysis_Contract_v1.0.1,2023,linear_interpolation,2023-05-13,2023,4.3341399999999997,True,2023_segment_1,4.3341399999999997,,ok,
Reconstruction_Analysis_Contract_v1.0.1,2023,linear_interpolation,2023-05-14,2023,4.6705199999999998,False,2023_segment_1,4.2322340000000001,,ok,
Reconstruction_Analysis_Contract_v1.0.1,2023,linear_interpolation,2023-05-15,2023,4.2370999999999999,False,2023_segment_1,4.1303279999999996,,ok,
Reconstruction_Analysis_Contract_v1.0.1,2023,linear_interpolation,2023-05-16,2023,4.1673200000000001,False,2023_segment_1,4.0284219999999999,,ok,
Reconstruction_Analysis_Contract_v1.0.1,2023,linear_interpolation,2023-05-17,2023,3.9114300000000002,False,2023_segment_1,3.9265159999999999,,ok,
Reconstruction_Analysis_Contract_v1.0.1,2023,linear_interpolation,2023-05-18,2023,3.8246099999999998,True,2023_segment_1,3.8246099999999998,,ok,
Reconstruction_Analysis_Contract_v1.0.1,2023,linear_interpolation,2023-05-19,2023,3.5321699999999998,False,2023_segment_1,3.5032266666666665,,ok,
Reconstruction_Analysis_Contract_v1.0.1,2023,linear_interpolation,2023-05-20,2023,3.1300599999999998,False,2023_segment_1,3.1818433333333331,,ok,
Reconstruction_Analysis_Contract_v1.0.1,2023,linear_interpolation,2023-05-21,2023,2.8604599999999998,True,2023_segment_1,2.8604599999999998,,ok,
Reconstruction_Analysis_Contract_v1.0.1,2023,linear_interpolation,2023-05-22,2023,3.05694,False,2023_segment_1,2.8726599999999998,,ok,
Reconstruction_Analysis_Contract_v1.0.1,2023,linear_interpolation,2023-05-23,2023,2.8848600000000002,True,2023_segment_1,2.8848600000000002,,ok,
Reconstruction_Analysis_Contract_v1.0.1,2023,linear_interpolation,2023-05-24,2023,2.8411300000000002,False,2023_segment_1,2.8411333333333335,,ok,
Reconstruction_Analysis_Contract_v1.0.1,2023,linear_interpolation,2023-05-25,2023,2.7974100000000002,False,2023_segment_1,2.7974066666666668,,ok,
Reconstruction_Analysis_Contract_v1.0.1,2023,linear_interpolation,2023-05-26,2023,2.7536800000000001,True,2023_segment_1,2.7536800000000001,,ok,
Reconstruction_Analysis_Contract_v1.0.1,2023,linear_interpolation,2023-05-27,2023,2.7099500000000001,False,2023_segment_1,2.653822857142857,,ok,
Reconstruction_Analysis_Contract_v1.0.1,2023,linear_interpolation,2023-05-28,2023,2.66622,False,2023_segment_1,2.5539657142857144,,ok,
Reconstruction_Analysis_Contract_v1.0.1,2023,linear_interpolation,2023-05-29,2023,2.6225000000000001,False,2023_segment_1,2.4541085714285713,,ok,
Reconstruction_Analysis_Contract_v1.0.1,2023,linear_interpolation,2023-05-30,2023,2.57877,False,2023_segment_1,2.3542514285714287,,ok,
Reconstruction_Analysis_Contract_v1.0.1,2023,linear_interpolation,2023-05-31,2023,3.0969099999999998,False,2023_segment_1,2.2543942857142856,,ok,
Reconstruction_Analysis_Contract_v1.0.1,2023,linear_interpolation,2023-06-01,2023,2.74553,False,2023_segment_1,2.1545371428571429,,ok,
Reconstruction_Analysis_Contract_v1.0.1,2023,linear_interpolation,2023-06-02,2023,2.0546799999999998,True,2023_segment_1,2.0546799999999998,,ok,
Reconstruction_Analysis_Contract_v1.0.1,2023,linear_interpolation,2023-06-03,2023,2.3107700000000002,False,2023_segment_1,2.0606333333333331,,ok,
Reconstruction_Analysis_Contract_v1.0.1,2023,linear_interpolation,2023-06-04,2023,1.8105,False,2023_segment_1,2.0665866666666668,,ok,
Reconstruction_Analysis_Contract_v1.0.1,2023,linear_interpolation,2023-06-05,2023,2.07254,True,2023_segment_1,2.07254,,ok,
Reconstruction_Analysis_Contract_v1.0.1,2023,linear_interpolation,2023-06-06,2023,2.3226800000000001,False,2023_segment_1,1.7076250000000002,,ok,
Reconstruction_Analysis_Contract_v1.0.1,2023,linear_interpolation,2023-06-07,2023,1.3427100000000001,True,2023_segment_1,1.3427100000000001,,ok,
Reconstruction_Analysis_Contract_v1.0.1,2023,linear_interpolation,2023-06-08,2023,1.17639,False,2023_segment_1,1.3427100000000001,,ok,
Reconstruction_Analysis_Contract_v1.0.1,2023,linear_interpolation,2023-06-09,2023,1.3143100000000001,False,2023_segment_1,1.3427100000000001,,ok,
Reconstruction_Analysis_Contract_v1.0.1,2023,linear_interpolation,2023-06-10,2023,1.3427100000000001,True,2023_segment_1,1.3427100000000001,,ok,
Reconstruction_Analysis_Contract_v1.0.1,2023,linear_interpolation,2023-06-11,2023,1.2534700000000001,False,2023_segment_1,1.1236575,,ok,
Reconstruction_Analysis_Contract_v1.0.1,2023,linear_interpolation,2023-06-12,2023,0.90460499999999999,True,2023_segment_1,0.90460499999999999,,ok,
Reconstruction_Analysis_Contract_v1.0.1,2023,linear_interpolation,2023-06-13,2023,0.93069000000000002,False,2023_segment_1,0.9839723076923077,,ok,
Reconstruction_Analysis_Contract_v1.0.1,2023,linear_interpolation,2023-06-14,2023,0.69228699999999999,False,2023_segment_1,1.0633396153846153,,ok,
Reconstruction_Analysis_Contract_v1.0.1,2023,linear_interpolation,2023-06-15,2023,0.802319,False,2023_segment_1,1.1427069230769231,,ok,
Reconstruction_Analysis_Contract_v1.0.1,2023,linear_interpolation,2023-06-16,2023,0.802319,False,2023_segment_1,1.2220742307692307,,ok,
Reconstruction_Analysis_Contract_v1.0.1,2023,linear_interpolation,2023-06-17,2023,0.73354900000000001,False,2023_segment_1,1.3014415384615385,,ok,
Reconstruction_Analysis_Contract_v1.0.1,2023,linear_interpolation,2023-06-18,2023,0.63268599999999997,False,2023_segment_1,1.3808088461538461,,ok,
Reconstruction_Analysis_Contract_v1.0.1,2023,linear_interpolation,2023-06-19,2023,0.86192000000000002,False,2023_segment_1,1.460176153846154,,ok,
Reconstruction_Analysis_Contract_v1.0.1,2023,linear_interpolation,2023-06-20,2023,1.2222,False,2023_segment_1,1.5395434615384616,,ok,
Reconstruction_Analysis_Contract_v1.0.1,2023,linear_interpolation,2023-06-21,2023,1.4798899999999999,False,2023_segment_1,1.6189107692307692,,ok,
Reconstruction_Analysis_Contract_v1.0.1,2023,linear_interpolation,2023-06-22,2023,2.1130800000000001,False,2023_segment_1,1.698278076923077,,ok,
Reconstruction_Analysis_Contract_v1.0.1,2023,linear_interpolation,2023-06-23,2023,1.84066,False,2023_segment_1,1.7776453846153846,,ok,
Reconstruction_Analysis_Contract_v1.0.1,2023,linear_interpolation,2023-06-24,2023,2.1793399999999998,False,2023_segment_1,1.8570126923076924,,ok,
Reconstruction_Analysis_Contract_v1.0.1,2023,linear_interpolation,2023-06-25,2023,1.93638,True,2023_segment_1,1.93638,,ok,
Reconstruction_Analysis_Contract_v1.0.1,2023,linear_interpolation,2023-06-26,2023,1.6786799999999999,False,2023_segment_1,2.3043300000000002,,ok,
Reconstruction_Analysis_Contract_v1.0.1,2023,linear_interpolation,2023-06-27,2023,2.6722800000000002,True,2023_segment_1,2.6722800000000002,,ok,
Reconstruction_Analysis_Contract_v1.0.1,2023,linear_interpolation,2023-06-28,2023,2.4580500000000001,False,2023_segment_1,3.0219591304347828,,ok,
Reconstruction_Analysis_Contract_v1.0.1,2023,linear_interpolation,2023-06-29,2023,2.32274,False,2023_segment_1,3.3716382608695654,,ok,
Reconstruction_Analysis_Contract_v1.0.1,2023,linear_interpolation,2023-06-30,2023,2.1310600000000002,False,2023_segment_1,3.721317391304348,,ok,
Reconstruction_Analysis_Contract_v1.0.1,2023,linear_interpolation,2023-07-01,2023,2.4467699999999999,False,2023_segment_1,4.0709965217391311,,ok,
Reconstruction_Analysis_Contract_v1.0.1,2023,linear_interpolation,2023-07-02,2023,3.3488099999999998,False,2023_segment_1,4.4206756521739132,,ok,
Reconstruction_Analysis_Contract_v1.0.1,2023,linear_interpolation,2023-07-03,2023,2.8639600000000001,False,2023_segment_1,4.7703547826086954,,ok,
Reconstruction_Analysis_Contract_v1.0.1,2023,linear_interpolation,2023-07-04,2023,2.9922300000000002,False,2023_segment_1,5.1200339130434784,,ok,
Reconstruction_Analysis_Contract_v1.0.1,2023,linear_interpolation,2023-07-05,2023,2.9134899999999999,False,2023_segment_1,5.4697130434782615,,ok,
Reconstruction_Analysis_Contract_v1.0.1,2023,linear_interpolation,2023-07-06,2023,2.6969400000000001,False,2023_segment_1,5.8193921739130436,,ok,
Reconstruction_Analysis_Contract_v1.0.1,2023,linear_interpolation,2023-07-07,2023,2.67726,False,2023_segment_1,6.1690713043478258,,ok,
Reconstruction_Analysis_Contract_v1.0.1,2023,linear_interpolation,2023-07-08,2023,2.7559999999999998,False,2023_segment_1,6.5187504347826088,,ok,
Reconstruction_Analysis_Contract_v1.0.1,2023,linear_interpolation,2023-07-09,2023,2.6575700000000002,False,2023_segment_1,6.8684295652173919,,ok,
Reconstruction_Analysis_Contract_v1.0.1,2023,linear_interpolation,2023-07-10,2023,1.85046,False,2023_segment_1,7.2181086956521741,,ok,
Reconstruction_Analysis_Contract_v1.0.1,2023,linear_interpolation,2023-07-11,2023,2.6868599999999998,False,2023_segment_1,7.5677878260869562,,ok,
Reconstruction_Analysis_Contract_v1.0.1,2023,linear_interpolation,2023-07-12,2023,2.57491,False,2023_segment_1,7.9174669565217393,,ok,
Reconstruction_Analysis_Contract_v1.0.1,2023,linear_interpolation,2023-07-13,2023,2.7490600000000001,False,2023_segment_1,8.2671460869565223,,ok,
Reconstruction_Analysis_Contract_v1.0.1,2023,linear_interpolation,2023-07-14,2023,3.1346699999999998,False,2023_segment_1,8.6168252173913054,,ok,
Reconstruction_Analysis_Contract_v1.0.1,2023,linear_interpolation,2023-07-15,2023,2.8610099999999998,False,2023_segment_1,8.9665043478260866,,ok,
Reconstruction_Analysis_Contract_v1.0.1,2023,linear_interpolation,2023-07-16,2023,2.79881,False,2023_segment_1,9.3161834782608697,,ok,
Reconstruction_Analysis_Contract_v1.0.1,2023,linear_interpolation,2023-07-17,2023,3.22174,False,2023_segment_1,9.6658626086956527,,ok,
Reconstruction_Analysis_Contract_v1.0.1,2023,linear_interpolation,2023-07-18,2023,10.3347,False,2023_segment_1,10.015541739130434,,ok,
Reconstruction_Analysis_Contract_v1.0.1,2023,linear_interpolation,2023-07-19,2023,9.5397200000000009,False,2023_segment_1,10.365220869565217,,ok,
Reconstruction_Analysis_Contract_v1.0.1,2023,linear_interpolation,2023-07-20,2023,10.7149,True,2023_segment_1,10.7149,,ok,
Reconstruction_Analysis_Contract_v1.0.1,2023,linear_interpolation,2023-07-21,2023,11.6136,False,2023_segment_1,10.549414000000001,,ok,
Reconstruction_Analysis_Contract_v1.0.1,2023,linear_interpolation,2023-07-22,2023,10.369300000000001,False,2023_segment_1,10.383927999999999,,ok,
Reconstruction_Analysis_Contract_v1.0.1,2023,linear_interpolation,2023-07-23,2023,10.9223,False,2023_segment_1,10.218442,,ok,
Reconstruction_Analysis_Contract_v1.0.1,2023,linear_interpolation,2023-07-24,2023,10.4038,False,2023_segment_1,10.052956,,ok,
Reconstruction_Analysis_Contract_v1.0.1,2023,linear_interpolation,2023-07-25,2023,10.4038,False,2023_segment_1,9.8874700000000004,,ok,
Reconstruction_Analysis_Contract_v1.0.1,2023,linear_interpolation,2023-07-26,2023,12.4777,False,2023_segment_1,9.7219839999999991,,ok,
Reconstruction_Analysis_Contract_v1.0.1,2023,linear_interpolation,2023-07-27,2023,11.648099999999999,False,2023_segment_1,9.5564979999999995,,ok,
Reconstruction_Analysis_Contract_v1.0.1,2023,linear_interpolation,2023-07-28,2023,11.5444,False,2023_segment_1,9.3910119999999999,,ok,
Reconstruction_Analysis_Contract_v1.0.1,2023,linear_interpolation,2023-07-29,2023,14.758900000000001,False,2023_segment_1,9.2255260000000003,,ok,
Reconstruction_Analysis_Contract_v1.0.1,2023,linear_interpolation,2023-07-30,2023,14.5861,False,2023_segment_1,9.060039999999999,,ok,
Reconstruction_Analysis_Contract_v1.0.1,2023,linear_interpolation,2023-07-31,2023,15.726699999999999,False,2023_segment_1,8.8945539999999994,,ok,
Reconstruction_Analysis_Contract_v1.0.1,2023,linear_interpolation,2023-08-01,2023,10.318,False,2023_segment_1,8.7290679999999998,,ok,
Reconstruction_Analysis_Contract_v1.0.1,2023,linear_interpolation,2023-08-02,2023,8.5227400000000006,False,2023_segment_1,8.5635820000000002,,ok,
Reconstruction_Analysis_Contract_v1.0.1,2023,linear_interpolation,2023-08-03,2023,9.6470199999999995,False,2023_segment_1,8.3980959999999989,,ok,
Reconstruction_Analysis_Contract_v1.0.1,2023,linear_interpolation,2023-08-04,2023,8.2326099999999993,True,2023_segment_1,8.2326099999999993,,ok,
Reconstruction_Analysis_Contract_v1.0.1,2023,linear_interpolation,2023-08-05,2023,9.3024799999999992,False,2023_segment_1,8.1591647999999992,,ok,
Reconstruction_Analysis_Contract_v1.0.1,2023,linear_interpolation,2023-08-06,2023,8.3051399999999997,False,2023_segment_1,8.0857195999999991,,ok,
Reconstruction_Analysis_Contract_v1.0.1,2023,linear_interpolation,2023-08-07,2023,8.3051399999999997,False,2023_segment_1,8.012274399999999,,ok,
Reconstruction_Analysis_Contract_v1.0.1,2023,linear_interpolation,2023-08-08,2023,5.8472099999999996,False,2023_segment_1,7.9388291999999998,,ok,
Reconstruction_Analysis_Contract_v1.0.1,2023,linear_interpolation,2023-08-09,2023,4.7907000000000002,False,2023_segment_1,7.8653839999999997,,ok,
Reconstruction_Analysis_Contract_v1.0.1,2023,linear_interpolation,2023-08-10,2023,7.3408899999999999,False,2023_segment_1,7.7919387999999996,,ok,
Reconstruction_Analysis_Contract_v1.0.1,2023,linear_interpolation,2023-08-11,2023,9.4903300000000002,False,2023_segment_1,7.7184935999999995,,ok,
Reconstruction_Analysis_Contract_v1.0.1,2023,linear_interpolation,2023-08-12,2023,6.5667299999999997,False,2023_segment_1,7.6450483999999994,,ok,
Reconstruction_Analysis_Contract_v1.0.1,2023,linear_interpolation,2023-08-13,2023,7.0221200000000001,False,2023_segment_1,7.5716031999999993,,ok,
Reconstruction_Analysis_Contract_v1.0.1,2023,linear_interpolation,2023-08-14,2023,4.9819699999999996,False,2023_segment_1,7.4981580000000001,,ok,
Reconstruction_Analysis_Contract_v1.0.1,2023,linear_interpolation,2023-08-15,2023,6.6865500000000004,False,2023_segment_1,7.4247128,,ok,
Reconstruction_Analysis_Contract_v1.0.1,2023,linear_interpolation,2023-08-16,2023,9.0494699999999995,False,2023_segment_1,7.3512675999999999,,ok,
Reconstruction_Analysis_Contract_v1.0.1,2023,linear_interpolation,2023-08-17,2023,7.7758399999999996,False,2023_segment_1,7.2778223999999998,,ok,
Reconstruction_Analysis_Contract_v1.0.1,2023,linear_interpolation,2023-08-18,2023,8.2283100000000005,False,2023_segment_1,7.2043771999999997,,ok,
Reconstruction_Analysis_Contract_v1.0.1,2023,linear_interpolation,2023-08-19,2023,7.5579799999999997,False,2023_segment_1,7.1309319999999996,,ok,
Reconstruction_Analysis_Contract_v1.0.1,2023,linear_interpolation,2023-08-20,2023,6.1335300000000004,False,2023_segment_1,7.0574867999999995,,ok,
Reconstruction_Analysis_Contract_v1.0.1,2023,linear_interpolation,2023-08-21,2023,7.2563300000000002,False,2023_segment_1,6.9840416000000003,,ok,
Reconstruction_Analysis_Contract_v1.0.1,2023,linear_interpolation,2023-08-22,2023,4.32036,False,2023_segment_1,6.9105964000000002,,ok,
Reconstruction_Analysis_Contract_v1.0.1,2023,linear_interpolation,2023-08-23,2023,7.5244499999999999,False,2023_segment_1,6.8371512000000001,,ok,
Reconstruction_Analysis_Contract_v1.0.1,2023,linear_interpolation,2023-08-24,2023,4.5890899999999997,False,2023_segment_1,6.763706,,ok,
Reconstruction_Analysis_Contract_v1.0.1,2023,linear_interpolation,2023-08-25,2023,4.8784900000000002,False,2023_segment_1,6.6902607999999999,,ok,
Reconstruction_Analysis_Contract_v1.0.1,2023,linear_interpolation,2023-08-26,2023,4.4547299999999996,False,2023_segment_1,6.6168155999999998,,ok,
Reconstruction_Analysis_Contract_v1.0.1,2023,linear_interpolation,2023-08-27,2023,3.8242400000000001,False,2023_segment_1,6.5433704000000006,,ok,
Reconstruction_Analysis_Contract_v1.0.1,2023,linear_interpolation,2023-08-28,2023,4.0102900000000004,False,2023_segment_1,6.4699252000000005,,ok,
Reconstruction_Analysis_Contract_v1.0.1,2023,linear_interpolation,2023-08-29,2023,6.3964800000000004,True,2023_segment_1,6.3964800000000004,,ok,
Reconstruction_Analysis_Contract_v1.0.1,2023,linear_interpolation,2023-08-30,2023,7.9263899999999996,False,2023_segment_1,6.4984742857142859,,ok,
Reconstruction_Analysis_Contract_v1.0.1,2023,linear_interpolation,2023-08-31,2023,7.4747000000000003,False,2023_segment_1,6.6004685714285714,,ok,
Reconstruction_Analysis_Contract_v1.0.1,2023,linear_interpolation,2023-09-01,2023,10.2285,False,2023_segment_1,6.7024628571428568,,ok,
Reconstruction_Analysis_Contract_v1.0.1,2023,linear_interpolation,2023-09-02,2023,8.8589099999999998,False,2023_segment_1,6.8044571428571432,,ok,
Reconstruction_Analysis_Contract_v1.0.1,2023,linear_interpolation,2023-09-03,2023,7.0521599999999998,False,2023_segment_1,6.9064514285714287,,ok,
Reconstruction_Analysis_Contract_v1.0.1,2023,linear_interpolation,2023-09-04,2023,7.8243999999999998,False,2023_segment_1,7.0084457142857142,,ok,
Reconstruction_Analysis_Contract_v1.0.1,2023,linear_interpolation,2023-09-05,2023,7.1104399999999996,True,2023_segment_1,7.1104399999999996,,ok,
Reconstruction_Analysis_Contract_v1.0.1,2023,linear_interpolation,2023-09-06,2023,6.0750900000000003,False,2023_segment_1,7.1099888,,ok,
Reconstruction_Analysis_Contract_v1.0.1,2023,linear_interpolation,2023-09-07,2023,5.6594300000000004,False,2023_segment_1,7.1095375999999995,,ok,
Reconstruction_Analysis_Contract_v1.0.1,2023,linear_interpolation,2023-09-08,2023,5.5421899999999997,False,2023_segment_1,7.1090863999999998,,ok,
Reconstruction_Analysis_Contract_v1.0.1,2023,linear_interpolation,2023-09-09,2023,6.3415400000000002,False,2023_segment_1,7.1086352000000002,,ok,
Reconstruction_Analysis_Contract_v1.0.1,2023,linear_interpolation,2023-09-10,2023,5.5635000000000003,False,2023_segment_1,7.1081839999999996,,ok,
Reconstruction_Analysis_Contract_v1.0.1,2023,linear_interpolation,2023-09-11,2023,5.7558600000000002,False,2023_segment_1,7.1077328,,ok,
Reconstruction_Analysis_Contract_v1.0.1,2023,linear_interpolation,2023-09-12,2023,4.7866600000000004,False,2023_segment_1,7.1072815999999994,,ok,
Reconstruction_Analysis_Contract_v1.0.1,2023,linear_interpolation,2023-09-13,2023,6.7745100000000003,False,2023_segment_1,7.1068303999999998,,ok,
Reconstruction_Analysis_Contract_v1.0.1,2023,linear_interpolation,2023-09-14,2023,4.77677,False,2023_segment_1,7.1063792000000001,,ok,
Reconstruction_Analysis_Contract_v1.0.1,2023,linear_interpolation,2023-09-15,2023,6.6459400000000004,False,2023_segment_1,7.1059279999999996,,ok,
Reconstruction_Analysis_Contract_v1.0.1,2023,linear_interpolation,2023-09-16,2023,8.1393000000000004,False,2023_segment_1,7.1054767999999999,,ok,
Reconstruction_Analysis_Contract_v1.0.1,2023,linear_interpolation,2023-09-17,2023,6.9030800000000001,False,2023_segment_1,7.1050256000000003,,ok,
Reconstruction_Analysis_Contract_v1.0.1,2023,linear_interpolation,2023-09-18,2023,7.1602100000000002,False,2023_segment_1,7.1045743999999997,,ok,
Reconstruction_Analysis_Contract_v1.0.1,2023,linear_interpolation,2023-09-19,2023,5.7700800000000001,False,2023_segment_1,7.1041232000000001,,ok,
Reconstruction_Analysis_Contract_v1.0.1,2023,linear_interpolation,2023-09-20,2023,5.4398099999999996,False,2023_segment_1,7.1036720000000004,,ok,
Reconstruction_Analysis_Contract_v1.0.1,2023,linear_interpolation,2023-09-21,2023,6.1877800000000001,False,2023_segment_1,7.1032207999999999,,ok,
Reconstruction_Analysis_Contract_v1.0.1,2023,linear_interpolation,2023-09-22,2023,6.0517799999999999,False,2023_segment_1,7.1027696000000002,,ok,
Reconstruction_Analysis_Contract_v1.0.1,2023,linear_interpolation,2023-09-23,2023,5.2941000000000003,False,2023_segment_1,7.1023184000000006,,ok,
Reconstruction_Analysis_Contract_v1.0.1,2023,linear_interpolation,2023-09-24,2023,5.4883800000000003,False,2023_segment_1,7.1018672,,ok,
Reconstruction_Analysis_Contract_v1.0.1,2023,linear_interpolation,2023-09-25,2023,5.5855199999999998,False,2023_segment_1,7.1014160000000004,,ok,
Reconstruction_Analysis_Contract_v1.0.1,2023,linear_interpolation,2023-09-26,2023,5.2053799999999999,False,2023_segment_1,7.1009647999999999,,ok,
Reconstruction_Analysis_Contract_v1.0.1,2023,linear_interpolation,2023-09-27,2023,6.5522900000000002,False,2023_segment_1,7.1005136000000002,,ok,
Reconstruction_Analysis_Contract_v1.0.1,2023,linear_interpolation,2023-09-28,2023,8.8916699999999995,False,2023_segment_1,7.1000624000000006,,ok,
Reconstruction_Analysis_Contract_v1.0.1,2023,linear_interpolation,2023-09-29,2023,5.5699500000000004,False,2023_segment_1,7.0996112,,ok,
Reconstruction_Analysis_Contract_v1.0.1,2023,linear_interpolation,2023-09-30,2023,7.0991600000000004,True,2023_segment_1,7.0991600000000004,,ok,
Reconstruction_Analysis_Contract_v1.0.1,2023,linear_interpolation,2023-10-01,2023,6.30924,False,2023_segment_1,6.53456875,,ok,
Reconstruction_Analysis_Contract_v1.0.1,2023,linear_interpolation,2023-10-02,2023,5.46868,False,2023_segment_1,5.9699775000000006,,ok,
Reconstruction_Analysis_Contract_v1.0.1,2023,linear_interpolation,2023-10-03,2023,4.3445600000000004,False,2023_segment_1,5.4053862500000003,,ok,
Reconstruction_Analysis_Contract_v1.0.1,2023,linear_interpolation,2023-10-04,2023,3.4837500000000001,False,2023_segment_1,4.840795,,ok,
Reconstruction_Analysis_Contract_v1.0.1,2023,linear_interpolation,2023-10-05,2023,3.0786699999999998,False,2023_segment_1,4.2762037499999996,,ok,
Reconstruction_Analysis_Contract_v1.0.1,2023,linear_interpolation,2023-10-06,2023,2.6938300000000002,False,2023_segment_1,3.7116124999999998,,ok,
Reconstruction_Analysis_Contract_v1.0.1,2023,linear_interpolation,2023-10-07,2023,2.7242099999999998,False,2023_segment_1,3.1470212499999999,,ok,
Reconstruction_Analysis_Contract_v1.0.1,2023,linear_interpolation,2023-10-08,2023,2.58243,True,2023_segment_1,2.58243,,ok,
Reconstruction_Analysis_Contract_v1.0.1,2023,linear_interpolation,2023-10-09,2023,2.6634500000000001,False,2023_segment_1,2.6086770000000001,,ok,
Reconstruction_Analysis_Contract_v1.0.1,2023,linear_interpolation,2023-10-10,2023,2.7789299999999999,False,2023_segment_1,2.6349239999999998,,ok,
Reconstruction_Analysis_Contract_v1.0.1,2023,linear_interpolation,2023-10-11,2023,2.3583799999999999,False,2023_segment_1,2.661171,,ok,
Reconstruction_Analysis_Contract_v1.0.1,2023,linear_interpolation,2023-10-12,2023,1.9873099999999999,False,2023_segment_1,2.6874180000000001,,ok,
Reconstruction_Analysis_Contract_v1.0.1,2023,linear_interpolation,2023-10-13,2023,2.3913600000000002,False,2023_segment_1,2.7136650000000002,,ok,
Reconstruction_Analysis_Contract_v1.0.1,2023,linear_interpolation,2023-10-14,2023,2.2676699999999999,False,2023_segment_1,2.7399119999999999,,ok,
Reconstruction_Analysis_Contract_v1.0.1,2023,linear_interpolation,2023-10-15,2023,2.28417,False,2023_segment_1,2.766159,,ok,
Reconstruction_Analysis_Contract_v1.0.1,2023,linear_interpolation,2023-10-16,2023,2.3418899999999998,False,2023_segment_1,2.7924060000000002,,ok,
Reconstruction_Analysis_Contract_v1.0.1,2023,linear_interpolation,2023-10-17,2023,2.6964700000000001,False,2023_segment_1,2.8186529999999999,,ok,
Reconstruction_Analysis_Contract_v1.0.1,2023,linear_interpolation,2023-10-18,2023,2.8449,True,2023_segment_1,2.8449,,ok,
Reconstruction_Analysis_Contract_v1.0.1,2023,linear_interpolation,2023-10-19,2023,2.6717300000000002,False,2023_segment_1,2.8002274047619049,,ok,
Reconstruction_Analysis_Contract_v1.0.1,2023,linear_interpolation,2023-10-20,2023,2.67998,False,2023_segment_1,2.7555548095238094,,ok,
Reconstruction_Analysis_Contract_v1.0.1,2023,linear_interpolation,2023-10-21,2023,2.7459500000000001,False,2023_segment_1,2.7108822142857143,,ok,
Reconstruction_Analysis_Contract_v1.0.1,2023,linear_interpolation,2023-10-22,2023,2.96034,False,2023_segment_1,2.6662096190476192,,ok,
Reconstruction_Analysis_Contract_v1.0.1,2023,linear_interpolation,2023-10-23,2023,2.8036699999999999,False,2023_segment_1,2.6215370238095237,,ok,
Reconstruction_Analysis_Contract_v1.0.1,2023,linear_interpolation,2023-10-24,2023,2.57985,False,2023_segment_1,2.5768644285714286,,ok,
Reconstruction_Analysis_Contract_v1.0.1,2023,linear_interpolation,2023-10-25,2023,2.5552800000000002,False,2023_segment_1,2.5321918333333331,,ok,
Reconstruction_Analysis_Contract_v1.0.1,2023,linear_interpolation,2023-10-26,2023,2.6044200000000002,False,2023_segment_1,2.487519238095238,,ok,
Reconstruction_Analysis_Contract_v1.0.1,2023,linear_interpolation,2023-10-27,2023,2.85012,False,2023_segment_1,2.4428466428571429,,ok,
Reconstruction_Analysis_Contract_v1.0.1,2023,linear_interpolation,2023-10-28,2023,2.4160499999999998,False,2023_segment_1,2.3981740476190474,,ok,
Reconstruction_Analysis_Contract_v1.0.1,2023,linear_interpolation,2023-10-29,2023,2.57985,False,2023_segment_1,2.3535014523809523,,ok,
Reconstruction_Analysis_Contract_v1.0.1,2023,linear_interpolation,2023-10-30,2023,2.8828800000000001,False,2023_segment_1,2.3088288571428572,,ok,
Reconstruction_Analysis_Contract_v1.0.1,2023,linear_interpolation,2023-10-31,2023,2.2113,False,2023_segment_1,2.2641562619047617,,ok,
Reconstruction_Analysis_Contract_v1.0.1,2023,linear_interpolation,2023-11-01,2023,2.0065499999999998,False,2023_segment_1,2.2194836666666666,,ok,
Reconstruction_Analysis_Contract_v1.0.1,2023,linear_interpolation,2023-11-02,2023,1.3185899999999999,False,2023_segment_1,2.1748110714285716,,ok,
Reconstruction_Analysis_Contract_v1.0.1,2023,linear_interpolation,2023-11-03,2023,1.3677299999999999,False,2023_segment_1,2.130138476190476,,ok,
Reconstruction_Analysis_Contract_v1.0.1,2023,linear_interpolation,2023-11-04,2023,1.28583,False,2023_segment_1,2.0854658809523809,,ok,
Reconstruction_Analysis_Contract_v1.0.1,2023,linear_interpolation,2023-11-05,2023,2.0229300000000001,False,2023_segment_1,2.0407932857142859,,ok,
Reconstruction_Analysis_Contract_v1.0.1,2023,linear_interpolation,2023-11-06,2023,1.4823900000000001,False,2023_segment_1,1.9961206904761903,,ok,
Reconstruction_Analysis_Contract_v1.0.1,2023,linear_interpolation,2023-11-07,2023,0.94184999999999997,False,2023_segment_1,1.9514480952380953,,ok,
Reconstruction_Analysis_Contract_v1.0.1,2023,linear_interpolation,2023-11-08,2023,1.3267800000000001,False,2023_segment_1,1.9067755,,ok,
Reconstruction_Analysis_Contract_v1.0.1,2023,linear_interpolation,2023-11-09,2023,0.89271,False,2023_segment_1,1.8621029047619047,,ok,
Reconstruction_Analysis_Contract_v1.0.1,2023,linear_interpolation,2023-11-10,2023,1.17117,False,2023_segment_1,1.8174303095238094,,ok,
Reconstruction_Analysis_Contract_v1.0.1,2023,linear_interpolation,2023-11-11,2023,0.86814000000000002,False,2023_segment_1,1.7727577142857143,,ok,
Reconstruction_Analysis_Contract_v1.0.1,2023,linear_interpolation,2023-11-12,2023,0.81899999999999995,False,2023_segment_1,1.728085119047619,,ok,
Reconstruction_Analysis_Contract_v1.0.1,2023,linear_interpolation,2023-11-13,2023,1.22031,False,2023_segment_1,1.6834125238095237,,ok,
Reconstruction_Analysis_Contract_v1.0.1,2023,linear_interpolation,2023-11-14,2023,1.5954699999999999,False,2023_segment_1,1.6387399285714286,,ok,
Reconstruction_Analysis_Contract_v1.0.1,2023,linear_interpolation,2023-11-15,2023,1.2763800000000001,False,2023_segment_1,1.5940673333333333,,ok,
Reconstruction_Analysis_Contract_v1.0.1,2023,linear_interpolation,2023-11-16,2023,1.45587,False,2023_segment_1,1.549394738095238,,ok,
Reconstruction_Analysis_Contract_v1.0.1,2023,linear_interpolation,2023-11-17,2023,1.5356399999999999,False,2023_segment_1,1.5047221428571427,,ok,
Reconstruction_Analysis_Contract_v1.0.1,2023,linear_interpolation,2023-11-18,2023,1.4259599999999999,False,2023_segment_1,1.4600495476190476,,ok,
Reconstruction_Analysis_Contract_v1.0.1,2023,linear_interpolation,2023-11-19,2023,1.10686,False,2023_segment_1,1.4153769523809523,,ok,
Reconstruction_Analysis_Contract_v1.0.1,2023,linear_interpolation,2023-11-20,2023,1.46584,False,2023_segment_1,1.370704357142857,,ok,
Reconstruction_Analysis_Contract_v1.0.1,2023,linear_interpolation,2023-11-21,2023,1.21655,False,2023_segment_1,1.3260317619047619,,ok,
Reconstruction_Analysis_Contract_v1.0.1,2023,linear_interpolation,2023-11-22,2023,1.69519,False,2023_segment_1,1.2813591666666666,,ok,
Reconstruction_Analysis_Contract_v1.0.1,2023,linear_interpolation,2023-11-23,2023,1.5954699999999999,False,2023_segment_1,1.2366865714285713,,ok,
Reconstruction_Analysis_Contract_v1.0.1,2023,linear_interpolation,2023-11-24,2023,1.89463,False,2023_segment_1,1.192013976190476,,ok,
Reconstruction_Analysis_Contract_v1.0.1,2023,linear_interpolation,2023-11-25,2023,1.0968899999999999,False,2023_segment_1,1.1473413809523809,,ok,
Reconstruction_Analysis_Contract_v1.0.1,2023,linear_interpolation,2023-11-26,2023,1.26641,False,2023_segment_1,1.1026687857142856,,ok,
Reconstruction_Analysis_Contract_v1.0.1,2023,linear_interpolation,2023-11-27,2023,1.0769500000000001,False,2023_segment_1,1.0579961904761903,,ok,
Reconstruction_Analysis_Contract_v1.0.1,2023,linear_interpolation,2023-11-28,2023,1.0234799999999999,False,2023_segment_1,1.0133235952380952,,ok,
Reconstruction_Analysis_Contract_v1.0.1,2023,linear_interpolation,2023-11-29,2023,0.96865100000000004,True,2023_segment_1,0.96865100000000004,,ok,
Reconstruction_Analysis_Contract_v1.0.1,2023,timesat_double_logistic,2023-04-21,2023,13.4612,True,2023_segment_1,16.022487640380859,,ok,
Reconstruction_Analysis_Contract_v1.0.1,2023,timesat_double_logistic,2023-04-22,2023,10.954800000000001,False,2023_segment_1,15.319276809692383,,ok,
Reconstruction_Analysis_Contract_v1.0.1,2023,timesat_double_logistic,2023-04-23,2023,15.9877,True,2023_segment_1,14.6192626953125,,ok,
Reconstruction_Analysis_Contract_v1.0.1,2023,timesat_double_logistic,2023-04-24,2023,15.9374,False,2023_segment_1,13.92512321472168,,ok,
Reconstruction_Analysis_Contract_v1.0.1,2023,timesat_double_logistic,2023-04-25,2023,11.004,False,2023_segment_1,13.239439010620117,,ok,
Reconstruction_Analysis_Contract_v1.0.1,2023,timesat_double_logistic,2023-04-26,2023,12.669499999999999,False,2023_segment_1,12.564661979675293,,ok,
Reconstruction_Analysis_Contract_v1.0.1,2023,timesat_double_logistic,2023-04-27,2023,11.8451,False,2023_segment_1,11.903080940246582,,ok,
Reconstruction_Analysis_Contract_v1.0.1,2023,timesat_double_logistic,2023-04-28,2023,11.492900000000001,True,2023_segment_1,11.256794929504395,,ok,
Reconstruction_Analysis_Contract_v1.0.1,2023,timesat_double_logistic,2023-04-29,2023,12.3505,False,2023_segment_1,10.627693176269531,,ok,
Reconstruction_Analysis_Contract_v1.0.1,2023,timesat_double_logistic,2023-04-30,2023,9.7901100000000003,False,2023_segment_1,10.017438888549805,,ok,
Reconstruction_Analysis_Contract_v1.0.1,2023,timesat_double_logistic,2023-05-01,2023,10.1381,False,2023_segment_1,9.4274578094482422,,ok,
Reconstruction_Analysis_Contract_v1.0.1,2023,timesat_double_logistic,2023-05-02,2023,10.5305,False,2023_segment_1,8.8589363098144531,,ok,
Reconstruction_Analysis_Contract_v1.0.1,2023,timesat_double_logistic,2023-05-03,2023,9.7523999999999997,True,2023_segment_1,8.3128223419189453,,ok,
Reconstruction_Analysis_Contract_v1.0.1,2023,timesat_double_logistic,2023-05-04,2023,7.5717400000000001,False,2023_segment_1,7.7898292541503906,,ok,
Reconstruction_Analysis_Contract_v1.0.1,2023,timesat_double_logistic,2023-05-05,2023,6.2810499999999996,False,2023_segment_1,7.2904462814331055,,ok,
Reconstruction_Analysis_Contract_v1.0.1,2023,timesat_double_logistic,2023-05-06,2023,7.7674399999999997,True,2023_segment_1,6.8149528503417969,,ok,
Reconstruction_Analysis_Contract_v1.0.1,2023,timesat_double_logistic,2023-05-07,2023,4.9018300000000004,False,2023_segment_1,6.3634343147277832,,ok,
Reconstruction_Analysis_Contract_v1.0.1,2023,timesat_double_logistic,2023-05-08,2023,3.7742200000000001,True,2023_segment_1,5.9357991218566895,,ok,
Reconstruction_Analysis_Contract_v1.0.1,2023,timesat_double_logistic,2023-05-09,2023,3.9460000000000002,False,2023_segment_1,5.5317988395690918,,ok,
Reconstruction_Analysis_Contract_v1.0.1,2023,timesat_double_logistic,2023-05-10,2023,5.1168699999999996,False,2023_segment_1,5.1510472297668457,,ok,
Reconstruction_Analysis_Contract_v1.0.1,2023,timesat_double_logistic,2023-05-11,2023,5.7119999999999997,True,2023_segment_1,4.7930407524108887,,ok,
Reconstruction_Analysis_Contract_v1.0.1,2023,timesat_double_logistic,2023-05-12,2023,4.9034000000000004,False,2023_segment_1,4.4571781158447266,,ok,
Reconstruction_Analysis_Contract_v1.0.1,2023,timesat_double_logistic,2023-05-13,2023,4.3341399999999997,True,2023_segment_1,4.1427788734436035,,ok,
Reconstruction_Analysis_Contract_v1.0.1,2023,timesat_double_logistic,2023-05-14,2023,4.6705199999999998,False,2023_segment_1,3.8490996360778809,,ok,
Reconstruction_Analysis_Contract_v1.0.1,2023,timesat_double_logistic,2023-05-15,2023,4.2370999999999999,False,2023_segment_1,3.5753533840179443,,ok,
Reconstruction_Analysis_Contract_v1.0.1,2023,timesat_double_logistic,2023-05-16,2023,4.1673200000000001,False,2023_segment_1,3.3207221031188965,,ok,
Reconstruction_Analysis_Contract_v1.0.1,2023,timesat_double_logistic,2023-05-17,2023,3.9114300000000002,False,2023_segment_1,3.0843710899353027,,ok,
Reconstruction_Analysis_Contract_v1.0.1,2023,timesat_double_logistic,2023-05-18,2023,3.8246099999999998,True,2023_segment_1,2.8654603958129883,,ok,
Reconstruction_Analysis_Contract_v1.0.1,2023,timesat_double_logistic,2023-05-19,2023,3.5321699999999998,False,2023_segment_1,2.6631565093994141,,ok,
Reconstruction_Analysis_Contract_v1.0.1,2023,timesat_double_logistic,2023-05-20,2023,3.1300599999999998,False,2023_segment_1,2.4766402244567871,,ok,
Reconstruction_Analysis_Contract_v1.0.1,2023,timesat_double_logistic,2023-05-21,2023,2.8604599999999998,True,2023_segment_1,2.3051152229309082,,ok,
Reconstruction_Analysis_Contract_v1.0.1,2023,timesat_double_logistic,2023-05-22,2023,3.05694,False,2023_segment_1,2.1478147506713867,,ok,
Reconstruction_Analysis_Contract_v1.0.1,2023,timesat_double_logistic,2023-05-23,2023,2.8848600000000002,True,2023_segment_1,2.0040063858032227,,ok,
Reconstruction_Analysis_Contract_v1.0.1,2023,timesat_double_logistic,2023-05-24,2023,2.8411300000000002,False,2023_segment_1,1.8729978799819946,,ok,
Reconstruction_Analysis_Contract_v1.0.1,2023,timesat_double_logistic,2023-05-25,2023,2.7974100000000002,False,2023_segment_1,1.7541396617889404,,ok,
Reconstruction_Analysis_Contract_v1.0.1,2023,timesat_double_logistic,2023-05-26,2023,2.7536800000000001,True,2023_segment_1,1.6468287706375122,,ok,
Reconstruction_Analysis_Contract_v1.0.1,2023,timesat_double_logistic,2023-05-27,2023,2.7099500000000001,False,2023_segment_1,1.5505106449127197,,ok,
Reconstruction_Analysis_Contract_v1.0.1,2023,timesat_double_logistic,2023-05-28,2023,2.66622,False,2023_segment_1,1.4646813869476318,,ok,
Reconstruction_Analysis_Contract_v1.0.1,2023,timesat_double_logistic,2023-05-29,2023,2.6225000000000001,False,2023_segment_1,1.3888891935348511,,ok,
Reconstruction_Analysis_Contract_v1.0.1,2023,timesat_double_logistic,2023-05-30,2023,2.57877,False,2023_segment_1,1.3227349519729614,,ok,
Reconstruction_Analysis_Contract_v1.0.1,2023,timesat_double_logistic,2023-05-31,2023,3.0969099999999998,False,2023_segment_1,1.2658733129501343,,ok,
Reconstruction_Analysis_Contract_v1.0.1,2023,timesat_double_logistic,2023-06-01,2023,2.74553,False,2023_segment_1,1.2180135250091553,,ok,
Reconstruction_Analysis_Contract_v1.0.1,2023,timesat_double_logistic,2023-06-02,2023,2.0546799999999998,True,2023_segment_1,1.1789188385009766,,ok,
Reconstruction_Analysis_Contract_v1.0.1,2023,timesat_double_logistic,2023-06-03,2023,2.3107700000000002,False,2023_segment_1,1.1484072208404541,,ok,
Reconstruction_Analysis_Contract_v1.0.1,2023,timesat_double_logistic,2023-06-04,2023,1.8105,False,2023_segment_1,1.1263506412506104,,ok,
Reconstruction_Analysis_Contract_v1.0.1,2023,timesat_double_logistic,2023-06-05,2023,2.07254,True,2023_segment_1,1.1126748323440552,,ok,
Reconstruction_Analysis_Contract_v1.0.1,2023,timesat_double_logistic,2023-06-06,2023,2.3226800000000001,False,2023_segment_1,1.1073585748672485,,ok,
Reconstruction_Analysis_Contract_v1.0.1,2023,timesat_double_logistic,2023-06-07,2023,1.3427100000000001,True,2023_segment_1,1.1104321479797363,,ok,
Reconstruction_Analysis_Contract_v1.0.1,2023,timesat_double_logistic,2023-06-08,2023,1.17639,False,2023_segment_1,1.1219757795333862,,ok,
Reconstruction_Analysis_Contract_v1.0.1,2023,timesat_double_logistic,2023-06-09,2023,1.3143100000000001,False,2023_segment_1,1.1421176195144653,,ok,
Reconstruction_Analysis_Contract_v1.0.1,2023,timesat_double_logistic,2023-06-10,2023,1.3427100000000001,True,2023_segment_1,1.1710306406021118,,ok,
Reconstruction_Analysis_Contract_v1.0.1,2023,timesat_double_logistic,2023-06-11,2023,1.2534700000000001,False,2023_segment_1,1.2089289426803589,,ok,
Reconstruction_Analysis_Contract_v1.0.1,2023,timesat_double_logistic,2023-06-12,2023,0.90460499999999999,True,2023_segment_1,1.2560632228851318,,ok,
Reconstruction_Analysis_Contract_v1.0.1,2023,timesat_double_logistic,2023-06-13,2023,0.93069000000000002,False,2023_segment_1,1.3127142190933228,,ok,
Reconstruction_Analysis_Contract_v1.0.1,2023,timesat_double_logistic,2023-06-14,2023,0.69228699999999999,False,2023_segment_1,1.3791863918304443,,ok,
Reconstruction_Analysis_Contract_v1.0.1,2023,timesat_double_logistic,2023-06-15,2023,0.802319,False,2023_segment_1,1.4557985067367554,,ok,
Reconstruction_Analysis_Contract_v1.0.1,2023,timesat_double_logistic,2023-06-16,2023,0.802319,False,2023_segment_1,1.5428738594055176,,ok,
Reconstruction_Analysis_Contract_v1.0.1,2023,timesat_double_logistic,2023-06-17,2023,0.73354900000000001,False,2023_segment_1,1.6407281160354614,,ok,
Reconstruction_Analysis_Contract_v1.0.1,2023,timesat_double_logistic,2023-06-18,2023,0.63268599999999997,False,2023_segment_1,1.7496558427810669,,ok,
Reconstruction_Analysis_Contract_v1.0.1,2023,timesat_double_logistic,2023-06-19,2023,0.86192000000000002,False,2023_segment_1,1.8699151277542114,,ok,
Reconstruction_Analysis_Contract_v1.0.1,2023,timesat_double_logistic,2023-06-20,2023,1.2222,False,2023_segment_1,2.0017111301422119,,ok,
Reconstruction_Analysis_Contract_v1.0.1,2023,timesat_double_logistic,2023-06-21,2023,1.4798899999999999,False,2023_segment_1,2.1451785564422607,,ok,
Reconstruction_Analysis_Contract_v1.0.1,2023,timesat_double_logistic,2023-06-22,2023,2.1130800000000001,False,2023_segment_1,2.3003630638122559,,ok,
Reconstruction_Analysis_Contract_v1.0.1,2023,timesat_double_logistic,2023-06-23,2023,1.84066,False,2023_segment_1,2.46720290184021,,ok,
Reconstruction_Analysis_Contract_v1.0.1,2023,timesat_double_logistic,2023-06-24,2023,2.1793399999999998,False,2023_segment_1,2.6455123424530029,,ok,
Reconstruction_Analysis_Contract_v1.0.1,2023,timesat_double_logistic,2023-06-25,2023,1.93638,True,2023_segment_1,2.8349654674530029,,ok,
Reconstruction_Analysis_Contract_v1.0.1,2023,timesat_double_logistic,2023-06-26,2023,1.6786799999999999,False,2023_segment_1,3.0350825786590576,,ok,
Reconstruction_Analysis_Contract_v1.0.1,2023,timesat_double_logistic,2023-06-27,2023,2.6722800000000002,True,2023_segment_1,3.2452232837677002,,ok,
Reconstruction_Analysis_Contract_v1.0.1,2023,timesat_double_logistic,2023-06-28,2023,2.4580500000000001,False,2023_segment_1,3.4645802974700928,,ok,
Reconstruction_Analysis_Contract_v1.0.1,2023,timesat_double_logistic,2023-06-29,2023,2.32274,False,2023_segment_1,3.6921820640563965,,ok,
Reconstruction_Analysis_Contract_v1.0.1,2023,timesat_double_logistic,2023-06-30,2023,2.1310600000000002,False,2023_segment_1,3.9269006252288818,,ok,
Reconstruction_Analysis_Contract_v1.0.1,2023,timesat_double_logistic,2023-07-01,2023,2.4467699999999999,False,2023_segment_1,4.1674652099609375,,ok,
Reconstruction_Analysis_Contract_v1.0.1,2023,timesat_double_logistic,2023-07-02,2023,3.3488099999999998,False,2023_segment_1,4.4124841690063477,,ok,
Reconstruction_Analysis_Contract_v1.0.1,2023,timesat_double_logistic,2023-07-03,2023,2.8639600000000001,False,2023_segment_1,4.6604700088500977,,ok,
Reconstruction_Analysis_Contract_v1.0.1,2023,timesat_double_logistic,2023-07-04,2023,2.9922300000000002,False,2023_segment_1,4.9098720550537109,,ok,
Reconstruction_Analysis_Contract_v1.0.1,2023,timesat_double_logistic,2023-07-05,2023,2.9134899999999999,False,2023_segment_1,5.1591100692749023,,ok,
Reconstruction_Analysis_Contract_v1.0.1,2023,timesat_double_logistic,2023-07-06,2023,2.6969400000000001,False,2023_segment_1,5.4066109657287598,,ok,
Reconstruction_Analysis_Contract_v1.0.1,2023,timesat_double_logistic,2023-07-07,2023,2.67726,False,2023_segment_1,5.6508450508117676,,ok,
Reconstruction_Analysis_Contract_v1.0.1,2023,timesat_double_logistic,2023-07-08,2023,2.7559999999999998,False,2023_segment_1,5.890357494354248,,ok,
Reconstruction_Analysis_Contract_v1.0.1,2023,timesat_double_logistic,2023-07-09,2023,2.6575700000000002,False,2023_segment_1,6.1238031387329102,,ok,
Reconstruction_Analysis_Contract_v1.0.1,2023,timesat_double_logistic,2023-07-10,2023,1.85046,False,2023_segment_1,6.3499665260314941,,ok,
Reconstruction_Analysis_Contract_v1.0.1,2023,timesat_double_logistic,2023-07-11,2023,2.6868599999999998,False,2023_segment_1,6.5677857398986816,,ok,
Reconstruction_Analysis_Contract_v1.0.1,2023,timesat_double_logistic,2023-07-12,2023,2.57491,False,2023_segment_1,6.776362419128418,,ok,
Reconstruction_Analysis_Contract_v1.0.1,2023,timesat_double_logistic,2023-07-13,2023,2.7490600000000001,False,2023_segment_1,6.9749698638916016,,ok,
Reconstruction_Analysis_Contract_v1.0.1,2023,timesat_double_logistic,2023-07-14,2023,3.1346699999999998,False,2023_segment_1,7.1630520820617676,,ok,
Reconstruction_Analysis_Contract_v1.0.1,2023,timesat_double_logistic,2023-07-15,2023,2.8610099999999998,False,2023_segment_1,7.3402199745178223,,ok,
Reconstruction_Analysis_Contract_v1.0.1,2023,timesat_double_logistic,2023-07-16,2023,2.79881,False,2023_segment_1,7.5062403678894043,,ok,
Reconstruction_Analysis_Contract_v1.0.1,2023,timesat_double_logistic,2023-07-17,2023,3.22174,False,2023_segment_1,7.6610240936279297,,ok,
Reconstruction_Analysis_Contract_v1.0.1,2023,timesat_double_logistic,2023-07-18,2023,10.3347,False,2023_segment_1,7.8046092987060547,,ok,
Reconstruction_Analysis_Contract_v1.0.1,2023,timesat_double_logistic,2023-07-19,2023,9.5397200000000009,False,2023_segment_1,7.9371452331542969,,ok,
Reconstruction_Analysis_Contract_v1.0.1,2023,timesat_double_logistic,2023-07-20,2023,10.7149,True,2023_segment_1,8.0588741302490234,,ok,
Reconstruction_Analysis_Contract_v1.0.1,2023,timesat_double_logistic,2023-07-21,2023,11.6136,False,2023_segment_1,8.1701145172119141,,ok,
Reconstruction_Analysis_Contract_v1.0.1,2023,timesat_double_logistic,2023-07-22,2023,10.369300000000001,False,2023_segment_1,8.2712411880493164,,ok,
Reconstruction_Analysis_Contract_v1.0.1,2023,timesat_double_logistic,2023-07-23,2023,10.9223,False,2023_segment_1,8.3626747131347656,,ok,
Reconstruction_Analysis_Contract_v1.0.1,2023,timesat_double_logistic,2023-07-24,2023,10.4038,False,2023_segment_1,8.4448652267456055,,ok,
Reconstruction_Analysis_Contract_v1.0.1,2023,timesat_double_logistic,2023-07-25,2023,10.4038,False,2023_segment_1,8.5182781219482422,,ok,
Reconstruction_Analysis_Contract_v1.0.1,2023,timesat_double_logistic,2023-07-26,2023,12.4777,False,2023_segment_1,8.5833873748779297,,ok,
Reconstruction_Analysis_Contract_v1.0.1,2023,timesat_double_logistic,2023-07-27,2023,11.648099999999999,False,2023_segment_1,8.6406641006469727,,ok,
Reconstruction_Analysis_Contract_v1.0.1,2023,timesat_double_logistic,2023-07-28,2023,11.5444,False,2023_segment_1,8.6905708312988281,,ok,
Reconstruction_Analysis_Contract_v1.0.1,2023,timesat_double_logistic,2023-07-29,2023,14.758900000000001,False,2023_segment_1,8.7335548400878906,,ok,
Reconstruction_Analysis_Contract_v1.0.1,2023,timesat_double_logistic,2023-07-30,2023,14.5861,False,2023_segment_1,8.7700443267822266,,ok,
Reconstruction_Analysis_Contract_v1.0.1,2023,timesat_double_logistic,2023-07-31,2023,15.726699999999999,False,2023_segment_1,8.800445556640625,,ok,
Reconstruction_Analysis_Contract_v1.0.1,2023,timesat_double_logistic,2023-08-01,2023,10.318,False,2023_segment_1,8.8251399993896484,,ok,
Reconstruction_Analysis_Contract_v1.0.1,2023,timesat_double_logistic,2023-08-02,2023,8.5227400000000006,False,2023_segment_1,8.8444833755493164,,ok,
Reconstruction_Analysis_Contract_v1.0.1,2023,timesat_double_logistic,2023-08-03,2023,9.6470199999999995,False,2023_segment_1,8.8588066101074219,,ok,
Reconstruction_Analysis_Contract_v1.0.1,2023,timesat_double_logistic,2023-08-04,2023,8.2326099999999993,True,2023_segment_1,8.8684120178222656,,ok,
Reconstruction_Analysis_Contract_v1.0.1,2023,timesat_double_logistic,2023-08-05,2023,9.3024799999999992,False,2023_segment_1,8.8735780715942383,,ok,
Reconstruction_Analysis_Contract_v1.0.1,2023,timesat_double_logistic,2023-08-06,2023,8.3051399999999997,False,2023_segment_1,8.8745565414428711,,ok,
Reconstruction_Analysis_Contract_v1.0.1,2023,timesat_double_logistic,2023-08-07,2023,8.3051399999999997,False,2023_segment_1,8.8715763092041016,,ok,
Reconstruction_Analysis_Contract_v1.0.1,2023,timesat_double_logistic,2023-08-08,2023,5.8472099999999996,False,2023_segment_1,8.8648433685302734,,ok,
Reconstruction_Analysis_Contract_v1.0.1,2023,timesat_double_logistic,2023-08-09,2023,4.7907000000000002,False,2023_segment_1,8.8545398712158203,,ok,
Reconstruction_Analysis_Contract_v1.0.1,2023,timesat_double_logistic,2023-08-10,2023,7.3408899999999999,False,2023_segment_1,8.8408308029174805,,ok,
Reconstruction_Analysis_Contract_v1.0.1,2023,timesat_double_logistic,2023-08-11,2023,9.4903300000000002,False,2023_segment_1,8.8238601684570312,,ok,
Reconstruction_Analysis_Contract_v1.0.1,2023,timesat_double_logistic,2023-08-12,2023,6.5667299999999997,False,2023_segment_1,8.8037557601928711,,ok,
Reconstruction_Analysis_Contract_v1.0.1,2023,timesat_double_logistic,2023-08-13,2023,7.0221200000000001,False,2023_segment_1,8.7806272506713867,,ok,
Reconstruction_Analysis_Contract_v1.0.1,2023,timesat_double_logistic,2023-08-14,2023,4.9819699999999996,False,2023_segment_1,8.7545719146728516,,ok,
Reconstruction_Analysis_Contract_v1.0.1,2023,timesat_double_logistic,2023-08-15,2023,6.6865500000000004,False,2023_segment_1,8.7256736755371094,,ok,
Reconstruction_Analysis_Contract_v1.0.1,2023,timesat_double_logistic,2023-08-16,2023,9.0494699999999995,False,2023_segment_1,8.6940031051635742,,ok,
Reconstruction_Analysis_Contract_v1.0.1,2023,timesat_double_logistic,2023-08-17,2023,7.7758399999999996,False,2023_segment_1,8.6596212387084961,,ok,
Reconstruction_Analysis_Contract_v1.0.1,2023,timesat_double_logistic,2023-08-18,2023,8.2283100000000005,False,2023_segment_1,8.6225786209106445,,ok,
Reconstruction_Analysis_Contract_v1.0.1,2023,timesat_double_logistic,2023-08-19,2023,7.5579799999999997,False,2023_segment_1,8.5829172134399414,,ok,
Reconstruction_Analysis_Contract_v1.0.1,2023,timesat_double_logistic,2023-08-20,2023,6.1335300000000004,False,2023_segment_1,8.5406732559204102,,ok,
Reconstruction_Analysis_Contract_v1.0.1,2023,timesat_double_logistic,2023-08-21,2023,7.2563300000000002,False,2023_segment_1,8.495875358581543,,ok,
Reconstruction_Analysis_Contract_v1.0.1,2023,timesat_double_logistic,2023-08-22,2023,4.32036,False,2023_segment_1,8.4485483169555664,,ok,
Reconstruction_Analysis_Contract_v1.0.1,2023,timesat_double_logistic,2023-08-23,2023,7.5244499999999999,False,2023_segment_1,8.3987092971801758,,ok,
Reconstruction_Analysis_Contract_v1.0.1,2023,timesat_double_logistic,2023-08-24,2023,4.5890899999999997,False,2023_segment_1,8.3463754653930664,,ok,
Reconstruction_Analysis_Contract_v1.0.1,2023,timesat_double_logistic,2023-08-25,2023,4.8784900000000002,False,2023_segment_1,8.291560173034668,,ok,
Reconstruction_Analysis_Contract_v1.0.1,2023,timesat_double_logistic,2023-08-26,2023,4.4547299999999996,False,2023_segment_1,8.2342748641967773,,ok,
Reconstruction_Analysis_Contract_v1.0.1,2023,timesat_double_logistic,2023-08-27,2023,3.8242400000000001,False,2023_segment_1,8.1745290756225586,,ok,
Reconstruction_Analysis_Contract_v1.0.1,2023,timesat_double_logistic,2023-08-28,2023,4.0102900000000004,False,2023_segment_1,8.1123332977294922,,ok,
Reconstruction_Analysis_Contract_v1.0.1,2023,timesat_double_logistic,2023-08-29,2023,6.3964800000000004,True,2023_segment_1,8.047698974609375,,ok,
Reconstruction_Analysis_Contract_v1.0.1,2023,timesat_double_logistic,2023-08-30,2023,7.9263899999999996,False,2023_segment_1,7.9806361198425293,,ok,
Reconstruction_Analysis_Contract_v1.0.1,2023,timesat_double_logistic,2023-08-31,2023,7.4747000000000003,False,2023_segment_1,7.9111590385437012,,ok,
Reconstruction_Analysis_Contract_v1.0.1,2023,timesat_double_logistic,2023-09-01,2023,10.2285,False,2023_segment_1,7.8392834663391113,,ok,
Reconstruction_Analysis_Contract_v1.0.1,2023,timesat_double_logistic,2023-09-02,2023,8.8589099999999998,False,2023_segment_1,7.7650270462036133,,ok,
Reconstruction_Analysis_Contract_v1.0.1,2023,timesat_double_logistic,2023-09-03,2023,7.0521599999999998,False,2023_segment_1,7.6884117126464844,,ok,
Reconstruction_Analysis_Contract_v1.0.1,2023,timesat_double_logistic,2023-09-04,2023,7.8243999999999998,False,2023_segment_1,7.609464168548584,,ok,
Reconstruction_Analysis_Contract_v1.0.1,2023,timesat_double_logistic,2023-09-05,2023,7.1104399999999996,True,2023_segment_1,7.5282139778137207,,ok,
Reconstruction_Analysis_Contract_v1.0.1,2023,timesat_double_logistic,2023-09-06,2023,6.0750900000000003,False,2023_segment_1,7.4446959495544434,,ok,
Reconstruction_Analysis_Contract_v1.0.1,2023,timesat_double_logistic,2023-09-07,2023,5.6594300000000004,False,2023_segment_1,7.3589506149291992,,ok,
Reconstruction_Analysis_Contract_v1.0.1,2023,timesat_double_logistic,2023-09-08,2023,5.5421899999999997,False,2023_segment_1,7.2710227966308594,,ok,
Reconstruction_Analysis_Contract_v1.0.1,2023,timesat_double_logistic,2023-09-09,2023,6.3415400000000002,False,2023_segment_1,7.1809649467468262,,ok,
Reconstruction_Analysis_Contract_v1.0.1,2023,timesat_double_logistic,2023-09-10,2023,5.5635000000000003,False,2023_segment_1,7.0888333320617676,,ok,
Reconstruction_Analysis_Contract_v1.0.1,2023,timesat_double_logistic,2023-09-11,2023,5.7558600000000002,False,2023_segment_1,6.994692325592041,,ok,
Reconstruction_Analysis_Contract_v1.0.1,2023,timesat_double_logistic,2023-09-12,2023,4.7866600000000004,False,2023_segment_1,6.8986115455627441,,ok,
Reconstruction_Analysis_Contract_v1.0.1,2023,timesat_double_logistic,2023-09-13,2023,6.7745100000000003,False,2023_segment_1,6.8006668090820312,,ok,
Reconstruction_Analysis_Contract_v1.0.1,2023,timesat_double_logistic,2023-09-14,2023,4.77677,False,2023_segment_1,6.7009415626525879,,ok,
Reconstruction_Analysis_Contract_v1.0.1,2023,timesat_double_logistic,2023-09-15,2023,6.6459400000000004,False,2023_segment_1,6.5995244979858398,,ok,
Reconstruction_Analysis_Contract_v1.0.1,2023,timesat_double_logistic,2023-09-16,2023,8.1393000000000004,False,2023_segment_1,6.4965105056762695,,ok,
Reconstruction_Analysis_Contract_v1.0.1,2023,timesat_double_logistic,2023-09-17,2023,6.9030800000000001,False,2023_segment_1,6.3920011520385742,,ok,
Reconstruction_Analysis_Contract_v1.0.1,2023,timesat_double_logistic,2023-09-18,2023,7.1602100000000002,False,2023_segment_1,6.2861037254333496,,ok,
Reconstruction_Analysis_Contract_v1.0.1,2023,timesat_double_logistic,2023-09-19,2023,5.7700800000000001,False,2023_segment_1,6.1789312362670898,,ok,
Reconstruction_Analysis_Contract_v1.0.1,2023,timesat_double_logistic,2023-09-20,2023,5.4398099999999996,False,2023_segment_1,6.0706009864807129,,ok,
Reconstruction_Analysis_Contract_v1.0.1,2023,timesat_double_logistic,2023-09-21,2023,6.1877800000000001,False,2023_segment_1,5.9612360000610352,,ok,
Reconstruction_Analysis_Contract_v1.0.1,2023,timesat_double_logistic,2023-09-22,2023,6.0517799999999999,False,2023_segment_1,5.8509631156921387,,ok,
Reconstruction_Analysis_Contract_v1.0.1,2023,timesat_double_logistic,2023-09-23,2023,5.2941000000000003,False,2023_segment_1,5.7399139404296875,,ok,
Reconstruction_Analysis_Contract_v1.0.1,2023,timesat_double_logistic,2023-09-24,2023,5.4883800000000003,False,2023_segment_1,5.6282224655151367,,ok,
Reconstruction_Analysis_Contract_v1.0.1,2023,timesat_double_logistic,2023-09-25,2023,5.5855199999999998,False,2023_segment_1,5.5160255432128906,,ok,
Reconstruction_Analysis_Contract_v1.0.1,2023,timesat_double_logistic,2023-09-26,2023,5.2053799999999999,False,2023_segment_1,5.4034628868103027,,ok,
Reconstruction_Analysis_Contract_v1.0.1,2023,timesat_double_logistic,2023-09-27,2023,6.5522900000000002,False,2023_segment_1,5.2906742095947266,,ok,
Reconstruction_Analysis_Contract_v1.0.1,2023,timesat_double_logistic,2023-09-28,2023,8.8916699999999995,False,2023_segment_1,5.1778020858764648,,ok,
Reconstruction_Analysis_Contract_v1.0.1,2023,timesat_double_logistic,2023-09-29,2023,5.5699500000000004,False,2023_segment_1,5.0649871826171875,,ok,
Reconstruction_Analysis_Contract_v1.0.1,2023,timesat_double_logistic,2023-09-30,2023,7.0991600000000004,True,2023_segment_1,4.9523715972900391,,ok,
Reconstruction_Analysis_Contract_v1.0.1,2023,timesat_double_logistic,2023-10-01,2023,6.30924,False,2023_segment_1,4.840095043182373,,ok,
Reconstruction_Analysis_Contract_v1.0.1,2023,timesat_double_logistic,2023-10-02,2023,5.46868,False,2023_segment_1,4.7282953262329102,,ok,
Reconstruction_Analysis_Contract_v1.0.1,2023,timesat_double_logistic,2023-10-03,2023,4.3445600000000004,False,2023_segment_1,4.6171088218688965,,ok,
Reconstruction_Analysis_Contract_v1.0.1,2023,timesat_double_logistic,2023-10-04,2023,3.4837500000000001,False,2023_segment_1,4.5066680908203125,,ok,
Reconstruction_Analysis_Contract_v1.0.1,2023,timesat_double_logistic,2023-10-05,2023,3.0786699999999998,False,2023_segment_1,4.3971023559570312,,ok,
Reconstruction_Analysis_Contract_v1.0.1,2023,timesat_double_logistic,2023-10-06,2023,2.6938300000000002,False,2023_segment_1,4.2885360717773438,,ok,
Reconstruction_Analysis_Contract_v1.0.1,2023,timesat_double_logistic,2023-10-07,2023,2.7242099999999998,False,2023_segment_1,4.1810894012451172,,ok,
Reconstruction_Analysis_Contract_v1.0.1,2023,timesat_double_logistic,2023-10-08,2023,2.58243,True,2023_segment_1,4.0748777389526367,,ok,
Reconstruction_Analysis_Contract_v1.0.1,2023,timesat_double_logistic,2023-10-09,2023,2.6634500000000001,False,2023_segment_1,3.9700098037719727,,ok,
Reconstruction_Analysis_Contract_v1.0.1,2023,timesat_double_logistic,2023-10-10,2023,2.7789299999999999,False,2023_segment_1,3.8665895462036133,,ok,
Reconstruction_Analysis_Contract_v1.0.1,2023,timesat_double_logistic,2023-10-11,2023,2.3583799999999999,False,2023_segment_1,3.7647140026092529,,ok,
Reconstruction_Analysis_Contract_v1.0.1,2023,timesat_double_logistic,2023-10-12,2023,1.9873099999999999,False,2023_segment_1,3.6644737720489502,,ok,
Reconstruction_Analysis_Contract_v1.0.1,2023,timesat_double_logistic,2023-10-13,2023,2.3913600000000002,False,2023_segment_1,3.5659525394439697,,ok,
Reconstruction_Analysis_Contract_v1.0.1,2023,timesat_double_logistic,2023-10-14,2023,2.2676699999999999,False,2023_segment_1,3.4692275524139404,,ok,
Reconstruction_Analysis_Contract_v1.0.1,2023,timesat_double_logistic,2023-10-15,2023,2.28417,False,2023_segment_1,3.3743686676025391,,ok,
Reconstruction_Analysis_Contract_v1.0.1,2023,timesat_double_logistic,2023-10-16,2023,2.3418899999999998,False,2023_segment_1,3.2814393043518066,,ok,
Reconstruction_Analysis_Contract_v1.0.1,2023,timesat_double_logistic,2023-10-17,2023,2.6964700000000001,False,2023_segment_1,3.1904950141906738,,ok,
Reconstruction_Analysis_Contract_v1.0.1,2023,timesat_double_logistic,2023-10-18,2023,2.8449,True,2023_segment_1,3.1015851497650146,,ok,
Reconstruction_Analysis_Contract_v1.0.1,2023,timesat_double_logistic,2023-10-19,2023,2.6717300000000002,False,2023_segment_1,3.0147521495819092,,ok,
Reconstruction_Analysis_Contract_v1.0.1,2023,timesat_double_logistic,2023-10-20,2023,2.67998,False,2023_segment_1,2.9300312995910645,,ok,
Reconstruction_Analysis_Contract_v1.0.1,2023,timesat_double_logistic,2023-10-21,2023,2.7459500000000001,False,2023_segment_1,2.84745192527771,,ok,
Reconstruction_Analysis_Contract_v1.0.1,2023,timesat_double_logistic,2023-10-22,2023,2.96034,False,2023_segment_1,2.7670366764068604,,ok,
Reconstruction_Analysis_Contract_v1.0.1,2023,timesat_double_logistic,2023-10-23,2023,2.8036699999999999,False,2023_segment_1,2.6888027191162109,,ok,
Reconstruction_Analysis_Contract_v1.0.1,2023,timesat_double_logistic,2023-10-24,2023,2.57985,False,2023_segment_1,2.6127607822418213,,ok,
Reconstruction_Analysis_Contract_v1.0.1,2023,timesat_double_logistic,2023-10-25,2023,2.5552800000000002,False,2023_segment_1,2.5389165878295898,,ok,
Reconstruction_Analysis_Contract_v1.0.1,2023,timesat_double_logistic,2023-10-26,2023,2.6044200000000002,False,2023_segment_1,2.4672706127166748,,ok,
Reconstruction_Analysis_Contract_v1.0.1,2023,timesat_double_logistic,2023-10-27,2023,2.85012,False,2023_segment_1,2.3978183269500732,,ok,
Reconstruction_Analysis_Contract_v1.0.1,2023,timesat_double_logistic,2023-10-28,2023,2.4160499999999998,False,2023_segment_1,2.3305516242980957,,ok,
Reconstruction_Analysis_Contract_v1.0.1,2023,timesat_double_logistic,2023-10-29,2023,2.57985,False,2023_segment_1,2.2654571533203125,,ok,
Reconstruction_Analysis_Contract_v1.0.1,2023,timesat_double_logistic,2023-10-30,2023,2.8828800000000001,False,2023_segment_1,2.2025187015533447,,ok,
Reconstruction_Analysis_Contract_v1.0.1,2023,timesat_double_logistic,2023-10-31,2023,2.2113,False,2023_segment_1,2.1417162418365479,,ok,
Reconstruction_Analysis_Contract_v1.0.1,2023,timesat_double_logistic,2023-11-01,2023,2.0065499999999998,False,2023_segment_1,2.0830271244049072,,ok,
Reconstruction_Analysis_Contract_v1.0.1,2023,timesat_double_logistic,2023-11-02,2023,1.3185899999999999,False,2023_segment_1,2.026425838470459,,ok,
Reconstruction_Analysis_Contract_v1.0.1,2023,timesat_double_logistic,2023-11-03,2023,1.3677299999999999,False,2023_segment_1,1.971885085105896,,ok,
Reconstruction_Analysis_Contract_v1.0.1,2023,timesat_double_logistic,2023-11-04,2023,1.28583,False,2023_segment_1,1.9193751811981201,,ok,
Reconstruction_Analysis_Contract_v1.0.1,2023,timesat_double_logistic,2023-11-05,2023,2.0229300000000001,False,2023_segment_1,1.8688656091690063,,ok,
Reconstruction_Analysis_Contract_v1.0.1,2023,timesat_double_logistic,2023-11-06,2023,1.4823900000000001,False,2023_segment_1,1.820324182510376,,ok,
Reconstruction_Analysis_Contract_v1.0.1,2023,timesat_double_logistic,2023-11-07,2023,0.94184999999999997,False,2023_segment_1,1.7737184762954712,,ok,
Reconstruction_Analysis_Contract_v1.0.1,2023,timesat_double_logistic,2023-11-08,2023,1.3267800000000001,False,2023_segment_1,1.7290153503417969,,ok,
Reconstruction_Analysis_Contract_v1.0.1,2023,timesat_double_logistic,2023-11-09,2023,0.89271,False,2023_segment_1,1.686181902885437,,ok,
Reconstruction_Analysis_Contract_v1.0.1,2023,timesat_double_logistic,2023-11-10,2023,1.17117,False,2023_segment_1,1.6451857089996338,,ok,
Reconstruction_Analysis_Contract_v1.0.1,2023,timesat_double_logistic,2023-11-11,2023,0.86814000000000002,False,2023_segment_1,1.6059945821762085,,ok,
Reconstruction_Analysis_Contract_v1.0.1,2023,timesat_double_logistic,2023-11-12,2023,0.81899999999999995,False,2023_segment_1,1.5685782432556152,,ok,
Reconstruction_Analysis_Contract_v1.0.1,2023,timesat_double_logistic,2023-11-13,2023,1.22031,False,2023_segment_1,1.5329070091247559,,ok,
Reconstruction_Analysis_Contract_v1.0.1,2023,timesat_double_logistic,2023-11-14,2023,1.5954699999999999,False,2023_segment_1,1.4989539384841919,,ok,
Reconstruction_Analysis_Contract_v1.0.1,2023,timesat_double_logistic,2023-11-15,2023,1.2763800000000001,False,2023_segment_1,1.4666935205459595,,ok,
Reconstruction_Analysis_Contract_v1.0.1,2023,timesat_double_logistic,2023-11-16,2023,1.45587,False,2023_segment_1,1.4361034631729126,,ok,
Reconstruction_Analysis_Contract_v1.0.1,2023,timesat_double_logistic,2023-11-17,2023,1.5356399999999999,False,2023_segment_1,1.4071643352508545,,ok,
Reconstruction_Analysis_Contract_v1.0.1,2023,timesat_double_logistic,2023-11-18,2023,1.4259599999999999,False,2023_segment_1,1.3798600435256958,,ok,
Reconstruction_Analysis_Contract_v1.0.1,2023,timesat_double_logistic,2023-11-19,2023,1.10686,False,2023_segment_1,1.354178786277771,,ok,
Reconstruction_Analysis_Contract_v1.0.1,2023,timesat_double_logistic,2023-11-20,2023,1.46584,False,2023_segment_1,1.3301129341125488,,ok,
Reconstruction_Analysis_Contract_v1.0.1,2023,timesat_double_logistic,2023-11-21,2023,1.21655,False,2023_segment_1,1.3076598644256592,,ok,
Reconstruction_Analysis_Contract_v1.0.1,2023,timesat_double_logistic,2023-11-22,2023,1.69519,False,2023_segment_1,1.2868225574493408,,ok,
Reconstruction_Analysis_Contract_v1.0.1,2023,timesat_double_logistic,2023-11-23,2023,1.5954699999999999,False,2023_segment_1,1.2676099538803101,,ok,
Reconstruction_Analysis_Contract_v1.0.1,2023,timesat_double_logistic,2023-11-24,2023,1.89463,False,2023_segment_1,1.2500379085540771,,ok,
Reconstruction_Analysis_Contract_v1.0.1,2023,timesat_double_logistic,2023-11-25,2023,1.0968899999999999,False,2023_segment_1,1.2341296672821045,,ok,
Reconstruction_Analysis_Contract_v1.0.1,2023,timesat_double_logistic,2023-11-26,2023,1.26641,False,2023_segment_1,1.2199165821075439,,ok,
Reconstruction_Analysis_Contract_v1.0.1,2023,timesat_double_logistic,2023-11-27,2023,1.0769500000000001,False,2023_segment_1,1.2074393033981323,,ok,
Reconstruction_Analysis_Contract_v1.0.1,2023,timesat_double_logistic,2023-11-28,2023,1.0234799999999999,False,2023_segment_1,1.1967482566833496,,ok,
Reconstruction_Analysis_Contract_v1.0.1,2023,timesat_double_logistic,2023-11-29,2023,0.96865100000000004,True,2023_segment_1,1.1879051923751831,,ok,
Reconstruction_Analysis_Contract_v1.0.1,2023,timesat_smoothing_spline,2023-04-21,2023,13.4612,True,2023_segment_1,14.485574722290039,10,ok,
Reconstruction_Analysis_Contract_v1.0.1,2023,timesat_smoothing_spline,2023-04-22,2023,10.954800000000001,False,2023_segment_1,14.537269592285156,10,ok,
Reconstruction_Analysis_Contract_v1.0.1,2023,timesat_smoothing_spline,2023-04-23,2023,15.9877,True,2023_segment_1,14.483572006225586,10,ok,
Reconstruction_Analysis_Contract_v1.0.1,2023,timesat_smoothing_spline,2023-04-24,2023,15.9374,False,2023_segment_1,14.247061729431152,10,ok,
Reconstruction_Analysis_Contract_v1.0.1,2023,timesat_smoothing_spline,2023-04-25,2023,11.004,False,2023_segment_1,13.850588798522949,10,ok,
Reconstruction_Analysis_Contract_v1.0.1,2023,timesat_smoothing_spline,2023-04-26,2023,12.669499999999999,False,2023_segment_1,13.342077255249023,10,ok,
Reconstruction_Analysis_Contract_v1.0.1,2023,timesat_smoothing_spline,2023-04-27,2023,11.8451,False,2023_segment_1,12.769447326660156,10,ok,
Reconstruction_Analysis_Contract_v1.0.1,2023,timesat_smoothing_spline,2023-04-28,2023,11.492900000000001,True,2023_segment_1,12.180620193481445,10,ok,
Reconstruction_Analysis_Contract_v1.0.1,2023,timesat_smoothing_spline,2023-04-29,2023,12.3505,False,2023_segment_1,11.612057685852051,10,ok,
Reconstruction_Analysis_Contract_v1.0.1,2023,timesat_smoothing_spline,2023-04-30,2023,9.7901100000000003,False,2023_segment_1,11.05436897277832,10,ok,
Reconstruction_Analysis_Contract_v1.0.1,2023,timesat_smoothing_spline,2023-05-01,2023,10.1381,False,2023_segment_1,10.48670482635498,10,ok,
Reconstruction_Analysis_Contract_v1.0.1,2023,timesat_smoothing_spline,2023-05-02,2023,10.5305,False,2023_segment_1,9.8882150650024414,10,ok,
Reconstruction_Analysis_Contract_v1.0.1,2023,timesat_smoothing_spline,2023-05-03,2023,9.7523999999999997,True,2023_segment_1,9.2380475997924805,10,ok,
Reconstruction_Analysis_Contract_v1.0.1,2023,timesat_smoothing_spline,2023-05-04,2023,7.5717400000000001,False,2023_segment_1,8.5239267349243164,10,ok,
Reconstruction_Analysis_Contract_v1.0.1,2023,timesat_smoothing_spline,2023-05-05,2023,6.2810499999999996,False,2023_segment_1,7.7678632736206055,10,ok,
Reconstruction_Analysis_Contract_v1.0.1,2023,timesat_smoothing_spline,2023-05-06,2023,7.7674399999999997,True,2023_segment_1,7.0004425048828125,10,ok,
Reconstruction_Analysis_Contract_v1.0.1,2023,timesat_smoothing_spline,2023-05-07,2023,4.9018300000000004,False,2023_segment_1,6.2650327682495117,10,ok,
Reconstruction_Analysis_Contract_v1.0.1,2023,timesat_smoothing_spline,2023-05-08,2023,3.7742200000000001,True,2023_segment_1,5.6561346054077148,10,ok,
Reconstruction_Analysis_Contract_v1.0.1,2023,timesat_smoothing_spline,2023-05-09,2023,3.9460000000000002,False,2023_segment_1,5.2496676445007324,10,ok,
Reconstruction_Analysis_Contract_v1.0.1,2023,timesat_smoothing_spline,2023-05-10,2023,5.1168699999999996,False,2023_segment_1,4.9960908889770508,10,ok,
Reconstruction_Analysis_Contract_v1.0.1,2023,timesat_smoothing_spline,2023-05-11,2023,5.7119999999999997,True,2023_segment_1,4.8144965171813965,10,ok,
Reconstruction_Analysis_Contract_v1.0.1,2023,timesat_smoothing_spline,2023-05-12,2023,4.9034000000000004,False,2023_segment_1,4.6389360427856445,10,ok,
Reconstruction_Analysis_Contract_v1.0.1,2023,timesat_smoothing_spline,2023-05-13,2023,4.3341399999999997,True,2023_segment_1,4.4632949829101562,10,ok,
Reconstruction_Analysis_Contract_v1.0.1,2023,timesat_smoothing_spline,2023-05-14,2023,4.6705199999999998,False,2023_segment_1,4.2942643165588379,10,ok,
Reconstruction_Analysis_Contract_v1.0.1,2023,timesat_smoothing_spline,2023-05-15,2023,4.2370999999999999,False,2023_segment_1,4.1299238204956055,10,ok,
Reconstruction_Analysis_Contract_v1.0.1,2023,timesat_smoothing_spline,2023-05-16,2023,4.1673200000000001,False,2023_segment_1,3.9662015438079834,10,ok,
Reconstruction_Analysis_Contract_v1.0.1,2023,timesat_smoothing_spline,2023-05-17,2023,3.9114300000000002,False,2023_segment_1,3.7990260124206543,10,ok,
Reconstruction_Analysis_Contract_v1.0.1,2023,timesat_smoothing_spline,2023-05-18,2023,3.8246099999999998,True,2023_segment_1,3.6243245601654053,10,ok,
Reconstruction_Analysis_Contract_v1.0.1,2023,timesat_smoothing_spline,2023-05-19,2023,3.5321699999999998,False,2023_segment_1,3.4413633346557617,10,ok,
Reconstruction_Analysis_Contract_v1.0.1,2023,timesat_smoothing_spline,2023-05-20,2023,3.1300599999999998,False,2023_segment_1,3.2627608776092529,10,ok,
Reconstruction_Analysis_Contract_v1.0.1,2023,timesat_smoothing_spline,2023-05-21,2023,2.8604599999999998,True,2023_segment_1,3.104473352432251,10,ok,
Reconstruction_Analysis_Contract_v1.0.1,2023,timesat_smoothing_spline,2023-05-22,2023,3.05694,False,2023_segment_1,2.9783904552459717,10,ok,
Reconstruction_Analysis_Contract_v1.0.1,2023,timesat_smoothing_spline,2023-05-23,2023,2.8848600000000002,True,2023_segment_1,2.8801343441009521,10,ok,
Reconstruction_Analysis_Contract_v1.0.1,2023,timesat_smoothing_spline,2023-05-24,2023,2.8411300000000002,False,2023_segment_1,2.8013386726379395,10,ok,
Reconstruction_Analysis_Contract_v1.0.1,2023,timesat_smoothing_spline,2023-05-25,2023,2.7974100000000002,False,2023_segment_1,2.7339522838592529,10,ok,
Reconstruction_Analysis_Contract_v1.0.1,2023,timesat_smoothing_spline,2023-05-26,2023,2.7536800000000001,True,2023_segment_1,2.6700031757354736,10,ok,
Reconstruction_Analysis_Contract_v1.0.1,2023,timesat_smoothing_spline,2023-05-27,2023,2.7099500000000001,False,2023_segment_1,2.6029136180877686,10,ok,
Reconstruction_Analysis_Contract_v1.0.1,2023,timesat_smoothing_spline,2023-05-28,2023,2.66622,False,2023_segment_1,2.5316841602325439,10,ok,
Reconstruction_Analysis_Contract_v1.0.1,2023,timesat_smoothing_spline,2023-05-29,2023,2.6225000000000001,False,2023_segment_1,2.4567103385925293,10,ok,
Reconstruction_Analysis_Contract_v1.0.1,2023,timesat_smoothing_spline,2023-05-30,2023,2.57877,False,2023_segment_1,2.378387451171875,10,ok,
Reconstruction_Analysis_Contract_v1.0.1,2023,timesat_smoothing_spline,2023-05-31,2023,3.0969099999999998,False,2023_segment_1,2.2971107959747314,10,ok,
Reconstruction_Analysis_Contract_v1.0.1,2023,timesat_smoothing_spline,2023-06-01,2023,2.74553,False,2023_segment_1,2.2132759094238281,10,ok,
Reconstruction_Analysis_Contract_v1.0.1,2023,timesat_smoothing_spline,2023-06-02,2023,2.0546799999999998,True,2023_segment_1,2.1272778511047363,10,ok,
Reconstruction_Analysis_Contract_v1.0.1,2023,timesat_smoothing_spline,2023-06-03,2023,2.3107700000000002,False,2023_segment_1,2.0383024215698242,10,ok,
Reconstruction_Analysis_Contract_v1.0.1,2023,timesat_smoothing_spline,2023-06-04,2023,1.8105,False,2023_segment_1,1.9406949281692505,10,ok,
Reconstruction_Analysis_Contract_v1.0.1,2023,timesat_smoothing_spline,2023-06-05,2023,2.07254,True,2023_segment_1,1.8275910615921021,10,ok,
Reconstruction_Analysis_Contract_v1.0.1,2023,timesat_smoothing_spline,2023-06-06,2023,2.3226800000000001,False,2023_segment_1,1.6962088346481323,10,ok,
Reconstruction_Analysis_Contract_v1.0.1,2023,timesat_smoothing_spline,2023-06-07,2023,1.3427100000000001,True,2023_segment_1,1.560096263885498,10,ok,
Reconstruction_Analysis_Contract_v1.0.1,2023,timesat_smoothing_spline,2023-06-08,2023,1.17639,False,2023_segment_1,1.4332606792449951,10,ok,
Reconstruction_Analysis_Contract_v1.0.1,2023,timesat_smoothing_spline,2023-06-09,2023,1.3143100000000001,False,2023_segment_1,1.315217137336731,10,ok,
Reconstruction_Analysis_Contract_v1.0.1,2023,timesat_smoothing_spline,2023-06-10,2023,1.3427100000000001,True,2023_segment_1,1.2018574476242065,10,ok,
Reconstruction_Analysis_Contract_v1.0.1,2023,timesat_smoothing_spline,2023-06-11,2023,1.2534700000000001,False,2023_segment_1,1.0914210081100464,10,ok,
Reconstruction_Analysis_Contract_v1.0.1,2023,timesat_smoothing_spline,2023-06-12,2023,0.90460499999999999,True,2023_segment_1,0.99153733253479004,10,ok,
Reconstruction_Analysis_Contract_v1.0.1,2023,timesat_smoothing_spline,2023-06-13,2023,0.93069000000000002,False,2023_segment_1,0.91073477268218994,10,ok,
Reconstruction_Analysis_Contract_v1.0.1,2023,timesat_smoothing_spline,2023-06-14,2023,0.69228699999999999,False,2023_segment_1,0.8517460823059082,10,ok,
Reconstruction_Analysis_Contract_v1.0.1,2023,timesat_smoothing_spline,2023-06-15,2023,0.802319,False,2023_segment_1,0.81585508584976196,10,ok,
Reconstruction_Analysis_Contract_v1.0.1,2023,timesat_smoothing_spline,2023-06-16,2023,0.802319,False,2023_segment_1,0.80434566736221313,10,ok,
Reconstruction_Analysis_Contract_v1.0.1,2023,timesat_smoothing_spline,2023-06-17,2023,0.73354900000000001,False,2023_segment_1,0.81850183010101318,10,ok,
Reconstruction_Analysis_Contract_v1.0.1,2023,timesat_smoothing_spline,2023-06-18,2023,0.63268599999999997,False,2023_segment_1,0.8596072793006897,10,ok,
Reconstruction_Analysis_Contract_v1.0.1,2023,timesat_smoothing_spline,2023-06-19,2023,0.86192000000000002,False,2023_segment_1,0.92894601821899414,10,ok,
Reconstruction_Analysis_Contract_v1.0.1,2023,timesat_smoothing_spline,2023-06-20,2023,1.2222,False,2023_segment_1,1.0278018712997437,10,ok,
Reconstruction_Analysis_Contract_v1.0.1,2023,timesat_smoothing_spline,2023-06-21,2023,1.4798899999999999,False,2023_segment_1,1.1574587821960449,10,ok,
Reconstruction_Analysis_Contract_v1.0.1,2023,timesat_smoothing_spline,2023-06-22,2023,2.1130800000000001,False,2023_segment_1,1.3192006349563599,10,ok,
Reconstruction_Analysis_Contract_v1.0.1,2023,timesat_smoothing_spline,2023-06-23,2023,1.84066,False,2023_segment_1,1.5143113136291504,10,ok,
Reconstruction_Analysis_Contract_v1.0.1,2023,timesat_smoothing_spline,2023-06-24,2023,2.1793399999999998,False,2023_segment_1,1.7440745830535889,10,ok,
Reconstruction_Analysis_Contract_v1.0.1,2023,timesat_smoothing_spline,2023-06-25,2023,1.93638,True,2023_segment_1,2.0097744464874268,10,ok,
Reconstruction_Analysis_Contract_v1.0.1,2023,timesat_smoothing_spline,2023-06-26,2023,1.6786799999999999,False,2023_segment_1,2.311471700668335,10,ok,
Reconstruction_Analysis_Contract_v1.0.1,2023,timesat_smoothing_spline,2023-06-27,2023,2.6722800000000002,True,2023_segment_1,2.6443336009979248,10,ok,
Reconstruction_Analysis_Contract_v1.0.1,2023,timesat_smoothing_spline,2023-06-28,2023,2.4580500000000001,False,2023_segment_1,3.0027706623077393,10,ok,
Reconstruction_Analysis_Contract_v1.0.1,2023,timesat_smoothing_spline,2023-06-29,2023,2.32274,False,2023_segment_1,3.3830561637878418,10,ok,
Reconstruction_Analysis_Contract_v1.0.1,2023,timesat_smoothing_spline,2023-06-30,2023,2.1310600000000002,False,2023_segment_1,3.7819292545318604,10,ok,
Reconstruction_Analysis_Contract_v1.0.1,2023,timesat_smoothing_spline,2023-07-01,2023,2.4467699999999999,False,2023_segment_1,4.1961288452148438,10,ok,
Reconstruction_Analysis_Contract_v1.0.1,2023,timesat_smoothing_spline,2023-07-02,2023,3.3488099999999998,False,2023_segment_1,4.6223940849304199,10,ok,
Reconstruction_Analysis_Contract_v1.0.1,2023,timesat_smoothing_spline,2023-07-03,2023,2.8639600000000001,False,2023_segment_1,5.0574641227722168,10,ok,
Reconstruction_Analysis_Contract_v1.0.1,2023,timesat_smoothing_spline,2023-07-04,2023,2.9922300000000002,False,2023_segment_1,5.4980778694152832,10,ok,
Reconstruction_Analysis_Contract_v1.0.1,2023,timesat_smoothing_spline,2023-07-05,2023,2.9134899999999999,False,2023_segment_1,5.9409747123718262,10,ok,
Reconstruction_Analysis_Contract_v1.0.1,2023,timesat_smoothing_spline,2023-07-06,2023,2.6969400000000001,False,2023_segment_1,6.3828940391540527,10,ok,
Reconstruction_Analysis_Contract_v1.0.1,2023,timesat_smoothing_spline,2023-07-07,2023,2.67726,False,2023_segment_1,6.8205738067626953,10,ok,
Reconstruction_Analysis_Contract_v1.0.1,2023,timesat_smoothing_spline,2023-07-08,2023,2.7559999999999998,False,2023_segment_1,7.2507538795471191,10,ok,
Reconstruction_Analysis_Contract_v1.0.1,2023,timesat_smoothing_spline,2023-07-09,2023,2.6575700000000002,False,2023_segment_1,7.6701736450195312,10,ok,
Reconstruction_Analysis_Contract_v1.0.1,2023,timesat_smoothing_spline,2023-07-10,2023,1.85046,False,2023_segment_1,8.0755720138549805,10,ok,
Reconstruction_Analysis_Contract_v1.0.1,2023,timesat_smoothing_spline,2023-07-11,2023,2.6868599999999998,False,2023_segment_1,8.4636869430541992,10,ok,
Reconstruction_Analysis_Contract_v1.0.1,2023,timesat_smoothing_spline,2023-07-12,2023,2.57491,False,2023_segment_1,8.8312587738037109,10,ok,
Reconstruction_Analysis_Contract_v1.0.1,2023,timesat_smoothing_spline,2023-07-13,2023,2.7490600000000001,False,2023_segment_1,9.1750268936157227,10,ok,
Reconstruction_Analysis_Contract_v1.0.1,2023,timesat_smoothing_spline,2023-07-14,2023,3.1346699999999998,False,2023_segment_1,9.4917287826538086,10,ok,
Reconstruction_Analysis_Contract_v1.0.1,2023,timesat_smoothing_spline,2023-07-15,2023,2.8610099999999998,False,2023_segment_1,9.7781047821044922,10,ok,
Reconstruction_Analysis_Contract_v1.0.1,2023,timesat_smoothing_spline,2023-07-16,2023,2.79881,False,2023_segment_1,10.03089427947998,10,ok,
Reconstruction_Analysis_Contract_v1.0.1,2023,timesat_smoothing_spline,2023-07-17,2023,3.22174,False,2023_segment_1,10.246835708618164,10,ok,
Reconstruction_Analysis_Contract_v1.0.1,2023,timesat_smoothing_spline,2023-07-18,2023,10.3347,False,2023_segment_1,10.422667503356934,10,ok,
Reconstruction_Analysis_Contract_v1.0.1,2023,timesat_smoothing_spline,2023-07-19,2023,9.5397200000000009,False,2023_segment_1,10.555130004882812,10,ok,
Reconstruction_Analysis_Contract_v1.0.1,2023,timesat_smoothing_spline,2023-07-20,2023,10.7149,True,2023_segment_1,10.640961647033691,10,ok,
Reconstruction_Analysis_Contract_v1.0.1,2023,timesat_smoothing_spline,2023-07-21,2023,11.6136,False,2023_segment_1,10.678133964538574,10,ok,
Reconstruction_Analysis_Contract_v1.0.1,2023,timesat_smoothing_spline,2023-07-22,2023,10.369300000000001,False,2023_segment_1,10.669547080993652,10,ok,
Reconstruction_Analysis_Contract_v1.0.1,2023,timesat_smoothing_spline,2023-07-23,2023,10.9223,False,2023_segment_1,10.619335174560547,10,ok,
Reconstruction_Analysis_Contract_v1.0.1,2023,timesat_smoothing_spline,2023-07-24,2023,10.4038,False,2023_segment_1,10.531630516052246,10,ok,
Reconstruction_Analysis_Contract_v1.0.1,2023,timesat_smoothing_spline,2023-07-25,2023,10.4038,False,2023_segment_1,10.410565376281738,10,ok,
Reconstruction_Analysis_Contract_v1.0.1,2023,timesat_smoothing_spline,2023-07-26,2023,12.4777,False,2023_segment_1,10.260273933410645,10,ok,
Reconstruction_Analysis_Contract_v1.0.1,2023,timesat_smoothing_spline,2023-07-27,2023,11.648099999999999,False,2023_segment_1,10.084887504577637,10,ok,
Reconstruction_Analysis_Contract_v1.0.1,2023,timesat_smoothing_spline,2023-07-28,2023,11.5444,False,2023_segment_1,9.8885402679443359,10,ok,
Reconstruction_Analysis_Contract_v1.0.1,2023,timesat_smoothing_spline,2023-07-29,2023,14.758900000000001,False,2023_segment_1,9.6753654479980469,10,ok,
Reconstruction_Analysis_Contract_v1.0.1,2023,timesat_smoothing_spline,2023-07-30,2023,14.5861,False,2023_segment_1,9.4494943618774414,10,ok,
Reconstruction_Analysis_Contract_v1.0.1,2023,timesat_smoothing_spline,2023-07-31,2023,15.726699999999999,False,2023_segment_1,9.215062141418457,10,ok,
Reconstruction_Analysis_Contract_v1.0.1,2023,timesat_smoothing_spline,2023-08-01,2023,10.318,False,2023_segment_1,8.9761991500854492,10,ok,
Reconstruction_Analysis_Contract_v1.0.1,2023,timesat_smoothing_spline,2023-08-02,2023,8.5227400000000006,False,2023_segment_1,8.7370405197143555,10,ok,
Reconstruction_Analysis_Contract_v1.0.1,2023,timesat_smoothing_spline,2023-08-03,2023,9.6470199999999995,False,2023_segment_1,8.5017185211181641,10,ok,
Reconstruction_Analysis_Contract_v1.0.1,2023,timesat_smoothing_spline,2023-08-04,2023,8.2326099999999993,True,2023_segment_1,8.2743654251098633,10,ok,
Reconstruction_Analysis_Contract_v1.0.1,2023,timesat_smoothing_spline,2023-08-05,2023,9.3024799999999992,False,2023_segment_1,8.0584192276000977,10,ok,
Reconstruction_Analysis_Contract_v1.0.1,2023,timesat_smoothing_spline,2023-08-06,2023,8.3051399999999997,False,2023_segment_1,7.8545322418212891,10,ok,
Reconstruction_Analysis_Contract_v1.0.1,2023,timesat_smoothing_spline,2023-08-07,2023,8.3051399999999997,False,2023_segment_1,7.6626625061035156,10,ok,
Reconstruction_Analysis_Contract_v1.0.1,2023,timesat_smoothing_spline,2023-08-08,2023,5.8472099999999996,False,2023_segment_1,7.4827671051025391,10,ok,
Reconstruction_Analysis_Contract_v1.0.1,2023,timesat_smoothing_spline,2023-08-09,2023,4.7907000000000002,False,2023_segment_1,7.3148031234741211,10,ok,
Reconstruction_Analysis_Contract_v1.0.1,2023,timesat_smoothing_spline,2023-08-10,2023,7.3408899999999999,False,2023_segment_1,7.1587285995483398,10,ok,
Reconstruction_Analysis_Contract_v1.0.1,2023,timesat_smoothing_spline,2023-08-11,2023,9.4903300000000002,False,2023_segment_1,7.0145001411437988,10,ok,
Reconstruction_Analysis_Contract_v1.0.1,2023,timesat_smoothing_spline,2023-08-12,2023,6.5667299999999997,False,2023_segment_1,6.882075309753418,10,ok,
Reconstruction_Analysis_Contract_v1.0.1,2023,timesat_smoothing_spline,2023-08-13,2023,7.0221200000000001,False,2023_segment_1,6.7614116668701172,10,ok,
Reconstruction_Analysis_Contract_v1.0.1,2023,timesat_smoothing_spline,2023-08-14,2023,4.9819699999999996,False,2023_segment_1,6.6524667739868164,10,ok,
Reconstruction_Analysis_Contract_v1.0.1,2023,timesat_smoothing_spline,2023-08-15,2023,6.6865500000000004,False,2023_segment_1,6.5551972389221191,10,ok,
Reconstruction_Analysis_Contract_v1.0.1,2023,timesat_smoothing_spline,2023-08-16,2023,9.0494699999999995,False,2023_segment_1,6.4695611000061035,10,ok,
Reconstruction_Analysis_Contract_v1.0.1,2023,timesat_smoothing_spline,2023-08-17,2023,7.7758399999999996,False,2023_segment_1,6.395514965057373,10,ok,
Reconstruction_Analysis_Contract_v1.0.1,2023,timesat_smoothing_spline,2023-08-18,2023,8.2283100000000005,False,2023_segment_1,6.3330168724060059,10,ok,
Reconstruction_Analysis_Contract_v1.0.1,2023,timesat_smoothing_spline,2023-08-19,2023,7.5579799999999997,False,2023_segment_1,6.2820239067077637,10,ok,
Reconstruction_Analysis_Contract_v1.0.1,2023,timesat_smoothing_spline,2023-08-20,2023,6.1335300000000004,False,2023_segment_1,6.2424936294555664,10,ok,
Reconstruction_Analysis_Contract_v1.0.1,2023,timesat_smoothing_spline,2023-08-21,2023,7.2563300000000002,False,2023_segment_1,6.2143826484680176,10,ok,
Reconstruction_Analysis_Contract_v1.0.1,2023,timesat_smoothing_spline,2023-08-22,2023,4.32036,False,2023_segment_1,6.1976494789123535,10,ok,
Reconstruction_Analysis_Contract_v1.0.1,2023,timesat_smoothing_spline,2023-08-23,2023,7.5244499999999999,False,2023_segment_1,6.1922502517700195,10,ok,
Reconstruction_Analysis_Contract_v1.0.1,2023,timesat_smoothing_spline,2023-08-24,2023,4.5890899999999997,False,2023_segment_1,6.1981430053710938,10,ok,
Reconstruction_Analysis_Contract_v1.0.1,2023,timesat_smoothing_spline,2023-08-25,2023,4.8784900000000002,False,2023_segment_1,6.2152853012084961,10,ok,
Reconstruction_Analysis_Contract_v1.0.1,2023,timesat_smoothing_spline,2023-08-26,2023,4.4547299999999996,False,2023_segment_1,6.2436337471008301,10,ok,
Reconstruction_Analysis_Contract_v1.0.1,2023,timesat_smoothing_spline,2023-08-27,2023,3.8242400000000001,False,2023_segment_1,6.2831463813781738,10,ok,
Reconstruction_Analysis_Contract_v1.0.1,2023,timesat_smoothing_spline,2023-08-28,2023,4.0102900000000004,False,2023_segment_1,6.3337798118591309,10,ok,
Reconstruction_Analysis_Contract_v1.0.1,2023,timesat_smoothing_spline,2023-08-29,2023,6.3964800000000004,True,2023_segment_1,6.3954920768737793,10,ok,
Reconstruction_Analysis_Contract_v1.0.1,2023,timesat_smoothing_spline,2023-08-30,2023,7.9263899999999996,False,2023_segment_1,6.468256950378418,10,ok,
Reconstruction_Analysis_Contract_v1.0.1,2023,timesat_smoothing_spline,2023-08-31,2023,7.4747000000000003,False,2023_segment_1,6.5521135330200195,10,ok,
Reconstruction_Analysis_Contract_v1.0.1,2023,timesat_smoothing_spline,2023-09-01,2023,10.2285,False,2023_segment_1,6.647118091583252,10,ok,
Reconstruction_Analysis_Contract_v1.0.1,2023,timesat_smoothing_spline,2023-09-02,2023,8.8589099999999998,False,2023_segment_1,6.7533273696899414,10,ok,
Reconstruction_Analysis_Contract_v1.0.1,2023,timesat_smoothing_spline,2023-09-03,2023,7.0521599999999998,False,2023_segment_1,6.8707971572875977,10,ok,
Reconstruction_Analysis_Contract_v1.0.1,2023,timesat_smoothing_spline,2023-09-04,2023,7.8243999999999998,False,2023_segment_1,6.9995832443237305,10,ok,
Reconstruction_Analysis_Contract_v1.0.1,2023,timesat_smoothing_spline,2023-09-05,2023,7.1104399999999996,True,2023_segment_1,7.139742374420166,10,ok,
Reconstruction_Analysis_Contract_v1.0.1,2023,timesat_smoothing_spline,2023-09-06,2023,6.0750900000000003,False,2023_segment_1,7.2908415794372559,10,ok,
Reconstruction_Analysis_Contract_v1.0.1,2023,timesat_smoothing_spline,2023-09-07,2023,5.6594300000000004,False,2023_segment_1,7.450495719909668,10,ok,
Reconstruction_Analysis_Contract_v1.0.1,2023,timesat_smoothing_spline,2023-09-08,2023,5.5421899999999997,False,2023_segment_1,7.6158308982849121,10,ok,
Reconstruction_Analysis_Contract_v1.0.1,2023,timesat_smoothing_spline,2023-09-09,2023,6.3415400000000002,False,2023_segment_1,7.7839722633361816,10,ok,
Reconstruction_Analysis_Contract_v1.0.1,2023,timesat_smoothing_spline,2023-09-10,2023,5.5635000000000003,False,2023_segment_1,7.9520463943481445,10,ok,
Reconstruction_Analysis_Contract_v1.0.1,2023,timesat_smoothing_spline,2023-09-11,2023,5.7558600000000002,False,2023_segment_1,8.1171789169311523,10,ok,
Reconstruction_Analysis_Contract_v1.0.1,2023,timesat_smoothing_spline,2023-09-12,2023,4.7866600000000004,False,2023_segment_1,8.2764959335327148,10,ok,
Reconstruction_Analysis_Contract_v1.0.1,2023,timesat_smoothing_spline,2023-09-13,2023,6.7745100000000003,False,2023_segment_1,8.4271230697631836,10,ok,
Reconstruction_Analysis_Contract_v1.0.1,2023,timesat_smoothing_spline,2023-09-14,2023,4.77677,False,2023_segment_1,8.5661859512329102,10,ok,
Reconstruction_Analysis_Contract_v1.0.1,2023,timesat_smoothing_spline,2023-09-15,2023,6.6459400000000004,False,2023_segment_1,8.6908111572265625,10,ok,
Reconstruction_Analysis_Contract_v1.0.1,2023,timesat_smoothing_spline,2023-09-16,2023,8.1393000000000004,False,2023_segment_1,8.7981233596801758,10,ok,
Reconstruction_Analysis_Contract_v1.0.1,2023,timesat_smoothing_spline,2023-09-17,2023,6.9030800000000001,False,2023_segment_1,8.8852510452270508,10,ok,
Reconstruction_Analysis_Contract_v1.0.1,2023,timesat_smoothing_spline,2023-09-18,2023,7.1602100000000002,False,2023_segment_1,8.9493169784545898,10,ok,
Reconstruction_Analysis_Contract_v1.0.1,2023,timesat_smoothing_spline,2023-09-19,2023,5.7700800000000001,False,2023_segment_1,8.9874496459960938,10,ok,
Reconstruction_Analysis_Contract_v1.0.1,2023,timesat_smoothing_spline,2023-09-20,2023,5.4398099999999996,False,2023_segment_1,8.9967727661132812,10,ok,
Reconstruction_Analysis_Contract_v1.0.1,2023,timesat_smoothing_spline,2023-09-21,2023,6.1877800000000001,False,2023_segment_1,8.9744138717651367,10,ok,
Reconstruction_Analysis_Contract_v1.0.1,2023,timesat_smoothing_spline,2023-09-22,2023,6.0517799999999999,False,2023_segment_1,8.9174985885620117,10,ok,
Reconstruction_Analysis_Contract_v1.0.1,2023,timesat_smoothing_spline,2023-09-23,2023,5.2941000000000003,False,2023_segment_1,8.8231525421142578,10,ok,
Reconstruction_Analysis_Contract_v1.0.1,2023,timesat_smoothing_spline,2023-09-24,2023,5.4883800000000003,False,2023_segment_1,8.6885013580322266,10,ok,
Reconstruction_Analysis_Contract_v1.0.1,2023,timesat_smoothing_spline,2023-09-25,2023,5.5855199999999998,False,2023_segment_1,8.5106706619262695,10,ok,
Reconstruction_Analysis_Contract_v1.0.1,2023,timesat_smoothing_spline,2023-09-26,2023,5.2053799999999999,False,2023_segment_1,8.2867879867553711,10,ok,
Reconstruction_Analysis_Contract_v1.0.1,2023,timesat_smoothing_spline,2023-09-27,2023,6.5522900000000002,False,2023_segment_1,8.0139780044555664,10,ok,
Reconstruction_Analysis_Contract_v1.0.1,2023,timesat_smoothing_spline,2023-09-28,2023,8.8916699999999995,False,2023_segment_1,7.6893658638000488,10,ok,
Reconstruction_Analysis_Contract_v1.0.1,2023,timesat_smoothing_spline,2023-09-29,2023,5.5699500000000004,False,2023_segment_1,7.3100790977478027,10,ok,
Reconstruction_Analysis_Contract_v1.0.1,2023,timesat_smoothing_spline,2023-09-30,2023,7.0991600000000004,True,2023_segment_1,6.8732428550720215,10,ok,
Reconstruction_Analysis_Contract_v1.0.1,2023,timesat_smoothing_spline,2023-10-01,2023,6.30924,False,2023_segment_1,6.3797483444213867,10,ok,
Reconstruction_Analysis_Contract_v1.0.1,2023,timesat_smoothing_spline,2023-10-02,2023,5.46868,False,2023_segment_1,5.8455476760864258,10,ok,
Reconstruction_Analysis_Contract_v1.0.1,2023,timesat_smoothing_spline,2023-10-03,2023,4.3445600000000004,False,2023_segment_1,5.2903590202331543,10,ok,
Reconstruction_Analysis_Contract_v1.0.1,2023,timesat_smoothing_spline,2023-10-04,2023,3.4837500000000001,False,2023_segment_1,4.7338995933532715,10,ok,
Reconstruction_Analysis_Contract_v1.0.1,2023,timesat_smoothing_spline,2023-10-05,2023,3.0786699999999998,False,2023_segment_1,4.195887565612793,10,ok,
Reconstruction_Analysis_Contract_v1.0.1,2023,timesat_smoothing_spline,2023-10-06,2023,2.6938300000000002,False,2023_segment_1,3.6960396766662598,10,ok,
Reconstruction_Analysis_Contract_v1.0.1,2023,timesat_smoothing_spline,2023-10-07,2023,2.7242099999999998,False,2023_segment_1,3.2540743350982666,10,ok,
Reconstruction_Analysis_Contract_v1.0.1,2023,timesat_smoothing_spline,2023-10-08,2023,2.58243,True,2023_segment_1,2.8897087574005127,10,ok,
Reconstruction_Analysis_Contract_v1.0.1,2023,timesat_smoothing_spline,2023-10-09,2023,2.6634500000000001,False,2023_segment_1,2.617539644241333,10,ok,
Reconstruction_Analysis_Contract_v1.0.1,2023,timesat_smoothing_spline,2023-10-10,2023,2.7789299999999999,False,2023_segment_1,2.4316778182983398,10,ok,
Reconstruction_Analysis_Contract_v1.0.1,2023,timesat_smoothing_spline,2023-10-11,2023,2.3583799999999999,False,2023_segment_1,2.3211128711700439,10,ok,
Reconstruction_Analysis_Contract_v1.0.1,2023,timesat_smoothing_spline,2023-10-12,2023,1.9873099999999999,False,2023_segment_1,2.2748348712921143,10,ok,
Reconstruction_Analysis_Contract_v1.0.1,2023,timesat_smoothing_spline,2023-10-13,2023,2.3913600000000002,False,2023_segment_1,2.2818331718444824,10,ok,
Reconstruction_Analysis_Contract_v1.0.1,2023,timesat_smoothing_spline,2023-10-14,2023,2.2676699999999999,False,2023_segment_1,2.3310980796813965,10,ok,
Reconstruction_Analysis_Contract_v1.0.1,2023,timesat_smoothing_spline,2023-10-15,2023,2.28417,False,2023_segment_1,2.411618709564209,10,ok,
Reconstruction_Analysis_Contract_v1.0.1,2023,timesat_smoothing_spline,2023-10-16,2023,2.3418899999999998,False,2023_segment_1,2.5123851299285889,10,ok,
Reconstruction_Analysis_Contract_v1.0.1,2023,timesat_smoothing_spline,2023-10-17,2023,2.6964700000000001,False,2023_segment_1,2.622387170791626,10,ok,
Reconstruction_Analysis_Contract_v1.0.1,2023,timesat_smoothing_spline,2023-10-18,2023,2.8449,True,2023_segment_1,2.7306144237518311,10,ok,
Reconstruction_Analysis_Contract_v1.0.1,2023,timesat_smoothing_spline,2023-10-19,2023,2.6717300000000002,False,2023_segment_1,2.8279614448547363,10,ok,
Reconstruction_Analysis_Contract_v1.0.1,2023,timesat_smoothing_spline,2023-10-20,2023,2.67998,False,2023_segment_1,2.9129416942596436,10,ok,
Reconstruction_Analysis_Contract_v1.0.1,2023,timesat_smoothing_spline,2023-10-21,2023,2.7459500000000001,False,2023_segment_1,2.9859733581542969,10,ok,
Reconstruction_Analysis_Contract_v1.0.1,2023,timesat_smoothing_spline,2023-10-22,2023,2.96034,False,2023_segment_1,3.0474750995635986,10,ok,
Reconstruction_Analysis_Contract_v1.0.1,2023,timesat_smoothing_spline,2023-10-23,2023,2.8036699999999999,False,2023_segment_1,3.0978648662567139,10,ok,
Reconstruction_Analysis_Contract_v1.0.1,2023,timesat_smoothing_spline,2023-10-24,2023,2.57985,False,2023_segment_1,3.1375610828399658,10,ok,
Reconstruction_Analysis_Contract_v1.0.1,2023,timesat_smoothing_spline,2023-10-25,2023,2.5552800000000002,False,2023_segment_1,3.1669819355010986,10,ok,
Reconstruction_Analysis_Contract_v1.0.1,2023,timesat_smoothing_spline,2023-10-26,2023,2.6044200000000002,False,2023_segment_1,3.1865458488464355,10,ok,
Reconstruction_Analysis_Contract_v1.0.1,2023,timesat_smoothing_spline,2023-10-27,2023,2.85012,False,2023_segment_1,3.1966707706451416,10,ok,
Reconstruction_Analysis_Contract_v1.0.1,2023,timesat_smoothing_spline,2023-10-28,2023,2.4160499999999998,False,2023_segment_1,3.1977756023406982,10,ok,
Reconstruction_Analysis_Contract_v1.0.1,2023,timesat_smoothing_spline,2023-10-29,2023,2.57985,False,2023_segment_1,3.1902782917022705,10,ok,
Reconstruction_Analysis_Contract_v1.0.1,2023,timesat_smoothing_spline,2023-10-30,2023,2.8828800000000001,False,2023_segment_1,3.1745967864990234,10,ok,
Reconstruction_Analysis_Contract_v1.0.1,2023,timesat_smoothing_spline,2023-10-31,2023,2.2113,False,2023_segment_1,3.1511499881744385,10,ok,
Reconstruction_Analysis_Contract_v1.0.1,2023,timesat_smoothing_spline,2023-11-01,2023,2.0065499999999998,False,2023_segment_1,3.1203558444976807,10,ok,
Reconstruction_Analysis_Contract_v1.0.1,2023,timesat_smoothing_spline,2023-11-02,2023,1.3185899999999999,False,2023_segment_1,3.0826327800750732,10,ok,
Reconstruction_Analysis_Contract_v1.0.1,2023,timesat_smoothing_spline,2023-11-03,2023,1.3677299999999999,False,2023_segment_1,3.0383989810943604,10,ok,
Reconstruction_Analysis_Contract_v1.0.1,2023,timesat_smoothing_spline,2023-11-04,2023,1.28583,False,2023_segment_1,2.9880726337432861,10,ok,
Reconstruction_Analysis_Contract_v1.0.1,2023,timesat_smoothing_spline,2023-11-05,2023,2.0229300000000001,False,2023_segment_1,2.9320724010467529,10,ok,
Reconstruction_Analysis_Contract_v1.0.1,2023,timesat_smoothing_spline,2023-11-06,2023,1.4823900000000001,False,2023_segment_1,2.8708159923553467,10,ok,
Reconstruction_Analysis_Contract_v1.0.1,2023,timesat_smoothing_spline,2023-11-07,2023,0.94184999999999997,False,2023_segment_1,2.8047223091125488,10,ok,
Reconstruction_Analysis_Contract_v1.0.1,2023,timesat_smoothing_spline,2023-11-08,2023,1.3267800000000001,False,2023_segment_1,2.7342092990875244,10,ok,
Reconstruction_Analysis_Contract_v1.0.1,2023,timesat_smoothing_spline,2023-11-09,2023,0.89271,False,2023_segment_1,2.6596951484680176,10,ok,
Reconstruction_Analysis_Contract_v1.0.1,2023,timesat_smoothing_spline,2023-11-10,2023,1.17117,False,2023_segment_1,2.5815985202789307,10,ok,
Reconstruction_Analysis_Contract_v1.0.1,2023,timesat_smoothing_spline,2023-11-11,2023,0.86814000000000002,False,2023_segment_1,2.5003373622894287,10,ok,
Reconstruction_Analysis_Contract_v1.0.1,2023,timesat_smoothing_spline,2023-11-12,2023,0.81899999999999995,False,2023_segment_1,2.416330099105835,10,ok,
Reconstruction_Analysis_Contract_v1.0.1,2023,timesat_smoothing_spline,2023-11-13,2023,1.22031,False,2023_segment_1,2.3299949169158936,10,ok,
Reconstruction_Analysis_Contract_v1.0.1,2023,timesat_smoothing_spline,2023-11-14,2023,1.5954699999999999,False,2023_segment_1,2.2417502403259277,10,ok,
Reconstruction_Analysis_Contract_v1.0.1,2023,timesat_smoothing_spline,2023-11-15,2023,1.2763800000000001,False,2023_segment_1,2.1520144939422607,10,ok,
Reconstruction_Analysis_Contract_v1.0.1,2023,timesat_smoothing_spline,2023-11-16,2023,1.45587,False,2023_segment_1,2.0612056255340576,10,ok,
Reconstruction_Analysis_Contract_v1.0.1,2023,timesat_smoothing_spline,2023-11-17,2023,1.5356399999999999,False,2023_segment_1,1.9697420597076416,10,ok,
Reconstruction_Analysis_Contract_v1.0.1,2023,timesat_smoothing_spline,2023-11-18,2023,1.4259599999999999,False,2023_segment_1,1.8780421018600464,10,ok,
Reconstruction_Analysis_Contract_v1.0.1,2023,timesat_smoothing_spline,2023-11-19,2023,1.10686,False,2023_segment_1,1.7865240573883057,10,ok,
Reconstruction_Analysis_Contract_v1.0.1,2023,timesat_smoothing_spline,2023-11-20,2023,1.46584,False,2023_segment_1,1.6956062316894531,10,ok,
Reconstruction_Analysis_Contract_v1.0.1,2023,timesat_smoothing_spline,2023-11-21,2023,1.21655,False,2023_segment_1,1.6057068109512329,10,ok,
Reconstruction_Analysis_Contract_v1.0.1,2023,timesat_smoothing_spline,2023-11-22,2023,1.69519,False,2023_segment_1,1.5172442197799683,10,ok,
Reconstruction_Analysis_Contract_v1.0.1,2023,timesat_smoothing_spline,2023-11-23,2023,1.5954699999999999,False,2023_segment_1,1.4306366443634033,10,ok,
Reconstruction_Analysis_Contract_v1.0.1,2023,timesat_smoothing_spline,2023-11-24,2023,1.89463,False,2023_segment_1,1.3463023900985718,10,ok,
Reconstruction_Analysis_Contract_v1.0.1,2023,timesat_smoothing_spline,2023-11-25,2023,1.0968899999999999,False,2023_segment_1,1.2646597623825073,10,ok,
Reconstruction_Analysis_Contract_v1.0.1,2023,timesat_smoothing_spline,2023-11-26,2023,1.26641,False,2023_segment_1,1.1861270666122437,10,ok,
Reconstruction_Analysis_Contract_v1.0.1,2023,timesat_smoothing_spline,2023-11-27,2023,1.0769500000000001,False,2023_segment_1,1.1111224889755249,10,ok,
Reconstruction_Analysis_Contract_v1.0.1,2023,timesat_smoothing_spline,2023-11-28,2023,1.0234799999999999,False,2023_segment_1,1.0400644540786743,10,ok,
Reconstruction_Analysis_Contract_v1.0.1,2023,timesat_smoothing_spline,2023-11-29,2023,0.96865100000000004,True,2023_segment_1,0.97337120771408081,10,ok,
Reconstruction_Analysis_Contract_v1.0.1,2024,linear_interpolation,2024-04-17,2024,4.34274,True,2024_segment_1,4.34274,,ok,
Reconstruction_Analysis_Contract_v1.0.1,2024,linear_interpolation,2024-04-18,2024,2.5985499999999999,False,2024_segment_1,4.2823865000000003,,ok,
Reconstruction_Analysis_Contract_v1.0.1,2024,linear_interpolation,2024-04-19,2024,2.00434,False,2024_segment_1,4.2220329999999997,,ok,
Reconstruction_Analysis_Contract_v1.0.1,2024,linear_interpolation,2024-04-20,2024,1.6880200000000001,False,2024_segment_1,4.1616795,,ok,
Reconstruction_Analysis_Contract_v1.0.1,2024,linear_interpolation,2024-04-21,2024,1.3983099999999999,False,2024_segment_1,4.1013260000000002,,ok,
Reconstruction_Analysis_Contract_v1.0.1,2024,linear_interpolation,2024-04-22,2024,1.4101300000000001,False,2024_segment_1,4.0409725000000005,,ok,
Reconstruction_Analysis_Contract_v1.0.1,2024,linear_interpolation,2024-04-23,2024,2.7782100000000001,False,2024_segment_1,3.9806189999999999,,ok,
Reconstruction_Analysis_Contract_v1.0.1,2024,linear_interpolation,2024-04-24,2024,2.3921700000000001,False,2024_segment_1,3.9202655000000002,,ok,
Reconstruction_Analysis_Contract_v1.0.1,2024,linear_interpolation,2024-04-25,2024,2.38584,False,2024_segment_1,3.859912,,ok,
Reconstruction_Analysis_Contract_v1.0.1,2024,linear_interpolation,2024-04-26,2024,2.1833300000000002,False,2024_segment_1,3.7995585000000003,,ok,
Reconstruction_Analysis_Contract_v1.0.1,2024,linear_interpolation,2024-04-27,2024,1.80362,False,2024_segment_1,3.7392050000000001,,ok,
Reconstruction_Analysis_Contract_v1.0.1,2024,linear_interpolation,2024-04-28,2024,1.9301900000000001,False,2024_segment_1,3.6788514999999999,,ok,
Reconstruction_Analysis_Contract_v1.0.1,2024,linear_interpolation,2024-04-29,2024,1.82894,False,2024_segment_1,3.6184980000000002,,ok,
Reconstruction_Analysis_Contract_v1.0.1,2024,linear_interpolation,2024-04-30,2024,2.6182300000000001,False,2024_segment_1,3.5581445,,ok,
Reconstruction_Analysis_Contract_v1.0.1,2024,linear_interpolation,2024-05-01,2024,2.7320700000000002,False,2024_segment_1,3.4977910000000003,,ok,
Reconstruction_Analysis_Contract_v1.0.1,2024,linear_interpolation,2024-05-02,2024,2.7527699999999999,False,2024_segment_1,3.4374375000000001,,ok,
Reconstruction_Analysis_Contract_v1.0.1,2024,linear_interpolation,2024-05-03,2024,2.3905599999999998,False,2024_segment_1,3.377084,,ok,
Reconstruction_Analysis_Contract_v1.0.1,2024,linear_interpolation,2024-05-04,2024,3.5082300000000002,False,2024_segment_1,3.3167305000000002,,ok,
Reconstruction_Analysis_Contract_v1.0.1,2024,linear_interpolation,2024-05-05,2024,3.45648,False,2024_segment_1,3.2563770000000001,,ok,
Reconstruction_Analysis_Contract_v1.0.1,2024,linear_interpolation,2024-05-06,2024,3.9118300000000001,False,2024_segment_1,3.1960235000000004,,ok,
Reconstruction_Analysis_Contract_v1.0.1,2024,linear_interpolation,2024-05-07,2024,3.1356700000000002,True,2024_segment_1,3.1356700000000002,,ok,
Reconstruction_Analysis_Contract_v1.0.1,2024,linear_interpolation,2024-05-08,2024,3.9118300000000001,False,2024_segment_1,4.0291133333333331,,ok,
Reconstruction_Analysis_Contract_v1.0.1,2024,linear_interpolation,2024-05-09,2024,5.4848400000000002,False,2024_segment_1,4.9225566666666669,,ok,
Reconstruction_Analysis_Contract_v1.0.1,2024,linear_interpolation,2024-05-10,2024,5.8159999999999998,True,2024_segment_1,5.8159999999999998,,ok,
Reconstruction_Analysis_Contract_v1.0.1,2024,linear_interpolation,2024-05-11,2024,5.7642600000000002,False,2024_segment_1,5.0743840000000002,,ok,
Reconstruction_Analysis_Contract_v1.0.1,2024,linear_interpolation,2024-05-12,2024,4.9881000000000002,False,2024_segment_1,4.3327679999999997,,ok,
Reconstruction_Analysis_Contract_v1.0.1,2024,linear_interpolation,2024-05-13,2024,4.6362399999999999,False,2024_segment_1,3.5911520000000001,,ok,
Reconstruction_Analysis_Contract_v1.0.1,2024,linear_interpolation,2024-05-14,2024,2.61131,False,2024_segment_1,2.8495360000000001,,ok,
Reconstruction_Analysis_Contract_v1.0.1,2024,linear_interpolation,2024-05-15,2024,2.10792,True,2024_segment_1,2.10792,,ok,
Reconstruction_Analysis_Contract_v1.0.1,2024,linear_interpolation,2024-05-16,2024,2.2914500000000002,False,2024_segment_1,2.2678500000000001,,ok,
Reconstruction_Analysis_Contract_v1.0.1,2024,linear_interpolation,2024-05-17,2024,2.4277799999999998,True,2024_segment_1,2.4277799999999998,,ok,
Reconstruction_Analysis_Contract_v1.0.1,2024,linear_interpolation,2024-05-18,2024,3.08847,False,2024_segment_1,2.3910733333333334,,ok,
Reconstruction_Analysis_Contract_v1.0.1,2024,linear_interpolation,2024-05-19,2024,2.5483799999999999,False,2024_segment_1,2.3543666666666665,,ok,
Reconstruction_Analysis_Contract_v1.0.1,2024,linear_interpolation,2024-05-20,2024,2.3176600000000001,True,2024_segment_1,2.3176600000000001,,ok,
Reconstruction_Analysis_Contract_v1.0.1,2024,linear_interpolation,2024-05-21,2024,2.1674699999999998,False,2024_segment_1,2.31074,,ok,
Reconstruction_Analysis_Contract_v1.0.1,2024,linear_interpolation,2024-05-22,2024,2.30382,True,2024_segment_1,2.30382,,ok,
Reconstruction_Analysis_Contract_v1.0.1,2024,linear_interpolation,2024-05-23,2024,2.0452300000000001,False,2024_segment_1,2.1956799999999999,,ok,
Reconstruction_Analysis_Contract_v1.0.1,2024,linear_interpolation,2024-05-24,2024,2.2709100000000002,False,2024_segment_1,2.0875400000000002,,ok,
Reconstruction_Analysis_Contract_v1.0.1,2024,linear_interpolation,2024-05-25,2024,1.9794,True,2024_segment_1,1.9794,,ok,
Reconstruction_Analysis_Contract_v1.0.1,2024,linear_interpolation,2024-05-26,2024,2.2050800000000002,False,2024_segment_1,1.9088750000000001,,ok,
Reconstruction_Analysis_Contract_v1.0.1,2024,linear_interpolation,2024-05-27,2024,1.8383499999999999,True,2024_segment_1,1.8383499999999999,,ok,
Reconstruction_Analysis_Contract_v1.0.1,2024,linear_interpolation,2024-05-28,2024,1.80877,False,2024_segment_1,1.8149633333333333,,ok,
Reconstruction_Analysis_Contract_v1.0.1,2024,linear_interpolation,2024-05-29,2024,1.8435600000000001,False,2024_segment_1,1.7915766666666666,,ok,
Reconstruction_Analysis_Contract_v1.0.1,2024,linear_interpolation,2024-05-30,2024,1.7681899999999999,True,2024_segment_1,1.7681899999999999,,ok,
Reconstruction_Analysis_Contract_v1.0.1,2024,linear_interpolation,2024-05-31,2024,1.3507800000000001,False,2024_segment_1,1.6803219999999999,,ok,
Reconstruction_Analysis_Contract_v1.0.1,2024,linear_interpolation,2024-06-01,2024,1.3623799999999999,False,2024_segment_1,1.592454,,ok,
Reconstruction_Analysis_Contract_v1.0.1,2024,linear_interpolation,2024-06-02,2024,1.15367,False,2024_segment_1,1.504586,,ok,
Reconstruction_Analysis_Contract_v1.0.1,2024,linear_interpolation,2024-06-03,2024,1.4783299999999999,False,2024_segment_1,1.4167179999999999,,ok,
Reconstruction_Analysis_Contract_v1.0.1,2024,linear_interpolation,2024-06-04,2024,1.3288500000000001,True,2024_segment_1,1.3288500000000001,,ok,
Reconstruction_Analysis_Contract_v1.0.1,2024,linear_interpolation,2024-06-05,2024,1.08226,False,2024_segment_1,1.2637750000000001,,ok,
Reconstruction_Analysis_Contract_v1.0.1,2024,linear_interpolation,2024-06-06,2024,1.1987000000000001,True,2024_segment_1,1.1987000000000001,,ok,
Reconstruction_Analysis_Contract_v1.0.1,2024,linear_interpolation,2024-06-07,2024,1.14391,False,2024_segment_1,1.2352333333333334,,ok,
Reconstruction_Analysis_Contract_v1.0.1,2024,linear_interpolation,2024-06-08,2024,1.1233599999999999,False,2024_segment_1,1.2717666666666667,,ok,
Reconstruction_Analysis_Contract_v1.0.1,2024,linear_interpolation,2024-06-09,2024,1.3083,True,2024_segment_1,1.3083,,ok,
Reconstruction_Analysis_Contract_v1.0.1,2024,linear_interpolation,2024-06-10,2024,1.4453,False,2024_segment_1,1.47855,,ok,
Reconstruction_Analysis_Contract_v1.0.1,2024,linear_interpolation,2024-06-11,2024,1.6488,True,2024_segment_1,1.6488,,ok,
Reconstruction_Analysis_Contract_v1.0.1,2024,linear_interpolation,2024-06-12,2024,1.50159,False,2024_segment_1,1.7420366666666667,,ok,
Reconstruction_Analysis_Contract_v1.0.1,2024,linear_interpolation,2024-06-13,2024,1.7886500000000001,False,2024_segment_1,1.8352733333333333,,ok,
Reconstruction_Analysis_Contract_v1.0.1,2024,linear_interpolation,2024-06-14,2024,1.9285099999999999,True,2024_segment_1,1.9285099999999999,,ok,
Reconstruction_Analysis_Contract_v1.0.1,2024,linear_interpolation,2024-06-15,2024,1.9211499999999999,False,2024_segment_1,1.7967457142857142,,ok,
Reconstruction_Analysis_Contract_v1.0.1,2024,linear_interpolation,2024-06-16,2024,2.41431,False,2024_segment_1,1.6649814285714286,,ok,
Reconstruction_Analysis_Contract_v1.0.1,2024,linear_interpolation,2024-06-17,2024,2.0242,False,2024_segment_1,1.5332171428571428,,ok,
Reconstruction_Analysis_Contract_v1.0.1,2024,linear_interpolation,2024-06-18,2024,1.5275700000000001,False,2024_segment_1,1.4014528571428571,,ok,
Reconstruction_Analysis_Contract_v1.0.1,2024,linear_interpolation,2024-06-19,2024,1.14059,False,2024_segment_1,1.2696885714285713,,ok,
Reconstruction_Analysis_Contract_v1.0.1,2024,linear_interpolation,2024-06-20,2024,1.0916999999999999,False,2024_segment_1,1.1379242857142855,,ok,
Reconstruction_Analysis_Contract_v1.0.1,2024,linear_interpolation,2024-06-21,2024,1.0061599999999999,True,2024_segment_1,1.0061599999999999,,ok,
Reconstruction_Analysis_Contract_v1.0.1,2024,linear_interpolation,2024-06-22,2024,1.05504,False,2024_segment_1,1.1448787499999999,,ok,
Reconstruction_Analysis_Contract_v1.0.1,2024,linear_interpolation,2024-06-23,2024,0.91246799999999995,False,2024_segment_1,1.2835974999999999,,ok,
Reconstruction_Analysis_Contract_v1.0.1,2024,linear_interpolation,2024-06-24,2024,0.93691000000000002,False,2024_segment_1,1.4223162499999999,,ok,
Reconstruction_Analysis_Contract_v1.0.1,2024,linear_interpolation,2024-06-25,2024,2.31358,False,2024_segment_1,1.561035,,ok,
Reconstruction_Analysis_Contract_v1.0.1,2024,linear_interpolation,2024-06-26,2024,1.6033999999999999,False,2024_segment_1,1.69975375,,ok,
Reconstruction_Analysis_Contract_v1.0.1,2024,linear_interpolation,2024-06-27,2024,1.62537,False,2024_segment_1,1.8384725,,ok,
Reconstruction_Analysis_Contract_v1.0.1,2024,linear_interpolation,2024-06-28,2024,1.9694799999999999,False,2024_segment_1,1.97719125,,ok,
Reconstruction_Analysis_Contract_v1.0.1,2024,linear_interpolation,2024-06-29,2024,2.11591,True,2024_segment_1,2.11591,,ok,
Reconstruction_Analysis_Contract_v1.0.1,2024,linear_interpolation,2024-06-30,2024,1.8743000000000001,False,2024_segment_1,2.6541360000000003,,ok,
Reconstruction_Analysis_Contract_v1.0.1,2024,linear_interpolation,2024-07-01,2024,1.9841200000000001,False,2024_segment_1,3.1923620000000001,,ok,
Reconstruction_Analysis_Contract_v1.0.1,2024,linear_interpolation,2024-07-02,2024,8.6933699999999998,False,2024_segment_1,3.730588,,ok,
Reconstruction_Analysis_Contract_v1.0.1,2024,linear_interpolation,2024-07-03,2024,9.3600399999999997,False,2024_segment_1,4.2688140000000008,,ok,
Reconstruction_Analysis_Contract_v1.0.1,2024,linear_interpolation,2024-07-04,2024,8.93337,False,2024_segment_1,4.8070400000000006,,ok,
Reconstruction_Analysis_Contract_v1.0.1,2024,linear_interpolation,2024-07-05,2024,8.6133699999999997,False,2024_segment_1,5.3452660000000005,,ok,
Reconstruction_Analysis_Contract_v1.0.1,2024,linear_interpolation,2024-07-06,2024,11.013400000000001,False,2024_segment_1,5.8834920000000004,,ok,
Reconstruction_Analysis_Contract_v1.0.1,2024,linear_interpolation,2024-07-07,2024,11.6267,False,2024_segment_1,6.4217180000000003,,ok,
Reconstruction_Analysis_Contract_v1.0.1,2024,linear_interpolation,2024-07-08,2024,11.9467,False,2024_segment_1,6.959944000000001,,ok,
Reconstruction_Analysis_Contract_v1.0.1,2024,linear_interpolation,2024-07-09,2024,7.49817,True,2024_segment_1,7.49817,,ok,
Reconstruction_Analysis_Contract_v1.0.1,2024,linear_interpolation,2024-07-10,2024,10.717499999999999,False,2024_segment_1,7.7919141666666665,,ok,
Reconstruction_Analysis_Contract_v1.0.1,2024,linear_interpolation,2024-07-11,2024,7.2740400000000003,False,2024_segment_1,8.0856583333333329,,ok,
Reconstruction_Analysis_Contract_v1.0.1,2024,linear_interpolation,2024-07-12,2024,12.4087,False,2024_segment_1,8.3794024999999994,,ok,
Reconstruction_Analysis_Contract_v1.0.1,2024,linear_interpolation,2024-07-13,2024,8.2113099999999992,False,2024_segment_1,8.6731466666666659,,ok,
Reconstruction_Analysis_Contract_v1.0.1,2024,linear_interpolation,2024-07-14,2024,7.8241800000000001,False,2024_segment_1,8.9668908333333324,,ok,
Reconstruction_Analysis_Contract_v1.0.1,2024,linear_interpolation,2024-07-15,2024,9.0059500000000003,False,2024_segment_1,9.2606350000000006,,ok,
Reconstruction_Analysis_Contract_v1.0.1,2024,linear_interpolation,2024-07-16,2024,9.6783400000000004,False,2024_segment_1,9.5543791666666671,,ok,
Reconstruction_Analysis_Contract_v1.0.1,2024,linear_interpolation,2024-07-17,2024,10.330399999999999,False,2024_segment_1,9.8481233333333336,,ok,
Reconstruction_Analysis_Contract_v1.0.1,2024,linear_interpolation,2024-07-18,2024,11.614000000000001,False,2024_segment_1,10.1418675,,ok,
Reconstruction_Analysis_Contract_v1.0.1,2024,linear_interpolation,2024-07-19,2024,14.2628,False,2024_segment_1,10.435611666666667,,ok,
Reconstruction_Analysis_Contract_v1.0.1,2024,linear_interpolation,2024-07-20,2024,9.1078299999999999,False,2024_segment_1,10.729355833333333,,ok,
Reconstruction_Analysis_Contract_v1.0.1,2024,linear_interpolation,2024-07-21,2024,11.023099999999999,True,2024_segment_1,11.023099999999999,,ok,
Reconstruction_Analysis_Contract_v1.0.1,2024,linear_interpolation,2024-07-22,2024,8.4354399999999998,False,2024_segment_1,9.8476939999999988,,ok,
Reconstruction_Analysis_Contract_v1.0.1,2024,linear_interpolation,2024-07-23,2024,5.4504900000000003,False,2024_segment_1,8.672288,,ok,
Reconstruction_Analysis_Contract_v1.0.1,2024,linear_interpolation,2024-07-24,2024,5.7839,False,2024_segment_1,7.4968819999999994,,ok,
Reconstruction_Analysis_Contract_v1.0.1,2024,linear_interpolation,2024-07-25,2024,4.7981699999999998,False,2024_segment_1,6.3214759999999997,,ok,
Reconstruction_Analysis_Contract_v1.0.1,2024,linear_interpolation,2024-07-26,2024,5.1460699999999999,True,2024_segment_1,5.1460699999999999,,ok,
Reconstruction_Analysis_Contract_v1.0.1,2024,linear_interpolation,2024-07-27,2024,5.4359900000000003,False,2024_segment_1,5.5513438888888889,,ok,
Reconstruction_Analysis_Contract_v1.0.1,2024,linear_interpolation,2024-07-28,2024,5.7694000000000001,False,2024_segment_1,5.9566177777777778,,ok,
Reconstruction_Analysis_Contract_v1.0.1,2024,linear_interpolation,2024-07-29,2024,6.1463000000000001,False,2024_segment_1,6.3618916666666667,,ok,
Reconstruction_Analysis_Contract_v1.0.1,2024,linear_interpolation,2024-07-30,2024,13.7544,False,2024_segment_1,6.7671655555555557,,ok,
Reconstruction_Analysis_Contract_v1.0.1,2024,linear_interpolation,2024-07-31,2024,10.321999999999999,False,2024_segment_1,7.1724394444444446,,ok,
Reconstruction_Analysis_Contract_v1.0.1,2024,linear_interpolation,2024-08-01,2024,10.7418,False,2024_segment_1,7.5777133333333335,,ok,
Reconstruction_Analysis_Contract_v1.0.1,2024,linear_interpolation,2024-08-02,2024,14.7174,False,2024_segment_1,7.9829872222222225,,ok,
Reconstruction_Analysis_Contract_v1.0.1,2024,linear_interpolation,2024-08-03,2024,11.186199999999999,False,2024_segment_1,8.3882611111111114,,ok,
Reconstruction_Analysis_Contract_v1.0.1,2024,linear_interpolation,2024-08-04,2024,11.951700000000001,False,2024_segment_1,8.7935350000000003,,ok,
Reconstruction_Analysis_Contract_v1.0.1,2024,linear_interpolation,2024-08-05,2024,9.6058500000000002,False,2024_segment_1,9.1988088888888893,,ok,
Reconstruction_Analysis_Contract_v1.0.1,2024,linear_interpolation,2024-08-06,2024,7.5105899999999997,False,2024_segment_1,9.6040827777777782,,ok,
Reconstruction_Analysis_Contract_v1.0.1,2024,linear_interpolation,2024-08-07,2024,6.4060899999999998,False,2024_segment_1,10.009356666666667,,ok,
Reconstruction_Analysis_Contract_v1.0.1,2024,linear_interpolation,2024-08-08,2024,8.39419,False,2024_segment_1,10.414630555555556,,ok,
Reconstruction_Analysis_Contract_v1.0.1,2024,linear_interpolation,2024-08-09,2024,7.9724700000000004,False,2024_segment_1,10.819904444444445,,ok,
Reconstruction_Analysis_Contract_v1.0.1,2024,linear_interpolation,2024-08-10,2024,8.3339400000000001,False,2024_segment_1,11.225178333333334,,ok,
Reconstruction_Analysis_Contract_v1.0.1,2024,linear_interpolation,2024-08-11,2024,14.478999999999999,False,2024_segment_1,11.630452222222223,,ok,
Reconstruction_Analysis_Contract_v1.0.1,2024,linear_interpolation,2024-08-12,2024,18.756399999999999,False,2024_segment_1,12.035726111111112,,ok,
Reconstruction_Analysis_Contract_v1.0.1,2024,linear_interpolation,2024-08-13,2024,12.441000000000001,True,2024_segment_1,12.441000000000001,,ok,
Reconstruction_Analysis_Contract_v1.0.1,2024,linear_interpolation,2024-08-14,2024,7.1908099999999999,False,2024_segment_1,12.86378,,ok,
Reconstruction_Analysis_Contract_v1.0.1,2024,linear_interpolation,2024-08-15,2024,8.1091599999999993,False,2024_segment_1,13.28656,,ok,
Reconstruction_Analysis_Contract_v1.0.1,2024,linear_interpolation,2024-08-16,2024,8.1957900000000006,False,2024_segment_1,13.709340000000001,,ok,
Reconstruction_Analysis_Contract_v1.0.1,2024,linear_interpolation,2024-08-17,2024,15.559900000000001,False,2024_segment_1,14.13212,,ok,
Reconstruction_Analysis_Contract_v1.0.1,2024,linear_interpolation,2024-08-18,2024,14.5549,True,2024_segment_1,14.5549,,ok,
Reconstruction_Analysis_Contract_v1.0.1,2024,linear_interpolation,2024-08-19,2024,21.035299999999999,False,2024_segment_1,16.435400000000001,,ok,
Reconstruction_Analysis_Contract_v1.0.1,2024,linear_interpolation,2024-08-20,2024,18.315899999999999,True,2024_segment_1,18.315899999999999,,ok,
Reconstruction_Analysis_Contract_v1.0.1,2024,linear_interpolation,2024-08-21,2024,25.3337,False,2024_segment_1,17.191378749999998,,ok,
Reconstruction_Analysis_Contract_v1.0.1,2024,linear_interpolation,2024-08-22,2024,22.770399999999999,False,2024_segment_1,16.066857499999998,,ok,
Reconstruction_Analysis_Contract_v1.0.1,2024,linear_interpolation,2024-08-23,2024,29.464700000000001,False,2024_segment_1,14.94233625,,ok,
Reconstruction_Analysis_Contract_v1.0.1,2024,linear_interpolation,2024-08-24,2024,19.485499999999998,False,2024_segment_1,13.817815,,ok,
Reconstruction_Analysis_Contract_v1.0.1,2024,linear_interpolation,2024-08-25,2024,13.886200000000001,False,2024_segment_1,12.693293749999999,,ok,
Reconstruction_Analysis_Contract_v1.0.1,2024,linear_interpolation,2024-08-26,2024,15.3047,False,2024_segment_1,11.5687725,,ok,
Reconstruction_Analysis_Contract_v1.0.1,2024,linear_interpolation,2024-08-27,2024,13.040100000000001,False,2024_segment_1,10.444251250000001,,ok,
Reconstruction_Analysis_Contract_v1.0.1,2024,linear_interpolation,2024-08-28,2024,9.3197299999999998,True,2024_segment_1,9.3197299999999998,,ok,
Reconstruction_Analysis_Contract_v1.0.1,2024,linear_interpolation,2024-08-29,2024,13.352499999999999,False,2024_segment_1,11.873711428571429,,ok,
Reconstruction_Analysis_Contract_v1.0.1,2024,linear_interpolation,2024-08-30,2024,18.253499999999999,False,2024_segment_1,14.427692857142858,,ok,
Reconstruction_Analysis_Contract_v1.0.1,2024,linear_interpolation,2024-08-31,2024,35.773899999999998,False,2024_segment_1,16.981674285714288,,ok,
Reconstruction_Analysis_Contract_v1.0.1,2024,linear_interpolation,2024-09-01,2024,15.6294,False,2024_segment_1,19.535655714285717,,ok,
Reconstruction_Analysis_Contract_v1.0.1,2024,linear_interpolation,2024-09-02,2024,15.243399999999999,False,2024_segment_1,22.089637142857143,,ok,
Reconstruction_Analysis_Contract_v1.0.1,2024,linear_interpolation,2024-09-03,2024,21.2712,False,2024_segment_1,24.643618571428572,,ok,
Reconstruction_Analysis_Contract_v1.0.1,2024,linear_interpolation,2024-09-04,2024,27.197600000000001,True,2024_segment_1,27.197600000000001,,ok,
Reconstruction_Analysis_Contract_v1.0.1,2024,linear_interpolation,2024-09-05,2024,11.4102,False,2024_segment_1,23.025333333333336,,ok,
Reconstruction_Analysis_Contract_v1.0.1,2024,linear_interpolation,2024-09-06,2024,10.7217,False,2024_segment_1,18.853066666666667,,ok,
Reconstruction_Analysis_Contract_v1.0.1,2024,linear_interpolation,2024-09-07,2024,14.6808,True,2024_segment_1,14.6808,,ok,
Reconstruction_Analysis_Contract_v1.0.1,2024,linear_interpolation,2024-09-08,2024,15.0251,False,2024_segment_1,13.931699999999999,,ok,
Reconstruction_Analysis_Contract_v1.0.1,2024,linear_interpolation,2024-09-09,2024,15.7628,False,2024_segment_1,13.182599999999999,,ok,
Reconstruction_Analysis_Contract_v1.0.1,2024,linear_interpolation,2024-09-10,2024,13.648,False,2024_segment_1,12.4335,,ok,
Reconstruction_Analysis_Contract_v1.0.1,2024,linear_interpolation,2024-09-11,2024,13.537800000000001,False,2024_segment_1,11.6844,,ok,
Reconstruction_Analysis_Contract_v1.0.1,2024,linear_interpolation,2024-09-12,2024,10.9353,True,2024_segment_1,10.9353,,ok,
Reconstruction_Analysis_Contract_v1.0.1,2024,linear_interpolation,2024-09-13,2024,15.2843,False,2024_segment_1,18.885649999999998,,ok,
Reconstruction_Analysis_Contract_v1.0.1,2024,linear_interpolation,2024-09-14,2024,26.835999999999999,True,2024_segment_1,26.835999999999999,,ok,
Reconstruction_Analysis_Contract_v1.0.1,2024,linear_interpolation,2024-09-15,2024,6.7232599999999998,False,2024_segment_1,22.215007999999997,,ok,
Reconstruction_Analysis_Contract_v1.0.1,2024,linear_interpolation,2024-09-16,2024,5.2621799999999999,False,2024_segment_1,17.594016,,ok,
Reconstruction_Analysis_Contract_v1.0.1,2024,linear_interpolation,2024-09-17,2024,2.871,False,2024_segment_1,12.973024000000001,,ok,
Reconstruction_Analysis_Contract_v1.0.1,2024,linear_interpolation,2024-09-18,2024,3.2820499999999999,False,2024_segment_1,8.3520320000000012,,ok,
Reconstruction_Analysis_Contract_v1.0.1,2024,linear_interpolation,2024-09-19,2024,3.7310400000000001,True,2024_segment_1,3.7310400000000001,,ok,
Reconstruction_Analysis_Contract_v1.0.1,2024,linear_interpolation,2024-09-20,2024,3.1366000000000001,False,2024_segment_1,3.6789050000000003,,ok,
Reconstruction_Analysis_Contract_v1.0.1,2024,linear_interpolation,2024-09-21,2024,4.3760599999999998,False,2024_segment_1,3.62677,,ok,
Reconstruction_Analysis_Contract_v1.0.1,2024,linear_interpolation,2024-09-22,2024,3.3832300000000002,False,2024_segment_1,3.5746350000000002,,ok,
Reconstruction_Analysis_Contract_v1.0.1,2024,linear_interpolation,2024-09-23,2024,3.9397199999999999,False,2024_segment_1,3.5225,,ok,
Reconstruction_Analysis_Contract_v1.0.1,2024,linear_interpolation,2024-09-24,2024,5.1305399999999999,False,2024_segment_1,3.4703650000000001,,ok,
Reconstruction_Analysis_Contract_v1.0.1,2024,linear_interpolation,2024-09-25,2024,6.0723799999999999,False,2024_segment_1,3.4182300000000003,,ok,
Reconstruction_Analysis_Contract_v1.0.1,2024,linear_interpolation,2024-09-26,2024,4.6100500000000002,False,2024_segment_1,3.3660950000000001,,ok,
Reconstruction_Analysis_Contract_v1.0.1,2024,linear_interpolation,2024-09-27,2024,4.2258800000000001,False,2024_segment_1,3.3139600000000002,,ok,
Reconstruction_Analysis_Contract_v1.0.1,2024,linear_interpolation,2024-09-28,2024,3.1972900000000002,False,2024_segment_1,3.261825,,ok,
Reconstruction_Analysis_Contract_v1.0.1,2024,linear_interpolation,2024-09-29,2024,3.2096900000000002,True,2024_segment_1,3.2096900000000002,,ok,
Reconstruction_Analysis_Contract_v1.0.1,2024,linear_interpolation,2024-09-30,2024,3.9160599999999999,False,2024_segment_1,3.2493460000000001,,ok,
Reconstruction_Analysis_Contract_v1.0.1,2024,linear_interpolation,2024-10-01,2024,4.1267399999999999,False,2024_segment_1,3.289002,,ok,
Reconstruction_Analysis_Contract_v1.0.1,2024,linear_interpolation,2024-10-02,2024,3.9284599999999998,False,2024_segment_1,3.3286580000000003,,ok,
Reconstruction_Analysis_Contract_v1.0.1,2024,linear_interpolation,2024-10-03,2024,3.4203600000000001,False,2024_segment_1,3.3683140000000003,,ok,
Reconstruction_Analysis_Contract_v1.0.1,2024,linear_interpolation,2024-10-04,2024,3.4079700000000002,True,2024_segment_1,3.4079700000000002,,ok,
Reconstruction_Analysis_Contract_v1.0.1,2024,linear_interpolation,2024-10-05,2024,3.6682100000000002,False,2024_segment_1,3.4823233333333334,,ok,
Reconstruction_Analysis_Contract_v1.0.1,2024,linear_interpolation,2024-10-06,2024,3.4699300000000002,False,2024_segment_1,3.5566766666666667,,ok,
Reconstruction_Analysis_Contract_v1.0.1,2024,linear_interpolation,2024-10-07,2024,3.63103,True,2024_segment_1,3.63103,,ok,
Reconstruction_Analysis_Contract_v1.0.1,2024,linear_interpolation,2024-10-08,2024,3.0697199999999998,False,2024_segment_1,3.4024000000000001,,ok,
Reconstruction_Analysis_Contract_v1.0.1,2024,linear_interpolation,2024-10-09,2024,3.0095299999999998,False,2024_segment_1,3.1737700000000002,,ok,
Reconstruction_Analysis_Contract_v1.0.1,2024,linear_interpolation,2024-10-10,2024,2.8490199999999999,False,2024_segment_1,2.9451399999999999,,ok,
Reconstruction_Analysis_Contract_v1.0.1,2024,linear_interpolation,2024-10-11,2024,2.3273700000000002,False,2024_segment_1,2.71651,,ok,
Reconstruction_Analysis_Contract_v1.0.1,2024,linear_interpolation,2024-10-12,2024,2.4878800000000001,True,2024_segment_1,2.4878800000000001,,ok,
Reconstruction_Analysis_Contract_v1.0.1,2024,linear_interpolation,2024-10-13,2024,2.3474300000000001,False,2024_segment_1,2.5360320000000001,,ok,
Reconstruction_Analysis_Contract_v1.0.1,2024,linear_interpolation,2024-10-14,2024,2.70858,False,2024_segment_1,2.584184,,ok,
Reconstruction_Analysis_Contract_v1.0.1,2024,linear_interpolation,2024-10-15,2024,2.5882000000000001,False,2024_segment_1,2.632336,,ok,
Reconstruction_Analysis_Contract_v1.0.1,2024,linear_interpolation,2024-10-16,2024,2.5581,False,2024_segment_1,2.680488,,ok,
Reconstruction_Analysis_Contract_v1.0.1,2024,linear_interpolation,2024-10-17,2024,2.72864,True,2024_segment_1,2.72864,,ok,
Reconstruction_Analysis_Contract_v1.0.1,2024,linear_interpolation,2024-10-18,2024,2.61829,False,2024_segment_1,2.8690850000000001,,ok,
Reconstruction_Analysis_Contract_v1.0.1,2024,linear_interpolation,2024-10-19,2024,3.0095299999999998,True,2024_segment_1,3.0095299999999998,,ok,
Reconstruction_Analysis_Contract_v1.0.1,2024,linear_interpolation,2024-10-20,2024,2.64839,False,2024_segment_1,3.143116,,ok,
Reconstruction_Analysis_Contract_v1.0.1,2024,linear_interpolation,2024-10-21,2024,2.75874,False,2024_segment_1,3.2767019999999998,,ok,
Reconstruction_Analysis_Contract_v1.0.1,2024,linear_interpolation,2024-10-22,2024,3.19095,False,2024_segment_1,3.410288,,ok,
Reconstruction_Analysis_Contract_v1.0.1,2024,linear_interpolation,2024-10-23,2024,3.7633200000000002,False,2024_segment_1,3.5438739999999997,,ok,
Reconstruction_Analysis_Contract_v1.0.1,2024,linear_interpolation,2024-10-24,2024,3.67746,True,2024_segment_1,3.67746,,ok,
Reconstruction_Analysis_Contract_v1.0.1,2024,linear_interpolation,2024-10-25,2024,3.7633200000000002,False,2024_segment_1,3.5839733333333332,,ok,
Reconstruction_Analysis_Contract_v1.0.1,2024,linear_interpolation,2024-10-26,2024,4.3070700000000004,False,2024_segment_1,3.4904866666666665,,ok,
Reconstruction_Analysis_Contract_v1.0.1,2024,linear_interpolation,2024-10-27,2024,4.1639799999999996,False,2024_segment_1,3.3969999999999998,,ok,
Reconstruction_Analysis_Contract_v1.0.1,2024,linear_interpolation,2024-10-28,2024,3.5773000000000001,False,2024_segment_1,3.3035133333333331,,ok,
Reconstruction_Analysis_Contract_v1.0.1,2024,linear_interpolation,2024-10-29,2024,3.8777900000000001,False,2024_segment_1,3.2100266666666668,,ok,
Reconstruction_Analysis_Contract_v1.0.1,2024,linear_interpolation,2024-10-30,2024,3.53437,False,2024_segment_1,3.1165400000000001,,ok,
Reconstruction_Analysis_Contract_v1.0.1,2024,linear_interpolation,2024-10-31,2024,3.86348,False,2024_segment_1,3.0230533333333334,,ok,
Reconstruction_Analysis_Contract_v1.0.1,2024,linear_interpolation,2024-11-01,2024,3.7203900000000001,False,2024_segment_1,2.9295666666666667,,ok,
Reconstruction_Analysis_Contract_v1.0.1,2024,linear_interpolation,2024-11-02,2024,3.70608,False,2024_segment_1,2.8360799999999999,,ok,
Reconstruction_Analysis_Contract_v1.0.1,2024,linear_interpolation,2024-11-03,2024,3.69177,False,2024_segment_1,2.7425933333333332,,ok,
Reconstruction_Analysis_Contract_v1.0.1,2024,linear_interpolation,2024-11-04,2024,3.7776299999999998,False,2024_segment_1,2.6491066666666665,,ok,
Reconstruction_Analysis_Contract_v1.0.1,2024,linear_interpolation,2024-11-05,2024,2.8046000000000002,False,2024_segment_1,2.5556200000000002,,ok,
Reconstruction_Analysis_Contract_v1.0.1,2024,linear_interpolation,2024-11-06,2024,3.20526,False,2024_segment_1,2.4621333333333335,,ok,
Reconstruction_Analysis_Contract_v1.0.1,2024,linear_interpolation,2024-11-07,2024,3.37697,False,2024_segment_1,2.3686466666666668,,ok,
Reconstruction_Analysis_Contract_v1.0.1,2024,linear_interpolation,2024-11-08,2024,2.2751600000000001,True,2024_segment_1,2.2751600000000001,,ok,
Reconstruction_Analysis_Contract_v1.0.1,2024,linear_interpolation,2024-11-09,2024,3.1623299999999999,False,2024_segment_1,2.289498,,ok,
Reconstruction_Analysis_Contract_v1.0.1,2024,linear_interpolation,2024-11-10,2024,2.7759800000000001,False,2024_segment_1,2.303836,,ok,
Reconstruction_Analysis_Contract_v1.0.1,2024,linear_interpolation,2024-11-11,2024,2.6901299999999999,False,2024_segment_1,2.318174,,ok,
Reconstruction_Analysis_Contract_v1.0.1,2024,linear_interpolation,2024-11-12,2024,2.2135099999999999,False,2024_segment_1,2.3325119999999999,,ok,
Reconstruction_Analysis_Contract_v1.0.1,2024,linear_interpolation,2024-11-13,2024,2.3468499999999999,True,2024_segment_1,2.3468499999999999,,ok,
Reconstruction_Analysis_Contract_v1.0.1,2024,linear_interpolation,2024-11-14,2024,3.8536299999999999,False,2024_segment_1,2.4545507692307691,,ok,
Reconstruction_Analysis_Contract_v1.0.1,2024,linear_interpolation,2024-11-15,2024,2.4535200000000001,False,2024_segment_1,2.5622515384615383,,ok,
Reconstruction_Analysis_Contract_v1.0.1,2024,linear_interpolation,2024-11-16,2024,2.3468499999999999,False,2024_segment_1,2.6699523076923075,,ok,
Reconstruction_Analysis_Contract_v1.0.1,2024,linear_interpolation,2024-11-17,2024,3.57361,False,2024_segment_1,2.7776530769230767,,ok,
Reconstruction_Analysis_Contract_v1.0.1,2024,linear_interpolation,2024-11-18,2024,2.78688,False,2024_segment_1,2.8853538461538459,,ok,
Reconstruction_Analysis_Contract_v1.0.1,2024,linear_interpolation,2024-11-19,2024,3.0535700000000001,False,2024_segment_1,2.9930546153846151,,ok,
Reconstruction_Analysis_Contract_v1.0.1,2024,linear_interpolation,2024-11-20,2024,3.5069400000000002,False,2024_segment_1,3.1007553846153844,,ok,
Reconstruction_Analysis_Contract_v1.0.1,2024,linear_interpolation,2024-11-21,2024,2.5735299999999999,False,2024_segment_1,3.2084561538461536,,ok,
Reconstruction_Analysis_Contract_v1.0.1,2024,linear_interpolation,2024-11-22,2024,3.7202899999999999,False,2024_segment_1,3.3161569230769232,,ok,
Reconstruction_Analysis_Contract_v1.0.1,2024,linear_interpolation,2024-11-23,2024,3.4136000000000002,False,2024_segment_1,3.4238576923076924,,ok,
Reconstruction_Analysis_Contract_v1.0.1,2024,linear_interpolation,2024-11-24,2024,1.9601500000000001,False,2024_segment_1,3.5315584615384616,,ok,
Reconstruction_Analysis_Contract_v1.0.1,2024,linear_interpolation,2024-11-25,2024,2.8668900000000002,False,2024_segment_1,3.6392592307692309,,ok,
Reconstruction_Analysis_Contract_v1.0.1,2024,linear_interpolation,2024-11-26,2024,3.7469600000000001,True,2024_segment_1,3.7469600000000001,,ok,
Reconstruction_Analysis_Contract_v1.0.1,2024,linear_interpolation,2024-11-27,2024,2.32708,False,2024_segment_1,3.2970300000000003,,ok,
Reconstruction_Analysis_Contract_v1.0.1,2024,linear_interpolation,2024-11-28,2024,2.8471000000000002,True,2024_segment_1,2.8471000000000002,,ok,
Reconstruction_Analysis_Contract_v1.0.1,2024,timesat_double_logistic,2024-04-17,2024,4.34274,True,2024_segment_1,1.0591932535171509,,ok,
Reconstruction_Analysis_Contract_v1.0.1,2024,timesat_double_logistic,2024-04-18,2024,2.5985499999999999,False,2024_segment_1,1.0622854232788086,,ok,
Reconstruction_Analysis_Contract_v1.0.1,2024,timesat_double_logistic,2024-04-19,2024,2.00434,False,2024_segment_1,1.0655570030212402,,ok,
Reconstruction_Analysis_Contract_v1.0.1,2024,timesat_double_logistic,2024-04-20,2024,1.6880200000000001,False,2024_segment_1,1.0690186023712158,,ok,
Reconstruction_Analysis_Contract_v1.0.1,2024,timesat_double_logistic,2024-04-21,2024,1.3983099999999999,False,2024_segment_1,1.072681188583374,,ok,
Reconstruction_Analysis_Contract_v1.0.1,2024,timesat_double_logistic,2024-04-22,2024,1.4101300000000001,False,2024_segment_1,1.0765562057495117,,ok,
Reconstruction_Analysis_Contract_v1.0.1,2024,timesat_double_logistic,2024-04-23,2024,2.7782100000000001,False,2024_segment_1,1.0806560516357422,,ok,
Reconstruction_Analysis_Contract_v1.0.1,2024,timesat_double_logistic,2024-04-24,2024,2.3921700000000001,False,2024_segment_1,1.0849934816360474,,ok,
Reconstruction_Analysis_Contract_v1.0.1,2024,timesat_double_logistic,2024-04-25,2024,2.38584,False,2024_segment_1,1.0895824432373047,,ok,
Reconstruction_Analysis_Contract_v1.0.1,2024,timesat_double_logistic,2024-04-26,2024,2.1833300000000002,False,2024_segment_1,1.0944371223449707,,ok,
Reconstruction_Analysis_Contract_v1.0.1,2024,timesat_double_logistic,2024-04-27,2024,1.80362,False,2024_segment_1,1.099573016166687,,ok,
Reconstruction_Analysis_Contract_v1.0.1,2024,timesat_double_logistic,2024-04-28,2024,1.9301900000000001,False,2024_segment_1,1.1050059795379639,,ok,
Reconstruction_Analysis_Contract_v1.0.1,2024,timesat_double_logistic,2024-04-29,2024,1.82894,False,2024_segment_1,1.1107532978057861,,ok,
Reconstruction_Analysis_Contract_v1.0.1,2024,timesat_double_logistic,2024-04-30,2024,2.6182300000000001,False,2024_segment_1,1.116832971572876,,ok,
Reconstruction_Analysis_Contract_v1.0.1,2024,timesat_double_logistic,2024-05-01,2024,2.7320700000000002,False,2024_segment_1,1.1232637166976929,,ok,
Reconstruction_Analysis_Contract_v1.0.1,2024,timesat_double_logistic,2024-05-02,2024,2.7527699999999999,False,2024_segment_1,1.13006591796875,,ok,
Reconstruction_Analysis_Contract_v1.0.1,2024,timesat_double_logistic,2024-05-03,2024,2.3905599999999998,False,2024_segment_1,1.1372604370117188,,ok,
Reconstruction_Analysis_Contract_v1.0.1,2024,timesat_double_logistic,2024-05-04,2024,3.5082300000000002,False,2024_segment_1,1.1448699235916138,,ok,
Reconstruction_Analysis_Contract_v1.0.1,2024,timesat_double_logistic,2024-05-05,2024,3.45648,False,2024_segment_1,1.1529176235198975,,ok,
Reconstruction_Analysis_Contract_v1.0.1,2024,timesat_double_logistic,2024-05-06,2024,3.9118300000000001,False,2024_segment_1,1.161428689956665,,ok,
Reconstruction_Analysis_Contract_v1.0.1,2024,timesat_double_logistic,2024-05-07,2024,3.1356700000000002,True,2024_segment_1,1.1704293489456177,,ok,
Reconstruction_Analysis_Contract_v1.0.1,2024,timesat_double_logistic,2024-05-08,2024,3.9118300000000001,False,2024_segment_1,1.1799471378326416,,ok,
Reconstruction_Analysis_Contract_v1.0.1,2024,timesat_double_logistic,2024-05-09,2024,5.4848400000000002,False,2024_segment_1,1.1900113821029663,,ok,
Reconstruction_Analysis_Contract_v1.0.1,2024,timesat_double_logistic,2024-05-10,2024,5.8159999999999998,True,2024_segment_1,1.2006527185440063,,ok,
Reconstruction_Analysis_Contract_v1.0.1,2024,timesat_double_logistic,2024-05-11,2024,5.7642600000000002,False,2024_segment_1,1.2119035720825195,,ok,
Reconstruction_Analysis_Contract_v1.0.1,2024,timesat_double_logistic,2024-05-12,2024,4.9881000000000002,False,2024_segment_1,1.223798394203186,,ok,
Reconstruction_Analysis_Contract_v1.0.1,2024,timesat_double_logistic,2024-05-13,2024,4.6362399999999999,False,2024_segment_1,1.2363728284835815,,ok,
Reconstruction_Analysis_Contract_v1.0.1,2024,timesat_double_logistic,2024-05-14,2024,2.61131,False,2024_segment_1,1.2496650218963623,,ok,
Reconstruction_Analysis_Contract_v1.0.1,2024,timesat_double_logistic,2024-05-15,2024,2.10792,True,2024_segment_1,1.2637149095535278,,ok,
Reconstruction_Analysis_Contract_v1.0.1,2024,timesat_double_logistic,2024-05-16,2024,2.2914500000000002,False,2024_segment_1,1.2785643339157104,,ok,
Reconstruction_Analysis_Contract_v1.0.1,2024,timesat_double_logistic,2024-05-17,2024,2.4277799999999998,True,2024_segment_1,1.294257640838623,,ok,
Reconstruction_Analysis_Contract_v1.0.1,2024,timesat_double_logistic,2024-05-18,2024,3.08847,False,2024_segment_1,1.3108413219451904,,ok,
Reconstruction_Analysis_Contract_v1.0.1,2024,timesat_double_logistic,2024-05-19,2024,2.5483799999999999,False,2024_segment_1,1.328364372253418,,ok,
Reconstruction_Analysis_Contract_v1.0.1,2024,timesat_double_logistic,2024-05-20,2024,2.3176600000000001,True,2024_segment_1,1.3468779325485229,,ok,
Reconstruction_Analysis_Contract_v1.0.1,2024,timesat_double_logistic,2024-05-21,2024,2.1674699999999998,False,2024_segment_1,1.366436243057251,,ok,
Reconstruction_Analysis_Contract_v1.0.1,2024,timesat_double_logistic,2024-05-22,2024,2.30382,True,2024_segment_1,1.3870958089828491,,ok,
Reconstruction_Analysis_Contract_v1.0.1,2024,timesat_double_logistic,2024-05-23,2024,2.0452300000000001,False,2024_segment_1,1.4089162349700928,,ok,
Reconstruction_Analysis_Contract_v1.0.1,2024,timesat_double_logistic,2024-05-24,2024,2.2709100000000002,False,2024_segment_1,1.431959867477417,,ok,
Reconstruction_Analysis_Contract_v1.0.1,2024,timesat_double_logistic,2024-05-25,2024,1.9794,True,2024_segment_1,1.4562922716140747,,ok,
Reconstruction_Analysis_Contract_v1.0.1,2024,timesat_double_logistic,2024-05-26,2024,2.2050800000000002,False,2024_segment_1,1.4819819927215576,,ok,
Reconstruction_Analysis_Contract_v1.0.1,2024,timesat_double_logistic,2024-05-27,2024,1.8383499999999999,True,2024_segment_1,1.5091007947921753,,ok,
Reconstruction_Analysis_Contract_v1.0.1,2024,timesat_double_logistic,2024-05-28,2024,1.80877,False,2024_segment_1,1.5377238988876343,,ok,
Reconstruction_Analysis_Contract_v1.0.1,2024,timesat_double_logistic,2024-05-29,2024,1.8435600000000001,False,2024_segment_1,1.5679299831390381,,ok,
Reconstruction_Analysis_Contract_v1.0.1,2024,timesat_double_logistic,2024-05-30,2024,1.7681899999999999,True,2024_segment_1,1.5998011827468872,,ok,
Reconstruction_Analysis_Contract_v1.0.1,2024,timesat_double_logistic,2024-05-31,2024,1.3507800000000001,False,2024_segment_1,1.6334232091903687,,ok,
Reconstruction_Analysis_Contract_v1.0.1,2024,timesat_double_logistic,2024-06-01,2024,1.3623799999999999,False,2024_segment_1,1.6688857078552246,,ok,
Reconstruction_Analysis_Contract_v1.0.1,2024,timesat_double_logistic,2024-06-02,2024,1.15367,False,2024_segment_1,1.7062819004058838,,ok,
Reconstruction_Analysis_Contract_v1.0.1,2024,timesat_double_logistic,2024-06-03,2024,1.4783299999999999,False,2024_segment_1,1.7457091808319092,,ok,
Reconstruction_Analysis_Contract_v1.0.1,2024,timesat_double_logistic,2024-06-04,2024,1.3288500000000001,True,2024_segment_1,1.7872686386108398,,ok,
Reconstruction_Analysis_Contract_v1.0.1,2024,timesat_double_logistic,2024-06-05,2024,1.08226,False,2024_segment_1,1.8310654163360596,,ok,
Reconstruction_Analysis_Contract_v1.0.1,2024,timesat_double_logistic,2024-06-06,2024,1.1987000000000001,True,2024_segment_1,1.8772085905075073,,ok,
Reconstruction_Analysis_Contract_v1.0.1,2024,timesat_double_logistic,2024-06-07,2024,1.14391,False,2024_segment_1,1.9258115291595459,,ok,
Reconstruction_Analysis_Contract_v1.0.1,2024,timesat_double_logistic,2024-06-08,2024,1.1233599999999999,False,2024_segment_1,1.9769912958145142,,ok,
Reconstruction_Analysis_Contract_v1.0.1,2024,timesat_double_logistic,2024-06-09,2024,1.3083,True,2024_segment_1,2.0308692455291748,,ok,
Reconstruction_Analysis_Contract_v1.0.1,2024,timesat_double_logistic,2024-06-10,2024,1.4453,False,2024_segment_1,2.0875706672668457,,ok,
Reconstruction_Analysis_Contract_v1.0.1,2024,timesat_double_logistic,2024-06-11,2024,1.6488,True,2024_segment_1,2.1472241878509521,,ok,
Reconstruction_Analysis_Contract_v1.0.1,2024,timesat_double_logistic,2024-06-12,2024,1.50159,False,2024_segment_1,2.2099630832672119,,ok,
Reconstruction_Analysis_Contract_v1.0.1,2024,timesat_double_logistic,2024-06-13,2024,1.7886500000000001,False,2024_segment_1,2.2759237289428711,,ok,
Reconstruction_Analysis_Contract_v1.0.1,2024,timesat_double_logistic,2024-06-14,2024,1.9285099999999999,True,2024_segment_1,2.3452455997467041,,ok,
Reconstruction_Analysis_Contract_v1.0.1,2024,timesat_double_logistic,2024-06-15,2024,1.9211499999999999,False,2024_segment_1,2.4180724620819092,,ok,
Reconstruction_Analysis_Contract_v1.0.1,2024,timesat_double_logistic,2024-06-16,2024,2.41431,False,2024_segment_1,2.4945497512817383,,ok,
Reconstruction_Analysis_Contract_v1.0.1,2024,timesat_double_logistic,2024-06-17,2024,2.0242,False,2024_segment_1,2.5748264789581299,,ok,
Reconstruction_Analysis_Contract_v1.0.1,2024,timesat_double_logistic,2024-06-18,2024,1.5275700000000001,False,2024_segment_1,2.6590535640716553,,ok,
Reconstruction_Analysis_Contract_v1.0.1,2024,timesat_double_logistic,2024-06-19,2024,1.14059,False,2024_segment_1,2.7473835945129395,,ok,
Reconstruction_Analysis_Contract_v1.0.1,2024,timesat_double_logistic,2024-06-20,2024,1.0916999999999999,False,2024_segment_1,2.8399710655212402,,ok,
Reconstruction_Analysis_Contract_v1.0.1,2024,timesat_double_logistic,2024-06-21,2024,1.0061599999999999,True,2024_segment_1,2.9369704723358154,,ok,
Reconstruction_Analysis_Contract_v1.0.1,2024,timesat_double_logistic,2024-06-22,2024,1.05504,False,2024_segment_1,3.0385372638702393,,ok,
Reconstruction_Analysis_Contract_v1.0.1,2024,timesat_double_logistic,2024-06-23,2024,0.91246799999999995,False,2024_segment_1,3.1448259353637695,,ok,
Reconstruction_Analysis_Contract_v1.0.1,2024,timesat_double_logistic,2024-06-24,2024,0.93691000000000002,False,2024_segment_1,3.2559897899627686,,ok,
Reconstruction_Analysis_Contract_v1.0.1,2024,timesat_double_logistic,2024-06-25,2024,2.31358,False,2024_segment_1,3.3721799850463867,,ok,
Reconstruction_Analysis_Contract_v1.0.1,2024,timesat_double_logistic,2024-06-26,2024,1.6033999999999999,False,2024_segment_1,3.4935448169708252,,ok,
Reconstruction_Analysis_Contract_v1.0.1,2024,timesat_double_logistic,2024-06-27,2024,1.62537,False,2024_segment_1,3.6202287673950195,,ok,
Reconstruction_Analysis_Contract_v1.0.1,2024,timesat_double_logistic,2024-06-28,2024,1.9694799999999999,False,2024_segment_1,3.7523705959320068,,ok,
Reconstruction_Analysis_Contract_v1.0.1,2024,timesat_double_logistic,2024-06-29,2024,2.11591,True,2024_segment_1,3.8901033401489258,,ok,
Reconstruction_Analysis_Contract_v1.0.1,2024,timesat_double_logistic,2024-06-30,2024,1.8743000000000001,False,2024_segment_1,4.0335526466369629,,ok,
Reconstruction_Analysis_Contract_v1.0.1,2024,timesat_double_logistic,2024-07-01,2024,1.9841200000000001,False,2024_segment_1,4.182835578918457,,ok,
Reconstruction_Analysis_Contract_v1.0.1,2024,timesat_double_logistic,2024-07-02,2024,8.6933699999999998,False,2024_segment_1,4.3380589485168457,,ok,
Reconstruction_Analysis_Contract_v1.0.1,2024,timesat_double_logistic,2024-07-03,2024,9.3600399999999997,False,2024_segment_1,4.4993181228637695,,ok,
Reconstruction_Analysis_Contract_v1.0.1,2024,timesat_double_logistic,2024-07-04,2024,8.93337,False,2024_segment_1,4.6666960716247559,,ok,
Reconstruction_Analysis_Contract_v1.0.1,2024,timesat_double_logistic,2024-07-05,2024,8.6133699999999997,False,2024_segment_1,4.8402605056762695,,ok,
Reconstruction_Analysis_Contract_v1.0.1,2024,timesat_double_logistic,2024-07-06,2024,11.013400000000001,False,2024_segment_1,5.0200638771057129,,ok,
Reconstruction_Analysis_Contract_v1.0.1,2024,timesat_double_logistic,2024-07-07,2024,11.6267,False,2024_segment_1,5.2061419486999512,,ok,
Reconstruction_Analysis_Contract_v1.0.1,2024,timesat_double_logistic,2024-07-08,2024,11.9467,False,2024_segment_1,5.3985109329223633,,ok,
Reconstruction_Analysis_Contract_v1.0.1,2024,timesat_double_logistic,2024-07-09,2024,7.49817,True,2024_segment_1,5.5971670150756836,,ok,
Reconstruction_Analysis_Contract_v1.0.1,2024,timesat_double_logistic,2024-07-10,2024,10.717499999999999,False,2024_segment_1,5.8020844459533691,,ok,
Reconstruction_Analysis_Contract_v1.0.1,2024,timesat_double_logistic,2024-07-11,2024,7.2740400000000003,False,2024_segment_1,6.0132150650024414,,ok,
Reconstruction_Analysis_Contract_v1.0.1,2024,timesat_double_logistic,2024-07-12,2024,12.4087,False,2024_segment_1,6.2304849624633789,,ok,
Reconstruction_Analysis_Contract_v1.0.1,2024,timesat_double_logistic,2024-07-13,2024,8.2113099999999992,False,2024_segment_1,6.4537968635559082,,ok,
Reconstruction_Analysis_Contract_v1.0.1,2024,timesat_double_logistic,2024-07-14,2024,7.8241800000000001,False,2024_segment_1,6.6830253601074219,,ok,
Reconstruction_Analysis_Contract_v1.0.1,2024,timesat_double_logistic,2024-07-15,2024,9.0059500000000003,False,2024_segment_1,6.9180178642272949,,ok,
Reconstruction_Analysis_Contract_v1.0.1,2024,timesat_double_logistic,2024-07-16,2024,9.6783400000000004,False,2024_segment_1,7.158595085144043,,ok,
Reconstruction_Analysis_Contract_v1.0.1,2024,timesat_double_logistic,2024-07-17,2024,10.330399999999999,False,2024_segment_1,7.4045472145080566,,ok,
Reconstruction_Analysis_Contract_v1.0.1,2024,timesat_double_logistic,2024-07-18,2024,11.614000000000001,False,2024_segment_1,7.6556367874145508,,ok,
Reconstruction_Analysis_Contract_v1.0.1,2024,timesat_double_logistic,2024-07-19,2024,14.2628,False,2024_segment_1,7.9115972518920898,,ok,
Reconstruction_Analysis_Contract_v1.0.1,2024,timesat_double_logistic,2024-07-20,2024,9.1078299999999999,False,2024_segment_1,8.1721334457397461,,ok,
Reconstruction_Analysis_Contract_v1.0.1,2024,timesat_double_logistic,2024-07-21,2024,11.023099999999999,True,2024_segment_1,8.4369211196899414,,ok,
Reconstruction_Analysis_Contract_v1.0.1,2024,timesat_double_logistic,2024-07-22,2024,8.4354399999999998,False,2024_segment_1,8.7056093215942383,,ok,
Reconstruction_Analysis_Contract_v1.0.1,2024,timesat_double_logistic,2024-07-23,2024,5.4504900000000003,False,2024_segment_1,8.9778203964233398,,ok,
Reconstruction_Analysis_Contract_v1.0.1,2024,timesat_double_logistic,2024-07-24,2024,5.7839,False,2024_segment_1,9.2531499862670898,,ok,
Reconstruction_Analysis_Contract_v1.0.1,2024,timesat_double_logistic,2024-07-25,2024,4.7981699999999998,False,2024_segment_1,9.5311708450317383,,ok,
Reconstruction_Analysis_Contract_v1.0.1,2024,timesat_double_logistic,2024-07-26,2024,5.1460699999999999,True,2024_segment_1,9.811431884765625,,ok,
Reconstruction_Analysis_Contract_v1.0.1,2024,timesat_double_logistic,2024-07-27,2024,5.4359900000000003,False,2024_segment_1,10.093463897705078,,ok,
Reconstruction_Analysis_Contract_v1.0.1,2024,timesat_double_logistic,2024-07-28,2024,5.7694000000000001,False,2024_segment_1,10.376774787902832,,ok,
Reconstruction_Analysis_Contract_v1.0.1,2024,timesat_double_logistic,2024-07-29,2024,6.1463000000000001,False,2024_segment_1,10.660859107971191,,ok,
Reconstruction_Analysis_Contract_v1.0.1,2024,timesat_double_logistic,2024-07-30,2024,13.7544,False,2024_segment_1,10.945195198059082,,ok,
Reconstruction_Analysis_Contract_v1.0.1,2024,timesat_double_logistic,2024-07-31,2024,10.321999999999999,False,2024_segment_1,11.229250907897949,,ok,
Reconstruction_Analysis_Contract_v1.0.1,2024,timesat_double_logistic,2024-08-01,2024,10.7418,False,2024_segment_1,11.512480735778809,,ok,
Reconstruction_Analysis_Contract_v1.0.1,2024,timesat_double_logistic,2024-08-02,2024,14.7174,False,2024_segment_1,11.794334411621094,,ok,
Reconstruction_Analysis_Contract_v1.0.1,2024,timesat_double_logistic,2024-08-03,2024,11.186199999999999,False,2024_segment_1,12.074253082275391,,ok,
Reconstruction_Analysis_Contract_v1.0.1,2024,timesat_double_logistic,2024-08-04,2024,11.951700000000001,False,2024_segment_1,12.351676940917969,,ok,
Reconstruction_Analysis_Contract_v1.0.1,2024,timesat_double_logistic,2024-08-05,2024,9.6058500000000002,False,2024_segment_1,12.626040458679199,,ok,
Reconstruction_Analysis_Contract_v1.0.1,2024,timesat_double_logistic,2024-08-06,2024,7.5105899999999997,False,2024_segment_1,12.896780967712402,,ok,
Reconstruction_Analysis_Contract_v1.0.1,2024,timesat_double_logistic,2024-08-07,2024,6.4060899999999998,False,2024_segment_1,13.163332939147949,,ok,
Reconstruction_Analysis_Contract_v1.0.1,2024,timesat_double_logistic,2024-08-08,2024,8.39419,False,2024_segment_1,13.425134658813477,,ok,
Reconstruction_Analysis_Contract_v1.0.1,2024,timesat_double_logistic,2024-08-09,2024,7.9724700000000004,False,2024_segment_1,13.681624412536621,,ok,
Reconstruction_Analysis_Contract_v1.0.1,2024,timesat_double_logistic,2024-08-10,2024,8.3339400000000001,False,2024_segment_1,13.932244300842285,,ok,
Reconstruction_Analysis_Contract_v1.0.1,2024,timesat_double_logistic,2024-08-11,2024,14.478999999999999,False,2024_segment_1,14.176437377929688,,ok,
Reconstruction_Analysis_Contract_v1.0.1,2024,timesat_double_logistic,2024-08-12,2024,18.756399999999999,False,2024_segment_1,14.413647651672363,,ok,
Reconstruction_Analysis_Contract_v1.0.1,2024,timesat_double_logistic,2024-08-13,2024,12.441000000000001,True,2024_segment_1,14.643319129943848,,ok,
Reconstruction_Analysis_Contract_v1.0.1,2024,timesat_double_logistic,2024-08-14,2024,7.1908099999999999,False,2024_segment_1,14.864895820617676,,ok,
Reconstruction_Analysis_Contract_v1.0.1,2024,timesat_double_logistic,2024-08-15,2024,8.1091599999999993,False,2024_segment_1,15.077816963195801,,ok,
Reconstruction_Analysis_Contract_v1.0.1,2024,timesat_double_logistic,2024-08-16,2024,8.1957900000000006,False,2024_segment_1,15.281515121459961,,ok,
Reconstruction_Analysis_Contract_v1.0.1,2024,timesat_double_logistic,2024-08-17,2024,15.559900000000001,False,2024_segment_1,15.475417137145996,,ok,
Reconstruction_Analysis_Contract_v1.0.1,2024,timesat_double_logistic,2024-08-18,2024,14.5549,True,2024_segment_1,15.658935546875,,ok,
Reconstruction_Analysis_Contract_v1.0.1,2024,timesat_double_logistic,2024-08-19,2024,21.035299999999999,False,2024_segment_1,15.831470489501953,,ok,
Reconstruction_Analysis_Contract_v1.0.1,2024,timesat_double_logistic,2024-08-20,2024,18.315899999999999,True,2024_segment_1,15.992401123046875,,ok,
Reconstruction_Analysis_Contract_v1.0.1,2024,timesat_double_logistic,2024-08-21,2024,25.3337,False,2024_segment_1,16.141088485717773,,ok,
Reconstruction_Analysis_Contract_v1.0.1,2024,timesat_double_logistic,2024-08-22,2024,22.770399999999999,False,2024_segment_1,16.276861190795898,,ok,
Reconstruction_Analysis_Contract_v1.0.1,2024,timesat_double_logistic,2024-08-23,2024,29.464700000000001,False,2024_segment_1,16.399028778076172,,ok,
Reconstruction_Analysis_Contract_v1.0.1,2024,timesat_double_logistic,2024-08-24,2024,19.485499999999998,False,2024_segment_1,16.506858825683594,,ok,
Reconstruction_Analysis_Contract_v1.0.1,2024,timesat_double_logistic,2024-08-25,2024,13.886200000000001,False,2024_segment_1,16.599588394165039,,ok,
Reconstruction_Analysis_Contract_v1.0.1,2024,timesat_double_logistic,2024-08-26,2024,15.3047,False,2024_segment_1,16.676420211791992,,ok,
Reconstruction_Analysis_Contract_v1.0.1,2024,timesat_double_logistic,2024-08-27,2024,13.040100000000001,False,2024_segment_1,16.736513137817383,,ok,
Reconstruction_Analysis_Contract_v1.0.1,2024,timesat_double_logistic,2024-08-28,2024,9.3197299999999998,True,2024_segment_1,16.77899169921875,,ok,
Reconstruction_Analysis_Contract_v1.0.1,2024,timesat_double_logistic,2024-08-29,2024,13.352499999999999,False,2024_segment_1,16.802944183349609,,ok,
Reconstruction_Analysis_Contract_v1.0.1,2024,timesat_double_logistic,2024-08-30,2024,18.253499999999999,False,2024_segment_1,16.807426452636719,,ok,
Reconstruction_Analysis_Contract_v1.0.1,2024,timesat_double_logistic,2024-08-31,2024,35.773899999999998,False,2024_segment_1,16.791465759277344,,ok,
Reconstruction_Analysis_Contract_v1.0.1,2024,timesat_double_logistic,2024-09-01,2024,15.6294,False,2024_segment_1,16.75407600402832,,ok,
Reconstruction_Analysis_Contract_v1.0.1,2024,timesat_double_logistic,2024-09-02,2024,15.243399999999999,False,2024_segment_1,16.694257736206055,,ok,
Reconstruction_Analysis_Contract_v1.0.1,2024,timesat_double_logistic,2024-09-03,2024,21.2712,False,2024_segment_1,16.611028671264648,,ok,
Reconstruction_Analysis_Contract_v1.0.1,2024,timesat_double_logistic,2024-09-04,2024,27.197600000000001,True,2024_segment_1,16.503429412841797,,ok,
Reconstruction_Analysis_Contract_v1.0.1,2024,timesat_double_logistic,2024-09-05,2024,11.4102,False,2024_segment_1,16.370548248291016,,ok,
Reconstruction_Analysis_Contract_v1.0.1,2024,timesat_double_logistic,2024-09-06,2024,10.7217,False,2024_segment_1,16.211553573608398,,ok,
Reconstruction_Analysis_Contract_v1.0.1,2024,timesat_double_logistic,2024-09-07,2024,14.6808,True,2024_segment_1,16.025720596313477,,ok,
Reconstruction_Analysis_Contract_v1.0.1,2024,timesat_double_logistic,2024-09-08,2024,15.0251,False,2024_segment_1,15.812459945678711,,ok,
Reconstruction_Analysis_Contract_v1.0.1,2024,timesat_double_logistic,2024-09-09,2024,15.7628,False,2024_segment_1,15.571362495422363,,ok,
Reconstruction_Analysis_Contract_v1.0.1,2024,timesat_double_logistic,2024-09-10,2024,13.648,False,2024_segment_1,15.302230834960938,,ok,
Reconstruction_Analysis_Contract_v1.0.1,2024,timesat_double_logistic,2024-09-11,2024,13.537800000000001,False,2024_segment_1,15.005117416381836,,ok,
Reconstruction_Analysis_Contract_v1.0.1,2024,timesat_double_logistic,2024-09-12,2024,10.9353,True,2024_segment_1,14.680361747741699,,ok,
Reconstruction_Analysis_Contract_v1.0.1,2024,timesat_double_logistic,2024-09-13,2024,15.2843,False,2024_segment_1,14.328622817993164,,ok,
Reconstruction_Analysis_Contract_v1.0.1,2024,timesat_double_logistic,2024-09-14,2024,26.835999999999999,True,2024_segment_1,13.950906753540039,,ok,
Reconstruction_Analysis_Contract_v1.0.1,2024,timesat_double_logistic,2024-09-15,2024,6.7232599999999998,False,2024_segment_1,13.548581123352051,,ok,
Reconstruction_Analysis_Contract_v1.0.1,2024,timesat_double_logistic,2024-09-16,2024,5.2621799999999999,False,2024_segment_1,13.123387336730957,,ok,
Reconstruction_Analysis_Contract_v1.0.1,2024,timesat_double_logistic,2024-09-17,2024,2.871,False,2024_segment_1,12.677433013916016,,ok,
Reconstruction_Analysis_Contract_v1.0.1,2024,timesat_double_logistic,2024-09-18,2024,3.2820499999999999,False,2024_segment_1,12.213178634643555,,ok,
Reconstruction_Analysis_Contract_v1.0.1,2024,timesat_double_logistic,2024-09-19,2024,3.7310400000000001,True,2024_segment_1,11.733397483825684,,ok,
Reconstruction_Analysis_Contract_v1.0.1,2024,timesat_double_logistic,2024-09-20,2024,3.1366000000000001,False,2024_segment_1,11.24113941192627,,ok,
Reconstruction_Analysis_Contract_v1.0.1,2024,timesat_double_logistic,2024-09-21,2024,4.3760599999999998,False,2024_segment_1,10.739665031433105,,ok,
Reconstruction_Analysis_Contract_v1.0.1,2024,timesat_double_logistic,2024-09-22,2024,3.3832300000000002,False,2024_segment_1,10.232378005981445,,ok,
Reconstruction_Analysis_Contract_v1.0.1,2024,timesat_double_logistic,2024-09-23,2024,3.9397199999999999,False,2024_segment_1,9.7227535247802734,,ok,
Reconstruction_Analysis_Contract_v1.0.1,2024,timesat_double_logistic,2024-09-24,2024,5.1305399999999999,False,2024_segment_1,9.2142534255981445,,ok,
Reconstruction_Analysis_Contract_v1.0.1,2024,timesat_double_logistic,2024-09-25,2024,6.0723799999999999,False,2024_segment_1,8.7102470397949219,,ok,
Reconstruction_Analysis_Contract_v1.0.1,2024,timesat_double_logistic,2024-09-26,2024,4.6100500000000002,False,2024_segment_1,8.2139415740966797,,ok,
Reconstruction_Analysis_Contract_v1.0.1,2024,timesat_double_logistic,2024-09-27,2024,4.2258800000000001,False,2024_segment_1,7.7283082008361816,,ok,
Reconstruction_Analysis_Contract_v1.0.1,2024,timesat_double_logistic,2024-09-28,2024,3.1972900000000002,False,2024_segment_1,7.2560310363769531,,ok,
Reconstruction_Analysis_Contract_v1.0.1,2024,timesat_double_logistic,2024-09-29,2024,3.2096900000000002,True,2024_segment_1,6.7994608879089355,,ok,
Reconstruction_Analysis_Contract_v1.0.1,2024,timesat_double_logistic,2024-09-30,2024,3.9160599999999999,False,2024_segment_1,6.3605880737304688,,ok,
Reconstruction_Analysis_Contract_v1.0.1,2024,timesat_double_logistic,2024-10-01,2024,4.1267399999999999,False,2024_segment_1,5.9410262107849121,,ok,
Reconstruction_Analysis_Contract_v1.0.1,2024,timesat_double_logistic,2024-10-02,2024,3.9284599999999998,False,2024_segment_1,5.5420122146606445,,ok,
Reconstruction_Analysis_Contract_v1.0.1,2024,timesat_double_logistic,2024-10-03,2024,3.4203600000000001,False,2024_segment_1,5.1644153594970703,,ok,
Reconstruction_Analysis_Contract_v1.0.1,2024,timesat_double_logistic,2024-10-04,2024,3.4079700000000002,True,2024_segment_1,4.8087582588195801,,ok,
Reconstruction_Analysis_Contract_v1.0.1,2024,timesat_double_logistic,2024-10-05,2024,3.6682100000000002,False,2024_segment_1,4.4752464294433594,,ok,
Reconstruction_Analysis_Contract_v1.0.1,2024,timesat_double_logistic,2024-10-06,2024,3.4699300000000002,False,2024_segment_1,4.1638002395629883,,ok,
Reconstruction_Analysis_Contract_v1.0.1,2024,timesat_double_logistic,2024-10-07,2024,3.63103,True,2024_segment_1,3.8740942478179932,,ok,
Reconstruction_Analysis_Contract_v1.0.1,2024,timesat_double_logistic,2024-10-08,2024,3.0697199999999998,False,2024_segment_1,3.6055939197540283,,ok,
Reconstruction_Analysis_Contract_v1.0.1,2024,timesat_double_logistic,2024-10-09,2024,3.0095299999999998,False,2024_segment_1,3.3575949668884277,,ok,
Reconstruction_Analysis_Contract_v1.0.1,2024,timesat_double_logistic,2024-10-10,2024,2.8490199999999999,False,2024_segment_1,3.1292598247528076,,ok,
Reconstruction_Analysis_Contract_v1.0.1,2024,timesat_double_logistic,2024-10-11,2024,2.3273700000000002,False,2024_segment_1,2.9196505546569824,,ok,
Reconstruction_Analysis_Contract_v1.0.1,2024,timesat_double_logistic,2024-10-12,2024,2.4878800000000001,True,2024_segment_1,2.7277607917785645,,ok,
Reconstruction_Analysis_Contract_v1.0.1,2024,timesat_double_logistic,2024-10-13,2024,2.3474300000000001,False,2024_segment_1,2.5525414943695068,,ok,
Reconstruction_Analysis_Contract_v1.0.1,2024,timesat_double_logistic,2024-10-14,2024,2.70858,False,2024_segment_1,2.3929243087768555,,ok,
Reconstruction_Analysis_Contract_v1.0.1,2024,timesat_double_logistic,2024-10-15,2024,2.5882000000000001,False,2024_segment_1,2.2478408813476562,,ok,
Reconstruction_Analysis_Contract_v1.0.1,2024,timesat_double_logistic,2024-10-16,2024,2.5581,False,2024_segment_1,2.1162393093109131,,ok,
Reconstruction_Analysis_Contract_v1.0.1,2024,timesat_double_logistic,2024-10-17,2024,2.72864,True,2024_segment_1,1.9970952272415161,,ok,
Reconstruction_Analysis_Contract_v1.0.1,2024,timesat_double_logistic,2024-10-18,2024,2.61829,False,2024_segment_1,1.8894222974777222,,ok,
Reconstruction_Analysis_Contract_v1.0.1,2024,timesat_double_logistic,2024-10-19,2024,3.0095299999999998,True,2024_segment_1,1.7922791242599487,,ok,
Reconstruction_Analysis_Contract_v1.0.1,2024,timesat_double_logistic,2024-10-20,2024,2.64839,False,2024_segment_1,1.704774022102356,,ok,
Reconstruction_Analysis_Contract_v1.0.1,2024,timesat_double_logistic,2024-10-21,2024,2.75874,False,2024_segment_1,1.6260676383972168,,ok,
Reconstruction_Analysis_Contract_v1.0.1,2024,timesat_double_logistic,2024-10-22,2024,3.19095,False,2024_segment_1,1.5553748607635498,,ok,
Reconstruction_Analysis_Contract_v1.0.1,2024,timesat_double_logistic,2024-10-23,2024,3.7633200000000002,False,2024_segment_1,1.4919650554656982,,ok,
Reconstruction_Analysis_Contract_v1.0.1,2024,timesat_double_logistic,2024-10-24,2024,3.67746,True,2024_segment_1,1.4351608753204346,,ok,
Reconstruction_Analysis_Contract_v1.0.1,2024,timesat_double_logistic,2024-10-25,2024,3.7633200000000002,False,2024_segment_1,1.384337306022644,,ok,
Reconstruction_Analysis_Contract_v1.0.1,2024,timesat_double_logistic,2024-10-26,2024,4.3070700000000004,False,2024_segment_1,1.3389195203781128,,ok,
Reconstruction_Analysis_Contract_v1.0.1,2024,timesat_double_logistic,2024-10-27,2024,4.1639799999999996,False,2024_segment_1,1.2983802556991577,,ok,
Reconstruction_Analysis_Contract_v1.0.1,2024,timesat_double_logistic,2024-10-28,2024,3.5773000000000001,False,2024_segment_1,1.262237548828125,,ok,
Reconstruction_Analysis_Contract_v1.0.1,2024,timesat_double_logistic,2024-10-29,2024,3.8777900000000001,False,2024_segment_1,1.2300519943237305,,ok,
Reconstruction_Analysis_Contract_v1.0.1,2024,timesat_double_logistic,2024-10-30,2024,3.53437,False,2024_segment_1,1.2014236450195312,,ok,
Reconstruction_Analysis_Contract_v1.0.1,2024,timesat_double_logistic,2024-10-31,2024,3.86348,False,2024_segment_1,1.175989031791687,,ok,
Reconstruction_Analysis_Contract_v1.0.1,2024,timesat_double_logistic,2024-11-01,2024,3.7203900000000001,False,2024_segment_1,1.153419017791748,,ok,
Reconstruction_Analysis_Contract_v1.0.1,2024,timesat_double_logistic,2024-11-02,2024,3.70608,False,2024_segment_1,1.1334155797958374,,ok,
Reconstruction_Analysis_Contract_v1.0.1,2024,timesat_double_logistic,2024-11-03,2024,3.69177,False,2024_segment_1,1.1157095432281494,,ok,
Reconstruction_Analysis_Contract_v1.0.1,2024,timesat_double_logistic,2024-11-04,2024,3.7776299999999998,False,2024_segment_1,1.1000577211380005,,ok,
Reconstruction_Analysis_Contract_v1.0.1,2024,timesat_double_logistic,2024-11-05,2024,2.8046000000000002,False,2024_segment_1,1.0862413644790649,,ok,
Reconstruction_Analysis_Contract_v1.0.1,2024,timesat_double_logistic,2024-11-06,2024,3.20526,False,2024_segment_1,1.0740631818771362,,ok,
Reconstruction_Analysis_Contract_v1.0.1,2024,timesat_double_logistic,2024-11-07,2024,3.37697,False,2024_segment_1,1.0633459091186523,,ok,
Reconstruction_Analysis_Contract_v1.0.1,2024,timesat_double_logistic,2024-11-08,2024,2.2751600000000001,True,2024_segment_1,1.0539302825927734,,ok,
Reconstruction_Analysis_Contract_v1.0.1,2024,timesat_double_logistic,2024-11-09,2024,3.1623299999999999,False,2024_segment_1,1.0456734895706177,,ok,
Reconstruction_Analysis_Contract_v1.0.1,2024,timesat_double_logistic,2024-11-10,2024,2.7759800000000001,False,2024_segment_1,1.0384472608566284,,ok,
Reconstruction_Analysis_Contract_v1.0.1,2024,timesat_double_logistic,2024-11-11,2024,2.6901299999999999,False,2024_segment_1,1.0321367979049683,,ok,
Reconstruction_Analysis_Contract_v1.0.1,2024,timesat_double_logistic,2024-11-12,2024,2.2135099999999999,False,2024_segment_1,1.0266391038894653,,ok,
Reconstruction_Analysis_Contract_v1.0.1,2024,timesat_double_logistic,2024-11-13,2024,2.3468499999999999,True,2024_segment_1,1.0218623876571655,,ok,
Reconstruction_Analysis_Contract_v1.0.1,2024,timesat_double_logistic,2024-11-14,2024,3.8536299999999999,False,2024_segment_1,1.0177243947982788,,ok,
Reconstruction_Analysis_Contract_v1.0.1,2024,timesat_double_logistic,2024-11-15,2024,2.4535200000000001,False,2024_segment_1,1.0141516923904419,,ok,
Reconstruction_Analysis_Contract_v1.0.1,2024,timesat_double_logistic,2024-11-16,2024,2.3468499999999999,False,2024_segment_1,1.0110784769058228,,ok,
Reconstruction_Analysis_Contract_v1.0.1,2024,timesat_double_logistic,2024-11-17,2024,3.57361,False,2024_segment_1,1.0084464550018311,,ok,
Reconstruction_Analysis_Contract_v1.0.1,2024,timesat_double_logistic,2024-11-18,2024,2.78688,False,2024_segment_1,1.0062035322189331,,ok,
Reconstruction_Analysis_Contract_v1.0.1,2024,timesat_double_logistic,2024-11-19,2024,3.0535700000000001,False,2024_segment_1,1.0061600208282471,,ok,
Reconstruction_Analysis_Contract_v1.0.1,2024,timesat_double_logistic,2024-11-20,2024,3.5069400000000002,False,2024_segment_1,1.0061600208282471,,ok,
Reconstruction_Analysis_Contract_v1.0.1,2024,timesat_double_logistic,2024-11-21,2024,2.5735299999999999,False,2024_segment_1,1.0061600208282471,,ok,
Reconstruction_Analysis_Contract_v1.0.1,2024,timesat_double_logistic,2024-11-22,2024,3.7202899999999999,False,2024_segment_1,1.0061600208282471,,ok,
Reconstruction_Analysis_Contract_v1.0.1,2024,timesat_double_logistic,2024-11-23,2024,3.4136000000000002,False,2024_segment_1,1.0061600208282471,,ok,
Reconstruction_Analysis_Contract_v1.0.1,2024,timesat_double_logistic,2024-11-24,2024,1.9601500000000001,False,2024_segment_1,1.0061600208282471,,ok,
Reconstruction_Analysis_Contract_v1.0.1,2024,timesat_double_logistic,2024-11-25,2024,2.8668900000000002,False,2024_segment_1,1.0061600208282471,,ok,
Reconstruction_Analysis_Contract_v1.0.1,2024,timesat_double_logistic,2024-11-26,2024,3.7469600000000001,True,2024_segment_1,1.0061600208282471,,ok,
Reconstruction_Analysis_Contract_v1.0.1,2024,timesat_double_logistic,2024-11-27,2024,2.32708,False,2024_segment_1,1.0061600208282471,,ok,
Reconstruction_Analysis_Contract_v1.0.1,2024,timesat_double_logistic,2024-11-28,2024,2.8471000000000002,True,2024_segment_1,1.0061600208282471,,ok,
Reconstruction_Analysis_Contract_v1.0.1,2024,timesat_smoothing_spline,2024-04-17,2024,4.34274,True,2024_segment_1,4.3266463279724121,3,ok,
Reconstruction_Analysis_Contract_v1.0.1,2024,timesat_smoothing_spline,2024-04-18,2024,2.5985499999999999,False,2024_segment_1,4.0628108978271484,3,ok,
Reconstruction_Analysis_Contract_v1.0.1,2024,timesat_smoothing_spline,2024-04-19,2024,2.00434,False,2024_segment_1,3.7920911312103271,3,ok,
Reconstruction_Analysis_Contract_v1.0.1,2024,timesat_smoothing_spline,2024-04-20,2024,1.6880200000000001,False,2024_segment_1,3.5196740627288818,3,ok,
Reconstruction_Analysis_Contract_v1.0.1,2024,timesat_smoothing_spline,2024-04-21,2024,1.3983099999999999,False,2024_segment_1,3.2507483959197998,3,ok,
Reconstruction_Analysis_Contract_v1.0.1,2024,timesat_smoothing_spline,2024-04-22,2024,1.4101300000000001,False,2024_segment_1,2.9905016422271729,3,ok,
Reconstruction_Analysis_Contract_v1.0.1,2024,timesat_smoothing_spline,2024-04-23,2024,2.7782100000000001,False,2024_segment_1,2.744121789932251,3,ok,
Reconstruction_Analysis_Contract_v1.0.1,2024,timesat_smoothing_spline,2024-04-24,2024,2.3921700000000001,False,2024_segment_1,2.5167973041534424,3,ok,
Reconstruction_Analysis_Contract_v1.0.1,2024,timesat_smoothing_spline,2024-04-25,2024,2.38584,False,2024_segment_1,2.3137156963348389,3,ok,
Reconstruction_Analysis_Contract_v1.0.1,2024,timesat_smoothing_spline,2024-04-26,2024,2.1833300000000002,False,2024_segment_1,2.1400649547576904,3,ok,
Reconstruction_Analysis_Contract_v1.0.1,2024,timesat_smoothing_spline,2024-04-27,2024,1.80362,False,2024_segment_1,2.0010333061218262,3,ok,
Reconstruction_Analysis_Contract_v1.0.1,2024,timesat_smoothing_spline,2024-04-28,2024,1.9301900000000001,False,2024_segment_1,1.901808500289917,3,ok,
Reconstruction_Analysis_Contract_v1.0.1,2024,timesat_smoothing_spline,2024-04-29,2024,1.82894,False,2024_segment_1,1.847578763961792,3,ok,
Reconstruction_Analysis_Contract_v1.0.1,2024,timesat_smoothing_spline,2024-04-30,2024,2.6182300000000001,False,2024_segment_1,1.8435318470001221,3,ok,
Reconstruction_Analysis_Contract_v1.0.1,2024,timesat_smoothing_spline,2024-05-01,2024,2.7320700000000002,False,2024_segment_1,1.8948558568954468,3,ok,
Reconstruction_Analysis_Contract_v1.0.1,2024,timesat_smoothing_spline,2024-05-02,2024,2.7527699999999999,False,2024_segment_1,2.0067389011383057,3,ok,
Reconstruction_Analysis_Contract_v1.0.1,2024,timesat_smoothing_spline,2024-05-03,2024,2.3905599999999998,False,2024_segment_1,2.1843686103820801,3,ok,
Reconstruction_Analysis_Contract_v1.0.1,2024,timesat_smoothing_spline,2024-05-04,2024,3.5082300000000002,False,2024_segment_1,2.4329330921173096,3,ok,
Reconstruction_Analysis_Contract_v1.0.1,2024,timesat_smoothing_spline,2024-05-05,2024,3.45648,False,2024_segment_1,2.7576205730438232,3,ok,
Reconstruction_Analysis_Contract_v1.0.1,2024,timesat_smoothing_spline,2024-05-06,2024,3.9118300000000001,False,2024_segment_1,3.163618803024292,3,ok,
Reconstruction_Analysis_Contract_v1.0.1,2024,timesat_smoothing_spline,2024-05-07,2024,3.1356700000000002,True,2024_segment_1,3.6561157703399658,3,ok,
Reconstruction_Analysis_Contract_v1.0.1,2024,timesat_smoothing_spline,2024-05-08,2024,3.9118300000000001,False,2024_segment_1,4.2113857269287109,3,ok,
Reconstruction_Analysis_Contract_v1.0.1,2024,timesat_smoothing_spline,2024-05-09,2024,5.4848400000000002,False,2024_segment_1,4.6900486946105957,3,ok,
Reconstruction_Analysis_Contract_v1.0.1,2024,timesat_smoothing_spline,2024-05-10,2024,5.8159999999999998,True,2024_segment_1,4.9238104820251465,3,ok,
Reconstruction_Analysis_Contract_v1.0.1,2024,timesat_smoothing_spline,2024-05-11,2024,5.7642600000000002,False,2024_segment_1,4.7939434051513672,3,ok,
Reconstruction_Analysis_Contract_v1.0.1,2024,timesat_smoothing_spline,2024-05-12,2024,4.9881000000000002,False,2024_segment_1,4.3799829483032227,3,ok,
Reconstruction_Analysis_Contract_v1.0.1,2024,timesat_smoothing_spline,2024-05-13,2024,4.6362399999999999,False,2024_segment_1,3.811032772064209,3,ok,
Reconstruction_Analysis_Contract_v1.0.1,2024,timesat_smoothing_spline,2024-05-14,2024,2.61131,False,2024_segment_1,3.2161948680877686,3,ok,
Reconstruction_Analysis_Contract_v1.0.1,2024,timesat_smoothing_spline,2024-05-15,2024,2.10792,True,2024_segment_1,2.724571704864502,3,ok,
Reconstruction_Analysis_Contract_v1.0.1,2024,timesat_smoothing_spline,2024-05-16,2024,2.2914500000000002,False,2024_segment_1,2.4310073852539062,3,ok,
Reconstruction_Analysis_Contract_v1.0.1,2024,timesat_smoothing_spline,2024-05-17,2024,2.4277799999999998,True,2024_segment_1,2.2933123111724854,3,ok,
Reconstruction_Analysis_Contract_v1.0.1,2024,timesat_smoothing_spline,2024-05-18,2024,3.08847,False,2024_segment_1,2.2425088882446289,3,ok,
Reconstruction_Analysis_Contract_v1.0.1,2024,timesat_smoothing_spline,2024-05-19,2024,2.5483799999999999,False,2024_segment_1,2.2395007610321045,3,ok,
Reconstruction_Analysis_Contract_v1.0.1,2024,timesat_smoothing_spline,2024-05-20,2024,2.3176600000000001,True,2024_segment_1,2.2526624202728271,3,ok,
Reconstruction_Analysis_Contract_v1.0.1,2024,timesat_smoothing_spline,2024-05-21,2024,2.1674699999999998,False,2024_segment_1,2.2539792060852051,3,ok,
Reconstruction_Analysis_Contract_v1.0.1,2024,timesat_smoothing_spline,2024-05-22,2024,2.30382,True,2024_segment_1,2.2298805713653564,3,ok,
Reconstruction_Analysis_Contract_v1.0.1,2024,timesat_smoothing_spline,2024-05-23,2024,2.0452300000000001,False,2024_segment_1,2.1745145320892334,3,ok,
Reconstruction_Analysis_Contract_v1.0.1,2024,timesat_smoothing_spline,2024-05-24,2024,2.2709100000000002,False,2024_segment_1,2.0984599590301514,3,ok,
Reconstruction_Analysis_Contract_v1.0.1,2024,timesat_smoothing_spline,2024-05-25,2024,1.9794,True,2024_segment_1,2.0164036750793457,3,ok,
Reconstruction_Analysis_Contract_v1.0.1,2024,timesat_smoothing_spline,2024-05-26,2024,2.2050800000000002,False,2024_segment_1,1.9409765005111694,3,ok,
Reconstruction_Analysis_Contract_v1.0.1,2024,timesat_smoothing_spline,2024-05-27,2024,1.8383499999999999,True,2024_segment_1,1.8765864372253418,3,ok,
Reconstruction_Analysis_Contract_v1.0.1,2024,timesat_smoothing_spline,2024-05-28,2024,1.80877,False,2024_segment_1,1.8234612941741943,3,ok,
Reconstruction_Analysis_Contract_v1.0.1,2024,timesat_smoothing_spline,2024-05-29,2024,1.8435600000000001,False,2024_segment_1,1.7733319997787476,3,ok,
Reconstruction_Analysis_Contract_v1.0.1,2024,timesat_smoothing_spline,2024-05-30,2024,1.7681899999999999,True,2024_segment_1,1.7158051729202271,3,ok,
Reconstruction_Analysis_Contract_v1.0.1,2024,timesat_smoothing_spline,2024-05-31,2024,1.3507800000000001,False,2024_segment_1,1.6433980464935303,3,ok,
Reconstruction_Analysis_Contract_v1.0.1,2024,timesat_smoothing_spline,2024-06-01,2024,1.3623799999999999,False,2024_segment_1,1.5602682828903198,3,ok,
Reconstruction_Analysis_Contract_v1.0.1,2024,timesat_smoothing_spline,2024-06-02,2024,1.15367,False,2024_segment_1,1.4734843969345093,3,ok,
Reconstruction_Analysis_Contract_v1.0.1,2024,timesat_smoothing_spline,2024-06-03,2024,1.4783299999999999,False,2024_segment_1,1.3901146650314331,3,ok,
Reconstruction_Analysis_Contract_v1.0.1,2024,timesat_smoothing_spline,2024-06-04,2024,1.3288500000000001,True,2024_segment_1,1.3172272443771362,3,ok,
Reconstruction_Analysis_Contract_v1.0.1,2024,timesat_smoothing_spline,2024-06-05,2024,1.08226,False,2024_segment_1,1.2625361680984497,3,ok,
Reconstruction_Analysis_Contract_v1.0.1,2024,timesat_smoothing_spline,2024-06-06,2024,1.1987000000000001,True,2024_segment_1,1.2363383769989014,3,ok,
Reconstruction_Analysis_Contract_v1.0.1,2024,timesat_smoothing_spline,2024-06-07,2024,1.14391,False,2024_segment_1,1.2474852800369263,3,ok,
Reconstruction_Analysis_Contract_v1.0.1,2024,timesat_smoothing_spline,2024-06-08,2024,1.1233599999999999,False,2024_segment_1,1.296464204788208,3,ok,
Reconstruction_Analysis_Contract_v1.0.1,2024,timesat_smoothing_spline,2024-06-09,2024,1.3083,True,2024_segment_1,1.3816717863082886,3,ok,
Reconstruction_Analysis_Contract_v1.0.1,2024,timesat_smoothing_spline,2024-06-10,2024,1.4453,False,2024_segment_1,1.4974281787872314,3,ok,
Reconstruction_Analysis_Contract_v1.0.1,2024,timesat_smoothing_spline,2024-06-11,2024,1.6488,True,2024_segment_1,1.6217485666275024,3,ok,
Reconstruction_Analysis_Contract_v1.0.1,2024,timesat_smoothing_spline,2024-06-12,2024,1.50159,False,2024_segment_1,1.7300751209259033,3,ok,
Reconstruction_Analysis_Contract_v1.0.1,2024,timesat_smoothing_spline,2024-06-13,2024,1.7886500000000001,False,2024_segment_1,1.8038612604141235,3,ok,
Reconstruction_Analysis_Contract_v1.0.1,2024,timesat_smoothing_spline,2024-06-14,2024,1.9285099999999999,True,2024_segment_1,1.8260630369186401,3,ok,
Reconstruction_Analysis_Contract_v1.0.1,2024,timesat_smoothing_spline,2024-06-15,2024,1.9211499999999999,False,2024_segment_1,1.7853283882141113,3,ok,
Reconstruction_Analysis_Contract_v1.0.1,2024,timesat_smoothing_spline,2024-06-16,2024,2.41431,False,2024_segment_1,1.6930711269378662,3,ok,
Reconstruction_Analysis_Contract_v1.0.1,2024,timesat_smoothing_spline,2024-06-17,2024,2.0242,False,2024_segment_1,1.5663962364196777,3,ok,
Reconstruction_Analysis_Contract_v1.0.1,2024,timesat_smoothing_spline,2024-06-18,2024,1.5275700000000001,False,2024_segment_1,1.4224091768264771,3,ok,
Reconstruction_Analysis_Contract_v1.0.1,2024,timesat_smoothing_spline,2024-06-19,2024,1.14059,False,2024_segment_1,1.2782151699066162,3,ok,
Reconstruction_Analysis_Contract_v1.0.1,2024,timesat_smoothing_spline,2024-06-20,2024,1.0916999999999999,False,2024_segment_1,1.1509193181991577,3,ok,
Reconstruction_Analysis_Contract_v1.0.1,2024,timesat_smoothing_spline,2024-06-21,2024,1.0061599999999999,True,2024_segment_1,1.0576268434524536,3,ok,
Reconstruction_Analysis_Contract_v1.0.1,2024,timesat_smoothing_spline,2024-06-22,2024,1.05504,False,2024_segment_1,1.0125839710235596,3,ok,
Reconstruction_Analysis_Contract_v1.0.1,2024,timesat_smoothing_spline,2024-06-23,2024,0.91246799999999995,False,2024_segment_1,1.018599271774292,3,ok,
Reconstruction_Analysis_Contract_v1.0.1,2024,timesat_smoothing_spline,2024-06-24,2024,0.93691000000000002,False,2024_segment_1,1.07562255859375,3,ok,
Reconstruction_Analysis_Contract_v1.0.1,2024,timesat_smoothing_spline,2024-06-25,2024,2.31358,False,2024_segment_1,1.1836032867431641,3,ok,
Reconstruction_Analysis_Contract_v1.0.1,2024,timesat_smoothing_spline,2024-06-26,2024,1.6033999999999999,False,2024_segment_1,1.3424912691116333,3,ok,
Reconstruction_Analysis_Contract_v1.0.1,2024,timesat_smoothing_spline,2024-06-27,2024,1.62537,False,2024_segment_1,1.5522358417510986,3,ok,
Reconstruction_Analysis_Contract_v1.0.1,2024,timesat_smoothing_spline,2024-06-28,2024,1.9694799999999999,False,2024_segment_1,1.8127869367599487,3,ok,
Reconstruction_Analysis_Contract_v1.0.1,2024,timesat_smoothing_spline,2024-06-29,2024,2.11591,True,2024_segment_1,2.124093770980835,3,ok,
Reconstruction_Analysis_Contract_v1.0.1,2024,timesat_smoothing_spline,2024-06-30,2024,1.8743000000000001,False,2024_segment_1,2.4856517314910889,3,ok,
Reconstruction_Analysis_Contract_v1.0.1,2024,timesat_smoothing_spline,2024-07-01,2024,1.9841200000000001,False,2024_segment_1,2.895136833190918,3,ok,
Reconstruction_Analysis_Contract_v1.0.1,2024,timesat_smoothing_spline,2024-07-02,2024,8.6933699999999998,False,2024_segment_1,3.3497707843780518,3,ok,
Reconstruction_Analysis_Contract_v1.0.1,2024,timesat_smoothing_spline,2024-07-03,2024,9.3600399999999997,False,2024_segment_1,3.8467755317687988,3,ok,
Reconstruction_Analysis_Contract_v1.0.1,2024,timesat_smoothing_spline,2024-07-04,2024,8.93337,False,2024_segment_1,4.3833723068237305,3,ok,
Reconstruction_Analysis_Contract_v1.0.1,2024,timesat_smoothing_spline,2024-07-05,2024,8.6133699999999997,False,2024_segment_1,4.9567832946777344,3,ok,
Reconstruction_Analysis_Contract_v1.0.1,2024,timesat_smoothing_spline,2024-07-06,2024,11.013400000000001,False,2024_segment_1,5.5642294883728027,3,ok,
Reconstruction_Analysis_Contract_v1.0.1,2024,timesat_smoothing_spline,2024-07-07,2024,11.6267,False,2024_segment_1,6.2029333114624023,3,ok,
Reconstruction_Analysis_Contract_v1.0.1,2024,timesat_smoothing_spline,2024-07-08,2024,11.9467,False,2024_segment_1,6.8701162338256836,3,ok,
Reconstruction_Analysis_Contract_v1.0.1,2024,timesat_smoothing_spline,2024-07-09,2024,7.49817,True,2024_segment_1,7.5629997253417969,3,ok,
Reconstruction_Analysis_Contract_v1.0.1,2024,timesat_smoothing_spline,2024-07-10,2024,10.717499999999999,False,2024_segment_1,8.2752037048339844,3,ok,
Reconstruction_Analysis_Contract_v1.0.1,2024,timesat_smoothing_spline,2024-07-11,2024,7.2740400000000003,False,2024_segment_1,8.9859418869018555,3,ok,
Reconstruction_Analysis_Contract_v1.0.1,2024,timesat_smoothing_spline,2024-07-12,2024,12.4087,False,2024_segment_1,9.6708259582519531,3,ok,
Reconstruction_Analysis_Contract_v1.0.1,2024,timesat_smoothing_spline,2024-07-13,2024,8.2113099999999992,False,2024_segment_1,10.30546760559082,3,ok,
Reconstruction_Analysis_Contract_v1.0.1,2024,timesat_smoothing_spline,2024-07-14,2024,7.8241800000000001,False,2024_segment_1,10.865478515625,3,ok,
Reconstruction_Analysis_Contract_v1.0.1,2024,timesat_smoothing_spline,2024-07-15,2024,9.0059500000000003,False,2024_segment_1,11.326471328735352,3,ok,
Reconstruction_Analysis_Contract_v1.0.1,2024,timesat_smoothing_spline,2024-07-16,2024,9.6783400000000004,False,2024_segment_1,11.664057731628418,3,ok,
Reconstruction_Analysis_Contract_v1.0.1,2024,timesat_smoothing_spline,2024-07-17,2024,10.330399999999999,False,2024_segment_1,11.853848457336426,3,ok,
Reconstruction_Analysis_Contract_v1.0.1,2024,timesat_smoothing_spline,2024-07-18,2024,11.614000000000001,False,2024_segment_1,11.871456146240234,3,ok,
Reconstruction_Analysis_Contract_v1.0.1,2024,timesat_smoothing_spline,2024-07-19,2024,14.2628,False,2024_segment_1,11.69249153137207,3,ok,
Reconstruction_Analysis_Contract_v1.0.1,2024,timesat_smoothing_spline,2024-07-20,2024,9.1078299999999999,False,2024_segment_1,11.292568206787109,3,ok,
Reconstruction_Analysis_Contract_v1.0.1,2024,timesat_smoothing_spline,2024-07-21,2024,11.023099999999999,True,2024_segment_1,10.647296905517578,3,ok,
Reconstruction_Analysis_Contract_v1.0.1,2024,timesat_smoothing_spline,2024-07-22,2024,8.4354399999999998,False,2024_segment_1,9.7531681060791016,3,ok,
Reconstruction_Analysis_Contract_v1.0.1,2024,timesat_smoothing_spline,2024-07-23,2024,5.4504900000000003,False,2024_segment_1,8.6901817321777344,3,ok,
Reconstruction_Analysis_Contract_v1.0.1,2024,timesat_smoothing_spline,2024-07-24,2024,5.7839,False,2024_segment_1,7.5592184066772461,3,ok,
Reconstruction_Analysis_Contract_v1.0.1,2024,timesat_smoothing_spline,2024-07-25,2024,4.7981699999999998,False,2024_segment_1,6.4611577987670898,3,ok,
Reconstruction_Analysis_Contract_v1.0.1,2024,timesat_smoothing_spline,2024-07-26,2024,5.1460699999999999,True,2024_segment_1,5.4968786239624023,3,ok,
Reconstruction_Analysis_Contract_v1.0.1,2024,timesat_smoothing_spline,2024-07-27,2024,5.4359900000000003,False,2024_segment_1,4.7477712631225586,3,ok,
Reconstruction_Analysis_Contract_v1.0.1,2024,timesat_smoothing_spline,2024-07-28,2024,5.7694000000000001,False,2024_segment_1,4.2172684669494629,3,ok,
Reconstruction_Analysis_Contract_v1.0.1,2024,timesat_smoothing_spline,2024-07-29,2024,6.1463000000000001,False,2024_segment_1,3.889312744140625,3,ok,
Reconstruction_Analysis_Contract_v1.0.1,2024,timesat_smoothing_spline,2024-07-30,2024,13.7544,False,2024_segment_1,3.7478480339050293,3,ok,
Reconstruction_Analysis_Contract_v1.0.1,2024,timesat_smoothing_spline,2024-07-31,2024,10.321999999999999,False,2024_segment_1,3.7768173217773438,3,ok,
Reconstruction_Analysis_Contract_v1.0.1,2024,timesat_smoothing_spline,2024-08-01,2024,10.7418,False,2024_segment_1,3.9601635932922363,3,ok,
Reconstruction_Analysis_Contract_v1.0.1,2024,timesat_smoothing_spline,2024-08-02,2024,14.7174,False,2024_segment_1,4.2818303108215332,3,ok,
Reconstruction_Analysis_Contract_v1.0.1,2024,timesat_smoothing_spline,2024-08-03,2024,11.186199999999999,False,2024_segment_1,4.7257604598999023,3,ok,
Reconstruction_Analysis_Contract_v1.0.1,2024,timesat_smoothing_spline,2024-08-04,2024,11.951700000000001,False,2024_segment_1,5.2758970260620117,3,ok,
Reconstruction_Analysis_Contract_v1.0.1,2024,timesat_smoothing_spline,2024-08-05,2024,9.6058500000000002,False,2024_segment_1,5.9161839485168457,3,ok,
Reconstruction_Analysis_Contract_v1.0.1,2024,timesat_smoothing_spline,2024-08-06,2024,7.5105899999999997,False,2024_segment_1,6.6305637359619141,3,ok,
Reconstruction_Analysis_Contract_v1.0.1,2024,timesat_smoothing_spline,2024-08-07,2024,6.4060899999999998,False,2024_segment_1,7.4029803276062012,3,ok,
Reconstruction_Analysis_Contract_v1.0.1,2024,timesat_smoothing_spline,2024-08-08,2024,8.39419,False,2024_segment_1,8.2173757553100586,3,ok,
Reconstruction_Analysis_Contract_v1.0.1,2024,timesat_smoothing_spline,2024-08-09,2024,7.9724700000000004,False,2024_segment_1,9.0576944351196289,3,ok,
Reconstruction_Analysis_Contract_v1.0.1,2024,timesat_smoothing_spline,2024-08-10,2024,8.3339400000000001,False,2024_segment_1,9.9078788757324219,3,ok,
Reconstruction_Analysis_Contract_v1.0.1,2024,timesat_smoothing_spline,2024-08-11,2024,14.478999999999999,False,2024_segment_1,10.751872062683105,3,ok,
Reconstruction_Analysis_Contract_v1.0.1,2024,timesat_smoothing_spline,2024-08-12,2024,18.756399999999999,False,2024_segment_1,11.573617935180664,3,ok,
Reconstruction_Analysis_Contract_v1.0.1,2024,timesat_smoothing_spline,2024-08-13,2024,12.441000000000001,True,2024_segment_1,12.357059478759766,3,ok,
Reconstruction_Analysis_Contract_v1.0.1,2024,timesat_smoothing_spline,2024-08-14,2024,7.1908099999999999,False,2024_segment_1,13.090803146362305,3,ok,
Reconstruction_Analysis_Contract_v1.0.1,2024,timesat_smoothing_spline,2024-08-15,2024,8.1091599999999993,False,2024_segment_1,13.782108306884766,3,ok,
Reconstruction_Analysis_Contract_v1.0.1,2024,timesat_smoothing_spline,2024-08-16,2024,8.1957900000000006,False,2024_segment_1,14.442899703979492,3,ok,
Reconstruction_Analysis_Contract_v1.0.1,2024,timesat_smoothing_spline,2024-08-17,2024,15.559900000000001,False,2024_segment_1,15.085099220275879,3,ok,
Reconstruction_Analysis_Contract_v1.0.1,2024,timesat_smoothing_spline,2024-08-18,2024,14.5549,True,2024_segment_1,15.72063159942627,3,ok,
Reconstruction_Analysis_Contract_v1.0.1,2024,timesat_smoothing_spline,2024-08-19,2024,21.035299999999999,False,2024_segment_1,16.296657562255859,3,ok,
Reconstruction_Analysis_Contract_v1.0.1,2024,timesat_smoothing_spline,2024-08-20,2024,18.315899999999999,True,2024_segment_1,16.501285552978516,3,ok,
Reconstruction_Analysis_Contract_v1.0.1,2024,timesat_smoothing_spline,2024-08-21,2024,25.3337,False,2024_segment_1,16.058671951293945,3,ok,
Reconstruction_Analysis_Contract_v1.0.1,2024,timesat_smoothing_spline,2024-08-22,2024,22.770399999999999,False,2024_segment_1,15.096226692199707,3,ok,
Reconstruction_Analysis_Contract_v1.0.1,2024,timesat_smoothing_spline,2024-08-23,2024,29.464700000000001,False,2024_segment_1,13.842165946960449,3,ok,
Reconstruction_Analysis_Contract_v1.0.1,2024,timesat_smoothing_spline,2024-08-24,2024,19.485499999999998,False,2024_segment_1,12.524707794189453,3,ok,
Reconstruction_Analysis_Contract_v1.0.1,2024,timesat_smoothing_spline,2024-08-25,2024,13.886200000000001,False,2024_segment_1,11.372071266174316,3,ok,
Reconstruction_Analysis_Contract_v1.0.1,2024,timesat_smoothing_spline,2024-08-26,2024,15.3047,False,2024_segment_1,10.61247444152832,3,ok,
Reconstruction_Analysis_Contract_v1.0.1,2024,timesat_smoothing_spline,2024-08-27,2024,13.040100000000001,False,2024_segment_1,10.474135398864746,3,ok,
Reconstruction_Analysis_Contract_v1.0.1,2024,timesat_smoothing_spline,2024-08-28,2024,9.3197299999999998,True,2024_segment_1,11.185272216796875,3,ok,
Reconstruction_Analysis_Contract_v1.0.1,2024,timesat_smoothing_spline,2024-08-29,2024,13.352499999999999,False,2024_segment_1,12.870462417602539,3,ok,
Reconstruction_Analysis_Contract_v1.0.1,2024,timesat_smoothing_spline,2024-08-30,2024,18.253499999999999,False,2024_segment_1,15.239717483520508,3,ok,
Reconstruction_Analysis_Contract_v1.0.1,2024,timesat_smoothing_spline,2024-08-31,2024,35.773899999999998,False,2024_segment_1,17.899408340454102,3,ok,
Reconstruction_Analysis_Contract_v1.0.1,2024,timesat_smoothing_spline,2024-09-01,2024,15.6294,False,2024_segment_1,20.455905914306641,3,ok,
Reconstruction_Analysis_Contract_v1.0.1,2024,timesat_smoothing_spline,2024-09-02,2024,15.243399999999999,False,2024_segment_1,22.515583038330078,3,ok,
Reconstruction_Analysis_Contract_v1.0.1,2024,timesat_smoothing_spline,2024-09-03,2024,21.2712,False,2024_segment_1,23.684806823730469,3,ok,
Reconstruction_Analysis_Contract_v1.0.1,2024,timesat_smoothing_spline,2024-09-04,2024,27.197600000000001,True,2024_segment_1,23.569950103759766,3,ok,
Reconstruction_Analysis_Contract_v1.0.1,2024,timesat_smoothing_spline,2024-09-05,2024,11.4102,False,2024_segment_1,21.978919982910156,3,ok,
Reconstruction_Analysis_Contract_v1.0.1,2024,timesat_smoothing_spline,2024-09-06,2024,10.7217,False,2024_segment_1,19.525768280029297,3,ok,
Reconstruction_Analysis_Contract_v1.0.1,2024,timesat_smoothing_spline,2024-09-07,2024,14.6808,True,2024_segment_1,17.026079177856445,3,ok,
Reconstruction_Analysis_Contract_v1.0.1,2024,timesat_smoothing_spline,2024-09-08,2024,15.0251,False,2024_segment_1,15.16515064239502,3,ok,
Reconstruction_Analysis_Contract_v1.0.1,2024,timesat_smoothing_spline,2024-09-09,2024,15.7628,False,2024_segment_1,14.107100486755371,3,ok,
Reconstruction_Analysis_Contract_v1.0.1,2024,timesat_smoothing_spline,2024-09-10,2024,13.648,False,2024_segment_1,13.885756492614746,3,ok,
Reconstruction_Analysis_Contract_v1.0.1,2024,timesat_smoothing_spline,2024-09-11,2024,13.537800000000001,False,2024_segment_1,14.534947395324707,3,ok,
Reconstruction_Analysis_Contract_v1.0.1,2024,timesat_smoothing_spline,2024-09-12,2024,10.9353,True,2024_segment_1,16.088499069213867,3,ok,
Reconstruction_Analysis_Contract_v1.0.1,2024,timesat_smoothing_spline,2024-09-13,2024,15.2843,False,2024_segment_1,18.293951034545898,3,ok,
Reconstruction_Analysis_Contract_v1.0.1,2024,timesat_smoothing_spline,2024-09-14,2024,26.835999999999999,True,2024_segment_1,19.753686904907227,3,ok,
Reconstruction_Analysis_Contract_v1.0.1,2024,timesat_smoothing_spline,2024-09-15,2024,6.7232599999999998,False,2024_segment_1,19.17725944519043,3,ok,
Reconstruction_Analysis_Contract_v1.0.1,2024,timesat_smoothing_spline,2024-09-16,2024,5.2621799999999999,False,2024_segment_1,16.848077774047852,3,ok,
Reconstruction_Analysis_Contract_v1.0.1,2024,timesat_smoothing_spline,2024-09-17,2024,2.871,False,2024_segment_1,13.44300365447998,3,ok,
Reconstruction_Analysis_Contract_v1.0.1,2024,timesat_smoothing_spline,2024-09-18,2024,3.2820499999999999,False,2024_segment_1,9.6389045715332031,3,ok,
Reconstruction_Analysis_Contract_v1.0.1,2024,timesat_smoothing_spline,2024-09-19,2024,3.7310400000000001,True,2024_segment_1,6.1126456260681152,3,ok,
Reconstruction_Analysis_Contract_v1.0.1,2024,timesat_smoothing_spline,2024-09-20,2024,3.1366000000000001,False,2024_segment_1,3.4087817668914795,3,ok,
Reconstruction_Analysis_Contract_v1.0.1,2024,timesat_smoothing_spline,2024-09-21,2024,4.3760599999999998,False,2024_segment_1,1.5426211357116699,3,ok,
Reconstruction_Analysis_Contract_v1.0.1,2024,timesat_smoothing_spline,2024-09-22,2024,3.3832300000000002,False,2024_segment_1,0.39716124534606934,3,ok,
Reconstruction_Analysis_Contract_v1.0.1,2024,timesat_smoothing_spline,2024-09-23,2024,3.9397199999999999,False,2024_segment_1,0,3,ok,
Reconstruction_Analysis_Contract_v1.0.1,2024,timesat_smoothing_spline,2024-09-24,2024,5.1305399999999999,False,2024_segment_1,0,3,ok,
Reconstruction_Analysis_Contract_v1.0.1,2024,timesat_smoothing_spline,2024-09-25,2024,6.0723799999999999,False,2024_segment_1,0.11495775729417801,3,ok,
Reconstruction_Analysis_Contract_v1.0.1,2024,timesat_smoothing_spline,2024-09-26,2024,4.6100500000000002,False,2024_segment_1,0.68227273225784302,3,ok,
Reconstruction_Analysis_Contract_v1.0.1,2024,timesat_smoothing_spline,2024-09-27,2024,4.2258800000000001,False,2024_segment_1,1.3852745294570923,3,ok,
Reconstruction_Analysis_Contract_v1.0.1,2024,timesat_smoothing_spline,2024-09-28,2024,3.1972900000000002,False,2024_segment_1,2.1069602966308594,3,ok,
Reconstruction_Analysis_Contract_v1.0.1,2024,timesat_smoothing_spline,2024-09-29,2024,3.2096900000000002,True,2024_segment_1,2.7303271293640137,3,ok,
Reconstruction_Analysis_Contract_v1.0.1,2024,timesat_smoothing_spline,2024-09-30,2024,3.9160599999999999,False,2024_segment_1,3.1650040149688721,3,ok,
Reconstruction_Analysis_Contract_v1.0.1,2024,timesat_smoothing_spline,2024-10-01,2024,4.1267399999999999,False,2024_segment_1,3.4271440505981445,3,ok,
Reconstruction_Analysis_Contract_v1.0.1,2024,timesat_smoothing_spline,2024-10-02,2024,3.9284599999999998,False,2024_segment_1,3.5595321655273438,3,ok,
Reconstruction_Analysis_Contract_v1.0.1,2024,timesat_smoothing_spline,2024-10-03,2024,3.4203600000000001,False,2024_segment_1,3.6049532890319824,3,ok,
Reconstruction_Analysis_Contract_v1.0.1,2024,timesat_smoothing_spline,2024-10-04,2024,3.4079700000000002,True,2024_segment_1,3.6061923503875732,3,ok,
Reconstruction_Analysis_Contract_v1.0.1,2024,timesat_smoothing_spline,2024-10-05,2024,3.6682100000000002,False,2024_segment_1,3.5950214862823486,3,ok,
Reconstruction_Analysis_Contract_v1.0.1,2024,timesat_smoothing_spline,2024-10-06,2024,3.4699300000000002,False,2024_segment_1,3.55916428565979,3,ok,
Reconstruction_Analysis_Contract_v1.0.1,2024,timesat_smoothing_spline,2024-10-07,2024,3.63103,True,2024_segment_1,3.4753313064575195,3,ok,
Reconstruction_Analysis_Contract_v1.0.1,2024,timesat_smoothing_spline,2024-10-08,2024,3.0697199999999998,False,2024_segment_1,3.328883171081543,3,ok,
Reconstruction_Analysis_Contract_v1.0.1,2024,timesat_smoothing_spline,2024-10-09,2024,3.0095299999999998,False,2024_segment_1,3.1397802829742432,3,ok,
Reconstruction_Analysis_Contract_v1.0.1,2024,timesat_smoothing_spline,2024-10-10,2024,2.8490199999999999,False,2024_segment_1,2.9366328716278076,3,ok,
Reconstruction_Analysis_Contract_v1.0.1,2024,timesat_smoothing_spline,2024-10-11,2024,2.3273700000000002,False,2024_segment_1,2.748051643371582,3,ok,
Reconstruction_Analysis_Contract_v1.0.1,2024,timesat_smoothing_spline,2024-10-12,2024,2.4878800000000001,True,2024_segment_1,2.6026465892791748,3,ok,
Reconstruction_Analysis_Contract_v1.0.1,2024,timesat_smoothing_spline,2024-10-13,2024,2.3474300000000001,False,2024_segment_1,2.5226521492004395,3,ok,
Reconstruction_Analysis_Contract_v1.0.1,2024,timesat_smoothing_spline,2024-10-14,2024,2.70858,False,2024_segment_1,2.5047993659973145,3,ok,
Reconstruction_Analysis_Contract_v1.0.1,2024,timesat_smoothing_spline,2024-10-15,2024,2.5882000000000001,False,2024_segment_1,2.539442777633667,3,ok,
Reconstruction_Analysis_Contract_v1.0.1,2024,timesat_smoothing_spline,2024-10-16,2024,2.5581,False,2024_segment_1,2.6169371604919434,3,ok,
Reconstruction_Analysis_Contract_v1.0.1,2024,timesat_smoothing_spline,2024-10-17,2024,2.72864,True,2024_segment_1,2.727637767791748,3,ok,
Reconstruction_Analysis_Contract_v1.0.1,2024,timesat_smoothing_spline,2024-10-18,2024,2.61829,False,2024_segment_1,2.8619546890258789,3,ok,
Reconstruction_Analysis_Contract_v1.0.1,2024,timesat_smoothing_spline,2024-10-19,2024,3.0095299999999998,True,2024_segment_1,3.0105211734771729,3,ok,
Reconstruction_Analysis_Contract_v1.0.1,2024,timesat_smoothing_spline,2024-10-20,2024,2.64839,False,2024_segment_1,3.1639716625213623,3,ok,
Reconstruction_Analysis_Contract_v1.0.1,2024,timesat_smoothing_spline,2024-10-21,2024,2.75874,False,2024_segment_1,3.3127191066741943,3,ok,
Reconstruction_Analysis_Contract_v1.0.1,2024,timesat_smoothing_spline,2024-10-22,2024,3.19095,False,2024_segment_1,3.4471225738525391,3,ok,
Reconstruction_Analysis_Contract_v1.0.1,2024,timesat_smoothing_spline,2024-10-23,2024,3.7633200000000002,False,2024_segment_1,3.5575404167175293,3,ok,
Reconstruction_Analysis_Contract_v1.0.1,2024,timesat_smoothing_spline,2024-10-24,2024,3.67746,True,2024_segment_1,3.6343309879302979,3,ok,
Reconstruction_Analysis_Contract_v1.0.1,2024,timesat_smoothing_spline,2024-10-25,2024,3.7633200000000002,False,2024_segment_1,3.6702494621276855,3,ok,
Reconstruction_Analysis_Contract_v1.0.1,2024,timesat_smoothing_spline,2024-10-26,2024,4.3070700000000004,False,2024_segment_1,3.6676340103149414,3,ok,
Reconstruction_Analysis_Contract_v1.0.1,2024,timesat_smoothing_spline,2024-10-27,2024,4.1639799999999996,False,2024_segment_1,3.6312201023101807,3,ok,
Reconstruction_Analysis_Contract_v1.0.1,2024,timesat_smoothing_spline,2024-10-28,2024,3.5773000000000001,False,2024_segment_1,3.565742015838623,3,ok,
Reconstruction_Analysis_Contract_v1.0.1,2024,timesat_smoothing_spline,2024-10-29,2024,3.8777900000000001,False,2024_segment_1,3.4759347438812256,3,ok,
Reconstruction_Analysis_Contract_v1.0.1,2024,timesat_smoothing_spline,2024-10-30,2024,3.53437,False,2024_segment_1,3.3665332794189453,3,ok,
Reconstruction_Analysis_Contract_v1.0.1,2024,timesat_smoothing_spline,2024-10-31,2024,3.86348,False,2024_segment_1,3.2422726154327393,3,ok,
Reconstruction_Analysis_Contract_v1.0.1,2024,timesat_smoothing_spline,2024-11-01,2024,3.7203900000000001,False,2024_segment_1,3.1078872680664062,3,ok,
Reconstruction_Analysis_Contract_v1.0.1,2024,timesat_smoothing_spline,2024-11-02,2024,3.70608,False,2024_segment_1,2.9681122303009033,3,ok,
Reconstruction_Analysis_Contract_v1.0.1,2024,timesat_smoothing_spline,2024-11-03,2024,3.69177,False,2024_segment_1,2.8276822566986084,3,ok,
Reconstruction_Analysis_Contract_v1.0.1,2024,timesat_smoothing_spline,2024-11-04,2024,3.7776299999999998,False,2024_segment_1,2.6913323402404785,3,ok,
Reconstruction_Analysis_Contract_v1.0.1,2024,timesat_smoothing_spline,2024-11-05,2024,2.8046000000000002,False,2024_segment_1,2.5637972354888916,3,ok,
Reconstruction_Analysis_Contract_v1.0.1,2024,timesat_smoothing_spline,2024-11-06,2024,3.20526,False,2024_segment_1,2.4498119354248047,3,ok,
Reconstruction_Analysis_Contract_v1.0.1,2024,timesat_smoothing_spline,2024-11-07,2024,3.37697,False,2024_segment_1,2.3541109561920166,3,ok,
Reconstruction_Analysis_Contract_v1.0.1,2024,timesat_smoothing_spline,2024-11-08,2024,2.2751600000000001,True,2024_segment_1,2.2814295291900635,3,ok,
Reconstruction_Analysis_Contract_v1.0.1,2024,timesat_smoothing_spline,2024-11-09,2024,3.1623299999999999,False,2024_segment_1,2.2361540794372559,3,ok,
Reconstruction_Analysis_Contract_v1.0.1,2024,timesat_smoothing_spline,2024-11-10,2024,2.7759800000000001,False,2024_segment_1,2.2212777137756348,3,ok,
Reconstruction_Analysis_Contract_v1.0.1,2024,timesat_smoothing_spline,2024-11-11,2024,2.6901299999999999,False,2024_segment_1,2.239445686340332,3,ok,
Reconstruction_Analysis_Contract_v1.0.1,2024,timesat_smoothing_spline,2024-11-12,2024,2.2135099999999999,False,2024_segment_1,2.2933027744293213,3,ok,
Reconstruction_Analysis_Contract_v1.0.1,2024,timesat_smoothing_spline,2024-11-13,2024,2.3468499999999999,True,2024_segment_1,2.3854942321777344,3,ok,
Reconstruction_Analysis_Contract_v1.0.1,2024,timesat_smoothing_spline,2024-11-14,2024,3.8536299999999999,False,2024_segment_1,2.5165181159973145,3,ok,
Reconstruction_Analysis_Contract_v1.0.1,2024,timesat_smoothing_spline,2024-11-15,2024,2.4535200000000001,False,2024_segment_1,2.6782848834991455,3,ok,
Reconstruction_Analysis_Contract_v1.0.1,2024,timesat_smoothing_spline,2024-11-16,2024,2.3468499999999999,False,2024_segment_1,2.8605577945709229,3,ok,
Reconstruction_Analysis_Contract_v1.0.1,2024,timesat_smoothing_spline,2024-11-17,2024,3.57361,False,2024_segment_1,3.0531010627746582,3,ok,
Reconstruction_Analysis_Contract_v1.0.1,2024,timesat_smoothing_spline,2024-11-18,2024,2.78688,False,2024_segment_1,3.2456774711608887,3,ok,
Reconstruction_Analysis_Contract_v1.0.1,2024,timesat_smoothing_spline,2024-11-19,2024,3.0535700000000001,False,2024_segment_1,3.428051233291626,3,ok,
Reconstruction_Analysis_Contract_v1.0.1,2024,timesat_smoothing_spline,2024-11-20,2024,3.5069400000000002,False,2024_segment_1,3.5899856090545654,3,ok,
Reconstruction_Analysis_Contract_v1.0.1,2024,timesat_smoothing_spline,2024-11-21,2024,2.5735299999999999,False,2024_segment_1,3.7212443351745605,3,ok,
Reconstruction_Analysis_Contract_v1.0.1,2024,timesat_smoothing_spline,2024-11-22,2024,3.7202899999999999,False,2024_segment_1,3.8115906715393066,3,ok,
Reconstruction_Analysis_Contract_v1.0.1,2024,timesat_smoothing_spline,2024-11-23,2024,3.4136000000000002,False,2024_segment_1,3.8507885932922363,3,ok,
Reconstruction_Analysis_Contract_v1.0.1,2024,timesat_smoothing_spline,2024-11-24,2024,1.9601500000000001,False,2024_segment_1,3.8286013603210449,3,ok,
Reconstruction_Analysis_Contract_v1.0.1,2024,timesat_smoothing_spline,2024-11-25,2024,2.8668900000000002,False,2024_segment_1,3.7347924709320068,3,ok,
Reconstruction_Analysis_Contract_v1.0.1,2024,timesat_smoothing_spline,2024-11-26,2024,3.7469600000000001,True,2024_segment_1,3.5591259002685547,3,ok,
Reconstruction_Analysis_Contract_v1.0.1,2024,timesat_smoothing_spline,2024-11-27,2024,2.32708,False,2024_segment_1,3.301800012588501,3,ok,
Reconstruction_Analysis_Contract_v1.0.1,2024,timesat_smoothing_spline,2024-11-28,2024,2.8471000000000002,True,2024_segment_1,3.0047547817230225,3,ok,
Reconstruction_Analysis_Contract_v1.0.1,2025,linear_interpolation,2025-03-21,2025,27.9665,True,2025_segment_1,27.9665,,ok,
Reconstruction_Analysis_Contract_v1.0.1,2025,linear_interpolation,2025-03-22,2025,31.335100000000001,False,2025_segment_1,33.113,,ok,
Reconstruction_Analysis_Contract_v1.0.1,2025,linear_interpolation,2025-03-23,2025,38.259500000000003,True,2025_segment_1,38.259500000000003,,ok,
Reconstruction_Analysis_Contract_v1.0.1,2025,linear_interpolation,2025-03-24,2025,38.493400000000001,False,2025_segment_1,38.747660000000003,,ok,
Reconstruction_Analysis_Contract_v1.0.1,2025,linear_interpolation,2025-03-25,2025,27.380299999999998,False,2025_segment_1,39.235820000000004,,ok,
Reconstruction_Analysis_Contract_v1.0.1,2025,linear_interpolation,2025-03-26,2025,35.609299999999998,False,2025_segment_1,39.723979999999997,,ok,
Reconstruction_Analysis_Contract_v1.0.1,2025,linear_interpolation,2025-03-27,2025,34.433700000000002,False,2025_segment_1,40.212139999999998,,ok,
Reconstruction_Analysis_Contract_v1.0.1,2025,linear_interpolation,2025-03-28,2025,40.700299999999999,True,2025_segment_1,40.700299999999999,,ok,
Reconstruction_Analysis_Contract_v1.0.1,2025,linear_interpolation,2025-03-29,2025,38.2288,False,2025_segment_1,35.987984285714283,,ok,
Reconstruction_Analysis_Contract_v1.0.1,2025,linear_interpolation,2025-03-30,2025,40.746499999999997,False,2025_segment_1,31.275668571428568,,ok,
Reconstruction_Analysis_Contract_v1.0.1,2025,linear_interpolation,2025-03-31,2025,38.043700000000001,False,2025_segment_1,26.563352857142856,,ok,
Reconstruction_Analysis_Contract_v1.0.1,2025,linear_interpolation,2025-04-01,2025,16.215599999999998,False,2025_segment_1,21.851037142857141,,ok,
Reconstruction_Analysis_Contract_v1.0.1,2025,linear_interpolation,2025-04-02,2025,13.369,False,2025_segment_1,17.138721428571426,,ok,
Reconstruction_Analysis_Contract_v1.0.1,2025,linear_interpolation,2025-04-03,2025,6.9510399999999999,False,2025_segment_1,12.426405714285712,,ok,
Reconstruction_Analysis_Contract_v1.0.1,2025,linear_interpolation,2025-04-04,2025,7.7140899999999997,True,2025_segment_1,7.7140899999999997,,ok,
Reconstruction_Analysis_Contract_v1.0.1,2025,linear_interpolation,2025-04-05,2025,8.1565899999999996,False,2025_segment_1,7.2390733333333328,,ok,
Reconstruction_Analysis_Contract_v1.0.1,2025,linear_interpolation,2025-04-06,2025,7.18797,False,2025_segment_1,6.7640566666666668,,ok,
Reconstruction_Analysis_Contract_v1.0.1,2025,linear_interpolation,2025-04-07,2025,6.28904,True,2025_segment_1,6.28904,,ok,
Reconstruction_Analysis_Contract_v1.0.1,2025,linear_interpolation,2025-04-08,2025,8.3335500000000007,False,2025_segment_1,6.6856100000000005,,ok,
Reconstruction_Analysis_Contract_v1.0.1,2025,linear_interpolation,2025-04-09,2025,8.2102299999999993,False,2025_segment_1,7.0821800000000001,,ok,
Reconstruction_Analysis_Contract_v1.0.1,2025,linear_interpolation,2025-04-10,2025,8.4331499999999995,False,2025_segment_1,7.4787500000000007,,ok,
Reconstruction_Analysis_Contract_v1.0.1,2025,linear_interpolation,2025-04-11,2025,6.9580599999999997,False,2025_segment_1,7.8753200000000003,,ok,
Reconstruction_Analysis_Contract_v1.0.1,2025,linear_interpolation,2025-04-12,2025,8.2718900000000009,True,2025_segment_1,8.2718900000000009,,ok,
Reconstruction_Analysis_Contract_v1.0.1,2025,linear_interpolation,2025-04-13,2025,8.2529199999999996,False,2025_segment_1,7.6552950000000006,,ok,
Reconstruction_Analysis_Contract_v1.0.1,2025,linear_interpolation,2025-04-14,2025,7.0387000000000004,True,2025_segment_1,7.0387000000000004,,ok,
Reconstruction_Analysis_Contract_v1.0.1,2025,linear_interpolation,2025-04-15,2025,7.9284600000000003,False,2025_segment_1,7.1876961538461543,,ok,
Reconstruction_Analysis_Contract_v1.0.1,2025,linear_interpolation,2025-04-16,2025,8.54833,False,2025_segment_1,7.3366923076923083,,ok,
Reconstruction_Analysis_Contract_v1.0.1,2025,linear_interpolation,2025-04-17,2025,9.9710900000000002,False,2025_segment_1,7.4856884615384622,,ok,
Reconstruction_Analysis_Contract_v1.0.1,2025,linear_interpolation,2025-04-18,2025,7.7867699999999997,False,2025_segment_1,7.6346846153846153,,ok,
Reconstruction_Analysis_Contract_v1.0.1,2025,linear_interpolation,2025-04-19,2025,8.0524299999999993,False,2025_segment_1,7.7836807692307692,,ok,
Reconstruction_Analysis_Contract_v1.0.1,2025,linear_interpolation,2025-04-20,2025,9.1504899999999996,False,2025_segment_1,7.9326769230769232,,ok,
Reconstruction_Analysis_Contract_v1.0.1,2025,linear_interpolation,2025-04-21,2025,12.3561,False,2025_segment_1,8.0816730769230762,,ok,
Reconstruction_Analysis_Contract_v1.0.1,2025,linear_interpolation,2025-04-22,2025,10.0892,False,2025_segment_1,8.2306692307692302,,ok,
Reconstruction_Analysis_Contract_v1.0.1,2025,linear_interpolation,2025-04-23,2025,6.8301400000000001,False,2025_segment_1,8.3796653846153841,,ok,
Reconstruction_Analysis_Contract_v1.0.1,2025,linear_interpolation,2025-04-24,2025,8.0165500000000005,False,2025_segment_1,8.5286615384615381,,ok,
Reconstruction_Analysis_Contract_v1.0.1,2025,linear_interpolation,2025-04-25,2025,10.0512,False,2025_segment_1,8.677657692307692,,ok,
Reconstruction_Analysis_Contract_v1.0.1,2025,linear_interpolation,2025-04-26,2025,6.9521100000000002,False,2025_segment_1,8.826653846153846,,ok,
Reconstruction_Analysis_Contract_v1.0.1,2025,linear_interpolation,2025-04-27,2025,8.9756499999999999,True,2025_segment_1,8.9756499999999999,,ok,
Reconstruction_Analysis_Contract_v1.0.1,2025,linear_interpolation,2025-04-28,2025,7.1128900000000002,False,2025_segment_1,8.2031428571428577,,ok,
Reconstruction_Analysis_Contract_v1.0.1,2025,linear_interpolation,2025-04-29,2025,5.8607100000000001,False,2025_segment_1,7.4306357142857138,,ok,
Reconstruction_Analysis_Contract_v1.0.1,2025,linear_interpolation,2025-04-30,2025,4.4662800000000002,False,2025_segment_1,6.6581285714285707,,ok,
Reconstruction_Analysis_Contract_v1.0.1,2025,linear_interpolation,2025-05-01,2025,3.7936700000000001,False,2025_segment_1,5.8856214285714277,,ok,
Reconstruction_Analysis_Contract_v1.0.1,2025,linear_interpolation,2025-05-02,2025,4.2038000000000002,False,2025_segment_1,5.1131142857142855,,ok,
Reconstruction_Analysis_Contract_v1.0.1,2025,linear_interpolation,2025-05-03,2025,4.4990899999999998,False,2025_segment_1,4.3406071428571424,,ok,
Reconstruction_Analysis_Contract_v1.0.1,2025,linear_interpolation,2025-05-04,2025,3.5680999999999998,True,2025_segment_1,3.5680999999999998,,ok,
Reconstruction_Analysis_Contract_v1.0.1,2025,linear_interpolation,2025-05-05,2025,2.93241,False,2025_segment_1,3.2985899999999999,,ok,
Reconstruction_Analysis_Contract_v1.0.1,2025,linear_interpolation,2025-05-06,2025,2.5649099999999998,False,2025_segment_1,3.02908,,ok,
Reconstruction_Analysis_Contract_v1.0.1,2025,linear_interpolation,2025-05-07,2025,2.7595700000000001,True,2025_segment_1,2.7595700000000001,,ok,
Reconstruction_Analysis_Contract_v1.0.1,2025,linear_interpolation,2025-05-08,2025,2.0572699999999999,False,2025_segment_1,2.615294,,ok,
Reconstruction_Analysis_Contract_v1.0.1,2025,linear_interpolation,2025-05-09,2025,2.03437,False,2025_segment_1,2.4710179999999999,,ok,
Reconstruction_Analysis_Contract_v1.0.1,2025,linear_interpolation,2025-05-10,2025,1.9694799999999999,False,2025_segment_1,2.3267420000000003,,ok,
Reconstruction_Analysis_Contract_v1.0.1,2025,linear_interpolation,2025-05-11,2025,1.9122300000000001,False,2025_segment_1,2.1824660000000002,,ok,
Reconstruction_Analysis_Contract_v1.0.1,2025,linear_interpolation,2025-05-12,2025,2.0381900000000002,True,2025_segment_1,2.0381900000000002,,ok,
Reconstruction_Analysis_Contract_v1.0.1,2025,linear_interpolation,2025-05-13,2025,1.6411500000000001,False,2025_segment_1,1.7129500000000002,,ok,
Reconstruction_Analysis_Contract_v1.0.1,2025,linear_interpolation,2025-05-14,2025,1.38771,True,2025_segment_1,1.38771,,ok,
Reconstruction_Analysis_Contract_v1.0.1,2025,linear_interpolation,2025-05-15,2025,1.5453399999999999,True,2025_segment_1,1.5453399999999999,,ok,
Reconstruction_Analysis_Contract_v1.0.1,2025,linear_interpolation,2025-05-16,2025,1.6195200000000001,False,2025_segment_1,1.593726,,ok,
Reconstruction_Analysis_Contract_v1.0.1,2025,linear_interpolation,2025-05-17,2025,1.5453399999999999,False,2025_segment_1,1.642112,,ok,
Reconstruction_Analysis_Contract_v1.0.1,2025,linear_interpolation,2025-05-18,2025,1.92858,False,2025_segment_1,1.6904979999999998,,ok,
Reconstruction_Analysis_Contract_v1.0.1,2025,linear_interpolation,2025-05-19,2025,1.5267900000000001,False,2025_segment_1,1.7388839999999999,,ok,
Reconstruction_Analysis_Contract_v1.0.1,2025,linear_interpolation,2025-05-20,2025,1.7872699999999999,True,2025_segment_1,1.7872699999999999,,ok,
Reconstruction_Analysis_Contract_v1.0.1,2025,linear_interpolation,2025-05-21,2025,1.6870400000000001,False,2025_segment_1,1.7522528571428571,,ok,
Reconstruction_Analysis_Contract_v1.0.1,2025,linear_interpolation,2025-05-22,2025,1.5450699999999999,False,2025_segment_1,1.7172357142857142,,ok,
Reconstruction_Analysis_Contract_v1.0.1,2025,linear_interpolation,2025-05-23,2025,1.6828700000000001,False,2025_segment_1,1.6822185714285713,,ok,
Reconstruction_Analysis_Contract_v1.0.1,2025,linear_interpolation,2025-05-24,2025,2.03782,False,2025_segment_1,1.6472014285714285,,ok,
Reconstruction_Analysis_Contract_v1.0.1,2025,linear_interpolation,2025-05-25,2025,2.2925399999999998,False,2025_segment_1,1.6121842857142856,,ok,
Reconstruction_Analysis_Contract_v1.0.1,2025,linear_interpolation,2025-05-26,2025,2.0837500000000002,False,2025_segment_1,1.5771671428571428,,ok,
Reconstruction_Analysis_Contract_v1.0.1,2025,linear_interpolation,2025-05-27,2025,1.5421499999999999,True,2025_segment_1,1.5421499999999999,,ok,
Reconstruction_Analysis_Contract_v1.0.1,2025,linear_interpolation,2025-05-28,2025,1.4912000000000001,False,2025_segment_1,1.4714959999999999,,ok,
Reconstruction_Analysis_Contract_v1.0.1,2025,linear_interpolation,2025-05-29,2025,1.3383400000000001,False,2025_segment_1,1.4008419999999999,,ok,
Reconstruction_Analysis_Contract_v1.0.1,2025,linear_interpolation,2025-05-30,2025,1.42326,False,2025_segment_1,1.3301879999999999,,ok,
Reconstruction_Analysis_Contract_v1.0.1,2025,linear_interpolation,2025-05-31,2025,1.2262500000000001,False,2025_segment_1,1.2595339999999999,,ok,
Reconstruction_Analysis_Contract_v1.0.1,2025,linear_interpolation,2025-06-01,2025,1.1888799999999999,True,2025_segment_1,1.1888799999999999,,ok,
Reconstruction_Analysis_Contract_v1.0.1,2025,linear_interpolation,2025-06-02,2025,0.594441,False,2025_segment_1,1.21265,,ok,
Reconstruction_Analysis_Contract_v1.0.1,2025,linear_interpolation,2025-06-03,2025,1.2364200000000001,True,2025_segment_1,1.2364200000000001,,ok,
Reconstruction_Analysis_Contract_v1.0.1,2025,linear_interpolation,2025-06-04,2025,1.0658799999999999,False,2025_segment_1,1.2811300000000001,,ok,
Reconstruction_Analysis_Contract_v1.0.1,2025,linear_interpolation,2025-06-05,2025,1.6079600000000001,False,2025_segment_1,1.3258400000000001,,ok,
Reconstruction_Analysis_Contract_v1.0.1,2025,linear_interpolation,2025-06-06,2025,1.69323,False,2025_segment_1,1.3705499999999999,,ok,
Reconstruction_Analysis_Contract_v1.0.1,2025,linear_interpolation,2025-06-07,2025,1.6201399999999999,False,2025_segment_1,1.41526,,ok,
Reconstruction_Analysis_Contract_v1.0.1,2025,linear_interpolation,2025-06-08,2025,1.5957699999999999,False,2025_segment_1,1.45997,,ok,
Reconstruction_Analysis_Contract_v1.0.1,2025,linear_interpolation,2025-06-09,2025,1.55314,False,2025_segment_1,1.50468,,ok,
Reconstruction_Analysis_Contract_v1.0.1,2025,linear_interpolation,2025-06-10,2025,1.75545,False,2025_segment_1,1.54939,,ok,
Reconstruction_Analysis_Contract_v1.0.1,2025,linear_interpolation,2025-06-11,2025,1.6601900000000001,False,2025_segment_1,1.5941000000000001,,ok,
Reconstruction_Analysis_Contract_v1.0.1,2025,linear_interpolation,2025-06-12,2025,1.61256,False,2025_segment_1,1.6388099999999999,,ok,
Reconstruction_Analysis_Contract_v1.0.1,2025,linear_interpolation,2025-06-13,2025,1.55813,False,2025_segment_1,1.6835199999999999,,ok,
Reconstruction_Analysis_Contract_v1.0.1,2025,linear_interpolation,2025-06-14,2025,1.7282299999999999,True,2025_segment_1,1.7282299999999999,,ok,
Reconstruction_Analysis_Contract_v1.0.1,2025,linear_interpolation,2025-06-15,2025,1.25875,False,2025_segment_1,1.7284808333333332,,ok,
Reconstruction_Analysis_Contract_v1.0.1,2025,linear_interpolation,2025-06-16,2025,1.26556,False,2025_segment_1,1.7287316666666666,,ok,
Reconstruction_Analysis_Contract_v1.0.1,2025,linear_interpolation,2025-06-17,2025,1.3288500000000001,False,2025_segment_1,1.7289824999999999,,ok,
Reconstruction_Analysis_Contract_v1.0.1,2025,linear_interpolation,2025-06-18,2025,1.26166,False,2025_segment_1,1.7292333333333332,,ok,
Reconstruction_Analysis_Contract_v1.0.1,2025,linear_interpolation,2025-06-19,2025,1.37364,False,2025_segment_1,1.7294841666666665,,ok,
Reconstruction_Analysis_Contract_v1.0.1,2025,linear_interpolation,2025-06-20,2025,1.2765899999999999,False,2025_segment_1,1.7297349999999998,,ok,
Reconstruction_Analysis_Contract_v1.0.1,2025,linear_interpolation,2025-06-21,2025,1.26166,False,2025_segment_1,1.7299858333333333,,ok,
Reconstruction_Analysis_Contract_v1.0.1,2025,linear_interpolation,2025-06-22,2025,1.4184399999999999,False,2025_segment_1,1.7302366666666666,,ok,
Reconstruction_Analysis_Contract_v1.0.1,2025,linear_interpolation,2025-06-23,2025,1.94848,False,2025_segment_1,1.7304875,,ok,
Reconstruction_Analysis_Contract_v1.0.1,2025,linear_interpolation,2025-06-24,2025,1.6488,False,2025_segment_1,1.7307383333333333,,ok,
Reconstruction_Analysis_Contract_v1.0.1,2025,linear_interpolation,2025-06-25,2025,1.56636,False,2025_segment_1,1.7309891666666666,,ok,
Reconstruction_Analysis_Contract_v1.0.1,2025,linear_interpolation,2025-06-26,2025,1.7312399999999999,True,2025_segment_1,1.7312399999999999,,ok,
Reconstruction_Analysis_Contract_v1.0.1,2025,linear_interpolation,2025-06-27,2025,2.1659199999999998,False,2025_segment_1,1.909822857142857,,ok,
Reconstruction_Analysis_Contract_v1.0.1,2025,linear_interpolation,2025-06-28,2025,2.0834800000000002,False,2025_segment_1,2.0884057142857144,,ok,
Reconstruction_Analysis_Contract_v1.0.1,2025,linear_interpolation,2025-06-29,2025,1.96357,False,2025_segment_1,2.2669885714285716,,ok,
Reconstruction_Analysis_Contract_v1.0.1,2025,linear_interpolation,2025-06-30,2025,2.1059700000000001,False,2025_segment_1,2.4455714285714287,,ok,
Reconstruction_Analysis_Contract_v1.0.1,2025,linear_interpolation,2025-07-01,2025,3.7490899999999998,False,2025_segment_1,2.6241542857142859,,ok,
Reconstruction_Analysis_Contract_v1.0.1,2025,linear_interpolation,2025-07-02,2025,3.37019,False,2025_segment_1,2.802737142857143,,ok,
Reconstruction_Analysis_Contract_v1.0.1,2025,linear_interpolation,2025-07-03,2025,2.9813200000000002,True,2025_segment_1,2.9813200000000002,,ok,
Reconstruction_Analysis_Contract_v1.0.1,2025,linear_interpolation,2025-07-04,2025,2.7420200000000001,True,2025_segment_1,2.7420200000000001,,ok,
Reconstruction_Analysis_Contract_v1.0.1,2025,linear_interpolation,2025-07-05,2025,2.60242,False,2025_segment_1,3.08527,,ok,
Reconstruction_Analysis_Contract_v1.0.1,2025,linear_interpolation,2025-07-06,2025,3.0610900000000001,False,2025_segment_1,3.4285199999999998,,ok,
Reconstruction_Analysis_Contract_v1.0.1,2025,linear_interpolation,2025-07-07,2025,3.2106499999999998,False,2025_segment_1,3.7717700000000001,,ok,
Reconstruction_Analysis_Contract_v1.0.1,2025,linear_interpolation,2025-07-08,2025,4.61259,False,2025_segment_1,4.1150199999999995,,ok,
Reconstruction_Analysis_Contract_v1.0.1,2025,linear_interpolation,2025-07-09,2025,4.4582699999999997,True,2025_segment_1,4.4582699999999997,,ok,
Reconstruction_Analysis_Contract_v1.0.1,2025,linear_interpolation,2025-07-10,2025,5.33277,False,2025_segment_1,4.5777914285714285,,ok,
Reconstruction_Analysis_Contract_v1.0.1,2025,linear_interpolation,2025-07-11,2025,4.3896800000000002,False,2025_segment_1,4.6973128571428573,,ok,
Reconstruction_Analysis_Contract_v1.0.1,2025,linear_interpolation,2025-07-12,2025,5.79575,False,2025_segment_1,4.8168342857142861,,ok,
Reconstruction_Analysis_Contract_v1.0.1,2025,linear_interpolation,2025-07-13,2025,7.8191100000000002,False,2025_segment_1,4.936355714285714,,ok,
Reconstruction_Analysis_Contract_v1.0.1,2025,linear_interpolation,2025-07-14,2025,27.281199999999998,False,2025_segment_1,5.0558771428571427,,ok,
Reconstruction_Analysis_Contract_v1.0.1,2025,linear_interpolation,2025-07-15,2025,5.3445600000000004,False,2025_segment_1,5.1753985714285715,,ok,
Reconstruction_Analysis_Contract_v1.0.1,2025,linear_interpolation,2025-07-16,2025,5.2949200000000003,True,2025_segment_1,5.2949200000000003,,ok,
Reconstruction_Analysis_Contract_v1.0.1,2025,linear_interpolation,2025-07-17,2025,5.1129100000000003,False,2025_segment_1,5.0853299999999999,,ok,
Reconstruction_Analysis_Contract_v1.0.1,2025,linear_interpolation,2025-07-18,2025,5.36111,False,2025_segment_1,4.8757400000000004,,ok,
Reconstruction_Analysis_Contract_v1.0.1,2025,linear_interpolation,2025-07-19,2025,4.66615,True,2025_segment_1,4.66615,,ok,
Reconstruction_Analysis_Contract_v1.0.1,2025,linear_interpolation,2025-07-20,2025,5.7747700000000002,False,2025_segment_1,5.6506749999999997,,ok,
Reconstruction_Analysis_Contract_v1.0.1,2025,linear_interpolation,2025-07-21,2025,6.6352000000000002,True,2025_segment_1,6.6352000000000002,,ok,
Reconstruction_Analysis_Contract_v1.0.1,2025,linear_interpolation,2025-07-22,2025,6.9005700000000001,False,2025_segment_1,5.7031100000000006,,ok,
Reconstruction_Analysis_Contract_v1.0.1,2025,linear_interpolation,2025-07-23,2025,4.77102,True,2025_segment_1,4.77102,,ok,
Reconstruction_Analysis_Contract_v1.0.1,2025,linear_interpolation,2025-07-24,2025,5.7948399999999998,True,2025_segment_1,5.7948399999999998,,ok,
Reconstruction_Analysis_Contract_v1.0.1,2025,linear_interpolation,2025-07-25,2025,6.9619999999999997,False,2025_segment_1,6.3784200000000002,,ok,
Reconstruction_Analysis_Contract_v1.0.1,2025,linear_interpolation,2025-07-26,2025,6.9619999999999997,True,2025_segment_1,6.9619999999999997,,ok,
Reconstruction_Analysis_Contract_v1.0.1,2025,linear_interpolation,2025-07-27,2025,7.1258100000000004,False,2025_segment_1,10.015914285714285,,ok,
Reconstruction_Analysis_Contract_v1.0.1,2025,linear_interpolation,2025-07-28,2025,7.3101000000000003,False,2025_segment_1,13.069828571428571,,ok,
Reconstruction_Analysis_Contract_v1.0.1,2025,linear_interpolation,2025-07-29,2025,6.6958099999999998,False,2025_segment_1,16.123742857142858,,ok,
Reconstruction_Analysis_Contract_v1.0.1,2025,linear_interpolation,2025-07-30,2025,7.7401099999999996,False,2025_segment_1,19.177657142857143,,ok,
Reconstruction_Analysis_Contract_v1.0.1,2025,linear_interpolation,2025-07-31,2025,7.6581999999999999,False,2025_segment_1,22.231571428571428,,ok,
Reconstruction_Analysis_Contract_v1.0.1,2025,linear_interpolation,2025-08-01,2025,8.0882100000000001,False,2025_segment_1,25.285485714285713,,ok,
Reconstruction_Analysis_Contract_v1.0.1,2025,linear_interpolation,2025-08-02,2025,28.339400000000001,True,2025_segment_1,28.339400000000001,,ok,
Reconstruction_Analysis_Contract_v1.0.1,2025,linear_interpolation,2025-08-03,2025,7.2281899999999997,False,2025_segment_1,29.354533333333332,,ok,
Reconstruction_Analysis_Contract_v1.0.1,2025,linear_interpolation,2025-08-04,2025,7.45343,False,2025_segment_1,30.369666666666667,,ok,
Reconstruction_Analysis_Contract_v1.0.1,2025,linear_interpolation,2025-08-05,2025,31.384799999999998,True,2025_segment_1,31.384799999999998,,ok,
Reconstruction_Analysis_Contract_v1.0.1,2025,linear_interpolation,2025-08-06,2025,28.438199999999998,False,2025_segment_1,31.169414285714286,,ok,
Reconstruction_Analysis_Contract_v1.0.1,2025,linear_interpolation,2025-08-07,2025,30.014299999999999,False,2025_segment_1,30.954028571428569,,ok,
Reconstruction_Analysis_Contract_v1.0.1,2025,linear_interpolation,2025-08-08,2025,26.930599999999998,False,2025_segment_1,30.738642857142857,,ok,
Reconstruction_Analysis_Contract_v1.0.1,2025,linear_interpolation,2025-08-09,2025,28.506699999999999,False,2025_segment_1,30.52325714285714,,ok,
Reconstruction_Analysis_Contract_v1.0.1,2025,linear_interpolation,2025-08-10,2025,23.778400000000001,False,2025_segment_1,30.307871428571428,,ok,
Reconstruction_Analysis_Contract_v1.0.1,2025,linear_interpolation,2025-08-11,2025,36.250100000000003,False,2025_segment_1,30.092485714285711,,ok,
Reconstruction_Analysis_Contract_v1.0.1,2025,linear_interpolation,2025-08-12,2025,29.877099999999999,True,2025_segment_1,29.877099999999999,,ok,
Reconstruction_Analysis_Contract_v1.0.1,2025,linear_interpolation,2025-08-13,2025,19.918099999999999,False,2025_segment_1,26.664033333333332,,ok,
Reconstruction_Analysis_Contract_v1.0.1,2025,linear_interpolation,2025-08-14,2025,19.872399999999999,False,2025_segment_1,23.450966666666666,,ok,
Reconstruction_Analysis_Contract_v1.0.1,2025,linear_interpolation,2025-08-15,2025,20.2379,True,2025_segment_1,20.2379,,ok,
Reconstruction_Analysis_Contract_v1.0.1,2025,linear_interpolation,2025-08-16,2025,22.019500000000001,False,2025_segment_1,21.654066666666665,,ok,
Reconstruction_Analysis_Contract_v1.0.1,2025,linear_interpolation,2025-08-17,2025,28.141100000000002,False,2025_segment_1,23.070233333333334,,ok,
Reconstruction_Analysis_Contract_v1.0.1,2025,linear_interpolation,2025-08-18,2025,24.4864,True,2025_segment_1,24.4864,,ok,
Reconstruction_Analysis_Contract_v1.0.1,2025,linear_interpolation,2025-08-19,2025,16.5932,False,2025_segment_1,25.807500000000001,,ok,
Reconstruction_Analysis_Contract_v1.0.1,2025,linear_interpolation,2025-08-20,2025,20.9514,False,2025_segment_1,27.128599999999999,,ok,
Reconstruction_Analysis_Contract_v1.0.1,2025,linear_interpolation,2025-08-21,2025,22.790700000000001,False,2025_segment_1,28.4497,,ok,
Reconstruction_Analysis_Contract_v1.0.1,2025,linear_interpolation,2025-08-22,2025,26.749099999999999,False,2025_segment_1,29.770800000000001,,ok,
Reconstruction_Analysis_Contract_v1.0.1,2025,linear_interpolation,2025-08-23,2025,13.114599999999999,False,2025_segment_1,31.091899999999999,,ok,
Reconstruction_Analysis_Contract_v1.0.1,2025,linear_interpolation,2025-08-24,2025,23.110499999999998,False,2025_segment_1,32.413000000000004,,ok,
Reconstruction_Analysis_Contract_v1.0.1,2025,linear_interpolation,2025-08-25,2025,16.313300000000002,False,2025_segment_1,33.734099999999998,,ok,
Reconstruction_Analysis_Contract_v1.0.1,2025,linear_interpolation,2025-08-26,2025,15.6693,False,2025_segment_1,35.055199999999999,,ok,
Reconstruction_Analysis_Contract_v1.0.1,2025,linear_interpolation,2025-08-27,2025,17.275300000000001,False,2025_segment_1,36.376300000000001,,ok,
Reconstruction_Analysis_Contract_v1.0.1,2025,linear_interpolation,2025-08-28,2025,37.697400000000002,True,2025_segment_1,37.697400000000002,,ok,
Reconstruction_Analysis_Contract_v1.0.1,2025,linear_interpolation,2025-08-29,2025,15.6693,False,2025_segment_1,33.542485714285718,,ok,
Reconstruction_Analysis_Contract_v1.0.1,2025,linear_interpolation,2025-08-30,2025,30.470400000000001,False,2025_segment_1,29.38757142857143,,ok,
Reconstruction_Analysis_Contract_v1.0.1,2025,linear_interpolation,2025-08-31,2025,22.245200000000001,False,2025_segment_1,25.232657142857143,,ok,
Reconstruction_Analysis_Contract_v1.0.1,2025,linear_interpolation,2025-09-01,2025,15.2569,False,2025_segment_1,21.077742857142859,,ok,
Reconstruction_Analysis_Contract_v1.0.1,2025,linear_interpolation,2025-09-02,2025,14.584099999999999,False,2025_segment_1,16.922828571428575,,ok,
Reconstruction_Analysis_Contract_v1.0.1,2025,linear_interpolation,2025-09-03,2025,16.276900000000001,False,2025_segment_1,12.767914285714287,,ok,
Reconstruction_Analysis_Contract_v1.0.1,2025,linear_interpolation,2025-09-04,2025,8.6129999999999995,True,2025_segment_1,8.6129999999999995,,ok,
Reconstruction_Analysis_Contract_v1.0.1,2025,linear_interpolation,2025-09-05,2025,8.8386700000000005,False,2025_segment_1,7.2673499999999995,,ok,
Reconstruction_Analysis_Contract_v1.0.1,2025,linear_interpolation,2025-09-06,2025,5.6793100000000001,False,2025_segment_1,5.9216999999999995,,ok,
Reconstruction_Analysis_Contract_v1.0.1,2025,linear_interpolation,2025-09-07,2025,4.5760500000000004,True,2025_segment_1,4.5760500000000004,,ok,
Reconstruction_Analysis_Contract_v1.0.1,2025,linear_interpolation,2025-09-08,2025,6.6070599999999997,False,2025_segment_1,4.4291119999999999,,ok,
Reconstruction_Analysis_Contract_v1.0.1,2025,linear_interpolation,2025-09-09,2025,3.0842999999999998,False,2025_segment_1,4.2821740000000004,,ok,
Reconstruction_Analysis_Contract_v1.0.1,2025,linear_interpolation,2025-09-10,2025,2.89737,False,2025_segment_1,4.1352359999999999,,ok,
Reconstruction_Analysis_Contract_v1.0.1,2025,linear_interpolation,2025-09-11,2025,2.43005,False,2025_segment_1,3.9882979999999999,,ok,
Reconstruction_Analysis_Contract_v1.0.1,2025,linear_interpolation,2025-09-12,2025,3.8413599999999999,True,2025_segment_1,3.8413599999999999,,ok,
Reconstruction_Analysis_Contract_v1.0.1,2025,linear_interpolation,2025-09-13,2025,4.4021400000000002,False,2025_segment_1,4.0974514285714285,,ok,
Reconstruction_Analysis_Contract_v1.0.1,2025,linear_interpolation,2025-09-14,2025,3.8413599999999999,False,2025_segment_1,4.3535428571428572,,ok,
Reconstruction_Analysis_Contract_v1.0.1,2025,linear_interpolation,2025-09-15,2025,3.7759299999999998,False,2025_segment_1,4.6096342857142858,,ok,
Reconstruction_Analysis_Contract_v1.0.1,2025,linear_interpolation,2025-09-16,2025,5.49315,False,2025_segment_1,4.8657257142857144,,ok,
Reconstruction_Analysis_Contract_v1.0.1,2025,linear_interpolation,2025-09-17,2025,5.37791,False,2025_segment_1,5.1218171428571431,,ok,
Reconstruction_Analysis_Contract_v1.0.1,2025,linear_interpolation,2025-09-18,2025,5.1730400000000003,False,2025_segment_1,5.3779085714285717,,ok,
Reconstruction_Analysis_Contract_v1.0.1,2025,linear_interpolation,2025-09-19,2025,5.6340000000000003,True,2025_segment_1,5.6340000000000003,,ok,
Reconstruction_Analysis_Contract_v1.0.1,2025,linear_interpolation,2025-09-20,2025,4.9425499999999998,False,2025_segment_1,5.557173333333334,,ok,
Reconstruction_Analysis_Contract_v1.0.1,2025,linear_interpolation,2025-09-21,2025,5.3010799999999998,False,2025_segment_1,5.4803466666666667,,ok,
Reconstruction_Analysis_Contract_v1.0.1,2025,linear_interpolation,2025-09-22,2025,5.4035200000000003,True,2025_segment_1,5.4035200000000003,,ok,
Reconstruction_Analysis_Contract_v1.0.1,2025,linear_interpolation,2025-09-23,2025,7.3052999999999999,False,2025_segment_1,5.8763480000000001,,ok,
Reconstruction_Analysis_Contract_v1.0.1,2025,linear_interpolation,2025-09-24,2025,6.1494,False,2025_segment_1,6.3491759999999999,,ok,
Reconstruction_Analysis_Contract_v1.0.1,2025,linear_interpolation,2025-09-25,2025,8.4611999999999998,False,2025_segment_1,6.8220040000000006,,ok,
Reconstruction_Analysis_Contract_v1.0.1,2025,linear_interpolation,2025-09-26,2025,10.7422,False,2025_segment_1,7.2948320000000004,,ok,
Reconstruction_Analysis_Contract_v1.0.1,2025,linear_interpolation,2025-09-27,2025,7.7676600000000002,True,2025_segment_1,7.7676600000000002,,ok,
Reconstruction_Analysis_Contract_v1.0.1,2025,linear_interpolation,2025-09-28,2025,6.0106900000000003,False,2025_segment_1,8.3044966666666671,,ok,
Reconstruction_Analysis_Contract_v1.0.1,2025,linear_interpolation,2025-09-29,2025,6.4114000000000004,False,2025_segment_1,8.841333333333333,,ok,
Reconstruction_Analysis_Contract_v1.0.1,2025,linear_interpolation,2025-09-30,2025,7.7100299999999997,False,2025_segment_1,9.3781700000000008,,ok,
Reconstruction_Analysis_Contract_v1.0.1,2025,linear_interpolation,2025-10-01,2025,11.2464,False,2025_segment_1,9.9150066666666667,,ok,
Reconstruction_Analysis_Contract_v1.0.1,2025,linear_interpolation,2025-10-02,2025,14.4643,False,2025_segment_1,10.451843333333333,,ok,
Reconstruction_Analysis_Contract_v1.0.1,2025,linear_interpolation,2025-10-03,2025,13.763400000000001,False,2025_segment_1,10.98868,,ok,
Reconstruction_Analysis_Contract_v1.0.1,2025,linear_interpolation,2025-10-04,2025,13.444800000000001,False,2025_segment_1,11.525516666666666,,ok,
Reconstruction_Analysis_Contract_v1.0.1,2025,linear_interpolation,2025-10-05,2025,25.838200000000001,False,2025_segment_1,12.062353333333334,,ok,
Reconstruction_Analysis_Contract_v1.0.1,2025,linear_interpolation,2025-10-06,2025,41.831699999999998,False,2025_segment_1,12.59919,,ok,
Reconstruction_Analysis_Contract_v1.0.1,2025,linear_interpolation,2025-10-07,2025,9.9907199999999996,False,2025_segment_1,13.136026666666666,,ok,
Reconstruction_Analysis_Contract_v1.0.1,2025,linear_interpolation,2025-10-08,2025,13.4186,False,2025_segment_1,13.672863333333334,,ok,
Reconstruction_Analysis_Contract_v1.0.1,2025,linear_interpolation,2025-10-09,2025,14.2097,True,2025_segment_1,14.2097,,ok,
Reconstruction_Analysis_Contract_v1.0.1,2025,linear_interpolation,2025-10-10,2025,19.424800000000001,False,2025_segment_1,13.565100000000001,,ok,
Reconstruction_Analysis_Contract_v1.0.1,2025,linear_interpolation,2025-10-11,2025,12.920500000000001,True,2025_segment_1,12.920500000000001,,ok,
Reconstruction_Analysis_Contract_v1.0.1,2025,linear_interpolation,2025-10-12,2025,13.7995,False,2025_segment_1,12.871683333333333,,ok,
Reconstruction_Analysis_Contract_v1.0.1,2025,linear_interpolation,2025-10-13,2025,23.409300000000002,False,2025_segment_1,12.822866666666666,,ok,
Reconstruction_Analysis_Contract_v1.0.1,2025,linear_interpolation,2025-10-14,2025,83.4709,False,2025_segment_1,12.774050000000001,,ok,
Reconstruction_Analysis_Contract_v1.0.1,2025,linear_interpolation,2025-10-15,2025,27.306000000000001,False,2025_segment_1,12.725233333333334,,ok,
Reconstruction_Analysis_Contract_v1.0.1,2025,linear_interpolation,2025-10-16,2025,12.920500000000001,False,2025_segment_1,12.676416666666666,,ok,
Reconstruction_Analysis_Contract_v1.0.1,2025,linear_interpolation,2025-10-17,2025,12.627599999999999,True,2025_segment_1,12.627599999999999,,ok,
Reconstruction_Analysis_Contract_v1.0.1,2025,linear_interpolation,2025-10-18,2025,8.8773800000000005,False,2025_segment_1,13.38935,,ok,
Reconstruction_Analysis_Contract_v1.0.1,2025,linear_interpolation,2025-10-19,2025,14.1511,True,2025_segment_1,14.1511,,ok,
Reconstruction_Analysis_Contract_v1.0.1,2025,linear_interpolation,2025-10-20,2025,10.9283,False,2025_segment_1,14.23476,,ok,
Reconstruction_Analysis_Contract_v1.0.1,2025,linear_interpolation,2025-10-21,2025,6.4344999999999999,False,2025_segment_1,14.31842,,ok,
Reconstruction_Analysis_Contract_v1.0.1,2025,linear_interpolation,2025-10-22,2025,5.74003,False,2025_segment_1,14.40208,,ok,
Reconstruction_Analysis_Contract_v1.0.1,2025,linear_interpolation,2025-10-23,2025,21.5428,False,2025_segment_1,14.48574,,ok,
Reconstruction_Analysis_Contract_v1.0.1,2025,linear_interpolation,2025-10-24,2025,5.6124799999999997,False,2025_segment_1,14.5694,,ok,
Reconstruction_Analysis_Contract_v1.0.1,2025,linear_interpolation,2025-10-25,2025,12.9682,False,2025_segment_1,14.65306,,ok,
Reconstruction_Analysis_Contract_v1.0.1,2025,linear_interpolation,2025-10-26,2025,5.6124799999999997,False,2025_segment_1,14.73672,,ok,
Reconstruction_Analysis_Contract_v1.0.1,2025,linear_interpolation,2025-10-27,2025,4.4077799999999998,False,2025_segment_1,14.82038,,ok,
Reconstruction_Analysis_Contract_v1.0.1,2025,linear_interpolation,2025-10-28,2025,4.2802199999999999,False,2025_segment_1,14.90404,,ok,
Reconstruction_Analysis_Contract_v1.0.1,2025,linear_interpolation,2025-10-29,2025,4.8754799999999996,False,2025_segment_1,14.9877,,ok,
Reconstruction_Analysis_Contract_v1.0.1,2025,linear_interpolation,2025-10-30,2025,5.9668000000000001,False,2025_segment_1,15.07136,,ok,
Reconstruction_Analysis_Contract_v1.0.1,2025,linear_interpolation,2025-10-31,2025,5.20146,False,2025_segment_1,15.15502,,ok,
Reconstruction_Analysis_Contract_v1.0.1,2025,linear_interpolation,2025-11-01,2025,4.7621000000000002,False,2025_segment_1,15.23868,,ok,
Reconstruction_Analysis_Contract_v1.0.1,2025,linear_interpolation,2025-11-02,2025,4.6912399999999996,False,2025_segment_1,15.322340000000001,,ok,
Reconstruction_Analysis_Contract_v1.0.1,2025,linear_interpolation,2025-11-03,2025,15.406000000000001,True,2025_segment_1,15.406000000000001,,ok,
Reconstruction_Analysis_Contract_v1.0.1,2025,linear_interpolation,2025-11-04,2025,7.2343799999999998,False,2025_segment_1,14.808943076923077,,ok,
Reconstruction_Analysis_Contract_v1.0.1,2025,linear_interpolation,2025-11-05,2025,8.83291,False,2025_segment_1,14.211886153846155,,ok,
Reconstruction_Analysis_Contract_v1.0.1,2025,linear_interpolation,2025-11-06,2025,10.533899999999999,False,2025_segment_1,13.614829230769232,,ok,
Reconstruction_Analysis_Contract_v1.0.1,2025,linear_interpolation,2025-11-07,2025,8.3615499999999994,False,2025_segment_1,13.017772307692308,,ok,
Reconstruction_Analysis_Contract_v1.0.1,2025,linear_interpolation,2025-11-08,2025,6.8449900000000001,False,2025_segment_1,12.420715384615384,,ok,
Reconstruction_Analysis_Contract_v1.0.1,2025,linear_interpolation,2025-11-09,2025,6.0662200000000004,False,2025_segment_1,11.823658461538461,,ok,
Reconstruction_Analysis_Contract_v1.0.1,2025,linear_interpolation,2025-11-10,2025,7.0909199999999997,False,2025_segment_1,11.226601538461539,,ok,
Reconstruction_Analysis_Contract_v1.0.1,2025,linear_interpolation,2025-11-11,2025,9.1608199999999993,False,2025_segment_1,10.629544615384615,,ok,
Reconstruction_Analysis_Contract_v1.0.1,2025,linear_interpolation,2025-11-12,2025,11.6816,False,2025_segment_1,10.032487692307692,,ok,
Reconstruction_Analysis_Contract_v1.0.1,2025,linear_interpolation,2025-11-13,2025,8.9558800000000005,False,2025_segment_1,9.43543076923077,,ok,
Reconstruction_Analysis_Contract_v1.0.1,2025,linear_interpolation,2025-11-14,2025,6.5170899999999996,False,2025_segment_1,8.8383738461538464,,ok,
Reconstruction_Analysis_Contract_v1.0.1,2025,linear_interpolation,2025-11-15,2025,5.82029,False,2025_segment_1,8.2413169230769228,,ok,
Reconstruction_Analysis_Contract_v1.0.1,2025,linear_interpolation,2025-11-16,2025,7.6442600000000001,True,2025_segment_1,7.6442600000000001,,ok,
Reconstruction_Analysis_Contract_v1.0.1,2025,linear_interpolation,2025-11-17,2025,4.1192900000000003,False,2025_segment_1,7.5523674999999999,,ok,
Reconstruction_Analysis_Contract_v1.0.1,2025,linear_interpolation,2025-11-18,2025,8.8693200000000001,False,2025_segment_1,7.4604750000000006,,ok,
Reconstruction_Analysis_Contract_v1.0.1,2025,linear_interpolation,2025-11-19,2025,9.9127700000000001,False,2025_segment_1,7.3685825000000005,,ok,
Reconstruction_Analysis_Contract_v1.0.1,2025,linear_interpolation,2025-11-20,2025,7.2766900000000003,True,2025_segment_1,7.2766900000000003,,ok,
Reconstruction_Analysis_Contract_v1.0.1,2025,linear_interpolation,2025-11-21,2025,6.4803699999999997,False,2025_segment_1,7.4002550000000005,,ok,
Reconstruction_Analysis_Contract_v1.0.1,2025,linear_interpolation,2025-11-22,2025,8.7869399999999995,False,2025_segment_1,7.5238199999999997,,ok,
Reconstruction_Analysis_Contract_v1.0.1,2025,linear_interpolation,2025-11-23,2025,9.4734200000000008,False,2025_segment_1,7.6473849999999999,,ok,
Reconstruction_Analysis_Contract_v1.0.1,2025,linear_interpolation,2025-11-24,2025,8.2377599999999997,False,2025_segment_1,7.77095,,ok,
Reconstruction_Analysis_Contract_v1.0.1,2025,linear_interpolation,2025-11-25,2025,6.5902099999999999,False,2025_segment_1,7.8945149999999993,,ok,
Reconstruction_Analysis_Contract_v1.0.1,2025,linear_interpolation,2025-11-26,2025,8.0180799999999994,True,2025_segment_1,8.0180799999999994,,ok,
Reconstruction_Analysis_Contract_v1.0.1,2025,timesat_double_logistic,2025-03-21,2025,27.9665,True,2025_segment_1,32.176765441894531,,ok,
Reconstruction_Analysis_Contract_v1.0.1,2025,timesat_double_logistic,2025-03-22,2025,31.335100000000001,False,2025_segment_1,31.456470489501953,,ok,
Reconstruction_Analysis_Contract_v1.0.1,2025,timesat_double_logistic,2025-03-23,2025,38.259500000000003,True,2025_segment_1,30.682474136352539,,ok,
Reconstruction_Analysis_Contract_v1.0.1,2025,timesat_double_logistic,2025-03-24,2025,38.493400000000001,False,2025_segment_1,29.855552673339844,,ok,
Reconstruction_Analysis_Contract_v1.0.1,2025,timesat_double_logistic,2025-03-25,2025,27.380299999999998,False,2025_segment_1,28.977222442626953,,ok,
Reconstruction_Analysis_Contract_v1.0.1,2025,timesat_double_logistic,2025-03-26,2025,35.609299999999998,False,2025_segment_1,28.049779891967773,,ok,
Reconstruction_Analysis_Contract_v1.0.1,2025,timesat_double_logistic,2025-03-27,2025,34.433700000000002,False,2025_segment_1,27.076337814331055,,ok,
Reconstruction_Analysis_Contract_v1.0.1,2025,timesat_double_logistic,2025-03-28,2025,40.700299999999999,True,2025_segment_1,26.060834884643555,,ok,
Reconstruction_Analysis_Contract_v1.0.1,2025,timesat_double_logistic,2025-03-29,2025,38.2288,False,2025_segment_1,25.007999420166016,,ok,
Reconstruction_Analysis_Contract_v1.0.1,2025,timesat_double_logistic,2025-03-30,2025,40.746499999999997,False,2025_segment_1,23.923307418823242,,ok,
Reconstruction_Analysis_Contract_v1.0.1,2025,timesat_double_logistic,2025-03-31,2025,38.043700000000001,False,2025_segment_1,22.812892913818359,,ok,
Reconstruction_Analysis_Contract_v1.0.1,2025,timesat_double_logistic,2025-04-01,2025,16.215599999999998,False,2025_segment_1,21.683425903320312,,ok,
Reconstruction_Analysis_Contract_v1.0.1,2025,timesat_double_logistic,2025-04-02,2025,13.369,False,2025_segment_1,20.541984558105469,,ok,
Reconstruction_Analysis_Contract_v1.0.1,2025,timesat_double_logistic,2025-04-03,2025,6.9510399999999999,False,2025_segment_1,19.395889282226562,,ok,
Reconstruction_Analysis_Contract_v1.0.1,2025,timesat_double_logistic,2025-04-04,2025,7.7140899999999997,True,2025_segment_1,18.252529144287109,,ok,
Reconstruction_Analysis_Contract_v1.0.1,2025,timesat_double_logistic,2025-04-05,2025,8.1565899999999996,False,2025_segment_1,17.119186401367188,,ok,
Reconstruction_Analysis_Contract_v1.0.1,2025,timesat_double_logistic,2025-04-06,2025,7.18797,False,2025_segment_1,16.002876281738281,,ok,
Reconstruction_Analysis_Contract_v1.0.1,2025,timesat_double_logistic,2025-04-07,2025,6.28904,True,2025_segment_1,14.910170555114746,,ok,
Reconstruction_Analysis_Contract_v1.0.1,2025,timesat_double_logistic,2025-04-08,2025,8.3335500000000007,False,2025_segment_1,13.84708309173584,,ok,
Reconstruction_Analysis_Contract_v1.0.1,2025,timesat_double_logistic,2025-04-09,2025,8.2102299999999993,False,2025_segment_1,12.818948745727539,,ok,
Reconstruction_Analysis_Contract_v1.0.1,2025,timesat_double_logistic,2025-04-10,2025,8.4331499999999995,False,2025_segment_1,11.830343246459961,,ok,
Reconstruction_Analysis_Contract_v1.0.1,2025,timesat_double_logistic,2025-04-11,2025,6.9580599999999997,False,2025_segment_1,10.885042190551758,,ok,
Reconstruction_Analysis_Contract_v1.0.1,2025,timesat_double_logistic,2025-04-12,2025,8.2718900000000009,True,2025_segment_1,9.985997200012207,,ok,
Reconstruction_Analysis_Contract_v1.0.1,2025,timesat_double_logistic,2025-04-13,2025,8.2529199999999996,False,2025_segment_1,9.1353483200073242,,ok,
Reconstruction_Analysis_Contract_v1.0.1,2025,timesat_double_logistic,2025-04-14,2025,7.0387000000000004,True,2025_segment_1,8.3344602584838867,,ok,
Reconstruction_Analysis_Contract_v1.0.1,2025,timesat_double_logistic,2025-04-15,2025,7.9284600000000003,False,2025_segment_1,7.5839729309082031,,ok,
Reconstruction_Analysis_Contract_v1.0.1,2025,timesat_double_logistic,2025-04-16,2025,8.54833,False,2025_segment_1,6.8838739395141602,,ok,
Reconstruction_Analysis_Contract_v1.0.1,2025,timesat_double_logistic,2025-04-17,2025,9.9710900000000002,False,2025_segment_1,6.233574390411377,,ok,
Reconstruction_Analysis_Contract_v1.0.1,2025,timesat_double_logistic,2025-04-18,2025,7.7867699999999997,False,2025_segment_1,5.6319952011108398,,ok,
Reconstruction_Analysis_Contract_v1.0.1,2025,timesat_double_logistic,2025-04-19,2025,8.0524299999999993,False,2025_segment_1,5.0776476860046387,,ok,
Reconstruction_Analysis_Contract_v1.0.1,2025,timesat_double_logistic,2025-04-20,2025,9.1504899999999996,False,2025_segment_1,4.5687179565429688,,ok,
Reconstruction_Analysis_Contract_v1.0.1,2025,timesat_double_logistic,2025-04-21,2025,12.3561,False,2025_segment_1,4.1031451225280762,,ok,
Reconstruction_Analysis_Contract_v1.0.1,2025,timesat_double_logistic,2025-04-22,2025,10.0892,False,2025_segment_1,3.6786882877349854,,ok,
Reconstruction_Analysis_Contract_v1.0.1,2025,timesat_double_logistic,2025-04-23,2025,6.8301400000000001,False,2025_segment_1,3.2929925918579102,,ok,
Reconstruction_Analysis_Contract_v1.0.1,2025,timesat_double_logistic,2025-04-24,2025,8.0165500000000005,False,2025_segment_1,2.9436423778533936,,ok,
Reconstruction_Analysis_Contract_v1.0.1,2025,timesat_double_logistic,2025-04-25,2025,10.0512,False,2025_segment_1,2.628206729888916,,ok,
Reconstruction_Analysis_Contract_v1.0.1,2025,timesat_double_logistic,2025-04-26,2025,6.9521100000000002,False,2025_segment_1,2.3442788124084473,,ok,
Reconstruction_Analysis_Contract_v1.0.1,2025,timesat_double_logistic,2025-04-27,2025,8.9756499999999999,True,2025_segment_1,2.0895059108734131,,ok,
Reconstruction_Analysis_Contract_v1.0.1,2025,timesat_double_logistic,2025-04-28,2025,7.1128900000000002,False,2025_segment_1,1.8616132736206055,,ok,
Reconstruction_Analysis_Contract_v1.0.1,2025,timesat_double_logistic,2025-04-29,2025,5.8607100000000001,False,2025_segment_1,1.6584217548370361,,ok,
Reconstruction_Analysis_Contract_v1.0.1,2025,timesat_double_logistic,2025-04-30,2025,4.4662800000000002,False,2025_segment_1,1.4778610467910767,,ok,
Reconstruction_Analysis_Contract_v1.0.1,2025,timesat_double_logistic,2025-05-01,2025,3.7936700000000001,False,2025_segment_1,1.3179773092269897,,ok,
Reconstruction_Analysis_Contract_v1.0.1,2025,timesat_double_logistic,2025-05-02,2025,4.2038000000000002,False,2025_segment_1,1.1888799667358398,,ok,
Reconstruction_Analysis_Contract_v1.0.1,2025,timesat_double_logistic,2025-05-03,2025,4.4990899999999998,False,2025_segment_1,1.1888799667358398,,ok,
Reconstruction_Analysis_Contract_v1.0.1,2025,timesat_double_logistic,2025-05-04,2025,3.5680999999999998,True,2025_segment_1,1.1888799667358398,,ok,
Reconstruction_Analysis_Contract_v1.0.1,2025,timesat_double_logistic,2025-05-05,2025,2.93241,False,2025_segment_1,1.1888799667358398,,ok,
Reconstruction_Analysis_Contract_v1.0.1,2025,timesat_double_logistic,2025-05-06,2025,2.5649099999999998,False,2025_segment_1,1.1888799667358398,,ok,
Reconstruction_Analysis_Contract_v1.0.1,2025,timesat_double_logistic,2025-05-07,2025,2.7595700000000001,True,2025_segment_1,1.1888799667358398,,ok,
Reconstruction_Analysis_Contract_v1.0.1,2025,timesat_double_logistic,2025-05-08,2025,2.0572699999999999,False,2025_segment_1,1.1888799667358398,,ok,
Reconstruction_Analysis_Contract_v1.0.1,2025,timesat_double_logistic,2025-05-09,2025,2.03437,False,2025_segment_1,1.1888799667358398,,ok,
Reconstruction_Analysis_Contract_v1.0.1,2025,timesat_double_logistic,2025-05-10,2025,1.9694799999999999,False,2025_segment_1,1.1888799667358398,,ok,
Reconstruction_Analysis_Contract_v1.0.1,2025,timesat_double_logistic,2025-05-11,2025,1.9122300000000001,False,2025_segment_1,1.1888799667358398,,ok,
Reconstruction_Analysis_Contract_v1.0.1,2025,timesat_double_logistic,2025-05-12,2025,2.0381900000000002,True,2025_segment_1,1.1888799667358398,,ok,
Reconstruction_Analysis_Contract_v1.0.1,2025,timesat_double_logistic,2025-05-13,2025,1.6411500000000001,False,2025_segment_1,1.1888799667358398,,ok,
Reconstruction_Analysis_Contract_v1.0.1,2025,timesat_double_logistic,2025-05-14,2025,1.38771,True,2025_segment_1,1.1888799667358398,,ok,
Reconstruction_Analysis_Contract_v1.0.1,2025,timesat_double_logistic,2025-05-15,2025,1.5453399999999999,True,2025_segment_1,1.1888799667358398,,ok,
Reconstruction_Analysis_Contract_v1.0.1,2025,timesat_double_logistic,2025-05-16,2025,1.6195200000000001,False,2025_segment_1,1.1888799667358398,,ok,
Reconstruction_Analysis_Contract_v1.0.1,2025,timesat_double_logistic,2025-05-17,2025,1.5453399999999999,False,2025_segment_1,1.1888799667358398,,ok,
Reconstruction_Analysis_Contract_v1.0.1,2025,timesat_double_logistic,2025-05-18,2025,1.92858,False,2025_segment_1,1.1888799667358398,,ok,
Reconstruction_Analysis_Contract_v1.0.1,2025,timesat_double_logistic,2025-05-19,2025,1.5267900000000001,False,2025_segment_1,1.1888799667358398,,ok,
Reconstruction_Analysis_Contract_v1.0.1,2025,timesat_double_logistic,2025-05-20,2025,1.7872699999999999,True,2025_segment_1,1.1888799667358398,,ok,
Reconstruction_Analysis_Contract_v1.0.1,2025,timesat_double_logistic,2025-05-21,2025,1.6870400000000001,False,2025_segment_1,1.1888799667358398,,ok,
Reconstruction_Analysis_Contract_v1.0.1,2025,timesat_double_logistic,2025-05-22,2025,1.5450699999999999,False,2025_segment_1,1.1888799667358398,,ok,
Reconstruction_Analysis_Contract_v1.0.1,2025,timesat_double_logistic,2025-05-23,2025,1.6828700000000001,False,2025_segment_1,1.1888799667358398,,ok,
Reconstruction_Analysis_Contract_v1.0.1,2025,timesat_double_logistic,2025-05-24,2025,2.03782,False,2025_segment_1,1.1888799667358398,,ok,
Reconstruction_Analysis_Contract_v1.0.1,2025,timesat_double_logistic,2025-05-25,2025,2.2925399999999998,False,2025_segment_1,1.1888799667358398,,ok,
Reconstruction_Analysis_Contract_v1.0.1,2025,timesat_double_logistic,2025-05-26,2025,2.0837500000000002,False,2025_segment_1,1.1888799667358398,,ok,
Reconstruction_Analysis_Contract_v1.0.1,2025,timesat_double_logistic,2025-05-27,2025,1.5421499999999999,True,2025_segment_1,1.1888799667358398,,ok,
Reconstruction_Analysis_Contract_v1.0.1,2025,timesat_double_logistic,2025-05-28,2025,1.4912000000000001,False,2025_segment_1,1.1888799667358398,,ok,
Reconstruction_Analysis_Contract_v1.0.1,2025,timesat_double_logistic,2025-05-29,2025,1.3383400000000001,False,2025_segment_1,1.1888799667358398,,ok,
Reconstruction_Analysis_Contract_v1.0.1,2025,timesat_double_logistic,2025-05-30,2025,1.42326,False,2025_segment_1,1.1888799667358398,,ok,
Reconstruction_Analysis_Contract_v1.0.1,2025,timesat_double_logistic,2025-05-31,2025,1.2262500000000001,False,2025_segment_1,1.1888799667358398,,ok,
Reconstruction_Analysis_Contract_v1.0.1,2025,timesat_double_logistic,2025-06-01,2025,1.1888799999999999,True,2025_segment_1,1.1888799667358398,,ok,
Reconstruction_Analysis_Contract_v1.0.1,2025,timesat_double_logistic,2025-06-02,2025,0.594441,False,2025_segment_1,1.1888799667358398,,ok,
Reconstruction_Analysis_Contract_v1.0.1,2025,timesat_double_logistic,2025-06-03,2025,1.2364200000000001,True,2025_segment_1,1.1888799667358398,,ok,
Reconstruction_Analysis_Contract_v1.0.1,2025,timesat_double_logistic,2025-06-04,2025,1.0658799999999999,False,2025_segment_1,1.1888799667358398,,ok,
Reconstruction_Analysis_Contract_v1.0.1,2025,timesat_double_logistic,2025-06-05,2025,1.6079600000000001,False,2025_segment_1,1.1888799667358398,,ok,
Reconstruction_Analysis_Contract_v1.0.1,2025,timesat_double_logistic,2025-06-06,2025,1.69323,False,2025_segment_1,1.1888799667358398,,ok,
Reconstruction_Analysis_Contract_v1.0.1,2025,timesat_double_logistic,2025-06-07,2025,1.6201399999999999,False,2025_segment_1,1.1888799667358398,,ok,
Reconstruction_Analysis_Contract_v1.0.1,2025,timesat_double_logistic,2025-06-08,2025,1.5957699999999999,False,2025_segment_1,1.1888799667358398,,ok,
Reconstruction_Analysis_Contract_v1.0.1,2025,timesat_double_logistic,2025-06-09,2025,1.55314,False,2025_segment_1,1.1888799667358398,,ok,
Reconstruction_Analysis_Contract_v1.0.1,2025,timesat_double_logistic,2025-06-10,2025,1.75545,False,2025_segment_1,1.1888799667358398,,ok,
Reconstruction_Analysis_Contract_v1.0.1,2025,timesat_double_logistic,2025-06-11,2025,1.6601900000000001,False,2025_segment_1,1.1888799667358398,,ok,
Reconstruction_Analysis_Contract_v1.0.1,2025,timesat_double_logistic,2025-06-12,2025,1.61256,False,2025_segment_1,1.1888799667358398,,ok,
Reconstruction_Analysis_Contract_v1.0.1,2025,timesat_double_logistic,2025-06-13,2025,1.55813,False,2025_segment_1,1.1888799667358398,,ok,
Reconstruction_Analysis_Contract_v1.0.1,2025,timesat_double_logistic,2025-06-14,2025,1.7282299999999999,True,2025_segment_1,1.1888799667358398,,ok,
Reconstruction_Analysis_Contract_v1.0.1,2025,timesat_double_logistic,2025-06-15,2025,1.25875,False,2025_segment_1,1.1888799667358398,,ok,
Reconstruction_Analysis_Contract_v1.0.1,2025,timesat_double_logistic,2025-06-16,2025,1.26556,False,2025_segment_1,1.1888799667358398,,ok,
Reconstruction_Analysis_Contract_v1.0.1,2025,timesat_double_logistic,2025-06-17,2025,1.3288500000000001,False,2025_segment_1,1.1888799667358398,,ok,
Reconstruction_Analysis_Contract_v1.0.1,2025,timesat_double_logistic,2025-06-18,2025,1.26166,False,2025_segment_1,1.2229762077331543,,ok,
Reconstruction_Analysis_Contract_v1.0.1,2025,timesat_double_logistic,2025-06-19,2025,1.37364,False,2025_segment_1,1.2752183675765991,,ok,
Reconstruction_Analysis_Contract_v1.0.1,2025,timesat_double_logistic,2025-06-20,2025,1.2765899999999999,False,2025_segment_1,1.3309569358825684,,ok,
Reconstruction_Analysis_Contract_v1.0.1,2025,timesat_double_logistic,2025-06-21,2025,1.26166,False,2025_segment_1,1.3905849456787109,,ok,
Reconstruction_Analysis_Contract_v1.0.1,2025,timesat_double_logistic,2025-06-22,2025,1.4184399999999999,False,2025_segment_1,1.454538106918335,,ok,
Reconstruction_Analysis_Contract_v1.0.1,2025,timesat_double_logistic,2025-06-23,2025,1.94848,False,2025_segment_1,1.5232994556427002,,ok,
Reconstruction_Analysis_Contract_v1.0.1,2025,timesat_double_logistic,2025-06-24,2025,1.6488,False,2025_segment_1,1.5974029302597046,,ok,
Reconstruction_Analysis_Contract_v1.0.1,2025,timesat_double_logistic,2025-06-25,2025,1.56636,False,2025_segment_1,1.6774382591247559,,ok,
Reconstruction_Analysis_Contract_v1.0.1,2025,timesat_double_logistic,2025-06-26,2025,1.7312399999999999,True,2025_segment_1,1.7640554904937744,,ok,
Reconstruction_Analysis_Contract_v1.0.1,2025,timesat_double_logistic,2025-06-27,2025,2.1659199999999998,False,2025_segment_1,1.8579699993133545,,ok,
Reconstruction_Analysis_Contract_v1.0.1,2025,timesat_double_logistic,2025-06-28,2025,2.0834800000000002,False,2025_segment_1,1.9599679708480835,,ok,
Reconstruction_Analysis_Contract_v1.0.1,2025,timesat_double_logistic,2025-06-29,2025,1.96357,False,2025_segment_1,2.070911169052124,,ok,
Reconstruction_Analysis_Contract_v1.0.1,2025,timesat_double_logistic,2025-06-30,2025,2.1059700000000001,False,2025_segment_1,2.1917431354522705,,ok,
Reconstruction_Analysis_Contract_v1.0.1,2025,timesat_double_logistic,2025-07-01,2025,3.7490899999999998,False,2025_segment_1,2.3234927654266357,,ok,
Reconstruction_Analysis_Contract_v1.0.1,2025,timesat_double_logistic,2025-07-02,2025,3.37019,False,2025_segment_1,2.4672811031341553,,ok,
Reconstruction_Analysis_Contract_v1.0.1,2025,timesat_double_logistic,2025-07-03,2025,2.9813200000000002,True,2025_segment_1,2.6243243217468262,,ok,
Reconstruction_Analysis_Contract_v1.0.1,2025,timesat_double_logistic,2025-07-04,2025,2.7420200000000001,True,2025_segment_1,2.7959387302398682,,ok,
Reconstruction_Analysis_Contract_v1.0.1,2025,timesat_double_logistic,2025-07-05,2025,2.60242,False,2025_segment_1,2.9835422039031982,,ok,
Reconstruction_Analysis_Contract_v1.0.1,2025,timesat_double_logistic,2025-07-06,2025,3.0610900000000001,False,2025_segment_1,3.1886563301086426,,ok,
Reconstruction_Analysis_Contract_v1.0.1,2025,timesat_double_logistic,2025-07-07,2025,3.2106499999999998,False,2025_segment_1,3.4129054546356201,,ok,
Reconstruction_Analysis_Contract_v1.0.1,2025,timesat_double_logistic,2025-07-08,2025,4.61259,False,2025_segment_1,3.6580138206481934,,ok,
Reconstruction_Analysis_Contract_v1.0.1,2025,timesat_double_logistic,2025-07-09,2025,4.4582699999999997,True,2025_segment_1,3.9257996082305908,,ok,
Reconstruction_Analysis_Contract_v1.0.1,2025,timesat_double_logistic,2025-07-10,2025,5.33277,False,2025_segment_1,4.2181658744812012,,ok,
Reconstruction_Analysis_Contract_v1.0.1,2025,timesat_double_logistic,2025-07-11,2025,4.3896800000000002,False,2025_segment_1,4.5370855331420898,,ok,
Reconstruction_Analysis_Contract_v1.0.1,2025,timesat_double_logistic,2025-07-12,2025,5.79575,False,2025_segment_1,4.8845834732055664,,ok,
Reconstruction_Analysis_Contract_v1.0.1,2025,timesat_double_logistic,2025-07-13,2025,7.8191100000000002,False,2025_segment_1,5.2627100944519043,,ok,
Reconstruction_Analysis_Contract_v1.0.1,2025,timesat_double_logistic,2025-07-14,2025,27.281199999999998,False,2025_segment_1,5.6735110282897949,,ok,
Reconstruction_Analysis_Contract_v1.0.1,2025,timesat_double_logistic,2025-07-15,2025,5.3445600000000004,False,2025_segment_1,6.118985652923584,,ok,
Reconstruction_Analysis_Contract_v1.0.1,2025,timesat_double_logistic,2025-07-16,2025,5.2949200000000003,True,2025_segment_1,6.6010408401489258,,ok,
Reconstruction_Analysis_Contract_v1.0.1,2025,timesat_double_logistic,2025-07-17,2025,5.1129100000000003,False,2025_segment_1,7.1214346885681152,,ok,
Reconstruction_Analysis_Contract_v1.0.1,2025,timesat_double_logistic,2025-07-18,2025,5.36111,False,2025_segment_1,7.6817107200622559,,ok,
Reconstruction_Analysis_Contract_v1.0.1,2025,timesat_double_logistic,2025-07-19,2025,4.66615,True,2025_segment_1,8.2831258773803711,,ok,
Reconstruction_Analysis_Contract_v1.0.1,2025,timesat_double_logistic,2025-07-20,2025,5.7747700000000002,False,2025_segment_1,8.9265680313110352,,ok,
Reconstruction_Analysis_Contract_v1.0.1,2025,timesat_double_logistic,2025-07-21,2025,6.6352000000000002,True,2025_segment_1,9.6124734878540039,,ok,
Reconstruction_Analysis_Contract_v1.0.1,2025,timesat_double_logistic,2025-07-22,2025,6.9005700000000001,False,2025_segment_1,10.340733528137207,,ok,
Reconstruction_Analysis_Contract_v1.0.1,2025,timesat_double_logistic,2025-07-23,2025,4.77102,True,2025_segment_1,11.11060619354248,,ok,
Reconstruction_Analysis_Contract_v1.0.1,2025,timesat_double_logistic,2025-07-24,2025,5.7948399999999998,True,2025_segment_1,11.92063045501709,,ok,
Reconstruction_Analysis_Contract_v1.0.1,2025,timesat_double_logistic,2025-07-25,2025,6.9619999999999997,False,2025_segment_1,12.768547058105469,,ok,
Reconstruction_Analysis_Contract_v1.0.1,2025,timesat_double_logistic,2025-07-26,2025,6.9619999999999997,True,2025_segment_1,13.651230812072754,,ok,
Reconstruction_Analysis_Contract_v1.0.1,2025,timesat_double_logistic,2025-07-27,2025,7.1258100000000004,False,2025_segment_1,14.564650535583496,,ok,
Reconstruction_Analysis_Contract_v1.0.1,2025,timesat_double_logistic,2025-07-28,2025,7.3101000000000003,False,2025_segment_1,15.503840446472168,,ok,
Reconstruction_Analysis_Contract_v1.0.1,2025,timesat_double_logistic,2025-07-29,2025,6.6958099999999998,False,2025_segment_1,16.46290397644043,,ok,
Reconstruction_Analysis_Contract_v1.0.1,2025,timesat_double_logistic,2025-07-30,2025,7.7401099999999996,False,2025_segment_1,17.435054779052734,,ok,
Reconstruction_Analysis_Contract_v1.0.1,2025,timesat_double_logistic,2025-07-31,2025,7.6581999999999999,False,2025_segment_1,18.412681579589844,,ok,
Reconstruction_Analysis_Contract_v1.0.1,2025,timesat_double_logistic,2025-08-01,2025,8.0882100000000001,False,2025_segment_1,19.387451171875,,ok,
Reconstruction_Analysis_Contract_v1.0.1,2025,timesat_double_logistic,2025-08-02,2025,28.339400000000001,True,2025_segment_1,20.350442886352539,,ok,
Reconstruction_Analysis_Contract_v1.0.1,2025,timesat_double_logistic,2025-08-03,2025,7.2281899999999997,False,2025_segment_1,21.292304992675781,,ok,
Reconstruction_Analysis_Contract_v1.0.1,2025,timesat_double_logistic,2025-08-04,2025,7.45343,False,2025_segment_1,22.203432083129883,,ok,
Reconstruction_Analysis_Contract_v1.0.1,2025,timesat_double_logistic,2025-08-05,2025,31.384799999999998,True,2025_segment_1,23.074167251586914,,ok,
Reconstruction_Analysis_Contract_v1.0.1,2025,timesat_double_logistic,2025-08-06,2025,28.438199999999998,False,2025_segment_1,23.894989013671875,,ok,
Reconstruction_Analysis_Contract_v1.0.1,2025,timesat_double_logistic,2025-08-07,2025,30.014299999999999,False,2025_segment_1,24.656719207763672,,ok,
Reconstruction_Analysis_Contract_v1.0.1,2025,timesat_double_logistic,2025-08-08,2025,26.930599999999998,False,2025_segment_1,25.350702285766602,,ok,
Reconstruction_Analysis_Contract_v1.0.1,2025,timesat_double_logistic,2025-08-09,2025,28.506699999999999,False,2025_segment_1,25.968973159790039,,ok,
Reconstruction_Analysis_Contract_v1.0.1,2025,timesat_double_logistic,2025-08-10,2025,23.778400000000001,False,2025_segment_1,26.504421234130859,,ok,
Reconstruction_Analysis_Contract_v1.0.1,2025,timesat_double_logistic,2025-08-11,2025,36.250100000000003,False,2025_segment_1,26.950902938842773,,ok,
Reconstruction_Analysis_Contract_v1.0.1,2025,timesat_double_logistic,2025-08-12,2025,29.877099999999999,True,2025_segment_1,27.303361892700195,,ok,
Reconstruction_Analysis_Contract_v1.0.1,2025,timesat_double_logistic,2025-08-13,2025,19.918099999999999,False,2025_segment_1,27.557897567749023,,ok,
Reconstruction_Analysis_Contract_v1.0.1,2025,timesat_double_logistic,2025-08-14,2025,19.872399999999999,False,2025_segment_1,27.711835861206055,,ok,
Reconstruction_Analysis_Contract_v1.0.1,2025,timesat_double_logistic,2025-08-15,2025,20.2379,True,2025_segment_1,27.763763427734375,,ok,
Reconstruction_Analysis_Contract_v1.0.1,2025,timesat_double_logistic,2025-08-16,2025,22.019500000000001,False,2025_segment_1,27.71354866027832,,ok,
Reconstruction_Analysis_Contract_v1.0.1,2025,timesat_double_logistic,2025-08-17,2025,28.141100000000002,False,2025_segment_1,27.562343597412109,,ok,
Reconstruction_Analysis_Contract_v1.0.1,2025,timesat_double_logistic,2025-08-18,2025,24.4864,True,2025_segment_1,27.312570571899414,,ok,
Reconstruction_Analysis_Contract_v1.0.1,2025,timesat_double_logistic,2025-08-19,2025,16.5932,False,2025_segment_1,26.967884063720703,,ok,
Reconstruction_Analysis_Contract_v1.0.1,2025,timesat_double_logistic,2025-08-20,2025,20.9514,False,2025_segment_1,26.533115386962891,,ok,
Reconstruction_Analysis_Contract_v1.0.1,2025,timesat_double_logistic,2025-08-21,2025,22.790700000000001,False,2025_segment_1,26.014202117919922,,ok,
Reconstruction_Analysis_Contract_v1.0.1,2025,timesat_double_logistic,2025-08-22,2025,26.749099999999999,False,2025_segment_1,25.418079376220703,,ok,
Reconstruction_Analysis_Contract_v1.0.1,2025,timesat_double_logistic,2025-08-23,2025,13.114599999999999,False,2025_segment_1,24.752565383911133,,ok,
Reconstruction_Analysis_Contract_v1.0.1,2025,timesat_double_logistic,2025-08-24,2025,23.110499999999998,False,2025_segment_1,24.026208877563477,,ok,
Reconstruction_Analysis_Contract_v1.0.1,2025,timesat_double_logistic,2025-08-25,2025,16.313300000000002,False,2025_segment_1,23.248125076293945,,ok,
Reconstruction_Analysis_Contract_v1.0.1,2025,timesat_double_logistic,2025-08-26,2025,15.6693,False,2025_segment_1,22.427814483642578,,ok,
Reconstruction_Analysis_Contract_v1.0.1,2025,timesat_double_logistic,2025-08-27,2025,17.275300000000001,False,2025_segment_1,21.574966430664062,,ok,
Reconstruction_Analysis_Contract_v1.0.1,2025,timesat_double_logistic,2025-08-28,2025,37.697400000000002,True,2025_segment_1,20.699256896972656,,ok,
Reconstruction_Analysis_Contract_v1.0.1,2025,timesat_double_logistic,2025-08-29,2025,15.6693,False,2025_segment_1,19.810163497924805,,ok,
Reconstruction_Analysis_Contract_v1.0.1,2025,timesat_double_logistic,2025-08-30,2025,30.470400000000001,False,2025_segment_1,18.916765213012695,,ok,
Reconstruction_Analysis_Contract_v1.0.1,2025,timesat_double_logistic,2025-08-31,2025,22.245200000000001,False,2025_segment_1,18.027597427368164,,ok,
Reconstruction_Analysis_Contract_v1.0.1,2025,timesat_double_logistic,2025-09-01,2025,15.2569,False,2025_segment_1,17.150497436523438,,ok,
Reconstruction_Analysis_Contract_v1.0.1,2025,timesat_double_logistic,2025-09-02,2025,14.584099999999999,False,2025_segment_1,16.292499542236328,,ok,
Reconstruction_Analysis_Contract_v1.0.1,2025,timesat_double_logistic,2025-09-03,2025,16.276900000000001,False,2025_segment_1,15.459763526916504,,ok,
Reconstruction_Analysis_Contract_v1.0.1,2025,timesat_double_logistic,2025-09-04,2025,8.6129999999999995,True,2025_segment_1,14.657522201538086,,ok,
Reconstruction_Analysis_Contract_v1.0.1,2025,timesat_double_logistic,2025-09-05,2025,8.8386700000000005,False,2025_segment_1,13.890074729919434,,ok,
Reconstruction_Analysis_Contract_v1.0.1,2025,timesat_double_logistic,2025-09-06,2025,5.6793100000000001,False,2025_segment_1,13.16080379486084,,ok,
Reconstruction_Analysis_Contract_v1.0.1,2025,timesat_double_logistic,2025-09-07,2025,4.5760500000000004,True,2025_segment_1,12.472214698791504,,ok,
Reconstruction_Analysis_Contract_v1.0.1,2025,timesat_double_logistic,2025-09-08,2025,6.6070599999999997,False,2025_segment_1,11.825998306274414,,ok,
Reconstruction_Analysis_Contract_v1.0.1,2025,timesat_double_logistic,2025-09-09,2025,3.0842999999999998,False,2025_segment_1,11.223106384277344,,ok,
Reconstruction_Analysis_Contract_v1.0.1,2025,timesat_double_logistic,2025-09-10,2025,2.89737,False,2025_segment_1,10.663835525512695,,ok,
Reconstruction_Analysis_Contract_v1.0.1,2025,timesat_double_logistic,2025-09-11,2025,2.43005,False,2025_segment_1,10.147916793823242,,ok,
Reconstruction_Analysis_Contract_v1.0.1,2025,timesat_double_logistic,2025-09-12,2025,3.8413599999999999,True,2025_segment_1,9.6746082305908203,,ok,
Reconstruction_Analysis_Contract_v1.0.1,2025,timesat_double_logistic,2025-09-13,2025,4.4021400000000002,False,2025_segment_1,9.2427787780761719,,ok,
Reconstruction_Analysis_Contract_v1.0.1,2025,timesat_double_logistic,2025-09-14,2025,3.8413599999999999,False,2025_segment_1,8.8509931564331055,,ok,
Reconstruction_Analysis_Contract_v1.0.1,2025,timesat_double_logistic,2025-09-15,2025,3.7759299999999998,False,2025_segment_1,8.4975824356079102,,ok,
Reconstruction_Analysis_Contract_v1.0.1,2025,timesat_double_logistic,2025-09-16,2025,5.49315,False,2025_segment_1,8.1807174682617188,,ok,
Reconstruction_Analysis_Contract_v1.0.1,2025,timesat_double_logistic,2025-09-17,2025,5.37791,False,2025_segment_1,7.8984618186950684,,ok,
Reconstruction_Analysis_Contract_v1.0.1,2025,timesat_double_logistic,2025-09-18,2025,5.1730400000000003,False,2025_segment_1,7.6488227844238281,,ok,
Reconstruction_Analysis_Contract_v1.0.1,2025,timesat_double_logistic,2025-09-19,2025,5.6340000000000003,True,2025_segment_1,7.4297933578491211,,ok,
Reconstruction_Analysis_Contract_v1.0.1,2025,timesat_double_logistic,2025-09-20,2025,4.9425499999999998,False,2025_segment_1,7.239387035369873,,ok,
Reconstruction_Analysis_Contract_v1.0.1,2025,timesat_double_logistic,2025-09-21,2025,5.3010799999999998,False,2025_segment_1,7.0756616592407227,,ok,
Reconstruction_Analysis_Contract_v1.0.1,2025,timesat_double_logistic,2025-09-22,2025,5.4035200000000003,True,2025_segment_1,6.936741828918457,,ok,
Reconstruction_Analysis_Contract_v1.0.1,2025,timesat_double_logistic,2025-09-23,2025,7.3052999999999999,False,2025_segment_1,6.8208341598510742,,ok,
Reconstruction_Analysis_Contract_v1.0.1,2025,timesat_double_logistic,2025-09-24,2025,6.1494,False,2025_segment_1,6.7262363433837891,,ok,
Reconstruction_Analysis_Contract_v1.0.1,2025,timesat_double_logistic,2025-09-25,2025,8.4611999999999998,False,2025_segment_1,6.6513452529907227,,ok,
Reconstruction_Analysis_Contract_v1.0.1,2025,timesat_double_logistic,2025-09-26,2025,10.7422,False,2025_segment_1,6.5946598052978516,,ok,
Reconstruction_Analysis_Contract_v1.0.1,2025,timesat_double_logistic,2025-09-27,2025,7.7676600000000002,True,2025_segment_1,6.554781436920166,,ok,
Reconstruction_Analysis_Contract_v1.0.1,2025,timesat_double_logistic,2025-09-28,2025,6.0106900000000003,False,2025_segment_1,6.5304150581359863,,ok,
Reconstruction_Analysis_Contract_v1.0.1,2025,timesat_double_logistic,2025-09-29,2025,6.4114000000000004,False,2025_segment_1,6.5203647613525391,,ok,
Reconstruction_Analysis_Contract_v1.0.1,2025,timesat_double_logistic,2025-09-30,2025,7.7100299999999997,False,2025_segment_1,6.5235304832458496,,ok,
Reconstruction_Analysis_Contract_v1.0.1,2025,timesat_double_logistic,2025-10-01,2025,11.2464,False,2025_segment_1,6.5389041900634766,,ok,
Reconstruction_Analysis_Contract_v1.0.1,2025,timesat_double_logistic,2025-10-02,2025,14.4643,False,2025_segment_1,6.5655660629272461,,ok,
Reconstruction_Analysis_Contract_v1.0.1,2025,timesat_double_logistic,2025-10-03,2025,13.763400000000001,False,2025_segment_1,6.6026759147644043,,ok,
Reconstruction_Analysis_Contract_v1.0.1,2025,timesat_double_logistic,2025-10-04,2025,13.444800000000001,False,2025_segment_1,6.6494717597961426,,ok,
Reconstruction_Analysis_Contract_v1.0.1,2025,timesat_double_logistic,2025-10-05,2025,25.838200000000001,False,2025_segment_1,6.7052621841430664,,ok,
Reconstruction_Analysis_Contract_v1.0.1,2025,timesat_double_logistic,2025-10-06,2025,41.831699999999998,False,2025_segment_1,6.7694201469421387,,ok,
Reconstruction_Analysis_Contract_v1.0.1,2025,timesat_double_logistic,2025-10-07,2025,9.9907199999999996,False,2025_segment_1,6.8413810729980469,,ok,
Reconstruction_Analysis_Contract_v1.0.1,2025,timesat_double_logistic,2025-10-08,2025,13.4186,False,2025_segment_1,6.9206347465515137,,ok,
Reconstruction_Analysis_Contract_v1.0.1,2025,timesat_double_logistic,2025-10-09,2025,14.2097,True,2025_segment_1,7.0067219734191895,,ok,
Reconstruction_Analysis_Contract_v1.0.1,2025,timesat_double_logistic,2025-10-10,2025,19.424800000000001,False,2025_segment_1,7.0992302894592285,,ok,
Reconstruction_Analysis_Contract_v1.0.1,2025,timesat_double_logistic,2025-10-11,2025,12.920500000000001,True,2025_segment_1,7.1977896690368652,,ok,
Reconstruction_Analysis_Contract_v1.0.1,2025,timesat_double_logistic,2025-10-12,2025,13.7995,False,2025_segment_1,7.3020682334899902,,ok,
Reconstruction_Analysis_Contract_v1.0.1,2025,timesat_double_logistic,2025-10-13,2025,23.409300000000002,False,2025_segment_1,7.411768913269043,,ok,
Reconstruction_Analysis_Contract_v1.0.1,2025,timesat_double_logistic,2025-10-14,2025,83.4709,False,2025_segment_1,7.5266261100769043,,ok,
Reconstruction_Analysis_Contract_v1.0.1,2025,timesat_double_logistic,2025-10-15,2025,27.306000000000001,False,2025_segment_1,7.6464028358459473,,ok,
Reconstruction_Analysis_Contract_v1.0.1,2025,timesat_double_logistic,2025-10-16,2025,12.920500000000001,False,2025_segment_1,7.7708878517150879,,ok,
Reconstruction_Analysis_Contract_v1.0.1,2025,timesat_double_logistic,2025-10-17,2025,12.627599999999999,True,2025_segment_1,7.8998923301696777,,ok,
Reconstruction_Analysis_Contract_v1.0.1,2025,timesat_double_logistic,2025-10-18,2025,8.8773800000000005,False,2025_segment_1,8.0332489013671875,,ok,
Reconstruction_Analysis_Contract_v1.0.1,2025,timesat_double_logistic,2025-10-19,2025,14.1511,True,2025_segment_1,8.1708078384399414,,ok,
Reconstruction_Analysis_Contract_v1.0.1,2025,timesat_double_logistic,2025-10-20,2025,10.9283,False,2025_segment_1,8.3124380111694336,,ok,
Reconstruction_Analysis_Contract_v1.0.1,2025,timesat_double_logistic,2025-10-21,2025,6.4344999999999999,False,2025_segment_1,8.4580202102661133,,ok,
Reconstruction_Analysis_Contract_v1.0.1,2025,timesat_double_logistic,2025-10-22,2025,5.74003,False,2025_segment_1,8.6074495315551758,,ok,
Reconstruction_Analysis_Contract_v1.0.1,2025,timesat_double_logistic,2025-10-23,2025,21.5428,False,2025_segment_1,8.7606334686279297,,ok,
Reconstruction_Analysis_Contract_v1.0.1,2025,timesat_double_logistic,2025-10-24,2025,5.6124799999999997,False,2025_segment_1,8.9174900054931641,,ok,
Reconstruction_Analysis_Contract_v1.0.1,2025,timesat_double_logistic,2025-10-25,2025,12.9682,False,2025_segment_1,9.0779447555541992,,ok,
Reconstruction_Analysis_Contract_v1.0.1,2025,timesat_double_logistic,2025-10-26,2025,5.6124799999999997,False,2025_segment_1,9.2419319152832031,,ok,
Reconstruction_Analysis_Contract_v1.0.1,2025,timesat_double_logistic,2025-10-27,2025,4.4077799999999998,False,2025_segment_1,9.409393310546875,,ok,
Reconstruction_Analysis_Contract_v1.0.1,2025,timesat_double_logistic,2025-10-28,2025,4.2802199999999999,False,2025_segment_1,9.5802764892578125,,ok,
Reconstruction_Analysis_Contract_v1.0.1,2025,timesat_double_logistic,2025-10-29,2025,4.8754799999999996,False,2025_segment_1,9.7545328140258789,,ok,
Reconstruction_Analysis_Contract_v1.0.1,2025,timesat_double_logistic,2025-10-30,2025,5.9668000000000001,False,2025_segment_1,9.9321212768554688,,ok,
Reconstruction_Analysis_Contract_v1.0.1,2025,timesat_double_logistic,2025-10-31,2025,5.20146,False,2025_segment_1,10.113000869750977,,ok,
Reconstruction_Analysis_Contract_v1.0.1,2025,timesat_double_logistic,2025-11-01,2025,4.7621000000000002,False,2025_segment_1,10.297137260437012,,ok,
Reconstruction_Analysis_Contract_v1.0.1,2025,timesat_double_logistic,2025-11-02,2025,4.6912399999999996,False,2025_segment_1,10.4844970703125,,ok,
Reconstruction_Analysis_Contract_v1.0.1,2025,timesat_double_logistic,2025-11-03,2025,15.406000000000001,True,2025_segment_1,10.675047874450684,,ok,
Reconstruction_Analysis_Contract_v1.0.1,2025,timesat_double_logistic,2025-11-04,2025,7.2343799999999998,False,2025_segment_1,10.868762016296387,,ok,
Reconstruction_Analysis_Contract_v1.0.1,2025,timesat_double_logistic,2025-11-05,2025,8.83291,False,2025_segment_1,11.065608978271484,,ok,
Reconstruction_Analysis_Contract_v1.0.1,2025,timesat_double_logistic,2025-11-06,2025,10.533899999999999,False,2025_segment_1,11.265563011169434,,ok,
Reconstruction_Analysis_Contract_v1.0.1,2025,timesat_double_logistic,2025-11-07,2025,8.3615499999999994,False,2025_segment_1,11.468595504760742,,ok,
Reconstruction_Analysis_Contract_v1.0.1,2025,timesat_double_logistic,2025-11-08,2025,6.8449900000000001,False,2025_segment_1,11.674681663513184,,ok,
Reconstruction_Analysis_Contract_v1.0.1,2025,timesat_double_logistic,2025-11-09,2025,6.0662200000000004,False,2025_segment_1,11.883791923522949,,ok,
Reconstruction_Analysis_Contract_v1.0.1,2025,timesat_double_logistic,2025-11-10,2025,7.0909199999999997,False,2025_segment_1,12.095901489257812,,ok,
Reconstruction_Analysis_Contract_v1.0.1,2025,timesat_double_logistic,2025-11-11,2025,9.1608199999999993,False,2025_segment_1,12.310980796813965,,ok,
Reconstruction_Analysis_Contract_v1.0.1,2025,timesat_double_logistic,2025-11-12,2025,11.6816,False,2025_segment_1,12.529000282287598,,ok,
Reconstruction_Analysis_Contract_v1.0.1,2025,timesat_double_logistic,2025-11-13,2025,8.9558800000000005,False,2025_segment_1,12.749931335449219,,ok,
Reconstruction_Analysis_Contract_v1.0.1,2025,timesat_double_logistic,2025-11-14,2025,6.5170899999999996,False,2025_segment_1,12.973742485046387,,ok,
Reconstruction_Analysis_Contract_v1.0.1,2025,timesat_double_logistic,2025-11-15,2025,5.82029,False,2025_segment_1,13.200401306152344,,ok,
Reconstruction_Analysis_Contract_v1.0.1,2025,timesat_double_logistic,2025-11-16,2025,7.6442600000000001,True,2025_segment_1,13.429873466491699,,ok,
Reconstruction_Analysis_Contract_v1.0.1,2025,timesat_double_logistic,2025-11-17,2025,4.1192900000000003,False,2025_segment_1,13.66212272644043,,ok,
Reconstruction_Analysis_Contract_v1.0.1,2025,timesat_double_logistic,2025-11-18,2025,8.8693200000000001,False,2025_segment_1,13.897111892700195,,ok,
Reconstruction_Analysis_Contract_v1.0.1,2025,timesat_double_logistic,2025-11-19,2025,9.9127700000000001,False,2025_segment_1,14.13480281829834,,ok,
Reconstruction_Analysis_Contract_v1.0.1,2025,timesat_double_logistic,2025-11-20,2025,7.2766900000000003,True,2025_segment_1,14.375151634216309,,ok,
Reconstruction_Analysis_Contract_v1.0.1,2025,timesat_double_logistic,2025-11-21,2025,6.4803699999999997,False,2025_segment_1,14.618117332458496,,ok,
Reconstruction_Analysis_Contract_v1.0.1,2025,timesat_double_logistic,2025-11-22,2025,8.7869399999999995,False,2025_segment_1,14.863653182983398,,ok,
Reconstruction_Analysis_Contract_v1.0.1,2025,timesat_double_logistic,2025-11-23,2025,9.4734200000000008,False,2025_segment_1,15.111711502075195,,ok,
Reconstruction_Analysis_Contract_v1.0.1,2025,timesat_double_logistic,2025-11-24,2025,8.2377599999999997,False,2025_segment_1,15.362242698669434,,ok,
Reconstruction_Analysis_Contract_v1.0.1,2025,timesat_double_logistic,2025-11-25,2025,6.5902099999999999,False,2025_segment_1,15.615195274353027,,ok,
Reconstruction_Analysis_Contract_v1.0.1,2025,timesat_double_logistic,2025-11-26,2025,8.0180799999999994,True,2025_segment_1,15.870512962341309,,ok,
Reconstruction_Analysis_Contract_v1.0.1,2025,timesat_smoothing_spline,2025-03-21,2025,27.9665,True,2025_segment_1,31.235668182373047,10,ok,
Reconstruction_Analysis_Contract_v1.0.1,2025,timesat_smoothing_spline,2025-03-22,2025,31.335100000000001,False,2025_segment_1,33.749557495117188,10,ok,
Reconstruction_Analysis_Contract_v1.0.1,2025,timesat_smoothing_spline,2025-03-23,2025,38.259500000000003,True,2025_segment_1,36.016178131103516,10,ok,
Reconstruction_Analysis_Contract_v1.0.1,2025,timesat_smoothing_spline,2025-03-24,2025,38.493400000000001,False,2025_segment_1,37.746990203857422,10,ok,
Reconstruction_Analysis_Contract_v1.0.1,2025,timesat_smoothing_spline,2025-03-25,2025,27.380299999999998,False,2025_segment_1,38.803024291992188,10,ok,
Reconstruction_Analysis_Contract_v1.0.1,2025,timesat_smoothing_spline,2025-03-26,2025,35.609299999999998,False,2025_segment_1,39.082691192626953,10,ok,
Reconstruction_Analysis_Contract_v1.0.1,2025,timesat_smoothing_spline,2025-03-27,2025,34.433700000000002,False,2025_segment_1,38.484397888183594,10,ok,
Reconstruction_Analysis_Contract_v1.0.1,2025,timesat_smoothing_spline,2025-03-28,2025,40.700299999999999,True,2025_segment_1,36.906562805175781,10,ok,
Reconstruction_Analysis_Contract_v1.0.1,2025,timesat_smoothing_spline,2025-03-29,2025,38.2288,False,2025_segment_1,34.310821533203125,10,ok,
Reconstruction_Analysis_Contract_v1.0.1,2025,timesat_smoothing_spline,2025-03-30,2025,40.746499999999997,False,2025_segment_1,30.911735534667969,10,ok,
Reconstruction_Analysis_Contract_v1.0.1,2025,timesat_smoothing_spline,2025-03-31,2025,38.043700000000001,False,2025_segment_1,26.987085342407227,10,ok,
Reconstruction_Analysis_Contract_v1.0.1,2025,timesat_smoothing_spline,2025-04-01,2025,16.215599999999998,False,2025_segment_1,22.814661026000977,10,ok,
Reconstruction_Analysis_Contract_v1.0.1,2025,timesat_smoothing_spline,2025-04-02,2025,13.369,False,2025_segment_1,18.672245025634766,10,ok,
Reconstruction_Analysis_Contract_v1.0.1,2025,timesat_smoothing_spline,2025-04-03,2025,6.9510399999999999,False,2025_segment_1,14.83762264251709,10,ok,
Reconstruction_Analysis_Contract_v1.0.1,2025,timesat_smoothing_spline,2025-04-04,2025,7.7140899999999997,True,2025_segment_1,11.588581085205078,10,ok,
Reconstruction_Analysis_Contract_v1.0.1,2025,timesat_smoothing_spline,2025-04-05,2025,8.1565899999999996,False,2025_segment_1,9.1383304595947266,10,ok,
Reconstruction_Analysis_Contract_v1.0.1,2025,timesat_smoothing_spline,2025-04-06,2025,7.18797,False,2025_segment_1,7.4417815208435059,10,ok,
Reconstruction_Analysis_Contract_v1.0.1,2025,timesat_smoothing_spline,2025-04-07,2025,6.28904,True,2025_segment_1,6.3892712593078613,10,ok,
Reconstruction_Analysis_Contract_v1.0.1,2025,timesat_smoothing_spline,2025-04-08,2025,8.3335500000000007,False,2025_segment_1,5.8694653511047363,10,ok,
Reconstruction_Analysis_Contract_v1.0.1,2025,timesat_smoothing_spline,2025-04-09,2025,8.2102299999999993,False,2025_segment_1,5.7643475532531738,10,ok,
Reconstruction_Analysis_Contract_v1.0.1,2025,timesat_smoothing_spline,2025-04-10,2025,8.4331499999999995,False,2025_segment_1,5.954230785369873,10,ok,
Reconstruction_Analysis_Contract_v1.0.1,2025,timesat_smoothing_spline,2025-04-11,2025,6.9580599999999997,False,2025_segment_1,6.3194289207458496,10,ok,
Reconstruction_Analysis_Contract_v1.0.1,2025,timesat_smoothing_spline,2025-04-12,2025,8.2718900000000009,True,2025_segment_1,6.7402544021606445,10,ok,
Reconstruction_Analysis_Contract_v1.0.1,2025,timesat_smoothing_spline,2025-04-13,2025,8.2529199999999996,False,2025_segment_1,7.1225485801696777,10,ok,
Reconstruction_Analysis_Contract_v1.0.1,2025,timesat_smoothing_spline,2025-04-14,2025,7.0387000000000004,True,2025_segment_1,7.4742608070373535,10,ok,
Reconstruction_Analysis_Contract_v1.0.1,2025,timesat_smoothing_spline,2025-04-15,2025,7.9284600000000003,False,2025_segment_1,7.8216075897216797,10,ok,
Reconstruction_Analysis_Contract_v1.0.1,2025,timesat_smoothing_spline,2025-04-16,2025,8.54833,False,2025_segment_1,8.1617698669433594,10,ok,
Reconstruction_Analysis_Contract_v1.0.1,2025,timesat_smoothing_spline,2025-04-17,2025,9.9710900000000002,False,2025_segment_1,8.4846687316894531,10,ok,
Reconstruction_Analysis_Contract_v1.0.1,2025,timesat_smoothing_spline,2025-04-18,2025,7.7867699999999997,False,2025_segment_1,8.7802238464355469,10,ok,
Reconstruction_Analysis_Contract_v1.0.1,2025,timesat_smoothing_spline,2025-04-19,2025,8.0524299999999993,False,2025_segment_1,9.0383567810058594,10,ok,
Reconstruction_Analysis_Contract_v1.0.1,2025,timesat_smoothing_spline,2025-04-20,2025,9.1504899999999996,False,2025_segment_1,9.2489871978759766,10,ok,
Reconstruction_Analysis_Contract_v1.0.1,2025,timesat_smoothing_spline,2025-04-21,2025,12.3561,False,2025_segment_1,9.4020366668701172,10,ok,
Reconstruction_Analysis_Contract_v1.0.1,2025,timesat_smoothing_spline,2025-04-22,2025,10.0892,False,2025_segment_1,9.4874258041381836,10,ok,
Reconstruction_Analysis_Contract_v1.0.1,2025,timesat_smoothing_spline,2025-04-23,2025,6.8301400000000001,False,2025_segment_1,9.4950752258300781,10,ok,
Reconstruction_Analysis_Contract_v1.0.1,2025,timesat_smoothing_spline,2025-04-24,2025,8.0165500000000005,False,2025_segment_1,9.4149055480957031,10,ok,
Reconstruction_Analysis_Contract_v1.0.1,2025,timesat_smoothing_spline,2025-04-25,2025,10.0512,False,2025_segment_1,9.2368373870849609,10,ok,
Reconstruction_Analysis_Contract_v1.0.1,2025,timesat_smoothing_spline,2025-04-26,2025,6.9521100000000002,False,2025_segment_1,8.9507923126220703,10,ok,
Reconstruction_Analysis_Contract_v1.0.1,2025,timesat_smoothing_spline,2025-04-27,2025,8.9756499999999999,True,2025_segment_1,8.5466890335083008,10,ok,
Reconstruction_Analysis_Contract_v1.0.1,2025,timesat_smoothing_spline,2025-04-28,2025,7.1128900000000002,False,2025_segment_1,8.0215997695922852,10,ok,
Reconstruction_Analysis_Contract_v1.0.1,2025,timesat_smoothing_spline,2025-04-29,2025,5.8607100000000001,False,2025_segment_1,7.401191234588623,10,ok,
Reconstruction_Analysis_Contract_v1.0.1,2025,timesat_smoothing_spline,2025-04-30,2025,4.4662800000000002,False,2025_segment_1,6.7182793617248535,10,ok,
Reconstruction_Analysis_Contract_v1.0.1,2025,timesat_smoothing_spline,2025-05-01,2025,3.7936700000000001,False,2025_segment_1,6.0056819915771484,10,ok,
Reconstruction_Analysis_Contract_v1.0.1,2025,timesat_smoothing_spline,2025-05-02,2025,4.2038000000000002,False,2025_segment_1,5.2962150573730469,10,ok,
Reconstruction_Analysis_Contract_v1.0.1,2025,timesat_smoothing_spline,2025-05-03,2025,4.4990899999999998,False,2025_segment_1,4.6226959228515625,10,ok,
Reconstruction_Analysis_Contract_v1.0.1,2025,timesat_smoothing_spline,2025-05-04,2025,3.5680999999999998,True,2025_segment_1,4.0179414749145508,10,ok,
Reconstruction_Analysis_Contract_v1.0.1,2025,timesat_smoothing_spline,2025-05-05,2025,2.93241,False,2025_segment_1,3.507270336151123,10,ok,
Reconstruction_Analysis_Contract_v1.0.1,2025,timesat_smoothing_spline,2025-05-06,2025,2.5649099999999998,False,2025_segment_1,3.0860130786895752,10,ok,
Reconstruction_Analysis_Contract_v1.0.1,2025,timesat_smoothing_spline,2025-05-07,2025,2.7595700000000001,True,2025_segment_1,2.742002010345459,10,ok,
Reconstruction_Analysis_Contract_v1.0.1,2025,timesat_smoothing_spline,2025-05-08,2025,2.0572699999999999,False,2025_segment_1,2.4633629322052002,10,ok,
Reconstruction_Analysis_Contract_v1.0.1,2025,timesat_smoothing_spline,2025-05-09,2025,2.03437,False,2025_segment_1,2.2393920421600342,10,ok,
Reconstruction_Analysis_Contract_v1.0.1,2025,timesat_smoothing_spline,2025-05-10,2025,1.9694799999999999,False,2025_segment_1,2.0596787929534912,10,ok,
Reconstruction_Analysis_Contract_v1.0.1,2025,timesat_smoothing_spline,2025-05-11,2025,1.9122300000000001,False,2025_segment_1,1.9138128757476807,10,ok,
Reconstruction_Analysis_Contract_v1.0.1,2025,timesat_smoothing_spline,2025-05-12,2025,2.0381900000000002,True,2025_segment_1,1.7913833856582642,10,ok,
Reconstruction_Analysis_Contract_v1.0.1,2025,timesat_smoothing_spline,2025-05-13,2025,1.6411500000000001,False,2025_segment_1,1.6860932111740112,10,ok,
Reconstruction_Analysis_Contract_v1.0.1,2025,timesat_smoothing_spline,2025-05-14,2025,1.38771,True,2025_segment_1,1.608099102973938,10,ok,
Reconstruction_Analysis_Contract_v1.0.1,2025,timesat_smoothing_spline,2025-05-15,2025,1.5453399999999999,True,2025_segment_1,1.5679978132247925,10,ok,
Reconstruction_Analysis_Contract_v1.0.1,2025,timesat_smoothing_spline,2025-05-16,2025,1.6195200000000001,False,2025_segment_1,1.5613161325454712,10,ok,
Reconstruction_Analysis_Contract_v1.0.1,2025,timesat_smoothing_spline,2025-05-17,2025,1.5453399999999999,False,2025_segment_1,1.5783969163894653,10,ok,
Reconstruction_Analysis_Contract_v1.0.1,2025,timesat_smoothing_spline,2025-05-18,2025,1.92858,False,2025_segment_1,1.6092056035995483,10,ok,
Reconstruction_Analysis_Contract_v1.0.1,2025,timesat_smoothing_spline,2025-05-19,2025,1.5267900000000001,False,2025_segment_1,1.6437073945999146,10,ok,
Reconstruction_Analysis_Contract_v1.0.1,2025,timesat_smoothing_spline,2025-05-20,2025,1.7872699999999999,True,2025_segment_1,1.671867847442627,10,ok,
Reconstruction_Analysis_Contract_v1.0.1,2025,timesat_smoothing_spline,2025-05-21,2025,1.6870400000000001,False,2025_segment_1,1.6855754852294922,10,ok,
Reconstruction_Analysis_Contract_v1.0.1,2025,timesat_smoothing_spline,2025-05-22,2025,1.5450699999999999,False,2025_segment_1,1.6844124794006348,10,ok,
Reconstruction_Analysis_Contract_v1.0.1,2025,timesat_smoothing_spline,2025-05-23,2025,1.6828700000000001,False,2025_segment_1,1.6698845624923706,10,ok,
Reconstruction_Analysis_Contract_v1.0.1,2025,timesat_smoothing_spline,2025-05-24,2025,2.03782,False,2025_segment_1,1.6434972286224365,10,ok,
Reconstruction_Analysis_Contract_v1.0.1,2025,timesat_smoothing_spline,2025-05-25,2025,2.2925399999999998,False,2025_segment_1,1.6067560911178589,10,ok,
Reconstruction_Analysis_Contract_v1.0.1,2025,timesat_smoothing_spline,2025-05-26,2025,2.0837500000000002,False,2025_segment_1,1.561166524887085,10,ok,
Reconstruction_Analysis_Contract_v1.0.1,2025,timesat_smoothing_spline,2025-05-27,2025,1.5421499999999999,True,2025_segment_1,1.5082342624664307,10,ok,
Reconstruction_Analysis_Contract_v1.0.1,2025,timesat_smoothing_spline,2025-05-28,2025,1.4912000000000001,False,2025_segment_1,1.4500299692153931,10,ok,
Reconstruction_Analysis_Contract_v1.0.1,2025,timesat_smoothing_spline,2025-05-29,2025,1.3383400000000001,False,2025_segment_1,1.3908857107162476,10,ok,
Reconstruction_Analysis_Contract_v1.0.1,2025,timesat_smoothing_spline,2025-05-30,2025,1.42326,False,2025_segment_1,1.3356986045837402,10,ok,
Reconstruction_Analysis_Contract_v1.0.1,2025,timesat_smoothing_spline,2025-05-31,2025,1.2262500000000001,False,2025_segment_1,1.2893656492233276,10,ok,
Reconstruction_Analysis_Contract_v1.0.1,2025,timesat_smoothing_spline,2025-06-01,2025,1.1888799999999999,True,2025_segment_1,1.2567840814590454,10,ok,
Reconstruction_Analysis_Contract_v1.0.1,2025,timesat_smoothing_spline,2025-06-02,2025,0.594441,False,2025_segment_1,1.2417192459106445,10,ok,
Reconstruction_Analysis_Contract_v1.0.1,2025,timesat_smoothing_spline,2025-06-03,2025,1.2364200000000001,True,2025_segment_1,1.2434096336364746,10,ok,
Reconstruction_Analysis_Contract_v1.0.1,2025,timesat_smoothing_spline,2025-06-04,2025,1.0658799999999999,False,2025_segment_1,1.259845495223999,10,ok,
Reconstruction_Analysis_Contract_v1.0.1,2025,timesat_smoothing_spline,2025-06-05,2025,1.6079600000000001,False,2025_segment_1,1.2885512113571167,10,ok,
Reconstruction_Analysis_Contract_v1.0.1,2025,timesat_smoothing_spline,2025-06-06,2025,1.69323,False,2025_segment_1,1.3269343376159668,10,ok,
Reconstruction_Analysis_Contract_v1.0.1,2025,timesat_smoothing_spline,2025-06-07,2025,1.6201399999999999,False,2025_segment_1,1.3724027872085571,10,ok,
Reconstruction_Analysis_Contract_v1.0.1,2025,timesat_smoothing_spline,2025-06-08,2025,1.5957699999999999,False,2025_segment_1,1.422364354133606,10,ok,
Reconstruction_Analysis_Contract_v1.0.1,2025,timesat_smoothing_spline,2025-06-09,2025,1.55314,False,2025_segment_1,1.474226713180542,10,ok,
Reconstruction_Analysis_Contract_v1.0.1,2025,timesat_smoothing_spline,2025-06-10,2025,1.75545,False,2025_segment_1,1.5253976583480835,10,ok,
Reconstruction_Analysis_Contract_v1.0.1,2025,timesat_smoothing_spline,2025-06-11,2025,1.6601900000000001,False,2025_segment_1,1.5732849836349487,10,ok,
Reconstruction_Analysis_Contract_v1.0.1,2025,timesat_smoothing_spline,2025-06-12,2025,1.61256,False,2025_segment_1,1.615296483039856,10,ok,
Reconstruction_Analysis_Contract_v1.0.1,2025,timesat_smoothing_spline,2025-06-13,2025,1.55813,False,2025_segment_1,1.6488399505615234,10,ok,
Reconstruction_Analysis_Contract_v1.0.1,2025,timesat_smoothing_spline,2025-06-14,2025,1.7282299999999999,True,2025_segment_1,1.6713230609893799,10,ok,
Reconstruction_Analysis_Contract_v1.0.1,2025,timesat_smoothing_spline,2025-06-15,2025,1.25875,False,2025_segment_1,1.6811021566390991,10,ok,
Reconstruction_Analysis_Contract_v1.0.1,2025,timesat_smoothing_spline,2025-06-16,2025,1.26556,False,2025_segment_1,1.6803271770477295,10,ok,
Reconstruction_Analysis_Contract_v1.0.1,2025,timesat_smoothing_spline,2025-06-17,2025,1.3288500000000001,False,2025_segment_1,1.6720964908599854,10,ok,
Reconstruction_Analysis_Contract_v1.0.1,2025,timesat_smoothing_spline,2025-06-18,2025,1.26166,False,2025_segment_1,1.6595088243484497,10,ok,
Reconstruction_Analysis_Contract_v1.0.1,2025,timesat_smoothing_spline,2025-06-19,2025,1.37364,False,2025_segment_1,1.6456623077392578,10,ok,
Reconstruction_Analysis_Contract_v1.0.1,2025,timesat_smoothing_spline,2025-06-20,2025,1.2765899999999999,False,2025_segment_1,1.6336557865142822,10,ok,
Reconstruction_Analysis_Contract_v1.0.1,2025,timesat_smoothing_spline,2025-06-21,2025,1.26166,False,2025_segment_1,1.6265873908996582,10,ok,
Reconstruction_Analysis_Contract_v1.0.1,2025,timesat_smoothing_spline,2025-06-22,2025,1.4184399999999999,False,2025_segment_1,1.6275557279586792,10,ok,
Reconstruction_Analysis_Contract_v1.0.1,2025,timesat_smoothing_spline,2025-06-23,2025,1.94848,False,2025_segment_1,1.6396591663360596,10,ok,
Reconstruction_Analysis_Contract_v1.0.1,2025,timesat_smoothing_spline,2025-06-24,2025,1.6488,False,2025_segment_1,1.6659963130950928,10,ok,
Reconstruction_Analysis_Contract_v1.0.1,2025,timesat_smoothing_spline,2025-06-25,2025,1.56636,False,2025_segment_1,1.7096656560897827,10,ok,
Reconstruction_Analysis_Contract_v1.0.1,2025,timesat_smoothing_spline,2025-06-26,2025,1.7312399999999999,True,2025_segment_1,1.7737654447555542,10,ok,
Reconstruction_Analysis_Contract_v1.0.1,2025,timesat_smoothing_spline,2025-06-27,2025,2.1659199999999998,False,2025_segment_1,1.8606855869293213,10,ok,
Reconstruction_Analysis_Contract_v1.0.1,2025,timesat_smoothing_spline,2025-06-28,2025,2.0834800000000002,False,2025_segment_1,1.9699805974960327,10,ok,
Reconstruction_Analysis_Contract_v1.0.1,2025,timesat_smoothing_spline,2025-06-29,2025,1.96357,False,2025_segment_1,2.1004965305328369,10,ok,
Reconstruction_Analysis_Contract_v1.0.1,2025,timesat_smoothing_spline,2025-06-30,2025,2.1059700000000001,False,2025_segment_1,2.2510793209075928,10,ok,
Reconstruction_Analysis_Contract_v1.0.1,2025,timesat_smoothing_spline,2025-07-01,2025,3.7490899999999998,False,2025_segment_1,2.4205746650695801,10,ok,
Reconstruction_Analysis_Contract_v1.0.1,2025,timesat_smoothing_spline,2025-07-02,2025,3.37019,False,2025_segment_1,2.6078288555145264,10,ok,
Reconstruction_Analysis_Contract_v1.0.1,2025,timesat_smoothing_spline,2025-07-03,2025,2.9813200000000002,True,2025_segment_1,2.8116874694824219,10,ok,
Reconstruction_Analysis_Contract_v1.0.1,2025,timesat_smoothing_spline,2025-07-04,2025,2.7420200000000001,True,2025_segment_1,3.0338237285614014,10,ok,
Reconstruction_Analysis_Contract_v1.0.1,2025,timesat_smoothing_spline,2025-07-05,2025,2.60242,False,2025_segment_1,3.2823562622070312,10,ok,
Reconstruction_Analysis_Contract_v1.0.1,2025,timesat_smoothing_spline,2025-07-06,2025,3.0610900000000001,False,2025_segment_1,3.5487773418426514,10,ok,
Reconstruction_Analysis_Contract_v1.0.1,2025,timesat_smoothing_spline,2025-07-07,2025,3.2106499999999998,False,2025_segment_1,3.8197154998779297,10,ok,
Reconstruction_Analysis_Contract_v1.0.1,2025,timesat_smoothing_spline,2025-07-08,2025,4.61259,False,2025_segment_1,4.0817995071411133,10,ok,
Reconstruction_Analysis_Contract_v1.0.1,2025,timesat_smoothing_spline,2025-07-09,2025,4.4582699999999997,True,2025_segment_1,4.3216586112976074,10,ok,
Reconstruction_Analysis_Contract_v1.0.1,2025,timesat_smoothing_spline,2025-07-10,2025,5.33277,False,2025_segment_1,4.5281982421875,10,ok,
Reconstruction_Analysis_Contract_v1.0.1,2025,timesat_smoothing_spline,2025-07-11,2025,4.3896800000000002,False,2025_segment_1,4.6994309425354004,10,ok,
Reconstruction_Analysis_Contract_v1.0.1,2025,timesat_smoothing_spline,2025-07-12,2025,5.79575,False,2025_segment_1,4.8356475830078125,10,ok,
Reconstruction_Analysis_Contract_v1.0.1,2025,timesat_smoothing_spline,2025-07-13,2025,7.8191100000000002,False,2025_segment_1,4.9371371269226074,10,ok,
Reconstruction_Analysis_Contract_v1.0.1,2025,timesat_smoothing_spline,2025-07-14,2025,27.281199999999998,False,2025_segment_1,5.0041899681091309,10,ok,
Reconstruction_Analysis_Contract_v1.0.1,2025,timesat_smoothing_spline,2025-07-15,2025,5.3445600000000004,False,2025_segment_1,5.0370965003967285,10,ok,
Reconstruction_Analysis_Contract_v1.0.1,2025,timesat_smoothing_spline,2025-07-16,2025,5.2949200000000003,True,2025_segment_1,5.0361456871032715,10,ok,
Reconstruction_Analysis_Contract_v1.0.1,2025,timesat_smoothing_spline,2025-07-17,2025,5.1129100000000003,False,2025_segment_1,5.0059413909912109,10,ok,
Reconstruction_Analysis_Contract_v1.0.1,2025,timesat_smoothing_spline,2025-07-18,2025,5.36111,False,2025_segment_1,4.9683370590209961,10,ok,
Reconstruction_Analysis_Contract_v1.0.1,2025,timesat_smoothing_spline,2025-07-19,2025,4.66615,True,2025_segment_1,4.949500560760498,10,ok,
Reconstruction_Analysis_Contract_v1.0.1,2025,timesat_smoothing_spline,2025-07-20,2025,5.7747700000000002,False,2025_segment_1,4.9708771705627441,10,ok,
Reconstruction_Analysis_Contract_v1.0.1,2025,timesat_smoothing_spline,2025-07-21,2025,6.6352000000000002,True,2025_segment_1,5.0350203514099121,10,ok,
Reconstruction_Analysis_Contract_v1.0.1,2025,timesat_smoothing_spline,2025-07-22,2025,6.9005700000000001,False,2025_segment_1,5.1664333343505859,10,ok,
Reconstruction_Analysis_Contract_v1.0.1,2025,timesat_smoothing_spline,2025-07-23,2025,4.77102,True,2025_segment_1,5.4962959289550781,10,ok,
Reconstruction_Analysis_Contract_v1.0.1,2025,timesat_smoothing_spline,2025-07-24,2025,5.7948399999999998,True,2025_segment_1,6.1703710556030273,10,ok,
Reconstruction_Analysis_Contract_v1.0.1,2025,timesat_smoothing_spline,2025-07-25,2025,6.9619999999999997,False,2025_segment_1,7.2798099517822266,10,ok,
Reconstruction_Analysis_Contract_v1.0.1,2025,timesat_smoothing_spline,2025-07-26,2025,6.9619999999999997,True,2025_segment_1,8.8786401748657227,10,ok,
Reconstruction_Analysis_Contract_v1.0.1,2025,timesat_smoothing_spline,2025-07-27,2025,7.1258100000000004,False,2025_segment_1,10.982688903808594,10,ok,
Reconstruction_Analysis_Contract_v1.0.1,2025,timesat_smoothing_spline,2025-07-28,2025,7.3101000000000003,False,2025_segment_1,13.48000431060791,10,ok,
Reconstruction_Analysis_Contract_v1.0.1,2025,timesat_smoothing_spline,2025-07-29,2025,6.6958099999999998,False,2025_segment_1,16.226692199707031,10,ok,
Reconstruction_Analysis_Contract_v1.0.1,2025,timesat_smoothing_spline,2025-07-30,2025,7.7401099999999996,False,2025_segment_1,19.078859329223633,10,ok,
Reconstruction_Analysis_Contract_v1.0.1,2025,timesat_smoothing_spline,2025-07-31,2025,7.6581999999999999,False,2025_segment_1,21.892606735229492,10,ok,
Reconstruction_Analysis_Contract_v1.0.1,2025,timesat_smoothing_spline,2025-08-01,2025,8.0882100000000001,False,2025_segment_1,24.524045944213867,10,ok,
Reconstruction_Analysis_Contract_v1.0.1,2025,timesat_smoothing_spline,2025-08-02,2025,28.339400000000001,True,2025_segment_1,26.829277038574219,10,ok,
Reconstruction_Analysis_Contract_v1.0.1,2025,timesat_smoothing_spline,2025-08-03,2025,7.2281899999999997,False,2025_segment_1,28.689577102661133,10,ok,
Reconstruction_Analysis_Contract_v1.0.1,2025,timesat_smoothing_spline,2025-08-04,2025,7.45343,False,2025_segment_1,30.086894989013672,10,ok,
Reconstruction_Analysis_Contract_v1.0.1,2025,timesat_smoothing_spline,2025-08-05,2025,31.384799999999998,True,2025_segment_1,31.028347015380859,10,ok,
Reconstruction_Analysis_Contract_v1.0.1,2025,timesat_smoothing_spline,2025-08-06,2025,28.438199999999998,False,2025_segment_1,31.52699089050293,10,ok,
Reconstruction_Analysis_Contract_v1.0.1,2025,timesat_smoothing_spline,2025-08-07,2025,30.014299999999999,False,2025_segment_1,31.619651794433594,10,ok,
Reconstruction_Analysis_Contract_v1.0.1,2025,timesat_smoothing_spline,2025-08-08,2025,26.930599999999998,False,2025_segment_1,31.349090576171875,10,ok,
Reconstruction_Analysis_Contract_v1.0.1,2025,timesat_smoothing_spline,2025-08-09,2025,28.506699999999999,False,2025_segment_1,30.75806999206543,10,ok,
Reconstruction_Analysis_Contract_v1.0.1,2025,timesat_smoothing_spline,2025-08-10,2025,23.778400000000001,False,2025_segment_1,29.889354705810547,10,ok,
Reconstruction_Analysis_Contract_v1.0.1,2025,timesat_smoothing_spline,2025-08-11,2025,36.250100000000003,False,2025_segment_1,28.78570556640625,10,ok,
Reconstruction_Analysis_Contract_v1.0.1,2025,timesat_smoothing_spline,2025-08-12,2025,29.877099999999999,True,2025_segment_1,27.489885330200195,10,ok,
Reconstruction_Analysis_Contract_v1.0.1,2025,timesat_smoothing_spline,2025-08-13,2025,19.918099999999999,False,2025_segment_1,26.084445953369141,10,ok,
Reconstruction_Analysis_Contract_v1.0.1,2025,timesat_smoothing_spline,2025-08-14,2025,19.872399999999999,False,2025_segment_1,24.811084747314453,10,ok,
Reconstruction_Analysis_Contract_v1.0.1,2025,timesat_smoothing_spline,2025-08-15,2025,20.2379,True,2025_segment_1,23.951284408569336,10,ok,
Reconstruction_Analysis_Contract_v1.0.1,2025,timesat_smoothing_spline,2025-08-16,2025,22.019500000000001,False,2025_segment_1,23.724639892578125,10,ok,
Reconstruction_Analysis_Contract_v1.0.1,2025,timesat_smoothing_spline,2025-08-17,2025,28.141100000000002,False,2025_segment_1,24.103187561035156,10,ok,
Reconstruction_Analysis_Contract_v1.0.1,2025,timesat_smoothing_spline,2025-08-18,2025,24.4864,True,2025_segment_1,24.997074127197266,10,ok,
Reconstruction_Analysis_Contract_v1.0.1,2025,timesat_smoothing_spline,2025-08-19,2025,16.5932,False,2025_segment_1,26.307931900024414,10,ok,
Reconstruction_Analysis_Contract_v1.0.1,2025,timesat_smoothing_spline,2025-08-20,2025,20.9514,False,2025_segment_1,27.903354644775391,10,ok,
Reconstruction_Analysis_Contract_v1.0.1,2025,timesat_smoothing_spline,2025-08-21,2025,22.790700000000001,False,2025_segment_1,29.642416000366211,10,ok,
Reconstruction_Analysis_Contract_v1.0.1,2025,timesat_smoothing_spline,2025-08-22,2025,26.749099999999999,False,2025_segment_1,31.384197235107422,10,ok,
Reconstruction_Analysis_Contract_v1.0.1,2025,timesat_smoothing_spline,2025-08-23,2025,13.114599999999999,False,2025_segment_1,32.987777709960938,10,ok,
Reconstruction_Analysis_Contract_v1.0.1,2025,timesat_smoothing_spline,2025-08-24,2025,23.110499999999998,False,2025_segment_1,34.312236785888672,10,ok,
Reconstruction_Analysis_Contract_v1.0.1,2025,timesat_smoothing_spline,2025-08-25,2025,16.313300000000002,False,2025_segment_1,35.216648101806641,10,ok,
Reconstruction_Analysis_Contract_v1.0.1,2025,timesat_smoothing_spline,2025-08-26,2025,15.6693,False,2025_segment_1,35.560092926025391,10,ok,
Reconstruction_Analysis_Contract_v1.0.1,2025,timesat_smoothing_spline,2025-08-27,2025,17.275300000000001,False,2025_segment_1,35.201652526855469,10,ok,
Reconstruction_Analysis_Contract_v1.0.1,2025,timesat_smoothing_spline,2025-08-28,2025,37.697400000000002,True,2025_segment_1,34.000404357910156,10,ok,
Reconstruction_Analysis_Contract_v1.0.1,2025,timesat_smoothing_spline,2025-08-29,2025,15.6693,False,2025_segment_1,31.877040863037109,10,ok,
Reconstruction_Analysis_Contract_v1.0.1,2025,timesat_smoothing_spline,2025-08-30,2025,30.470400000000001,False,2025_segment_1,28.998725891113281,10,ok,
Reconstruction_Analysis_Contract_v1.0.1,2025,timesat_smoothing_spline,2025-08-31,2025,22.245200000000001,False,2025_segment_1,25.594236373901367,10,ok,
Reconstruction_Analysis_Contract_v1.0.1,2025,timesat_smoothing_spline,2025-09-01,2025,15.2569,False,2025_segment_1,21.892351150512695,10,ok,
Reconstruction_Analysis_Contract_v1.0.1,2025,timesat_smoothing_spline,2025-09-02,2025,14.584099999999999,False,2025_segment_1,18.121849060058594,10,ok,
Reconstruction_Analysis_Contract_v1.0.1,2025,timesat_smoothing_spline,2025-09-03,2025,16.276900000000001,False,2025_segment_1,14.511507034301758,10,ok,
Reconstruction_Analysis_Contract_v1.0.1,2025,timesat_smoothing_spline,2025-09-04,2025,8.6129999999999995,True,2025_segment_1,11.290102958679199,10,ok,
Reconstruction_Analysis_Contract_v1.0.1,2025,timesat_smoothing_spline,2025-09-05,2025,8.8386700000000005,False,2025_segment_1,8.6417970657348633,10,ok,
Reconstruction_Analysis_Contract_v1.0.1,2025,timesat_smoothing_spline,2025-09-06,2025,5.6793100000000001,False,2025_segment_1,6.5722761154174805,10,ok,
Reconstruction_Analysis_Contract_v1.0.1,2025,timesat_smoothing_spline,2025-09-07,2025,4.5760500000000004,True,2025_segment_1,5.042607307434082,10,ok,
Reconstruction_Analysis_Contract_v1.0.1,2025,timesat_smoothing_spline,2025-09-08,2025,6.6070599999999997,False,2025_segment_1,4.0060820579528809,10,ok,
Reconstruction_Analysis_Contract_v1.0.1,2025,timesat_smoothing_spline,2025-09-09,2025,3.0842999999999998,False,2025_segment_1,3.3848893642425537,10,ok,
Reconstruction_Analysis_Contract_v1.0.1,2025,timesat_smoothing_spline,2025-09-10,2025,2.89737,False,2025_segment_1,3.0934405326843262,10,ok,
Reconstruction_Analysis_Contract_v1.0.1,2025,timesat_smoothing_spline,2025-09-11,2025,2.43005,False,2025_segment_1,3.0461480617523193,10,ok,
Reconstruction_Analysis_Contract_v1.0.1,2025,timesat_smoothing_spline,2025-09-12,2025,3.8413599999999999,True,2025_segment_1,3.1574239730834961,10,ok,
Reconstruction_Analysis_Contract_v1.0.1,2025,timesat_smoothing_spline,2025-09-13,2025,4.4021400000000002,False,2025_segment_1,3.3530793190002441,10,ok,
Reconstruction_Analysis_Contract_v1.0.1,2025,timesat_smoothing_spline,2025-09-14,2025,3.8413599999999999,False,2025_segment_1,3.6045205593109131,10,ok,
Reconstruction_Analysis_Contract_v1.0.1,2025,timesat_smoothing_spline,2025-09-15,2025,3.7759299999999998,False,2025_segment_1,3.8945536613464355,10,ok,
Reconstruction_Analysis_Contract_v1.0.1,2025,timesat_smoothing_spline,2025-09-16,2025,5.49315,False,2025_segment_1,4.2059841156005859,10,ok,
Reconstruction_Analysis_Contract_v1.0.1,2025,timesat_smoothing_spline,2025-09-17,2025,5.37791,False,2025_segment_1,4.5216178894042969,10,ok,
Reconstruction_Analysis_Contract_v1.0.1,2025,timesat_smoothing_spline,2025-09-18,2025,5.1730400000000003,False,2025_segment_1,4.8242602348327637,10,ok,
Reconstruction_Analysis_Contract_v1.0.1,2025,timesat_smoothing_spline,2025-09-19,2025,5.6340000000000003,True,2025_segment_1,5.096717357635498,10,ok,
Reconstruction_Analysis_Contract_v1.0.1,2025,timesat_smoothing_spline,2025-09-20,2025,4.9425499999999998,False,2025_segment_1,5.3307490348815918,10,ok,
Reconstruction_Analysis_Contract_v1.0.1,2025,timesat_smoothing_spline,2025-09-21,2025,5.3010799999999998,False,2025_segment_1,5.5539350509643555,10,ok,
Reconstruction_Analysis_Contract_v1.0.1,2025,timesat_smoothing_spline,2025-09-22,2025,5.4035200000000003,True,2025_segment_1,5.8028092384338379,10,ok,
Reconstruction_Analysis_Contract_v1.0.1,2025,timesat_smoothing_spline,2025-09-23,2025,7.3052999999999999,False,2025_segment_1,6.1072502136230469,10,ok,
Reconstruction_Analysis_Contract_v1.0.1,2025,timesat_smoothing_spline,2025-09-24,2025,6.1494,False,2025_segment_1,6.4705185890197754,10,ok,
Reconstruction_Analysis_Contract_v1.0.1,2025,timesat_smoothing_spline,2025-09-25,2025,8.4611999999999998,False,2025_segment_1,6.889218807220459,10,ok,
Reconstruction_Analysis_Contract_v1.0.1,2025,timesat_smoothing_spline,2025-09-26,2025,10.7422,False,2025_segment_1,7.3599557876586914,10,ok,
Reconstruction_Analysis_Contract_v1.0.1,2025,timesat_smoothing_spline,2025-09-27,2025,7.7676600000000002,True,2025_segment_1,7.8793349266052246,10,ok,
Reconstruction_Analysis_Contract_v1.0.1,2025,timesat_smoothing_spline,2025-09-28,2025,6.0106900000000003,False,2025_segment_1,8.4421005249023438,10,ok,
Reconstruction_Analysis_Contract_v1.0.1,2025,timesat_smoothing_spline,2025-09-29,2025,6.4114000000000004,False,2025_segment_1,9.0355501174926758,10,ok,
Reconstruction_Analysis_Contract_v1.0.1,2025,timesat_smoothing_spline,2025-09-30,2025,7.7100299999999997,False,2025_segment_1,9.6451225280761719,10,ok,
Reconstruction_Analysis_Contract_v1.0.1,2025,timesat_smoothing_spline,2025-10-01,2025,11.2464,False,2025_segment_1,10.256254196166992,10,ok,
Reconstruction_Analysis_Contract_v1.0.1,2025,timesat_smoothing_spline,2025-10-02,2025,14.4643,False,2025_segment_1,10.854382514953613,10,ok,
Reconstruction_Analysis_Contract_v1.0.1,2025,timesat_smoothing_spline,2025-10-03,2025,13.763400000000001,False,2025_segment_1,11.424946784973145,10,ok,
Reconstruction_Analysis_Contract_v1.0.1,2025,timesat_smoothing_spline,2025-10-04,2025,13.444800000000001,False,2025_segment_1,11.95338249206543,10,ok,
Reconstruction_Analysis_Contract_v1.0.1,2025,timesat_smoothing_spline,2025-10-05,2025,25.838200000000001,False,2025_segment_1,12.425128936767578,10,ok,
Reconstruction_Analysis_Contract_v1.0.1,2025,timesat_smoothing_spline,2025-10-06,2025,41.831699999999998,False,2025_segment_1,12.825621604919434,10,ok,
Reconstruction_Analysis_Contract_v1.0.1,2025,timesat_smoothing_spline,2025-10-07,2025,9.9907199999999996,False,2025_segment_1,13.140299797058105,10,ok,
Reconstruction_Analysis_Contract_v1.0.1,2025,timesat_smoothing_spline,2025-10-08,2025,13.4186,False,2025_segment_1,13.354599952697754,10,ok,
Reconstruction_Analysis_Contract_v1.0.1,2025,timesat_smoothing_spline,2025-10-09,2025,14.2097,True,2025_segment_1,13.453960418701172,10,ok,
Reconstruction_Analysis_Contract_v1.0.1,2025,timesat_smoothing_spline,2025-10-10,2025,19.424800000000001,False,2025_segment_1,13.436413764953613,10,ok,
Reconstruction_Analysis_Contract_v1.0.1,2025,timesat_smoothing_spline,2025-10-11,2025,12.920500000000001,True,2025_segment_1,13.350376129150391,10,ok,
Reconstruction_Analysis_Contract_v1.0.1,2025,timesat_smoothing_spline,2025-10-12,2025,13.7995,False,2025_segment_1,13.24969482421875,10,ok,
Reconstruction_Analysis_Contract_v1.0.1,2025,timesat_smoothing_spline,2025-10-13,2025,23.409300000000002,False,2025_segment_1,13.15955638885498,10,ok,
Reconstruction_Analysis_Contract_v1.0.1,2025,timesat_smoothing_spline,2025-10-14,2025,83.4709,False,2025_segment_1,13.097987174987793,10,ok,
Reconstruction_Analysis_Contract_v1.0.1,2025,timesat_smoothing_spline,2025-10-15,2025,27.306000000000001,False,2025_segment_1,13.083008766174316,10,ok,
Reconstruction_Analysis_Contract_v1.0.1,2025,timesat_smoothing_spline,2025-10-16,2025,12.920500000000001,False,2025_segment_1,13.132645606994629,10,ok,
Reconstruction_Analysis_Contract_v1.0.1,2025,timesat_smoothing_spline,2025-10-17,2025,12.627599999999999,True,2025_segment_1,13.264922142028809,10,ok,
Reconstruction_Analysis_Contract_v1.0.1,2025,timesat_smoothing_spline,2025-10-18,2025,8.8773800000000005,False,2025_segment_1,13.487239837646484,10,ok,
Reconstruction_Analysis_Contract_v1.0.1,2025,timesat_smoothing_spline,2025-10-19,2025,14.1511,True,2025_segment_1,13.764512062072754,10,ok,
Reconstruction_Analysis_Contract_v1.0.1,2025,timesat_smoothing_spline,2025-10-20,2025,10.9283,False,2025_segment_1,14.057473182678223,10,ok,
Reconstruction_Analysis_Contract_v1.0.1,2025,timesat_smoothing_spline,2025-10-21,2025,6.4344999999999999,False,2025_segment_1,14.352630615234375,10,ok,
Reconstruction_Analysis_Contract_v1.0.1,2025,timesat_smoothing_spline,2025-10-22,2025,5.74003,False,2025_segment_1,14.642934799194336,10,ok,
Reconstruction_Analysis_Contract_v1.0.1,2025,timesat_smoothing_spline,2025-10-23,2025,21.5428,False,2025_segment_1,14.92133617401123,10,ok,
Reconstruction_Analysis_Contract_v1.0.1,2025,timesat_smoothing_spline,2025-10-24,2025,5.6124799999999997,False,2025_segment_1,15.180785179138184,10,ok,
Reconstruction_Analysis_Contract_v1.0.1,2025,timesat_smoothing_spline,2025-10-25,2025,12.9682,False,2025_segment_1,15.41423225402832,10,ok,
Reconstruction_Analysis_Contract_v1.0.1,2025,timesat_smoothing_spline,2025-10-26,2025,5.6124799999999997,False,2025_segment_1,15.614626884460449,10,ok,
Reconstruction_Analysis_Contract_v1.0.1,2025,timesat_smoothing_spline,2025-10-27,2025,4.4077799999999998,False,2025_segment_1,15.774920463562012,10,ok,
Reconstruction_Analysis_Contract_v1.0.1,2025,timesat_smoothing_spline,2025-10-28,2025,4.2802199999999999,False,2025_segment_1,15.888063430786133,10,ok,
Reconstruction_Analysis_Contract_v1.0.1,2025,timesat_smoothing_spline,2025-10-29,2025,4.8754799999999996,False,2025_segment_1,15.947005271911621,10,ok,
Reconstruction_Analysis_Contract_v1.0.1,2025,timesat_smoothing_spline,2025-10-30,2025,5.9668000000000001,False,2025_segment_1,15.944696426391602,10,ok,
Reconstruction_Analysis_Contract_v1.0.1,2025,timesat_smoothing_spline,2025-10-31,2025,5.20146,False,2025_segment_1,15.874088287353516,10,ok,
Reconstruction_Analysis_Contract_v1.0.1,2025,timesat_smoothing_spline,2025-11-01,2025,4.7621000000000002,False,2025_segment_1,15.728130340576172,10,ok,
Reconstruction_Analysis_Contract_v1.0.1,2025,timesat_smoothing_spline,2025-11-02,2025,4.6912399999999996,False,2025_segment_1,15.499773025512695,10,ok,
Reconstruction_Analysis_Contract_v1.0.1,2025,timesat_smoothing_spline,2025-11-03,2025,15.406000000000001,True,2025_segment_1,15.181966781616211,10,ok,
Reconstruction_Analysis_Contract_v1.0.1,2025,timesat_smoothing_spline,2025-11-04,2025,7.2343799999999998,False,2025_segment_1,14.771396636962891,10,ok,
Reconstruction_Analysis_Contract_v1.0.1,2025,timesat_smoothing_spline,2025-11-05,2025,8.83291,False,2025_segment_1,14.279681205749512,10,ok,
Reconstruction_Analysis_Contract_v1.0.1,2025,timesat_smoothing_spline,2025-11-06,2025,10.533899999999999,False,2025_segment_1,13.722174644470215,10,ok,
Reconstruction_Analysis_Contract_v1.0.1,2025,timesat_smoothing_spline,2025-11-07,2025,8.3615499999999994,False,2025_segment_1,13.114230155944824,10,ok,
Reconstruction_Analysis_Contract_v1.0.1,2025,timesat_smoothing_spline,2025-11-08,2025,6.8449900000000001,False,2025_segment_1,12.471202850341797,10,ok,
Reconstruction_Analysis_Contract_v1.0.1,2025,timesat_smoothing_spline,2025-11-09,2025,6.0662200000000004,False,2025_segment_1,11.808444976806641,10,ok,
Reconstruction_Analysis_Contract_v1.0.1,2025,timesat_smoothing_spline,2025-11-10,2025,7.0909199999999997,False,2025_segment_1,11.14130973815918,10,ok,
Reconstruction_Analysis_Contract_v1.0.1,2025,timesat_smoothing_spline,2025-11-11,2025,9.1608199999999993,False,2025_segment_1,10.485153198242188,10,ok,
Reconstruction_Analysis_Contract_v1.0.1,2025,timesat_smoothing_spline,2025-11-12,2025,11.6816,False,2025_segment_1,9.8553266525268555,10,ok,
Reconstruction_Analysis_Contract_v1.0.1,2025,timesat_smoothing_spline,2025-11-13,2025,8.9558800000000005,False,2025_segment_1,9.2671852111816406,10,ok,
Reconstruction_Analysis_Contract_v1.0.1,2025,timesat_smoothing_spline,2025-11-14,2025,6.5170899999999996,False,2025_segment_1,8.7360820770263672,10,ok,
Reconstruction_Analysis_Contract_v1.0.1,2025,timesat_smoothing_spline,2025-11-15,2025,5.82029,False,2025_segment_1,8.2773704528808594,10,ok,
Reconstruction_Analysis_Contract_v1.0.1,2025,timesat_smoothing_spline,2025-11-16,2025,7.6442600000000001,True,2025_segment_1,7.906404972076416,10,ok,
Reconstruction_Analysis_Contract_v1.0.1,2025,timesat_smoothing_spline,2025-11-17,2025,4.1192900000000003,False,2025_segment_1,7.6341695785522461,10,ok,
Reconstruction_Analysis_Contract_v1.0.1,2025,timesat_smoothing_spline,2025-11-18,2025,8.8693200000000001,False,2025_segment_1,7.4541726112365723,10,ok,
Reconstruction_Analysis_Contract_v1.0.1,2025,timesat_smoothing_spline,2025-11-19,2025,9.9127700000000001,False,2025_segment_1,7.355553150177002,10,ok,
Reconstruction_Analysis_Contract_v1.0.1,2025,timesat_smoothing_spline,2025-11-20,2025,7.2766900000000003,True,2025_segment_1,7.3274507522583008,10,ok,
Reconstruction_Analysis_Contract_v1.0.1,2025,timesat_smoothing_spline,2025-11-21,2025,6.4803699999999997,False,2025_segment_1,7.3581581115722656,10,ok,
Reconstruction_Analysis_Contract_v1.0.1,2025,timesat_smoothing_spline,2025-11-22,2025,8.7869399999999995,False,2025_segment_1,7.4325847625732422,10,ok,
Reconstruction_Analysis_Contract_v1.0.1,2025,timesat_smoothing_spline,2025-11-23,2025,9.4734200000000008,False,2025_segment_1,7.5347933769226074,10,ok,
Reconstruction_Analysis_Contract_v1.0.1,2025,timesat_smoothing_spline,2025-11-24,2025,8.2377599999999997,False,2025_segment_1,7.6488475799560547,10,ok,
Reconstruction_Analysis_Contract_v1.0.1,2025,timesat_smoothing_spline,2025-11-25,2025,6.5902099999999999,False,2025_segment_1,7.7588105201721191,10,ok,
Reconstruction_Analysis_Contract_v1.0.1,2025,timesat_smoothing_spline,2025-11-26,2025,8.0180799999999994,True,2025_segment_1,7.8487443923950195,10,ok,
