year,method,duration_days,scenario_family,covariate,outcome,association,spearman_correlation,n_scenarios_available,covariate_minimum,covariate_maximum
2019,linear_interpolation,10,consecutive_internal_gap,a_gap,absolute_peak_date_error_days,within_year_spearman,0.39441062498543017,174,0.0095670584801635008,6.455637488556297
2020,linear_interpolation,10,consecutive_internal_gap,a_gap,absolute_peak_date_error_days,within_year_spearman,0.30105407478447399,242,0.0069078347491259001,4.9937408138789818
2021,linear_interpolation,10,consecutive_internal_gap,a_gap,absolute_peak_date_error_days,within_year_spearman,0.34120805546326699,235,0.033978582173656,2.165432781902763
2022,linear_interpolation,10,consecutive_internal_gap,a_gap,absolute_peak_date_error_days,within_year_spearman,0.37603828901938724,188,0.026548343436092501,5.546037846890906
2023,linear_interpolation,10,consecutive_internal_gap,a_gap,absolute_peak_date_error_days,within_year_spearman,0.17355388046537928,129,0.063275231198915996,1.5592239985296024
2024,linear_interpolation,10,consecutive_internal_gap,a_gap,absolute_peak_date_error_days,within_year_spearman,0.34697230451318434,187,0.072454613215504005,4.8075490025593872
2025,linear_interpolation,10,consecutive_internal_gap,a_gap,absolute_peak_date_error_days,within_year_spearman,0.074753059635093849,224,0.026521321813152501,5.8205096687628375
2019,linear_interpolation,10,consecutive_internal_gap,a_gap,nrmse,within_year_spearman,-0.0052563116869071671,174,0.0095670584801635008,6.455637488556297
2020,linear_interpolation,10,consecutive_internal_gap,a_gap,nrmse,within_year_spearman,0.6490555182866784,242,0.0069078347491259001,4.9937408138789818
2021,linear_interpolation,10,consecutive_internal_gap,a_gap,nrmse,within_year_spearman,0.66538505096386447,235,0.033978582173656,2.165432781902763
2022,linear_interpolation,10,consecutive_internal_gap,a_gap,nrmse,within_year_spearman,0.19304598386122773,188,0.026548343436092501,5.546037846890906
2023,linear_interpolation,10,consecutive_internal_gap,a_gap,nrmse,within_year_spearman,-0.09308672755168676,129,0.063275231198915996,1.5592239985296024
2024,linear_interpolation,10,consecutive_internal_gap,a_gap,nrmse,within_year_spearman,0.54679444741820893,187,0.072454613215504005,4.8075490025593872
2025,linear_interpolation,10,consecutive_internal_gap,a_gap,nrmse,within_year_spearman,-0.04357149931438118,224,0.026521321813152501,5.8205096687628375
2019,linear_interpolation,10,consecutive_internal_gap,a_gap,peak_timing_success_10d,within_year_spearman,-0.32288310079621174,174,0.0095670584801635008,6.455637488556297
2020,linear_interpolation,10,consecutive_internal_gap,a_gap,peak_timing_success_10d,within_year_spearman,,242,0.0069078347491259001,4.9937408138789818
2021,linear_interpolation,10,consecutive_internal_gap,a_gap,peak_timing_success_10d,within_year_spearman,-0.23081939254153699,235,0.033978582173656,2.165432781902763
2022,linear_interpolation,10,consecutive_internal_gap,a_gap,peak_timing_success_10d,within_year_spearman,-0.37603828901938724,188,0.026548343436092501,5.546037846890906
2023,linear_interpolation,10,consecutive_internal_gap,a_gap,peak_timing_success_10d,within_year_spearman,,129,0.063275231198915996,1.5592239985296024
2024,linear_interpolation,10,consecutive_internal_gap,a_gap,peak_timing_success_10d,within_year_spearman,-0.34697230451318434,187,0.072454613215504005,4.8075490025593872
2025,linear_interpolation,10,consecutive_internal_gap,a_gap,peak_timing_success_10d,within_year_spearman,,224,0.026521321813152501,5.8205096687628375
2019,linear_interpolation,10,consecutive_internal_gap,observations_removed,absolute_peak_date_error_days,within_year_spearman,0.27381020321905736,174,1,4
2020,linear_interpolation,10,consecutive_internal_gap,observations_removed,absolute_peak_date_error_days,within_year_spearman,0.14936591508493446,242,1,4
2021,linear_interpolation,10,consecutive_internal_gap,observations_removed,absolute_peak_date_error_days,within_year_spearman,0.076390052113613924,235,1,4
2022,linear_interpolation,10,consecutive_internal_gap,observations_removed,absolute_peak_date_error_days,within_year_spearman,0.033055113378809196,188,1,4
2023,linear_interpolation,10,consecutive_internal_gap,observations_removed,absolute_peak_date_error_days,within_year_spearman,0.056675553394093844,129,1,4
2024,linear_interpolation,10,consecutive_internal_gap,observations_removed,absolute_peak_date_error_days,within_year_spearman,0.08541839096479889,187,1,4
2025,linear_interpolation,10,consecutive_internal_gap,observations_removed,absolute_peak_date_error_days,within_year_spearman,-0.060224616462069294,224,1,5
2019,linear_interpolation,10,consecutive_internal_gap,observations_removed,nrmse,within_year_spearman,-0.27646843821399331,174,1,4
2020,linear_interpolation,10,consecutive_internal_gap,observations_removed,nrmse,within_year_spearman,0.064075992190602268,242,1,4
2021,linear_interpolation,10,consecutive_internal_gap,observations_removed,nrmse,within_year_spearman,-0.0043578927971318479,235,1,4
2022,linear_interpolation,10,consecutive_internal_gap,observations_removed,nrmse,within_year_spearman,-0.4476632976023357,188,1,4
2023,linear_interpolation,10,consecutive_internal_gap,observations_removed,nrmse,within_year_spearman,0.12316264889451638,129,1,4
2024,linear_interpolation,10,consecutive_internal_gap,observations_removed,nrmse,within_year_spearman,-0.46400235778011628,187,1,4
2025,linear_interpolation,10,consecutive_internal_gap,observations_removed,nrmse,within_year_spearman,-0.035582124073472721,224,1,5
2019,linear_interpolation,10,consecutive_internal_gap,observations_removed,peak_timing_success_10d,within_year_spearman,-0.21206410904318651,174,1,4
2020,linear_interpolation,10,consecutive_internal_gap,observations_removed,peak_timing_success_10d,within_year_spearman,,242,1,4
2021,linear_interpolation,10,consecutive_internal_gap,observations_removed,peak_timing_success_10d,within_year_spearman,-0.053438196838641781,235,1,4
2022,linear_interpolation,10,consecutive_internal_gap,observations_removed,peak_timing_success_10d,within_year_spearman,-0.033055113378809196,188,1,4
2023,linear_interpolation,10,consecutive_internal_gap,observations_removed,peak_timing_success_10d,within_year_spearman,,129,1,4
2024,linear_interpolation,10,consecutive_internal_gap,observations_removed,peak_timing_success_10d,within_year_spearman,-0.08541839096479889,187,1,4
2025,linear_interpolation,10,consecutive_internal_gap,observations_removed,peak_timing_success_10d,within_year_spearman,,224,1,5
2019,linear_interpolation,10,consecutive_internal_gap,window_midpoint_relative_position,absolute_peak_date_error_days,within_year_spearman,0.09799062417745702,174,0.023706896551724001,0.97629310344827602
2020,linear_interpolation,10,consecutive_internal_gap,window_midpoint_relative_position,absolute_peak_date_error_days,within_year_spearman,0.057952154152125256,242,0.02,0.9622222222222222
2021,linear_interpolation,10,consecutive_internal_gap,window_midpoint_relative_position,absolute_peak_date_error_days,within_year_spearman,-0.32484043407983837,235,0.0211538461538461,0.97115384615384603
2022,linear_interpolation,10,consecutive_internal_gap,window_midpoint_relative_position,absolute_peak_date_error_days,within_year_spearman,-0.0043674598027803394,188,0.023404255319148901,0.94680851063829785
2023,linear_interpolation,10,consecutive_internal_gap,window_midpoint_relative_position,absolute_peak_date_error_days,within_year_spearman,-0.21399361960294339,129,0.024774774774774602,0.83108108108108103
2024,linear_interpolation,10,consecutive_internal_gap,window_midpoint_relative_position,absolute_peak_date_error_days,within_year_spearman,0.094668839429358678,187,0.068888888888888805,0.97555555555555562
2025,linear_interpolation,10,consecutive_internal_gap,window_midpoint_relative_position,absolute_peak_date_error_days,within_year_spearman,-0.12523847473269314,224,0.021999999999999902,0.97799999999999998
2019,linear_interpolation,10,consecutive_internal_gap,window_midpoint_relative_position,nrmse,within_year_spearman,-0.002696522685709038,174,0.023706896551724001,0.97629310344827602
2020,linear_interpolation,10,consecutive_internal_gap,window_midpoint_relative_position,nrmse,within_year_spearman,0.17573104843632498,242,0.02,0.9622222222222222
2021,linear_interpolation,10,consecutive_internal_gap,window_midpoint_relative_position,nrmse,within_year_spearman,-0.10947265654140942,235,0.0211538461538461,0.97115384615384603
2022,linear_interpolation,10,consecutive_internal_gap,window_midpoint_relative_position,nrmse,within_year_spearman,-0.12978550778725131,188,0.023404255319148901,0.94680851063829785
2023,linear_interpolation,10,consecutive_internal_gap,window_midpoint_relative_position,nrmse,within_year_spearman,0.10661313026537594,129,0.024774774774774602,0.83108108108108103
2024,linear_interpolation,10,consecutive_internal_gap,window_midpoint_relative_position,nrmse,within_year_spearman,0.10514123475654368,187,0.068888888888888805,0.97555555555555562
2025,linear_interpolation,10,consecutive_internal_gap,window_midpoint_relative_position,nrmse,within_year_spearman,-0.15846637865550189,224,0.021999999999999902,0.97799999999999998
2019,linear_interpolation,10,consecutive_internal_gap,window_midpoint_relative_position,peak_timing_success_10d,within_year_spearman,-0.075406895272421906,174,0.023706896551724001,0.97629310344827602
2020,linear_interpolation,10,consecutive_internal_gap,window_midpoint_relative_position,peak_timing_success_10d,within_year_spearman,,242,0.02,0.9622222222222222
2021,linear_interpolation,10,consecutive_internal_gap,window_midpoint_relative_position,peak_timing_success_10d,within_year_spearman,0.23255814502772559,235,0.0211538461538461,0.97115384615384603
2022,linear_interpolation,10,consecutive_internal_gap,window_midpoint_relative_position,peak_timing_success_10d,within_year_spearman,0.0043674598027803394,188,0.023404255319148901,0.94680851063829785
2023,linear_interpolation,10,consecutive_internal_gap,window_midpoint_relative_position,peak_timing_success_10d,within_year_spearman,,129,0.024774774774774602,0.83108108108108103
2024,linear_interpolation,10,consecutive_internal_gap,window_midpoint_relative_position,peak_timing_success_10d,within_year_spearman,-0.094668839429358678,187,0.068888888888888805,0.97555555555555562
2025,linear_interpolation,10,consecutive_internal_gap,window_midpoint_relative_position,peak_timing_success_10d,within_year_spearman,,224,0.021999999999999902,0.97799999999999998
2019,linear_interpolation,20,consecutive_internal_gap,a_gap,absolute_peak_date_error_days,within_year_spearman,0.48825375785823355,207,0.025285744316099298,11.128388419283166
2020,linear_interpolation,20,consecutive_internal_gap,a_gap,absolute_peak_date_error_days,within_year_spearman,0.37584891231014156,261,0.15771353424957371,7.6760513368693362
2021,linear_interpolation,20,consecutive_internal_gap,a_gap,absolute_peak_date_error_days,within_year_spearman,0.46152611800580662,240,0.1341184520346573,3.5898938045188946
2022,linear_interpolation,20,consecutive_internal_gap,a_gap,absolute_peak_date_error_days,within_year_spearman,0.49175840639301821,215,0.15818383005108941,7.3062726367413138
2023,linear_interpolation,20,consecutive_internal_gap,a_gap,absolute_peak_date_error_days,within_year_spearman,0.13131756121271862,167,0.29375782833441477,3.1924583990326374
2024,linear_interpolation,20,consecutive_internal_gap,a_gap,absolute_peak_date_error_days,within_year_spearman,0.50102300735387884,205,0.171406115102678,7.6615928867289567
2025,linear_interpolation,20,consecutive_internal_gap,a_gap,absolute_peak_date_error_days,within_year_spearman,0.02096124761208534,230,0.083231499093957301,8.4836828108751803
2019,linear_interpolation,20,consecutive_internal_gap,a_gap,nrmse,within_year_spearman,0.15528818366839731,207,0.025285744316099298,11.128388419283166
2020,linear_interpolation,20,consecutive_internal_gap,a_gap,nrmse,within_year_spearman,0.6938469231419081,261,0.15771353424957371,7.6760513368693362
2021,linear_interpolation,20,consecutive_internal_gap,a_gap,nrmse,within_year_spearman,0.83755798245730462,240,0.1341184520346573,3.5898938045188946
2022,linear_interpolation,20,consecutive_internal_gap,a_gap,nrmse,within_year_spearman,0.36446141641224566,215,0.15818383005108941,7.3062726367413138
2023,linear_interpolation,20,consecutive_internal_gap,a_gap,nrmse,within_year_spearman,-0.077739947336384771,167,0.29375782833441477,3.1924583990326374
2024,linear_interpolation,20,consecutive_internal_gap,a_gap,nrmse,within_year_spearman,0.71754807580603708,205,0.171406115102678,7.6615928867289567
2025,linear_interpolation,20,consecutive_internal_gap,a_gap,nrmse,within_year_spearman,-0.12369168920013823,230,0.083231499093957301,8.4836828108751803
2019,linear_interpolation,20,consecutive_internal_gap,a_gap,peak_timing_success_10d,within_year_spearman,-0.44811127315150956,207,0.025285744316099298,11.128388419283166
2020,linear_interpolation,20,consecutive_internal_gap,a_gap,peak_timing_success_10d,within_year_spearman,,261,0.15771353424957371,7.6760513368693362
2021,linear_interpolation,20,consecutive_internal_gap,a_gap,peak_timing_success_10d,within_year_spearman,-0.40808594832183259,240,0.1341184520346573,3.5898938045188946
2022,linear_interpolation,20,consecutive_internal_gap,a_gap,peak_timing_success_10d,within_year_spearman,-0.49046347870384233,215,0.15818383005108941,7.3062726367413138
2023,linear_interpolation,20,consecutive_internal_gap,a_gap,peak_timing_success_10d,within_year_spearman,,167,0.29375782833441477,3.1924583990326374
2024,linear_interpolation,20,consecutive_internal_gap,a_gap,peak_timing_success_10d,within_year_spearman,-0.50088357880506484,205,0.171406115102678,7.6615928867289567
2025,linear_interpolation,20,consecutive_internal_gap,a_gap,peak_timing_success_10d,within_year_spearman,,230,0.083231499093957301,8.4836828108751803
2019,linear_interpolation,20,consecutive_internal_gap,observations_removed,absolute_peak_date_error_days,within_year_spearman,0.34093914412767068,207,1,6
2020,linear_interpolation,20,consecutive_internal_gap,observations_removed,absolute_peak_date_error_days,within_year_spearman,0.2695077452785285,261,1,8
2021,linear_interpolation,20,consecutive_internal_gap,observations_removed,absolute_peak_date_error_days,within_year_spearman,0.058021439547236431,240,1,7
2022,linear_interpolation,20,consecutive_internal_gap,observations_removed,absolute_peak_date_error_days,within_year_spearman,-0.0048039152782255647,215,1,5
2023,linear_interpolation,20,consecutive_internal_gap,observations_removed,absolute_peak_date_error_days,within_year_spearman,0.15516183596702124,167,1,7
2024,linear_interpolation,20,consecutive_internal_gap,observations_removed,absolute_peak_date_error_days,within_year_spearman,0.18922787533432081,205,1,7
2025,linear_interpolation,20,consecutive_internal_gap,observations_removed,absolute_peak_date_error_days,within_year_spearman,0.087274065787444566,230,1,7
2019,linear_interpolation,20,consecutive_internal_gap,observations_removed,nrmse,within_year_spearman,0.11771837562355365,207,1,6
2020,linear_interpolation,20,consecutive_internal_gap,observations_removed,nrmse,within_year_spearman,0.12273204589651382,261,1,8
2021,linear_interpolation,20,consecutive_internal_gap,observations_removed,nrmse,within_year_spearman,-0.092329751510792438,240,1,7
2022,linear_interpolation,20,consecutive_internal_gap,observations_removed,nrmse,within_year_spearman,-0.34698104802129653,215,1,5
2023,linear_interpolation,20,consecutive_internal_gap,observations_removed,nrmse,within_year_spearman,0.32564310779249778,167,1,7
2024,linear_interpolation,20,consecutive_internal_gap,observations_removed,nrmse,within_year_spearman,-0.45129828008190254,205,1,7
2025,linear_interpolation,20,consecutive_internal_gap,observations_removed,nrmse,within_year_spearman,0.055801332757770029,230,1,7
2019,linear_interpolation,20,consecutive_internal_gap,observations_removed,peak_timing_success_10d,within_year_spearman,-0.29249376452427978,207,1,6
2020,linear_interpolation,20,consecutive_internal_gap,observations_removed,peak_timing_success_10d,within_year_spearman,,261,1,8
2021,linear_interpolation,20,consecutive_internal_gap,observations_removed,peak_timing_success_10d,within_year_spearman,0.027713501279607287,240,1,7
2022,linear_interpolation,20,consecutive_internal_gap,observations_removed,peak_timing_success_10d,within_year_spearman,-0.0045433965844240195,215,1,5
2023,linear_interpolation,20,consecutive_internal_gap,observations_removed,peak_timing_success_10d,within_year_spearman,,167,1,7
2024,linear_interpolation,20,consecutive_internal_gap,observations_removed,peak_timing_success_10d,within_year_spearman,-0.19468237658001505,205,1,7
2025,linear_interpolation,20,consecutive_internal_gap,observations_removed,peak_timing_success_10d,within_year_spearman,,230,1,7
2019,linear_interpolation,20,consecutive_internal_gap,window_midpoint_relative_position,absolute_peak_date_error_days,within_year_spearman,0.089766279980064395,207,0.045258620689655103,0.95474137931034475
2020,linear_interpolation,20,consecutive_internal_gap,window_midpoint_relative_position,absolute_peak_date_error_days,within_year_spearman,0.042058372689842909,261,0.042222222222222203,0.95333333333333325
2021,linear_interpolation,20,consecutive_internal_gap,window_midpoint_relative_position,absolute_peak_date_error_days,within_year_spearman,-0.47905758715267033,240,0.0403846153846152,0.95961538461538465
2022,linear_interpolation,20,consecutive_internal_gap,window_midpoint_relative_position,absolute_peak_date_error_days,within_year_spearman,-0.063276303915993953,215,0.044680851063829602,0.9553191489361702
2023,linear_interpolation,20,consecutive_internal_gap,window_midpoint_relative_position,absolute_peak_date_error_days,within_year_spearman,-0.18841215304433537,167,0.0472972972972973,0.85360360360360354
2024,linear_interpolation,20,consecutive_internal_gap,window_midpoint_relative_position,absolute_peak_date_error_days,within_year_spearman,0.15123869497115369,205,0.046666666666666502,0.95333333333333325
2025,linear_interpolation,20,consecutive_internal_gap,window_midpoint_relative_position,absolute_peak_date_error_days,within_year_spearman,-0.12374892150493456,230,0.042000000000000003,0.95799999999999996
2019,linear_interpolation,20,consecutive_internal_gap,window_midpoint_relative_position,nrmse,within_year_spearman,0.10762892486529063,207,0.045258620689655103,0.95474137931034475
2020,linear_interpolation,20,consecutive_internal_gap,window_midpoint_relative_position,nrmse,within_year_spearman,0.10607617098367575,261,0.042222222222222203,0.95333333333333325
2021,linear_interpolation,20,consecutive_internal_gap,window_midpoint_relative_position,nrmse,within_year_spearman,-0.12558320969281825,240,0.0403846153846152,0.95961538461538465
2022,linear_interpolation,20,consecutive_internal_gap,window_midpoint_relative_position,nrmse,within_year_spearman,-0.10786326941323771,215,0.044680851063829602,0.9553191489361702
2023,linear_interpolation,20,consecutive_internal_gap,window_midpoint_relative_position,nrmse,within_year_spearman,0.051664893787714571,167,0.0472972972972973,0.85360360360360354
2024,linear_interpolation,20,consecutive_internal_gap,window_midpoint_relative_position,nrmse,within_year_spearman,0.13477467502205717,205,0.046666666666666502,0.95333333333333325
2025,linear_interpolation,20,consecutive_internal_gap,window_midpoint_relative_position,nrmse,within_year_spearman,-0.26745863391609226,230,0.042000000000000003,0.95799999999999996
2019,linear_interpolation,20,consecutive_internal_gap,window_midpoint_relative_position,peak_timing_success_10d,within_year_spearman,-0.074841131215283435,207,0.045258620689655103,0.95474137931034475
2020,linear_interpolation,20,consecutive_internal_gap,window_midpoint_relative_position,peak_timing_success_10d,within_year_spearman,,261,0.042222222222222203,0.95333333333333325
2021,linear_interpolation,20,consecutive_internal_gap,window_midpoint_relative_position,peak_timing_success_10d,within_year_spearman,0.41926638526215676,240,0.0403846153846152,0.95961538461538465
2022,linear_interpolation,20,consecutive_internal_gap,window_midpoint_relative_position,peak_timing_success_10d,within_year_spearman,0.064500720502872477,215,0.044680851063829602,0.9553191489361702
2023,linear_interpolation,20,consecutive_internal_gap,window_midpoint_relative_position,peak_timing_success_10d,within_year_spearman,,167,0.0472972972972973,0.85360360360360354
2024,linear_interpolation,20,consecutive_internal_gap,window_midpoint_relative_position,peak_timing_success_10d,within_year_spearman,-0.15279310501541082,205,0.046666666666666502,0.95333333333333325
2025,linear_interpolation,20,consecutive_internal_gap,window_midpoint_relative_position,peak_timing_success_10d,within_year_spearman,,230,0.042000000000000003,0.95799999999999996
2019,linear_interpolation,30,consecutive_internal_gap,a_gap,absolute_peak_date_error_days,within_year_spearman,0.59922690814529833,202,0.048636719550354902,15.484027686454541
2020,linear_interpolation,30,consecutive_internal_gap,a_gap,absolute_peak_date_error_days,within_year_spearman,0.40571307009488727,243,0.3362223017416513,8.8796529494701559
2021,linear_interpolation,30,consecutive_internal_gap,a_gap,absolute_peak_date_error_days,within_year_spearman,0.45590937698419398,230,0.23456748890045301,4.0333918418725858
2022,linear_interpolation,30,consecutive_internal_gap,a_gap,absolute_peak_date_error_days,within_year_spearman,0.60086697971115477,205,0.31778868139875383,8.5961529478307259
2023,linear_interpolation,30,consecutive_internal_gap,a_gap,absolute_peak_date_error_days,within_year_spearman,0.061199950587179842,180,0.56491045956875896,4.5948397330260757
2024,linear_interpolation,30,consecutive_internal_gap,a_gap,absolute_peak_date_error_days,within_year_spearman,0.61110345685248912,195,0.32363232165688283,10.492798556141418
2025,linear_interpolation,30,consecutive_internal_gap,a_gap,absolute_peak_date_error_days,within_year_spearman,0.00029654088151772636,220,0.17234933132972691,9.7623968558279035
2019,linear_interpolation,30,consecutive_internal_gap,a_gap,nrmse,within_year_spearman,0.14929949396372744,202,0.048636719550354902,15.484027686454541
2020,linear_interpolation,30,consecutive_internal_gap,a_gap,nrmse,within_year_spearman,0.71227811270104924,243,0.3362223017416513,8.8796529494701559
2021,linear_interpolation,30,consecutive_internal_gap,a_gap,nrmse,within_year_spearman,0.88200775720903823,230,0.23456748890045301,4.0333918418725858
2022,linear_interpolation,30,consecutive_internal_gap,a_gap,nrmse,within_year_spearman,0.57031991011644068,205,0.31778868139875383,8.5961529478307259
2023,linear_interpolation,30,consecutive_internal_gap,a_gap,nrmse,within_year_spearman,-0.056928402619451229,180,0.56491045956875896,4.5948397330260757
2024,linear_interpolation,30,consecutive_internal_gap,a_gap,nrmse,within_year_spearman,0.70590571386736856,195,0.32363232165688283,10.492798556141418
2025,linear_interpolation,30,consecutive_internal_gap,a_gap,nrmse,within_year_spearman,-0.019359779019636002,220,0.17234933132972691,9.7623968558279035
2019,linear_interpolation,30,consecutive_internal_gap,a_gap,peak_timing_success_10d,within_year_spearman,-0.47199878890387803,202,0.048636719550354902,15.484027686454541
2020,linear_interpolation,30,consecutive_internal_gap,a_gap,peak_timing_success_10d,within_year_spearman,,243,0.3362223017416513,8.8796529494701559
2021,linear_interpolation,30,consecutive_internal_gap,a_gap,peak_timing_success_10d,within_year_spearman,-0.41970655404523038,230,0.23456748890045301,4.0333918418725858
2022,linear_interpolation,30,consecutive_internal_gap,a_gap,peak_timing_success_10d,within_year_spearman,-0.60193595011161116,205,0.31778868139875383,8.5961529478307259
2023,linear_interpolation,30,consecutive_internal_gap,a_gap,peak_timing_success_10d,within_year_spearman,,180,0.56491045956875896,4.5948397330260757
2024,linear_interpolation,30,consecutive_internal_gap,a_gap,peak_timing_success_10d,within_year_spearman,-0.60852183398323167,195,0.32363232165688283,10.492798556141418
2025,linear_interpolation,30,consecutive_internal_gap,a_gap,peak_timing_success_10d,within_year_spearman,,220,0.17234933132972691,9.7623968558279035
2019,linear_interpolation,30,consecutive_internal_gap,observations_removed,absolute_peak_date_error_days,within_year_spearman,0.47204850962099959,202,2,8
2020,linear_interpolation,30,consecutive_internal_gap,observations_removed,absolute_peak_date_error_days,within_year_spearman,0.27655946893564887,243,1,11
2021,linear_interpolation,30,consecutive_internal_gap,observations_removed,absolute_peak_date_error_days,within_year_spearman,0.077678028480528835,230,2,9
2022,linear_interpolation,30,consecutive_internal_gap,observations_removed,absolute_peak_date_error_days,within_year_spearman,-0.0029738393160860998,205,1,7
2023,linear_interpolation,30,consecutive_internal_gap,observations_removed,absolute_peak_date_error_days,within_year_spearman,0.16115659182641071,180,1,10
2024,linear_interpolation,30,consecutive_internal_gap,observations_removed,absolute_peak_date_error_days,within_year_spearman,0.17348276543986041,195,2,11
2025,linear_interpolation,30,consecutive_internal_gap,observations_removed,absolute_peak_date_error_days,within_year_spearman,-0.074781425357849901,220,2,9
2019,linear_interpolation,30,consecutive_internal_gap,observations_removed,nrmse,within_year_spearman,0.51733340931738936,202,2,8
2020,linear_interpolation,30,consecutive_internal_gap,observations_removed,nrmse,within_year_spearman,0.059281788190411126,243,1,11
2021,linear_interpolation,30,consecutive_internal_gap,observations_removed,nrmse,within_year_spearman,-0.12736799867352006,230,2,9
2022,linear_interpolation,30,consecutive_internal_gap,observations_removed,nrmse,within_year_spearman,-0.17925422329662538,205,1,7
2023,linear_interpolation,30,consecutive_internal_gap,observations_removed,nrmse,within_year_spearman,0.34260008084734145,180,1,10
2024,linear_interpolation,30,consecutive_internal_gap,observations_removed,nrmse,within_year_spearman,-0.44719907164546158,195,2,11
2025,linear_interpolation,30,consecutive_internal_gap,observations_removed,nrmse,within_year_spearman,0.10406401854348152,220,2,9
2019,linear_interpolation,30,consecutive_internal_gap,observations_removed,peak_timing_success_10d,within_year_spearman,-0.37439406516981544,202,2,8
2020,linear_interpolation,30,consecutive_internal_gap,observations_removed,peak_timing_success_10d,within_year_spearman,,243,1,11
2021,linear_interpolation,30,consecutive_internal_gap,observations_removed,peak_timing_success_10d,within_year_spearman,-0.10171659440581654,230,2,9
2022,linear_interpolation,30,consecutive_internal_gap,observations_removed,peak_timing_success_10d,within_year_spearman,-0.018543977303201536,205,1,7
2023,linear_interpolation,30,consecutive_internal_gap,observations_removed,peak_timing_success_10d,within_year_spearman,,180,1,10
2024,linear_interpolation,30,consecutive_internal_gap,observations_removed,peak_timing_success_10d,within_year_spearman,-0.17116800972839777,195,2,11
2025,linear_interpolation,30,consecutive_internal_gap,observations_removed,peak_timing_success_10d,within_year_spearman,,220,2,9
2019,linear_interpolation,30,consecutive_internal_gap,window_midpoint_relative_position,absolute_peak_date_error_days,within_year_spearman,0.10342243908856835,202,0.066810344827586202,0.93318965517241381
2020,linear_interpolation,30,consecutive_internal_gap,window_midpoint_relative_position,absolute_peak_date_error_days,within_year_spearman,0.053500624627897231,243,0.064444444444444401,0.93111111111111122
2021,linear_interpolation,30,consecutive_internal_gap,window_midpoint_relative_position,absolute_peak_date_error_days,within_year_spearman,-0.48842565218550488,230,0.059615384615384501,0.94038461538461515
2022,linear_interpolation,30,consecutive_internal_gap,window_midpoint_relative_position,absolute_peak_date_error_days,within_year_spearman,-0.083519753641849839,205,0.065957446808510498,0.93404255319148921
2023,linear_interpolation,30,consecutive_internal_gap,window_midpoint_relative_position,absolute_peak_date_error_days,within_year_spearman,-0.18155985340863351,180,0.069819819819819801,0.87612612612612595
2024,linear_interpolation,30,consecutive_internal_gap,window_midpoint_relative_position,absolute_peak_date_error_days,within_year_spearman,0.20315038900729881,195,0.068888888888888805,0.93111111111111122
2025,linear_interpolation,30,consecutive_internal_gap,window_midpoint_relative_position,absolute_peak_date_error_days,within_year_spearman,-0.12626154720871943,220,0.062,0.93799999999999994
2019,linear_interpolation,30,consecutive_internal_gap,window_midpoint_relative_position,nrmse,within_year_spearman,0.067390842551956487,202,0.066810344827586202,0.93318965517241381
2020,linear_interpolation,30,consecutive_internal_gap,window_midpoint_relative_position,nrmse,within_year_spearman,0.15929836833373537,243,0.064444444444444401,0.93111111111111122
2021,linear_interpolation,30,consecutive_internal_gap,window_midpoint_relative_position,nrmse,within_year_spearman,-0.15571501688807185,230,0.059615384615384501,0.94038461538461515
2022,linear_interpolation,30,consecutive_internal_gap,window_midpoint_relative_position,nrmse,within_year_spearman,-0.11968505443304896,205,0.065957446808510498,0.93404255319148921
2023,linear_interpolation,30,consecutive_internal_gap,window_midpoint_relative_position,nrmse,within_year_spearman,-0.10602238495990148,180,0.069819819819819801,0.87612612612612595
2024,linear_interpolation,30,consecutive_internal_gap,window_midpoint_relative_position,nrmse,within_year_spearman,0.18599343523311118,195,0.068888888888888805,0.93111111111111122
2025,linear_interpolation,30,consecutive_internal_gap,window_midpoint_relative_position,nrmse,within_year_spearman,-0.1583833841476297,220,0.062,0.93799999999999994
2019,linear_interpolation,30,consecutive_internal_gap,window_midpoint_relative_position,peak_timing_success_10d,within_year_spearman,-0.090974823258117093,202,0.066810344827586202,0.93318965517241381
2020,linear_interpolation,30,consecutive_internal_gap,window_midpoint_relative_position,peak_timing_success_10d,within_year_spearman,,243,0.064444444444444401,0.93111111111111122
2021,linear_interpolation,30,consecutive_internal_gap,window_midpoint_relative_position,peak_timing_success_10d,within_year_spearman,0.42766307639679874,230,0.059615384615384501,0.94038461538461515
2022,linear_interpolation,30,consecutive_internal_gap,window_midpoint_relative_position,peak_timing_success_10d,within_year_spearman,0.087456792441632764,205,0.065957446808510498,0.93404255319148921
2023,linear_interpolation,30,consecutive_internal_gap,window_midpoint_relative_position,peak_timing_success_10d,within_year_spearman,,180,0.069819819819819801,0.87612612612612595
2024,linear_interpolation,30,consecutive_internal_gap,window_midpoint_relative_position,peak_timing_success_10d,within_year_spearman,-0.20831141619757931,195,0.068888888888888805,0.93111111111111122
2025,linear_interpolation,30,consecutive_internal_gap,window_midpoint_relative_position,peak_timing_success_10d,within_year_spearman,,220,0.062,0.93799999999999994
2019,linear_interpolation,45,consecutive_internal_gap,a_gap,absolute_peak_date_error_days,within_year_spearman,0.7330889291067868,187,0.30263450706523343,17.288983776369555
2020,linear_interpolation,45,consecutive_internal_gap,a_gap,absolute_peak_date_error_days,within_year_spearman,0.53177971609073937,213,0.59362593348043013,12.345151944100412
2021,linear_interpolation,45,consecutive_internal_gap,a_gap,absolute_peak_date_error_days,within_year_spearman,0.39370840498073195,215,0.36111473435784203,4.3476156453849937
2022,linear_interpolation,45,consecutive_internal_gap,a_gap,absolute_peak_date_error_days,within_year_spearman,0.72959239591081548,190,0.48682237799106981,9.8392252458595948
2023,linear_interpolation,45,consecutive_internal_gap,a_gap,absolute_peak_date_error_days,within_year_spearman,0.016738257643294712,177,0.98826428992524318,6.4535005271310233
2024,linear_interpolation,45,consecutive_internal_gap,a_gap,absolute_peak_date_error_days,within_year_spearman,0.72852421178465532,180,0.63064225201491364,13.09828059179204
2025,linear_interpolation,45,consecutive_internal_gap,a_gap,absolute_peak_date_error_days,within_year_spearman,-0.027567162977746529,205,0.27055384094511942,10.981356620532017
2019,linear_interpolation,45,consecutive_internal_gap,a_gap,nrmse,within_year_spearman,0.43866334101234011,187,0.30263450706523343,17.288983776369555
2020,linear_interpolation,45,consecutive_internal_gap,a_gap,nrmse,within_year_spearman,0.70141176522720328,213,0.59362593348043013,12.345151944100412
2021,linear_interpolation,45,consecutive_internal_gap,a_gap,nrmse,within_year_spearman,0.82265911240623824,215,0.36111473435784203,4.3476156453849937
2022,linear_interpolation,45,consecutive_internal_gap,a_gap,nrmse,within_year_spearman,0.82126137677166522,190,0.48682237799106981,9.8392252458595948
2023,linear_interpolation,45,consecutive_internal_gap,a_gap,nrmse,within_year_spearman,-0.13399291760247942,177,0.98826428992524318,6.4535005271310233
2024,linear_interpolation,45,consecutive_internal_gap,a_gap,nrmse,within_year_spearman,0.68942204791354,180,0.63064225201491364,13.09828059179204
2025,linear_interpolation,45,consecutive_internal_gap,a_gap,nrmse,within_year_spearman,0.38422644438729409,205,0.27055384094511942,10.981356620532017
2019,linear_interpolation,45,consecutive_internal_gap,a_gap,peak_timing_success_10d,within_year_spearman,-0.64917164689350615,187,0.30263450706523343,17.288983776369555
2020,linear_interpolation,45,consecutive_internal_gap,a_gap,peak_timing_success_10d,within_year_spearman,,213,0.59362593348043013,12.345151944100412
2021,linear_interpolation,45,consecutive_internal_gap,a_gap,peak_timing_success_10d,within_year_spearman,-0.3791832553741124,215,0.36111473435784203,4.3476156453849937
2022,linear_interpolation,45,consecutive_internal_gap,a_gap,peak_timing_success_10d,within_year_spearman,-0.72690236658956253,190,0.48682237799106981,9.8392252458595948
2023,linear_interpolation,45,consecutive_internal_gap,a_gap,peak_timing_success_10d,within_year_spearman,,177,0.98826428992524318,6.4535005271310233
2024,linear_interpolation,45,consecutive_internal_gap,a_gap,peak_timing_success_10d,within_year_spearman,-0.71272704834178802,180,0.63064225201491364,13.09828059179204
2025,linear_interpolation,45,consecutive_internal_gap,a_gap,peak_timing_success_10d,within_year_spearman,,205,0.27055384094511942,10.981356620532017
2019,linear_interpolation,45,consecutive_internal_gap,observations_removed,absolute_peak_date_error_days,within_year_spearman,0.55606698892508954,187,4,11
2020,linear_interpolation,45,consecutive_internal_gap,observations_removed,absolute_peak_date_error_days,within_year_spearman,0.24113766872842846,213,2,14
2021,linear_interpolation,45,consecutive_internal_gap,observations_removed,absolute_peak_date_error_days,within_year_spearman,-0.046288124769444272,215,5,14
2022,linear_interpolation,45,consecutive_internal_gap,observations_removed,absolute_peak_date_error_days,within_year_spearman,-0.11448698442297769,190,3,10
2023,linear_interpolation,45,consecutive_internal_gap,observations_removed,absolute_peak_date_error_days,within_year_spearman,0.16763524052113787,177,1,14
2024,linear_interpolation,45,consecutive_internal_gap,observations_removed,absolute_peak_date_error_days,within_year_spearman,0.069862746521942951,180,4,14
2025,linear_interpolation,45,consecutive_internal_gap,observations_removed,absolute_peak_date_error_days,within_year_spearman,-0.02831217550250208,205,5,13
2019,linear_interpolation,45,consecutive_internal_gap,observations_removed,nrmse,within_year_spearman,0.57211372017288153,187,4,11
2020,linear_interpolation,45,consecutive_internal_gap,observations_removed,nrmse,within_year_spearman,-0.05300684490723722,213,2,14
2021,linear_interpolation,45,consecutive_internal_gap,observations_removed,nrmse,within_year_spearman,-0.09272363720865856,215,5,14
2022,linear_interpolation,45,consecutive_internal_gap,observations_removed,nrmse,within_year_spearman,-0.30921048394447448,190,3,10
2023,linear_interpolation,45,consecutive_internal_gap,observations_removed,nrmse,within_year_spearman,0.38893055614784217,177,1,14
2024,linear_interpolation,45,consecutive_internal_gap,observations_removed,nrmse,within_year_spearman,-0.27123936391848968,180,4,14
2025,linear_interpolation,45,consecutive_internal_gap,observations_removed,nrmse,within_year_spearman,0.094764111230405193,205,5,13
2019,linear_interpolation,45,consecutive_internal_gap,observations_removed,peak_timing_success_10d,within_year_spearman,-0.4096180864166119,187,4,11
2020,linear_interpolation,45,consecutive_internal_gap,observations_removed,peak_timing_success_10d,within_year_spearman,,213,2,14
2021,linear_interpolation,45,consecutive_internal_gap,observations_removed,peak_timing_success_10d,within_year_spearman,0.082457382206925584,215,5,14
2022,linear_interpolation,45,consecutive_internal_gap,observations_removed,peak_timing_success_10d,within_year_spearman,0.10444852728739321,190,3,10
2023,linear_interpolation,45,consecutive_internal_gap,observations_removed,peak_timing_success_10d,within_year_spearman,,177,1,14
2024,linear_interpolation,45,consecutive_internal_gap,observations_removed,peak_timing_success_10d,within_year_spearman,-0.074841889099649075,180,4,14
2025,linear_interpolation,45,consecutive_internal_gap,observations_removed,peak_timing_success_10d,within_year_spearman,,205,5,13
2019,linear_interpolation,45,consecutive_internal_gap,window_midpoint_relative_position,absolute_peak_date_error_days,within_year_spearman,0.14997806166862601,187,0.099137931034482707,0.90086206896551724
2020,linear_interpolation,45,consecutive_internal_gap,window_midpoint_relative_position,absolute_peak_date_error_days,within_year_spearman,0.084171956468812051,213,0.0977777777777777,0.89777777777777756
2021,linear_interpolation,45,consecutive_internal_gap,window_midpoint_relative_position,absolute_peak_date_error_days,within_year_spearman,-0.50355542387449725,215,0.0884615384615383,0.91153846153846163
2022,linear_interpolation,45,consecutive_internal_gap,window_midpoint_relative_position,absolute_peak_date_error_days,within_year_spearman,-0.11561914149247586,190,0.097872340425531903,0.90212765957446805
2023,linear_interpolation,45,consecutive_internal_gap,window_midpoint_relative_position,absolute_peak_date_error_days,within_year_spearman,-0.18307469297353593,177,0.1036036036036036,0.89639639639639634
2024,linear_interpolation,45,consecutive_internal_gap,window_midpoint_relative_position,absolute_peak_date_error_days,within_year_spearman,0.2894722845834663,180,0.1022222222222222,0.89777777777777756
2025,linear_interpolation,45,consecutive_internal_gap,window_midpoint_relative_position,absolute_peak_date_error_days,within_year_spearman,-0.13033078095887712,205,0.091999999999999901,0.90800000000000003
2019,linear_interpolation,45,consecutive_internal_gap,window_midpoint_relative_position,nrmse,within_year_spearman,0.02247886596545744,187,0.099137931034482707,0.90086206896551724
2020,linear_interpolation,45,consecutive_internal_gap,window_midpoint_relative_position,nrmse,within_year_spearman,0.26679321125851158,213,0.0977777777777777,0.89777777777777756
2021,linear_interpolation,45,consecutive_internal_gap,window_midpoint_relative_position,nrmse,within_year_spearman,-0.25309313056403071,215,0.0884615384615383,0.91153846153846163
2022,linear_interpolation,45,consecutive_internal_gap,window_midpoint_relative_position,nrmse,within_year_spearman,-0.12908607001878097,190,0.097872340425531903,0.90212765957446805
2023,linear_interpolation,45,consecutive_internal_gap,window_midpoint_relative_position,nrmse,within_year_spearman,-0.53068311862825479,177,0.1036036036036036,0.89639639639639634
2024,linear_interpolation,45,consecutive_internal_gap,window_midpoint_relative_position,nrmse,within_year_spearman,0.28139024306214788,180,0.1022222222222222,0.89777777777777756
2025,linear_interpolation,45,consecutive_internal_gap,window_midpoint_relative_position,nrmse,within_year_spearman,0.22120146451060568,205,0.091999999999999901,0.90800000000000003
2019,linear_interpolation,45,consecutive_internal_gap,window_midpoint_relative_position,peak_timing_success_10d,within_year_spearman,-0.14729988746368047,187,0.099137931034482707,0.90086206896551724
2020,linear_interpolation,45,consecutive_internal_gap,window_midpoint_relative_position,peak_timing_success_10d,within_year_spearman,,213,0.0977777777777777,0.89777777777777756
2021,linear_interpolation,45,consecutive_internal_gap,window_midpoint_relative_position,peak_timing_success_10d,within_year_spearman,0.44125281851137987,215,0.0884615384615383,0.91153846153846163
2022,linear_interpolation,45,consecutive_internal_gap,window_midpoint_relative_position,peak_timing_success_10d,within_year_spearman,0.12696245340991427,190,0.097872340425531903,0.90212765957446805
2023,linear_interpolation,45,consecutive_internal_gap,window_midpoint_relative_position,peak_timing_success_10d,within_year_spearman,,177,0.1036036036036036,0.89639639639639634
2024,linear_interpolation,45,consecutive_internal_gap,window_midpoint_relative_position,peak_timing_success_10d,within_year_spearman,-0.30556027102822197,180,0.1022222222222222,0.89777777777777756
2025,linear_interpolation,45,consecutive_internal_gap,window_midpoint_relative_position,peak_timing_success_10d,within_year_spearman,,205,0.091999999999999901,0.90800000000000003
2019,timesat_double_logistic,10,consecutive_internal_gap,a_gap,absolute_peak_date_error_days,within_year_spearman,0.12528654038263753,174,0.0095670584801635008,6.455637488556297
2020,timesat_double_logistic,10,consecutive_internal_gap,a_gap,absolute_peak_date_error_days,within_year_spearman,-0.10260378500745845,242,0.0069078347491259001,4.9937408138789818
2021,timesat_double_logistic,10,consecutive_internal_gap,a_gap,absolute_peak_date_error_days,within_year_spearman,0.20645994088519551,235,0.033978582173656,2.165432781902763
2022,timesat_double_logistic,10,consecutive_internal_gap,a_gap,absolute_peak_date_error_days,within_year_spearman,0.13626253545265071,188,0.026548343436092501,5.546037846890906
2023,timesat_double_logistic,10,consecutive_internal_gap,a_gap,absolute_peak_date_error_days,within_year_spearman,,129,0.063275231198915996,1.5592239985296024
2024,timesat_double_logistic,10,consecutive_internal_gap,a_gap,absolute_peak_date_error_days,within_year_spearman,0.23154517665282787,187,0.072454613215504005,4.8075490025593872
2025,timesat_double_logistic,10,consecutive_internal_gap,a_gap,absolute_peak_date_error_days,within_year_spearman,-0.12828687368865299,224,0.026521321813152501,5.8205096687628375
2019,timesat_double_logistic,10,consecutive_internal_gap,a_gap,nrmse,within_year_spearman,0.12465846914365396,174,0.0095670584801635008,6.455637488556297
2020,timesat_double_logistic,10,consecutive_internal_gap,a_gap,nrmse,within_year_spearman,0.42473899953471722,242,0.0069078347491259001,4.9937408138789818
2021,timesat_double_logistic,10,consecutive_internal_gap,a_gap,nrmse,within_year_spearman,0.29269076652663428,235,0.033978582173656,2.165432781902763
2022,timesat_double_logistic,10,consecutive_internal_gap,a_gap,nrmse,within_year_spearman,0.23873350326478013,188,0.026548343436092501,5.546037846890906
2023,timesat_double_logistic,10,consecutive_internal_gap,a_gap,nrmse,within_year_spearman,0.34348050888479581,129,0.063275231198915996,1.5592239985296024
2024,timesat_double_logistic,10,consecutive_internal_gap,a_gap,nrmse,within_year_spearman,0.65317201158748794,187,0.072454613215504005,4.8075490025593872
2025,timesat_double_logistic,10,consecutive_internal_gap,a_gap,nrmse,within_year_spearman,0.44234699419144308,224,0.026521321813152501,5.8205096687628375
2019,timesat_double_logistic,10,consecutive_internal_gap,a_gap,peak_timing_success_10d,within_year_spearman,,174,0.0095670584801635008,6.455637488556297
2020,timesat_double_logistic,10,consecutive_internal_gap,a_gap,peak_timing_success_10d,within_year_spearman,,242,0.0069078347491259001,4.9937408138789818
2021,timesat_double_logistic,10,consecutive_internal_gap,a_gap,peak_timing_success_10d,within_year_spearman,0.057491966279490894,235,0.033978582173656,2.165432781902763
2022,timesat_double_logistic,10,consecutive_internal_gap,a_gap,peak_timing_success_10d,within_year_spearman,,188,0.026548343436092501,5.546037846890906
2023,timesat_double_logistic,10,consecutive_internal_gap,a_gap,peak_timing_success_10d,within_year_spearman,,129,0.063275231198915996,1.5592239985296024
2024,timesat_double_logistic,10,consecutive_internal_gap,a_gap,peak_timing_success_10d,within_year_spearman,,187,0.072454613215504005,4.8075490025593872
2025,timesat_double_logistic,10,consecutive_internal_gap,a_gap,peak_timing_success_10d,within_year_spearman,,224,0.026521321813152501,5.8205096687628375
2019,timesat_double_logistic,10,consecutive_internal_gap,observations_removed,absolute_peak_date_error_days,within_year_spearman,0.1239330277876655,174,1,4
2020,timesat_double_logistic,10,consecutive_internal_gap,observations_removed,absolute_peak_date_error_days,within_year_spearman,-0.27972174634278335,242,1,4
2021,timesat_double_logistic,10,consecutive_internal_gap,observations_removed,absolute_peak_date_error_days,within_year_spearman,0.015493445832996092,235,1,4
2022,timesat_double_logistic,10,consecutive_internal_gap,observations_removed,absolute_peak_date_error_days,within_year_spearman,0.036656468581802486,188,1,4
2023,timesat_double_logistic,10,consecutive_internal_gap,observations_removed,absolute_peak_date_error_days,within_year_spearman,,129,1,4
2024,timesat_double_logistic,10,consecutive_internal_gap,observations_removed,absolute_peak_date_error_days,within_year_spearman,-0.094096469395206384,187,1,4
2025,timesat_double_logistic,10,consecutive_internal_gap,observations_removed,absolute_peak_date_error_days,within_year_spearman,-0.025075011656938949,224,1,5
2019,timesat_double_logistic,10,consecutive_internal_gap,observations_removed,nrmse,within_year_spearman,-0.16841258471920653,174,1,4
2020,timesat_double_logistic,10,consecutive_internal_gap,observations_removed,nrmse,within_year_spearman,-0.080732128392593958,242,1,4
2021,timesat_double_logistic,10,consecutive_internal_gap,observations_removed,nrmse,within_year_spearman,-0.38672034612505979,235,1,4
2022,timesat_double_logistic,10,consecutive_internal_gap,observations_removed,nrmse,within_year_spearman,-0.27889285632560429,188,1,4
2023,timesat_double_logistic,10,consecutive_internal_gap,observations_removed,nrmse,within_year_spearman,-0.56637570011628402,129,1,4
2024,timesat_double_logistic,10,consecutive_internal_gap,observations_removed,nrmse,within_year_spearman,-0.45718602283078758,187,1,4
2025,timesat_double_logistic,10,consecutive_internal_gap,observations_removed,nrmse,within_year_spearman,-0.13167815425141546,224,1,5
2019,timesat_double_logistic,10,consecutive_internal_gap,observations_removed,peak_timing_success_10d,within_year_spearman,,174,1,4
2020,timesat_double_logistic,10,consecutive_internal_gap,observations_removed,peak_timing_success_10d,within_year_spearman,,242,1,4
2021,timesat_double_logistic,10,consecutive_internal_gap,observations_removed,peak_timing_success_10d,within_year_spearman,0.22174962095597983,235,1,4
2022,timesat_double_logistic,10,consecutive_internal_gap,observations_removed,peak_timing_success_10d,within_year_spearman,,188,1,4
2023,timesat_double_logistic,10,consecutive_internal_gap,observations_removed,peak_timing_success_10d,within_year_spearman,,129,1,4
2024,timesat_double_logistic,10,consecutive_internal_gap,observations_removed,peak_timing_success_10d,within_year_spearman,,187,1,4
2025,timesat_double_logistic,10,consecutive_internal_gap,observations_removed,peak_timing_success_10d,within_year_spearman,,224,1,5
2019,timesat_double_logistic,10,consecutive_internal_gap,window_midpoint_relative_position,absolute_peak_date_error_days,within_year_spearman,-0.37859990430189228,174,0.023706896551724001,0.97629310344827602
2020,timesat_double_logistic,10,consecutive_internal_gap,window_midpoint_relative_position,absolute_peak_date_error_days,within_year_spearman,0.25116611041933795,242,0.02,0.9622222222222222
2021,timesat_double_logistic,10,consecutive_internal_gap,window_midpoint_relative_position,absolute_peak_date_error_days,within_year_spearman,-0.16819387934827168,235,0.0211538461538461,0.97115384615384603
2022,timesat_double_logistic,10,consecutive_internal_gap,window_midpoint_relative_position,absolute_peak_date_error_days,within_year_spearman,-0.13155520285243547,188,0.023404255319148901,0.94680851063829785
2023,timesat_double_logistic,10,consecutive_internal_gap,window_midpoint_relative_position,absolute_peak_date_error_days,within_year_spearman,,129,0.024774774774774602,0.83108108108108103
2024,timesat_double_logistic,10,consecutive_internal_gap,window_midpoint_relative_position,absolute_peak_date_error_days,within_year_spearman,-0.32272369941497975,187,0.068888888888888805,0.97555555555555562
2025,timesat_double_logistic,10,consecutive_internal_gap,window_midpoint_relative_position,absolute_peak_date_error_days,within_year_spearman,0.065194968595872829,224,0.021999999999999902,0.97799999999999998
2019,timesat_double_logistic,10,consecutive_internal_gap,window_midpoint_relative_position,nrmse,within_year_spearman,-0.16272819193191371,174,0.023706896551724001,0.97629310344827602
2020,timesat_double_logistic,10,consecutive_internal_gap,window_midpoint_relative_position,nrmse,within_year_spearman,0.29499414577148614,242,0.02,0.9622222222222222
2021,timesat_double_logistic,10,consecutive_internal_gap,window_midpoint_relative_position,nrmse,within_year_spearman,-0.21538156457698018,235,0.0211538461538461,0.97115384615384603
2022,timesat_double_logistic,10,consecutive_internal_gap,window_midpoint_relative_position,nrmse,within_year_spearman,-0.21050873693785149,188,0.023404255319148901,0.94680851063829785
2023,timesat_double_logistic,10,consecutive_internal_gap,window_midpoint_relative_position,nrmse,within_year_spearman,0.40907502583094385,129,0.024774774774774602,0.83108108108108103
2024,timesat_double_logistic,10,consecutive_internal_gap,window_midpoint_relative_position,nrmse,within_year_spearman,0.2442489450714351,187,0.068888888888888805,0.97555555555555562
2025,timesat_double_logistic,10,consecutive_internal_gap,window_midpoint_relative_position,nrmse,within_year_spearman,0.24083988989638649,224,0.021999999999999902,0.97799999999999998
2019,timesat_double_logistic,10,consecutive_internal_gap,window_midpoint_relative_position,peak_timing_success_10d,within_year_spearman,,174,0.023706896551724001,0.97629310344827602
2020,timesat_double_logistic,10,consecutive_internal_gap,window_midpoint_relative_position,peak_timing_success_10d,within_year_spearman,,242,0.02,0.9622222222222222
2021,timesat_double_logistic,10,consecutive_internal_gap,window_midpoint_relative_position,peak_timing_success_10d,within_year_spearman,-0.28435215754450904,235,0.0211538461538461,0.97115384615384603
2022,timesat_double_logistic,10,consecutive_internal_gap,window_midpoint_relative_position,peak_timing_success_10d,within_year_spearman,,188,0.023404255319148901,0.94680851063829785
2023,timesat_double_logistic,10,consecutive_internal_gap,window_midpoint_relative_position,peak_timing_success_10d,within_year_spearman,,129,0.024774774774774602,0.83108108108108103
2024,timesat_double_logistic,10,consecutive_internal_gap,window_midpoint_relative_position,peak_timing_success_10d,within_year_spearman,,187,0.068888888888888805,0.97555555555555562
2025,timesat_double_logistic,10,consecutive_internal_gap,window_midpoint_relative_position,peak_timing_success_10d,within_year_spearman,,224,0.021999999999999902,0.97799999999999998
2019,timesat_double_logistic,20,consecutive_internal_gap,a_gap,absolute_peak_date_error_days,within_year_spearman,0.075864143404207759,207,0.025285744316099298,11.128388419283166
2020,timesat_double_logistic,20,consecutive_internal_gap,a_gap,absolute_peak_date_error_days,within_year_spearman,-0.21302042438951441,261,0.15771353424957371,7.6760513368693362
2021,timesat_double_logistic,20,consecutive_internal_gap,a_gap,absolute_peak_date_error_days,within_year_spearman,0.11227763019034716,240,0.1341184520346573,3.5898938045188946
2022,timesat_double_logistic,20,consecutive_internal_gap,a_gap,absolute_peak_date_error_days,within_year_spearman,-0.056640302530256148,215,0.15818383005108941,7.3062726367413138
2023,timesat_double_logistic,20,consecutive_internal_gap,a_gap,absolute_peak_date_error_days,within_year_spearman,,167,0.29375782833441477,3.1924583990326374
2024,timesat_double_logistic,20,consecutive_internal_gap,a_gap,absolute_peak_date_error_days,within_year_spearman,0.16412893559410699,205,0.171406115102678,7.6615928867289567
2025,timesat_double_logistic,20,consecutive_internal_gap,a_gap,absolute_peak_date_error_days,within_year_spearman,-0.05219347229688201,230,0.083231499093957301,8.4836828108751803
2019,timesat_double_logistic,20,consecutive_internal_gap,a_gap,nrmse,within_year_spearman,0.20265100185467644,207,0.025285744316099298,11.128388419283166
2020,timesat_double_logistic,20,consecutive_internal_gap,a_gap,nrmse,within_year_spearman,0.57888954503307299,261,0.15771353424957371,7.6760513368693362
2021,timesat_double_logistic,20,consecutive_internal_gap,a_gap,nrmse,within_year_spearman,0.52575512646599043,240,0.1341184520346573,3.5898938045188946
2022,timesat_double_logistic,20,consecutive_internal_gap,a_gap,nrmse,within_year_spearman,0.31630345602362919,215,0.15818383005108941,7.3062726367413138
2023,timesat_double_logistic,20,consecutive_internal_gap,a_gap,nrmse,within_year_spearman,0.30437327675955411,167,0.29375782833441477,3.1924583990326374
2024,timesat_double_logistic,20,consecutive_internal_gap,a_gap,nrmse,within_year_spearman,0.46310970956463882,205,0.171406115102678,7.6615928867289567
2025,timesat_double_logistic,20,consecutive_internal_gap,a_gap,nrmse,within_year_spearman,0.40602179618261497,230,0.083231499093957301,8.4836828108751803
2019,timesat_double_logistic,20,consecutive_internal_gap,a_gap,peak_timing_success_10d,within_year_spearman,-0.25855095758444308,207,0.025285744316099298,11.128388419283166
2020,timesat_double_logistic,20,consecutive_internal_gap,a_gap,peak_timing_success_10d,within_year_spearman,0.2127077501555826,261,0.15771353424957371,7.6760513368693362
2021,timesat_double_logistic,20,consecutive_internal_gap,a_gap,peak_timing_success_10d,within_year_spearman,0.091269419417605385,240,0.1341184520346573,3.5898938045188946
2022,timesat_double_logistic,20,consecutive_internal_gap,a_gap,peak_timing_success_10d,within_year_spearman,,215,0.15818383005108941,7.3062726367413138
2023,timesat_double_logistic,20,consecutive_internal_gap,a_gap,peak_timing_success_10d,within_year_spearman,,167,0.29375782833441477,3.1924583990326374
2024,timesat_double_logistic,20,consecutive_internal_gap,a_gap,peak_timing_success_10d,within_year_spearman,-0.26416987983319057,205,0.171406115102678,7.6615928867289567
2025,timesat_double_logistic,20,consecutive_internal_gap,a_gap,peak_timing_success_10d,within_year_spearman,,230,0.083231499093957301,8.4836828108751803
2019,timesat_double_logistic,20,consecutive_internal_gap,observations_removed,absolute_peak_date_error_days,within_year_spearman,0.28726978092026828,207,1,6
2020,timesat_double_logistic,20,consecutive_internal_gap,observations_removed,absolute_peak_date_error_days,within_year_spearman,-0.15038963086147872,261,1,8
2021,timesat_double_logistic,20,consecutive_internal_gap,observations_removed,absolute_peak_date_error_days,within_year_spearman,0.24283678396294189,240,1,7
2022,timesat_double_logistic,20,consecutive_internal_gap,observations_removed,absolute_peak_date_error_days,within_year_spearman,0.14223804877198401,215,1,5
2023,timesat_double_logistic,20,consecutive_internal_gap,observations_removed,absolute_peak_date_error_days,within_year_spearman,,167,1,7
2024,timesat_double_logistic,20,consecutive_internal_gap,observations_removed,absolute_peak_date_error_days,within_year_spearman,0.34691994209657584,205,1,7
2025,timesat_double_logistic,20,consecutive_internal_gap,observations_removed,absolute_peak_date_error_days,within_year_spearman,-0.037062115562240587,230,1,7
2019,timesat_double_logistic,20,consecutive_internal_gap,observations_removed,nrmse,within_year_spearman,0.016746049403903788,207,1,6
2020,timesat_double_logistic,20,consecutive_internal_gap,observations_removed,nrmse,within_year_spearman,-0.0039674235051928696,261,1,8
2021,timesat_double_logistic,20,consecutive_internal_gap,observations_removed,nrmse,within_year_spearman,-0.40814256844704128,240,1,7
2022,timesat_double_logistic,20,consecutive_internal_gap,observations_removed,nrmse,within_year_spearman,0.023020659390340901,215,1,5
2023,timesat_double_logistic,20,consecutive_internal_gap,observations_removed,nrmse,within_year_spearman,-0.19473653158478976,167,1,7
2024,timesat_double_logistic,20,consecutive_internal_gap,observations_removed,nrmse,within_year_spearman,-0.15327648577744865,205,1,7
2025,timesat_double_logistic,20,consecutive_internal_gap,observations_removed,nrmse,within_year_spearman,0.01820556596886699,230,1,7
2019,timesat_double_logistic,20,consecutive_internal_gap,observations_removed,peak_timing_success_10d,within_year_spearman,-0.26387236892580596,207,1,6
2020,timesat_double_logistic,20,consecutive_internal_gap,observations_removed,peak_timing_success_10d,within_year_spearman,0.19292043708268292,261,1,8
2021,timesat_double_logistic,20,consecutive_internal_gap,observations_removed,peak_timing_success_10d,within_year_spearman,-0.0047802652060149236,240,1,7
2022,timesat_double_logistic,20,consecutive_internal_gap,observations_removed,peak_timing_success_10d,within_year_spearman,,215,1,5
2023,timesat_double_logistic,20,consecutive_internal_gap,observations_removed,peak_timing_success_10d,within_year_spearman,,167,1,7
2024,timesat_double_logistic,20,consecutive_internal_gap,observations_removed,peak_timing_success_10d,within_year_spearman,-0.16344848209773702,205,1,7
2025,timesat_double_logistic,20,consecutive_internal_gap,observations_removed,peak_timing_success_10d,within_year_spearman,,230,1,7
2019,timesat_double_logistic,20,consecutive_internal_gap,window_midpoint_relative_position,absolute_peak_date_error_days,within_year_spearman,-0.42616131903460885,207,0.045258620689655103,0.95474137931034475
2020,timesat_double_logistic,20,consecutive_internal_gap,window_midpoint_relative_position,absolute_peak_date_error_days,within_year_spearman,0.24394914098921178,261,0.042222222222222203,0.95333333333333325
2021,timesat_double_logistic,20,consecutive_internal_gap,window_midpoint_relative_position,absolute_peak_date_error_days,within_year_spearman,-0.25274601872922614,240,0.0403846153846152,0.95961538461538465
2022,timesat_double_logistic,20,consecutive_internal_gap,window_midpoint_relative_position,absolute_peak_date_error_days,within_year_spearman,-0.37129060118940393,215,0.044680851063829602,0.9553191489361702
2023,timesat_double_logistic,20,consecutive_internal_gap,window_midpoint_relative_position,absolute_peak_date_error_days,within_year_spearman,,167,0.0472972972972973,0.85360360360360354
2024,timesat_double_logistic,20,consecutive_internal_gap,window_midpoint_relative_position,absolute_peak_date_error_days,within_year_spearman,-0.14910085768819017,205,0.046666666666666502,0.95333333333333325
2025,timesat_double_logistic,20,consecutive_internal_gap,window_midpoint_relative_position,absolute_peak_date_error_days,within_year_spearman,0.16081232004985269,230,0.042000000000000003,0.95799999999999996
2019,timesat_double_logistic,20,consecutive_internal_gap,window_midpoint_relative_position,nrmse,within_year_spearman,-0.17465969813149648,207,0.045258620689655103,0.95474137931034475
2020,timesat_double_logistic,20,consecutive_internal_gap,window_midpoint_relative_position,nrmse,within_year_spearman,0.39985688750950382,261,0.042222222222222203,0.95333333333333325
2021,timesat_double_logistic,20,consecutive_internal_gap,window_midpoint_relative_position,nrmse,within_year_spearman,-0.21191583292461655,240,0.0403846153846152,0.95961538461538465
2022,timesat_double_logistic,20,consecutive_internal_gap,window_midpoint_relative_position,nrmse,within_year_spearman,-0.27078656417606112,215,0.044680851063829602,0.9553191489361702
2023,timesat_double_logistic,20,consecutive_internal_gap,window_midpoint_relative_position,nrmse,within_year_spearman,0.038004074384259019,167,0.0472972972972973,0.85360360360360354
2024,timesat_double_logistic,20,consecutive_internal_gap,window_midpoint_relative_position,nrmse,within_year_spearman,0.41124966039441746,205,0.046666666666666502,0.95333333333333325
2025,timesat_double_logistic,20,consecutive_internal_gap,window_midpoint_relative_position,nrmse,within_year_spearman,0.33847768648803822,230,0.042000000000000003,0.95799999999999996
2019,timesat_double_logistic,20,consecutive_internal_gap,window_midpoint_relative_position,peak_timing_success_10d,within_year_spearman,-0.055290937976306576,207,0.045258620689655103,0.95474137931034475
2020,timesat_double_logistic,20,consecutive_internal_gap,window_midpoint_relative_position,peak_timing_success_10d,within_year_spearman,0.074344456365058015,261,0.042222222222222203,0.95333333333333325
2021,timesat_double_logistic,20,consecutive_internal_gap,window_midpoint_relative_position,peak_timing_success_10d,within_year_spearman,-0.32296354964221058,240,0.0403846153846152,0.95961538461538465
2022,timesat_double_logistic,20,consecutive_internal_gap,window_midpoint_relative_position,peak_timing_success_10d,within_year_spearman,,215,0.044680851063829602,0.9553191489361702
2023,timesat_double_logistic,20,consecutive_internal_gap,window_midpoint_relative_position,peak_timing_success_10d,within_year_spearman,,167,0.0472972972972973,0.85360360360360354
2024,timesat_double_logistic,20,consecutive_internal_gap,window_midpoint_relative_position,peak_timing_success_10d,within_year_spearman,-0.10802823264656246,205,0.046666666666666502,0.95333333333333325
2025,timesat_double_logistic,20,consecutive_internal_gap,window_midpoint_relative_position,peak_timing_success_10d,within_year_spearman,,230,0.042000000000000003,0.95799999999999996
2019,timesat_double_logistic,30,consecutive_internal_gap,a_gap,absolute_peak_date_error_days,within_year_spearman,0.068804478824495904,202,0.048636719550354902,15.484027686454541
2020,timesat_double_logistic,30,consecutive_internal_gap,a_gap,absolute_peak_date_error_days,within_year_spearman,-0.26307262130573644,243,0.3362223017416513,8.8796529494701559
2021,timesat_double_logistic,30,consecutive_internal_gap,a_gap,absolute_peak_date_error_days,within_year_spearman,0.066210639113737646,230,0.23456748890045301,4.0333918418725858
2022,timesat_double_logistic,30,consecutive_internal_gap,a_gap,absolute_peak_date_error_days,within_year_spearman,-0.18035181461312627,205,0.31778868139875383,8.5961529478307259
2023,timesat_double_logistic,30,consecutive_internal_gap,a_gap,absolute_peak_date_error_days,within_year_spearman,,180,0.56491045956875896,4.5948397330260757
2024,timesat_double_logistic,30,consecutive_internal_gap,a_gap,absolute_peak_date_error_days,within_year_spearman,0.18117280463094065,195,0.32363232165688283,10.492798556141418
2025,timesat_double_logistic,30,consecutive_internal_gap,a_gap,absolute_peak_date_error_days,within_year_spearman,-0.012819707182982851,220,0.17234933132972691,9.7623968558279035
2019,timesat_double_logistic,30,consecutive_internal_gap,a_gap,nrmse,within_year_spearman,0.3997209506882009,202,0.048636719550354902,15.484027686454541
2020,timesat_double_logistic,30,consecutive_internal_gap,a_gap,nrmse,within_year_spearman,0.55853867275389002,243,0.3362223017416513,8.8796529494701559
2021,timesat_double_logistic,30,consecutive_internal_gap,a_gap,nrmse,within_year_spearman,0.62429296730856676,230,0.23456748890045301,4.0333918418725858
2022,timesat_double_logistic,30,consecutive_internal_gap,a_gap,nrmse,within_year_spearman,0.4505582059629234,205,0.31778868139875383,8.5961529478307259
2023,timesat_double_logistic,30,consecutive_internal_gap,a_gap,nrmse,within_year_spearman,0.33121557996636991,180,0.56491045956875896,4.5948397330260757
2024,timesat_double_logistic,30,consecutive_internal_gap,a_gap,nrmse,within_year_spearman,0.33538393225906216,195,0.32363232165688283,10.492798556141418
2025,timesat_double_logistic,30,consecutive_internal_gap,a_gap,nrmse,within_year_spearman,0.55115203784513767,220,0.17234933132972691,9.7623968558279035
2019,timesat_double_logistic,30,consecutive_internal_gap,a_gap,peak_timing_success_10d,within_year_spearman,-0.4249315102339935,202,0.048636719550354902,15.484027686454541
2020,timesat_double_logistic,30,consecutive_internal_gap,a_gap,peak_timing_success_10d,within_year_spearman,0.27817420281190519,243,0.3362223017416513,8.8796529494701559
2021,timesat_double_logistic,30,consecutive_internal_gap,a_gap,peak_timing_success_10d,within_year_spearman,0.0083654125740160179,230,0.23456748890045301,4.0333918418725858
2022,timesat_double_logistic,30,consecutive_internal_gap,a_gap,peak_timing_success_10d,within_year_spearman,-0.12982659351134593,205,0.31778868139875383,8.5961529478307259
2023,timesat_double_logistic,30,consecutive_internal_gap,a_gap,peak_timing_success_10d,within_year_spearman,,180,0.56491045956875896,4.5948397330260757
2024,timesat_double_logistic,30,consecutive_internal_gap,a_gap,peak_timing_success_10d,within_year_spearman,-0.29926385728434873,195,0.32363232165688283,10.492798556141418
2025,timesat_double_logistic,30,consecutive_internal_gap,a_gap,peak_timing_success_10d,within_year_spearman,,220,0.17234933132972691,9.7623968558279035
2019,timesat_double_logistic,30,consecutive_internal_gap,observations_removed,absolute_peak_date_error_days,within_year_spearman,0.34628510054435835,202,2,8
2020,timesat_double_logistic,30,consecutive_internal_gap,observations_removed,absolute_peak_date_error_days,within_year_spearman,-0.18543256290471763,243,1,11
2021,timesat_double_logistic,30,consecutive_internal_gap,observations_removed,absolute_peak_date_error_days,within_year_spearman,0.28470826076595046,230,2,9
2022,timesat_double_logistic,30,consecutive_internal_gap,observations_removed,absolute_peak_date_error_days,within_year_spearman,-0.04522544078278104,205,1,7
2023,timesat_double_logistic,30,consecutive_internal_gap,observations_removed,absolute_peak_date_error_days,within_year_spearman,,180,1,10
2024,timesat_double_logistic,30,consecutive_internal_gap,observations_removed,absolute_peak_date_error_days,within_year_spearman,0.37420842597095266,195,2,11
2025,timesat_double_logistic,30,consecutive_internal_gap,observations_removed,absolute_peak_date_error_days,within_year_spearman,-0.05333991658776694,220,2,9
2019,timesat_double_logistic,30,consecutive_internal_gap,observations_removed,nrmse,within_year_spearman,0.18068239341125389,202,2,8
2020,timesat_double_logistic,30,consecutive_internal_gap,observations_removed,nrmse,within_year_spearman,-0.19138491005130948,243,1,11
2021,timesat_double_logistic,30,consecutive_internal_gap,observations_removed,nrmse,within_year_spearman,-0.35701358537895311,230,2,9
2022,timesat_double_logistic,30,consecutive_internal_gap,observations_removed,nrmse,within_year_spearman,0.0013498969271522872,205,1,7
2023,timesat_double_logistic,30,consecutive_internal_gap,observations_removed,nrmse,within_year_spearman,-0.093893030081324158,180,1,10
2024,timesat_double_logistic,30,consecutive_internal_gap,observations_removed,nrmse,within_year_spearman,-0.1847584638732736,195,2,11
2025,timesat_double_logistic,30,consecutive_internal_gap,observations_removed,nrmse,within_year_spearman,0.0025739971607020677,220,2,9
2019,timesat_double_logistic,30,consecutive_internal_gap,observations_removed,peak_timing_success_10d,within_year_spearman,-0.41342630504177957,202,2,8
2020,timesat_double_logistic,30,consecutive_internal_gap,observations_removed,peak_timing_success_10d,within_year_spearman,0.31175703683678385,243,1,11
2021,timesat_double_logistic,30,consecutive_internal_gap,observations_removed,peak_timing_success_10d,within_year_spearman,-0.045242694079426611,230,2,9
2022,timesat_double_logistic,30,consecutive_internal_gap,observations_removed,peak_timing_success_10d,within_year_spearman,-0.17604197305847591,205,1,7
2023,timesat_double_logistic,30,consecutive_internal_gap,observations_removed,peak_timing_success_10d,within_year_spearman,,180,1,10
2024,timesat_double_logistic,30,consecutive_internal_gap,observations_removed,peak_timing_success_10d,within_year_spearman,-0.13519554740579726,195,2,11
2025,timesat_double_logistic,30,consecutive_internal_gap,observations_removed,peak_timing_success_10d,within_year_spearman,,220,2,9
2019,timesat_double_logistic,30,consecutive_internal_gap,window_midpoint_relative_position,absolute_peak_date_error_days,within_year_spearman,-0.44110156838621578,202,0.066810344827586202,0.93318965517241381
2020,timesat_double_logistic,30,consecutive_internal_gap,window_midpoint_relative_position,absolute_peak_date_error_days,within_year_spearman,0.1660156600398717,243,0.064444444444444401,0.93111111111111122
2021,timesat_double_logistic,30,consecutive_internal_gap,window_midpoint_relative_position,absolute_peak_date_error_days,within_year_spearman,-0.24676805749777647,230,0.059615384615384501,0.94038461538461515
2022,timesat_double_logistic,30,consecutive_internal_gap,window_midpoint_relative_position,absolute_peak_date_error_days,within_year_spearman,-0.36807399254206657,205,0.065957446808510498,0.93404255319148921
2023,timesat_double_logistic,30,consecutive_internal_gap,window_midpoint_relative_position,absolute_peak_date_error_days,within_year_spearman,,180,0.069819819819819801,0.87612612612612595
2024,timesat_double_logistic,30,consecutive_internal_gap,window_midpoint_relative_position,absolute_peak_date_error_days,within_year_spearman,0.1355811451647424,195,0.068888888888888805,0.93111111111111122
2025,timesat_double_logistic,30,consecutive_internal_gap,window_midpoint_relative_position,absolute_peak_date_error_days,within_year_spearman,0.16439389211119182,220,0.062,0.93799999999999994
2019,timesat_double_logistic,30,consecutive_internal_gap,window_midpoint_relative_position,nrmse,within_year_spearman,-0.22321304152506408,202,0.066810344827586202,0.93318965517241381
2020,timesat_double_logistic,30,consecutive_internal_gap,window_midpoint_relative_position,nrmse,within_year_spearman,0.50968693891290806,243,0.064444444444444401,0.93111111111111122
2021,timesat_double_logistic,30,consecutive_internal_gap,window_midpoint_relative_position,nrmse,within_year_spearman,-0.16716834987974413,230,0.059615384615384501,0.94038461538461515
2022,timesat_double_logistic,30,consecutive_internal_gap,window_midpoint_relative_position,nrmse,within_year_spearman,-0.39758210006907746,205,0.065957446808510498,0.93404255319148921
2023,timesat_double_logistic,30,consecutive_internal_gap,window_midpoint_relative_position,nrmse,within_year_spearman,-0.15647192817757363,180,0.069819819819819801,0.87612612612612595
2024,timesat_double_logistic,30,consecutive_internal_gap,window_midpoint_relative_position,nrmse,within_year_spearman,0.54035876733644383,195,0.068888888888888805,0.93111111111111122
2025,timesat_double_logistic,30,consecutive_internal_gap,window_midpoint_relative_position,nrmse,within_year_spearman,0.3825383893816498,220,0.062,0.93799999999999994
2019,timesat_double_logistic,30,consecutive_internal_gap,window_midpoint_relative_position,peak_timing_success_10d,within_year_spearman,-0.067047398178575426,202,0.066810344827586202,0.93318965517241381
2020,timesat_double_logistic,30,consecutive_internal_gap,window_midpoint_relative_position,peak_timing_success_10d,within_year_spearman,0.072215795856511472,243,0.064444444444444401,0.93111111111111122
2021,timesat_double_logistic,30,consecutive_internal_gap,window_midpoint_relative_position,peak_timing_success_10d,within_year_spearman,-0.32625109038662464,230,0.059615384615384501,0.94038461538461515
2022,timesat_double_logistic,30,consecutive_internal_gap,window_midpoint_relative_position,peak_timing_success_10d,within_year_spearman,0.13110357639834277,205,0.065957446808510498,0.93404255319148921
2023,timesat_double_logistic,30,consecutive_internal_gap,window_midpoint_relative_position,peak_timing_success_10d,within_year_spearman,,180,0.069819819819819801,0.87612612612612595
2024,timesat_double_logistic,30,consecutive_internal_gap,window_midpoint_relative_position,peak_timing_success_10d,within_year_spearman,-0.18033470645318658,195,0.068888888888888805,0.93111111111111122
2025,timesat_double_logistic,30,consecutive_internal_gap,window_midpoint_relative_position,peak_timing_success_10d,within_year_spearman,,220,0.062,0.93799999999999994
2019,timesat_double_logistic,45,consecutive_internal_gap,a_gap,absolute_peak_date_error_days,within_year_spearman,0.32755244458208504,187,0.30263450706523343,17.288983776369555
2020,timesat_double_logistic,45,consecutive_internal_gap,a_gap,absolute_peak_date_error_days,within_year_spearman,-0.13339764615063848,213,0.59362593348043013,12.345151944100412
2021,timesat_double_logistic,45,consecutive_internal_gap,a_gap,absolute_peak_date_error_days,within_year_spearman,0.10408897145406162,215,0.36111473435784203,4.3476156453849937
2022,timesat_double_logistic,45,consecutive_internal_gap,a_gap,absolute_peak_date_error_days,within_year_spearman,0.2912889067756842,190,0.48682237799106981,9.8392252458595948
2023,timesat_double_logistic,45,consecutive_internal_gap,a_gap,absolute_peak_date_error_days,within_year_spearman,0.20821325920983338,177,0.98826428992524318,6.4535005271310233
2024,timesat_double_logistic,45,consecutive_internal_gap,a_gap,absolute_peak_date_error_days,within_year_spearman,0.28065734544667015,180,0.63064225201491364,13.09828059179204
2025,timesat_double_logistic,45,consecutive_internal_gap,a_gap,absolute_peak_date_error_days,within_year_spearman,0.10565812127916828,205,0.27055384094511942,10.981356620532017
2019,timesat_double_logistic,45,consecutive_internal_gap,a_gap,nrmse,within_year_spearman,0.62218306119869959,187,0.30263450706523343,17.288983776369555
2020,timesat_double_logistic,45,consecutive_internal_gap,a_gap,nrmse,within_year_spearman,0.42830096704393134,213,0.59362593348043013,12.345151944100412
2021,timesat_double_logistic,45,consecutive_internal_gap,a_gap,nrmse,within_year_spearman,0.65081703247625555,215,0.36111473435784203,4.3476156453849937
2022,timesat_double_logistic,45,consecutive_internal_gap,a_gap,nrmse,within_year_spearman,0.30709661400013016,190,0.48682237799106981,9.8392252458595948
2023,timesat_double_logistic,45,consecutive_internal_gap,a_gap,nrmse,within_year_spearman,0.047688091850280473,177,0.98826428992524318,6.4535005271310233
2024,timesat_double_logistic,45,consecutive_internal_gap,a_gap,nrmse,within_year_spearman,0.34777079935863447,180,0.63064225201491364,13.09828059179204
2025,timesat_double_logistic,45,consecutive_internal_gap,a_gap,nrmse,within_year_spearman,0.50549328345669076,205,0.27055384094511942,10.981356620532017
2019,timesat_double_logistic,45,consecutive_internal_gap,a_gap,peak_timing_success_10d,within_year_spearman,-0.58530419086734786,187,0.30263450706523343,17.288983776369555
2020,timesat_double_logistic,45,consecutive_internal_gap,a_gap,peak_timing_success_10d,within_year_spearman,0.37328598018047421,213,0.59362593348043013,12.345151944100412
2021,timesat_double_logistic,45,consecutive_internal_gap,a_gap,peak_timing_success_10d,within_year_spearman,-0.052263756978110303,215,0.36111473435784203,4.3476156453849937
2022,timesat_double_logistic,45,consecutive_internal_gap,a_gap,peak_timing_success_10d,within_year_spearman,-0.39342650178983918,190,0.48682237799106981,9.8392252458595948
2023,timesat_double_logistic,45,consecutive_internal_gap,a_gap,peak_timing_success_10d,within_year_spearman,-0.18767517882893478,177,0.98826428992524318,6.4535005271310233
2024,timesat_double_logistic,45,consecutive_internal_gap,a_gap,peak_timing_success_10d,within_year_spearman,-0.47557689270302683,180,0.63064225201491364,13.09828059179204
2025,timesat_double_logistic,45,consecutive_internal_gap,a_gap,peak_timing_success_10d,within_year_spearman,,205,0.27055384094511942,10.981356620532017
2019,timesat_double_logistic,45,consecutive_internal_gap,observations_removed,absolute_peak_date_error_days,within_year_spearman,0.42210226015097252,187,4,11
2020,timesat_double_logistic,45,consecutive_internal_gap,observations_removed,absolute_peak_date_error_days,within_year_spearman,-0.23540284538157885,213,2,14
2021,timesat_double_logistic,45,consecutive_internal_gap,observations_removed,absolute_peak_date_error_days,within_year_spearman,0.1183793253338697,215,5,14
2022,timesat_double_logistic,45,consecutive_internal_gap,observations_removed,absolute_peak_date_error_days,within_year_spearman,-0.03114231425382713,190,3,10
2023,timesat_double_logistic,45,consecutive_internal_gap,observations_removed,absolute_peak_date_error_days,within_year_spearman,0.073461004236571203,177,1,14
2024,timesat_double_logistic,45,consecutive_internal_gap,observations_removed,absolute_peak_date_error_days,within_year_spearman,0.17149467967272944,180,4,14
2025,timesat_double_logistic,45,consecutive_internal_gap,observations_removed,absolute_peak_date_error_days,within_year_spearman,-0.064383517470794099,205,5,13
2019,timesat_double_logistic,45,consecutive_internal_gap,observations_removed,nrmse,within_year_spearman,0.60703442943092023,187,4,11
2020,timesat_double_logistic,45,consecutive_internal_gap,observations_removed,nrmse,within_year_spearman,-0.38020113725393651,213,2,14
2021,timesat_double_logistic,45,consecutive_internal_gap,observations_removed,nrmse,within_year_spearman,-0.34775572699762725,215,5,14
2022,timesat_double_logistic,45,consecutive_internal_gap,observations_removed,nrmse,within_year_spearman,0.031932104323252095,190,3,10
2023,timesat_double_logistic,45,consecutive_internal_gap,observations_removed,nrmse,within_year_spearman,0.34254016563917888,177,1,14
2024,timesat_double_logistic,45,consecutive_internal_gap,observations_removed,nrmse,within_year_spearman,-0.060982712907998851,180,4,14
2025,timesat_double_logistic,45,consecutive_internal_gap,observations_removed,nrmse,within_year_spearman,0.33641467936606412,205,5,13
2019,timesat_double_logistic,45,consecutive_internal_gap,observations_removed,peak_timing_success_10d,within_year_spearman,-0.56008829207701216,187,4,11
2020,timesat_double_logistic,45,consecutive_internal_gap,observations_removed,peak_timing_success_10d,within_year_spearman,0.28308845426512397,213,2,14
2021,timesat_double_logistic,45,consecutive_internal_gap,observations_removed,peak_timing_success_10d,within_year_spearman,-0.089274074037352658,215,5,14
2022,timesat_double_logistic,45,consecutive_internal_gap,observations_removed,peak_timing_success_10d,within_year_spearman,-0.18165461590654422,190,3,10
2023,timesat_double_logistic,45,consecutive_internal_gap,observations_removed,peak_timing_success_10d,within_year_spearman,-0.08396258590443624,177,1,14
2024,timesat_double_logistic,45,consecutive_internal_gap,observations_removed,peak_timing_success_10d,within_year_spearman,-0.047442814790481645,180,4,14
2025,timesat_double_logistic,45,consecutive_internal_gap,observations_removed,peak_timing_success_10d,within_year_spearman,,205,5,13
2019,timesat_double_logistic,45,consecutive_internal_gap,window_midpoint_relative_position,absolute_peak_date_error_days,within_year_spearman,-0.43628382219921175,187,0.099137931034482707,0.90086206896551724
2020,timesat_double_logistic,45,consecutive_internal_gap,window_midpoint_relative_position,absolute_peak_date_error_days,within_year_spearman,0.20086362433106028,213,0.0977777777777777,0.89777777777777756
2021,timesat_double_logistic,45,consecutive_internal_gap,window_midpoint_relative_position,absolute_peak_date_error_days,within_year_spearman,-0.18137536239205737,215,0.0884615384615383,0.91153846153846163
2022,timesat_double_logistic,45,consecutive_internal_gap,window_midpoint_relative_position,absolute_peak_date_error_days,within_year_spearman,-0.39730709584073659,190,0.097872340425531903,0.90212765957446805
2023,timesat_double_logistic,45,consecutive_internal_gap,window_midpoint_relative_position,absolute_peak_date_error_days,within_year_spearman,-0.059498940353653773,177,0.1036036036036036,0.89639639639639634
2024,timesat_double_logistic,45,consecutive_internal_gap,window_midpoint_relative_position,absolute_peak_date_error_days,within_year_spearman,0.27644776200513682,180,0.1022222222222222,0.89777777777777756
2025,timesat_double_logistic,45,consecutive_internal_gap,window_midpoint_relative_position,absolute_peak_date_error_days,within_year_spearman,0.34086423189371828,205,0.091999999999999901,0.90800000000000003
2019,timesat_double_logistic,45,consecutive_internal_gap,window_midpoint_relative_position,nrmse,within_year_spearman,-0.10146015406054845,187,0.099137931034482707,0.90086206896551724
2020,timesat_double_logistic,45,consecutive_internal_gap,window_midpoint_relative_position,nrmse,within_year_spearman,0.50910732587403229,213,0.0977777777777777,0.89777777777777756
2021,timesat_double_logistic,45,consecutive_internal_gap,window_midpoint_relative_position,nrmse,within_year_spearman,-0.12568751189739533,215,0.0884615384615383,0.91153846153846163
2022,timesat_double_logistic,45,consecutive_internal_gap,window_midpoint_relative_position,nrmse,within_year_spearman,-0.52335112184830812,190,0.097872340425531903,0.90212765957446805
2023,timesat_double_logistic,45,consecutive_internal_gap,window_midpoint_relative_position,nrmse,within_year_spearman,-0.67333841284131435,177,0.1036036036036036,0.89639639639639634
2024,timesat_double_logistic,45,consecutive_internal_gap,window_midpoint_relative_position,nrmse,within_year_spearman,0.70694911656263248,180,0.1022222222222222,0.89777777777777756
2025,timesat_double_logistic,45,consecutive_internal_gap,window_midpoint_relative_position,nrmse,within_year_spearman,0.34599174467105709,205,0.091999999999999901,0.90800000000000003
2019,timesat_double_logistic,45,consecutive_internal_gap,window_midpoint_relative_position,peak_timing_success_10d,within_year_spearman,0.012310413192238672,187,0.099137931034482707,0.90086206896551724
2020,timesat_double_logistic,45,consecutive_internal_gap,window_midpoint_relative_position,peak_timing_success_10d,within_year_spearman,0.11177637695446177,213,0.0977777777777777,0.89777777777777756
2021,timesat_double_logistic,45,consecutive_internal_gap,window_midpoint_relative_position,peak_timing_success_10d,within_year_spearman,-0.25854722202050018,215,0.0884615384615383,0.91153846153846163
2022,timesat_double_logistic,45,consecutive_internal_gap,window_midpoint_relative_position,peak_timing_success_10d,within_year_spearman,0.20526600093382916,190,0.097872340425531903,0.90212765957446805
2023,timesat_double_logistic,45,consecutive_internal_gap,window_midpoint_relative_position,peak_timing_success_10d,within_year_spearman,0.069509325492198071,177,0.1036036036036036,0.89639639639639634
2024,timesat_double_logistic,45,consecutive_internal_gap,window_midpoint_relative_position,peak_timing_success_10d,within_year_spearman,-0.30757626429707952,180,0.1022222222222222,0.89777777777777756
2025,timesat_double_logistic,45,consecutive_internal_gap,window_midpoint_relative_position,peak_timing_success_10d,within_year_spearman,,205,0.091999999999999901,0.90800000000000003
2019,timesat_smoothing_spline,10,consecutive_internal_gap,a_gap,absolute_peak_date_error_days,within_year_spearman,-0.21918916722488138,174,0.0095670584801635008,6.455637488556297
2020,timesat_smoothing_spline,10,consecutive_internal_gap,a_gap,absolute_peak_date_error_days,within_year_spearman,-0.35420760542791685,242,0.0069078347491259001,4.9937408138789818
2021,timesat_smoothing_spline,10,consecutive_internal_gap,a_gap,absolute_peak_date_error_days,within_year_spearman,0.11645445736236436,235,0.033978582173656,2.165432781902763
2022,timesat_smoothing_spline,10,consecutive_internal_gap,a_gap,absolute_peak_date_error_days,within_year_spearman,-0.54750312117855926,188,0.026548343436092501,5.546037846890906
2023,timesat_smoothing_spline,10,consecutive_internal_gap,a_gap,absolute_peak_date_error_days,within_year_spearman,0.037830239392876726,129,0.063275231198915996,1.5592239985296024
2024,timesat_smoothing_spline,10,consecutive_internal_gap,a_gap,absolute_peak_date_error_days,within_year_spearman,0.14918795928090656,187,0.072454613215504005,4.8075490025593872
2025,timesat_smoothing_spline,10,consecutive_internal_gap,a_gap,absolute_peak_date_error_days,within_year_spearman,-0.20519347354046685,224,0.026521321813152501,5.8205096687628375
2019,timesat_smoothing_spline,10,consecutive_internal_gap,a_gap,nrmse,within_year_spearman,0.064919780205898961,174,0.0095670584801635008,6.455637488556297
2020,timesat_smoothing_spline,10,consecutive_internal_gap,a_gap,nrmse,within_year_spearman,0.67091530034286218,242,0.0069078347491259001,4.9937408138789818
2021,timesat_smoothing_spline,10,consecutive_internal_gap,a_gap,nrmse,within_year_spearman,0.48100523111013876,235,0.033978582173656,2.165432781902763
2022,timesat_smoothing_spline,10,consecutive_internal_gap,a_gap,nrmse,within_year_spearman,0.073395593471023715,188,0.026548343436092501,5.546037846890906
2023,timesat_smoothing_spline,10,consecutive_internal_gap,a_gap,nrmse,within_year_spearman,-0.2898059069309098,129,0.063275231198915996,1.5592239985296024
2024,timesat_smoothing_spline,10,consecutive_internal_gap,a_gap,nrmse,within_year_spearman,0.34077258750713885,187,0.072454613215504005,4.8075490025593872
2025,timesat_smoothing_spline,10,consecutive_internal_gap,a_gap,nrmse,within_year_spearman,0.039034826133972557,224,0.026521321813152501,5.8205096687628375
2019,timesat_smoothing_spline,10,consecutive_internal_gap,a_gap,peak_timing_success_10d,within_year_spearman,-0.1492061070742329,174,0.0095670584801635008,6.455637488556297
2020,timesat_smoothing_spline,10,consecutive_internal_gap,a_gap,peak_timing_success_10d,within_year_spearman,0.33368246914492222,242,0.0069078347491259001,4.9937408138789818
2021,timesat_smoothing_spline,10,consecutive_internal_gap,a_gap,peak_timing_success_10d,within_year_spearman,-0.23081939254153699,235,0.033978582173656,2.165432781902763
2022,timesat_smoothing_spline,10,consecutive_internal_gap,a_gap,peak_timing_success_10d,within_year_spearman,0.59161111687210099,188,0.026548343436092501,5.546037846890906
2023,timesat_smoothing_spline,10,consecutive_internal_gap,a_gap,peak_timing_success_10d,within_year_spearman,,129,0.063275231198915996,1.5592239985296024
2024,timesat_smoothing_spline,10,consecutive_internal_gap,a_gap,peak_timing_success_10d,within_year_spearman,-0.21179400821172803,187,0.072454613215504005,4.8075490025593872
2025,timesat_smoothing_spline,10,consecutive_internal_gap,a_gap,peak_timing_success_10d,within_year_spearman,,224,0.026521321813152501,5.8205096687628375
2019,timesat_smoothing_spline,10,consecutive_internal_gap,observations_removed,absolute_peak_date_error_days,within_year_spearman,-0.12936972204845626,174,1,4
2020,timesat_smoothing_spline,10,consecutive_internal_gap,observations_removed,absolute_peak_date_error_days,within_year_spearman,-0.050135882024030222,242,1,4
2021,timesat_smoothing_spline,10,consecutive_internal_gap,observations_removed,absolute_peak_date_error_days,within_year_spearman,-0.099579246806321353,235,1,4
2022,timesat_smoothing_spline,10,consecutive_internal_gap,observations_removed,absolute_peak_date_error_days,within_year_spearman,0.0031173583687887983,188,1,4
2023,timesat_smoothing_spline,10,consecutive_internal_gap,observations_removed,absolute_peak_date_error_days,within_year_spearman,-0.065417848867813724,129,1,4
2024,timesat_smoothing_spline,10,consecutive_internal_gap,observations_removed,absolute_peak_date_error_days,within_year_spearman,0.085057875810085379,187,1,4
2025,timesat_smoothing_spline,10,consecutive_internal_gap,observations_removed,absolute_peak_date_error_days,within_year_spearman,-0.1108052530880537,224,1,5
2019,timesat_smoothing_spline,10,consecutive_internal_gap,observations_removed,nrmse,within_year_spearman,-0.2517062286176876,174,1,4
2020,timesat_smoothing_spline,10,consecutive_internal_gap,observations_removed,nrmse,within_year_spearman,-0.12967259414558815,242,1,4
2021,timesat_smoothing_spline,10,consecutive_internal_gap,observations_removed,nrmse,within_year_spearman,-0.17802350496281091,235,1,4
2022,timesat_smoothing_spline,10,consecutive_internal_gap,observations_removed,nrmse,within_year_spearman,-0.30308007625487737,188,1,4
2023,timesat_smoothing_spline,10,consecutive_internal_gap,observations_removed,nrmse,within_year_spearman,0.11353629658435273,129,1,4
2024,timesat_smoothing_spline,10,consecutive_internal_gap,observations_removed,nrmse,within_year_spearman,-0.035621252955670202,187,1,4
2025,timesat_smoothing_spline,10,consecutive_internal_gap,observations_removed,nrmse,within_year_spearman,0.085328796233779897,224,1,5
2019,timesat_smoothing_spline,10,consecutive_internal_gap,observations_removed,peak_timing_success_10d,within_year_spearman,-0.042920723065759635,174,1,4
2020,timesat_smoothing_spline,10,consecutive_internal_gap,observations_removed,peak_timing_success_10d,within_year_spearman,-0.068914848490710404,242,1,4
2021,timesat_smoothing_spline,10,consecutive_internal_gap,observations_removed,peak_timing_success_10d,within_year_spearman,-0.053438196838641781,235,1,4
2022,timesat_smoothing_spline,10,consecutive_internal_gap,observations_removed,peak_timing_success_10d,within_year_spearman,0.093165676709644041,188,1,4
2023,timesat_smoothing_spline,10,consecutive_internal_gap,observations_removed,peak_timing_success_10d,within_year_spearman,,129,1,4
2024,timesat_smoothing_spline,10,consecutive_internal_gap,observations_removed,peak_timing_success_10d,within_year_spearman,0.11257586852697679,187,1,4
2025,timesat_smoothing_spline,10,consecutive_internal_gap,observations_removed,peak_timing_success_10d,within_year_spearman,,224,1,5
2019,timesat_smoothing_spline,10,consecutive_internal_gap,window_midpoint_relative_position,absolute_peak_date_error_days,within_year_spearman,-0.022523336167345611,174,0.023706896551724001,0.97629310344827602
2020,timesat_smoothing_spline,10,consecutive_internal_gap,window_midpoint_relative_position,absolute_peak_date_error_days,within_year_spearman,-0.082006862512460102,242,0.02,0.9622222222222222
2021,timesat_smoothing_spline,10,consecutive_internal_gap,window_midpoint_relative_position,absolute_peak_date_error_days,within_year_spearman,-0.021496638695981608,235,0.0211538461538461,0.97115384615384603
2022,timesat_smoothing_spline,10,consecutive_internal_gap,window_midpoint_relative_position,absolute_peak_date_error_days,within_year_spearman,0.0016718755094025431,188,0.023404255319148901,0.94680851063829785
2023,timesat_smoothing_spline,10,consecutive_internal_gap,window_midpoint_relative_position,absolute_peak_date_error_days,within_year_spearman,-0.011821949810273975,129,0.024774774774774602,0.83108108108108103
2024,timesat_smoothing_spline,10,consecutive_internal_gap,window_midpoint_relative_position,absolute_peak_date_error_days,within_year_spearman,0.11566442312749044,187,0.068888888888888805,0.97555555555555562
2025,timesat_smoothing_spline,10,consecutive_internal_gap,window_midpoint_relative_position,absolute_peak_date_error_days,within_year_spearman,0.30613095393315337,224,0.021999999999999902,0.97799999999999998
2019,timesat_smoothing_spline,10,consecutive_internal_gap,window_midpoint_relative_position,nrmse,within_year_spearman,0.17407729290583196,174,0.023706896551724001,0.97629310344827602
2020,timesat_smoothing_spline,10,consecutive_internal_gap,window_midpoint_relative_position,nrmse,within_year_spearman,0.27014438541978009,242,0.02,0.9622222222222222
2021,timesat_smoothing_spline,10,consecutive_internal_gap,window_midpoint_relative_position,nrmse,within_year_spearman,-0.12464332952162366,235,0.0211538461538461,0.97115384615384603
2022,timesat_smoothing_spline,10,consecutive_internal_gap,window_midpoint_relative_position,nrmse,within_year_spearman,-0.090195318368553601,188,0.023404255319148901,0.94680851063829785
2023,timesat_smoothing_spline,10,consecutive_internal_gap,window_midpoint_relative_position,nrmse,within_year_spearman,0.073979599199450879,129,0.024774774774774602,0.83108108108108103
2024,timesat_smoothing_spline,10,consecutive_internal_gap,window_midpoint_relative_position,nrmse,within_year_spearman,0.26645331118345583,187,0.068888888888888805,0.97555555555555562
2025,timesat_smoothing_spline,10,consecutive_internal_gap,window_midpoint_relative_position,nrmse,within_year_spearman,-0.1662741982463605,224,0.021999999999999902,0.97799999999999998
2019,timesat_smoothing_spline,10,consecutive_internal_gap,window_midpoint_relative_position,peak_timing_success_10d,within_year_spearman,-0.034349411765070739,174,0.023706896551724001,0.97629310344827602
2020,timesat_smoothing_spline,10,consecutive_internal_gap,window_midpoint_relative_position,peak_timing_success_10d,within_year_spearman,0.16139384043373478,242,0.02,0.9622222222222222
2021,timesat_smoothing_spline,10,consecutive_internal_gap,window_midpoint_relative_position,peak_timing_success_10d,within_year_spearman,0.23255814502772559,235,0.0211538461538461,0.97115384615384603
2022,timesat_smoothing_spline,10,consecutive_internal_gap,window_midpoint_relative_position,peak_timing_success_10d,within_year_spearman,-0.015416576335429342,188,0.023404255319148901,0.94680851063829785
2023,timesat_smoothing_spline,10,consecutive_internal_gap,window_midpoint_relative_position,peak_timing_success_10d,within_year_spearman,,129,0.024774774774774602,0.83108108108108103
2024,timesat_smoothing_spline,10,consecutive_internal_gap,window_midpoint_relative_position,peak_timing_success_10d,within_year_spearman,-0.13429765593467163,187,0.068888888888888805,0.97555555555555562
2025,timesat_smoothing_spline,10,consecutive_internal_gap,window_midpoint_relative_position,peak_timing_success_10d,within_year_spearman,,224,0.021999999999999902,0.97799999999999998
2019,timesat_smoothing_spline,20,consecutive_internal_gap,a_gap,absolute_peak_date_error_days,within_year_spearman,-0.40999794091003244,207,0.025285744316099298,11.128388419283166
2020,timesat_smoothing_spline,20,consecutive_internal_gap,a_gap,absolute_peak_date_error_days,within_year_spearman,-0.28320000941646389,261,0.15771353424957371,7.6760513368693362
2021,timesat_smoothing_spline,20,consecutive_internal_gap,a_gap,absolute_peak_date_error_days,within_year_spearman,0.21056136313212784,240,0.1341184520346573,3.5898938045188946
2022,timesat_smoothing_spline,20,consecutive_internal_gap,a_gap,absolute_peak_date_error_days,within_year_spearman,-0.67663205320548592,215,0.15818383005108941,7.3062726367413138
2023,timesat_smoothing_spline,20,consecutive_internal_gap,a_gap,absolute_peak_date_error_days,within_year_spearman,0.16571240576676105,167,0.29375782833441477,3.1924583990326374
2024,timesat_smoothing_spline,20,consecutive_internal_gap,a_gap,absolute_peak_date_error_days,within_year_spearman,0.52989857158808695,205,0.171406115102678,7.6615928867289567
2025,timesat_smoothing_spline,20,consecutive_internal_gap,a_gap,absolute_peak_date_error_days,within_year_spearman,-0.16239702012847379,230,0.083231499093957301,8.4836828108751803
2019,timesat_smoothing_spline,20,consecutive_internal_gap,a_gap,nrmse,within_year_spearman,-0.1979607427802135,207,0.025285744316099298,11.128388419283166
2020,timesat_smoothing_spline,20,consecutive_internal_gap,a_gap,nrmse,within_year_spearman,0.68585633505408516,261,0.15771353424957371,7.6760513368693362
2021,timesat_smoothing_spline,20,consecutive_internal_gap,a_gap,nrmse,within_year_spearman,0.73897981874115704,240,0.1341184520346573,3.5898938045188946
2022,timesat_smoothing_spline,20,consecutive_internal_gap,a_gap,nrmse,within_year_spearman,0.16933895840246016,215,0.15818383005108941,7.3062726367413138
2023,timesat_smoothing_spline,20,consecutive_internal_gap,a_gap,nrmse,within_year_spearman,-0.13701339876653026,167,0.29375782833441477,3.1924583990326374
2024,timesat_smoothing_spline,20,consecutive_internal_gap,a_gap,nrmse,within_year_spearman,0.33780587569115778,205,0.171406115102678,7.6615928867289567
2025,timesat_smoothing_spline,20,consecutive_internal_gap,a_gap,nrmse,within_year_spearman,0.084018643705098886,230,0.083231499093957301,8.4836828108751803
2019,timesat_smoothing_spline,20,consecutive_internal_gap,a_gap,peak_timing_success_10d,within_year_spearman,,207,0.025285744316099298,11.128388419283166
2020,timesat_smoothing_spline,20,consecutive_internal_gap,a_gap,peak_timing_success_10d,within_year_spearman,0.25685207051195047,261,0.15771353424957371,7.6760513368693362
2021,timesat_smoothing_spline,20,consecutive_internal_gap,a_gap,peak_timing_success_10d,within_year_spearman,-0.40808594832183259,240,0.1341184520346573,3.5898938045188946
2022,timesat_smoothing_spline,20,consecutive_internal_gap,a_gap,peak_timing_success_10d,within_year_spearman,0.68929682280221005,215,0.15818383005108941,7.3062726367413138
2023,timesat_smoothing_spline,20,consecutive_internal_gap,a_gap,peak_timing_success_10d,within_year_spearman,,167,0.29375782833441477,3.1924583990326374
2024,timesat_smoothing_spline,20,consecutive_internal_gap,a_gap,peak_timing_success_10d,within_year_spearman,-0.26247102054086047,205,0.171406115102678,7.6615928867289567
2025,timesat_smoothing_spline,20,consecutive_internal_gap,a_gap,peak_timing_success_10d,within_year_spearman,,230,0.083231499093957301,8.4836828108751803
2019,timesat_smoothing_spline,20,consecutive_internal_gap,observations_removed,absolute_peak_date_error_days,within_year_spearman,-0.4204158987810302,207,1,6
2020,timesat_smoothing_spline,20,consecutive_internal_gap,observations_removed,absolute_peak_date_error_days,within_year_spearman,0.023330110487356403,261,1,8
2021,timesat_smoothing_spline,20,consecutive_internal_gap,observations_removed,absolute_peak_date_error_days,within_year_spearman,-0.074355155047699337,240,1,7
2022,timesat_smoothing_spline,20,consecutive_internal_gap,observations_removed,absolute_peak_date_error_days,within_year_spearman,-0.013293968551459753,215,1,5
2023,timesat_smoothing_spline,20,consecutive_internal_gap,observations_removed,absolute_peak_date_error_days,within_year_spearman,0.29472682137592671,167,1,7
2024,timesat_smoothing_spline,20,consecutive_internal_gap,observations_removed,absolute_peak_date_error_days,within_year_spearman,0.20264955327083059,205,1,7
2025,timesat_smoothing_spline,20,consecutive_internal_gap,observations_removed,absolute_peak_date_error_days,within_year_spearman,-0.16019523857422238,230,1,7
2019,timesat_smoothing_spline,20,consecutive_internal_gap,observations_removed,nrmse,within_year_spearman,-0.10007766378213502,207,1,6
2020,timesat_smoothing_spline,20,consecutive_internal_gap,observations_removed,nrmse,within_year_spearman,-0.10933980950067426,261,1,8
2021,timesat_smoothing_spline,20,consecutive_internal_gap,observations_removed,nrmse,within_year_spearman,-0.19314489107304778,240,1,7
2022,timesat_smoothing_spline,20,consecutive_internal_gap,observations_removed,nrmse,within_year_spearman,-0.052182664891014183,215,1,5
2023,timesat_smoothing_spline,20,consecutive_internal_gap,observations_removed,nrmse,within_year_spearman,0.31137774267546942,167,1,7
2024,timesat_smoothing_spline,20,consecutive_internal_gap,observations_removed,nrmse,within_year_spearman,0.0065781027989820226,205,1,7
2025,timesat_smoothing_spline,20,consecutive_internal_gap,observations_removed,nrmse,within_year_spearman,0.20655996626044951,230,1,7
2019,timesat_smoothing_spline,20,consecutive_internal_gap,observations_removed,peak_timing_success_10d,within_year_spearman,,207,1,6
2020,timesat_smoothing_spline,20,consecutive_internal_gap,observations_removed,peak_timing_success_10d,within_year_spearman,0.020251376734179462,261,1,8
2021,timesat_smoothing_spline,20,consecutive_internal_gap,observations_removed,peak_timing_success_10d,within_year_spearman,0.027713501279607287,240,1,7
2022,timesat_smoothing_spline,20,consecutive_internal_gap,observations_removed,peak_timing_success_10d,within_year_spearman,0.033126824727429095,215,1,5
2023,timesat_smoothing_spline,20,consecutive_internal_gap,observations_removed,peak_timing_success_10d,within_year_spearman,,167,1,7
2024,timesat_smoothing_spline,20,consecutive_internal_gap,observations_removed,peak_timing_success_10d,within_year_spearman,-0.040599338888613078,205,1,7
2025,timesat_smoothing_spline,20,consecutive_internal_gap,observations_removed,peak_timing_success_10d,within_year_spearman,,230,1,7
2019,timesat_smoothing_spline,20,consecutive_internal_gap,window_midpoint_relative_position,absolute_peak_date_error_days,within_year_spearman,-0.0083845492045130383,207,0.045258620689655103,0.95474137931034475
2020,timesat_smoothing_spline,20,consecutive_internal_gap,window_midpoint_relative_position,absolute_peak_date_error_days,within_year_spearman,0.030791424207696438,261,0.042222222222222203,0.95333333333333325
2021,timesat_smoothing_spline,20,consecutive_internal_gap,window_midpoint_relative_position,absolute_peak_date_error_days,within_year_spearman,-0.13800991787678363,240,0.0403846153846152,0.95961538461538465
2022,timesat_smoothing_spline,20,consecutive_internal_gap,window_midpoint_relative_position,absolute_peak_date_error_days,within_year_spearman,0.11022940854692055,215,0.044680851063829602,0.9553191489361702
2023,timesat_smoothing_spline,20,consecutive_internal_gap,window_midpoint_relative_position,absolute_peak_date_error_days,within_year_spearman,-0.34691025289111566,167,0.0472972972972973,0.85360360360360354
2024,timesat_smoothing_spline,20,consecutive_internal_gap,window_midpoint_relative_position,absolute_peak_date_error_days,within_year_spearman,0.22323232343057897,205,0.046666666666666502,0.95333333333333325
2025,timesat_smoothing_spline,20,consecutive_internal_gap,window_midpoint_relative_position,absolute_peak_date_error_days,within_year_spearman,0.23261374666262452,230,0.042000000000000003,0.95799999999999996
2019,timesat_smoothing_spline,20,consecutive_internal_gap,window_midpoint_relative_position,nrmse,within_year_spearman,0.1325488872205178,207,0.045258620689655103,0.95474137931034475
2020,timesat_smoothing_spline,20,consecutive_internal_gap,window_midpoint_relative_position,nrmse,within_year_spearman,0.20903011116474091,261,0.042222222222222203,0.95333333333333325
2021,timesat_smoothing_spline,20,consecutive_internal_gap,window_midpoint_relative_position,nrmse,within_year_spearman,-0.26544231979785399,240,0.0403846153846152,0.95961538461538465
2022,timesat_smoothing_spline,20,consecutive_internal_gap,window_midpoint_relative_position,nrmse,within_year_spearman,-0.060872672195819023,215,0.044680851063829602,0.9553191489361702
2023,timesat_smoothing_spline,20,consecutive_internal_gap,window_midpoint_relative_position,nrmse,within_year_spearman,0.0067439488194274231,167,0.0472972972972973,0.85360360360360354
2024,timesat_smoothing_spline,20,consecutive_internal_gap,window_midpoint_relative_position,nrmse,within_year_spearman,0.28685298720477703,205,0.046666666666666502,0.95333333333333325
2025,timesat_smoothing_spline,20,consecutive_internal_gap,window_midpoint_relative_position,nrmse,within_year_spearman,-0.22423123237075887,230,0.042000000000000003,0.95799999999999996
2019,timesat_smoothing_spline,20,consecutive_internal_gap,window_midpoint_relative_position,peak_timing_success_10d,within_year_spearman,,207,0.045258620689655103,0.95474137931034475
2020,timesat_smoothing_spline,20,consecutive_internal_gap,window_midpoint_relative_position,peak_timing_success_10d,within_year_spearman,0.12526616795617973,261,0.042222222222222203,0.95333333333333325
2021,timesat_smoothing_spline,20,consecutive_internal_gap,window_midpoint_relative_position,peak_timing_success_10d,within_year_spearman,0.41926638526215676,240,0.0403846153846152,0.95961538461538465
2022,timesat_smoothing_spline,20,consecutive_internal_gap,window_midpoint_relative_position,peak_timing_success_10d,within_year_spearman,-0.11713660217821226,215,0.044680851063829602,0.9553191489361702
2023,timesat_smoothing_spline,20,consecutive_internal_gap,window_midpoint_relative_position,peak_timing_success_10d,within_year_spearman,,167,0.0472972972972973,0.85360360360360354
2024,timesat_smoothing_spline,20,consecutive_internal_gap,window_midpoint_relative_position,peak_timing_success_10d,within_year_spearman,-0.1427355292116535,205,0.046666666666666502,0.95333333333333325
2025,timesat_smoothing_spline,20,consecutive_internal_gap,window_midpoint_relative_position,peak_timing_success_10d,within_year_spearman,,230,0.042000000000000003,0.95799999999999996
2019,timesat_smoothing_spline,30,consecutive_internal_gap,a_gap,absolute_peak_date_error_days,within_year_spearman,-0.5690156211921481,202,0.048636719550354902,15.484027686454541
2020,timesat_smoothing_spline,30,consecutive_internal_gap,a_gap,absolute_peak_date_error_days,within_year_spearman,-0.21512117794562222,243,0.3362223017416513,8.8796529494701559
2021,timesat_smoothing_spline,30,consecutive_internal_gap,a_gap,absolute_peak_date_error_days,within_year_spearman,0.28158325527969186,230,0.23456748890045301,4.0333918418725858
2022,timesat_smoothing_spline,30,consecutive_internal_gap,a_gap,absolute_peak_date_error_days,within_year_spearman,-0.72596880974809286,205,0.31778868139875383,8.5961529478307259
2023,timesat_smoothing_spline,30,consecutive_internal_gap,a_gap,absolute_peak_date_error_days,within_year_spearman,0.055275477035378613,180,0.56491045956875896,4.5948397330260757
2024,timesat_smoothing_spline,30,consecutive_internal_gap,a_gap,absolute_peak_date_error_days,within_year_spearman,0.49249080781839394,195,0.32363232165688283,10.492798556141418
2025,timesat_smoothing_spline,30,consecutive_internal_gap,a_gap,absolute_peak_date_error_days,within_year_spearman,-0.056333345016924559,220,0.17234933132972691,9.7623968558279035
2019,timesat_smoothing_spline,30,consecutive_internal_gap,a_gap,nrmse,within_year_spearman,-0.082439035556396076,202,0.048636719550354902,15.484027686454541
2020,timesat_smoothing_spline,30,consecutive_internal_gap,a_gap,nrmse,within_year_spearman,0.71066451359523231,243,0.3362223017416513,8.8796529494701559
2021,timesat_smoothing_spline,30,consecutive_internal_gap,a_gap,nrmse,within_year_spearman,0.77363614287078064,230,0.23456748890045301,4.0333918418725858
2022,timesat_smoothing_spline,30,consecutive_internal_gap,a_gap,nrmse,within_year_spearman,0.30389802445015751,205,0.31778868139875383,8.5961529478307259
2023,timesat_smoothing_spline,30,consecutive_internal_gap,a_gap,nrmse,within_year_spearman,-0.020253007265991101,180,0.56491045956875896,4.5948397330260757
2024,timesat_smoothing_spline,30,consecutive_internal_gap,a_gap,nrmse,within_year_spearman,0.4026922189392525,195,0.32363232165688283,10.492798556141418
2025,timesat_smoothing_spline,30,consecutive_internal_gap,a_gap,nrmse,within_year_spearman,0.075326105174453192,220,0.17234933132972691,9.7623968558279035
2019,timesat_smoothing_spline,30,consecutive_internal_gap,a_gap,peak_timing_success_10d,within_year_spearman,,202,0.048636719550354902,15.484027686454541
2020,timesat_smoothing_spline,30,consecutive_internal_gap,a_gap,peak_timing_success_10d,within_year_spearman,0.19912091210421654,243,0.3362223017416513,8.8796529494701559
2021,timesat_smoothing_spline,30,consecutive_internal_gap,a_gap,peak_timing_success_10d,within_year_spearman,-0.41970655404523038,230,0.23456748890045301,4.0333918418725858
2022,timesat_smoothing_spline,30,consecutive_internal_gap,a_gap,peak_timing_success_10d,within_year_spearman,0.73923115324985245,205,0.31778868139875383,8.5961529478307259
2023,timesat_smoothing_spline,30,consecutive_internal_gap,a_gap,peak_timing_success_10d,within_year_spearman,,180,0.56491045956875896,4.5948397330260757
2024,timesat_smoothing_spline,30,consecutive_internal_gap,a_gap,peak_timing_success_10d,within_year_spearman,-0.25335805538899475,195,0.32363232165688283,10.492798556141418
2025,timesat_smoothing_spline,30,consecutive_internal_gap,a_gap,peak_timing_success_10d,within_year_spearman,,220,0.17234933132972691,9.7623968558279035
2019,timesat_smoothing_spline,30,consecutive_internal_gap,observations_removed,absolute_peak_date_error_days,within_year_spearman,-0.66688605805701395,202,2,8
2020,timesat_smoothing_spline,30,consecutive_internal_gap,observations_removed,absolute_peak_date_error_days,within_year_spearman,0.051793650803083124,243,1,11
2021,timesat_smoothing_spline,30,consecutive_internal_gap,observations_removed,absolute_peak_date_error_days,within_year_spearman,0.083870089461847097,230,2,9
2022,timesat_smoothing_spline,30,consecutive_internal_gap,observations_removed,absolute_peak_date_error_days,within_year_spearman,0.13666216447412158,205,1,7
2023,timesat_smoothing_spline,30,consecutive_internal_gap,observations_removed,absolute_peak_date_error_days,within_year_spearman,0.32180625644784788,180,1,10
2024,timesat_smoothing_spline,30,consecutive_internal_gap,observations_removed,absolute_peak_date_error_days,within_year_spearman,0.04412543041906565,195,2,11
2025,timesat_smoothing_spline,30,consecutive_internal_gap,observations_removed,absolute_peak_date_error_days,within_year_spearman,-0.10957518021933066,220,2,9
2019,timesat_smoothing_spline,30,consecutive_internal_gap,observations_removed,nrmse,within_year_spearman,0.24941262635553341,202,2,8
2020,timesat_smoothing_spline,30,consecutive_internal_gap,observations_removed,nrmse,within_year_spearman,-0.097713257564411238,243,1,11
2021,timesat_smoothing_spline,30,consecutive_internal_gap,observations_removed,nrmse,within_year_spearman,-0.14329334948971104,230,2,9
2022,timesat_smoothing_spline,30,consecutive_internal_gap,observations_removed,nrmse,within_year_spearman,0.072579985794813312,205,1,7
2023,timesat_smoothing_spline,30,consecutive_internal_gap,observations_removed,nrmse,within_year_spearman,0.26928154299808232,180,1,10
2024,timesat_smoothing_spline,30,consecutive_internal_gap,observations_removed,nrmse,within_year_spearman,-0.20742345678277721,195,2,11
2025,timesat_smoothing_spline,30,consecutive_internal_gap,observations_removed,nrmse,within_year_spearman,0.28005609107864898,220,2,9
2019,timesat_smoothing_spline,30,consecutive_internal_gap,observations_removed,peak_timing_success_10d,within_year_spearman,,202,2,8
2020,timesat_smoothing_spline,30,consecutive_internal_gap,observations_removed,peak_timing_success_10d,within_year_spearman,0.11355223389179621,243,1,11
2021,timesat_smoothing_spline,30,consecutive_internal_gap,observations_removed,peak_timing_success_10d,within_year_spearman,-0.10171659440581654,230,2,9
2022,timesat_smoothing_spline,30,consecutive_internal_gap,observations_removed,peak_timing_success_10d,within_year_spearman,-0.06218070744270645,205,1,7
2023,timesat_smoothing_spline,30,consecutive_internal_gap,observations_removed,peak_timing_success_10d,within_year_spearman,,180,1,10
2024,timesat_smoothing_spline,30,consecutive_internal_gap,observations_removed,peak_timing_success_10d,within_year_spearman,-0.033536300405192662,195,2,11
2025,timesat_smoothing_spline,30,consecutive_internal_gap,observations_removed,peak_timing_success_10d,within_year_spearman,,220,2,9
2019,timesat_smoothing_spline,30,consecutive_internal_gap,window_midpoint_relative_position,absolute_peak_date_error_days,within_year_spearman,-0.01432144378939116,202,0.066810344827586202,0.93318965517241381
2020,timesat_smoothing_spline,30,consecutive_internal_gap,window_midpoint_relative_position,absolute_peak_date_error_days,within_year_spearman,0.048398588349423538,243,0.064444444444444401,0.93111111111111122
2021,timesat_smoothing_spline,30,consecutive_internal_gap,window_midpoint_relative_position,absolute_peak_date_error_days,within_year_spearman,-0.22182447844516304,230,0.059615384615384501,0.94038461538461515
2022,timesat_smoothing_spline,30,consecutive_internal_gap,window_midpoint_relative_position,absolute_peak_date_error_days,within_year_spearman,0.12472018276637442,205,0.065957446808510498,0.93404255319148921
2023,timesat_smoothing_spline,30,consecutive_internal_gap,window_midpoint_relative_position,absolute_peak_date_error_days,within_year_spearman,-0.33463242390853826,180,0.069819819819819801,0.87612612612612595
2024,timesat_smoothing_spline,30,consecutive_internal_gap,window_midpoint_relative_position,absolute_peak_date_error_days,within_year_spearman,0.23379117407049946,195,0.068888888888888805,0.93111111111111122
2025,timesat_smoothing_spline,30,consecutive_internal_gap,window_midpoint_relative_position,absolute_peak_date_error_days,within_year_spearman,0.16071711701764141,220,0.062,0.93799999999999994
2019,timesat_smoothing_spline,30,consecutive_internal_gap,window_midpoint_relative_position,nrmse,within_year_spearman,-0.054874359578522838,202,0.066810344827586202,0.93318965517241381
2020,timesat_smoothing_spline,30,consecutive_internal_gap,window_midpoint_relative_position,nrmse,within_year_spearman,0.23994486381937447,243,0.064444444444444401,0.93111111111111122
2021,timesat_smoothing_spline,30,consecutive_internal_gap,window_midpoint_relative_position,nrmse,within_year_spearman,-0.26705206783037472,230,0.059615384615384501,0.94038461538461515
2022,timesat_smoothing_spline,30,consecutive_internal_gap,window_midpoint_relative_position,nrmse,within_year_spearman,-0.066950046750857847,205,0.065957446808510498,0.93404255319148921
2023,timesat_smoothing_spline,30,consecutive_internal_gap,window_midpoint_relative_position,nrmse,within_year_spearman,-0.028100828527048271,180,0.069819819819819801,0.87612612612612595
2024,timesat_smoothing_spline,30,consecutive_internal_gap,window_midpoint_relative_position,nrmse,within_year_spearman,0.25044925056783418,195,0.068888888888888805,0.93111111111111122
2025,timesat_smoothing_spline,30,consecutive_internal_gap,window_midpoint_relative_position,nrmse,within_year_spearman,-0.17755209603029937,220,0.062,0.93799999999999994
2019,timesat_smoothing_spline,30,consecutive_internal_gap,window_midpoint_relative_position,peak_timing_success_10d,within_year_spearman,,202,0.066810344827586202,0.93318965517241381
2020,timesat_smoothing_spline,30,consecutive_internal_gap,window_midpoint_relative_position,peak_timing_success_10d,within_year_spearman,0.069583594869492199,243,0.064444444444444401,0.93111111111111122
2021,timesat_smoothing_spline,30,consecutive_internal_gap,window_midpoint_relative_position,peak_timing_success_10d,within_year_spearman,0.42766307639679874,230,0.059615384615384501,0.94038461538461515
2022,timesat_smoothing_spline,30,consecutive_internal_gap,window_midpoint_relative_position,peak_timing_success_10d,within_year_spearman,-0.14540432593953556,205,0.065957446808510498,0.93404255319148921
2023,timesat_smoothing_spline,30,consecutive_internal_gap,window_midpoint_relative_position,peak_timing_success_10d,within_year_spearman,,180,0.069819819819819801,0.87612612612612595
2024,timesat_smoothing_spline,30,consecutive_internal_gap,window_midpoint_relative_position,peak_timing_success_10d,within_year_spearman,-0.16743662790924871,195,0.068888888888888805,0.93111111111111122
2025,timesat_smoothing_spline,30,consecutive_internal_gap,window_midpoint_relative_position,peak_timing_success_10d,within_year_spearman,,220,0.062,0.93799999999999994
2019,timesat_smoothing_spline,45,consecutive_internal_gap,a_gap,absolute_peak_date_error_days,within_year_spearman,-0.16344321849949733,187,0.30263450706523343,17.288983776369555
2020,timesat_smoothing_spline,45,consecutive_internal_gap,a_gap,absolute_peak_date_error_days,within_year_spearman,-0.1923637231444652,213,0.59362593348043013,12.345151944100412
2021,timesat_smoothing_spline,45,consecutive_internal_gap,a_gap,absolute_peak_date_error_days,within_year_spearman,0.38591483264406212,215,0.36111473435784203,4.3476156453849937
2022,timesat_smoothing_spline,45,consecutive_internal_gap,a_gap,absolute_peak_date_error_days,within_year_spearman,-0.43584992687298119,190,0.48682237799106981,9.8392252458595948
2023,timesat_smoothing_spline,45,consecutive_internal_gap,a_gap,absolute_peak_date_error_days,within_year_spearman,0.33160483720249706,177,0.98826428992524318,6.4535005271310233
2024,timesat_smoothing_spline,45,consecutive_internal_gap,a_gap,absolute_peak_date_error_days,within_year_spearman,0.46031384884237575,180,0.63064225201491364,13.09828059179204
2025,timesat_smoothing_spline,45,consecutive_internal_gap,a_gap,absolute_peak_date_error_days,within_year_spearman,-0.10596679498269938,205,0.27055384094511942,10.981356620532017
2019,timesat_smoothing_spline,45,consecutive_internal_gap,a_gap,nrmse,within_year_spearman,0.21861925065772433,187,0.30263450706523343,17.288983776369555
2020,timesat_smoothing_spline,45,consecutive_internal_gap,a_gap,nrmse,within_year_spearman,0.6907118647612408,213,0.59362593348043013,12.345151944100412
2021,timesat_smoothing_spline,45,consecutive_internal_gap,a_gap,nrmse,within_year_spearman,0.74189178884500606,215,0.36111473435784203,4.3476156453849937
2022,timesat_smoothing_spline,45,consecutive_internal_gap,a_gap,nrmse,within_year_spearman,0.61283474974517194,190,0.48682237799106981,9.8392252458595948
2023,timesat_smoothing_spline,45,consecutive_internal_gap,a_gap,nrmse,within_year_spearman,0.21416410811908412,177,0.98826428992524318,6.4535005271310233
2024,timesat_smoothing_spline,45,consecutive_internal_gap,a_gap,nrmse,within_year_spearman,0.48451281045628714,180,0.63064225201491364,13.09828059179204
2025,timesat_smoothing_spline,45,consecutive_internal_gap,a_gap,nrmse,within_year_spearman,0.28350813542939135,205,0.27055384094511942,10.981356620532017
2019,timesat_smoothing_spline,45,consecutive_internal_gap,a_gap,peak_timing_success_10d,within_year_spearman,-0.38968449909968228,187,0.30263450706523343,17.288983776369555
2020,timesat_smoothing_spline,45,consecutive_internal_gap,a_gap,peak_timing_success_10d,within_year_spearman,0.20812849789270885,213,0.59362593348043013,12.345151944100412
2021,timesat_smoothing_spline,45,consecutive_internal_gap,a_gap,peak_timing_success_10d,within_year_spearman,-0.3791832553741124,215,0.36111473435784203,4.3476156453849937
2022,timesat_smoothing_spline,45,consecutive_internal_gap,a_gap,peak_timing_success_10d,within_year_spearman,0.56161254655110171,190,0.48682237799106981,9.8392252458595948
2023,timesat_smoothing_spline,45,consecutive_internal_gap,a_gap,peak_timing_success_10d,within_year_spearman,-0.393773423798297,177,0.98826428992524318,6.4535005271310233
2024,timesat_smoothing_spline,45,consecutive_internal_gap,a_gap,peak_timing_success_10d,within_year_spearman,-0.50590750649347249,180,0.63064225201491364,13.09828059179204
2025,timesat_smoothing_spline,45,consecutive_internal_gap,a_gap,peak_timing_success_10d,within_year_spearman,,205,0.27055384094511942,10.981356620532017
2019,timesat_smoothing_spline,45,consecutive_internal_gap,observations_removed,absolute_peak_date_error_days,within_year_spearman,-0.076300749029587306,187,4,11
2020,timesat_smoothing_spline,45,consecutive_internal_gap,observations_removed,absolute_peak_date_error_days,within_year_spearman,0.12149787754322662,213,2,14
2021,timesat_smoothing_spline,45,consecutive_internal_gap,observations_removed,absolute_peak_date_error_days,within_year_spearman,-0.041280403889863225,215,5,14
2022,timesat_smoothing_spline,45,consecutive_internal_gap,observations_removed,absolute_peak_date_error_days,within_year_spearman,0.39033972203277201,190,3,10
2023,timesat_smoothing_spline,45,consecutive_internal_gap,observations_removed,absolute_peak_date_error_days,within_year_spearman,0.14485482603640701,177,1,14
2024,timesat_smoothing_spline,45,consecutive_internal_gap,observations_removed,absolute_peak_date_error_days,within_year_spearman,-0.036617347454905726,180,4,14
2025,timesat_smoothing_spline,45,consecutive_internal_gap,observations_removed,absolute_peak_date_error_days,within_year_spearman,-0.18078554766517202,205,5,13
2019,timesat_smoothing_spline,45,consecutive_internal_gap,observations_removed,nrmse,within_year_spearman,0.59325895371771153,187,4,11
2020,timesat_smoothing_spline,45,consecutive_internal_gap,observations_removed,nrmse,within_year_spearman,-0.12123865470915209,213,2,14
2021,timesat_smoothing_spline,45,consecutive_internal_gap,observations_removed,nrmse,within_year_spearman,-0.18638681518362918,215,5,14
2022,timesat_smoothing_spline,45,consecutive_internal_gap,observations_removed,nrmse,within_year_spearman,-0.0754753925189659,190,3,10
2023,timesat_smoothing_spline,45,consecutive_internal_gap,observations_removed,nrmse,within_year_spearman,0.085830745963120375,177,1,14
2024,timesat_smoothing_spline,45,consecutive_internal_gap,observations_removed,nrmse,within_year_spearman,-0.28661792017987969,180,4,14
2025,timesat_smoothing_spline,45,consecutive_internal_gap,observations_removed,nrmse,within_year_spearman,0.48690555150486547,205,5,13
2019,timesat_smoothing_spline,45,consecutive_internal_gap,observations_removed,peak_timing_success_10d,within_year_spearman,-0.47836728346155094,187,4,11
2020,timesat_smoothing_spline,45,consecutive_internal_gap,observations_removed,peak_timing_success_10d,within_year_spearman,0.11281135634446329,213,2,14
2021,timesat_smoothing_spline,45,consecutive_internal_gap,observations_removed,peak_timing_success_10d,within_year_spearman,0.082457382206925584,215,5,14
2022,timesat_smoothing_spline,45,consecutive_internal_gap,observations_removed,peak_timing_success_10d,within_year_spearman,-0.24579190376469165,190,3,10
2023,timesat_smoothing_spline,45,consecutive_internal_gap,observations_removed,peak_timing_success_10d,within_year_spearman,0.048421286474125878,177,1,14
2024,timesat_smoothing_spline,45,consecutive_internal_gap,observations_removed,peak_timing_success_10d,within_year_spearman,0.12063635795419604,180,4,14
2025,timesat_smoothing_spline,45,consecutive_internal_gap,observations_removed,peak_timing_success_10d,within_year_spearman,,205,5,13
2019,timesat_smoothing_spline,45,consecutive_internal_gap,window_midpoint_relative_position,absolute_peak_date_error_days,within_year_spearman,-0.03418665301994879,187,0.099137931034482707,0.90086206896551724
2020,timesat_smoothing_spline,45,consecutive_internal_gap,window_midpoint_relative_position,absolute_peak_date_error_days,within_year_spearman,-0.016935315855137054,213,0.0977777777777777,0.89777777777777756
2021,timesat_smoothing_spline,45,consecutive_internal_gap,window_midpoint_relative_position,absolute_peak_date_error_days,within_year_spearman,-0.42564135953389209,215,0.0884615384615383,0.91153846153846163
2022,timesat_smoothing_spline,45,consecutive_internal_gap,window_midpoint_relative_position,absolute_peak_date_error_days,within_year_spearman,0.070054527005017117,190,0.097872340425531903,0.90212765957446805
2023,timesat_smoothing_spline,45,consecutive_internal_gap,window_midpoint_relative_position,absolute_peak_date_error_days,within_year_spearman,-0.14503550167544194,177,0.1036036036036036,0.89639639639639634
2024,timesat_smoothing_spline,45,consecutive_internal_gap,window_midpoint_relative_position,absolute_peak_date_error_days,within_year_spearman,0.22387007062519279,180,0.1022222222222222,0.89777777777777756
2025,timesat_smoothing_spline,45,consecutive_internal_gap,window_midpoint_relative_position,absolute_peak_date_error_days,within_year_spearman,0.08057398183901128,205,0.091999999999999901,0.90800000000000003
2019,timesat_smoothing_spline,45,consecutive_internal_gap,window_midpoint_relative_position,nrmse,within_year_spearman,0.011278450822366533,187,0.099137931034482707,0.90086206896551724
2020,timesat_smoothing_spline,45,consecutive_internal_gap,window_midpoint_relative_position,nrmse,within_year_spearman,0.30199084065292908,213,0.0977777777777777,0.89777777777777756
2021,timesat_smoothing_spline,45,consecutive_internal_gap,window_midpoint_relative_position,nrmse,within_year_spearman,-0.19765474693793639,215,0.0884615384615383,0.91153846153846163
2022,timesat_smoothing_spline,45,consecutive_internal_gap,window_midpoint_relative_position,nrmse,within_year_spearman,0.039970946854772899,190,0.097872340425531903,0.90212765957446805
2023,timesat_smoothing_spline,45,consecutive_internal_gap,window_midpoint_relative_position,nrmse,within_year_spearman,-0.19628392135695755,177,0.1036036036036036,0.89639639639639634
2024,timesat_smoothing_spline,45,consecutive_internal_gap,window_midpoint_relative_position,nrmse,within_year_spearman,0.35600636032927674,180,0.1022222222222222,0.89777777777777756
2025,timesat_smoothing_spline,45,consecutive_internal_gap,window_midpoint_relative_position,nrmse,within_year_spearman,0.048193401542595236,205,0.091999999999999901,0.90800000000000003
2019,timesat_smoothing_spline,45,consecutive_internal_gap,window_midpoint_relative_position,peak_timing_success_10d,within_year_spearman,0.0062751127069191996,187,0.099137931034482707,0.90086206896551724
2020,timesat_smoothing_spline,45,consecutive_internal_gap,window_midpoint_relative_position,peak_timing_success_10d,within_year_spearman,0.005076304826651435,213,0.0977777777777777,0.89777777777777756
2021,timesat_smoothing_spline,45,consecutive_internal_gap,window_midpoint_relative_position,peak_timing_success_10d,within_year_spearman,0.44125281851137987,215,0.0884615384615383,0.91153846153846163
2022,timesat_smoothing_spline,45,consecutive_internal_gap,window_midpoint_relative_position,peak_timing_success_10d,within_year_spearman,-0.13934747395628838,190,0.097872340425531903,0.90212765957446805
2023,timesat_smoothing_spline,45,consecutive_internal_gap,window_midpoint_relative_position,peak_timing_success_10d,within_year_spearman,-0.055102847248416159,177,0.1036036036036036,0.89639639639639634
2024,timesat_smoothing_spline,45,consecutive_internal_gap,window_midpoint_relative_position,peak_timing_success_10d,within_year_spearman,-0.21142794290017208,180,0.1022222222222222,0.89777777777777756
2025,timesat_smoothing_spline,45,consecutive_internal_gap,window_midpoint_relative_position,peak_timing_success_10d,within_year_spearman,,205,0.091999999999999901,0.90800000000000003
