method,duration_days,observations_removed,analysis_role,metric,metric_label,unit,favorable_direction,equal_year_estimate,cluster_bootstrap_ci_lower,cluster_bootstrap_ci_upper,n_years_in_stratum,n_years_metric_available,n_scenarios_total,n_reconstruction_failures_total,n_metric_available_total,n_metric_unavailable_total,a_gap_observed_minimum,a_gap_observed_maximum,window_midpoint_relative_position_observed_minimum,window_midpoint_relative_position_observed_maximum,observations_removed_observed_minimum,observations_removed_observed_maximum,resulting_maximum_internal_gap_days_observed_minimum,resulting_maximum_internal_gap_days_observed_maximum
linear_interpolation,10,1,primary_controlled_consecutive_gap,absolute_integral_error,absolute common-support integral error,ug_day_L,lower,150.18017275779866,85.283983639038624,238.4305389091455,7,7,565,0,565,0,0.0069078347491259001,5.546037846890906,0.0211538461538461,0.97629310344827602,1,1,15,52
linear_interpolation,10,1,primary_controlled_consecutive_gap,absolute_peak_date_error_days,absolute global-peak date error,days,lower,34.635505339730692,1.6153846153846152,91.346076458752506,7,7,565,0,565,0,0.0069078347491259001,5.546037846890906,0.0211538461538461,0.97629310344827602,1,1,15,52
linear_interpolation,10,1,primary_controlled_consecutive_gap,absolute_relative_integral_error,absolute relative common-support integral error,fraction,lower,0.088129831743008688,0.055554319736538252,0.13074446127177017,7,7,565,0,565,0,0.0069078347491259001,5.546037846890906,0.0211538461538461,0.97629310344827602,1,1,15,52
linear_interpolation,10,1,primary_controlled_consecutive_gap,normalized_absolute_peak_magnitude_error,normalized absolute global-peak magnitude error,fraction_Q95_minus_Q05,lower,0.7979145701816297,0.23342993254786151,1.4401727030367373,7,7,565,0,565,0,0.0069078347491259001,5.546037846890906,0.0211538461538461,0.97629310344827602,1,1,15,52
linear_interpolation,10,1,primary_controlled_consecutive_gap,nrmse,point-wise nRMSE,fraction_Q95_minus_Q05,lower,0.20485731621665898,0.1545535079101456,0.25007378679130915,7,7,565,0,565,0,0.0069078347491259001,5.546037846890906,0.0211538461538461,0.97629310344827602,1,1,15,52
linear_interpolation,10,1,primary_controlled_consecutive_gap,peak_timing_success_10d,global-peak timing success <=10 d,fraction,higher,0.71062271062271065,0.42124542124542125,0.99633699633699635,7,7,565,0,565,0,0.0069078347491259001,5.546037846890906,0.0211538461538461,0.97629310344827602,1,1,15,52
linear_interpolation,10,1,primary_controlled_consecutive_gap,peak_timing_success_15d,global-peak timing success <=15 d,fraction,higher,0.71062271062271065,0.42124542124542125,0.99633699633699635,7,7,565,0,565,0,0.0069078347491259001,5.546037846890906,0.0211538461538461,0.97629310344827602,1,1,15,52
linear_interpolation,10,1,primary_controlled_consecutive_gap,peak_timing_success_5d,global-peak timing success <=5 d,fraction,higher,0.5714285714285714,0.14285714285714285,0.8571428571428571,7,7,565,0,565,0,0.0069078347491259001,5.546037846890906,0.0211538461538461,0.97629310344827602,1,1,15,52
linear_interpolation,10,1,primary_controlled_consecutive_gap,pearson_correlation,daily trajectory Pearson correlation,correlation,higher,0.86089410392552423,0.81479213798861161,0.90954144028183859,7,7,565,0,565,0,0.0069078347491259001,5.546037846890906,0.0211538461538461,0.97629310344827602,1,1,15,52
linear_interpolation,10,1,primary_controlled_consecutive_gap,rmse,point-wise RMSE,ug_L,lower,4.3725238862897227,2.7845624130352435,6.116173725141925,7,7,565,0,565,0,0.0069078347491259001,5.546037846890906,0.0211538461538461,0.97629310344827602,1,1,15,52
linear_interpolation,10,2,primary_controlled_consecutive_gap,absolute_integral_error,absolute common-support integral error,ug_day_L,lower,164.84319515960942,98.284175831795196,246.04062076078864,7,7,458,0,458,0,0.015960269380356999,5.8205096687628375,0.021999999999999902,0.97799999999999998,2,2,15,57
linear_interpolation,10,2,primary_controlled_consecutive_gap,absolute_peak_date_error_days,absolute global-peak date error,days,lower,37.016353177633114,3.7863332712408857,92.288425642982901,7,7,458,0,458,0,0.015960269380356999,5.8205096687628375,0.021999999999999902,0.97799999999999998,2,2,15,57
linear_interpolation,10,2,primary_controlled_consecutive_gap,absolute_relative_integral_error,absolute relative common-support integral error,fraction,lower,0.09756349837883678,0.063479734516943567,0.13908784046578643,7,7,458,0,458,0,0.015960269380356999,5.8205096687628375,0.021999999999999902,0.97799999999999998,2,2,15,57
linear_interpolation,10,2,primary_controlled_consecutive_gap,normalized_absolute_peak_magnitude_error,normalized absolute global-peak magnitude error,fraction_Q95_minus_Q05,lower,0.81619952507369431,0.27596769746665956,1.4489698031992273,7,7,458,0,458,0,0.015960269380356999,5.8205096687628375,0.021999999999999902,0.97799999999999998,2,2,15,57
linear_interpolation,10,2,primary_controlled_consecutive_gap,nrmse,point-wise nRMSE,fraction_Q95_minus_Q05,lower,0.21075368097678898,0.16564490843656318,0.2516319548317813,7,7,458,0,458,0,0.015960269380356999,5.8205096687628375,0.021999999999999902,0.97799999999999998,2,2,15,57
linear_interpolation,10,2,primary_controlled_consecutive_gap,peak_timing_success_10d,global-peak timing success <=10 d,fraction,higher,0.66372874779653623,0.37918239396071901,0.94041357362366529,7,7,458,0,458,0,0.015960269380356999,5.8205096687628375,0.021999999999999902,0.97799999999999998,2,2,15,57
linear_interpolation,10,2,primary_controlled_consecutive_gap,peak_timing_success_15d,global-peak timing success <=15 d,fraction,higher,0.68343318129407316,0.38984523613818373,0.96800873342685145,7,7,458,0,458,0,0.015960269380356999,5.8205096687628375,0.021999999999999902,0.97799999999999998,2,2,15,57
linear_interpolation,10,2,primary_controlled_consecutive_gap,peak_timing_success_5d,global-peak timing success <=5 d,fraction,higher,0.53571390549597964,0.14285714285714285,0.83209103338772994,7,7,458,0,458,0,0.015960269380356999,5.8205096687628375,0.021999999999999902,0.97799999999999998,2,2,15,57
linear_interpolation,10,2,primary_controlled_consecutive_gap,pearson_correlation,daily trajectory Pearson correlation,correlation,higher,0.85384119108749501,0.81194366206414359,0.89648831553255093,7,7,458,0,458,0,0.015960269380356999,5.8205096687628375,0.021999999999999902,0.97799999999999998,2,2,15,57
linear_interpolation,10,2,primary_controlled_consecutive_gap,rmse,point-wise RMSE,ug_L,lower,4.4950326654099095,2.9678635910890461,6.1784421917696379,7,7,458,0,458,0,0.015960269380356999,5.8205096687628375,0.021999999999999902,0.97799999999999998,2,2,15,57
linear_interpolation,10,3,primary_controlled_consecutive_gap,absolute_integral_error,absolute common-support integral error,ug_day_L,lower,169.3286492916736,96.003249558931884,257.37200636853061,7,7,268,0,268,0,0.026548343436092501,6.455637488556297,0.02,0.9407894736842104,3,3,15,43
linear_interpolation,10,3,primary_controlled_consecutive_gap,absolute_peak_date_error_days,absolute global-peak date error,days,lower,35.723191291362781,2.2414136386261823,92.224933451641519,7,7,268,0,268,0,0.026548343436092501,6.455637488556297,0.02,0.9407894736842104,3,3,15,43
linear_interpolation,10,3,primary_controlled_consecutive_gap,absolute_relative_integral_error,absolute relative common-support integral error,fraction,lower,0.098191371697822633,0.063242675801413531,0.13723660009962327,7,7,268,0,268,0,0.026548343436092501,6.455637488556297,0.02,0.9407894736842104,3,3,15,43
linear_interpolation,10,3,primary_controlled_consecutive_gap,normalized_absolute_peak_magnitude_error,normalized absolute global-peak magnitude error,fraction_Q95_minus_Q05,lower,0.80540491790900426,0.25380576658029569,1.4411074115546261,7,7,268,0,268,0,0.026548343436092501,6.455637488556297,0.02,0.9407894736842104,3,3,15,43
linear_interpolation,10,3,primary_controlled_consecutive_gap,nrmse,point-wise nRMSE,fraction_Q95_minus_Q05,lower,0.20834235818602256,0.16170858453459053,0.24919432585488677,7,7,268,0,268,0,0.026548343436092501,6.455637488556297,0.02,0.9407894736842104,3,3,15,43
linear_interpolation,10,3,primary_controlled_consecutive_gap,peak_timing_success_10d,global-peak timing success <=10 d,fraction,higher,0.69031027044964333,0.38758918201426912,0.97602455616392902,7,7,268,0,268,0,0.026548343436092501,6.455637488556297,0.02,0.9407894736842104,3,3,15,43
linear_interpolation,10,3,primary_controlled_consecutive_gap,peak_timing_success_15d,global-peak timing success <=15 d,fraction,higher,0.69727891156462596,0.39455782312925169,0.98299319727891166,7,7,268,0,268,0,0.026548343436092501,6.455637488556297,0.02,0.9407894736842104,3,3,15,43
linear_interpolation,10,3,primary_controlled_consecutive_gap,peak_timing_success_5d,global-peak timing success <=5 d,fraction,higher,0.54745312759250042,0.14285714285714285,0.84320557491289194,7,7,268,0,268,0,0.026548343436092501,6.455637488556297,0.02,0.9407894736842104,3,3,15,43
linear_interpolation,10,3,primary_controlled_consecutive_gap,pearson_correlation,daily trajectory Pearson correlation,correlation,higher,0.8565938961266063,0.81384569859837241,0.90134134448752812,7,7,268,0,268,0,0.026548343436092501,6.455637488556297,0.02,0.9407894736842104,3,3,15,43
linear_interpolation,10,3,primary_controlled_consecutive_gap,rmse,point-wise RMSE,ug_L,lower,4.4601281111495021,2.8414427043366084,6.2621384506781199,7,7,268,0,268,0,0.026548343436092501,6.455637488556297,0.02,0.9407894736842104,3,3,15,43
linear_interpolation,10,4,primary_controlled_consecutive_gap,absolute_integral_error,absolute common-support integral error,ug_day_L,lower,158.87258593353181,88.456207631944466,237.33838841964305,7,7,83,0,83,0,0.060955547200774701,2.1056768559366836,0.032327586206896401,0.85991379310344807,4,4,15,42
linear_interpolation,10,4,primary_controlled_consecutive_gap,absolute_peak_date_error_days,absolute global-peak date error,days,lower,36.178571428571431,1.5714285714285714,92.892857142857139,7,7,83,0,83,0,0.060955547200774701,2.1056768559366836,0.032327586206896401,0.85991379310344807,4,4,15,42
linear_interpolation,10,4,primary_controlled_consecutive_gap,absolute_relative_integral_error,absolute relative common-support integral error,fraction,lower,0.092910341614497086,0.058173756299694505,0.13175528627039612,7,7,83,0,83,0,0.060955547200774701,2.1056768559366836,0.032327586206896401,0.85991379310344807,4,4,15,42
linear_interpolation,10,4,primary_controlled_consecutive_gap,normalized_absolute_peak_magnitude_error,normalized absolute global-peak magnitude error,fraction_Q95_minus_Q05,lower,0.80260483791662807,0.25110412070665505,1.4405751413566115,7,7,83,0,83,0,0.060955547200774701,2.1056768559366836,0.032327586206896401,0.85991379310344807,4,4,15,42
linear_interpolation,10,4,primary_controlled_consecutive_gap,nrmse,point-wise nRMSE,fraction_Q95_minus_Q05,lower,0.20643035518063332,0.15735322132494081,0.2514863853857553,7,7,83,0,83,0,0.060955547200774701,2.1056768559366836,0.032327586206896401,0.85991379310344807,4,4,15,42
linear_interpolation,10,4,primary_controlled_consecutive_gap,peak_timing_success_10d,global-peak timing success <=10 d,fraction,higher,0.7142857142857143,0.42857142857142855,1,7,7,83,0,83,0,0.060955547200774701,2.1056768559366836,0.032327586206896401,0.85991379310344807,4,4,15,42
linear_interpolation,10,4,primary_controlled_consecutive_gap,peak_timing_success_15d,global-peak timing success <=15 d,fraction,higher,0.7142857142857143,0.42857142857142855,1,7,7,83,0,83,0,0.060955547200774701,2.1056768559366836,0.032327586206896401,0.85991379310344807,4,4,15,42
linear_interpolation,10,4,primary_controlled_consecutive_gap,peak_timing_success_5d,global-peak timing success <=5 d,fraction,higher,0.5714285714285714,0.14285714285714285,0.8571428571428571,7,7,83,0,83,0,0.060955547200774701,2.1056768559366836,0.032327586206896401,0.85991379310344807,4,4,15,42
linear_interpolation,10,4,primary_controlled_consecutive_gap,pearson_correlation,daily trajectory Pearson correlation,correlation,higher,0.85812519956328059,0.81287572862346791,0.90499517310277711,7,7,83,0,83,0,0.060955547200774701,2.1056768559366836,0.032327586206896401,0.85991379310344807,4,4,15,42
linear_interpolation,10,4,primary_controlled_consecutive_gap,rmse,point-wise RMSE,ug_L,lower,4.4090462868991533,2.7859151684291268,6.1775274640198061,7,7,83,0,83,0,0.060955547200774701,2.1056768559366836,0.032327586206896401,0.85991379310344807,4,4,15,42
linear_interpolation,10,5,primary_controlled_consecutive_gap,absolute_integral_error,absolute common-support integral error,ug_day_L,lower,300.18000300000023,300.18000300000023,300.18000300000023,1,1,5,0,5,0,0.218904559900131,0.25618097835921633,0.48199999999999982,0.498,5,5,17,17
linear_interpolation,10,5,primary_controlled_consecutive_gap,absolute_peak_date_error_days,absolute global-peak date error,days,lower,200,200,200,1,1,5,0,5,0,0.218904559900131,0.25618097835921633,0.48199999999999982,0.498,5,5,17,17
linear_interpolation,10,5,primary_controlled_consecutive_gap,absolute_relative_integral_error,absolute relative common-support integral error,fraction,lower,0.11929406878293181,0.11929406878293181,0.11929406878293181,1,1,5,0,5,0,0.218904559900131,0.25618097835921633,0.48199999999999982,0.498,5,5,17,17
linear_interpolation,10,5,primary_controlled_consecutive_gap,normalized_absolute_peak_magnitude_error,normalized absolute global-peak magnitude error,fraction_Q95_minus_Q05,lower,1.4266722594192156,1.4266722594192156,1.4266722594192156,1,1,5,0,5,0,0.218904559900131,0.25618097835921633,0.48199999999999982,0.498,5,5,17,17
linear_interpolation,10,5,primary_controlled_consecutive_gap,nrmse,point-wise nRMSE,fraction_Q95_minus_Q05,lower,0.27093002886740164,0.27093002886740164,0.27093002886740164,1,1,5,0,5,0,0.218904559900131,0.25618097835921633,0.48199999999999982,0.498,5,5,17,17
linear_interpolation,10,5,primary_controlled_consecutive_gap,peak_timing_success_10d,global-peak timing success <=10 d,fraction,higher,0,0,0,1,1,5,0,5,0,0.218904559900131,0.25618097835921633,0.48199999999999982,0.498,5,5,17,17
linear_interpolation,10,5,primary_controlled_consecutive_gap,peak_timing_success_15d,global-peak timing success <=15 d,fraction,higher,0,0,0,1,1,5,0,5,0,0.218904559900131,0.25618097835921633,0.48199999999999982,0.498,5,5,17,17
linear_interpolation,10,5,primary_controlled_consecutive_gap,peak_timing_success_5d,global-peak timing success <=5 d,fraction,higher,0,0,0,1,1,5,0,5,0,0.218904559900131,0.25618097835921633,0.48199999999999982,0.498,5,5,17,17
linear_interpolation,10,5,primary_controlled_consecutive_gap,pearson_correlation,daily trajectory Pearson correlation,correlation,higher,0.75390160950805207,0.75390160950805207,0.75390160950805207,1,1,5,0,5,0,0.218904559900131,0.25618097835921633,0.48199999999999982,0.498,5,5,17,17
linear_interpolation,10,5,primary_controlled_consecutive_gap,rmse,point-wise RMSE,ug_L,lower,8.1222858411737739,8.1222858411737739,8.1222858411737739,1,1,5,0,5,0,0.218904559900131,0.25618097835921633,0.48199999999999982,0.498,5,5,17,17
linear_interpolation,20,1,primary_controlled_consecutive_gap,absolute_integral_error,absolute common-support integral error,ug_day_L,lower,136.26234743885442,70.738011029763499,226.06894935806341,7,7,196,0,196,0,0.025285744316099298,3.8536867819629417,0.046666666666666502,0.95961538461538465,1,1,22,52
linear_interpolation,20,1,primary_controlled_consecutive_gap,absolute_peak_date_error_days,absolute global-peak date error,days,lower,34.571428571428569,1.5714285714285714,91.285714285714292,7,7,196,0,196,0,0.025285744316099298,3.8536867819629417,0.046666666666666502,0.95961538461538465,1,1,22,52
linear_interpolation,20,1,primary_controlled_consecutive_gap,absolute_relative_integral_error,absolute relative common-support integral error,fraction,lower,0.078429515439833813,0.047201212437889085,0.12394330205129554,7,7,196,0,196,0,0.025285744316099298,3.8536867819629417,0.046666666666666502,0.95961538461538465,1,1,22,52
linear_interpolation,20,1,primary_controlled_consecutive_gap,normalized_absolute_peak_magnitude_error,normalized absolute global-peak magnitude error,fraction_Q95_minus_Q05,lower,0.79732510969717985,0.23342993254786143,1.4228206972599915,7,7,196,0,196,0,0.025285744316099298,3.8536867819629417,0.046666666666666502,0.95961538461538465,1,1,22,52
linear_interpolation,20,1,primary_controlled_consecutive_gap,nrmse,point-wise nRMSE,fraction_Q95_minus_Q05,lower,0.20443424246812733,0.15351403394469174,0.2513886777347335,7,7,196,0,196,0,0.025285744316099298,3.8536867819629417,0.046666666666666502,0.95961538461538465,1,1,22,52
linear_interpolation,20,1,primary_controlled_consecutive_gap,peak_timing_success_10d,global-peak timing success <=10 d,fraction,higher,0.7142857142857143,0.42857142857142855,1,7,7,196,0,196,0,0.025285744316099298,3.8536867819629417,0.046666666666666502,0.95961538461538465,1,1,22,52
linear_interpolation,20,1,primary_controlled_consecutive_gap,peak_timing_success_15d,global-peak timing success <=15 d,fraction,higher,0.7142857142857143,0.42857142857142855,1,7,7,196,0,196,0,0.025285744316099298,3.8536867819629417,0.046666666666666502,0.95961538461538465,1,1,22,52
linear_interpolation,20,1,primary_controlled_consecutive_gap,peak_timing_success_5d,global-peak timing success <=5 d,fraction,higher,0.5714285714285714,0.14285714285714285,0.8571428571428571,7,7,196,0,196,0,0.025285744316099298,3.8536867819629417,0.046666666666666502,0.95961538461538465,1,1,22,52
linear_interpolation,20,1,primary_controlled_consecutive_gap,pearson_correlation,daily trajectory Pearson correlation,correlation,higher,0.85954712749905293,0.81354782194205577,0.90934362514909939,7,7,196,0,196,0,0.025285744316099298,3.8536867819629417,0.046666666666666502,0.95961538461538465,1,1,22,52
linear_interpolation,20,1,primary_controlled_consecutive_gap,rmse,point-wise RMSE,ug_L,lower,4.3576264692549866,2.7575851169806032,6.0829890984720567,7,7,196,0,196,0,0.025285744316099298,3.8536867819629417,0.046666666666666502,0.95961538461538465,1,1,22,52
linear_interpolation,20,2,primary_controlled_consecutive_gap,absolute_integral_error,absolute common-support integral error,ug_day_L,lower,166.4867807961752,99.437670150214188,245.84220061308591,7,7,324,0,324,0,0.0380392547350724,7.1308836187723568,0.051923076923076801,0.95799999999999996,2,2,22,63
linear_interpolation,20,2,primary_controlled_consecutive_gap,absolute_peak_date_error_days,absolute global-peak date error,days,lower,35.563311688311686,2.9475649350649356,91.831168831168824,7,7,324,0,324,0,0.0380392547350724,7.1308836187723568,0.051923076923076801,0.95799999999999996,2,2,22,63
linear_interpolation,20,2,primary_controlled_consecutive_gap,absolute_relative_integral_error,absolute relative common-support integral error,fraction,lower,0.099770744674163844,0.063669652257655182,0.13965056198379147,7,7,324,0,324,0,0.0380392547350724,7.1308836187723568,0.051923076923076801,0.95799999999999996,2,2,22,63
linear_interpolation,20,2,primary_controlled_consecutive_gap,normalized_absolute_peak_magnitude_error,normalized absolute global-peak magnitude error,fraction_Q95_minus_Q05,lower,0.8022800805041419,0.25767018372443534,1.445168297726023,7,7,324,0,324,0,0.0380392547350724,7.1308836187723568,0.051923076923076801,0.95799999999999996,2,2,22,63
linear_interpolation,20,2,primary_controlled_consecutive_gap,nrmse,point-wise nRMSE,fraction_Q95_minus_Q05,lower,0.21150060646293439,0.16699979077497334,0.24919882302490096,7,7,324,0,324,0,0.0380392547350724,7.1308836187723568,0.051923076923076801,0.95799999999999996,2,2,22,63
linear_interpolation,20,2,primary_controlled_consecutive_gap,peak_timing_success_10d,global-peak timing success <=10 d,fraction,higher,0.68668831168831168,0.36363636363636365,0.97835497835497842,7,7,324,0,324,0,0.0380392547350724,7.1308836187723568,0.051923076923076801,0.95799999999999996,2,2,22,63
linear_interpolation,20,2,primary_controlled_consecutive_gap,peak_timing_success_15d,global-peak timing success <=15 d,fraction,higher,0.68668831168831168,0.38528138528138534,0.97835497835497842,7,7,324,0,324,0,0.0380392547350724,7.1308836187723568,0.051923076923076801,0.95799999999999996,2,2,22,63
linear_interpolation,20,2,primary_controlled_consecutive_gap,peak_timing_success_5d,global-peak timing success <=5 d,fraction,higher,0.56547619047619047,0.14285714285714285,0.8571428571428571,7,7,324,0,324,0,0.0380392547350724,7.1308836187723568,0.051923076923076801,0.95799999999999996,2,2,22,63
linear_interpolation,20,2,primary_controlled_consecutive_gap,pearson_correlation,daily trajectory Pearson correlation,correlation,higher,0.85328177390403293,0.81368643174642885,0.89702934784354138,7,7,324,0,324,0,0.0380392547350724,7.1308836187723568,0.051923076923076801,0.95799999999999996,2,2,22,63
linear_interpolation,20,2,primary_controlled_consecutive_gap,rmse,point-wise RMSE,ug_L,lower,4.4889496845270527,2.961188030115351,6.1722467151244844,7,7,324,0,324,0,0.0380392547350724,7.1308836187723568,0.051923076923076801,0.95799999999999996,2,2,22,63
linear_interpolation,20,3,primary_controlled_consecutive_gap,absolute_integral_error,absolute common-support integral error,ug_day_L,lower,174.42751512846283,122.23509294144574,241.98044039251616,7,7,362,0,362,0,0.0846403703328686,11.103498311786192,0.0403846153846152,0.95333333333333325,3,3,22,85
linear_interpolation,20,3,primary_controlled_consecutive_gap,absolute_peak_date_error_days,absolute global-peak date error,days,lower,37.890831578288889,4.5333179723502308,93.982260149717447,7,7,362,0,362,0,0.0846403703328686,11.103498311786192,0.0403846153846152,0.95333333333333325,3,3,22,85
linear_interpolation,20,3,primary_controlled_consecutive_gap,absolute_relative_integral_error,absolute relative common-support integral error,fraction,lower,0.1063927996355465,0.076598694802625919,0.14180500307988828,7,7,362,0,362,0,0.0846403703328686,11.103498311786192,0.0403846153846152,0.95333333333333325,3,3,22,85
linear_interpolation,20,3,primary_controlled_consecutive_gap,normalized_absolute_peak_magnitude_error,normalized absolute global-peak magnitude error,fraction_Q95_minus_Q05,lower,0.81658287584561295,0.27002537742391097,1.4488591359559115,7,7,362,0,362,0,0.0846403703328686,11.103498311786192,0.0403846153846152,0.95333333333333325,3,3,22,85
linear_interpolation,20,3,primary_controlled_consecutive_gap,nrmse,point-wise nRMSE,fraction_Q95_minus_Q05,lower,0.21684513212034603,0.17494355793701921,0.25535078062154282,7,7,362,0,362,0,0.0846403703328686,11.103498311786192,0.0403846153846152,0.95333333333333325,3,3,22,85
linear_interpolation,20,3,primary_controlled_consecutive_gap,peak_timing_success_10d,global-peak timing success <=10 d,fraction,higher,0.65835105754460599,0.37142857142857144,0.93335105754460579,7,7,362,0,362,0,0.0846403703328686,11.103498311786192,0.0403846153846152,0.95333333333333325,3,3,22,85
linear_interpolation,20,3,primary_controlled_consecutive_gap,peak_timing_success_15d,global-peak timing success <=15 d,fraction,higher,0.67477962897317745,0.38593406593406593,0.95868131868131867,7,7,362,0,362,0,0.0846403703328686,11.103498311786192,0.0403846153846152,0.95333333333333325,3,3,22,85
linear_interpolation,20,3,primary_controlled_consecutive_gap,peak_timing_success_5d,global-peak timing success <=5 d,fraction,higher,0.53454153373508206,0.14285714285714285,0.82499999999999996,7,7,362,0,362,0,0.0846403703328686,11.103498311786192,0.0403846153846152,0.95333333333333325,3,3,22,85
linear_interpolation,20,3,primary_controlled_consecutive_gap,pearson_correlation,daily trajectory Pearson correlation,correlation,higher,0.84328093974419216,0.8060561914351102,0.88204536581772963,7,7,362,0,362,0,0.0846403703328686,11.103498311786192,0.0403846153846152,0.95333333333333325,3,3,22,85
linear_interpolation,20,3,primary_controlled_consecutive_gap,rmse,point-wise RMSE,ug_L,lower,4.5945487664362679,3.1292227234188514,6.2540584692598484,7,7,362,0,362,0,0.0846403703328686,11.103498311786192,0.0403846153846152,0.95333333333333325,3,3,22,85
linear_interpolation,20,4,primary_controlled_consecutive_gap,absolute_integral_error,absolute common-support integral error,ug_day_L,lower,183.25584363550908,124.75567555440387,255.81974429348094,7,7,303,0,303,0,0.12464337446452591,10.891083354445644,0.042000000000000003,0.91276595744680844,4,4,22,43
linear_interpolation,20,4,primary_controlled_consecutive_gap,absolute_peak_date_error_days,absolute global-peak date error,days,lower,37.266218340883263,3.9198711063372715,92.011974034465041,7,7,303,0,303,0,0.12464337446452591,10.891083354445644,0.042000000000000003,0.91276595744680844,4,4,22,43
linear_interpolation,20,4,primary_controlled_consecutive_gap,absolute_relative_integral_error,absolute relative common-support integral error,fraction,lower,0.10995916579826669,0.081445399525494372,0.1438549978332159,7,7,303,0,303,0,0.12464337446452591,10.891083354445644,0.042000000000000003,0.91276595744680844,4,4,22,43
linear_interpolation,20,4,primary_controlled_consecutive_gap,normalized_absolute_peak_magnitude_error,normalized absolute global-peak magnitude error,fraction_Q95_minus_Q05,lower,0.81859009730246923,0.26924042422833649,1.4482970114957743,7,7,303,0,303,0,0.12464337446452591,10.891083354445644,0.042000000000000003,0.91276595744680844,4,4,22,43
linear_interpolation,20,4,primary_controlled_consecutive_gap,nrmse,point-wise nRMSE,fraction_Q95_minus_Q05,lower,0.22003209786802994,0.18187999047193001,0.25619792148937409,7,7,303,0,303,0,0.12464337446452591,10.891083354445644,0.042000000000000003,0.91276595744680844,4,4,22,43
linear_interpolation,20,4,primary_controlled_consecutive_gap,peak_timing_success_10d,global-peak timing success <=10 d,fraction,higher,0.65230039384174721,0.33214285714285718,0.93377192982456148,7,7,303,0,303,0,0.12464337446452591,10.891083354445644,0.042000000000000003,0.91276595744680844,4,4,22,43
linear_interpolation,20,4,primary_controlled_consecutive_gap,peak_timing_success_15d,global-peak timing success <=15 d,fraction,higher,0.68945578231292515,0.3884353741496599,0.97517006802721085,7,7,303,0,303,0,0.12464337446452591,10.891083354445644,0.042000000000000003,0.91276595744680844,4,4,22,43
linear_interpolation,20,4,primary_controlled_consecutive_gap,peak_timing_success_5d,global-peak timing success <=5 d,fraction,higher,0.51445578231292521,0.14285714285714285,0.8170068027210885,7,7,303,0,303,0,0.12464337446452591,10.891083354445644,0.042000000000000003,0.91276595744680844,4,4,22,43
linear_interpolation,20,4,primary_controlled_consecutive_gap,pearson_correlation,daily trajectory Pearson correlation,correlation,higher,0.84010583416357643,0.8013845915617368,0.87429809670372438,7,7,303,0,303,0,0.12464337446452591,10.891083354445644,0.042000000000000003,0.91276595744680844,4,4,22,43
linear_interpolation,20,4,primary_controlled_consecutive_gap,rmse,point-wise RMSE,ug_L,lower,4.6810847045154249,3.2359871242568516,6.337643929343038,7,7,303,0,303,0,0.12464337446452591,10.891083354445644,0.042000000000000003,0.91276595744680844,4,4,22,43
linear_interpolation,20,5,primary_controlled_consecutive_gap,absolute_integral_error,absolute common-support integral error,ug_day_L,lower,185.21977678280288,118.86851123718998,267.62102701014538,7,7,174,0,174,0,0.1290261355553127,10.327412925938054,0.042222222222222203,0.875,5,5,22,57
linear_interpolation,20,5,primary_controlled_consecutive_gap,absolute_peak_date_error_days,absolute global-peak date error,days,lower,38.106097088446056,4.0187740096038427,94.033392144399471,7,7,174,0,174,0,0.1290261355553127,10.327412925938054,0.042222222222222203,0.875,5,5,22,57
linear_interpolation,20,5,primary_controlled_consecutive_gap,absolute_relative_integral_error,absolute relative common-support integral error,fraction,lower,0.11028485753395291,0.079432572627403303,0.14835645391525962,7,7,174,0,174,0,0.1290261355553127,10.327412925938054,0.042222222222222203,0.875,5,5,22,57
linear_interpolation,20,5,primary_controlled_consecutive_gap,normalized_absolute_peak_magnitude_error,normalized absolute global-peak magnitude error,fraction_Q95_minus_Q05,lower,0.85553815911095332,0.30109656175125349,1.4937301985318476,7,7,174,0,174,0,0.1290261355553127,10.327412925938054,0.042222222222222203,0.875,5,5,22,57
linear_interpolation,20,5,primary_controlled_consecutive_gap,nrmse,point-wise nRMSE,fraction_Q95_minus_Q05,lower,0.21432208379659382,0.16965331386198307,0.25661220465620138,7,7,174,0,174,0,0.1290261355553127,10.327412925938054,0.042222222222222203,0.875,5,5,22,57
linear_interpolation,20,5,primary_controlled_consecutive_gap,peak_timing_success_10d,global-peak timing success <=10 d,fraction,higher,0.62230892356942769,0.31652661064425763,0.89733893557422972,7,7,174,0,174,0,0.1290261355553127,10.327412925938054,0.042222222222222203,0.875,5,5,22,57
linear_interpolation,20,5,primary_controlled_consecutive_gap,peak_timing_success_15d,global-peak timing success <=15 d,fraction,higher,0.6903361344537815,0.3949579831932773,0.97857142857142865,7,7,174,0,174,0,0.1290261355553127,10.327412925938054,0.042222222222222203,0.875,5,5,22,57
linear_interpolation,20,5,primary_controlled_consecutive_gap,peak_timing_success_5d,global-peak timing success <=5 d,fraction,higher,0.49985994397759098,0.14285714285714285,0.80924369747899161,7,7,174,0,174,0,0.1290261355553127,10.327412925938054,0.042222222222222203,0.875,5,5,22,57
linear_interpolation,20,5,primary_controlled_consecutive_gap,pearson_correlation,daily trajectory Pearson correlation,correlation,higher,0.84542957167123411,0.80415769426918093,0.88632974980236623,7,7,174,0,174,0,0.1290261355553127,10.327412925938054,0.042222222222222203,0.875,5,5,22,57
linear_interpolation,20,5,primary_controlled_consecutive_gap,rmse,point-wise RMSE,ug_L,lower,4.5829313365323214,3.0243046313581088,6.3128160481785569,7,7,174,0,174,0,0.1290261355553127,10.327412925938054,0.042222222222222203,0.875,5,5,22,57
linear_interpolation,20,6,primary_controlled_consecutive_gap,absolute_integral_error,absolute common-support integral error,ug_day_L,lower,182.46335488439786,80.547463991545712,304.70687223955656,6,6,97,0,97,0,0.1513419879032202,11.128388419283166,0.0472972972972973,0.59777777777777774,6,6,21,50
linear_interpolation,20,6,primary_controlled_consecutive_gap,absolute_peak_date_error_days,absolute global-peak date error,days,lower,45.37422360248447,2.1413043478260874,110.59523809523809,6,6,97,0,97,0,0.1513419879032202,11.128388419283166,0.0472972972972973,0.59777777777777774,6,6,21,50
linear_interpolation,20,6,primary_controlled_consecutive_gap,absolute_relative_integral_error,absolute relative common-support integral error,fraction,lower,0.10156153456898863,0.053482725806173768,0.16071606305679195,6,6,97,0,97,0,0.1513419879032202,11.128388419283166,0.0472972972972973,0.59777777777777774,6,6,21,50
linear_interpolation,20,6,primary_controlled_consecutive_gap,normalized_absolute_peak_magnitude_error,normalized absolute global-peak magnitude error,fraction_Q95_minus_Q05,lower,0.57639068947237471,0.14353893831077955,1.0485139105128269,6,6,97,0,97,0,0.1513419879032202,11.128388419283166,0.0472972972972973,0.59777777777777774,6,6,21,50
linear_interpolation,20,6,primary_controlled_consecutive_gap,nrmse,point-wise nRMSE,fraction_Q95_minus_Q05,lower,0.19981259983659613,0.14777616085891923,0.25100073949561147,6,6,97,0,97,0,0.1513419879032202,11.128388419283166,0.0472972972972973,0.59777777777777774,6,6,21,50
linear_interpolation,20,6,primary_controlled_consecutive_gap,peak_timing_success_10d,global-peak timing success <=10 d,fraction,higher,0.59722222222222221,0.2638888888888889,0.93055555555555569,6,6,97,0,97,0,0.1513419879032202,11.128388419283166,0.0472972972972973,0.59777777777777774,6,6,21,50
linear_interpolation,20,6,primary_controlled_consecutive_gap,peak_timing_success_15d,global-peak timing success <=15 d,fraction,higher,0.59722222222222221,0.2638888888888889,0.93055555555555569,6,6,97,0,97,0,0.1513419879032202,11.128388419283166,0.0472972972972973,0.59777777777777774,6,6,21,50
linear_interpolation,20,6,primary_controlled_consecutive_gap,peak_timing_success_5d,global-peak timing success <=5 d,fraction,higher,0.59722222222222221,0.2638888888888889,0.93055555555555569,6,6,97,0,97,0,0.1513419879032202,11.128388419283166,0.0472972972972973,0.59777777777777774,6,6,21,50
linear_interpolation,20,6,primary_controlled_consecutive_gap,pearson_correlation,daily trajectory Pearson correlation,correlation,higher,0.85214183835364066,0.79684636147937027,0.9081503633060497,6,6,97,0,97,0,0.1513419879032202,11.128388419283166,0.0472972972972973,0.59777777777777774,6,6,21,50
linear_interpolation,20,6,primary_controlled_consecutive_gap,rmse,point-wise RMSE,ug_L,lower,4.5133216665703921,2.4901351697108414,6.5906693306961621,6,6,97,0,97,0,0.1513419879032202,11.128388419283166,0.0472972972972973,0.59777777777777774,6,6,21,50
linear_interpolation,20,7,primary_controlled_consecutive_gap,absolute_integral_error,absolute common-support integral error,ug_day_L,lower,147.43903491493501,67.466779383333289,260.92480809523812,5,5,66,0,66,0,0.15597362557212821,3.4210868709859983,0.092342342342342301,0.58444444444444443,7,7,22,42
linear_interpolation,20,7,primary_controlled_consecutive_gap,absolute_peak_date_error_days,absolute global-peak date error,days,lower,49.18181818181818,0.80000000000000004,128.38181818181818,5,5,66,0,66,0,0.15597362557212821,3.4210868709859983,0.092342342342342301,0.58444444444444443,7,7,22,42
linear_interpolation,20,7,primary_controlled_consecutive_gap,absolute_relative_integral_error,absolute relative common-support integral error,fraction,lower,0.082789214299183539,0.042060926174910175,0.1235175024234569,5,5,66,0,66,0,0.15597362557212821,3.4210868709859983,0.092342342342342301,0.58444444444444443,7,7,22,42
linear_interpolation,20,7,primary_controlled_consecutive_gap,normalized_absolute_peak_magnitude_error,normalized absolute global-peak magnitude error,fraction_Q95_minus_Q05,lower,0.43351647525679365,0.043063480346378413,0.96112189867810149,5,5,66,0,66,0,0.15597362557212821,3.4210868709859983,0.092342342342342301,0.58444444444444443,7,7,22,42
linear_interpolation,20,7,primary_controlled_consecutive_gap,nrmse,point-wise nRMSE,fraction_Q95_minus_Q05,lower,0.18427901236052896,0.1301016475713393,0.23705056001946026,5,5,66,0,66,0,0.15597362557212821,3.4210868709859983,0.092342342342342301,0.58444444444444443,7,7,22,42
linear_interpolation,20,7,primary_controlled_consecutive_gap,peak_timing_success_10d,global-peak timing success <=10 d,fraction,higher,0.59999999999999998,0.20000000000000001,1,5,5,66,0,66,0,0.15597362557212821,3.4210868709859983,0.092342342342342301,0.58444444444444443,7,7,22,42
linear_interpolation,20,7,primary_controlled_consecutive_gap,peak_timing_success_15d,global-peak timing success <=15 d,fraction,higher,0.59999999999999998,0.20000000000000001,1,5,5,66,0,66,0,0.15597362557212821,3.4210868709859983,0.092342342342342301,0.58444444444444443,7,7,22,42
linear_interpolation,20,7,primary_controlled_consecutive_gap,peak_timing_success_5d,global-peak timing success <=5 d,fraction,higher,0.59999999999999998,0.20000000000000001,1,5,5,66,0,66,0,0.15597362557212821,3.4210868709859983,0.092342342342342301,0.58444444444444443,7,7,22,42
linear_interpolation,20,7,primary_controlled_consecutive_gap,pearson_correlation,daily trajectory Pearson correlation,correlation,higher,0.86652652182466627,0.79704070012158346,0.92643422041801027,5,5,66,0,66,0,0.15597362557212821,3.4210868709859983,0.092342342342342301,0.58444444444444443,7,7,22,42
linear_interpolation,20,7,primary_controlled_consecutive_gap,rmse,point-wise RMSE,ug_L,lower,3.8230889085141881,2.2523116079978469,6.068993074145399,5,5,66,0,66,0,0.15597362557212821,3.4210868709859983,0.092342342342342301,0.58444444444444443,7,7,22,42
linear_interpolation,20,8,primary_controlled_consecutive_gap,absolute_integral_error,absolute common-support integral error,ug_day_L,lower,255.38756574999979,255.38756574999979,255.38756574999979,1,1,3,0,3,0,2.6883827862002354,2.7353158752559628,0.56666666666666665,0.5755555555555556,8,8,35,35
linear_interpolation,20,8,primary_controlled_consecutive_gap,absolute_peak_date_error_days,absolute global-peak date error,days,lower,151,151,151,1,1,3,0,3,0,2.6883827862002354,2.7353158752559628,0.56666666666666665,0.5755555555555556,8,8,35,35
linear_interpolation,20,8,primary_controlled_consecutive_gap,absolute_relative_integral_error,absolute relative common-support integral error,fraction,lower,0.13321113686097161,0.13321113686097161,0.13321113686097161,1,1,3,0,3,0,2.6883827862002354,2.7353158752559628,0.56666666666666665,0.5755555555555556,8,8,35,35
linear_interpolation,20,8,primary_controlled_consecutive_gap,normalized_absolute_peak_magnitude_error,normalized absolute global-peak magnitude error,fraction_Q95_minus_Q05,lower,0.57369895359746825,0.57369895359746825,0.57369895359746825,1,1,3,0,3,0,2.6883827862002354,2.7353158752559628,0.56666666666666665,0.5755555555555556,8,8,35,35
linear_interpolation,20,8,primary_controlled_consecutive_gap,nrmse,point-wise nRMSE,fraction_Q95_minus_Q05,lower,0.238028205669188,0.238028205669188,0.238028205669188,1,1,3,0,3,0,2.6883827862002354,2.7353158752559628,0.56666666666666665,0.5755555555555556,8,8,35,35
linear_interpolation,20,8,primary_controlled_consecutive_gap,peak_timing_success_10d,global-peak timing success <=10 d,fraction,higher,0,0,0,1,1,3,0,3,0,2.6883827862002354,2.7353158752559628,0.56666666666666665,0.5755555555555556,8,8,35,35
linear_interpolation,20,8,primary_controlled_consecutive_gap,peak_timing_success_15d,global-peak timing success <=15 d,fraction,higher,0,0,0,1,1,3,0,3,0,2.6883827862002354,2.7353158752559628,0.56666666666666665,0.5755555555555556,8,8,35,35
linear_interpolation,20,8,primary_controlled_consecutive_gap,peak_timing_success_5d,global-peak timing success <=5 d,fraction,higher,0,0,0,1,1,3,0,3,0,2.6883827862002354,2.7353158752559628,0.56666666666666665,0.5755555555555556,8,8,35,35
linear_interpolation,20,8,primary_controlled_consecutive_gap,pearson_correlation,daily trajectory Pearson correlation,correlation,higher,0.78909481311933805,0.78909481311933805,0.78909481311933805,1,1,3,0,3,0,2.6883827862002354,2.7353158752559628,0.56666666666666665,0.5755555555555556,8,8,35,35
linear_interpolation,20,8,primary_controlled_consecutive_gap,rmse,point-wise RMSE,ug_L,lower,5.0108410124884788,5.0108410124884788,5.0108410124884788,1,1,3,0,3,0,2.6883827862002354,2.7353158752559628,0.56666666666666665,0.5755555555555556,8,8,35,35
linear_interpolation,30,1,primary_controlled_consecutive_gap,absolute_integral_error,absolute common-support integral error,ug_day_L,lower,78.415907964285722,49.014625000000251,107.92379074999984,3,3,57,0,57,0,0.41109787212373272,4.5948397330260757,0.3716216216216216,0.87612612612612595,1,1,40,52
linear_interpolation,30,1,primary_controlled_consecutive_gap,absolute_peak_date_error_days,absolute global-peak date error,days,lower,12.333333333333334,0,31,3,3,57,0,57,0,0.41109787212373272,4.5948397330260757,0.3716216216216216,0.87612612612612595,1,1,40,52
linear_interpolation,30,1,primary_controlled_consecutive_gap,absolute_relative_integral_error,absolute relative common-support integral error,fraction,lower,0.055006855575810698,0.034928501170953009,0.073798601080505191,3,3,57,0,57,0,0.41109787212373272,4.5948397330260757,0.3716216216216216,0.87612612612612595,1,1,40,52
linear_interpolation,30,1,primary_controlled_consecutive_gap,normalized_absolute_peak_magnitude_error,normalized absolute global-peak magnitude error,fraction_Q95_minus_Q05,lower,0.84019799354200453,0,2.341114734080679,3,3,57,0,57,0,0.41109787212373272,4.5948397330260757,0.3716216216216216,0.87612612612612595,1,1,40,52
linear_interpolation,30,1,primary_controlled_consecutive_gap,nrmse,point-wise nRMSE,fraction_Q95_minus_Q05,lower,0.20200541070417402,0.14373646099836848,0.29098690738091632,3,3,57,0,57,0,0.41109787212373272,4.5948397330260757,0.3716216216216216,0.87612612612612595,1,1,40,52
linear_interpolation,30,1,primary_controlled_consecutive_gap,peak_timing_success_10d,global-peak timing success <=10 d,fraction,higher,0.66666666666666663,0,1,3,3,57,0,57,0,0.41109787212373272,4.5948397330260757,0.3716216216216216,0.87612612612612595,1,1,40,52
linear_interpolation,30,1,primary_controlled_consecutive_gap,peak_timing_success_15d,global-peak timing success <=15 d,fraction,higher,0.66666666666666663,0,1,3,3,57,0,57,0,0.41109787212373272,4.5948397330260757,0.3716216216216216,0.87612612612612595,1,1,40,52
linear_interpolation,30,1,primary_controlled_consecutive_gap,peak_timing_success_5d,global-peak timing success <=5 d,fraction,higher,0.33333333333333331,0,1,3,3,57,0,57,0,0.41109787212373272,4.5948397330260757,0.3716216216216216,0.87612612612612595,1,1,40,52
linear_interpolation,30,1,primary_controlled_consecutive_gap,pearson_correlation,daily trajectory Pearson correlation,correlation,higher,0.86834129448895181,0.79164368825964804,0.92995929911900299,3,3,57,0,57,0,0.41109787212373272,4.5948397330260757,0.3716216216216216,0.87612612612612595,1,1,40,52
linear_interpolation,30,1,primary_controlled_consecutive_gap,rmse,point-wise RMSE,ug_L,lower,3.2473978504649135,1.8263501899240495,4.8899811459584352,3,3,57,0,57,0,0.41109787212373272,4.5948397330260757,0.3716216216216216,0.87612612612612595,1,1,40,52
linear_interpolation,30,2,primary_controlled_consecutive_gap,absolute_integral_error,absolute common-support integral error,ug_day_L,lower,141.88087271627435,74.109416404244271,227.18533340726819,7,7,144,0,144,0,0.048636719550354902,6.4140349060670978,0.1099137931034482,0.94038461538461515,2,2,32,63
linear_interpolation,30,2,primary_controlled_consecutive_gap,absolute_peak_date_error_days,absolute global-peak date error,days,lower,34.571428571428569,1.5714285714285714,91.142857142857139,7,7,144,0,144,0,0.048636719550354902,6.4140349060670978,0.1099137931034482,0.94038461538461515,2,2,32,63
linear_interpolation,30,2,primary_controlled_consecutive_gap,absolute_relative_integral_error,absolute relative common-support integral error,fraction,lower,0.084633474740348338,0.047199816002672736,0.12867469196076342,7,7,144,0,144,0,0.048636719550354902,6.4140349060670978,0.1099137931034482,0.94038461538461515,2,2,32,63
linear_interpolation,30,2,primary_controlled_consecutive_gap,normalized_absolute_peak_magnitude_error,normalized absolute global-peak magnitude error,fraction_Q95_minus_Q05,lower,0.79732510969717996,0.23526493604831053,1.43850441400013,7,7,144,0,144,0,0.048636719550354902,6.4140349060670978,0.1099137931034482,0.94038461538461515,2,2,32,63
linear_interpolation,30,2,primary_controlled_consecutive_gap,nrmse,point-wise nRMSE,fraction_Q95_minus_Q05,lower,0.20723898097510848,0.15943792241475191,0.24952323803308543,7,7,144,0,144,0,0.048636719550354902,6.4140349060670978,0.1099137931034482,0.94038461538461515,2,2,32,63
linear_interpolation,30,2,primary_controlled_consecutive_gap,peak_timing_success_10d,global-peak timing success <=10 d,fraction,higher,0.7142857142857143,0.42857142857142855,1,7,7,144,0,144,0,0.048636719550354902,6.4140349060670978,0.1099137931034482,0.94038461538461515,2,2,32,63
linear_interpolation,30,2,primary_controlled_consecutive_gap,peak_timing_success_15d,global-peak timing success <=15 d,fraction,higher,0.7142857142857143,0.42857142857142855,1,7,7,144,0,144,0,0.048636719550354902,6.4140349060670978,0.1099137931034482,0.94038461538461515,2,2,32,63
linear_interpolation,30,2,primary_controlled_consecutive_gap,peak_timing_success_5d,global-peak timing success <=5 d,fraction,higher,0.5714285714285714,0.14285714285714285,0.8571428571428571,7,7,144,0,144,0,0.048636719550354902,6.4140349060670978,0.1099137931034482,0.94038461538461515,2,2,32,63
linear_interpolation,30,2,primary_controlled_consecutive_gap,pearson_correlation,daily trajectory Pearson correlation,correlation,higher,0.85608950819513319,0.81407273787509493,0.90262093362195672,7,7,144,0,144,0,0.048636719550354902,6.4140349060670978,0.1099137931034482,0.94038461538461515,2,2,32,63
linear_interpolation,30,2,primary_controlled_consecutive_gap,rmse,point-wise RMSE,ug_L,lower,4.3903181010682522,2.8218648565079194,6.1433176685101412,7,7,144,0,144,0,0.048636719550354902,6.4140349060670978,0.1099137931034482,0.94038461538461515,2,2,32,63
linear_interpolation,30,3,primary_controlled_consecutive_gap,absolute_integral_error,absolute common-support integral error,ug_day_L,lower,147.8610007107844,94.550037143658002,211.46876879205152,7,7,182,0,182,0,0.048669630931768702,7.8843441010498099,0.096982758620689502,0.93799999999999994,3,3,31,85
linear_interpolation,30,3,primary_controlled_consecutive_gap,absolute_peak_date_error_days,absolute global-peak date error,days,lower,34.914285714285718,1.9142857142857144,91.914285714285711,7,7,182,0,182,0,0.048669630931768702,7.8843441010498099,0.096982758620689502,0.93799999999999994,3,3,31,85
linear_interpolation,30,3,primary_controlled_consecutive_gap,absolute_relative_integral_error,absolute relative common-support integral error,fraction,lower,0.087485537086110857,0.060880967519604513,0.11803888457507718,7,7,182,0,182,0,0.048669630931768702,7.8843441010498099,0.096982758620689502,0.93799999999999994,3,3,31,85
linear_interpolation,30,3,primary_controlled_consecutive_gap,normalized_absolute_peak_magnitude_error,normalized absolute global-peak magnitude error,fraction_Q95_minus_Q05,lower,0.7993673815103477,0.25509010750141209,1.4229255234762588,7,7,182,0,182,0,0.048669630931768702,7.8843441010498099,0.096982758620689502,0.93799999999999994,3,3,31,85
linear_interpolation,30,3,primary_controlled_consecutive_gap,nrmse,point-wise nRMSE,fraction_Q95_minus_Q05,lower,0.21746150283126076,0.17294733644805677,0.25912669726057236,7,7,182,0,182,0,0.048669630931768702,7.8843441010498099,0.096982758620689502,0.93799999999999994,3,3,31,85
linear_interpolation,30,3,primary_controlled_consecutive_gap,peak_timing_success_10d,global-peak timing success <=10 d,fraction,higher,0.68571428571428572,0.37142857142857144,0.97142857142857142,7,7,182,0,182,0,0.048669630931768702,7.8843441010498099,0.096982758620689502,0.93799999999999994,3,3,31,85
linear_interpolation,30,3,primary_controlled_consecutive_gap,peak_timing_success_15d,global-peak timing success <=15 d,fraction,higher,0.68571428571428572,0.37142857142857144,0.97142857142857142,7,7,182,0,182,0,0.048669630931768702,7.8843441010498099,0.096982758620689502,0.93799999999999994,3,3,31,85
linear_interpolation,30,3,primary_controlled_consecutive_gap,peak_timing_success_5d,global-peak timing success <=5 d,fraction,higher,0.5714285714285714,0.2857142857142857,0.8571428571428571,7,7,182,0,182,0,0.048669630931768702,7.8843441010498099,0.096982758620689502,0.93799999999999994,3,3,31,85
linear_interpolation,30,3,primary_controlled_consecutive_gap,pearson_correlation,daily trajectory Pearson correlation,correlation,higher,0.84072568369246958,0.8017124925431206,0.88630797435521402,7,7,182,0,182,0,0.048669630931768702,7.8843441010498099,0.096982758620689502,0.93799999999999994,3,3,31,85
linear_interpolation,30,3,primary_controlled_consecutive_gap,rmse,point-wise RMSE,ug_L,lower,4.6063120757057749,3.1166926294941262,6.2237288579478705,7,7,182,0,182,0,0.048669630931768702,7.8843441010498099,0.096982758620689502,0.93799999999999994,3,3,31,85
linear_interpolation,30,4,primary_controlled_consecutive_gap,absolute_integral_error,absolute common-support integral error,ug_day_L,lower,175.38693894367017,117.44540010664551,236.16665754661446,7,7,242,0,242,0,0.13897916177372471,9.7832113301421995,0.068888888888888805,0.93404255319148921,4,4,32,53
linear_interpolation,30,4,primary_controlled_consecutive_gap,absolute_peak_date_error_days,absolute global-peak date error,days,lower,38.553571428571431,1.9821428571428572,95.125,7,7,242,0,242,0,0.13897916177372471,9.7832113301421995,0.068888888888888805,0.93404255319148921,4,4,32,53
linear_interpolation,30,4,primary_controlled_consecutive_gap,absolute_relative_integral_error,absolute relative common-support integral error,fraction,lower,0.10736304297384325,0.074727745793445183,0.14224146669425775,7,7,242,0,242,0,0.13897916177372471,9.7832113301421995,0.068888888888888805,0.93404255319148921,4,4,32,53
linear_interpolation,30,4,primary_controlled_consecutive_gap,normalized_absolute_peak_magnitude_error,normalized absolute global-peak magnitude error,fraction_Q95_minus_Q05,lower,0.81435654364144017,0.27080255428803229,1.4492635604384423,7,7,242,0,242,0,0.13897916177372471,9.7832113301421995,0.068888888888888805,0.93404255319148921,4,4,32,53
linear_interpolation,30,4,primary_controlled_consecutive_gap,nrmse,point-wise nRMSE,fraction_Q95_minus_Q05,lower,0.2194993004759461,0.17314857190618885,0.25753230924272097,7,7,242,0,242,0,0.13897916177372471,9.7832113301421995,0.068888888888888805,0.93404255319148921,4,4,32,53
linear_interpolation,30,4,primary_controlled_consecutive_gap,peak_timing_success_10d,global-peak timing success <=10 d,fraction,higher,0.67559523809523803,0.3125,0.96130952380952384,7,7,242,0,242,0,0.13897916177372471,9.7832113301421995,0.068888888888888805,0.93404255319148921,4,4,32,53
linear_interpolation,30,4,primary_controlled_consecutive_gap,peak_timing_success_15d,global-peak timing success <=15 d,fraction,higher,0.68452380952380942,0.36904761904761901,0.97023809523809523,7,7,242,0,242,0,0.13897916177372471,9.7832113301421995,0.068888888888888805,0.93404255319148921,4,4,32,53
linear_interpolation,30,4,primary_controlled_consecutive_gap,peak_timing_success_5d,global-peak timing success <=5 d,fraction,higher,0.5714285714285714,0.14285714285714285,0.8571428571428571,7,7,242,0,242,0,0.13897916177372471,9.7832113301421995,0.068888888888888805,0.93404255319148921,4,4,32,53
linear_interpolation,30,4,primary_controlled_consecutive_gap,pearson_correlation,daily trajectory Pearson correlation,correlation,higher,0.84050190107723277,0.80355324680753004,0.88444051090865228,7,7,242,0,242,0,0.13897916177372471,9.7832113301421995,0.068888888888888805,0.93404255319148921,4,4,32,53
linear_interpolation,30,4,primary_controlled_consecutive_gap,rmse,point-wise RMSE,ug_L,lower,4.6082865991227351,3.1217225842586984,6.2374398956459229,7,7,242,0,242,0,0.13897916177372471,9.7832113301421995,0.068888888888888805,0.93404255319148921,4,4,32,53
linear_interpolation,30,5,primary_controlled_consecutive_gap,absolute_integral_error,absolute common-support integral error,ug_day_L,lower,206.89050937030973,149.57742622384558,282.57269880440714,7,7,302,0,302,0,0.18726496888266961,10.53242492318695,0.059615384615384501,0.89148936170212745,5,5,31,57
linear_interpolation,30,5,primary_controlled_consecutive_gap,absolute_peak_date_error_days,absolute global-peak date error,days,lower,37.189592641158193,3.6505359719645436,93.408188298599256,7,7,302,0,302,0,0.18726496888266961,10.53242492318695,0.059615384615384501,0.89148936170212745,5,5,31,57
linear_interpolation,30,5,primary_controlled_consecutive_gap,absolute_relative_integral_error,absolute relative common-support integral error,fraction,lower,0.12772192099125265,0.092455172137482236,0.16786648599786025,7,7,302,0,302,0,0.18726496888266961,10.53242492318695,0.059615384615384501,0.89148936170212745,5,5,31,57
linear_interpolation,30,5,primary_controlled_consecutive_gap,normalized_absolute_peak_magnitude_error,normalized absolute global-peak magnitude error,fraction_Q95_minus_Q05,lower,0.82334519710514942,0.28040441813099393,1.4616626245257687,7,7,302,0,302,0,0.18726496888266961,10.53242492318695,0.059615384615384501,0.89148936170212745,5,5,31,57
linear_interpolation,30,5,primary_controlled_consecutive_gap,nrmse,point-wise nRMSE,fraction_Q95_minus_Q05,lower,0.22933069138029147,0.19308479068589141,0.26217183039581943,7,7,302,0,302,0,0.18726496888266961,10.53242492318695,0.059615384615384501,0.89148936170212745,5,5,31,57
linear_interpolation,30,5,primary_controlled_consecutive_gap,peak_timing_success_10d,global-peak timing success <=10 d,fraction,higher,0.66378066378066369,0.35912698412698413,0.9494949494949495,7,7,302,0,302,0,0.18726496888266961,10.53242492318695,0.059615384615384501,0.89148936170212745,5,5,31,57
linear_interpolation,30,5,primary_controlled_consecutive_gap,peak_timing_success_15d,global-peak timing success <=15 d,fraction,higher,0.70436507936507931,0.40873015873015872,0.990079365079365,7,7,302,0,302,0,0.18726496888266961,10.53242492318695,0.059615384615384501,0.89148936170212745,5,5,31,57
linear_interpolation,30,5,primary_controlled_consecutive_gap,peak_timing_success_5d,global-peak timing success <=5 d,fraction,higher,0.53174603174603174,0.14285714285714285,0.84722222222222221,7,7,302,0,302,0,0.18726496888266961,10.53242492318695,0.059615384615384501,0.89148936170212745,5,5,31,57
linear_interpolation,30,5,primary_controlled_consecutive_gap,pearson_correlation,daily trajectory Pearson correlation,correlation,higher,0.82573700989913401,0.7922131166381815,0.85943556720593794,7,7,302,0,302,0,0.18726496888266961,10.53242492318695,0.059615384615384501,0.89148936170212745,5,5,31,57
linear_interpolation,30,5,primary_controlled_consecutive_gap,rmse,point-wise RMSE,ug_L,lower,4.8088119944233885,3.4003748171186694,6.3739253936310059,7,7,302,0,302,0,0.18726496888266961,10.53242492318695,0.059615384615384501,0.89148936170212745,5,5,31,57
linear_interpolation,30,6,primary_controlled_consecutive_gap,absolute_integral_error,absolute common-support integral error,ug_day_L,lower,240.27579015648351,152.72047079545672,352.49445870348296,7,7,262,0,262,0,0.20461695621391771,15.484027686454541,0.062,0.84893617021276591,6,6,32,52
linear_interpolation,30,6,primary_controlled_consecutive_gap,absolute_peak_date_error_days,absolute global-peak date error,days,lower,41.478849591156127,8.7144526983725825,94.233485978078349,7,7,262,0,262,0,0.20461695621391771,15.484027686454541,0.062,0.84893617021276591,6,6,32,52
linear_interpolation,30,6,primary_controlled_consecutive_gap,absolute_relative_integral_error,absolute relative common-support integral error,fraction,lower,0.14215961715695777,0.10296326163386919,0.19553251900496563,7,7,262,0,262,0,0.20461695621391771,15.484027686454541,0.062,0.84893617021276591,6,6,32,52
linear_interpolation,30,6,primary_controlled_consecutive_gap,normalized_absolute_peak_magnitude_error,normalized absolute global-peak magnitude error,fraction_Q95_minus_Q05,lower,0.89147463706252184,0.31872551616577949,1.5232300411729365,7,7,262,0,262,0,0.20461695621391771,15.484027686454541,0.062,0.84893617021276591,6,6,32,52
linear_interpolation,30,6,primary_controlled_consecutive_gap,nrmse,point-wise nRMSE,fraction_Q95_minus_Q05,lower,0.23554427345313539,0.19482417879054889,0.27563301060555329,7,7,262,0,262,0,0.20461695621391771,15.484027686454541,0.062,0.84893617021276591,6,6,32,52
linear_interpolation,30,6,primary_controlled_consecutive_gap,peak_timing_success_10d,global-peak timing success <=10 d,fraction,higher,0.52159475704683267,0.23684210526315791,0.77090917338595355,7,7,262,0,262,0,0.20461695621391771,15.484027686454541,0.062,0.84893617021276591,6,6,32,52
linear_interpolation,30,6,primary_controlled_consecutive_gap,peak_timing_success_15d,global-peak timing success <=15 d,fraction,higher,0.61374590321958755,0.2857142857142857,0.89946018893387325,7,7,262,0,262,0,0.20461695621391771,15.484027686454541,0.062,0.84893617021276591,6,6,32,52
linear_interpolation,30,6,primary_controlled_consecutive_gap,peak_timing_success_5d,global-peak timing success <=5 d,fraction,higher,0.37667363070155763,0.10622710622710622,0.65560290050085968,7,7,262,0,262,0,0.20461695621391771,15.484027686454541,0.062,0.84893617021276591,6,6,32,52
linear_interpolation,30,6,primary_controlled_consecutive_gap,pearson_correlation,daily trajectory Pearson correlation,correlation,higher,0.81226579817064903,0.7739262716295251,0.84878816159536274,7,7,262,0,262,0,0.20461695621391771,15.484027686454541,0.062,0.84893617021276591,6,6,32,52
linear_interpolation,30,6,primary_controlled_consecutive_gap,rmse,point-wise RMSE,ug_L,lower,5.0441623388806658,3.4124904362333099,6.8682130732977802,7,7,262,0,262,0,0.20461695621391771,15.484027686454541,0.062,0.84893617021276591,6,6,32,52
linear_interpolation,30,7,primary_controlled_consecutive_gap,absolute_integral_error,absolute common-support integral error,ug_day_L,lower,190.79940424486813,137.24859679362083,241.80141219044634,7,7,93,0,93,0,0.2190015602445356,10.492798556141418,0.1044444444444444,0.79777777777777781,7,7,32,55
linear_interpolation,30,7,primary_controlled_consecutive_gap,absolute_peak_date_error_days,absolute global-peak date error,days,lower,36.709273182957396,1.9523809523809523,92.994987468671681,7,7,93,0,93,0,0.2190015602445356,10.492798556141418,0.1044444444444444,0.79777777777777781,7,7,32,55
linear_interpolation,30,7,primary_controlled_consecutive_gap,absolute_relative_integral_error,absolute relative common-support integral error,fraction,lower,0.11983611850591172,0.084792119763623788,0.15806656669647726,7,7,93,0,93,0,0.2190015602445356,10.492798556141418,0.1044444444444444,0.79777777777777781,7,7,32,55
linear_interpolation,30,7,primary_controlled_consecutive_gap,normalized_absolute_peak_magnitude_error,normalized absolute global-peak magnitude error,fraction_Q95_minus_Q05,lower,0.82478532557179474,0.28653004078609545,1.4621072413357059,7,7,93,0,93,0,0.2190015602445356,10.492798556141418,0.1044444444444444,0.79777777777777781,7,7,32,55
linear_interpolation,30,7,primary_controlled_consecutive_gap,nrmse,point-wise nRMSE,fraction_Q95_minus_Q05,lower,0.21922091269763375,0.17143215327280578,0.25794604975789587,7,7,93,0,93,0,0.2190015602445356,10.492798556141418,0.1044444444444444,0.79777777777777781,7,7,32,55
linear_interpolation,30,7,primary_controlled_consecutive_gap,peak_timing_success_10d,global-peak timing success <=10 d,fraction,higher,0.69047619047619047,0.2857142857142857,0.97619047619047628,7,7,93,0,93,0,0.2190015602445356,10.492798556141418,0.1044444444444444,0.79777777777777781,7,7,32,55
linear_interpolation,30,7,primary_controlled_consecutive_gap,peak_timing_success_15d,global-peak timing success <=15 d,fraction,higher,0.69047619047619047,0.38095238095238099,0.97619047619047628,7,7,93,0,93,0,0.2190015602445356,10.492798556141418,0.1044444444444444,0.79777777777777781,7,7,32,55
linear_interpolation,30,7,primary_controlled_consecutive_gap,peak_timing_success_5d,global-peak timing success <=5 d,fraction,higher,0.54761904761904767,0.14285714285714285,0.8571428571428571,7,7,93,0,93,0,0.2190015602445356,10.492798556141418,0.1044444444444444,0.79777777777777781,7,7,32,55
linear_interpolation,30,7,primary_controlled_consecutive_gap,pearson_correlation,daily trajectory Pearson correlation,correlation,higher,0.83483833385238293,0.79156942629868332,0.88623353773215863,7,7,93,0,93,0,0.2190015602445356,10.492798556141418,0.1044444444444444,0.79777777777777781,7,7,32,55
linear_interpolation,30,7,primary_controlled_consecutive_gap,rmse,point-wise RMSE,ug_L,lower,4.5839553246067224,3.0892052615514332,6.2351528470430946,7,7,93,0,93,0,0.2190015602445356,10.492798556141418,0.1044444444444444,0.79777777777777781,7,7,32,55
linear_interpolation,30,8,primary_controlled_consecutive_gap,absolute_integral_error,absolute common-support integral error,ug_day_L,lower,171.44143046329361,99.556146337301627,243.2389108839285,6,6,83,0,83,0,0.22815988712202001,7.3850596293587074,0.1133333333333333,0.62888888888888894,8,8,32,55
linear_interpolation,30,8,primary_controlled_consecutive_gap,absolute_peak_date_error_days,absolute global-peak date error,days,lower,46.476190476190482,0.83333333333333337,112.47619047619048,6,6,83,0,83,0,0.22815988712202001,7.3850596293587074,0.1133333333333333,0.62888888888888894,8,8,32,55
linear_interpolation,30,8,primary_controlled_consecutive_gap,absolute_relative_integral_error,absolute relative common-support integral error,fraction,lower,0.097293267807737879,0.063227448016676846,0.12715513233378126,6,6,83,0,83,0,0.22815988712202001,7.3850596293587074,0.1133333333333333,0.62888888888888894,8,8,32,55
linear_interpolation,30,8,primary_controlled_consecutive_gap,normalized_absolute_peak_magnitude_error,normalized absolute global-peak magnitude error,fraction_Q95_minus_Q05,lower,0.5634922977197,0.16013599953197682,0.98600714307326409,6,6,83,0,83,0,0.22815988712202001,7.3850596293587074,0.1133333333333333,0.62888888888888894,8,8,32,55
linear_interpolation,30,8,primary_controlled_consecutive_gap,nrmse,point-wise nRMSE,fraction_Q95_minus_Q05,lower,0.20286890062275142,0.15364460345130368,0.24648355388110343,6,6,83,0,83,0,0.22815988712202001,7.3850596293587074,0.1133333333333333,0.62888888888888894,8,8,32,55
linear_interpolation,30,8,primary_controlled_consecutive_gap,peak_timing_success_10d,global-peak timing success <=10 d,fraction,higher,0.66666666666666663,0.33333333333333331,1,6,6,83,0,83,0,0.22815988712202001,7.3850596293587074,0.1133333333333333,0.62888888888888894,8,8,32,55
linear_interpolation,30,8,primary_controlled_consecutive_gap,peak_timing_success_15d,global-peak timing success <=15 d,fraction,higher,0.66666666666666663,0.33333333333333331,1,6,6,83,0,83,0,0.22815988712202001,7.3850596293587074,0.1133333333333333,0.62888888888888894,8,8,32,55
linear_interpolation,30,8,primary_controlled_consecutive_gap,peak_timing_success_5d,global-peak timing success <=5 d,fraction,higher,0.66666666666666663,0.33333333333333331,1,6,6,83,0,83,0,0.22815988712202001,7.3850596293587074,0.1133333333333333,0.62888888888888894,8,8,32,55
linear_interpolation,30,8,primary_controlled_consecutive_gap,pearson_correlation,daily trajectory Pearson correlation,correlation,higher,0.84575044546232192,0.79424732647479024,0.89994645894189917,6,6,83,0,83,0,0.22815988712202001,7.3850596293587074,0.1133333333333333,0.62888888888888894,8,8,32,55
linear_interpolation,30,8,primary_controlled_consecutive_gap,rmse,point-wise RMSE,ug_L,lower,4.5531741151971197,2.7197330758518201,6.4861660961361087,6,6,83,0,83,0,0.22815988712202001,7.3850596293587074,0.1133333333333333,0.62888888888888894,8,8,32,55
linear_interpolation,30,9,primary_controlled_consecutive_gap,absolute_integral_error,absolute common-support integral error,ug_day_L,lower,150.52195128277305,75.913757397058703,243.52062528277315,5,5,80,0,80,0,0.33596505568063523,5.3241288406661047,0.069819819819819801,0.59777777777777774,9,9,32,48
linear_interpolation,30,9,primary_controlled_consecutive_gap,absolute_peak_date_error_days,absolute global-peak date error,days,lower,58.326117647058823,0.8640000000000001,137.49411764705883,5,5,80,0,80,0,0.33596505568063523,5.3241288406661047,0.069819819819819801,0.59777777777777774,9,9,32,48
linear_interpolation,30,9,primary_controlled_consecutive_gap,absolute_relative_integral_error,absolute relative common-support integral error,fraction,lower,0.087456740724405527,0.05333971175419934,0.12180345547483581,5,5,80,0,80,0,0.33596505568063523,5.3241288406661047,0.069819819819819801,0.59777777777777774,9,9,32,48
linear_interpolation,30,9,primary_controlled_consecutive_gap,normalized_absolute_peak_magnitude_error,normalized absolute global-peak magnitude error,fraction_Q95_minus_Q05,lower,0.46724323090905973,0.08058159143625658,0.96491325411571349,5,5,80,0,80,0,0.33596505568063523,5.3241288406661047,0.069819819819819801,0.59777777777777774,9,9,32,48
linear_interpolation,30,9,primary_controlled_consecutive_gap,nrmse,point-wise nRMSE,fraction_Q95_minus_Q05,lower,0.19114909640177219,0.13733409857691709,0.24025525938824382,5,5,80,0,80,0,0.33596505568063523,5.3241288406661047,0.069819819819819801,0.59777777777777774,9,9,32,48
linear_interpolation,30,9,primary_controlled_consecutive_gap,peak_timing_success_10d,global-peak timing success <=10 d,fraction,higher,0.59999999999999998,0.20000000000000001,1,5,5,80,0,80,0,0.33596505568063523,5.3241288406661047,0.069819819819819801,0.59777777777777774,9,9,32,48
linear_interpolation,30,9,primary_controlled_consecutive_gap,peak_timing_success_15d,global-peak timing success <=15 d,fraction,higher,0.59999999999999998,0.20000000000000001,1,5,5,80,0,80,0,0.33596505568063523,5.3241288406661047,0.069819819819819801,0.59777777777777774,9,9,32,48
linear_interpolation,30,9,primary_controlled_consecutive_gap,peak_timing_success_5d,global-peak timing success <=5 d,fraction,higher,0.59999999999999998,0.20000000000000001,1,5,5,80,0,80,0,0.33596505568063523,5.3241288406661047,0.069819819819819801,0.59777777777777774,9,9,32,48
linear_interpolation,30,9,primary_controlled_consecutive_gap,pearson_correlation,daily trajectory Pearson correlation,correlation,higher,0.85238726010691546,0.78870853028150101,0.91764466842526105,5,5,80,0,80,0,0.33596505568063523,5.3241288406661047,0.069819819819819801,0.59777777777777774,9,9,32,48
linear_interpolation,30,9,primary_controlled_consecutive_gap,rmse,point-wise RMSE,ug_L,lower,3.9576081490117687,2.2747295771320082,6.1654119694436673,5,5,80,0,80,0,0.33596505568063523,5.3241288406661047,0.069819819819819801,0.59777777777777774,9,9,32,48
linear_interpolation,30,10,primary_controlled_consecutive_gap,absolute_integral_error,absolute common-support integral error,ug_day_L,lower,117.00814843333312,32.364696799999955,217.89555799999971,3,3,22,0,22,0,0.34108523806277202,1.8946891752103392,0.092342342342342301,0.30888888888888882,10,10,32,50
linear_interpolation,30,10,primary_controlled_consecutive_gap,absolute_peak_date_error_days,absolute global-peak date error,days,lower,11.666666666666666,0,31,3,3,22,0,22,0,0.34108523806277202,1.8946891752103392,0.092342342342342301,0.30888888888888882,10,10,32,50
linear_interpolation,30,10,primary_controlled_consecutive_gap,absolute_relative_integral_error,absolute relative common-support integral error,fraction,lower,0.093854099581193937,0.023658788410523341,0.20534452089298441,3,3,22,0,22,0,0.34108523806277202,1.8946891752103392,0.092342342342342301,0.30888888888888882,10,10,32,50
linear_interpolation,30,10,primary_controlled_consecutive_gap,normalized_absolute_peak_magnitude_error,normalized absolute global-peak magnitude error,fraction_Q95_minus_Q05,lower,0.23502398722606496,0,0.52559271513286032,3,3,22,0,22,0,0.34108523806277202,1.8946891752103392,0.092342342342342301,0.30888888888888882,10,10,32,50
linear_interpolation,30,10,primary_controlled_consecutive_gap,nrmse,point-wise nRMSE,fraction_Q95_minus_Q05,lower,0.1907655298020704,0.14505039195583008,0.2197447361846637,3,3,22,0,22,0,0.34108523806277202,1.8946891752103392,0.092342342342342301,0.30888888888888882,10,10,32,50
linear_interpolation,30,10,primary_controlled_consecutive_gap,peak_timing_success_10d,global-peak timing success <=10 d,fraction,higher,0.66666666666666663,0,1,3,3,22,0,22,0,0.34108523806277202,1.8946891752103392,0.092342342342342301,0.30888888888888882,10,10,32,50
linear_interpolation,30,10,primary_controlled_consecutive_gap,peak_timing_success_15d,global-peak timing success <=15 d,fraction,higher,0.66666666666666663,0,1,3,3,22,0,22,0,0.34108523806277202,1.8946891752103392,0.092342342342342301,0.30888888888888882,10,10,32,50
linear_interpolation,30,10,primary_controlled_consecutive_gap,peak_timing_success_5d,global-peak timing success <=5 d,fraction,higher,0.66666666666666663,0,1,3,3,22,0,22,0,0.34108523806277202,1.8946891752103392,0.092342342342342301,0.30888888888888882,10,10,32,50
linear_interpolation,30,10,primary_controlled_consecutive_gap,pearson_correlation,daily trajectory Pearson correlation,correlation,higher,0.87024646151948037,0.84043545471551273,0.92561740234402912,3,3,22,0,22,0,0.34108523806277202,1.8946891752103392,0.092342342342342301,0.30888888888888882,10,10,32,50
linear_interpolation,30,10,primary_controlled_consecutive_gap,rmse,point-wise RMSE,ug_L,lower,2.9274518154726263,2.3429513169368392,3.3858817502889522,3,3,22,0,22,0,0.34108523806277202,1.8946891752103392,0.092342342342342301,0.30888888888888882,10,10,32,50
linear_interpolation,30,11,primary_controlled_consecutive_gap,absolute_integral_error,absolute common-support integral error,ug_day_L,lower,65.114019324999958,33.590285400000084,96.637753249999847,2,2,8,0,8,0,0.36054362256212902,0.80968796509543584,0.17999999999999991,0.28666666666666663,11,11,35,37
linear_interpolation,30,11,primary_controlled_consecutive_gap,absolute_peak_date_error_days,absolute global-peak date error,days,lower,17.5,4,31,2,2,8,0,8,0,0.36054362256212902,0.80968796509543584,0.17999999999999991,0.28666666666666663,11,11,35,37
linear_interpolation,30,11,primary_controlled_consecutive_gap,absolute_relative_integral_error,absolute relative common-support integral error,fraction,lower,0.037480662478949468,0.024554701063279939,0.050406623894619002,2,2,8,0,8,0,0.36054362256212902,0.80968796509543584,0.17999999999999991,0.28666666666666663,11,11,35,37
linear_interpolation,30,11,primary_controlled_consecutive_gap,normalized_absolute_peak_magnitude_error,normalized absolute global-peak magnitude error,fraction_Q95_minus_Q05,lower,0.35253598083909748,0.17947924654533451,0.52559271513286043,2,2,8,0,8,0,0.36054362256212902,0.80968796509543584,0.17999999999999991,0.28666666666666663,11,11,35,37
linear_interpolation,30,11,primary_controlled_consecutive_gap,nrmse,point-wise nRMSE,fraction_Q95_minus_Q05,lower,0.17660852737794164,0.14439636334564601,0.20882069141023729,2,2,8,0,8,0,0.36054362256212902,0.80968796509543584,0.17999999999999991,0.28666666666666663,11,11,35,37
linear_interpolation,30,11,primary_controlled_consecutive_gap,peak_timing_success_10d,global-peak timing success <=10 d,fraction,higher,0.5,0,1,2,2,8,0,8,0,0.36054362256212902,0.80968796509543584,0.17999999999999991,0.28666666666666663,11,11,35,37
linear_interpolation,30,11,primary_controlled_consecutive_gap,peak_timing_success_15d,global-peak timing success <=15 d,fraction,higher,0.5,0,1,2,2,8,0,8,0,0.36054362256212902,0.80968796509543584,0.17999999999999991,0.28666666666666663,11,11,35,37
linear_interpolation,30,11,primary_controlled_consecutive_gap,peak_timing_success_5d,global-peak timing success <=5 d,fraction,higher,0.5,0,1,2,2,8,0,8,0,0.36054362256212902,0.80968796509543584,0.17999999999999991,0.28666666666666663,11,11,35,37
linear_interpolation,30,11,primary_controlled_consecutive_gap,pearson_correlation,daily trajectory Pearson correlation,correlation,higher,0.88356404667585386,0.84115099811998317,0.92597709523172445,2,2,8,0,8,0,0.36054362256212902,0.80968796509543584,0.17999999999999991,0.28666666666666663,11,11,35,37
linear_interpolation,30,11,primary_controlled_consecutive_gap,rmse,point-wise RMSE,ug_L,lower,3.2235811312393681,3.0397541227199727,3.4074081397587634,2,2,8,0,8,0,0.36054362256212902,0.80968796509543584,0.17999999999999991,0.28666666666666663,11,11,35,37
linear_interpolation,45,1,primary_controlled_consecutive_gap,absolute_integral_error,absolute common-support integral error,ug_day_L,lower,87.523353000000043,87.523353000000043,87.523353000000043,1,1,7,0,7,0,1.1040128032715055,1.1440300609542171,0.86936936936936915,0.89639639639639634,1,1,52,52
linear_interpolation,45,1,primary_controlled_consecutive_gap,absolute_peak_date_error_days,absolute global-peak date error,days,lower,0,0,0,1,1,7,0,7,0,1.1040128032715055,1.1440300609542171,0.86936936936936915,0.89639639639639634,1,1,52,52
linear_interpolation,45,1,primary_controlled_consecutive_gap,absolute_relative_integral_error,absolute relative common-support integral error,fraction,lower,0.082481906256815798,0.082481906256815798,0.082481906256815798,1,1,7,0,7,0,1.1040128032715055,1.1440300609542171,0.86936936936936915,0.89639639639639634,1,1,52,52
linear_interpolation,45,1,primary_controlled_consecutive_gap,normalized_absolute_peak_magnitude_error,normalized absolute global-peak magnitude error,fraction_Q95_minus_Q05,lower,0,0,0,1,1,7,0,7,0,1.1040128032715055,1.1440300609542171,0.86936936936936915,0.89639639639639634,1,1,52,52
linear_interpolation,45,1,primary_controlled_consecutive_gap,nrmse,point-wise nRMSE,fraction_Q95_minus_Q05,lower,0.17167014333699651,0.17167014333699651,0.17167014333699651,1,1,7,0,7,0,1.1040128032715055,1.1440300609542171,0.86936936936936915,0.89639639639639634,1,1,52,52
linear_interpolation,45,1,primary_controlled_consecutive_gap,peak_timing_success_10d,global-peak timing success <=10 d,fraction,higher,1,1,1,1,1,7,0,7,0,1.1040128032715055,1.1440300609542171,0.86936936936936915,0.89639639639639634,1,1,52,52
linear_interpolation,45,1,primary_controlled_consecutive_gap,peak_timing_success_15d,global-peak timing success <=15 d,fraction,higher,1,1,1,1,1,7,0,7,0,1.1040128032715055,1.1440300609542171,0.86936936936936915,0.89639639639639634,1,1,52,52
linear_interpolation,45,1,primary_controlled_consecutive_gap,peak_timing_success_5d,global-peak timing success <=5 d,fraction,higher,1,1,1,1,1,7,0,7,0,1.1040128032715055,1.1440300609542171,0.86936936936936915,0.89639639639639634,1,1,52,52
linear_interpolation,45,1,primary_controlled_consecutive_gap,pearson_correlation,daily trajectory Pearson correlation,correlation,higher,0.88372965184188534,0.88372965184188534,0.88372965184188534,1,1,7,0,7,0,1.1040128032715055,1.1440300609542171,0.86936936936936915,0.89639639639639634,1,1,52,52
linear_interpolation,45,1,primary_controlled_consecutive_gap,rmse,point-wise RMSE,ug_L,lower,1.8303728016135441,1.8303728016135441,1.8303728016135441,1,1,7,0,7,0,1.1040128032715055,1.1440300609542171,0.86936936936936915,0.89639639639639634,1,1,52,52
linear_interpolation,45,2,primary_controlled_consecutive_gap,absolute_integral_error,absolute common-support integral error,ug_day_L,lower,91.339931174999876,55.163558749999765,127.51630359999999,2,2,44,0,44,0,0.66840122577727257,6.1399277457166495,0.40540540540540532,0.86486486486486491,2,2,47,63
linear_interpolation,45,2,primary_controlled_consecutive_gap,absolute_peak_date_error_days,absolute global-peak date error,days,lower,15.5,0,31,2,2,44,0,44,0,0.66840122577727257,6.1399277457166495,0.40540540540540532,0.86486486486486491,2,2,47,63
linear_interpolation,45,2,primary_controlled_consecutive_gap,absolute_relative_integral_error,absolute relative common-support integral error,fraction,lower,0.074472370474990432,0.028773524477608399,0.12017121647237246,2,2,44,0,44,0,0.66840122577727257,6.1399277457166495,0.40540540540540532,0.86486486486486491,2,2,47,63
linear_interpolation,45,2,primary_controlled_consecutive_gap,normalized_absolute_peak_magnitude_error,normalized absolute global-peak magnitude error,fraction_Q95_minus_Q05,lower,0.089739623272667254,0,0.17947924654533451,2,2,44,0,44,0,0.66840122577727257,6.1399277457166495,0.40540540540540532,0.86486486486486491,2,2,47,63
linear_interpolation,45,2,primary_controlled_consecutive_gap,nrmse,point-wise nRMSE,fraction_Q95_minus_Q05,lower,0.1767843560899961,0.14893042029929421,0.20463829188069801,2,2,44,0,44,0,0.66840122577727257,6.1399277457166495,0.40540540540540532,0.86486486486486491,2,2,47,63
linear_interpolation,45,2,primary_controlled_consecutive_gap,peak_timing_success_10d,global-peak timing success <=10 d,fraction,higher,0.5,0,1,2,2,44,0,44,0,0.66840122577727257,6.1399277457166495,0.40540540540540532,0.86486486486486491,2,2,47,63
linear_interpolation,45,2,primary_controlled_consecutive_gap,peak_timing_success_15d,global-peak timing success <=15 d,fraction,higher,0.5,0,1,2,2,44,0,44,0,0.66840122577727257,6.1399277457166495,0.40540540540540532,0.86486486486486491,2,2,47,63
linear_interpolation,45,2,primary_controlled_consecutive_gap,peak_timing_success_5d,global-peak timing success <=5 d,fraction,higher,0.5,0,1,2,2,44,0,44,0,0.66840122577727257,6.1399277457166495,0.40540540540540532,0.86486486486486491,2,2,47,63
linear_interpolation,45,2,primary_controlled_consecutive_gap,pearson_correlation,daily trajectory Pearson correlation,correlation,higher,0.87613655121702783,0.82919608711830439,0.92307701531575115,2,2,44,0,44,0,0.66840122577727257,6.1399277457166495,0.40540540540540532,0.86486486486486491,2,2,47,63
linear_interpolation,45,2,primary_controlled_consecutive_gap,rmse,point-wise RMSE,ug_L,lower,2.6585433900476581,2.1818841433119553,3.1352026367833608,2,2,44,0,44,0,0.66840122577727257,6.1399277457166495,0.40540540540540532,0.86486486486486491,2,2,47,63
linear_interpolation,45,3,primary_controlled_consecutive_gap,absolute_integral_error,absolute common-support integral error,ug_day_L,lower,85.771461812409754,17.643881666666616,138.47168470238091,3,3,102,0,102,0,0.59362593348043013,6.9181725594717927,0.33783783783783772,0.89777777777777756,3,3,47,85
linear_interpolation,45,3,primary_controlled_consecutive_gap,absolute_peak_date_error_days,absolute global-peak date error,days,lower,12.333333333333334,0,31,3,3,102,0,102,0,0.59362593348043013,6.9181725594717927,0.33783783783783772,0.89777777777777756,3,3,47,85
linear_interpolation,45,3,primary_controlled_consecutive_gap,absolute_relative_integral_error,absolute relative common-support integral error,fraction,lower,0.060056762577325347,0.012573274639035037,0.095369649602914899,3,3,102,0,102,0,0.59362593348043013,6.9181725594717927,0.33783783783783772,0.89777777777777756,3,3,47,85
linear_interpolation,45,3,primary_controlled_consecutive_gap,normalized_absolute_peak_magnitude_error,normalized absolute global-peak magnitude error,fraction_Q95_minus_Q05,lower,0.84019799354200442,0,2.3411147340806786,3,3,102,0,102,0,0.59362593348043013,6.9181725594717927,0.33783783783783772,0.89777777777777756,3,3,47,85
linear_interpolation,45,3,primary_controlled_consecutive_gap,nrmse,point-wise nRMSE,fraction_Q95_minus_Q05,lower,0.22133865122741633,0.1855289183249452,0.29163096525769056,3,3,102,0,102,0,0.59362593348043013,6.9181725594717927,0.33783783783783772,0.89777777777777756,3,3,47,85
linear_interpolation,45,3,primary_controlled_consecutive_gap,peak_timing_success_10d,global-peak timing success <=10 d,fraction,higher,0.66666666666666663,0,1,3,3,102,0,102,0,0.59362593348043013,6.9181725594717927,0.33783783783783772,0.89777777777777756,3,3,47,85
linear_interpolation,45,3,primary_controlled_consecutive_gap,peak_timing_success_15d,global-peak timing success <=15 d,fraction,higher,0.66666666666666663,0,1,3,3,102,0,102,0,0.59362593348043013,6.9181725594717927,0.33783783783783772,0.89777777777777756,3,3,47,85
linear_interpolation,45,3,primary_controlled_consecutive_gap,peak_timing_success_5d,global-peak timing success <=5 d,fraction,higher,0.33333333333333331,0,1,3,3,102,0,102,0,0.59362593348043013,6.9181725594717927,0.33783783783783772,0.89777777777777756,3,3,47,85
linear_interpolation,45,3,primary_controlled_consecutive_gap,pearson_correlation,daily trajectory Pearson correlation,correlation,higher,0.83817550507935079,0.77771777553026311,0.87314713099970931,3,3,102,0,102,0,0.59362593348043013,6.9181725594717927,0.33783783783783772,0.89777777777777756,3,3,47,85
linear_interpolation,45,3,primary_controlled_consecutive_gap,rmse,point-wise RMSE,ug_L,lower,3.6041781519984908,1.9781371379654231,4.9008044194269162,3,3,102,0,102,0,0.59362593348043013,6.9181725594717927,0.33783783783783772,0.89777777777777756,3,3,47,85
linear_interpolation,45,4,primary_controlled_consecutive_gap,absolute_integral_error,absolute common-support integral error,ug_day_L,lower,138.2884886849817,68.122043028937725,212.88327549010984,5,5,58,0,58,0,0.30263450706523343,8.9553041791891186,0.15086206896551721,0.78666666666666663,4,4,50,92
linear_interpolation,45,4,primary_controlled_consecutive_gap,absolute_peak_date_error_days,absolute global-peak date error,days,lower,9.5199999999999996,1.2,20.919999999999998,5,5,58,0,58,0,0.30263450706523343,8.9553041791891186,0.15086206896551721,0.78666666666666663,4,4,50,92
linear_interpolation,45,4,primary_controlled_consecutive_gap,absolute_relative_integral_error,absolute relative common-support integral error,fraction,lower,0.084940927949441594,0.053721203928160648,0.11926016276282744,5,5,58,0,58,0,0.30263450706523343,8.9553041791891186,0.15086206896551721,0.78666666666666663,4,4,50,92
linear_interpolation,45,4,primary_controlled_consecutive_gap,normalized_absolute_peak_magnitude_error,normalized absolute global-peak magnitude error,fraction_Q95_minus_Q05,lower,0.83759212294855701,0.17691024164470587,1.6463664667578857,5,5,58,0,58,0,0.30263450706523343,8.9553041791891186,0.15086206896551721,0.78666666666666663,4,4,50,92
linear_interpolation,45,4,primary_controlled_consecutive_gap,nrmse,point-wise nRMSE,fraction_Q95_minus_Q05,lower,0.24057911815571148,0.21260739106300536,0.27522730507496523,5,5,58,0,58,0,0.30263450706523343,8.9553041791891186,0.15086206896551721,0.78666666666666663,4,4,50,92
linear_interpolation,45,4,primary_controlled_consecutive_gap,peak_timing_success_10d,global-peak timing success <=10 d,fraction,higher,0.70666666666666667,0.30666666666666664,1,5,5,58,0,58,0,0.30263450706523343,8.9553041791891186,0.15086206896551721,0.78666666666666663,4,4,50,92
linear_interpolation,45,4,primary_controlled_consecutive_gap,peak_timing_success_15d,global-peak timing success <=15 d,fraction,higher,0.70666666666666667,0.30666666666666664,1,5,5,58,0,58,0,0.30263450706523343,8.9553041791891186,0.15086206896551721,0.78666666666666663,4,4,50,92
linear_interpolation,45,4,primary_controlled_consecutive_gap,peak_timing_success_5d,global-peak timing success <=5 d,fraction,higher,0.59999999999999998,0.20000000000000001,1,5,5,58,0,58,0,0.30263450706523343,8.9553041791891186,0.15086206896551721,0.78666666666666663,4,4,50,92
linear_interpolation,45,4,primary_controlled_consecutive_gap,pearson_correlation,daily trajectory Pearson correlation,correlation,higher,0.81484254425279534,0.79880392001132206,0.82630709448556217,5,5,58,0,58,0,0.30263450706523343,8.9553041791891186,0.15086206896551721,0.78666666666666663,4,4,50,92
linear_interpolation,45,4,primary_controlled_consecutive_gap,rmse,point-wise RMSE,ug_L,lower,4.575430612292374,3.1454360870827682,6.1544058293719868,5,5,58,0,58,0,0.30263450706523343,8.9553041791891186,0.15086206896551721,0.78666666666666663,4,4,50,92
linear_interpolation,45,5,primary_controlled_consecutive_gap,absolute_integral_error,absolute common-support integral error,ug_day_L,lower,147.9531263030355,72.591191897959007,231.79531924589273,7,7,103,0,103,0,0.32387320183065721,10.957648241993846,0.14224137931034481,0.91153846153846163,5,5,46,70
linear_interpolation,45,5,primary_controlled_consecutive_gap,absolute_peak_date_error_days,absolute global-peak date error,days,lower,38.928571428571431,5,95.357142857142861,7,7,103,0,103,0,0.32387320183065721,10.957648241993846,0.14224137931034481,0.91153846153846163,5,5,46,70
linear_interpolation,45,5,primary_controlled_consecutive_gap,absolute_relative_integral_error,absolute relative common-support integral error,fraction,lower,0.089301215320556557,0.047685698324619101,0.13184482859631932,7,7,103,0,103,0,0.32387320183065721,10.957648241993846,0.14224137931034481,0.91153846153846163,5,5,46,70
linear_interpolation,45,5,primary_controlled_consecutive_gap,normalized_absolute_peak_magnitude_error,normalized absolute global-peak magnitude error,fraction_Q95_minus_Q05,lower,0.82512400883072323,0.23526493604831042,1.5239718387572416,7,7,103,0,103,0,0.32387320183065721,10.957648241993846,0.14224137931034481,0.91153846153846163,5,5,46,70
linear_interpolation,45,5,primary_controlled_consecutive_gap,nrmse,point-wise nRMSE,fraction_Q95_minus_Q05,lower,0.22596624836641802,0.17454837724917455,0.27308639067080465,7,7,103,0,103,0,0.32387320183065721,10.957648241993846,0.14224137931034481,0.91153846153846163,5,5,46,70
linear_interpolation,45,5,primary_controlled_consecutive_gap,peak_timing_success_10d,global-peak timing success <=10 d,fraction,higher,0.61904761904761918,0.2857142857142857,0.90476190476190488,7,7,103,0,103,0,0.32387320183065721,10.957648241993846,0.14224137931034481,0.91153846153846163,5,5,46,70
linear_interpolation,45,5,primary_controlled_consecutive_gap,peak_timing_success_15d,global-peak timing success <=15 d,fraction,higher,0.61904761904761918,0.2857142857142857,0.90476190476190488,7,7,103,0,103,0,0.32387320183065721,10.957648241993846,0.14224137931034481,0.91153846153846163,5,5,46,70
linear_interpolation,45,5,primary_controlled_consecutive_gap,peak_timing_success_5d,global-peak timing success <=5 d,fraction,higher,0.5714285714285714,0.14285714285714285,0.8571428571428571,7,7,103,0,103,0,0.32387320183065721,10.957648241993846,0.14224137931034481,0.91153846153846163,5,5,46,70
linear_interpolation,45,5,primary_controlled_consecutive_gap,pearson_correlation,daily trajectory Pearson correlation,correlation,higher,0.82329704357798239,0.77266719145482265,0.87778167182418521,7,7,103,0,103,0,0.32387320183065721,10.957648241993846,0.14224137931034481,0.91153846153846163,5,5,46,70
linear_interpolation,45,5,primary_controlled_consecutive_gap,rmse,point-wise RMSE,ug_L,lower,4.7790659960064472,3.1521331162358024,6.405998875777092,7,7,103,0,103,0,0.32387320183065721,10.957648241993846,0.14224137931034481,0.91153846153846163,5,5,46,70
linear_interpolation,45,6,primary_controlled_consecutive_gap,absolute_integral_error,absolute common-support integral error,ug_day_L,lower,201.14218571715074,144.09827030612249,263.1138489513998,7,7,162,0,162,0,0.2944890428471002,17.288983776369555,0.099137931034482707,0.90400000000000003,6,6,46,73
linear_interpolation,45,6,primary_controlled_consecutive_gap,absolute_peak_date_error_days,absolute global-peak date error,days,lower,43.27974882260596,5.0144427001569856,99.072527472527469,7,7,162,0,162,0,0.2944890428471002,17.288983776369555,0.099137931034482707,0.90400000000000003,6,6,46,73
linear_interpolation,45,6,primary_controlled_consecutive_gap,absolute_relative_integral_error,absolute relative common-support integral error,fraction,lower,0.12505184766586272,0.092691822323439518,0.15468810480053827,7,7,162,0,162,0,0.2944890428471002,17.288983776369555,0.099137931034482707,0.90400000000000003,6,6,46,73
linear_interpolation,45,6,primary_controlled_consecutive_gap,normalized_absolute_peak_magnitude_error,normalized absolute global-peak magnitude error,fraction_Q95_minus_Q05,lower,0.83494668091493762,0.28895709455156882,1.4662546420907316,7,7,162,0,162,0,0.2944890428471002,17.288983776369555,0.099137931034482707,0.90400000000000003,6,6,46,73
linear_interpolation,45,6,primary_controlled_consecutive_gap,nrmse,point-wise nRMSE,fraction_Q95_minus_Q05,lower,0.23967185794652876,0.19862393087964889,0.27338810720042206,7,7,162,0,162,0,0.2944890428471002,17.288983776369555,0.099137931034482707,0.90400000000000003,6,6,46,73
linear_interpolation,45,6,primary_controlled_consecutive_gap,peak_timing_success_10d,global-peak timing success <=10 d,fraction,higher,0.64374672946101519,0.34903192046049186,0.91679879644165363,7,7,162,0,162,0,0.2944890428471002,17.288983776369555,0.099137931034482707,0.90400000000000003,6,6,46,73
linear_interpolation,45,6,primary_controlled_consecutive_gap,peak_timing_success_15d,global-peak timing success <=15 d,fraction,higher,0.67435897435897441,0.37765567765567765,0.9560439560439562,7,7,162,0,162,0,0.2944890428471002,17.288983776369555,0.099137931034482707,0.90400000000000003,6,6,46,73
linear_interpolation,45,6,primary_controlled_consecutive_gap,peak_timing_success_5d,global-peak timing success <=5 d,fraction,higher,0.51517530088958652,0.14285714285714285,0.81684981684981683,7,7,162,0,162,0,0.2944890428471002,17.288983776369555,0.099137931034482707,0.90400000000000003,6,6,46,73
linear_interpolation,45,6,primary_controlled_consecutive_gap,pearson_correlation,daily trajectory Pearson correlation,correlation,higher,0.80897448243617909,0.77577038545432109,0.8491049514712079,7,7,162,0,162,0,0.2944890428471002,17.288983776369555,0.099137931034482707,0.90400000000000003,6,6,46,73
linear_interpolation,45,6,primary_controlled_consecutive_gap,rmse,point-wise RMSE,ug_L,lower,5.0268547486530917,3.5369944607195594,6.5915566353031378,7,7,162,0,162,0,0.2944890428471002,17.288983776369555,0.099137931034482707,0.90400000000000003,6,6,46,73
linear_interpolation,45,7,primary_controlled_consecutive_gap,absolute_integral_error,absolute common-support integral error,ug_day_L,lower,235.38480342437401,165.07127950606915,305.93499632259994,7,7,235,0,235,0,0.29296365572549687,16.778283866126596,0.0884615384615383,0.89600000000000002,7,7,47,65
linear_interpolation,45,7,primary_controlled_consecutive_gap,absolute_peak_date_error_days,absolute global-peak date error,days,lower,41.720188075230098,6.6274509803921564,96.968787515006014,7,7,235,0,235,0,0.29296365572549687,16.778283866126596,0.0884615384615383,0.89600000000000002,7,7,47,65
linear_interpolation,45,7,primary_controlled_consecutive_gap,absolute_relative_integral_error,absolute relative common-support integral error,fraction,lower,0.14639572238496865,0.10118817701608449,0.19426671920413605,7,7,235,0,235,0,0.29296365572549687,16.778283866126596,0.0884615384615383,0.89600000000000002,7,7,47,65
linear_interpolation,45,7,primary_controlled_consecutive_gap,normalized_absolute_peak_magnitude_error,normalized absolute global-peak magnitude error,fraction_Q95_minus_Q05,lower,0.84552396410374064,0.28726674724254747,1.4855173803241908,7,7,235,0,235,0,0.29296365572549687,16.778283866126596,0.0884615384615383,0.89600000000000002,7,7,47,65
linear_interpolation,45,7,primary_controlled_consecutive_gap,nrmse,point-wise nRMSE,fraction_Q95_minus_Q05,lower,0.24446894091254437,0.20759381420625822,0.2763355834362885,7,7,235,0,235,0,0.29296365572549687,16.778283866126596,0.0884615384615383,0.89600000000000002,7,7,47,65
linear_interpolation,45,7,primary_controlled_consecutive_gap,peak_timing_success_10d,global-peak timing success <=10 d,fraction,higher,0.58671802054154998,0.30882352941176477,0.84943977591036413,7,7,235,0,235,0,0.29296365572549687,16.778283866126596,0.0884615384615383,0.89600000000000002,7,7,47,65
linear_interpolation,45,7,primary_controlled_consecutive_gap,peak_timing_success_15d,global-peak timing success <=15 d,fraction,higher,0.64834267040149396,0.33683473389355745,0.93405695611577955,7,7,235,0,235,0,0.29296365572549687,16.778283866126596,0.0884615384615383,0.89600000000000002,7,7,47,65
linear_interpolation,45,7,primary_controlled_consecutive_gap,peak_timing_success_5d,global-peak timing success <=5 d,fraction,higher,0.48027544351073764,0.14285714285714285,0.78186274509803921,7,7,235,0,235,0,0.29296365572549687,16.778283866126596,0.0884615384615383,0.89600000000000002,7,7,47,65
linear_interpolation,45,7,primary_controlled_consecutive_gap,pearson_correlation,daily trajectory Pearson correlation,correlation,higher,0.79806876700016305,0.76677676698462771,0.83174194888081365,7,7,235,0,235,0,0.29296365572549687,16.778283866126596,0.0884615384615383,0.89600000000000002,7,7,47,65
linear_interpolation,45,7,primary_controlled_consecutive_gap,rmse,point-wise RMSE,ug_L,lower,5.0901084144149751,3.7131799314079403,6.6309324322884491,7,7,235,0,235,0,0.29296365572549687,16.778283866126596,0.0884615384615383,0.89600000000000002,7,7,47,65
linear_interpolation,45,8,primary_controlled_consecutive_gap,absolute_integral_error,absolute common-support integral error,ug_day_L,lower,274.78431309322917,234.49633081406046,327.70181269363229,7,7,218,0,218,0,0.27055384094511942,17.136734325464445,0.091999999999999901,0.85333333333333317,8,8,46,85
linear_interpolation,45,8,primary_controlled_consecutive_gap,absolute_peak_date_error_days,absolute global-peak date error,days,lower,42.369562388781517,9.9015512332703626,95.182083700198078,7,7,218,0,218,0,0.27055384094511942,17.136734325464445,0.091999999999999901,0.85333333333333317,8,8,46,85
linear_interpolation,45,8,primary_controlled_consecutive_gap,absolute_relative_integral_error,absolute relative common-support integral error,fraction,lower,0.17206316616007467,0.14409386197170587,0.20723434906782362,7,7,218,0,218,0,0.27055384094511942,17.136734325464445,0.091999999999999901,0.85333333333333317,8,8,46,85
linear_interpolation,45,8,primary_controlled_consecutive_gap,normalized_absolute_peak_magnitude_error,normalized absolute global-peak magnitude error,fraction_Q95_minus_Q05,lower,0.90884326404167304,0.34984761789763102,1.5310219678832964,7,7,218,0,218,0,0.27055384094511942,17.136734325464445,0.091999999999999901,0.85333333333333317,8,8,46,85
linear_interpolation,45,8,primary_controlled_consecutive_gap,nrmse,point-wise nRMSE,fraction_Q95_minus_Q05,lower,0.26191226789231004,0.23081042216606712,0.29060817285446605,7,7,218,0,218,0,0.27055384094511942,17.136734325464445,0.091999999999999901,0.85333333333333317,8,8,46,85
linear_interpolation,45,8,primary_controlled_consecutive_gap,peak_timing_success_10d,global-peak timing success <=10 d,fraction,higher,0.56591743607482115,0.2857142857142857,0.8227689380837081,7,7,218,0,218,0,0.27055384094511942,17.136734325464445,0.091999999999999901,0.85333333333333317,8,8,46,85
linear_interpolation,45,8,primary_controlled_consecutive_gap,peak_timing_success_15d,global-peak timing success <=15 d,fraction,higher,0.60760932469467577,0.33138736263736263,0.86798635686347547,7,7,218,0,218,0,0.27055384094511942,17.136734325464445,0.091999999999999901,0.85333333333333317,8,8,46,85
linear_interpolation,45,8,primary_controlled_consecutive_gap,peak_timing_success_5d,global-peak timing success <=5 d,fraction,higher,0.45937990580847726,0.14285714285714285,0.75510204081632648,7,7,218,0,218,0,0.27055384094511942,17.136734325464445,0.091999999999999901,0.85333333333333317,8,8,46,85
linear_interpolation,45,8,primary_controlled_consecutive_gap,pearson_correlation,daily trajectory Pearson correlation,correlation,higher,0.75756825608441047,0.72655788777170405,0.7970079390039857,7,7,218,0,218,0,0.27055384094511942,17.136734325464445,0.091999999999999901,0.85333333333333317,8,8,46,85
linear_interpolation,45,8,primary_controlled_consecutive_gap,rmse,point-wise RMSE,ug_L,lower,5.4410843551369599,4.0671838168593455,6.9567112912137157,7,7,218,0,218,0,0.27055384094511942,17.136734325464445,0.091999999999999901,0.85333333333333317,8,8,46,85
linear_interpolation,45,9,primary_controlled_consecutive_gap,absolute_integral_error,absolute common-support integral error,ug_day_L,lower,259.39369024297798,171.40867374023188,355.87140748701955,7,7,148,0,148,0,0.29348201382455041,16.873130616029648,0.1022222222222222,0.79574468085106365,9,9,46,73
linear_interpolation,45,9,primary_controlled_consecutive_gap,absolute_peak_date_error_days,absolute global-peak date error,days,lower,39.527243155326644,5.1260504201680677,95.067226890756302,7,7,148,0,148,0,0.29348201382455041,16.873130616029648,0.1022222222222222,0.79574468085106365,9,9,46,73
linear_interpolation,45,9,primary_controlled_consecutive_gap,absolute_relative_integral_error,absolute relative common-support integral error,fraction,lower,0.16019337107086076,0.109089817514022,0.21416022186559233,7,7,148,0,148,0,0.29348201382455041,16.873130616029648,0.1022222222222222,0.79574468085106365,9,9,46,73
linear_interpolation,45,9,primary_controlled_consecutive_gap,normalized_absolute_peak_magnitude_error,normalized absolute global-peak magnitude error,fraction_Q95_minus_Q05,lower,0.91488390788505924,0.35964624528944433,1.5531647835732456,7,7,148,0,148,0,0.29348201382455041,16.873130616029648,0.1022222222222222,0.79574468085106365,9,9,46,73
linear_interpolation,45,9,primary_controlled_consecutive_gap,nrmse,point-wise nRMSE,fraction_Q95_minus_Q05,lower,0.24871379335797861,0.19957525322195735,0.29158844936769268,7,7,148,0,148,0,0.29348201382455041,16.873130616029648,0.1022222222222222,0.79574468085106365,9,9,46,73
linear_interpolation,45,9,primary_controlled_consecutive_gap,peak_timing_success_10d,global-peak timing success <=10 d,fraction,higher,0.55868799132556257,0.23502304147465436,0.8571428571428571,7,7,148,0,148,0,0.29348201382455041,16.873130616029648,0.1022222222222222,0.79574468085106365,9,9,46,73
linear_interpolation,45,9,primary_controlled_consecutive_gap,peak_timing_success_15d,global-peak timing success <=15 d,fraction,higher,0.60477094063431824,0.2857142857142857,0.89048522634860394,7,7,148,0,148,0,0.29348201382455041,16.873130616029648,0.1022222222222222,0.79574468085106365,9,9,46,73
linear_interpolation,45,9,primary_controlled_consecutive_gap,peak_timing_success_5d,global-peak timing success <=5 d,fraction,higher,0.41583084846841967,0.13011656275413391,0.73949579831932777,7,7,148,0,148,0,0.29348201382455041,16.873130616029648,0.1022222222222222,0.79574468085106365,9,9,46,73
linear_interpolation,45,9,primary_controlled_consecutive_gap,pearson_correlation,daily trajectory Pearson correlation,correlation,higher,0.77006076132302836,0.70111076623273483,0.84168111260829803,7,7,148,0,148,0,0.29348201382455041,16.873130616029648,0.1022222222222222,0.79574468085106365,9,9,46,73
linear_interpolation,45,9,primary_controlled_consecutive_gap,rmse,point-wise RMSE,ug_L,lower,5.204133346923399,3.521769862077921,7.0441048671990032,7,7,148,0,148,0,0.29348201382455041,16.873130616029648,0.1022222222222222,0.79574468085106365,9,9,46,73
linear_interpolation,45,10,primary_controlled_consecutive_gap,absolute_integral_error,absolute common-support integral error,ug_day_L,lower,308.48017547642621,173.86488918012424,468.16057733657055,7,7,106,0,106,0,0.32422425158713802,16.723195115334796,0.1155555555555554,0.75555555555555554,10,10,47,65
linear_interpolation,45,10,primary_controlled_consecutive_gap,absolute_peak_date_error_days,absolute global-peak date error,days,lower,45.861904761904768,3.2761904761904761,102.3,7,7,106,0,106,0,0.32422425158713802,16.723195115334796,0.1155555555555554,0.75555555555555554,10,10,47,65
linear_interpolation,45,10,primary_controlled_consecutive_gap,absolute_relative_integral_error,absolute relative common-support integral error,fraction,lower,0.18440145762837504,0.10926824460847412,0.26768101069568517,7,7,106,0,106,0,0.32422425158713802,16.723195115334796,0.1155555555555554,0.75555555555555554,10,10,47,65
linear_interpolation,45,10,primary_controlled_consecutive_gap,normalized_absolute_peak_magnitude_error,normalized absolute global-peak magnitude error,fraction_Q95_minus_Q05,lower,0.90596600419923579,0.31816526062975342,1.526672144447222,7,7,106,0,106,0,0.32422425158713802,16.723195115334796,0.1155555555555554,0.75555555555555554,10,10,47,65
linear_interpolation,45,10,primary_controlled_consecutive_gap,nrmse,point-wise nRMSE,fraction_Q95_minus_Q05,lower,0.25683933978611545,0.20611069148996566,0.29679623172001829,7,7,106,0,106,0,0.32422425158713802,16.723195115334796,0.1155555555555554,0.75555555555555554,10,10,47,65
linear_interpolation,45,10,primary_controlled_consecutive_gap,peak_timing_success_10d,global-peak timing success <=10 d,fraction,higher,0.66666666666666663,0.3619047619047619,0.95238095238095244,7,7,106,0,106,0,0.32422425158713802,16.723195115334796,0.1155555555555554,0.75555555555555554,10,10,47,65
linear_interpolation,45,10,primary_controlled_consecutive_gap,peak_timing_success_15d,global-peak timing success <=15 d,fraction,higher,0.68571428571428572,0.37142857142857144,0.97142857142857142,7,7,106,0,106,0,0.32422425158713802,16.723195115334796,0.1155555555555554,0.75555555555555554,10,10,47,65
linear_interpolation,45,10,primary_controlled_consecutive_gap,peak_timing_success_5d,global-peak timing success <=5 d,fraction,higher,0.40952380952380951,0.12380952380952381,0.79999999999999993,7,7,106,0,106,0,0.32422425158713802,16.723195115334796,0.1155555555555554,0.75555555555555554,10,10,47,65
linear_interpolation,45,10,primary_controlled_consecutive_gap,pearson_correlation,daily trajectory Pearson correlation,correlation,higher,0.78140207612494827,0.72695266691810245,0.84516735627181516,7,7,106,0,106,0,0.32422425158713802,16.723195115334796,0.1155555555555554,0.75555555555555554,10,10,47,65
linear_interpolation,45,10,primary_controlled_consecutive_gap,rmse,point-wise RMSE,ug_L,lower,5.3757856446710202,3.6691154505767329,7.2981799836984793,7,7,106,0,106,0,0.32422425158713802,16.723195115334796,0.1155555555555554,0.75555555555555554,10,10,47,65
linear_interpolation,45,11,primary_controlled_consecutive_gap,absolute_integral_error,absolute common-support integral error,ug_day_L,lower,354.09498235833331,148.31070034166657,612.57101187083333,6,6,76,0,76,0,0.36111473435784203,16.809483155464836,0.1244444444444444,0.65333333333333332,11,11,47,68
linear_interpolation,45,11,primary_controlled_consecutive_gap,absolute_peak_date_error_days,absolute global-peak date error,days,lower,52.300000000000004,4.7999999999999998,118.3,6,6,76,0,76,0,0.36111473435784203,16.809483155464836,0.1244444444444444,0.65333333333333332,11,11,47,68
linear_interpolation,45,11,primary_controlled_consecutive_gap,absolute_relative_integral_error,absolute relative common-support integral error,fraction,lower,0.19977763179990574,0.096101518268065664,0.33133883312695472,6,6,76,0,76,0,0.36111473435784203,16.809483155464836,0.1244444444444444,0.65333333333333332,11,11,47,68
linear_interpolation,45,11,primary_controlled_consecutive_gap,normalized_absolute_peak_magnitude_error,normalized absolute global-peak magnitude error,fraction_Q95_minus_Q05,lower,0.67986019281983767,0.14707847164194252,1.2466551753891639,6,6,76,0,76,0,0.36111473435784203,16.809483155464836,0.1244444444444444,0.65333333333333332,11,11,47,68
linear_interpolation,45,11,primary_controlled_consecutive_gap,nrmse,point-wise nRMSE,fraction_Q95_minus_Q05,lower,0.24611529023898271,0.18099512773839357,0.31625805141930113,6,6,76,0,76,0,0.36111473435784203,16.809483155464836,0.1244444444444444,0.65333333333333332,11,11,47,68
linear_interpolation,45,11,primary_controlled_consecutive_gap,peak_timing_success_10d,global-peak timing success <=10 d,fraction,higher,0.5,0.16666666666666666,0.83333333333333337,6,6,76,0,76,0,0.36111473435784203,16.809483155464836,0.1244444444444444,0.65333333333333332,11,11,47,68
linear_interpolation,45,11,primary_controlled_consecutive_gap,peak_timing_success_15d,global-peak timing success <=15 d,fraction,higher,0.56666666666666665,0.20000000000000004,0.90000000000000002,6,6,76,0,76,0,0.36111473435784203,16.809483155464836,0.1244444444444444,0.65333333333333332,11,11,47,68
linear_interpolation,45,11,primary_controlled_consecutive_gap,peak_timing_success_5d,global-peak timing success <=5 d,fraction,higher,0.5,0.16666666666666666,0.83333333333333337,6,6,76,0,76,0,0.36111473435784203,16.809483155464836,0.1244444444444444,0.65333333333333332,11,11,47,68
linear_interpolation,45,11,primary_controlled_consecutive_gap,pearson_correlation,daily trajectory Pearson correlation,correlation,higher,0.76243519980932195,0.6480663241160578,0.86291058407213705,6,6,76,0,76,0,0.36111473435784203,16.809483155464836,0.1244444444444444,0.65333333333333332,11,11,47,68
linear_interpolation,45,11,primary_controlled_consecutive_gap,rmse,point-wise RMSE,ug_L,lower,5.5422683639903667,3.0668238680923374,8.261381553615486,6,6,76,0,76,0,0.36111473435784203,16.809483155464836,0.1244444444444444,0.65333333333333332,11,11,47,68
linear_interpolation,45,12,primary_controlled_consecutive_gap,absolute_integral_error,absolute common-support integral error,ug_day_L,lower,227.99787910369037,117.05632854571414,338.93942966166662,5,5,45,0,45,0,0.5983193952422583,11.754611402468592,0.13777777777777761,0.64000000000000001,12,12,46,67
linear_interpolation,45,12,primary_controlled_consecutive_gap,absolute_peak_date_error_days,absolute global-peak date error,days,lower,58.200000000000003,0.80000000000000004,137.40000000000001,5,5,45,0,45,0,0.5983193952422583,11.754611402468592,0.13777777777777761,0.64000000000000001,12,12,46,67
linear_interpolation,45,12,primary_controlled_consecutive_gap,absolute_relative_integral_error,absolute relative common-support integral error,fraction,lower,0.1335751453337474,0.083718503878596903,0.18305743515077072,5,5,45,0,45,0,0.5983193952422583,11.754611402468592,0.13777777777777761,0.64000000000000001,12,12,46,67
linear_interpolation,45,12,primary_controlled_consecutive_gap,normalized_absolute_peak_magnitude_error,normalized absolute global-peak magnitude error,fraction_Q95_minus_Q05,lower,0.4631426835443479,0.0726896886339327,0.96112189867810149,5,5,45,0,45,0,0.5983193952422583,11.754611402468592,0.13777777777777761,0.64000000000000001,12,12,46,67
linear_interpolation,45,12,primary_controlled_consecutive_gap,nrmse,point-wise nRMSE,fraction_Q95_minus_Q05,lower,0.2060468655153985,0.14435020115258482,0.25553572640194516,5,5,45,0,45,0,0.5983193952422583,11.754611402468592,0.13777777777777761,0.64000000000000001,12,12,46,67
linear_interpolation,45,12,primary_controlled_consecutive_gap,peak_timing_success_10d,global-peak timing success <=10 d,fraction,higher,0.59999999999999998,0.20000000000000001,1,5,5,45,0,45,0,0.5983193952422583,11.754611402468592,0.13777777777777761,0.64000000000000001,12,12,46,67
linear_interpolation,45,12,primary_controlled_consecutive_gap,peak_timing_success_15d,global-peak timing success <=15 d,fraction,higher,0.59999999999999998,0.20000000000000001,1,5,5,45,0,45,0,0.5983193952422583,11.754611402468592,0.13777777777777761,0.64000000000000001,12,12,46,67
linear_interpolation,45,12,primary_controlled_consecutive_gap,peak_timing_success_5d,global-peak timing success <=5 d,fraction,higher,0.59999999999999998,0.20000000000000001,1,5,5,45,0,45,0,0.5983193952422583,11.754611402468592,0.13777777777777761,0.64000000000000001,12,12,46,67
linear_interpolation,45,12,primary_controlled_consecutive_gap,pearson_correlation,daily trajectory Pearson correlation,correlation,higher,0.83097301793919398,0.76519492104878073,0.90134443556867383,5,5,45,0,45,0,0.5983193952422583,11.754611402468592,0.13777777777777761,0.64000000000000001,12,12,46,67
linear_interpolation,45,12,primary_controlled_consecutive_gap,rmse,point-wise RMSE,ug_L,lower,4.2368057380101867,2.3765044804857913,6.4431524529851334,5,5,45,0,45,0,0.5983193952422583,11.754611402468592,0.13777777777777761,0.64000000000000001,12,12,46,67
linear_interpolation,45,13,primary_controlled_consecutive_gap,absolute_integral_error,absolute common-support integral error,ug_day_L,lower,140.55764660519219,68.172575285384625,212.94271792499976,5,5,41,0,41,0,0.65794993224252363,5.6660416237550777,0.1036036036036036,0.504,13,13,47,60
linear_interpolation,45,13,primary_controlled_consecutive_gap,absolute_peak_date_error_days,absolute global-peak date error,days,lower,47.100000000000001,1,126.3,5,5,41,0,41,0,0.65794993224252363,5.6660416237550777,0.1036036036036036,0.504,13,13,47,60
linear_interpolation,45,13,primary_controlled_consecutive_gap,absolute_relative_integral_error,absolute relative common-support integral error,fraction,lower,0.094079089160782531,0.040566265032734958,0.15957555911388849,5,5,41,0,41,0,0.65794993224252363,5.6660416237550777,0.1036036036036036,0.504,13,13,47,60
linear_interpolation,45,13,primary_controlled_consecutive_gap,normalized_absolute_peak_magnitude_error,normalized absolute global-peak magnitude error,fraction_Q95_minus_Q05,lower,0.43819682996201975,0.05959182079414236,0.96112189867810149,5,5,41,0,41,0,0.65794993224252363,5.6660416237550777,0.1036036036036036,0.504,13,13,47,60
linear_interpolation,45,13,primary_controlled_consecutive_gap,nrmse,point-wise nRMSE,fraction_Q95_minus_Q05,lower,0.18724388404330386,0.13721791904625077,0.23438220056832129,5,5,41,0,41,0,0.65794993224252363,5.6660416237550777,0.1036036036036036,0.504,13,13,47,60
linear_interpolation,45,13,primary_controlled_consecutive_gap,peak_timing_success_10d,global-peak timing success <=10 d,fraction,higher,0.59999999999999998,0.20000000000000001,1,5,5,41,0,41,0,0.65794993224252363,5.6660416237550777,0.1036036036036036,0.504,13,13,47,60
linear_interpolation,45,13,primary_controlled_consecutive_gap,peak_timing_success_15d,global-peak timing success <=15 d,fraction,higher,0.59999999999999998,0.20000000000000001,1,5,5,41,0,41,0,0.65794993224252363,5.6660416237550777,0.1036036036036036,0.504,13,13,47,60
linear_interpolation,45,13,primary_controlled_consecutive_gap,peak_timing_success_5d,global-peak timing success <=5 d,fraction,higher,0.59999999999999998,0.20000000000000001,1,5,5,41,0,41,0,0.65794993224252363,5.6660416237550777,0.1036036036036036,0.504,13,13,47,60
linear_interpolation,45,13,primary_controlled_consecutive_gap,pearson_correlation,daily trajectory Pearson correlation,correlation,higher,0.85964093855537871,0.79908456602512989,0.92055150442313249,5,5,41,0,41,0,0.65794993224252363,5.6660416237550777,0.1036036036036036,0.504,13,13,47,60
linear_interpolation,45,13,primary_controlled_consecutive_gap,rmse,point-wise RMSE,ug_L,lower,3.7613962975016562,2.4149979731153772,5.807578984117451,5,5,41,0,41,0,0.65794993224252363,5.6660416237550777,0.1036036036036036,0.504,13,13,47,60
linear_interpolation,45,14,primary_controlled_consecutive_gap,absolute_integral_error,absolute common-support integral error,ug_day_L,lower,112.78948938392855,35.954531999999979,225.12498527678559,4,4,22,0,22,0,0.73564668363731645,2.2995259145625035,0.126126126126126,0.37307692307692292,14,14,50,65
linear_interpolation,45,14,primary_controlled_consecutive_gap,absolute_peak_date_error_days,absolute global-peak date error,days,lower,8.75,0,23.25,4,4,22,0,22,0,0.73564668363731645,2.2995259145625035,0.126126126126126,0.37307692307692292,14,14,50,65
linear_interpolation,45,14,primary_controlled_consecutive_gap,absolute_relative_integral_error,absolute relative common-support integral error,fraction,lower,0.092180342820255612,0.025246780793568728,0.20449461529348462,4,4,22,0,22,0,0.73564668363731645,2.2995259145625035,0.126126126126126,0.37307692307692292,14,14,50,65
linear_interpolation,45,14,primary_controlled_consecutive_gap,normalized_absolute_peak_magnitude_error,normalized absolute global-peak magnitude error,fraction_Q95_minus_Q05,lower,0.17626799041954871,0,0.39419453634964524,4,4,22,0,22,0,0.73564668363731645,2.2995259145625035,0.126126126126126,0.37307692307692292,14,14,50,65
linear_interpolation,45,14,primary_controlled_consecutive_gap,nrmse,point-wise nRMSE,fraction_Q95_minus_Q05,lower,0.17417834887583883,0.12082537308897651,0.2223811682513761,4,4,22,0,22,0,0.73564668363731645,2.2995259145625035,0.126126126126126,0.37307692307692292,14,14,50,65
linear_interpolation,45,14,primary_controlled_consecutive_gap,peak_timing_success_10d,global-peak timing success <=10 d,fraction,higher,0.75,0.25,1,4,4,22,0,22,0,0.73564668363731645,2.2995259145625035,0.126126126126126,0.37307692307692292,14,14,50,65
linear_interpolation,45,14,primary_controlled_consecutive_gap,peak_timing_success_15d,global-peak timing success <=15 d,fraction,higher,0.75,0.25,1,4,4,22,0,22,0,0.73564668363731645,2.2995259145625035,0.126126126126126,0.37307692307692292,14,14,50,65
linear_interpolation,45,14,primary_controlled_consecutive_gap,peak_timing_success_5d,global-peak timing success <=5 d,fraction,higher,0.75,0.25,1,4,4,22,0,22,0,0.73564668363731645,2.2995259145625035,0.126126126126126,0.37307692307692292,14,14,50,65
linear_interpolation,45,14,primary_controlled_consecutive_gap,pearson_correlation,daily trajectory Pearson correlation,correlation,higher,0.88106949619831276,0.82623376745759947,0.93590522493902584,4,4,22,0,22,0,0.73564668363731645,2.2995259145625035,0.126126126126126,0.37307692307692292,14,14,50,65
linear_interpolation,45,14,primary_controlled_consecutive_gap,rmse,point-wise RMSE,ug_L,lower,2.8280645420559103,2.2984033959112282,3.3577256882005924,4,4,22,0,22,0,0.73564668363731645,2.2995259145625035,0.126126126126126,0.37307692307692292,14,14,50,65
timesat_double_logistic,10,1,primary_controlled_consecutive_gap,absolute_integral_error,absolute common-support integral error,ug_day_L,lower,134.94097909400071,47.512786197944514,275.99512943098404,7,7,565,0,565,0,0.0069078347491259001,5.546037846890906,0.0211538461538461,0.97629310344827602,1,1,15,52
timesat_double_logistic,10,1,primary_controlled_consecutive_gap,absolute_peak_date_error_days,absolute global-peak date error,days,lower,59.667893880000847,8.5960774611256117,119.34932657994705,7,7,565,0,565,0,0.0069078347491259001,5.546037846890906,0.0211538461538461,0.97629310344827602,1,1,15,52
timesat_double_logistic,10,1,primary_controlled_consecutive_gap,absolute_relative_integral_error,absolute relative common-support integral error,fraction,lower,0.081024057181551812,0.030081326218681037,0.15482658499263774,7,7,565,0,565,0,0.0069078347491259001,5.546037846890906,0.0211538461538461,0.97629310344827602,1,1,15,52
timesat_double_logistic,10,1,primary_controlled_consecutive_gap,normalized_absolute_peak_magnitude_error,normalized absolute global-peak magnitude error,fraction_Q95_minus_Q05,lower,1.2996520101594016,0.76594570785352578,1.8336081969405247,7,7,565,0,565,0,0.0069078347491259001,5.546037846890906,0.0211538461538461,0.97629310344827602,1,1,15,52
timesat_double_logistic,10,1,primary_controlled_consecutive_gap,nrmse,point-wise nRMSE,fraction_Q95_minus_Q05,lower,0.25214363016831853,0.21883263159163305,0.28585591045432968,7,7,565,0,565,0,0.0069078347491259001,5.546037846890906,0.0211538461538461,0.97629310344827602,1,1,15,52
timesat_double_logistic,10,1,primary_controlled_consecutive_gap,peak_timing_success_10d,global-peak timing success <=10 d,fraction,higher,0.5714285714285714,0.14285714285714285,0.8571428571428571,7,7,565,0,565,0,0.0069078347491259001,5.546037846890906,0.0211538461538461,0.97629310344827602,1,1,15,52
timesat_double_logistic,10,1,primary_controlled_consecutive_gap,peak_timing_success_15d,global-peak timing success <=15 d,fraction,higher,0.66478076379066486,0.32956152758132962,0.95049504950495056,7,7,565,0,565,0,0.0069078347491259001,5.546037846890906,0.0211538461538461,0.97629310344827602,1,1,15,52
timesat_double_logistic,10,1,primary_controlled_consecutive_gap,peak_timing_success_5d,global-peak timing success <=5 d,fraction,higher,0.55462184873949583,0.14285714285714285,0.8571428571428571,7,7,565,0,565,0,0.0069078347491259001,5.546037846890906,0.0211538461538461,0.97629310344827602,1,1,15,52
timesat_double_logistic,10,1,primary_controlled_consecutive_gap,pearson_correlation,daily trajectory Pearson correlation,correlation,higher,0.73889786548266423,0.68971790958903867,0.79447334822371196,7,7,565,0,565,0,0.0069078347491259001,5.546037846890906,0.0211538461538461,0.97629310344827602,1,1,15,52
timesat_double_logistic,10,1,primary_controlled_consecutive_gap,rmse,point-wise RMSE,ug_L,lower,5.3598179641893653,3.8285490452309219,6.9060924325704098,7,7,565,0,565,0,0.0069078347491259001,5.546037846890906,0.0211538461538461,0.97629310344827602,1,1,15,52
timesat_double_logistic,10,2,primary_controlled_consecutive_gap,absolute_integral_error,absolute common-support integral error,ug_day_L,lower,146.09849429539975,71.422780681016235,269.39406188487902,7,7,458,0,458,0,0.015960269380356999,5.8205096687628375,0.021999999999999902,0.97799999999999998,2,2,15,57
timesat_double_logistic,10,2,primary_controlled_consecutive_gap,absolute_peak_date_error_days,absolute global-peak date error,days,lower,57.072731794286106,7.141160806291138,118.68932357119165,7,7,458,0,458,0,0.015960269380356999,5.8205096687628375,0.021999999999999902,0.97799999999999998,2,2,15,57
timesat_double_logistic,10,2,primary_controlled_consecutive_gap,absolute_relative_integral_error,absolute relative common-support integral error,fraction,lower,0.087651597026134453,0.044001281189389653,0.15329009903984744,7,7,458,0,458,0,0.015960269380356999,5.8205096687628375,0.021999999999999902,0.97799999999999998,2,2,15,57
timesat_double_logistic,10,2,primary_controlled_consecutive_gap,normalized_absolute_peak_magnitude_error,normalized absolute global-peak magnitude error,fraction_Q95_minus_Q05,lower,1.3058660461988205,0.77212617639958425,1.8495530544796399,7,7,458,0,458,0,0.015960269380356999,5.8205096687628375,0.021999999999999902,0.97799999999999998,2,2,15,57
timesat_double_logistic,10,2,primary_controlled_consecutive_gap,nrmse,point-wise nRMSE,fraction_Q95_minus_Q05,lower,0.25444659630602195,0.22289696070691586,0.2878967500641893,7,7,458,0,458,0,0.015960269380356999,5.8205096687628375,0.021999999999999902,0.97799999999999998,2,2,15,57
timesat_double_logistic,10,2,primary_controlled_consecutive_gap,peak_timing_success_10d,global-peak timing success <=10 d,fraction,higher,0.57685352622061481,0.2857142857142857,0.86256781193490062,7,7,458,0,458,0,0.015960269380356999,5.8205096687628375,0.021999999999999902,0.97799999999999998,2,2,15,57
timesat_double_logistic,10,2,primary_controlled_consecutive_gap,peak_timing_success_15d,global-peak timing success <=15 d,fraction,higher,0.68173598553345394,0.36347197106690782,0.96745027124773963,7,7,458,0,458,0,0.015960269380356999,5.8205096687628375,0.021999999999999902,0.97799999999999998,2,2,15,57
timesat_double_logistic,10,2,primary_controlled_consecutive_gap,peak_timing_success_5d,global-peak timing success <=5 d,fraction,higher,0.52264808362369342,0.14285714285714285,0.8571428571428571,7,7,458,0,458,0,0.015960269380356999,5.8205096687628375,0.021999999999999902,0.97799999999999998,2,2,15,57
timesat_double_logistic,10,2,primary_controlled_consecutive_gap,pearson_correlation,daily trajectory Pearson correlation,correlation,higher,0.73444539413129561,0.68643709584261625,0.78843775280422523,7,7,458,0,458,0,0.015960269380356999,5.8205096687628375,0.021999999999999902,0.97799999999999998,2,2,15,57
timesat_double_logistic,10,2,primary_controlled_consecutive_gap,rmse,point-wise RMSE,ug_L,lower,5.4019120997664762,3.8917351533126117,6.911030054479995,7,7,458,0,458,0,0.015960269380356999,5.8205096687628375,0.021999999999999902,0.97799999999999998,2,2,15,57
timesat_double_logistic,10,3,primary_controlled_consecutive_gap,absolute_integral_error,absolute common-support integral error,ug_day_L,lower,143.3121427957492,61.131385050629937,277.91013660513784,7,7,268,0,268,0,0.026548343436092501,6.455637488556297,0.02,0.9407894736842104,3,3,15,43
timesat_double_logistic,10,3,primary_controlled_consecutive_gap,absolute_peak_date_error_days,absolute global-peak date error,days,lower,57.203370945751139,6.5058104588258869,120.2639751552795,7,7,268,0,268,0,0.026548343436092501,6.455637488556297,0.02,0.9407894736842104,3,3,15,43
timesat_double_logistic,10,3,primary_controlled_consecutive_gap,absolute_relative_integral_error,absolute relative common-support integral error,fraction,lower,0.084812342949630429,0.038423149350651047,0.15384065481307621,7,7,268,0,268,0,0.026548343436092501,6.455637488556297,0.02,0.9407894736842104,3,3,15,43
timesat_double_logistic,10,3,primary_controlled_consecutive_gap,normalized_absolute_peak_magnitude_error,normalized absolute global-peak magnitude error,fraction_Q95_minus_Q05,lower,1.3029512214814607,0.76053593719097012,1.8469230284034812,7,7,268,0,268,0,0.026548343436092501,6.455637488556297,0.02,0.9407894736842104,3,3,15,43
timesat_double_logistic,10,3,primary_controlled_consecutive_gap,nrmse,point-wise nRMSE,fraction_Q95_minus_Q05,lower,0.25194846994979619,0.21720591045748663,0.28762614219112359,7,7,268,0,268,0,0.026548343436092501,6.455637488556297,0.02,0.9407894736842104,3,3,15,43
timesat_double_logistic,10,3,primary_controlled_consecutive_gap,peak_timing_success_10d,global-peak timing success <=10 d,fraction,higher,0.5931677018633541,0.20807453416149069,0.8788819875776398,7,7,268,0,268,0,0.026548343436092501,6.455637488556297,0.02,0.9407894736842104,3,3,15,43
timesat_double_logistic,10,3,primary_controlled_consecutive_gap,peak_timing_success_15d,global-peak timing success <=15 d,fraction,higher,0.68944099378881984,0.3788819875776398,0.9720496894409939,7,7,268,0,268,0,0.026548343436092501,6.455637488556297,0.02,0.9407894736842104,3,3,15,43
timesat_double_logistic,10,3,primary_controlled_consecutive_gap,peak_timing_success_5d,global-peak timing success <=5 d,fraction,higher,0.50510442606215,0.17561610899619315,0.82949308755760376,7,7,268,0,268,0,0.026548343436092501,6.455637488556297,0.02,0.9407894736842104,3,3,15,43
timesat_double_logistic,10,3,primary_controlled_consecutive_gap,pearson_correlation,daily trajectory Pearson correlation,correlation,higher,0.73699726616521066,0.68876608734336409,0.79125002355423213,7,7,268,0,268,0,0.026548343436092501,6.455637488556297,0.02,0.9407894736842104,3,3,15,43
timesat_double_logistic,10,3,primary_controlled_consecutive_gap,rmse,point-wise RMSE,ug_L,lower,5.3681150822227979,3.8217393540043574,6.8858108103540703,7,7,268,0,268,0,0.026548343436092501,6.455637488556297,0.02,0.9407894736842104,3,3,15,43
timesat_double_logistic,10,4,primary_controlled_consecutive_gap,absolute_integral_error,absolute common-support integral error,ug_day_L,lower,131.83869710842072,44.041491689032114,273.38295590802164,7,7,83,0,83,0,0.060955547200774701,2.1056768559366836,0.032327586206896401,0.85991379310344807,4,4,15,42
timesat_double_logistic,10,4,primary_controlled_consecutive_gap,absolute_peak_date_error_days,absolute global-peak date error,days,lower,65.245734126984118,17.566369047619048,124.47728174603169,7,7,83,0,83,0,0.060955547200774701,2.1056768559366836,0.032327586206896401,0.85991379310344807,4,4,15,42
timesat_double_logistic,10,4,primary_controlled_consecutive_gap,absolute_relative_integral_error,absolute relative common-support integral error,fraction,lower,0.078130084378478001,0.027941061919090345,0.15234954570067266,7,7,83,0,83,0,0.060955547200774701,2.1056768559366836,0.032327586206896401,0.85991379310344807,4,4,15,42
timesat_double_logistic,10,4,primary_controlled_consecutive_gap,normalized_absolute_peak_magnitude_error,normalized absolute global-peak magnitude error,fraction_Q95_minus_Q05,lower,1.3043359584255911,0.76649313933286056,1.851852987142222,7,7,83,0,83,0,0.060955547200774701,2.1056768559366836,0.032327586206896401,0.85991379310344807,4,4,15,42
timesat_double_logistic,10,4,primary_controlled_consecutive_gap,nrmse,point-wise nRMSE,fraction_Q95_minus_Q05,lower,0.25012397396102776,0.21546146044761297,0.28576194128140081,7,7,83,0,83,0,0.060955547200774701,2.1056768559366836,0.032327586206896401,0.85991379310344807,4,4,15,42
timesat_double_logistic,10,4,primary_controlled_consecutive_gap,peak_timing_success_10d,global-peak timing success <=10 d,fraction,higher,0.5714285714285714,0.14285714285714285,0.8571428571428571,7,7,83,0,83,0,0.060955547200774701,2.1056768559366836,0.032327586206896401,0.85991379310344807,4,4,15,42
timesat_double_logistic,10,4,primary_controlled_consecutive_gap,peak_timing_success_15d,global-peak timing success <=15 d,fraction,higher,0.59375,0.20982142857142858,0.8794642857142857,7,7,83,0,83,0,0.060955547200774701,2.1056768559366836,0.032327586206896401,0.85991379310344807,4,4,15,42
timesat_double_logistic,10,4,primary_controlled_consecutive_gap,peak_timing_success_5d,global-peak timing success <=5 d,fraction,higher,0.5714285714285714,0.14285714285714285,0.8571428571428571,7,7,83,0,83,0,0.060955547200774701,2.1056768559366836,0.032327586206896401,0.85991379310344807,4,4,15,42
timesat_double_logistic,10,4,primary_controlled_consecutive_gap,pearson_correlation,daily trajectory Pearson correlation,correlation,higher,0.73952645335846567,0.68915235271932096,0.79507561954912653,7,7,83,0,83,0,0.060955547200774701,2.1056768559366836,0.032327586206896401,0.85991379310344807,4,4,15,42
timesat_double_logistic,10,4,primary_controlled_consecutive_gap,rmse,point-wise RMSE,ug_L,lower,5.3244546874996983,3.7560014664791956,6.8262039916472954,7,7,83,0,83,0,0.060955547200774701,2.1056768559366836,0.032327586206896401,0.85991379310344807,4,4,15,42
timesat_double_logistic,10,5,primary_controlled_consecutive_gap,absolute_integral_error,absolute common-support integral error,ug_day_L,lower,63.645565496701053,63.645565496701053,63.645565496701053,1,1,5,0,5,0,0.218904559900131,0.25618097835921633,0.48199999999999982,0.498,5,5,17,17
timesat_double_logistic,10,5,primary_controlled_consecutive_gap,absolute_peak_date_error_days,absolute global-peak date error,days,lower,207,207,207,1,1,5,0,5,0,0.218904559900131,0.25618097835921633,0.48199999999999982,0.498,5,5,17,17
timesat_double_logistic,10,5,primary_controlled_consecutive_gap,absolute_relative_integral_error,absolute relative common-support integral error,fraction,lower,0.025293285336172144,0.025293285336172144,0.025293285336172144,1,1,5,0,5,0,0.218904559900131,0.25618097835921633,0.48199999999999982,0.498,5,5,17,17
timesat_double_logistic,10,5,primary_controlled_consecutive_gap,normalized_absolute_peak_magnitude_error,normalized absolute global-peak magnitude error,fraction_Q95_minus_Q05,lower,1.6806003317457825,1.6806003317457825,1.6806003317457825,1,1,5,0,5,0,0.218904559900131,0.25618097835921633,0.48199999999999982,0.498,5,5,17,17
timesat_double_logistic,10,5,primary_controlled_consecutive_gap,nrmse,point-wise nRMSE,fraction_Q95_minus_Q05,lower,0.28735990201372502,0.28735990201372502,0.28735990201372502,1,1,5,0,5,0,0.218904559900131,0.25618097835921633,0.48199999999999982,0.498,5,5,17,17
timesat_double_logistic,10,5,primary_controlled_consecutive_gap,peak_timing_success_10d,global-peak timing success <=10 d,fraction,higher,0,0,0,1,1,5,0,5,0,0.218904559900131,0.25618097835921633,0.48199999999999982,0.498,5,5,17,17
timesat_double_logistic,10,5,primary_controlled_consecutive_gap,peak_timing_success_15d,global-peak timing success <=15 d,fraction,higher,0,0,0,1,1,5,0,5,0,0.218904559900131,0.25618097835921633,0.48199999999999982,0.498,5,5,17,17
timesat_double_logistic,10,5,primary_controlled_consecutive_gap,peak_timing_success_5d,global-peak timing success <=5 d,fraction,higher,0,0,0,1,1,5,0,5,0,0.218904559900131,0.25618097835921633,0.48199999999999982,0.498,5,5,17,17
timesat_double_logistic,10,5,primary_controlled_consecutive_gap,pearson_correlation,daily trajectory Pearson correlation,correlation,higher,0.65547354453379314,0.65547354453379314,0.65547354453379314,1,1,5,0,5,0,0.218904559900131,0.25618097835921633,0.48199999999999982,0.498,5,5,17,17
timesat_double_logistic,10,5,primary_controlled_consecutive_gap,rmse,point-wise RMSE,ug_L,lower,8.6148415264425218,8.6148415264425218,8.6148415264425218,1,1,5,0,5,0,0.218904559900131,0.25618097835921633,0.48199999999999982,0.498,5,5,17,17
timesat_double_logistic,20,1,primary_controlled_consecutive_gap,absolute_integral_error,absolute common-support integral error,ug_day_L,lower,131.45253486374494,45.888756384696343,270.23333721845711,7,7,196,0,196,0,0.025285744316099298,3.8536867819629417,0.046666666666666502,0.95961538461538465,1,1,22,52
timesat_double_logistic,20,1,primary_controlled_consecutive_gap,absolute_peak_date_error_days,absolute global-peak date error,days,lower,58.49005681818182,7.5850649350649357,122.15844155844155,7,7,196,0,196,0,0.025285744316099298,3.8536867819629417,0.046666666666666502,0.95961538461538465,1,1,22,52
timesat_double_logistic,20,1,primary_controlled_consecutive_gap,absolute_relative_integral_error,absolute relative common-support integral error,fraction,lower,0.078043633778731053,0.028780266892893758,0.1517259407728459,7,7,196,0,196,0,0.025285744316099298,3.8536867819629417,0.046666666666666502,0.95961538461538465,1,1,22,52
timesat_double_logistic,20,1,primary_controlled_consecutive_gap,normalized_absolute_peak_magnitude_error,normalized absolute global-peak magnitude error,fraction_Q95_minus_Q05,lower,1.2957509868408157,0.74858552558441682,1.8338597130771817,7,7,196,0,196,0,0.025285744316099298,3.8536867819629417,0.046666666666666502,0.95961538461538465,1,1,22,52
timesat_double_logistic,20,1,primary_controlled_consecutive_gap,nrmse,point-wise nRMSE,fraction_Q95_minus_Q05,lower,0.25178752397381654,0.21862629822875723,0.28775675956634217,7,7,196,0,196,0,0.025285744316099298,3.8536867819629417,0.046666666666666502,0.95961538461538465,1,1,22,52
timesat_double_logistic,20,1,primary_controlled_consecutive_gap,peak_timing_success_10d,global-peak timing success <=10 d,fraction,higher,0.5714285714285714,0.14285714285714285,0.8571428571428571,7,7,196,0,196,0,0.025285744316099298,3.8536867819629417,0.046666666666666502,0.95961538461538465,1,1,22,52
timesat_double_logistic,20,1,primary_controlled_consecutive_gap,peak_timing_success_15d,global-peak timing success <=15 d,fraction,higher,0.6785714285714286,0.35625000000000084,0.9642857142857143,7,7,196,0,196,0,0.025285744316099298,3.8536867819629417,0.046666666666666502,0.95961538461538465,1,1,22,52
timesat_double_logistic,20,1,primary_controlled_consecutive_gap,peak_timing_success_5d,global-peak timing success <=5 d,fraction,higher,0.5580357142857143,0.14285714285714285,0.8571428571428571,7,7,196,0,196,0,0.025285744316099298,3.8536867819629417,0.046666666666666502,0.95961538461538465,1,1,22,52
timesat_double_logistic,20,1,primary_controlled_consecutive_gap,pearson_correlation,daily trajectory Pearson correlation,correlation,higher,0.73813567431369065,0.68670247513866056,0.79380245295982399,7,7,196,0,196,0,0.025285744316099298,3.8536867819629417,0.046666666666666502,0.95961538461538465,1,1,22,52
timesat_double_logistic,20,1,primary_controlled_consecutive_gap,rmse,point-wise RMSE,ug_L,lower,5.3503105474174406,3.8055987958252282,6.869617141386164,7,7,196,0,196,0,0.025285744316099298,3.8536867819629417,0.046666666666666502,0.95961538461538465,1,1,22,52
timesat_double_logistic,20,2,primary_controlled_consecutive_gap,absolute_integral_error,absolute common-support integral error,ug_day_L,lower,149.77066083005889,64.397401618593008,281.62003181581332,7,7,324,0,324,0,0.0380392547350724,7.1308836187723568,0.051923076923076801,0.95799999999999996,2,2,22,63
timesat_double_logistic,20,2,primary_controlled_consecutive_gap,absolute_peak_date_error_days,absolute global-peak date error,days,lower,60.934573709560581,9.6996569814366431,119.90971152611988,7,7,324,0,324,0,0.0380392547350724,7.1308836187723568,0.051923076923076801,0.95799999999999996,2,2,22,63
timesat_double_logistic,20,2,primary_controlled_consecutive_gap,absolute_relative_integral_error,absolute relative common-support integral error,fraction,lower,0.092488416622908368,0.042804766789547692,0.1616916008039074,7,7,324,0,324,0,0.0380392547350724,7.1308836187723568,0.051923076923076801,0.95799999999999996,2,2,22,63
timesat_double_logistic,20,2,primary_controlled_consecutive_gap,normalized_absolute_peak_magnitude_error,normalized absolute global-peak magnitude error,fraction_Q95_minus_Q05,lower,1.2989485398188518,0.75748647815008119,1.8357725678111965,7,7,324,0,324,0,0.0380392547350724,7.1308836187723568,0.051923076923076801,0.95799999999999996,2,2,22,63
timesat_double_logistic,20,2,primary_controlled_consecutive_gap,nrmse,point-wise nRMSE,fraction_Q95_minus_Q05,lower,0.2562129568021328,0.22804102251575581,0.28927091079967354,7,7,324,0,324,0,0.0380392547350724,7.1308836187723568,0.051923076923076801,0.95799999999999996,2,2,22,63
timesat_double_logistic,20,2,primary_controlled_consecutive_gap,peak_timing_success_10d,global-peak timing success <=10 d,fraction,higher,0.5714285714285714,0.14285714285714285,0.8571428571428571,7,7,324,0,324,0,0.0380392547350724,7.1308836187723568,0.051923076923076801,0.95799999999999996,2,2,22,63
timesat_double_logistic,20,2,primary_controlled_consecutive_gap,peak_timing_success_15d,global-peak timing success <=15 d,fraction,higher,0.65773809523809512,0.31547619047619041,0.94345238095238104,7,7,324,0,324,0,0.0380392547350724,7.1308836187723568,0.051923076923076801,0.95799999999999996,2,2,22,63
timesat_double_logistic,20,2,primary_controlled_consecutive_gap,peak_timing_success_5d,global-peak timing success <=5 d,fraction,higher,0.51020408163265307,0.14285714285714285,0.8571428571428571,7,7,324,0,324,0,0.0380392547350724,7.1308836187723568,0.051923076923076801,0.95799999999999996,2,2,22,63
timesat_double_logistic,20,2,primary_controlled_consecutive_gap,pearson_correlation,daily trajectory Pearson correlation,correlation,higher,0.73285009709967952,0.68814691680855744,0.78083485073016912,7,7,324,0,324,0,0.0380392547350724,7.1308836187723568,0.051923076923076801,0.95799999999999996,2,2,22,63
timesat_double_logistic,20,2,primary_controlled_consecutive_gap,rmse,point-wise RMSE,ug_L,lower,5.4113108419378522,3.9144537308931144,6.9081679529825886,7,7,324,0,324,0,0.0380392547350724,7.1308836187723568,0.051923076923076801,0.95799999999999996,2,2,22,63
timesat_double_logistic,20,3,primary_controlled_consecutive_gap,absolute_integral_error,absolute common-support integral error,ug_day_L,lower,154.35073894372528,79.8755254445758,270.56772458358233,7,7,362,0,362,0,0.0846403703328686,11.103498311786192,0.0403846153846152,0.95333333333333325,3,3,22,85
timesat_double_logistic,20,3,primary_controlled_consecutive_gap,absolute_peak_date_error_days,absolute global-peak date error,days,lower,58.193726220016551,7.5311071723974949,119.77731278801843,7,7,362,0,362,0,0.0846403703328686,11.103498311786192,0.0403846153846152,0.95333333333333325,3,3,22,85
timesat_double_logistic,20,3,primary_controlled_consecutive_gap,absolute_relative_integral_error,absolute relative common-support integral error,fraction,lower,0.094016316980881739,0.050337138421984062,0.15629047549077751,7,7,362,0,362,0,0.0846403703328686,11.103498311786192,0.0403846153846152,0.95333333333333325,3,3,22,85
timesat_double_logistic,20,3,primary_controlled_consecutive_gap,normalized_absolute_peak_magnitude_error,normalized absolute global-peak magnitude error,fraction_Q95_minus_Q05,lower,1.3008148960428205,0.77099061167534522,1.8518695644523129,7,7,362,0,362,0,0.0846403703328686,11.103498311786192,0.0403846153846152,0.95333333333333325,3,3,22,85
timesat_double_logistic,20,3,primary_controlled_consecutive_gap,nrmse,point-wise nRMSE,fraction_Q95_minus_Q05,lower,0.25760940777644575,0.22742654869940243,0.29011623600296627,7,7,362,0,362,0,0.0846403703328686,11.103498311786192,0.0403846153846152,0.95333333333333325,3,3,22,85
timesat_double_logistic,20,3,primary_controlled_consecutive_gap,peak_timing_success_10d,global-peak timing success <=10 d,fraction,higher,0.586080586080586,0.20146520146520147,0.8717948717948717,7,7,362,0,362,0,0.0846403703328686,11.103498311786192,0.0403846153846152,0.95333333333333325,3,3,22,85
timesat_double_logistic,20,3,primary_controlled_consecutive_gap,peak_timing_success_15d,global-peak timing success <=15 d,fraction,higher,0.67948717948717952,0.35897435897435898,0.96520146520146521,7,7,362,0,362,0,0.0846403703328686,11.103498311786192,0.0403846153846152,0.95333333333333325,3,3,22,85
timesat_double_logistic,20,3,primary_controlled_consecutive_gap,peak_timing_success_5d,global-peak timing success <=5 d,fraction,higher,0.52067824648469807,0.17032967032967034,0.8571428571428571,7,7,362,0,362,0,0.0846403703328686,11.103498311786192,0.0403846153846152,0.95333333333333325,3,3,22,85
timesat_double_logistic,20,3,primary_controlled_consecutive_gap,pearson_correlation,daily trajectory Pearson correlation,correlation,higher,0.72788975835603575,0.68200645866376164,0.77739849534740668,7,7,362,0,362,0,0.0846403703328686,11.103498311786192,0.0403846153846152,0.95333333333333325,3,3,22,85
timesat_double_logistic,20,3,primary_controlled_consecutive_gap,rmse,point-wise RMSE,ug_L,lower,5.4576361089147314,3.9689712152557273,6.9608049306401307,7,7,362,0,362,0,0.0846403703328686,11.103498311786192,0.0403846153846152,0.95333333333333325,3,3,22,85
timesat_double_logistic,20,4,primary_controlled_consecutive_gap,absolute_integral_error,absolute common-support integral error,ug_day_L,lower,177.78430181508739,89.364542462576352,306.13202505693204,7,7,303,0,303,0,0.12464337446452591,10.891083354445644,0.042000000000000003,0.91276595744680844,4,4,22,43
timesat_double_logistic,20,4,primary_controlled_consecutive_gap,absolute_peak_date_error_days,absolute global-peak date error,days,lower,57.676741154127548,8.2775062656641616,120.3731790656766,7,7,303,0,303,0,0.12464337446452591,10.891083354445644,0.042000000000000003,0.91276595744680844,4,4,22,43
timesat_double_logistic,20,4,primary_controlled_consecutive_gap,absolute_relative_integral_error,absolute relative common-support integral error,fraction,lower,0.10373156532893181,0.05907246770143959,0.17028974962261642,7,7,303,0,303,0,0.12464337446452591,10.891083354445644,0.042000000000000003,0.91276595744680844,4,4,22,43
timesat_double_logistic,20,4,primary_controlled_consecutive_gap,normalized_absolute_peak_magnitude_error,normalized absolute global-peak magnitude error,fraction_Q95_minus_Q05,lower,1.2961852817581534,0.76246793715170047,1.8398875862070698,7,7,303,0,303,0,0.12464337446452591,10.891083354445644,0.042000000000000003,0.91276595744680844,4,4,22,43
timesat_double_logistic,20,4,primary_controlled_consecutive_gap,nrmse,point-wise nRMSE,fraction_Q95_minus_Q05,lower,0.25956919710994258,0.22997800823886702,0.29111491529716027,7,7,303,0,303,0,0.12464337446452591,10.891083354445644,0.042000000000000003,0.91276595744680844,4,4,22,43
timesat_double_logistic,20,4,primary_controlled_consecutive_gap,peak_timing_success_10d,global-peak timing success <=10 d,fraction,higher,0.5852607709750568,0.28673469387755102,0.87301587301587291,7,7,303,0,303,0,0.12464337446452591,10.891083354445644,0.042000000000000003,0.91276595744680844,4,4,22,43
timesat_double_logistic,20,4,primary_controlled_consecutive_gap,peak_timing_success_15d,global-peak timing success <=15 d,fraction,higher,0.68129251700680271,0.35748299319727889,0.96190476190476193,7,7,303,0,303,0,0.12464337446452591,10.891083354445644,0.042000000000000003,0.91276595744680844,4,4,22,43
timesat_double_logistic,20,4,primary_controlled_consecutive_gap,peak_timing_success_5d,global-peak timing success <=5 d,fraction,higher,0.5190118152524168,0.15816326530612246,0.82781954887218046,7,7,303,0,303,0,0.12464337446452591,10.891083354445644,0.042000000000000003,0.91276595744680844,4,4,22,43
timesat_double_logistic,20,4,primary_controlled_consecutive_gap,pearson_correlation,daily trajectory Pearson correlation,correlation,higher,0.72610435768229564,0.68123083922204708,0.7767616122688239,7,7,303,0,303,0,0.12464337446452591,10.891083354445644,0.042000000000000003,0.91276595744680844,4,4,22,43
timesat_double_logistic,20,4,primary_controlled_consecutive_gap,rmse,point-wise RMSE,ug_L,lower,5.4971106897028585,3.9952258909258527,6.9839748998977438,7,7,303,0,303,0,0.12464337446452591,10.891083354445644,0.042000000000000003,0.91276595744680844,4,4,22,43
timesat_double_logistic,20,5,primary_controlled_consecutive_gap,absolute_integral_error,absolute common-support integral error,ug_day_L,lower,163.31906050580841,74.969601277857933,289.77776787353361,7,7,174,0,174,0,0.1290261355553127,10.327412925938054,0.042222222222222203,0.875,5,5,22,57
timesat_double_logistic,20,5,primary_controlled_consecutive_gap,absolute_peak_date_error_days,absolute global-peak date error,days,lower,62.062465308704127,14.970738295318124,120.59331797235025,7,7,174,0,174,0,0.1290261355553127,10.327412925938054,0.042222222222222203,0.875,5,5,22,57
timesat_double_logistic,20,5,primary_controlled_consecutive_gap,absolute_relative_integral_error,absolute relative common-support integral error,fraction,lower,0.0923639689968897,0.05076074890213645,0.15827607428268031,7,7,174,0,174,0,0.1290261355553127,10.327412925938054,0.042222222222222203,0.875,5,5,22,57
timesat_double_logistic,20,5,primary_controlled_consecutive_gap,normalized_absolute_peak_magnitude_error,normalized absolute global-peak magnitude error,fraction_Q95_minus_Q05,lower,1.3157387191345564,0.77109849246342321,1.8591264293581691,7,7,174,0,174,0,0.1290261355553127,10.327412925938054,0.042222222222222203,0.875,5,5,22,57
timesat_double_logistic,20,5,primary_controlled_consecutive_gap,nrmse,point-wise nRMSE,fraction_Q95_minus_Q05,lower,0.25940217513534208,0.22315409940484518,0.29518920460276415,7,7,174,0,174,0,0.1290261355553127,10.327412925938054,0.042222222222222203,0.875,5,5,22,57
timesat_double_logistic,20,5,primary_controlled_consecutive_gap,peak_timing_success_10d,global-peak timing success <=10 d,fraction,higher,0.55549155145929341,0.18433179723502305,0.87096774193548387,7,7,174,0,174,0,0.1290261355553127,10.327412925938054,0.042222222222222203,0.875,5,5,22,57
timesat_double_logistic,20,5,primary_controlled_consecutive_gap,peak_timing_success_15d,global-peak timing success <=15 d,fraction,higher,0.64907834101382478,0.33097350230414752,0.90714285714285714,7,7,174,0,174,0,0.1290261355553127,10.327412925938054,0.042222222222222203,0.875,5,5,22,57
timesat_double_logistic,20,5,primary_controlled_consecutive_gap,peak_timing_success_5d,global-peak timing success <=5 d,fraction,higher,0.44519743381223453,0.15668202764976957,0.76470588235294112,7,7,174,0,174,0,0.1290261355553127,10.327412925938054,0.042222222222222203,0.875,5,5,22,57
timesat_double_logistic,20,5,primary_controlled_consecutive_gap,pearson_correlation,daily trajectory Pearson correlation,correlation,higher,0.7210625680159416,0.66777596718271304,0.77975497910536962,7,7,174,0,174,0,0.1290261355553127,10.327412925938054,0.042222222222222203,0.875,5,5,22,57
timesat_double_logistic,20,5,primary_controlled_consecutive_gap,rmse,point-wise RMSE,ug_L,lower,5.5340267269649042,3.9177212062727693,7.1085636535872236,7,7,174,0,174,0,0.1290261355553127,10.327412925938054,0.042222222222222203,0.875,5,5,22,57
timesat_double_logistic,20,6,primary_controlled_consecutive_gap,absolute_integral_error,absolute common-support integral error,ug_day_L,lower,170.21426378997452,74.155392706745246,341.18608215857103,6,6,97,0,97,0,0.1513419879032202,11.128388419283166,0.0472972972972973,0.59777777777777774,6,6,21,50
timesat_double_logistic,20,6,primary_controlled_consecutive_gap,absolute_peak_date_error_days,absolute global-peak date error,days,lower,80.060317460317449,24.322222222222223,147.17281746031745,6,6,97,0,97,0,0.1513419879032202,11.128388419283166,0.0472972972972973,0.59777777777777774,6,6,21,50
timesat_double_logistic,20,6,primary_controlled_consecutive_gap,absolute_relative_integral_error,absolute relative common-support integral error,fraction,lower,0.098924537412016358,0.044474709884140456,0.18882117318647235,6,6,97,0,97,0,0.1513419879032202,11.128388419283166,0.0472972972972973,0.59777777777777774,6,6,21,50
timesat_double_logistic,20,6,primary_controlled_consecutive_gap,normalized_absolute_peak_magnitude_error,normalized absolute global-peak magnitude error,fraction_Q95_minus_Q05,lower,1.0964104808549762,0.64750302163925666,1.4396805519337634,6,6,97,0,97,0,0.1513419879032202,11.128388419283166,0.0472972972972973,0.59777777777777774,6,6,21,50
timesat_double_logistic,20,6,primary_controlled_consecutive_gap,nrmse,point-wise nRMSE,fraction_Q95_minus_Q05,lower,0.2414768455791898,0.2079928473936663,0.27302464952488803,6,6,97,0,97,0,0.1513419879032202,11.128388419283166,0.0472972972972973,0.59777777777777774,6,6,21,50
timesat_double_logistic,20,6,primary_controlled_consecutive_gap,peak_timing_success_10d,global-peak timing success <=10 d,fraction,higher,0.43055555555555558,0.097222222222222224,0.76388888888888895,6,6,97,0,97,0,0.1513419879032202,11.128388419283166,0.0472972972972973,0.59777777777777774,6,6,21,50
timesat_double_logistic,20,6,primary_controlled_consecutive_gap,peak_timing_success_15d,global-peak timing success <=15 d,fraction,higher,0.52380952380952384,0.16666666666666666,0.85714285714285721,6,6,97,0,97,0,0.1513419879032202,11.128388419283166,0.0472972972972973,0.59777777777777774,6,6,21,50
timesat_double_logistic,20,6,primary_controlled_consecutive_gap,peak_timing_success_5d,global-peak timing success <=5 d,fraction,higher,0.33333333333333331,0,0.66666666666666663,6,6,97,0,97,0,0.1513419879032202,11.128388419283166,0.0472972972972973,0.59777777777777774,6,6,21,50
timesat_double_logistic,20,6,primary_controlled_consecutive_gap,pearson_correlation,daily trajectory Pearson correlation,correlation,higher,0.73840387313886302,0.68234769097773096,0.79787135879853333,6,6,97,0,97,0,0.1513419879032202,11.128388419283166,0.0472972972972973,0.59777777777777774,6,6,21,50
timesat_double_logistic,20,6,primary_controlled_consecutive_gap,rmse,point-wise RMSE,ug_L,lower,5.422080086814467,3.5354830834910227,7.3086770901379117,6,6,97,0,97,0,0.1513419879032202,11.128388419283166,0.0472972972972973,0.59777777777777774,6,6,21,50
timesat_double_logistic,20,7,primary_controlled_consecutive_gap,absolute_integral_error,absolute common-support integral error,ug_day_L,lower,93.752823514541731,67.075332041657276,120.43031498742616,5,5,66,0,66,0,0.15597362557212821,3.4210868709859983,0.092342342342342301,0.58444444444444443,7,7,22,42
timesat_double_logistic,20,7,primary_controlled_consecutive_gap,absolute_peak_date_error_days,absolute global-peak date error,days,lower,95.678787878787873,27.333333333333332,164.02424242424243,5,5,66,0,66,0,0.15597362557212821,3.4210868709859983,0.092342342342342301,0.58444444444444443,7,7,22,42
timesat_double_logistic,20,7,primary_controlled_consecutive_gap,absolute_relative_integral_error,absolute relative common-support integral error,fraction,lower,0.059342750523470864,0.040885071912165262,0.077800429134776472,5,5,66,0,66,0,0.15597362557212821,3.4210868709859983,0.092342342342342301,0.58444444444444443,7,7,22,42
timesat_double_logistic,20,7,primary_controlled_consecutive_gap,normalized_absolute_peak_magnitude_error,normalized absolute global-peak magnitude error,fraction_Q95_minus_Q05,lower,1.025993018795925,0.50244589303814513,1.4536090611142094,5,5,66,0,66,0,0.15597362557212821,3.4210868709859983,0.092342342342342301,0.58444444444444443,7,7,22,42
timesat_double_logistic,20,7,primary_controlled_consecutive_gap,nrmse,point-wise nRMSE,fraction_Q95_minus_Q05,lower,0.23110986417181795,0.19801155782300672,0.26782846072227062,5,5,66,0,66,0,0.15597362557212821,3.4210868709859983,0.092342342342342301,0.58444444444444443,7,7,22,42
timesat_double_logistic,20,7,primary_controlled_consecutive_gap,peak_timing_success_10d,global-peak timing success <=10 d,fraction,higher,0.40000000000000002,0,0.80000000000000004,5,5,66,0,66,0,0.15597362557212821,3.4210868709859983,0.092342342342342301,0.58444444444444443,7,7,22,42
timesat_double_logistic,20,7,primary_controlled_consecutive_gap,peak_timing_success_15d,global-peak timing success <=15 d,fraction,higher,0.40000000000000002,0,0.80000000000000004,5,5,66,0,66,0,0.15597362557212821,3.4210868709859983,0.092342342342342301,0.58444444444444443,7,7,22,42
timesat_double_logistic,20,7,primary_controlled_consecutive_gap,peak_timing_success_5d,global-peak timing success <=5 d,fraction,higher,0.40000000000000002,0,0.80000000000000004,5,5,66,0,66,0,0.15597362557212821,3.4210868709859983,0.092342342342342301,0.58444444444444443,7,7,22,42
timesat_double_logistic,20,7,primary_controlled_consecutive_gap,pearson_correlation,daily trajectory Pearson correlation,correlation,higher,0.7341759716355547,0.66393749529344048,0.81030991336967284,5,5,66,0,66,0,0.15597362557212821,3.4210868709859983,0.092342342342342301,0.58444444444444443,7,7,22,42
timesat_double_logistic,20,7,primary_controlled_consecutive_gap,rmse,point-wise RMSE,ug_L,lower,4.8539061478467946,2.9406609056133695,6.8848448156865398,5,5,66,0,66,0,0.15597362557212821,3.4210868709859983,0.092342342342342301,0.58444444444444443,7,7,22,42
timesat_double_logistic,20,8,primary_controlled_consecutive_gap,absolute_integral_error,absolute common-support integral error,ug_day_L,lower,14.415715009214637,14.415715009214637,14.415715009214637,1,1,3,0,3,0,2.6883827862002354,2.7353158752559628,0.56666666666666665,0.5755555555555556,8,8,35,35
timesat_double_logistic,20,8,primary_controlled_consecutive_gap,absolute_peak_date_error_days,absolute global-peak date error,days,lower,1,1,1,1,1,3,0,3,0,2.6883827862002354,2.7353158752559628,0.56666666666666665,0.5755555555555556,8,8,35,35
timesat_double_logistic,20,8,primary_controlled_consecutive_gap,absolute_relative_integral_error,absolute relative common-support integral error,fraction,lower,0.0075192924111311009,0.0075192924111311009,0.0075192924111311009,1,1,3,0,3,0,2.6883827862002354,2.7353158752559628,0.56666666666666665,0.5755555555555556,8,8,35,35
timesat_double_logistic,20,8,primary_controlled_consecutive_gap,normalized_absolute_peak_magnitude_error,normalized absolute global-peak magnitude error,fraction_Q95_minus_Q05,lower,1.2506199329540089,1.2506199329540089,1.2506199329540089,1,1,3,0,3,0,2.6883827862002354,2.7353158752559628,0.56666666666666665,0.5755555555555556,8,8,35,35
timesat_double_logistic,20,8,primary_controlled_consecutive_gap,nrmse,point-wise nRMSE,fraction_Q95_minus_Q05,lower,0.27422962574468202,0.27422962574468202,0.27422962574468202,1,1,3,0,3,0,2.6883827862002354,2.7353158752559628,0.56666666666666665,0.5755555555555556,8,8,35,35
timesat_double_logistic,20,8,primary_controlled_consecutive_gap,peak_timing_success_10d,global-peak timing success <=10 d,fraction,higher,1,1,1,1,1,3,0,3,0,2.6883827862002354,2.7353158752559628,0.56666666666666665,0.5755555555555556,8,8,35,35
timesat_double_logistic,20,8,primary_controlled_consecutive_gap,peak_timing_success_15d,global-peak timing success <=15 d,fraction,higher,1,1,1,1,1,3,0,3,0,2.6883827862002354,2.7353158752559628,0.56666666666666665,0.5755555555555556,8,8,35,35
timesat_double_logistic,20,8,primary_controlled_consecutive_gap,peak_timing_success_5d,global-peak timing success <=5 d,fraction,higher,1,1,1,1,1,3,0,3,0,2.6883827862002354,2.7353158752559628,0.56666666666666665,0.5755555555555556,8,8,35,35
timesat_double_logistic,20,8,primary_controlled_consecutive_gap,pearson_correlation,daily trajectory Pearson correlation,correlation,higher,0.64814446920169211,0.64814446920169211,0.64814446920169211,1,1,3,0,3,0,2.6883827862002354,2.7353158752559628,0.56666666666666665,0.5755555555555556,8,8,35,35
timesat_double_logistic,20,8,primary_controlled_consecutive_gap,rmse,point-wise RMSE,ug_L,lower,5.7729337229495199,5.7729337229495199,5.7729337229495199,1,1,3,0,3,0,2.6883827862002354,2.7353158752559628,0.56666666666666665,0.5755555555555556,8,8,35,35
timesat_double_logistic,30,1,primary_controlled_consecutive_gap,absolute_integral_error,absolute common-support integral error,ug_day_L,lower,42.448186874823321,19.027834743480529,74.187097580082067,3,3,57,0,57,0,0.41109787212373272,4.5948397330260757,0.3716216216216216,0.87612612612612595,1,1,40,52
timesat_double_logistic,30,1,primary_controlled_consecutive_gap,absolute_peak_date_error_days,absolute global-peak date error,days,lower,51.333333333333336,1,151,3,3,57,0,57,0,0.41109787212373272,4.5948397330260757,0.3716216216216216,0.87612612612612595,1,1,40,52
timesat_double_logistic,30,1,primary_controlled_consecutive_gap,absolute_relative_integral_error,absolute relative common-support integral error,fraction,lower,0.033758492948978029,0.0135594987846659,0.069913834631833288,3,3,57,0,57,0,0.41109787212373272,4.5948397330260757,0.3716216216216216,0.87612612612612595,1,1,40,52
timesat_double_logistic,30,1,primary_controlled_consecutive_gap,normalized_absolute_peak_magnitude_error,normalized absolute global-peak magnitude error,fraction_Q95_minus_Q05,lower,1.2869775231828025,0.015328269877333702,2.5656211613784961,3,3,57,0,57,0,0.41109787212373272,4.5948397330260757,0.3716216216216216,0.87612612612612595,1,1,40,52
timesat_double_logistic,30,1,primary_controlled_consecutive_gap,nrmse,point-wise nRMSE,fraction_Q95_minus_Q05,lower,0.25954912652087953,0.18182029864699847,0.33828823506745848,3,3,57,0,57,0,0.41109787212373272,4.5948397330260757,0.3716216216216216,0.87612612612612595,1,1,40,52
timesat_double_logistic,30,1,primary_controlled_consecutive_gap,peak_timing_success_10d,global-peak timing success <=10 d,fraction,higher,0.66666666666666663,0,1,3,3,57,0,57,0,0.41109787212373272,4.5948397330260757,0.3716216216216216,0.87612612612612595,1,1,40,52
timesat_double_logistic,30,1,primary_controlled_consecutive_gap,peak_timing_success_15d,global-peak timing success <=15 d,fraction,higher,0.66666666666666663,0,1,3,3,57,0,57,0,0.41109787212373272,4.5948397330260757,0.3716216216216216,0.87612612612612595,1,1,40,52
timesat_double_logistic,30,1,primary_controlled_consecutive_gap,peak_timing_success_5d,global-peak timing success <=5 d,fraction,higher,0.66666666666666663,0,1,3,3,57,0,57,0,0.41109787212373272,4.5948397330260757,0.3716216216216216,0.87612612612612595,1,1,40,52
timesat_double_logistic,30,1,primary_controlled_consecutive_gap,pearson_correlation,daily trajectory Pearson correlation,correlation,higher,0.72826805077616863,0.65320750786213366,0.85894267860822693,3,3,57,0,57,0,0.41109787212373272,4.5948397330260757,0.3716216216216216,0.87612612612612595,1,1,40,52
timesat_double_logistic,30,1,primary_controlled_consecutive_gap,rmse,point-wise RMSE,ug_L,lower,4.3553621331008463,1.9385952790370655,5.6848712069851528,3,3,57,0,57,0,0.41109787212373272,4.5948397330260757,0.3716216216216216,0.87612612612612595,1,1,40,52
timesat_double_logistic,30,2,primary_controlled_consecutive_gap,absolute_integral_error,absolute common-support integral error,ug_day_L,lower,156.52523662161994,59.588923375673211,296.09991887173038,7,7,144,0,144,0,0.048636719550354902,6.4140349060670978,0.1099137931034482,0.94038461538461515,2,2,32,63
timesat_double_logistic,30,2,primary_controlled_consecutive_gap,absolute_peak_date_error_days,absolute global-peak date error,days,lower,70.875,19.742499999999996,132.94285714285715,7,7,144,0,144,0,0.048636719550354902,6.4140349060670978,0.1099137931034482,0.94038461538461515,2,2,32,63
timesat_double_logistic,30,2,primary_controlled_consecutive_gap,absolute_relative_integral_error,absolute relative common-support integral error,fraction,lower,0.096627128620538155,0.039783792389386306,0.16956982172690446,7,7,144,0,144,0,0.048636719550354902,6.4140349060670978,0.1099137931034482,0.94038461538461515,2,2,32,63
timesat_double_logistic,30,2,primary_controlled_consecutive_gap,normalized_absolute_peak_magnitude_error,normalized absolute global-peak magnitude error,fraction_Q95_minus_Q05,lower,1.2896863947101715,0.76196302096333413,1.8225117431383446,7,7,144,0,144,0,0.048636719550354902,6.4140349060670978,0.1099137931034482,0.94038461538461515,2,2,32,63
timesat_double_logistic,30,2,primary_controlled_consecutive_gap,nrmse,point-wise nRMSE,fraction_Q95_minus_Q05,lower,0.25720140611455111,0.22935837002414386,0.29041875448837984,7,7,144,0,144,0,0.048636719550354902,6.4140349060670978,0.1099137931034482,0.94038461538461515,2,2,32,63
timesat_double_logistic,30,2,primary_controlled_consecutive_gap,peak_timing_success_10d,global-peak timing success <=10 d,fraction,higher,0.5714285714285714,0.14285714285714285,0.8571428571428571,7,7,144,0,144,0,0.048636719550354902,6.4140349060670978,0.1099137931034482,0.94038461538461515,2,2,32,63
timesat_double_logistic,30,2,primary_controlled_consecutive_gap,peak_timing_success_15d,global-peak timing success <=15 d,fraction,higher,0.5714285714285714,0.28214285714286036,0.8571428571428571,7,7,144,0,144,0,0.048636719550354902,6.4140349060670978,0.1099137931034482,0.94038461538461515,2,2,32,63
timesat_double_logistic,30,2,primary_controlled_consecutive_gap,peak_timing_success_5d,global-peak timing success <=5 d,fraction,higher,0.54285714285714282,0.14285714285714285,0.8571428571428571,7,7,144,0,144,0,0.048636719550354902,6.4140349060670978,0.1099137931034482,0.94038461538461515,2,2,32,63
timesat_double_logistic,30,2,primary_controlled_consecutive_gap,pearson_correlation,daily trajectory Pearson correlation,correlation,higher,0.73025851414668375,0.68053507148806569,0.78008345359967923,7,7,144,0,144,0,0.048636719550354902,6.4140349060670978,0.1099137931034482,0.94038461538461515,2,2,32,63
timesat_double_logistic,30,2,primary_controlled_consecutive_gap,rmse,point-wise RMSE,ug_L,lower,5.4200073002244959,3.9742177148844688,6.8969734340596469,7,7,144,0,144,0,0.048636719550354902,6.4140349060670978,0.1099137931034482,0.94038461538461515,2,2,32,63
timesat_double_logistic,30,3,primary_controlled_consecutive_gap,absolute_integral_error,absolute common-support integral error,ug_day_L,lower,163.21647098153781,95.160056876895922,257.39227612948235,7,7,182,0,182,0,0.048669630931768702,7.8843441010498099,0.096982758620689502,0.93799999999999994,3,3,31,85
timesat_double_logistic,30,3,primary_controlled_consecutive_gap,absolute_peak_date_error_days,absolute global-peak date error,days,lower,56.528308032966422,7.5611265657849511,119.21428571428571,7,7,182,0,182,0,0.048669630931768702,7.8843441010498099,0.096982758620689502,0.93799999999999994,3,3,31,85
timesat_double_logistic,30,3,primary_controlled_consecutive_gap,absolute_relative_integral_error,absolute relative common-support integral error,fraction,lower,0.096991273987931795,0.060251951708132419,0.14413447129953869,7,7,182,0,182,0,0.048669630931768702,7.8843441010498099,0.096982758620689502,0.93799999999999994,3,3,31,85
timesat_double_logistic,30,3,primary_controlled_consecutive_gap,normalized_absolute_peak_magnitude_error,normalized absolute global-peak magnitude error,fraction_Q95_minus_Q05,lower,1.285304344863696,0.75567425356426532,1.7982866428634416,7,7,182,0,182,0,0.048669630931768702,7.8843441010498099,0.096982758620689502,0.93799999999999994,3,3,31,85
timesat_double_logistic,30,3,primary_controlled_consecutive_gap,nrmse,point-wise nRMSE,fraction_Q95_minus_Q05,lower,0.25623320256127191,0.22036947303493934,0.2946390453408389,7,7,182,0,182,0,0.048669630931768702,7.8843441010498099,0.096982758620689502,0.93799999999999994,3,3,31,85
timesat_double_logistic,30,3,primary_controlled_consecutive_gap,peak_timing_success_10d,global-peak timing success <=10 d,fraction,higher,0.5714285714285714,0.14285714285714285,0.8571428571428571,7,7,182,0,182,0,0.048669630931768702,7.8843441010498099,0.096982758620689502,0.93799999999999994,3,3,31,85
timesat_double_logistic,30,3,primary_controlled_consecutive_gap,peak_timing_success_15d,global-peak timing success <=15 d,fraction,higher,0.69583485568140291,0.39166971136280598,0.96894409937888193,7,7,182,0,182,0,0.048669630931768702,7.8843441010498099,0.096982758620689502,0.93799999999999994,3,3,31,85
timesat_double_logistic,30,3,primary_controlled_consecutive_gap,peak_timing_success_5d,global-peak timing success <=5 d,fraction,higher,0.51020408163265307,0.14285714285714285,0.8571428571428571,7,7,182,0,182,0,0.048669630931768702,7.8843441010498099,0.096982758620689502,0.93799999999999994,3,3,31,85
timesat_double_logistic,30,3,primary_controlled_consecutive_gap,pearson_correlation,daily trajectory Pearson correlation,correlation,higher,0.72602523048281942,0.67276191731355062,0.78304546359311922,7,7,182,0,182,0,0.048669630931768702,7.8843441010498099,0.096982758620689502,0.93799999999999994,3,3,31,85
timesat_double_logistic,30,3,primary_controlled_consecutive_gap,rmse,point-wise RMSE,ug_L,lower,5.4499377234637452,3.864601353016528,6.9994587676646463,7,7,182,0,182,0,0.048669630931768702,7.8843441010498099,0.096982758620689502,0.93799999999999994,3,3,31,85
timesat_double_logistic,30,4,primary_controlled_consecutive_gap,absolute_integral_error,absolute common-support integral error,ug_day_L,lower,171.63785687553107,103.82045749251252,272.16213937950357,7,7,242,0,242,0,0.13897916177372471,9.7832113301421995,0.068888888888888805,0.93404255319148921,4,4,32,53
timesat_double_logistic,30,4,primary_controlled_consecutive_gap,absolute_peak_date_error_days,absolute global-peak date error,days,lower,57.879638021525565,7.3406287115483586,120.60508241758239,7,7,242,0,242,0,0.13897916177372471,9.7832113301421995,0.068888888888888805,0.93404255319148921,4,4,32,53
timesat_double_logistic,30,4,primary_controlled_consecutive_gap,absolute_relative_integral_error,absolute relative common-support integral error,fraction,lower,0.10655965731637078,0.064095805379006124,0.15776328844453125,7,7,242,0,242,0,0.13897916177372471,9.7832113301421995,0.068888888888888805,0.93404255319148921,4,4,32,53
timesat_double_logistic,30,4,primary_controlled_consecutive_gap,normalized_absolute_peak_magnitude_error,normalized absolute global-peak magnitude error,fraction_Q95_minus_Q05,lower,1.2910738964505719,0.73467593462111902,1.8463706933220951,7,7,242,0,242,0,0.13897916177372471,9.7832113301421995,0.068888888888888805,0.93404255319148921,4,4,32,53
timesat_double_logistic,30,4,primary_controlled_consecutive_gap,nrmse,point-wise nRMSE,fraction_Q95_minus_Q05,lower,0.26434548862334201,0.23697861100723269,0.29696161909750984,7,7,242,0,242,0,0.13897916177372471,9.7832113301421995,0.068888888888888805,0.93404255319148921,4,4,32,53
timesat_double_logistic,30,4,primary_controlled_consecutive_gap,peak_timing_success_10d,global-peak timing success <=10 d,fraction,higher,0.5714285714285714,0.14285714285714285,0.8571428571428571,7,7,242,0,242,0,0.13897916177372471,9.7832113301421995,0.068888888888888805,0.93404255319148921,4,4,32,53
timesat_double_logistic,30,4,primary_controlled_consecutive_gap,peak_timing_success_15d,global-peak timing success <=15 d,fraction,higher,0.68864468864468864,0.37728937728937728,0.97435897435897434,7,7,242,0,242,0,0.13897916177372471,9.7832113301421995,0.068888888888888805,0.93404255319148921,4,4,32,53
timesat_double_logistic,30,4,primary_controlled_consecutive_gap,peak_timing_success_5d,global-peak timing success <=5 d,fraction,higher,0.48496434085728984,0.14285714285714285,0.80788177339901479,7,7,242,0,242,0,0.13897916177372471,9.7832113301421995,0.068888888888888805,0.93404255319148921,4,4,32,53
timesat_double_logistic,30,4,primary_controlled_consecutive_gap,pearson_correlation,daily trajectory Pearson correlation,correlation,higher,0.71982894299243882,0.67730962075298407,0.76543106676641015,7,7,242,0,242,0,0.13897916177372471,9.7832113301421995,0.068888888888888805,0.93404255319148921,4,4,32,53
timesat_double_logistic,30,4,primary_controlled_consecutive_gap,rmse,point-wise RMSE,ug_L,lower,5.5337289462149641,4.1122644950415319,6.9465248423202883,7,7,242,0,242,0,0.13897916177372471,9.7832113301421995,0.068888888888888805,0.93404255319148921,4,4,32,53
timesat_double_logistic,30,5,primary_controlled_consecutive_gap,absolute_integral_error,absolute common-support integral error,ug_day_L,lower,207.07504865735251,121.45544413763635,320.98304349723765,7,7,302,0,302,0,0.18726496888266961,10.53242492318695,0.059615384615384501,0.89148936170212745,5,5,31,57
timesat_double_logistic,30,5,primary_controlled_consecutive_gap,absolute_peak_date_error_days,absolute global-peak date error,days,lower,59.108322608322609,8.6150793650793638,122.89006864006865,7,7,302,0,302,0,0.18726496888266961,10.53242492318695,0.059615384615384501,0.89148936170212745,5,5,31,57
timesat_double_logistic,30,5,primary_controlled_consecutive_gap,absolute_relative_integral_error,absolute relative common-support integral error,fraction,lower,0.12537000657413808,0.076207200818797532,0.18492074011262802,7,7,302,0,302,0,0.18726496888266961,10.53242492318695,0.059615384615384501,0.89148936170212745,5,5,31,57
timesat_double_logistic,30,5,primary_controlled_consecutive_gap,normalized_absolute_peak_magnitude_error,normalized absolute global-peak magnitude error,fraction_Q95_minus_Q05,lower,1.3008960295353709,0.76048808383874245,1.8649538899130624,7,7,302,0,302,0,0.18726496888266961,10.53242492318695,0.059615384615384501,0.89148936170212745,5,5,31,57
timesat_double_logistic,30,5,primary_controlled_consecutive_gap,nrmse,point-wise nRMSE,fraction_Q95_minus_Q05,lower,0.2710466136275273,0.24931933813650442,0.29774953490789391,7,7,302,0,302,0,0.18726496888266961,10.53242492318695,0.059615384615384501,0.89148936170212745,5,5,31,57
timesat_double_logistic,30,5,primary_controlled_consecutive_gap,peak_timing_success_10d,global-peak timing success <=10 d,fraction,higher,0.57882395382395391,0.22023809523809526,0.86453823953823961,7,7,302,0,302,0,0.18726496888266961,10.53242492318695,0.059615384615384501,0.89148936170212745,5,5,31,57
timesat_double_logistic,30,5,primary_controlled_consecutive_gap,peak_timing_success_15d,global-peak timing success <=15 d,fraction,higher,0.67658730158730152,0.31547619047619052,0.96230158730158721,7,7,302,0,302,0,0.18726496888266961,10.53242492318695,0.059615384615384501,0.89148936170212745,5,5,31,57
timesat_double_logistic,30,5,primary_controlled_consecutive_gap,peak_timing_success_5d,global-peak timing success <=5 d,fraction,higher,0.47801999587713873,0.18253968253968253,0.75974025974025972,7,7,302,0,302,0,0.18726496888266961,10.53242492318695,0.059615384615384501,0.89148936170212745,5,5,31,57
timesat_double_logistic,30,5,primary_controlled_consecutive_gap,pearson_correlation,daily trajectory Pearson correlation,correlation,higher,0.70472133514138435,0.66532011592114459,0.74739253347734702,7,7,302,0,302,0,0.18726496888266961,10.53242492318695,0.059615384615384501,0.89148936170212745,5,5,31,57
timesat_double_logistic,30,5,primary_controlled_consecutive_gap,rmse,point-wise RMSE,ug_L,lower,5.6651532470539809,4.2704244345706837,7.1424000809915151,7,7,302,0,302,0,0.18726496888266961,10.53242492318695,0.059615384615384501,0.89148936170212745,5,5,31,57
timesat_double_logistic,30,6,primary_controlled_consecutive_gap,absolute_integral_error,absolute common-support integral error,ug_day_L,lower,230.33772262320625,111.51828855824577,396.17198997455483,7,7,262,0,262,0,0.20461695621391771,15.484027686454541,0.062,0.84893617021276591,6,6,32,52
timesat_double_logistic,30,6,primary_controlled_consecutive_gap,absolute_peak_date_error_days,absolute global-peak date error,days,lower,60.543686205879325,11.165938903033739,121.87039244452596,7,7,262,0,262,0,0.20461695621391771,15.484027686454541,0.062,0.84893617021276591,6,6,32,52
timesat_double_logistic,30,6,primary_controlled_consecutive_gap,absolute_relative_integral_error,absolute relative common-support integral error,fraction,lower,0.132232806226216,0.076762102727586656,0.21752768948250026,7,7,262,0,262,0,0.20461695621391771,15.484027686454541,0.062,0.84893617021276591,6,6,32,52
timesat_double_logistic,30,6,primary_controlled_consecutive_gap,normalized_absolute_peak_magnitude_error,normalized absolute global-peak magnitude error,fraction_Q95_minus_Q05,lower,1.3346313425186478,0.79168498299048407,1.8956850799618683,7,7,262,0,262,0,0.20461695621391771,15.484027686454541,0.062,0.84893617021276591,6,6,32,52
timesat_double_logistic,30,6,primary_controlled_consecutive_gap,nrmse,point-wise nRMSE,fraction_Q95_minus_Q05,lower,0.2747557100911891,0.24358275312432559,0.3068762218287191,7,7,262,0,262,0,0.20461695621391771,15.484027686454541,0.062,0.84893617021276591,6,6,32,52
timesat_double_logistic,30,6,primary_controlled_consecutive_gap,peak_timing_success_10d,global-peak timing success <=10 d,fraction,higher,0.47479292468867246,0.14285714285714285,0.77669590392547938,7,7,262,0,262,0,0.20461695621391771,15.484027686454541,0.062,0.84893617021276591,6,6,32,52
timesat_double_logistic,30,6,primary_controlled_consecutive_gap,peak_timing_success_15d,global-peak timing success <=15 d,fraction,higher,0.65964590964590974,0.31532356532356537,0.94139194139194138,7,7,262,0,262,0,0.20461695621391771,15.484027686454541,0.062,0.84893617021276591,6,6,32,52
timesat_double_logistic,30,6,primary_controlled_consecutive_gap,peak_timing_success_5d,global-peak timing success <=5 d,fraction,higher,0.43159669882990792,0.12324929971988796,0.74657532185806652,7,7,262,0,262,0,0.20461695621391771,15.484027686454541,0.062,0.84893617021276591,6,6,32,52
timesat_double_logistic,30,6,primary_controlled_consecutive_gap,pearson_correlation,daily trajectory Pearson correlation,correlation,higher,0.69722436895720108,0.64979181701724176,0.74950915192770751,7,7,262,0,262,0,0.20461695621391771,15.484027686454541,0.062,0.84893617021276591,6,6,32,52
timesat_double_logistic,30,6,primary_controlled_consecutive_gap,rmse,point-wise RMSE,ug_L,lower,5.8464805829475353,4.1909549629986422,7.5289430353270683,7,7,262,0,262,0,0.20461695621391771,15.484027686454541,0.062,0.84893617021276591,6,6,32,52
timesat_double_logistic,30,7,primary_controlled_consecutive_gap,absolute_integral_error,absolute common-support integral error,ug_day_L,lower,153.35371930541911,89.670946463762888,224.08745210341939,7,7,93,0,93,0,0.2190015602445356,10.492798556141418,0.1044444444444444,0.79777777777777781,7,7,32,55
timesat_double_logistic,30,7,primary_controlled_consecutive_gap,absolute_peak_date_error_days,absolute global-peak date error,days,lower,66.465079365079362,15.550793650793652,127.91428571428571,7,7,93,0,93,0,0.2190015602445356,10.492798556141418,0.1044444444444444,0.79777777777777781,7,7,32,55
timesat_double_logistic,30,7,primary_controlled_consecutive_gap,absolute_relative_integral_error,absolute relative common-support integral error,fraction,lower,0.10137278342928932,0.054833777091537694,0.15119275238106286,7,7,93,0,93,0,0.2190015602445356,10.492798556141418,0.1044444444444444,0.79777777777777781,7,7,32,55
timesat_double_logistic,30,7,primary_controlled_consecutive_gap,normalized_absolute_peak_magnitude_error,normalized absolute global-peak magnitude error,fraction_Q95_minus_Q05,lower,1.305871621046256,0.76842081646251359,1.8554890695920871,7,7,93,0,93,0,0.2190015602445356,10.492798556141418,0.1044444444444444,0.79777777777777781,7,7,32,55
timesat_double_logistic,30,7,primary_controlled_consecutive_gap,nrmse,point-wise nRMSE,fraction_Q95_minus_Q05,lower,0.26633607789827501,0.24208624573864357,0.29421022276955799,7,7,93,0,93,0,0.2190015602445356,10.492798556141418,0.1044444444444444,0.79777777777777781,7,7,32,55
timesat_double_logistic,30,7,primary_controlled_consecutive_gap,peak_timing_success_10d,global-peak timing success <=10 d,fraction,higher,0.54761904761904767,0.14285714285714285,0.8571428571428571,7,7,93,0,93,0,0.2190015602445356,10.492798556141418,0.1044444444444444,0.79777777777777781,7,7,32,55
timesat_double_logistic,30,7,primary_controlled_consecutive_gap,peak_timing_success_15d,global-peak timing success <=15 d,fraction,higher,0.59523809523809512,0.2857142857142857,0.90476190476190477,7,7,93,0,93,0,0.2190015602445356,10.492798556141418,0.1044444444444444,0.79777777777777781,7,7,32,55
timesat_double_logistic,30,7,primary_controlled_consecutive_gap,peak_timing_success_5d,global-peak timing success <=5 d,fraction,higher,0.40476190476190477,0.11904761904761905,0.7857142857142857,7,7,93,0,93,0,0.2190015602445356,10.492798556141418,0.1044444444444444,0.79777777777777781,7,7,32,55
timesat_double_logistic,30,7,primary_controlled_consecutive_gap,pearson_correlation,daily trajectory Pearson correlation,correlation,higher,0.70292574290885823,0.67239681987052735,0.73248738233914079,7,7,93,0,93,0,0.2190015602445356,10.492798556141418,0.1044444444444444,0.79777777777777781,7,7,32,55
timesat_double_logistic,30,7,primary_controlled_consecutive_gap,rmse,point-wise RMSE,ug_L,lower,5.5272675422430533,4.2174223747368602,6.8675598234254034,7,7,93,0,93,0,0.2190015602445356,10.492798556141418,0.1044444444444444,0.79777777777777781,7,7,32,55
timesat_double_logistic,30,8,primary_controlled_consecutive_gap,absolute_integral_error,absolute common-support integral error,ug_day_L,lower,125.95697042560126,81.893267327863313,172.44773025815118,6,6,83,0,83,0,0.22815988712202001,7.3850596293587074,0.1133333333333333,0.62888888888888894,8,8,32,55
timesat_double_logistic,30,8,primary_controlled_consecutive_gap,absolute_peak_date_error_days,absolute global-peak date error,days,lower,72.12261904761904,18.472619047619052,138.72261904761905,6,6,83,0,83,0,0.22815988712202001,7.3850596293587074,0.1133333333333333,0.62888888888888894,8,8,32,55
timesat_double_logistic,30,8,primary_controlled_consecutive_gap,absolute_relative_integral_error,absolute relative common-support integral error,fraction,lower,0.073260295581263804,0.053502172852033271,0.096093796571345549,6,6,83,0,83,0,0.22815988712202001,7.3850596293587074,0.1133333333333333,0.62888888888888894,8,8,32,55
timesat_double_logistic,30,8,primary_controlled_consecutive_gap,normalized_absolute_peak_magnitude_error,normalized absolute global-peak magnitude error,fraction_Q95_minus_Q05,lower,1.0548841280518981,0.60257544884731784,1.4153750686328221,6,6,83,0,83,0,0.22815988712202001,7.3850596293587074,0.1133333333333333,0.62888888888888894,8,8,32,55
timesat_double_logistic,30,8,primary_controlled_consecutive_gap,nrmse,point-wise nRMSE,fraction_Q95_minus_Q05,lower,0.24269404039386469,0.20978437950545586,0.27334794688023117,6,6,83,0,83,0,0.22815988712202001,7.3850596293587074,0.1133333333333333,0.62888888888888894,8,8,32,55
timesat_double_logistic,30,8,primary_controlled_consecutive_gap,peak_timing_success_10d,global-peak timing success <=10 d,fraction,higher,0.36309523809523814,0.029761904761904764,0.69642857142857151,6,6,83,0,83,0,0.22815988712202001,7.3850596293587074,0.1133333333333333,0.62888888888888894,8,8,32,55
timesat_double_logistic,30,8,primary_controlled_consecutive_gap,peak_timing_success_15d,global-peak timing success <=15 d,fraction,higher,0.57063492063492072,0.21190476190476193,0.8928571428571429,6,6,83,0,83,0,0.22815988712202001,7.3850596293587074,0.1133333333333333,0.62888888888888894,8,8,32,55
timesat_double_logistic,30,8,primary_controlled_consecutive_gap,peak_timing_success_5d,global-peak timing success <=5 d,fraction,higher,0.36309523809523814,0.029761904761904764,0.69642857142857151,6,6,83,0,83,0,0.22815988712202001,7.3850596293587074,0.1133333333333333,0.62888888888888894,8,8,32,55
timesat_double_logistic,30,8,primary_controlled_consecutive_gap,pearson_correlation,daily trajectory Pearson correlation,correlation,higher,0.72610164624431917,0.66621184377839315,0.78921943146814255,6,6,83,0,83,0,0.22815988712202001,7.3850596293587074,0.1133333333333333,0.62888888888888894,8,8,32,55
timesat_double_logistic,30,8,primary_controlled_consecutive_gap,rmse,point-wise RMSE,ug_L,lower,5.4447177736274126,3.5809003746171264,7.3255905889992858,6,6,83,0,83,0,0.22815988712202001,7.3850596293587074,0.1133333333333333,0.62888888888888894,8,8,32,55
timesat_double_logistic,30,9,primary_controlled_consecutive_gap,absolute_integral_error,absolute common-support integral error,ug_day_L,lower,91.050086147231752,55.73169840621442,141.58902287465926,5,5,80,0,80,0,0.33596505568063523,5.3241288406661047,0.069819819819819801,0.59777777777777774,9,9,32,48
timesat_double_logistic,30,9,primary_controlled_consecutive_gap,absolute_peak_date_error_days,absolute global-peak date error,days,lower,83.794117647058826,17.894117647058824,150.09999999999999,5,5,80,0,80,0,0.33596505568063523,5.3241288406661047,0.069819819819819801,0.59777777777777774,9,9,32,48
timesat_double_logistic,30,9,primary_controlled_consecutive_gap,absolute_relative_integral_error,absolute relative common-support integral error,fraction,lower,0.054652457500795205,0.035569426775163782,0.074063185354447947,5,5,80,0,80,0,0.33596505568063523,5.3241288406661047,0.069819819819819801,0.59777777777777774,9,9,32,48
timesat_double_logistic,30,9,primary_controlled_consecutive_gap,normalized_absolute_peak_magnitude_error,normalized absolute global-peak magnitude error,fraction_Q95_minus_Q05,lower,1.0332576832053753,0.5293066608090824,1.4564970512375579,5,5,80,0,80,0,0.33596505568063523,5.3241288406661047,0.069819819819819801,0.59777777777777774,9,9,32,48
timesat_double_logistic,30,9,primary_controlled_consecutive_gap,nrmse,point-wise nRMSE,fraction_Q95_minus_Q05,lower,0.23481047697745133,0.19947203967651778,0.27454828450335905,5,5,80,0,80,0,0.33596505568063523,5.3241288406661047,0.069819819819819801,0.59777777777777774,9,9,32,48
timesat_double_logistic,30,9,primary_controlled_consecutive_gap,peak_timing_success_10d,global-peak timing success <=10 d,fraction,higher,0.49411764705882355,0.094117647058823528,0.89411764705882357,5,5,80,0,80,0,0.33596505568063523,5.3241288406661047,0.069819819819819801,0.59777777777777774,9,9,32,48
timesat_double_logistic,30,9,primary_controlled_consecutive_gap,peak_timing_success_15d,global-peak timing success <=15 d,fraction,higher,0.49411764705882355,0.094117647058823528,0.89411764705882357,5,5,80,0,80,0,0.33596505568063523,5.3241288406661047,0.069819819819819801,0.59777777777777774,9,9,32,48
timesat_double_logistic,30,9,primary_controlled_consecutive_gap,peak_timing_success_5d,global-peak timing success <=5 d,fraction,higher,0.49411764705882355,0.094117647058823528,0.89411764705882357,5,5,80,0,80,0,0.33596505568063523,5.3241288406661047,0.069819819819819801,0.59777777777777774,9,9,32,48
timesat_double_logistic,30,9,primary_controlled_consecutive_gap,pearson_correlation,daily trajectory Pearson correlation,correlation,higher,0.72487429423722571,0.64815713402821806,0.80442687061002438,5,5,80,0,80,0,0.33596505568063523,5.3241288406661047,0.069819819819819801,0.59777777777777774,9,9,32,48
timesat_double_logistic,30,9,primary_controlled_consecutive_gap,rmse,point-wise RMSE,ug_L,lower,4.9395348466478017,2.9937949774526946,7.0425863346910607,5,5,80,0,80,0,0.33596505568063523,5.3241288406661047,0.069819819819819801,0.59777777777777774,9,9,32,48
timesat_double_logistic,30,10,primary_controlled_consecutive_gap,absolute_integral_error,absolute common-support integral error,ug_day_L,lower,91.909615921851014,26.40910269295955,197.21571271668608,3,3,22,0,22,0,0.34108523806277202,1.8946891752103392,0.092342342342342301,0.30888888888888882,10,10,32,50
timesat_double_logistic,30,10,primary_controlled_consecutive_gap,absolute_peak_date_error_days,absolute global-peak date error,days,lower,51.766666666666673,2,151,3,3,22,0,22,0,0.34108523806277202,1.8946891752103392,0.092342342342342301,0.30888888888888882,10,10,32,50
timesat_double_logistic,30,10,primary_controlled_consecutive_gap,absolute_relative_integral_error,absolute relative common-support integral error,fraction,lower,0.079239769979802047,0.013775089569752421,0.18585585870629098,3,3,22,0,22,0,0.34108523806277202,1.8946891752103392,0.092342342342342301,0.30888888888888882,10,10,32,50
timesat_double_logistic,30,10,primary_controlled_consecutive_gap,normalized_absolute_peak_magnitude_error,normalized absolute global-peak magnitude error,fraction_Q95_minus_Q05,lower,0.84887978614737813,0.11451520434318151,1.2610491995032131,3,3,22,0,22,0,0.34108523806277202,1.8946891752103392,0.092342342342342301,0.30888888888888882,10,10,32,50
timesat_double_logistic,30,10,primary_controlled_consecutive_gap,nrmse,point-wise nRMSE,fraction_Q95_minus_Q05,lower,0.22575180545422735,0.20638653066369708,0.24931346076777006,3,3,22,0,22,0,0.34108523806277202,1.8946891752103392,0.092342342342342301,0.30888888888888882,10,10,32,50
timesat_double_logistic,30,10,primary_controlled_consecutive_gap,peak_timing_success_10d,global-peak timing success <=10 d,fraction,higher,0.66666666666666663,0,1,3,3,22,0,22,0,0.34108523806277202,1.8946891752103392,0.092342342342342301,0.30888888888888882,10,10,32,50
timesat_double_logistic,30,10,primary_controlled_consecutive_gap,peak_timing_success_15d,global-peak timing success <=15 d,fraction,higher,0.66666666666666663,0,1,3,3,22,0,22,0,0.34108523806277202,1.8946891752103392,0.092342342342342301,0.30888888888888882,10,10,32,50
timesat_double_logistic,30,10,primary_controlled_consecutive_gap,peak_timing_success_5d,global-peak timing success <=5 d,fraction,higher,0.66666666666666663,0,1,3,3,22,0,22,0,0.34108523806277202,1.8946891752103392,0.092342342342342301,0.30888888888888882,10,10,32,50
timesat_double_logistic,30,10,primary_controlled_consecutive_gap,pearson_correlation,daily trajectory Pearson correlation,correlation,higher,0.76580965053688432,0.66821460198966209,0.83848765873987274,3,3,22,0,22,0,0.34108523806277202,1.8946891752103392,0.092342342342342301,0.30888888888888882,10,10,32,50
timesat_double_logistic,30,10,primary_controlled_consecutive_gap,rmse,point-wise RMSE,ug_L,lower,3.688047315369301,2.2005241272772857,5.2484120975008208,3,3,22,0,22,0,0.34108523806277202,1.8946891752103392,0.092342342342342301,0.30888888888888882,10,10,32,50
timesat_double_logistic,30,11,primary_controlled_consecutive_gap,absolute_integral_error,absolute common-support integral error,ug_day_L,lower,25.306404399931761,19.184080034253839,31.428728765609684,2,2,8,0,8,0,0.36054362256212902,0.80968796509543584,0.17999999999999991,0.28666666666666663,11,11,35,37
timesat_double_logistic,30,11,primary_controlled_consecutive_gap,absolute_peak_date_error_days,absolute global-peak date error,days,lower,76.700000000000003,2.3999999999999999,151,2,2,8,0,8,0,0.36054362256212902,0.80968796509543584,0.17999999999999991,0.28666666666666663,11,11,35,37
timesat_double_logistic,30,11,primary_controlled_consecutive_gap,absolute_relative_integral_error,absolute relative common-support integral error,fraction,lower,0.01649054004521457,0.0100064899537687,0.02297459013666044,2,2,8,0,8,0,0.36054362256212902,0.80968796509543584,0.17999999999999991,0.28666666666666663,11,11,35,37
timesat_double_logistic,30,11,primary_controlled_consecutive_gap,normalized_absolute_peak_magnitude_error,normalized absolute global-peak magnitude error,fraction_Q95_minus_Q05,lower,1.2174579508465753,1.186130248874846,1.2487856528183048,2,2,8,0,8,0,0.36054362256212902,0.80968796509543584,0.17999999999999991,0.28666666666666663,11,11,35,37
timesat_double_logistic,30,11,primary_controlled_consecutive_gap,nrmse,point-wise nRMSE,fraction_Q95_minus_Q05,lower,0.23455321244989877,0.22060293890722291,0.24850348599257463,2,2,8,0,8,0,0.36054362256212902,0.80968796509543584,0.17999999999999991,0.28666666666666663,11,11,35,37
timesat_double_logistic,30,11,primary_controlled_consecutive_gap,peak_timing_success_10d,global-peak timing success <=10 d,fraction,higher,0.5,0,1,2,2,8,0,8,0,0.36054362256212902,0.80968796509543584,0.17999999999999991,0.28666666666666663,11,11,35,37
timesat_double_logistic,30,11,primary_controlled_consecutive_gap,peak_timing_success_15d,global-peak timing success <=15 d,fraction,higher,0.5,0,1,2,2,8,0,8,0,0.36054362256212902,0.80968796509543584,0.17999999999999991,0.28666666666666663,11,11,35,37
timesat_double_logistic,30,11,primary_controlled_consecutive_gap,peak_timing_success_5d,global-peak timing success <=5 d,fraction,higher,0.5,0,1,2,2,8,0,8,0,0.36054362256212902,0.80968796509543584,0.17999999999999991,0.28666666666666663,11,11,35,37
timesat_double_logistic,30,11,primary_controlled_consecutive_gap,pearson_correlation,daily trajectory Pearson correlation,correlation,higher,0.72907241283974478,0.66948667847617971,0.78865814720330984,2,2,8,0,8,0,0.36054362256212902,0.80968796509543584,0.17999999999999991,0.28666666666666663,11,11,35,37
timesat_double_logistic,30,11,primary_controlled_consecutive_gap,rmse,point-wise RMSE,ug_L,lower,4.4155122922588719,3.5996636377879838,5.2313609467297599,2,2,8,0,8,0,0.36054362256212902,0.80968796509543584,0.17999999999999991,0.28666666666666663,11,11,35,37
timesat_double_logistic,45,1,primary_controlled_consecutive_gap,absolute_integral_error,absolute common-support integral error,ug_day_L,lower,75.527288606273487,75.527288606273487,75.527288606273487,1,1,7,0,7,0,1.1040128032715055,1.1440300609542171,0.86936936936936915,0.89639639639639634,1,1,52,52
timesat_double_logistic,45,1,primary_controlled_consecutive_gap,absolute_peak_date_error_days,absolute global-peak date error,days,lower,2,2,2,1,1,7,0,7,0,1.1040128032715055,1.1440300609542171,0.86936936936936915,0.89639639639639634,1,1,52,52
timesat_double_logistic,45,1,primary_controlled_consecutive_gap,absolute_relative_integral_error,absolute relative common-support integral error,fraction,lower,0.071176829099018998,0.071176829099018998,0.071176829099018998,1,1,7,0,7,0,1.1040128032715055,1.1440300609542171,0.86936936936936915,0.89639639639639634,1,1,52,52
timesat_double_logistic,45,1,primary_controlled_consecutive_gap,normalized_absolute_peak_magnitude_error,normalized absolute global-peak magnitude error,fraction_Q95_minus_Q05,lower,0.014355672217810502,0.014355672217810502,0.014355672217810502,1,1,7,0,7,0,1.1040128032715055,1.1440300609542171,0.86936936936936915,0.89639639639639634,1,1,52,52
timesat_double_logistic,45,1,primary_controlled_consecutive_gap,nrmse,point-wise nRMSE,fraction_Q95_minus_Q05,lower,0.17834120946511497,0.17834120946511497,0.17834120946511497,1,1,7,0,7,0,1.1040128032715055,1.1440300609542171,0.86936936936936915,0.89639639639639634,1,1,52,52
timesat_double_logistic,45,1,primary_controlled_consecutive_gap,peak_timing_success_10d,global-peak timing success <=10 d,fraction,higher,1,1,1,1,1,7,0,7,0,1.1040128032715055,1.1440300609542171,0.86936936936936915,0.89639639639639634,1,1,52,52
timesat_double_logistic,45,1,primary_controlled_consecutive_gap,peak_timing_success_15d,global-peak timing success <=15 d,fraction,higher,1,1,1,1,1,7,0,7,0,1.1040128032715055,1.1440300609542171,0.86936936936936915,0.89639639639639634,1,1,52,52
timesat_double_logistic,45,1,primary_controlled_consecutive_gap,peak_timing_success_5d,global-peak timing success <=5 d,fraction,higher,1,1,1,1,1,7,0,7,0,1.1040128032715055,1.1440300609542171,0.86936936936936915,0.89639639639639634,1,1,52,52
timesat_double_logistic,45,1,primary_controlled_consecutive_gap,pearson_correlation,daily trajectory Pearson correlation,correlation,higher,0.86152434948212619,0.86152434948212619,0.86152434948212619,1,1,7,0,7,0,1.1040128032715055,1.1440300609542171,0.86936936936936915,0.89639639639639634,1,1,52,52
timesat_double_logistic,45,1,primary_controlled_consecutive_gap,rmse,point-wise RMSE,ug_L,lower,1.9015007086643547,1.9015007086643547,1.9015007086643547,1,1,7,0,7,0,1.1040128032715055,1.1440300609542171,0.86936936936936915,0.89639639639639634,1,1,52,52
timesat_double_logistic,45,2,primary_controlled_consecutive_gap,absolute_integral_error,absolute common-support integral error,ug_day_L,lower,175.35235536882922,174.85204596872205,175.85266476893639,2,2,44,0,44,0,0.66840122577727257,6.1399277457166495,0.40540540540540532,0.86486486486486491,2,2,47,63
timesat_double_logistic,45,2,primary_controlled_consecutive_gap,absolute_peak_date_error_days,absolute global-peak date error,days,lower,76.5,2,151,2,2,44,0,44,0,0.66840122577727257,6.1399277457166495,0.40540540540540532,0.86486486486486491,2,2,47,63
timesat_double_logistic,45,2,primary_controlled_consecutive_gap,absolute_relative_integral_error,absolute relative common-support integral error,fraction,lower,0.12825289581833144,0.091725426510516656,0.16478036512614619,2,2,44,0,44,0,0.66840122577727257,6.1399277457166495,0.40540540540540532,0.86486486486486491,2,2,47,63
timesat_double_logistic,45,2,primary_controlled_consecutive_gap,normalized_absolute_peak_magnitude_error,normalized absolute global-peak magnitude error,fraction_Q95_minus_Q05,lower,0.64330522740947593,0.012062226504652659,1.2745482283142993,2,2,44,0,44,0,0.66840122577727257,6.1399277457166495,0.40540540540540532,0.86486486486486491,2,2,47,63
timesat_double_logistic,45,2,primary_controlled_consecutive_gap,nrmse,point-wise nRMSE,fraction_Q95_minus_Q05,lower,0.25563907699693778,0.23175099653673153,0.27952715745714407,2,2,44,0,44,0,0.66840122577727257,6.1399277457166495,0.40540540540540532,0.86486486486486491,2,2,47,63
timesat_double_logistic,45,2,primary_controlled_consecutive_gap,peak_timing_success_10d,global-peak timing success <=10 d,fraction,higher,0.5,0,1,2,2,44,0,44,0,0.66840122577727257,6.1399277457166495,0.40540540540540532,0.86486486486486491,2,2,47,63
timesat_double_logistic,45,2,primary_controlled_consecutive_gap,peak_timing_success_15d,global-peak timing success <=15 d,fraction,higher,0.5,0,1,2,2,44,0,44,0,0.66840122577727257,6.1399277457166495,0.40540540540540532,0.86486486486486491,2,2,47,63
timesat_double_logistic,45,2,primary_controlled_consecutive_gap,peak_timing_success_5d,global-peak timing success <=5 d,fraction,higher,0.5,0,1,2,2,44,0,44,0,0.66840122577727257,6.1399277457166495,0.40540540540540532,0.86486486486486491,2,2,47,63
timesat_double_logistic,45,2,primary_controlled_consecutive_gap,pearson_correlation,daily trajectory Pearson correlation,correlation,higher,0.70013371787980405,0.60385533952306492,0.79641209623654319,2,2,44,0,44,0,0.66840122577727257,6.1399277457166495,0.40540540540540532,0.86486486486486491,2,2,47,63
timesat_double_logistic,45,2,primary_controlled_consecutive_gap,rmse,point-wise RMSE,ug_L,lower,4.1777091795723127,2.4709638645490122,5.8844544945956141,2,2,44,0,44,0,0.66840122577727257,6.1399277457166495,0.40540540540540532,0.86486486486486491,2,2,47,63
timesat_double_logistic,45,3,primary_controlled_consecutive_gap,absolute_integral_error,absolute common-support integral error,ug_day_L,lower,215.33758864738616,124.7341633540597,295.81523981004875,3,3,102,0,102,0,0.59362593348043013,6.9181725594717927,0.33783783783783772,0.89777777777777756,3,3,47,85
timesat_double_logistic,45,3,primary_controlled_consecutive_gap,absolute_peak_date_error_days,absolute global-peak date error,days,lower,49.329581529581532,3.7333333333333329,118.61904761904763,3,3,102,0,102,0,0.59362593348043013,6.9181725594717927,0.33783783783783772,0.89777777777777756,3,3,47,85
timesat_double_logistic,45,3,primary_controlled_consecutive_gap,absolute_relative_integral_error,absolute relative common-support integral error,fraction,lower,0.15188735742575174,0.088887293757120303,0.21247641132996331,3,3,102,0,102,0,0.59362593348043013,6.9181725594717927,0.33783783783783772,0.89777777777777756,3,3,47,85
timesat_double_logistic,45,3,primary_controlled_consecutive_gap,normalized_absolute_peak_magnitude_error,normalized absolute global-peak magnitude error,fraction_Q95_minus_Q05,lower,1.2801461635158058,0.19694070375033348,2.4163425182829195,3,3,102,0,102,0,0.59362593348043013,6.9181725594717927,0.33783783783783772,0.89777777777777756,3,3,47,85
timesat_double_logistic,45,3,primary_controlled_consecutive_gap,nrmse,point-wise nRMSE,fraction_Q95_minus_Q05,lower,0.31670400925679204,0.30092069535309585,0.34330702342636926,3,3,102,0,102,0,0.59362593348043013,6.9181725594717927,0.33783783783783772,0.89777777777777756,3,3,47,85
timesat_double_logistic,45,3,primary_controlled_consecutive_gap,peak_timing_success_10d,global-peak timing success <=10 d,fraction,higher,0.60101010101010099,0,1,3,3,102,0,102,0,0.59362593348043013,6.9181725594717927,0.33783783783783772,0.89777777777777756,3,3,47,85
timesat_double_logistic,45,3,primary_controlled_consecutive_gap,peak_timing_success_15d,global-peak timing success <=15 d,fraction,higher,0.6803751803751803,0.23809523809523805,1,3,3,102,0,102,0,0.59362593348043013,6.9181725594717927,0.33783783783783772,0.89777777777777756,3,3,47,85
timesat_double_logistic,45,3,primary_controlled_consecutive_gap,peak_timing_success_5d,global-peak timing success <=5 d,fraction,higher,0.60101010101010099,0,1,3,3,102,0,102,0,0.59362593348043013,6.9181725594717927,0.33783783783783772,0.89777777777777756,3,3,47,85
timesat_double_logistic,45,3,primary_controlled_consecutive_gap,pearson_correlation,daily trajectory Pearson correlation,correlation,higher,0.67513881033663159,0.55516794011988913,0.80949109558198051,3,3,102,0,102,0,0.59362593348043013,6.9181725594717927,0.33783783783783772,0.89777777777777756,3,3,47,85
timesat_double_logistic,45,3,primary_controlled_consecutive_gap,rmse,point-wise RMSE,ug_L,lower,5.1218050172923348,3.2613843545190129,6.3348196804771888,3,3,102,0,102,0,0.59362593348043013,6.9181725594717927,0.33783783783783772,0.89777777777777756,3,3,47,85
timesat_double_logistic,45,4,primary_controlled_consecutive_gap,absolute_integral_error,absolute common-support integral error,ug_day_L,lower,136.61849502763113,51.547026909593647,235.63407562362758,5,5,58,0,58,0,0.30263450706523343,8.9553041791891186,0.15086206896551721,0.78666666666666663,4,4,50,92
timesat_double_logistic,45,4,primary_controlled_consecutive_gap,absolute_peak_date_error_days,absolute global-peak date error,days,lower,32.641025641025642,2.6000000000000001,91.933333333333323,5,5,58,0,58,0,0.30263450706523343,8.9553041791891186,0.15086206896551721,0.78666666666666663,4,4,50,92
timesat_double_logistic,45,4,primary_controlled_consecutive_gap,absolute_relative_integral_error,absolute relative common-support integral error,fraction,lower,0.089655262302560074,0.038826408904444838,0.14048411570067529,5,5,58,0,58,0,0.30263450706523343,8.9553041791891186,0.15086206896551721,0.78666666666666663,4,4,50,92
timesat_double_logistic,45,4,primary_controlled_consecutive_gap,normalized_absolute_peak_magnitude_error,normalized absolute global-peak magnitude error,fraction_Q95_minus_Q05,lower,1.2991925475244552,0.54817767013648611,2.1005576386613201,5,5,58,0,58,0,0.30263450706523343,8.9553041791891186,0.15086206896551721,0.78666666666666663,4,4,50,92
timesat_double_logistic,45,4,primary_controlled_consecutive_gap,nrmse,point-wise nRMSE,fraction_Q95_minus_Q05,lower,0.27014500112928669,0.23204186365358043,0.31427237289910498,5,5,58,0,58,0,0.30263450706523343,8.9553041791891186,0.15086206896551721,0.78666666666666663,4,4,50,92
timesat_double_logistic,45,4,primary_controlled_consecutive_gap,peak_timing_success_10d,global-peak timing success <=10 d,fraction,higher,0.80000000000000004,0.40000000000000002,1,5,5,58,0,58,0,0.30263450706523343,8.9553041791891186,0.15086206896551721,0.78666666666666663,4,4,50,92
timesat_double_logistic,45,4,primary_controlled_consecutive_gap,peak_timing_success_15d,global-peak timing success <=15 d,fraction,higher,0.80000000000000004,0.40000000000000002,1,5,5,58,0,58,0,0.30263450706523343,8.9553041791891186,0.15086206896551721,0.78666666666666663,4,4,50,92
timesat_double_logistic,45,4,primary_controlled_consecutive_gap,peak_timing_success_5d,global-peak timing success <=5 d,fraction,higher,0.72307692307692306,0.32307692307692309,1,5,5,58,0,58,0,0.30263450706523343,8.9553041791891186,0.15086206896551721,0.78666666666666663,4,4,50,92
timesat_double_logistic,45,4,primary_controlled_consecutive_gap,pearson_correlation,daily trajectory Pearson correlation,correlation,higher,0.72576286955338565,0.66057062210972772,0.79095511699704368,5,5,58,0,58,0,0.30263450706523343,8.9553041791891186,0.15086206896551721,0.78666666666666663,4,4,50,92
timesat_double_logistic,45,4,primary_controlled_consecutive_gap,rmse,point-wise RMSE,ug_L,lower,5.1348160544747197,3.4039131874265278,6.7162738557069233,5,5,58,0,58,0,0.30263450706523343,8.9553041791891186,0.15086206896551721,0.78666666666666663,4,4,50,92
timesat_double_logistic,45,5,primary_controlled_consecutive_gap,absolute_integral_error,absolute common-support integral error,ug_day_L,lower,199.6845872613585,100.19093034536137,299.73770607422665,7,7,103,0,103,0,0.32387320183065721,10.957648241993846,0.14224137931034481,0.91153846153846163,5,5,46,70
timesat_double_logistic,45,5,primary_controlled_consecutive_gap,absolute_peak_date_error_days,absolute global-peak date error,days,lower,65.248068283917334,14.533782569631628,124.63071428571425,7,7,103,0,103,0,0.32387320183065721,10.957648241993846,0.14224137931034481,0.91153846153846163,5,5,46,70
timesat_double_logistic,45,5,primary_controlled_consecutive_gap,absolute_relative_integral_error,absolute relative common-support integral error,fraction,lower,0.11187296624734021,0.064487205332071876,0.16135965909827013,7,7,103,0,103,0,0.32387320183065721,10.957648241993846,0.14224137931034481,0.91153846153846163,5,5,46,70
timesat_double_logistic,45,5,primary_controlled_consecutive_gap,normalized_absolute_peak_magnitude_error,normalized absolute global-peak magnitude error,fraction_Q95_minus_Q05,lower,1.3138216081185023,0.76542144755851105,1.8855865893595372,7,7,103,0,103,0,0.32387320183065721,10.957648241993846,0.14224137931034481,0.91153846153846163,5,5,46,70
timesat_double_logistic,45,5,primary_controlled_consecutive_gap,nrmse,point-wise nRMSE,fraction_Q95_minus_Q05,lower,0.26271562742709847,0.22282152703115829,0.3076925368905517,7,7,103,0,103,0,0.32387320183065721,10.957648241993846,0.14224137931034481,0.91153846153846163,5,5,46,70
timesat_double_logistic,45,5,primary_controlled_consecutive_gap,peak_timing_success_10d,global-peak timing success <=10 d,fraction,higher,0.5357142857142857,0.14285714285714285,0.8571428571428571,7,7,103,0,103,0,0.32387320183065721,10.957648241993846,0.14224137931034481,0.91153846153846163,5,5,46,70
timesat_double_logistic,45,5,primary_controlled_consecutive_gap,peak_timing_success_15d,global-peak timing success <=15 d,fraction,higher,0.62142857142857133,0.2857142857142857,0.90714285714285714,7,7,103,0,103,0,0.32387320183065721,10.957648241993846,0.14224137931034481,0.91153846153846163,5,5,46,70
timesat_double_logistic,45,5,primary_controlled_consecutive_gap,peak_timing_success_5d,global-peak timing success <=5 d,fraction,higher,0.44946091644204855,0.14285714285714285,0.77088948787061995,7,7,103,0,103,0,0.32387320183065721,10.957648241993846,0.14224137931034481,0.91153846153846163,5,5,46,70
timesat_double_logistic,45,5,primary_controlled_consecutive_gap,pearson_correlation,daily trajectory Pearson correlation,correlation,higher,0.71602574763032689,0.65913331532491626,0.77750535744638705,7,7,103,0,103,0,0.32387320183065721,10.957648241993846,0.14224137931034481,0.91153846153846163,5,5,46,70
timesat_double_logistic,45,5,primary_controlled_consecutive_gap,rmse,point-wise RMSE,ug_L,lower,5.586424335239804,3.9277369644483802,7.2190466601115677,7,7,103,0,103,0,0.32387320183065721,10.957648241993846,0.14224137931034481,0.91153846153846163,5,5,46,70
timesat_double_logistic,45,6,primary_controlled_consecutive_gap,absolute_integral_error,absolute common-support integral error,ug_day_L,lower,241.36932391364044,169.8042264894772,321.95154548063539,7,7,162,0,162,0,0.2944890428471002,17.288983776369555,0.099137931034482707,0.90400000000000003,6,6,46,73
timesat_double_logistic,45,6,primary_controlled_consecutive_gap,absolute_peak_date_error_days,absolute global-peak date error,days,lower,65.767268445839861,14.493514521193093,125.56593406593409,7,7,162,0,162,0,0.2944890428471002,17.288983776369555,0.099137931034482707,0.90400000000000003,6,6,46,73
timesat_double_logistic,45,6,primary_controlled_consecutive_gap,absolute_relative_integral_error,absolute relative common-support integral error,fraction,lower,0.1468390487453016,0.10951927276393655,0.18886291329663413,7,7,162,0,162,0,0.2944890428471002,17.288983776369555,0.099137931034482707,0.90400000000000003,6,6,46,73
timesat_double_logistic,45,6,primary_controlled_consecutive_gap,normalized_absolute_peak_magnitude_error,normalized absolute global-peak magnitude error,fraction_Q95_minus_Q05,lower,1.2685035604550003,0.74494087785561514,1.8326725507542636,7,7,162,0,162,0,0.2944890428471002,17.288983776369555,0.099137931034482707,0.90400000000000003,6,6,46,73
timesat_double_logistic,45,6,primary_controlled_consecutive_gap,nrmse,point-wise nRMSE,fraction_Q95_minus_Q05,lower,0.2833310991430123,0.25833718533551409,0.31527002540744642,7,7,162,0,162,0,0.2944890428471002,17.288983776369555,0.099137931034482707,0.90400000000000003,6,6,46,73
timesat_double_logistic,45,6,primary_controlled_consecutive_gap,peak_timing_success_10d,global-peak timing success <=10 d,fraction,higher,0.48780743066457349,0.14285714285714285,0.79597069597069592,7,7,162,0,162,0,0.2944890428471002,17.288983776369555,0.099137931034482707,0.90400000000000003,6,6,46,73
timesat_double_logistic,45,6,primary_controlled_consecutive_gap,peak_timing_success_15d,global-peak timing success <=15 d,fraction,higher,0.63040293040293049,0.2857142857142857,0.91611721611721619,7,7,162,0,162,0,0.2944890428471002,17.288983776369555,0.099137931034482707,0.90400000000000003,6,6,46,73
timesat_double_logistic,45,6,primary_controlled_consecutive_gap,peak_timing_success_5d,global-peak timing success <=5 d,fraction,higher,0.37608581894296178,0.1142857142857143,0.65421245421245422,7,7,162,0,162,0,0.2944890428471002,17.288983776369555,0.099137931034482707,0.90400000000000003,6,6,46,73
timesat_double_logistic,45,6,primary_controlled_consecutive_gap,pearson_correlation,daily trajectory Pearson correlation,correlation,higher,0.68636084758171489,0.63233960530971534,0.74183633021409556,7,7,162,0,162,0,0.2944890428471002,17.288983776369555,0.099137931034482707,0.90400000000000003,6,6,46,73
timesat_double_logistic,45,6,primary_controlled_consecutive_gap,rmse,point-wise RMSE,ug_L,lower,5.9256591136991732,4.4493418031010306,7.3273958240935517,7,7,162,0,162,0,0.2944890428471002,17.288983776369555,0.099137931034482707,0.90400000000000003,6,6,46,73
timesat_double_logistic,45,7,primary_controlled_consecutive_gap,absolute_integral_error,absolute common-support integral error,ug_day_L,lower,239.33805781644679,188.57668469653035,289.65202980378302,7,7,235,0,235,0,0.29296365572549687,16.778283866126596,0.0884615384615383,0.89600000000000002,7,7,47,65
timesat_double_logistic,45,7,primary_controlled_consecutive_gap,absolute_peak_date_error_days,absolute global-peak date error,days,lower,58.861728024543154,9.6115779645191406,120.66326530612244,7,7,235,0,235,0,0.29296365572549687,16.778283866126596,0.0884615384615383,0.89600000000000002,7,7,47,65
timesat_double_logistic,45,7,primary_controlled_consecutive_gap,absolute_relative_integral_error,absolute relative common-support integral error,fraction,lower,0.15226733912125295,0.11329362225219086,0.1964214582390548,7,7,235,0,235,0,0.29296365572549687,16.778283866126596,0.0884615384615383,0.89600000000000002,7,7,47,65
timesat_double_logistic,45,7,primary_controlled_consecutive_gap,normalized_absolute_peak_magnitude_error,normalized absolute global-peak magnitude error,fraction_Q95_minus_Q05,lower,1.3063426000910567,0.78399510581491072,1.8569064503580766,7,7,235,0,235,0,0.29296365572549687,16.778283866126596,0.0884615384615383,0.89600000000000002,7,7,47,65
timesat_double_logistic,45,7,primary_controlled_consecutive_gap,nrmse,point-wise nRMSE,fraction_Q95_minus_Q05,lower,0.28955335480688588,0.26617411712390071,0.31651070012080146,7,7,235,0,235,0,0.29296365572549687,16.778283866126596,0.0884615384615383,0.89600000000000002,7,7,47,65
timesat_double_logistic,45,7,primary_controlled_consecutive_gap,peak_timing_success_10d,global-peak timing success <=10 d,fraction,higher,0.50536881419234359,0.18253968253968256,0.8123249299719888,7,7,235,0,235,0,0.29296365572549687,16.778283866126596,0.0884615384615383,0.89600000000000002,7,7,47,65
timesat_double_logistic,45,7,primary_controlled_consecutive_gap,peak_timing_success_15d,global-peak timing success <=15 d,fraction,higher,0.66733360010670939,0.36177804455115375,0.94794584500466861,7,7,235,0,235,0,0.29296365572549687,16.778283866126596,0.0884615384615383,0.89600000000000002,7,7,47,65
timesat_double_logistic,45,7,primary_controlled_consecutive_gap,peak_timing_success_5d,global-peak timing success <=5 d,fraction,higher,0.38900560224089636,0.10364145658263305,0.67717962184873948,7,7,235,0,235,0,0.29296365572549687,16.778283866126596,0.0884615384615383,0.89600000000000002,7,7,47,65
timesat_double_logistic,45,7,primary_controlled_consecutive_gap,pearson_correlation,daily trajectory Pearson correlation,correlation,higher,0.66617290834644916,0.63102145481806171,0.70181303568916686,7,7,235,0,235,0,0.29296365572549687,16.778283866126596,0.0884615384615383,0.89600000000000002,7,7,47,65
timesat_double_logistic,45,7,primary_controlled_consecutive_gap,rmse,point-wise RMSE,ug_L,lower,6.0033657454407061,4.6153507565100744,7.4317269799499659,7,7,235,0,235,0,0.29296365572549687,16.778283866126596,0.0884615384615383,0.89600000000000002,7,7,47,65
timesat_double_logistic,45,8,primary_controlled_consecutive_gap,absolute_integral_error,absolute common-support integral error,ug_day_L,lower,248.83456708833816,204.09177059232206,297.77745676055935,7,7,218,0,218,0,0.27055384094511942,17.136734325464445,0.091999999999999901,0.85333333333333317,8,8,46,85
timesat_double_logistic,45,8,primary_controlled_consecutive_gap,absolute_peak_date_error_days,absolute global-peak date error,days,lower,63.956126777782352,14.036754483410053,125.21606031617189,7,7,218,0,218,0,0.27055384094511942,17.136734325464445,0.091999999999999901,0.85333333333333317,8,8,46,85
timesat_double_logistic,45,8,primary_controlled_consecutive_gap,absolute_relative_integral_error,absolute relative common-support integral error,fraction,lower,0.15780176706577262,0.1240002898194182,0.19831848842993494,7,7,218,0,218,0,0.27055384094511942,17.136734325464445,0.091999999999999901,0.85333333333333317,8,8,46,85
timesat_double_logistic,45,8,primary_controlled_consecutive_gap,normalized_absolute_peak_magnitude_error,normalized absolute global-peak magnitude error,fraction_Q95_minus_Q05,lower,1.3492244493622678,0.83101988846049679,1.9046438678078972,7,7,218,0,218,0,0.27055384094511942,17.136734325464445,0.091999999999999901,0.85333333333333317,8,8,46,85
timesat_double_logistic,45,8,primary_controlled_consecutive_gap,nrmse,point-wise nRMSE,fraction_Q95_minus_Q05,lower,0.29525087108376813,0.27152437689571834,0.3220805237652703,7,7,218,0,218,0,0.27055384094511942,17.136734325464445,0.091999999999999901,0.85333333333333317,8,8,46,85
timesat_double_logistic,45,8,primary_controlled_consecutive_gap,peak_timing_success_10d,global-peak timing success <=10 d,fraction,higher,0.4063838703669212,0.12087912087912088,0.69209815608120695,7,7,218,0,218,0,0.27055384094511942,17.136734325464445,0.091999999999999901,0.85333333333333317,8,8,46,85
timesat_double_logistic,45,8,primary_controlled_consecutive_gap,peak_timing_success_15d,global-peak timing success <=15 d,fraction,higher,0.57626120852513096,0.27040816326530609,0.84549197775590035,7,7,218,0,218,0,0.27055384094511942,17.136734325464445,0.091999999999999901,0.85333333333333317,8,8,46,85
timesat_double_logistic,45,8,primary_controlled_consecutive_gap,peak_timing_success_5d,global-peak timing success <=5 d,fraction,higher,0.34873812628049922,0.089285714285714288,0.62621065375302665,7,7,218,0,218,0,0.27055384094511942,17.136734325464445,0.091999999999999901,0.85333333333333317,8,8,46,85
timesat_double_logistic,45,8,primary_controlled_consecutive_gap,pearson_correlation,daily trajectory Pearson correlation,correlation,higher,0.64637994685346634,0.609516619605729,0.68168848252144609,7,7,218,0,218,0,0.27055384094511942,17.136734325464445,0.091999999999999901,0.85333333333333317,8,8,46,85
timesat_double_logistic,45,8,primary_controlled_consecutive_gap,rmse,point-wise RMSE,ug_L,lower,6.1317985625173659,4.6814844981774542,7.6413059798392045,7,7,218,0,218,0,0.27055384094511942,17.136734325464445,0.091999999999999901,0.85333333333333317,8,8,46,85
timesat_double_logistic,45,9,primary_controlled_consecutive_gap,absolute_integral_error,absolute common-support integral error,ug_day_L,lower,246.86255288476849,171.22561123045284,329.67558445839842,7,7,148,0,148,0,0.29348201382455041,16.873130616029648,0.1022222222222222,0.79574468085106365,9,9,46,73
timesat_double_logistic,45,9,primary_controlled_consecutive_gap,absolute_peak_date_error_days,absolute global-peak date error,days,lower,61.432712375193397,11.383896227112546,121.94156876509817,7,7,148,0,148,0,0.29348201382455041,16.873130616029648,0.1022222222222222,0.79574468085106365,9,9,46,73
timesat_double_logistic,45,9,primary_controlled_consecutive_gap,absolute_relative_integral_error,absolute relative common-support integral error,fraction,lower,0.1532164106708889,0.10844688979425819,0.20286092641824985,7,7,148,0,148,0,0.29348201382455041,16.873130616029648,0.1022222222222222,0.79574468085106365,9,9,46,73
timesat_double_logistic,45,9,primary_controlled_consecutive_gap,normalized_absolute_peak_magnitude_error,normalized absolute global-peak magnitude error,fraction_Q95_minus_Q05,lower,1.3612585704440152,0.83996908645690593,1.8642292184144984,7,7,148,0,148,0,0.29348201382455041,16.873130616029648,0.1022222222222222,0.79574468085106365,9,9,46,73
timesat_double_logistic,45,9,primary_controlled_consecutive_gap,nrmse,point-wise nRMSE,fraction_Q95_minus_Q05,lower,0.29075748196012008,0.25867383261650601,0.32332833013806417,7,7,148,0,148,0,0.29348201382455041,16.873130616029648,0.1022222222222222,0.79574468085106365,9,9,46,73
timesat_double_logistic,45,9,primary_controlled_consecutive_gap,peak_timing_success_10d,global-peak timing success <=10 d,fraction,higher,0.3576341827053402,0.098214285714285712,0.64804147465437789,7,7,148,0,148,0,0.29348201382455041,16.873130616029648,0.1022222222222222,0.79574468085106365,9,9,46,73
timesat_double_logistic,45,9,primary_controlled_consecutive_gap,peak_timing_success_15d,global-peak timing success <=15 d,fraction,higher,0.52276885827644837,0.24107142857142858,0.77939328223958204,7,7,148,0,148,0,0.29348201382455041,16.873130616029648,0.1022222222222222,0.79574468085106365,9,9,46,73
timesat_double_logistic,45,9,primary_controlled_consecutive_gap,peak_timing_success_5d,global-peak timing success <=5 d,fraction,higher,0.31778598536188668,0.076714556790458119,0.60504201680672265,7,7,148,0,148,0,0.29348201382455041,16.873130616029648,0.1022222222222222,0.79574468085106365,9,9,46,73
timesat_double_logistic,45,9,primary_controlled_consecutive_gap,pearson_correlation,daily trajectory Pearson correlation,correlation,higher,0.6641286535031854,0.62808698414586339,0.69997156803172356,7,7,148,0,148,0,0.29348201382455041,16.873130616029648,0.1022222222222222,0.79574468085106365,9,9,46,73
timesat_double_logistic,45,9,primary_controlled_consecutive_gap,rmse,point-wise RMSE,ug_L,lower,6.0830469176716848,4.52245154552892,7.8330264869279187,7,7,148,0,148,0,0.29348201382455041,16.873130616029648,0.1022222222222222,0.79574468085106365,9,9,46,73
timesat_double_logistic,45,10,primary_controlled_consecutive_gap,absolute_integral_error,absolute common-support integral error,ug_day_L,lower,300.62647829497439,190.10997584346504,448.69028611232392,7,7,106,0,106,0,0.32422425158713802,16.723195115334796,0.1155555555555554,0.75555555555555554,10,10,47,65
timesat_double_logistic,45,10,primary_controlled_consecutive_gap,absolute_peak_date_error_days,absolute global-peak date error,days,lower,55.146702159124516,13.666666666666668,113.47323277136941,7,7,106,0,106,0,0.32422425158713802,16.723195115334796,0.1155555555555554,0.75555555555555554,10,10,47,65
timesat_double_logistic,45,10,primary_controlled_consecutive_gap,absolute_relative_integral_error,absolute relative common-support integral error,fraction,lower,0.18717315253845196,0.11788857735471751,0.26733282133288688,7,7,106,0,106,0,0.32422425158713802,16.723195115334796,0.1155555555555554,0.75555555555555554,10,10,47,65
timesat_double_logistic,45,10,primary_controlled_consecutive_gap,normalized_absolute_peak_magnitude_error,normalized absolute global-peak magnitude error,fraction_Q95_minus_Q05,lower,1.3630808077083303,0.83027011985041332,1.9422409106684986,7,7,106,0,106,0,0.32422425158713802,16.723195115334796,0.1155555555555554,0.75555555555555554,10,10,47,65
timesat_double_logistic,45,10,primary_controlled_consecutive_gap,nrmse,point-wise nRMSE,fraction_Q95_minus_Q05,lower,0.30369871545300481,0.26970129496240619,0.3406771405028558,7,7,106,0,106,0,0.32422425158713802,16.723195115334796,0.1155555555555554,0.75555555555555554,10,10,47,65
timesat_double_logistic,45,10,primary_controlled_consecutive_gap,peak_timing_success_10d,global-peak timing success <=10 d,fraction,higher,0.55428571428571438,0.25714285714285717,0.82857142857142851,7,7,106,0,106,0,0.32422425158713802,16.723195115334796,0.1155555555555554,0.75555555555555554,10,10,47,65
timesat_double_logistic,45,10,primary_controlled_consecutive_gap,peak_timing_success_15d,global-peak timing success <=15 d,fraction,higher,0.66633540372670808,0.38062111801242243,0.91428571428571426,7,7,106,0,106,0,0.32422425158713802,16.723195115334796,0.1155555555555554,0.75555555555555554,10,10,47,65
timesat_double_logistic,45,10,primary_controlled_consecutive_gap,peak_timing_success_5d,global-peak timing success <=5 d,fraction,higher,0.46380952380952384,0.19523809523809524,0.75157142857142656,7,7,106,0,106,0,0.32422425158713802,16.723195115334796,0.1155555555555554,0.75555555555555554,10,10,47,65
timesat_double_logistic,45,10,primary_controlled_consecutive_gap,pearson_correlation,daily trajectory Pearson correlation,correlation,higher,0.63476460378151178,0.55856108211784095,0.69167161535336164,7,7,106,0,106,0,0.32422425158713802,16.723195115334796,0.1155555555555554,0.75555555555555554,10,10,47,65
timesat_double_logistic,45,10,primary_controlled_consecutive_gap,rmse,point-wise RMSE,ug_L,lower,6.3050027271442,4.7527251972716318,7.9336286385455139,7,7,106,0,106,0,0.32422425158713802,16.723195115334796,0.1155555555555554,0.75555555555555554,10,10,47,65
timesat_double_logistic,45,11,primary_controlled_consecutive_gap,absolute_integral_error,absolute common-support integral error,ug_day_L,lower,416.17336527238189,203.36040268842009,673.14847101273392,6,6,76,0,76,0,0.36111473435784203,16.809483155464836,0.1244444444444444,0.65333333333333332,11,11,47,68
timesat_double_logistic,45,11,primary_controlled_consecutive_gap,absolute_peak_date_error_days,absolute global-peak date error,days,lower,66.858333333333334,22.358333333333331,126.33333333333333,6,6,76,0,76,0,0.36111473435784203,16.809483155464836,0.1244444444444444,0.65333333333333332,11,11,47,68
timesat_double_logistic,45,11,primary_controlled_consecutive_gap,absolute_relative_integral_error,absolute relative common-support integral error,fraction,lower,0.23721732978219875,0.14084814634864193,0.36299564449572169,6,6,76,0,76,0,0.36111473435784203,16.809483155464836,0.1244444444444444,0.65333333333333332,11,11,47,68
timesat_double_logistic,45,11,primary_controlled_consecutive_gap,normalized_absolute_peak_magnitude_error,normalized absolute global-peak magnitude error,fraction_Q95_minus_Q05,lower,1.2456530452947587,0.8879595933288883,1.6033464972606286,6,6,76,0,76,0,0.36111473435784203,16.809483155464836,0.1244444444444444,0.65333333333333332,11,11,47,68
timesat_double_logistic,45,11,primary_controlled_consecutive_gap,nrmse,point-wise nRMSE,fraction_Q95_minus_Q05,lower,0.31391053496218851,0.25634228036999918,0.36924439591168862,6,6,76,0,76,0,0.36111473435784203,16.809483155464836,0.1244444444444444,0.65333333333333332,11,11,47,68
timesat_double_logistic,45,11,primary_controlled_consecutive_gap,peak_timing_success_10d,global-peak timing success <=10 d,fraction,higher,0.29999999999999999,0.049999999999999996,0.59999999999999998,6,6,76,0,76,0,0.36111473435784203,16.809483155464836,0.1244444444444444,0.65333333333333332,11,11,47,68
timesat_double_logistic,45,11,primary_controlled_consecutive_gap,peak_timing_success_15d,global-peak timing success <=15 d,fraction,higher,0.4916666666666667,0.25,0.73333333333333339,6,6,76,0,76,0,0.36111473435784203,16.809483155464836,0.1244444444444444,0.65333333333333332,11,11,47,68
timesat_double_logistic,45,11,primary_controlled_consecutive_gap,peak_timing_success_5d,global-peak timing success <=5 d,fraction,higher,0.27499999999999997,0.024999999999999998,0.60833333333333328,6,6,76,0,76,0,0.36111473435784203,16.809483155464836,0.1244444444444444,0.65333333333333332,11,11,47,68
timesat_double_logistic,45,11,primary_controlled_consecutive_gap,pearson_correlation,daily trajectory Pearson correlation,correlation,higher,0.58820543190049668,0.45979045419514059,0.69849574887520138,6,6,76,0,76,0,0.36111473435784203,16.809483155464836,0.1244444444444444,0.65333333333333332,11,11,47,68
timesat_double_logistic,45,11,primary_controlled_consecutive_gap,rmse,point-wise RMSE,ug_L,lower,6.8369845821106985,4.5026697508866871,9.28594308828926,6,6,76,0,76,0,0.36111473435784203,16.809483155464836,0.1244444444444444,0.65333333333333332,11,11,47,68
timesat_double_logistic,45,12,primary_controlled_consecutive_gap,absolute_integral_error,absolute common-support integral error,ug_day_L,lower,294.12913628294444,155.29815299784408,449.56289046955771,5,5,45,0,45,0,0.5983193952422583,11.754611402468592,0.13777777777777761,0.64000000000000001,12,12,46,67
timesat_double_logistic,45,12,primary_controlled_consecutive_gap,absolute_peak_date_error_days,absolute global-peak date error,days,lower,87.796190476190475,21.022857142857141,162.03999999999996,5,5,45,0,45,0,0.5983193952422583,11.754611402468592,0.13777777777777761,0.64000000000000001,12,12,46,67
timesat_double_logistic,45,12,primary_controlled_consecutive_gap,absolute_relative_integral_error,absolute relative common-support integral error,fraction,lower,0.17098244353720077,0.10380618411499773,0.22308866793543114,5,5,45,0,45,0,0.5983193952422583,11.754611402468592,0.13777777777777761,0.64000000000000001,12,12,46,67
timesat_double_logistic,45,12,primary_controlled_consecutive_gap,normalized_absolute_peak_magnitude_error,normalized absolute global-peak magnitude error,fraction_Q95_minus_Q05,lower,1.1069351553009865,0.72874122361676907,1.4998957593479059,5,5,45,0,45,0,0.5983193952422583,11.754611402468592,0.13777777777777761,0.64000000000000001,12,12,46,67
timesat_double_logistic,45,12,primary_controlled_consecutive_gap,nrmse,point-wise nRMSE,fraction_Q95_minus_Q05,lower,0.30565953891221764,0.23994790161692442,0.36839160351348699,5,5,45,0,45,0,0.5983193952422583,11.754611402468592,0.13777777777777761,0.64000000000000001,12,12,46,67
timesat_double_logistic,45,12,primary_controlled_consecutive_gap,peak_timing_success_10d,global-peak timing success <=10 d,fraction,higher,0.42666666666666664,0.026666666666666665,0.82666666666666655,5,5,45,0,45,0,0.5983193952422583,11.754611402468592,0.13777777777777761,0.64000000000000001,12,12,46,67
timesat_double_logistic,45,12,primary_controlled_consecutive_gap,peak_timing_success_15d,global-peak timing success <=15 d,fraction,higher,0.4838095238095238,0.11047619047619046,0.8571428571428571,5,5,45,0,45,0,0.5983193952422583,11.754611402468592,0.13777777777777761,0.64000000000000001,12,12,46,67
timesat_double_logistic,45,12,primary_controlled_consecutive_gap,peak_timing_success_5d,global-peak timing success <=5 d,fraction,higher,0.40000000000000002,0,0.80000000000000004,5,5,45,0,45,0,0.5983193952422583,11.754611402468592,0.13777777777777761,0.64000000000000001,12,12,46,67
timesat_double_logistic,45,12,primary_controlled_consecutive_gap,pearson_correlation,daily trajectory Pearson correlation,correlation,higher,0.57251604969939307,0.41101725598947186,0.71525161448745034,5,5,45,0,45,0,0.5983193952422583,11.754611402468592,0.13777777777777761,0.64000000000000001,12,12,46,67
timesat_double_logistic,45,12,primary_controlled_consecutive_gap,rmse,point-wise RMSE,ug_L,lower,6.0300912968566864,4.1787992685616162,8.3957615308230356,5,5,45,0,45,0,0.5983193952422583,11.754611402468592,0.13777777777777761,0.64000000000000001,12,12,46,67
timesat_double_logistic,45,13,primary_controlled_consecutive_gap,absolute_integral_error,absolute common-support integral error,ug_day_L,lower,176.12790005074069,107.51554539654053,233.31997551255768,5,5,41,0,41,0,0.65794993224252363,5.6660416237550777,0.1036036036036036,0.504,13,13,47,60
timesat_double_logistic,45,13,primary_controlled_consecutive_gap,absolute_peak_date_error_days,absolute global-peak date error,days,lower,81.051153846153852,10.684999999999999,154.92615384615385,5,5,41,0,41,0,0.65794993224252363,5.6660416237550777,0.1036036036036036,0.504,13,13,47,60
timesat_double_logistic,45,13,primary_controlled_consecutive_gap,absolute_relative_integral_error,absolute relative common-support integral error,fraction,lower,0.11948202547077311,0.061256130957263955,0.18589049518057174,5,5,41,0,41,0,0.65794993224252363,5.6660416237550777,0.1036036036036036,0.504,13,13,47,60
timesat_double_logistic,45,13,primary_controlled_consecutive_gap,normalized_absolute_peak_magnitude_error,normalized absolute global-peak magnitude error,fraction_Q95_minus_Q05,lower,1.0988849067556585,0.70968393155222453,1.4591115435053923,5,5,41,0,41,0,0.65794993224252363,5.6660416237550777,0.1036036036036036,0.504,13,13,47,60
timesat_double_logistic,45,13,primary_controlled_consecutive_gap,nrmse,point-wise nRMSE,fraction_Q95_minus_Q05,lower,0.24870969886624206,0.22450135035766175,0.27495581125778257,5,5,41,0,41,0,0.65794993224252363,5.6660416237550777,0.1036036036036036,0.504,13,13,47,60
timesat_double_logistic,45,13,primary_controlled_consecutive_gap,peak_timing_success_10d,global-peak timing success <=10 d,fraction,higher,0.40000000000000002,0,0.80000000000000004,5,5,41,0,41,0,0.65794993224252363,5.6660416237550777,0.1036036036036036,0.504,13,13,47,60
timesat_double_logistic,45,13,primary_controlled_consecutive_gap,peak_timing_success_15d,global-peak timing success <=15 d,fraction,higher,0.55000000000000004,0.14999999999999999,0.94999999999999996,5,5,41,0,41,0,0.65794993224252363,5.6660416237550777,0.1036036036036036,0.504,13,13,47,60
timesat_double_logistic,45,13,primary_controlled_consecutive_gap,peak_timing_success_5d,global-peak timing success <=5 d,fraction,higher,0.40000000000000002,0,0.80000000000000004,5,5,41,0,41,0,0.65794993224252363,5.6660416237550777,0.1036036036036036,0.504,13,13,47,60
timesat_double_logistic,45,13,primary_controlled_consecutive_gap,pearson_correlation,daily trajectory Pearson correlation,correlation,higher,0.68207392409367762,0.64064145523791505,0.73296555876549829,5,5,41,0,41,0,0.65794993224252363,5.6660416237550777,0.1036036036036036,0.504,13,13,47,60
timesat_double_logistic,45,13,primary_controlled_consecutive_gap,rmse,point-wise RMSE,ug_L,lower,5.0465213384766701,3.5287273623786439,6.9727056276709618,5,5,41,0,41,0,0.65794993224252363,5.6660416237550777,0.1036036036036036,0.504,13,13,47,60
timesat_double_logistic,45,14,primary_controlled_consecutive_gap,absolute_integral_error,absolute common-support integral error,ug_day_L,lower,193.38542814508671,81.525687688185414,305.24516860198798,4,4,22,0,22,0,0.73564668363731645,2.2995259145625035,0.126126126126126,0.37307692307692292,14,14,50,65
timesat_double_logistic,45,14,primary_controlled_consecutive_gap,absolute_peak_date_error_days,absolute global-peak date error,days,lower,41.575000000000003,2.6499999999999999,111.075,4,4,22,0,22,0,0.73564668363731645,2.2995259145625035,0.126126126126126,0.37307692307692292,14,14,50,65
timesat_double_logistic,45,14,primary_controlled_consecutive_gap,absolute_relative_integral_error,absolute relative common-support integral error,fraction,lower,0.14860690890953152,0.050120023796494502,0.24709379402256854,4,4,22,0,22,0,0.73564668363731645,2.2995259145625035,0.126126126126126,0.37307692307692292,14,14,50,65
timesat_double_logistic,45,14,primary_controlled_consecutive_gap,normalized_absolute_peak_magnitude_error,normalized absolute global-peak magnitude error,fraction_Q95_minus_Q05,lower,1.0034082585536512,0.70159871959517228,1.2486053707403442,4,4,22,0,22,0,0.73564668363731645,2.2995259145625035,0.126126126126126,0.37307692307692292,14,14,50,65
timesat_double_logistic,45,14,primary_controlled_consecutive_gap,nrmse,point-wise nRMSE,fraction_Q95_minus_Q05,lower,0.25206626956914663,0.21751708950007778,0.29223097843392015,4,4,22,0,22,0,0.73564668363731645,2.2995259145625035,0.126126126126126,0.37307692307692292,14,14,50,65
timesat_double_logistic,45,14,primary_controlled_consecutive_gap,peak_timing_success_10d,global-peak timing success <=10 d,fraction,higher,0.5,0,1,4,4,22,0,22,0,0.73564668363731645,2.2995259145625035,0.126126126126126,0.37307692307692292,14,14,50,65
timesat_double_logistic,45,14,primary_controlled_consecutive_gap,peak_timing_success_15d,global-peak timing success <=15 d,fraction,higher,0.75,0.25,1,4,4,22,0,22,0,0.73564668363731645,2.2995259145625035,0.126126126126126,0.37307692307692292,14,14,50,65
timesat_double_logistic,45,14,primary_controlled_consecutive_gap,peak_timing_success_5d,global-peak timing success <=5 d,fraction,higher,0.5,0,1,4,4,22,0,22,0,0.73564668363731645,2.2995259145625035,0.126126126126126,0.37307692307692292,14,14,50,65
timesat_double_logistic,45,14,primary_controlled_consecutive_gap,pearson_correlation,daily trajectory Pearson correlation,correlation,higher,0.6398454650366453,0.50391176123003678,0.75203575036344184,4,4,22,0,22,0,0.73564668363731645,2.2995259145625035,0.126126126126126,0.37307692307692292,14,14,50,65
timesat_double_logistic,45,14,primary_controlled_consecutive_gap,rmse,point-wise RMSE,ug_L,lower,4.284170739869765,3.4774987763877796,5.0908427033517505,4,4,22,0,22,0,0.73564668363731645,2.2995259145625035,0.126126126126126,0.37307692307692292,14,14,50,65
timesat_smoothing_spline,10,1,primary_controlled_consecutive_gap,absolute_integral_error,absolute common-support integral error,ug_day_L,lower,176.65321053214379,121.68413108742905,248.37977013335103,7,7,565,0,565,0,0.0069078347491259001,5.546037846890906,0.0211538461538461,0.97629310344827602,1,1,15,52
timesat_smoothing_spline,10,1,primary_controlled_consecutive_gap,absolute_peak_date_error_days,absolute global-peak date error,days,lower,52.728918158337706,4.7438471278922529,112.0903972726386,7,7,565,0,565,0,0.0069078347491259001,5.546037846890906,0.0211538461538461,0.97629310344827602,1,1,15,52
timesat_smoothing_spline,10,1,primary_controlled_consecutive_gap,absolute_relative_integral_error,absolute relative common-support integral error,fraction,lower,0.10603012594290558,0.079980037050593408,0.13969877943461681,7,7,565,0,565,0,0.0069078347491259001,5.546037846890906,0.0211538461538461,0.97629310344827602,1,1,15,52
timesat_smoothing_spline,10,1,primary_controlled_consecutive_gap,normalized_absolute_peak_magnitude_error,normalized absolute global-peak magnitude error,fraction_Q95_minus_Q05,lower,1.0312090969227812,0.55289170910421725,1.5735151709594117,7,7,565,0,565,0,0.0069078347491259001,5.546037846890906,0.0211538461538461,0.97629310344827602,1,1,15,52
timesat_smoothing_spline,10,1,primary_controlled_consecutive_gap,nrmse,point-wise nRMSE,fraction_Q95_minus_Q05,lower,0.22474813483820849,0.18870045093504287,0.25720647960851506,7,7,565,0,565,0,0.0069078347491259001,5.546037846890906,0.0211538461538461,0.97629310344827602,1,1,15,52
timesat_smoothing_spline,10,1,primary_controlled_consecutive_gap,peak_timing_success_10d,global-peak timing success <=10 d,fraction,higher,0.5841451438320322,0.20144297972086622,0.86499215070643642,7,7,565,0,565,0,0.0069078347491259001,5.546037846890906,0.0211538461538461,0.97629310344827602,1,1,15,52
timesat_smoothing_spline,10,1,primary_controlled_consecutive_gap,peak_timing_success_15d,global-peak timing success <=15 d,fraction,higher,0.7123502720371605,0.41685125051074173,0.99021526418786698,7,7,565,0,565,0,0.0069078347491259001,5.546037846890906,0.0211538461538461,0.97629310344827602,1,1,15,52
timesat_smoothing_spline,10,1,primary_controlled_consecutive_gap,peak_timing_success_5d,global-peak timing success <=5 d,fraction,higher,0.44464934551270463,0.15549368324779858,0.83114999424427294,7,7,565,0,565,0,0.0069078347491259001,5.546037846890906,0.0211538461538461,0.97629310344827602,1,1,15,52
timesat_smoothing_spline,10,1,primary_controlled_consecutive_gap,pearson_correlation,daily trajectory Pearson correlation,correlation,higher,0.82713275969565569,0.79731291834945306,0.85889235058394764,7,7,565,0,565,0,0.0069078347491259001,5.546037846890906,0.0211538461538461,0.97629310344827602,1,1,15,52
timesat_smoothing_spline,10,1,primary_controlled_consecutive_gap,rmse,point-wise RMSE,ug_L,lower,4.7528365495601976,3.3477094553650302,6.3066592043478744,7,7,565,0,565,0,0.0069078347491259001,5.546037846890906,0.0211538461538461,0.97629310344827602,1,1,15,52
timesat_smoothing_spline,10,2,primary_controlled_consecutive_gap,absolute_integral_error,absolute common-support integral error,ug_day_L,lower,191.7011900821141,138.33790412644797,260.05140810668172,7,7,458,0,458,0,0.015960269380356999,5.8205096687628375,0.021999999999999902,0.97799999999999998,2,2,15,57
timesat_smoothing_spline,10,2,primary_controlled_consecutive_gap,absolute_peak_date_error_days,absolute global-peak date error,days,lower,50.971222027849549,6.2418326391995516,104.76296556423851,7,7,458,0,458,0,0.015960269380356999,5.8205096687628375,0.021999999999999902,0.97799999999999998,2,2,15,57
timesat_smoothing_spline,10,2,primary_controlled_consecutive_gap,absolute_relative_integral_error,absolute relative common-support integral error,fraction,lower,0.11679591391233848,0.088390826080953652,0.14955830378995502,7,7,458,0,458,0,0.015960269380356999,5.8205096687628375,0.021999999999999902,0.97799999999999998,2,2,15,57
timesat_smoothing_spline,10,2,primary_controlled_consecutive_gap,normalized_absolute_peak_magnitude_error,normalized absolute global-peak magnitude error,fraction_Q95_minus_Q05,lower,1.0402613441506807,0.56901433586602512,1.5658540523267725,7,7,458,0,458,0,0.015960269380356999,5.8205096687628375,0.021999999999999902,0.97799999999999998,2,2,15,57
timesat_smoothing_spline,10,2,primary_controlled_consecutive_gap,nrmse,point-wise nRMSE,fraction_Q95_minus_Q05,lower,0.22968037602160057,0.19659613105558441,0.25822847371174446,7,7,458,0,458,0,0.015960269380356999,5.8205096687628375,0.021999999999999902,0.97799999999999998,2,2,15,57
timesat_smoothing_spline,10,2,primary_controlled_consecutive_gap,peak_timing_success_10d,global-peak timing success <=10 d,fraction,higher,0.58658795890056814,0.2697036629382295,0.85784739672623922,7,7,458,0,458,0,0.015960269380356999,5.8205096687628375,0.021999999999999902,0.97799999999999998,2,2,15,57
timesat_smoothing_spline,10,2,primary_controlled_consecutive_gap,peak_timing_success_15d,global-peak timing success <=15 d,fraction,higher,0.7208997002650549,0.41952983725135623,0.99095840867992757,7,7,458,0,458,0,0.015960269380356999,5.8205096687628375,0.021999999999999902,0.97799999999999998,2,2,15,57
timesat_smoothing_spline,10,2,primary_controlled_consecutive_gap,peak_timing_success_5d,global-peak timing success <=5 d,fraction,higher,0.42913621990058598,0.15833436699365241,0.7858577467688157,7,7,458,0,458,0,0.015960269380356999,5.8205096687628375,0.021999999999999902,0.97799999999999998,2,2,15,57
timesat_smoothing_spline,10,2,primary_controlled_consecutive_gap,pearson_correlation,daily trajectory Pearson correlation,correlation,higher,0.81935809329843445,0.79022346550326816,0.84969829670612562,7,7,458,0,458,0,0.015960269380356999,5.8205096687628375,0.021999999999999902,0.97799999999999998,2,2,15,57
timesat_smoothing_spline,10,2,primary_controlled_consecutive_gap,rmse,point-wise RMSE,ug_L,lower,4.8491033229720326,3.4286020967132282,6.3730077798934044,7,7,458,0,458,0,0.015960269380356999,5.8205096687628375,0.021999999999999902,0.97799999999999998,2,2,15,57
timesat_smoothing_spline,10,3,primary_controlled_consecutive_gap,absolute_integral_error,absolute common-support integral error,ug_day_L,lower,202.74847335294763,142.42798795469287,273.05131385627789,7,7,268,0,268,0,0.026548343436092501,6.455637488556297,0.02,0.9407894736842104,3,3,15,43
timesat_smoothing_spline,10,3,primary_controlled_consecutive_gap,absolute_peak_date_error_days,absolute global-peak date error,days,lower,51.775839985573612,4.4844719333359864,109.52861873273973,7,7,268,0,268,0,0.026548343436092501,6.455637488556297,0.02,0.9407894736842104,3,3,15,43
timesat_smoothing_spline,10,3,primary_controlled_consecutive_gap,absolute_relative_integral_error,absolute relative common-support integral error,fraction,lower,0.12130830849027829,0.09620919863737902,0.1519169451860917,7,7,268,0,268,0,0.026548343436092501,6.455637488556297,0.02,0.9407894736842104,3,3,15,43
timesat_smoothing_spline,10,3,primary_controlled_consecutive_gap,normalized_absolute_peak_magnitude_error,normalized absolute global-peak magnitude error,fraction_Q95_minus_Q05,lower,1.0267595373722798,0.54390479918992052,1.58893179533135,7,7,268,0,268,0,0.026548343436092501,6.455637488556297,0.02,0.9407894736842104,3,3,15,43
timesat_smoothing_spline,10,3,primary_controlled_consecutive_gap,nrmse,point-wise nRMSE,fraction_Q95_minus_Q05,lower,0.22988341460514533,0.19470949504496776,0.26290077909081505,7,7,268,0,268,0,0.026548343436092501,6.455637488556297,0.02,0.9407894736842104,3,3,15,43
timesat_smoothing_spline,10,3,primary_controlled_consecutive_gap,peak_timing_success_10d,global-peak timing success <=10 d,fraction,higher,0.58835904628330993,0.28881987577639751,0.87096774193548387,7,7,268,0,268,0,0.026548343436092501,6.455637488556297,0.02,0.9407894736842104,3,3,15,43
timesat_smoothing_spline,10,3,primary_controlled_consecutive_gap,peak_timing_success_15d,global-peak timing success <=15 d,fraction,higher,0.70356641955519927,0.38495041073933273,0.98617511520737333,7,7,268,0,268,0,0.026548343436092501,6.455637488556297,0.02,0.9407894736842104,3,3,15,43
timesat_smoothing_spline,10,3,primary_controlled_consecutive_gap,peak_timing_success_5d,global-peak timing success <=5 d,fraction,higher,0.45188982444823445,0.16238371344843483,0.79083001842340217,7,7,268,0,268,0,0.026548343436092501,6.455637488556297,0.02,0.9407894736842104,3,3,15,43
timesat_smoothing_spline,10,3,primary_controlled_consecutive_gap,pearson_correlation,daily trajectory Pearson correlation,correlation,higher,0.81922364524665592,0.78829656163347728,0.8513816776003954,7,7,268,0,268,0,0.026548343436092501,6.455637488556297,0.02,0.9407894736842104,3,3,15,43
timesat_smoothing_spline,10,3,primary_controlled_consecutive_gap,rmse,point-wise RMSE,ug_L,lower,4.8714275043870856,3.3783792494725327,6.4582726921764095,7,7,268,0,268,0,0.026548343436092501,6.455637488556297,0.02,0.9407894736842104,3,3,15,43
timesat_smoothing_spline,10,4,primary_controlled_consecutive_gap,absolute_integral_error,absolute common-support integral error,ug_day_L,lower,181.9795085622624,130.34353779013043,240.13027122126331,7,7,83,0,83,0,0.060955547200774701,2.1056768559366836,0.032327586206896401,0.85991379310344807,4,4,15,42
timesat_smoothing_spline,10,4,primary_controlled_consecutive_gap,absolute_peak_date_error_days,absolute global-peak date error,days,lower,52.151785714285715,3.2857142857142856,116.71428571428571,7,7,83,0,83,0,0.060955547200774701,2.1056768559366836,0.032327586206896401,0.85991379310344807,4,4,15,42
timesat_smoothing_spline,10,4,primary_controlled_consecutive_gap,absolute_relative_integral_error,absolute relative common-support integral error,fraction,lower,0.11050279035659975,0.085660231145983826,0.13734896845404262,7,7,83,0,83,0,0.060955547200774701,2.1056768559366836,0.032327586206896401,0.85991379310344807,4,4,15,42
timesat_smoothing_spline,10,4,primary_controlled_consecutive_gap,normalized_absolute_peak_magnitude_error,normalized absolute global-peak magnitude error,fraction_Q95_minus_Q05,lower,1.0335683378056373,0.55442899017906933,1.5861588945423331,7,7,83,0,83,0,0.060955547200774701,2.1056768559366836,0.032327586206896401,0.85991379310344807,4,4,15,42
timesat_smoothing_spline,10,4,primary_controlled_consecutive_gap,nrmse,point-wise nRMSE,fraction_Q95_minus_Q05,lower,0.22405687373859101,0.18724101017392478,0.25590001481315133,7,7,83,0,83,0,0.060955547200774701,2.1056768559366836,0.032327586206896401,0.85991379310344807,4,4,15,42
timesat_smoothing_spline,10,4,primary_controlled_consecutive_gap,peak_timing_success_10d,global-peak timing success <=10 d,fraction,higher,0.7142857142857143,0.2857142857142857,1,7,7,83,0,83,0,0.060955547200774701,2.1056768559366836,0.032327586206896401,0.85991379310344807,4,4,15,42
timesat_smoothing_spline,10,4,primary_controlled_consecutive_gap,peak_timing_success_15d,global-peak timing success <=15 d,fraction,higher,0.7142857142857143,0.42857142857142855,1,7,7,83,0,83,0,0.060955547200774701,2.1056768559366836,0.032327586206896401,0.85991379310344807,4,4,15,42
timesat_smoothing_spline,10,4,primary_controlled_consecutive_gap,peak_timing_success_5d,global-peak timing success <=5 d,fraction,higher,0.5714285714285714,0.14285714285714285,0.8571428571428571,7,7,83,0,83,0,0.060955547200774701,2.1056768559366836,0.032327586206896401,0.85991379310344807,4,4,15,42
timesat_smoothing_spline,10,4,primary_controlled_consecutive_gap,pearson_correlation,daily trajectory Pearson correlation,correlation,higher,0.82658573930976498,0.79426702891885115,0.86060030010123578,7,7,83,0,83,0,0.060955547200774701,2.1056768559366836,0.032327586206896401,0.85991379310344807,4,4,15,42
timesat_smoothing_spline,10,4,primary_controlled_consecutive_gap,rmse,point-wise RMSE,ug_L,lower,4.7467865896617925,3.3240182252738029,6.3144761208720519,7,7,83,0,83,0,0.060955547200774701,2.1056768559366836,0.032327586206896401,0.85991379310344807,4,4,15,42
timesat_smoothing_spline,10,5,primary_controlled_consecutive_gap,absolute_integral_error,absolute common-support integral error,ug_day_L,lower,302.36893878588108,302.36893878588108,302.36893878588108,1,1,5,0,5,0,0.218904559900131,0.25618097835921633,0.48199999999999982,0.498,5,5,17,17
timesat_smoothing_spline,10,5,primary_controlled_consecutive_gap,absolute_peak_date_error_days,absolute global-peak date error,days,lower,202,202,202,1,1,5,0,5,0,0.218904559900131,0.25618097835921633,0.48199999999999982,0.498,5,5,17,17
timesat_smoothing_spline,10,5,primary_controlled_consecutive_gap,absolute_relative_integral_error,absolute relative common-support integral error,fraction,lower,0.12016397035396446,0.12016397035396446,0.12016397035396446,1,1,5,0,5,0,0.218904559900131,0.25618097835921633,0.48199999999999982,0.498,5,5,17,17
timesat_smoothing_spline,10,5,primary_controlled_consecutive_gap,normalized_absolute_peak_magnitude_error,normalized absolute global-peak magnitude error,fraction_Q95_minus_Q05,lower,1.480629828685752,1.480629828685752,1.480629828685752,1,1,5,0,5,0,0.218904559900131,0.25618097835921633,0.48199999999999982,0.498,5,5,17,17
timesat_smoothing_spline,10,5,primary_controlled_consecutive_gap,nrmse,point-wise nRMSE,fraction_Q95_minus_Q05,lower,0.27467278304298637,0.27467278304298637,0.27467278304298637,1,1,5,0,5,0,0.218904559900131,0.25618097835921633,0.48199999999999982,0.498,5,5,17,17
timesat_smoothing_spline,10,5,primary_controlled_consecutive_gap,peak_timing_success_10d,global-peak timing success <=10 d,fraction,higher,0,0,0,1,1,5,0,5,0,0.218904559900131,0.25618097835921633,0.48199999999999982,0.498,5,5,17,17
timesat_smoothing_spline,10,5,primary_controlled_consecutive_gap,peak_timing_success_15d,global-peak timing success <=15 d,fraction,higher,0,0,0,1,1,5,0,5,0,0.218904559900131,0.25618097835921633,0.48199999999999982,0.498,5,5,17,17
timesat_smoothing_spline,10,5,primary_controlled_consecutive_gap,peak_timing_success_5d,global-peak timing success <=5 d,fraction,higher,0,0,0,1,1,5,0,5,0,0.218904559900131,0.25618097835921633,0.48199999999999982,0.498,5,5,17,17
timesat_smoothing_spline,10,5,primary_controlled_consecutive_gap,pearson_correlation,daily trajectory Pearson correlation,correlation,higher,0.74618080139280973,0.74618080139280973,0.74618080139280973,1,1,5,0,5,0,0.218904559900131,0.25618097835921633,0.48199999999999982,0.498,5,5,17,17
timesat_smoothing_spline,10,5,primary_controlled_consecutive_gap,rmse,point-wise RMSE,ug_L,lower,8.2344908978610274,8.2344908978610274,8.2344908978610274,1,1,5,0,5,0,0.218904559900131,0.25618097835921633,0.48199999999999982,0.498,5,5,17,17
timesat_smoothing_spline,20,1,primary_controlled_consecutive_gap,absolute_integral_error,absolute common-support integral error,ug_day_L,lower,165.217090986898,103.61088796544099,242.88461830925527,7,7,196,0,196,0,0.025285744316099298,3.8536867819629417,0.046666666666666502,0.95961538461538465,1,1,22,52
timesat_smoothing_spline,20,1,primary_controlled_consecutive_gap,absolute_peak_date_error_days,absolute global-peak date error,days,lower,54.571428571428569,4.7142857142857144,116.85714285714286,7,7,196,0,196,0,0.025285744316099298,3.8536867819629417,0.046666666666666502,0.95961538461538465,1,1,22,52
timesat_smoothing_spline,20,1,primary_controlled_consecutive_gap,absolute_relative_integral_error,absolute relative common-support integral error,fraction,lower,0.097606249744750434,0.067430917096848772,0.13547252165563045,7,7,196,0,196,0,0.025285744316099298,3.8536867819629417,0.046666666666666502,0.95961538461538465,1,1,22,52
timesat_smoothing_spline,20,1,primary_controlled_consecutive_gap,normalized_absolute_peak_magnitude_error,normalized absolute global-peak magnitude error,fraction_Q95_minus_Q05,lower,1.0388319149786638,0.57162175657841863,1.5653061308660043,7,7,196,0,196,0,0.025285744316099298,3.8536867819629417,0.046666666666666502,0.95961538461538465,1,1,22,52
timesat_smoothing_spline,20,1,primary_controlled_consecutive_gap,nrmse,point-wise nRMSE,fraction_Q95_minus_Q05,lower,0.22344140004011973,0.18734158705986054,0.25786040169903007,7,7,196,0,196,0,0.025285744316099298,3.8536867819629417,0.046666666666666502,0.95961538461538465,1,1,22,52
timesat_smoothing_spline,20,1,primary_controlled_consecutive_gap,peak_timing_success_10d,global-peak timing success <=10 d,fraction,higher,0.5714285714285714,0.14285714285714285,0.8571428571428571,7,7,196,0,196,0,0.025285744316099298,3.8536867819629417,0.046666666666666502,0.95961538461538465,1,1,22,52
timesat_smoothing_spline,20,1,primary_controlled_consecutive_gap,peak_timing_success_15d,global-peak timing success <=15 d,fraction,higher,0.7142857142857143,0.2857142857142857,1,7,7,196,0,196,0,0.025285744316099298,3.8536867819629417,0.046666666666666502,0.95961538461538465,1,1,22,52
timesat_smoothing_spline,20,1,primary_controlled_consecutive_gap,peak_timing_success_5d,global-peak timing success <=5 d,fraction,higher,0.42857142857142855,0.14285714285714285,0.8571428571428571,7,7,196,0,196,0,0.025285744316099298,3.8536867819629417,0.046666666666666502,0.95961538461538465,1,1,22,52
timesat_smoothing_spline,20,1,primary_controlled_consecutive_gap,pearson_correlation,daily trajectory Pearson correlation,correlation,higher,0.82687122355327858,0.7975400312326244,0.85959558124009694,7,7,196,0,196,0,0.025285744316099298,3.8536867819629417,0.046666666666666502,0.95961538461538465,1,1,22,52
timesat_smoothing_spline,20,1,primary_controlled_consecutive_gap,rmse,point-wise RMSE,ug_L,lower,4.7246186629083775,3.2790801288966711,6.2859711466294446,7,7,196,0,196,0,0.025285744316099298,3.8536867819629417,0.046666666666666502,0.95961538461538465,1,1,22,52
timesat_smoothing_spline,20,2,primary_controlled_consecutive_gap,absolute_integral_error,absolute common-support integral error,ug_day_L,lower,189.11489765386952,131.96152511416744,256.53640152950368,7,7,324,0,324,0,0.0380392547350724,7.1308836187723568,0.051923076923076801,0.95799999999999996,2,2,22,63
timesat_smoothing_spline,20,2,primary_controlled_consecutive_gap,absolute_peak_date_error_days,absolute global-peak date error,days,lower,50.315129053336598,5.0243506493506498,110.79008412970677,7,7,324,0,324,0,0.0380392547350724,7.1308836187723568,0.051923076923076801,0.95799999999999996,2,2,22,63
timesat_smoothing_spline,20,2,primary_controlled_consecutive_gap,absolute_relative_integral_error,absolute relative common-support integral error,fraction,lower,0.11530824775999748,0.08180720593646873,0.15048314899322518,7,7,324,0,324,0,0.0380392547350724,7.1308836187723568,0.051923076923076801,0.95799999999999996,2,2,22,63
timesat_smoothing_spline,20,2,primary_controlled_consecutive_gap,normalized_absolute_peak_magnitude_error,normalized absolute global-peak magnitude error,fraction_Q95_minus_Q05,lower,1.0264550816906137,0.55584182691289052,1.5699520114210395,7,7,324,0,324,0,0.0380392547350724,7.1308836187723568,0.051923076923076801,0.95799999999999996,2,2,22,63
timesat_smoothing_spline,20,2,primary_controlled_consecutive_gap,nrmse,point-wise nRMSE,fraction_Q95_minus_Q05,lower,0.22952113606007582,0.19707814111123537,0.25575588612518496,7,7,324,0,324,0,0.0380392547350724,7.1308836187723568,0.051923076923076801,0.95799999999999996,2,2,22,63
timesat_smoothing_spline,20,2,primary_controlled_consecutive_gap,peak_timing_success_10d,global-peak timing success <=10 d,fraction,higher,0.65687535734705549,0.32614555256064698,0.93506493506493504,7,7,324,0,324,0,0.0380392547350724,7.1308836187723568,0.051923076923076801,0.95799999999999996,2,2,22,63
timesat_smoothing_spline,20,2,primary_controlled_consecutive_gap,peak_timing_success_15d,global-peak timing success <=15 d,fraction,higher,0.72181042228212033,0.42261904761904762,0.99404761904761918,7,7,324,0,324,0,0.0380392547350724,7.1308836187723568,0.051923076923076801,0.95799999999999996,2,2,22,63
timesat_smoothing_spline,20,2,primary_controlled_consecutive_gap,peak_timing_success_5d,global-peak timing success <=5 d,fraction,higher,0.47889610389610393,0.14285714285714285,0.83333333333333326,7,7,324,0,324,0,0.0380392547350724,7.1308836187723568,0.051923076923076801,0.95799999999999996,2,2,22,63
timesat_smoothing_spline,20,2,primary_controlled_consecutive_gap,pearson_correlation,daily trajectory Pearson correlation,correlation,higher,0.81954502987599487,0.79360277949353653,0.8500391203850296,7,7,324,0,324,0,0.0380392547350724,7.1308836187723568,0.051923076923076801,0.95799999999999996,2,2,22,63
timesat_smoothing_spline,20,2,primary_controlled_consecutive_gap,rmse,point-wise RMSE,ug_L,lower,4.8329311067382505,3.4364152981024056,6.3293014285769358,7,7,324,0,324,0,0.0380392547350724,7.1308836187723568,0.051923076923076801,0.95799999999999996,2,2,22,63
timesat_smoothing_spline,20,3,primary_controlled_consecutive_gap,absolute_integral_error,absolute common-support integral error,ug_day_L,lower,212.48432334175945,175.36541569251122,264.74812710490875,7,7,362,0,362,0,0.0846403703328686,11.103498311786192,0.0403846153846152,0.95333333333333325,3,3,22,85
timesat_smoothing_spline,20,3,primary_controlled_consecutive_gap,absolute_peak_date_error_days,absolute global-peak date error,days,lower,55.529166756572081,7.2647170034266813,114.9172053696654,7,7,362,0,362,0,0.0846403703328686,11.103498311786192,0.0403846153846152,0.95333333333333325,3,3,22,85
timesat_smoothing_spline,20,3,primary_controlled_consecutive_gap,absolute_relative_integral_error,absolute relative common-support integral error,fraction,lower,0.13393536703075418,0.10528828932283732,0.16548031834279686,7,7,362,0,362,0,0.0846403703328686,11.103498311786192,0.0403846153846152,0.95333333333333325,3,3,22,85
timesat_smoothing_spline,20,3,primary_controlled_consecutive_gap,normalized_absolute_peak_magnitude_error,normalized absolute global-peak magnitude error,fraction_Q95_minus_Q05,lower,1.0306320856150002,0.55881438749202605,1.5667538956744711,7,7,362,0,362,0,0.0846403703328686,11.103498311786192,0.0403846153846152,0.95333333333333325,3,3,22,85
timesat_smoothing_spline,20,3,primary_controlled_consecutive_gap,nrmse,point-wise nRMSE,fraction_Q95_minus_Q05,lower,0.24178681836094448,0.20863565044649809,0.27039378237394635,7,7,362,0,362,0,0.0846403703328686,11.103498311786192,0.0403846153846152,0.95333333333333325,3,3,22,85
timesat_smoothing_spline,20,3,primary_controlled_consecutive_gap,peak_timing_success_10d,global-peak timing success <=10 d,fraction,higher,0.55058608058608061,0.18857142857142858,0.8571428571428571,7,7,362,0,362,0,0.0846403703328686,11.103498311786192,0.0403846153846152,0.95333333333333325,3,3,22,85
timesat_smoothing_spline,20,3,primary_controlled_consecutive_gap,peak_timing_success_15d,global-peak timing success <=15 d,fraction,higher,0.68891941391941391,0.39926739926739924,0.97463369963369961,7,7,362,0,362,0,0.0846403703328686,11.103498311786192,0.0403846153846152,0.95333333333333325,3,3,22,85
timesat_smoothing_spline,20,3,primary_controlled_consecutive_gap,peak_timing_success_5d,global-peak timing success <=5 d,fraction,higher,0.41092402221434482,0.12142857142857143,0.74890109890109891,7,7,362,0,362,0,0.0846403703328686,11.103498311786192,0.0403846153846152,0.95333333333333325,3,3,22,85
timesat_smoothing_spline,20,3,primary_controlled_consecutive_gap,pearson_correlation,daily trajectory Pearson correlation,correlation,higher,0.79903466463313266,0.76402670815786633,0.82946641651192743,7,7,362,0,362,0,0.0846403703328686,11.103498311786192,0.0403846153846152,0.95333333333333325,3,3,22,85
timesat_smoothing_spline,20,3,primary_controlled_consecutive_gap,rmse,point-wise RMSE,ug_L,lower,5.0502060237016178,3.7233798911960592,6.4794944262020717,7,7,362,0,362,0,0.0846403703328686,11.103498311786192,0.0403846153846152,0.95333333333333325,3,3,22,85
timesat_smoothing_spline,20,4,primary_controlled_consecutive_gap,absolute_integral_error,absolute common-support integral error,ug_day_L,lower,220.65619864364228,177.71403055294073,270.24458411205194,7,7,303,0,303,0,0.12464337446452591,10.891083354445644,0.042000000000000003,0.91276595744680844,4,4,22,43
timesat_smoothing_spline,20,4,primary_controlled_consecutive_gap,absolute_peak_date_error_days,absolute global-peak date error,days,lower,52.195219025825438,6.655137844611529,106.09089338252463,7,7,303,0,303,0,0.12464337446452591,10.891083354445644,0.042000000000000003,0.91276595744680844,4,4,22,43
timesat_smoothing_spline,20,4,primary_controlled_consecutive_gap,absolute_relative_integral_error,absolute relative common-support integral error,fraction,lower,0.13573191798759757,0.11504581377096076,0.15592266399548149,7,7,303,0,303,0,0.12464337446452591,10.891083354445644,0.042000000000000003,0.91276595744680844,4,4,22,43
timesat_smoothing_spline,20,4,primary_controlled_consecutive_gap,normalized_absolute_peak_magnitude_error,normalized absolute global-peak magnitude error,fraction_Q95_minus_Q05,lower,1.0171097136008502,0.54030696643383236,1.5584846960219356,7,7,303,0,303,0,0.12464337446452591,10.891083354445644,0.042000000000000003,0.91276595744680844,4,4,22,43
timesat_smoothing_spline,20,4,primary_controlled_consecutive_gap,nrmse,point-wise nRMSE,fraction_Q95_minus_Q05,lower,0.24635273946688341,0.21407106192576983,0.27689566748223099,7,7,303,0,303,0,0.12464337446452591,10.891083354445644,0.042000000000000003,0.91276595744680844,4,4,22,43
timesat_smoothing_spline,20,4,primary_controlled_consecutive_gap,peak_timing_success_10d,global-peak timing success <=10 d,fraction,higher,0.58725384890798427,0.28114930182599357,0.86616541353383469,7,7,303,0,303,0,0.12464337446452591,10.891083354445644,0.042000000000000003,0.91276595744680844,4,4,22,43
timesat_smoothing_spline,20,4,primary_controlled_consecutive_gap,peak_timing_success_15d,global-peak timing success <=15 d,fraction,higher,0.7103741496598639,0.41190476190476188,0.98333333333333339,7,7,303,0,303,0,0.12464337446452591,10.891083354445644,0.042000000000000003,0.91276595744680844,4,4,22,43
timesat_smoothing_spline,20,4,primary_controlled_consecutive_gap,peak_timing_success_5d,global-peak timing success <=5 d,fraction,higher,0.44193519513068391,0.16516290726817043,0.7398153866809879,7,7,303,0,303,0,0.12464337446452591,10.891083354445644,0.042000000000000003,0.91276595744680844,4,4,22,43
timesat_smoothing_spline,20,4,primary_controlled_consecutive_gap,pearson_correlation,daily trajectory Pearson correlation,correlation,higher,0.80243685836592449,0.77569110979030576,0.82749352090403272,7,7,303,0,303,0,0.12464337446452591,10.891083354445644,0.042000000000000003,0.91276595744680844,4,4,22,43
timesat_smoothing_spline,20,4,primary_controlled_consecutive_gap,rmse,point-wise RMSE,ug_L,lower,5.1734356069392353,3.7830383311018849,6.6774713360403668,7,7,303,0,303,0,0.12464337446452591,10.891083354445644,0.042000000000000003,0.91276595744680844,4,4,22,43
timesat_smoothing_spline,20,5,primary_controlled_consecutive_gap,absolute_integral_error,absolute common-support integral error,ug_day_L,lower,226.1667508869516,159.12750629186164,305.86662515403708,7,7,174,0,174,0,0.1290261355553127,10.327412925938054,0.042222222222222203,0.875,5,5,22,57
timesat_smoothing_spline,20,5,primary_controlled_consecutive_gap,absolute_peak_date_error_days,absolute global-peak date error,days,lower,49.702795790173688,5.8066426570628247,104.44601806239737,7,7,174,0,174,0,0.1290261355553127,10.327412925938054,0.042222222222222203,0.875,5,5,22,57
timesat_smoothing_spline,20,5,primary_controlled_consecutive_gap,absolute_relative_integral_error,absolute relative common-support integral error,fraction,lower,0.13552673924083475,0.10803546308582528,0.16442716538829066,7,7,174,0,174,0,0.1290261355553127,10.327412925938054,0.042222222222222203,0.875,5,5,22,57
timesat_smoothing_spline,20,5,primary_controlled_consecutive_gap,normalized_absolute_peak_magnitude_error,normalized absolute global-peak magnitude error,fraction_Q95_minus_Q05,lower,1.0519596268779827,0.57832539070125899,1.5906582060372612,7,7,174,0,174,0,0.1290261355553127,10.327412925938054,0.042222222222222203,0.875,5,5,22,57
timesat_smoothing_spline,20,5,primary_controlled_consecutive_gap,nrmse,point-wise nRMSE,fraction_Q95_minus_Q05,lower,0.2375055380532253,0.20319707371026766,0.27001648587979643,7,7,174,0,174,0,0.1290261355553127,10.327412925938054,0.042222222222222203,0.875,5,5,22,57
timesat_smoothing_spline,20,5,primary_controlled_consecutive_gap,peak_timing_success_10d,global-peak timing success <=10 d,fraction,higher,0.61673249945139352,0.30019749835418036,0.891156462585034,7,7,174,0,174,0,0.1290261355553127,10.327412925938054,0.042222222222222203,0.875,5,5,22,57
timesat_smoothing_spline,20,5,primary_controlled_consecutive_gap,peak_timing_success_15d,global-peak timing success <=15 d,fraction,higher,0.72557603686635941,0.42857142857142855,0.99285714285714288,7,7,174,0,174,0,0.1290261355553127,10.327412925938054,0.042222222222222203,0.875,5,5,22,57
timesat_smoothing_spline,20,5,primary_controlled_consecutive_gap,peak_timing_success_5d,global-peak timing success <=5 d,fraction,higher,0.43530993042378235,0.15414746543778804,0.74642857142857155,7,7,174,0,174,0,0.1290261355553127,10.327412925938054,0.042222222222222203,0.875,5,5,22,57
timesat_smoothing_spline,20,5,primary_controlled_consecutive_gap,pearson_correlation,daily trajectory Pearson correlation,correlation,higher,0.80395451825867548,0.77289212077866376,0.83398185988840656,7,7,174,0,174,0,0.1290261355553127,10.327412925938054,0.042222222222222203,0.875,5,5,22,57
timesat_smoothing_spline,20,5,primary_controlled_consecutive_gap,rmse,point-wise RMSE,ug_L,lower,5.0469458621758267,3.5839902953517888,6.686402815199421,7,7,174,0,174,0,0.1290261355553127,10.327412925938054,0.042222222222222203,0.875,5,5,22,57
timesat_smoothing_spline,20,6,primary_controlled_consecutive_gap,absolute_integral_error,absolute common-support integral error,ug_day_L,lower,175.34241738835149,119.14580872754185,234.95520218786194,6,6,97,0,97,0,0.1513419879032202,11.128388419283166,0.0472972972972973,0.59777777777777774,6,6,21,50
timesat_smoothing_spline,20,6,primary_controlled_consecutive_gap,absolute_peak_date_error_days,absolute global-peak date error,days,lower,61.086956521739125,3.0072463768115938,127.66666666666667,6,6,97,0,97,0,0.1513419879032202,11.128388419283166,0.0472972972972973,0.59777777777777774,6,6,21,50
timesat_smoothing_spline,20,6,primary_controlled_consecutive_gap,absolute_relative_integral_error,absolute relative common-support integral error,fraction,lower,0.10319580065344204,0.079821198663762527,0.12801372067813391,6,6,97,0,97,0,0.1513419879032202,11.128388419283166,0.0472972972972973,0.59777777777777774,6,6,21,50
timesat_smoothing_spline,20,6,primary_controlled_consecutive_gap,normalized_absolute_peak_magnitude_error,normalized absolute global-peak magnitude error,fraction_Q95_minus_Q05,lower,0.80506795619854488,0.45757831282866257,1.1551218856915806,6,6,97,0,97,0,0.1513419879032202,11.128388419283166,0.0472972972972973,0.59777777777777774,6,6,21,50
timesat_smoothing_spline,20,6,primary_controlled_consecutive_gap,nrmse,point-wise nRMSE,fraction_Q95_minus_Q05,lower,0.21640612176819651,0.18011734301655116,0.24710911396611254,6,6,97,0,97,0,0.1513419879032202,11.128388419283166,0.0472972972972973,0.59777777777777774,6,6,21,50
timesat_smoothing_spline,20,6,primary_controlled_consecutive_gap,peak_timing_success_10d,global-peak timing success <=10 d,fraction,higher,0.66666666666666663,0.33333333333333331,1,6,6,97,0,97,0,0.1513419879032202,11.128388419283166,0.0472972972972973,0.59777777777777774,6,6,21,50
timesat_smoothing_spline,20,6,primary_controlled_consecutive_gap,peak_timing_success_15d,global-peak timing success <=15 d,fraction,higher,0.66666666666666663,0.33333333333333331,1,6,6,97,0,97,0,0.1513419879032202,11.128388419283166,0.0472972972972973,0.59777777777777774,6,6,21,50
timesat_smoothing_spline,20,6,primary_controlled_consecutive_gap,peak_timing_success_5d,global-peak timing success <=5 d,fraction,higher,0.56944444444444453,0.20833333333333334,0.90277777777777779,6,6,97,0,97,0,0.1513419879032202,11.128388419283166,0.0472972972972973,0.59777777777777774,6,6,21,50
timesat_smoothing_spline,20,6,primary_controlled_consecutive_gap,pearson_correlation,daily trajectory Pearson correlation,correlation,higher,0.82117712437600021,0.78549461868140191,0.86024781269063688,6,6,97,0,97,0,0.1513419879032202,11.128388419283166,0.0472972972972973,0.59777777777777774,6,6,21,50
timesat_smoothing_spline,20,6,primary_controlled_consecutive_gap,rmse,point-wise RMSE,ug_L,lower,4.7662026498822518,3.1128998898439311,6.5633736379003933,6,6,97,0,97,0,0.1513419879032202,11.128388419283166,0.0472972972972973,0.59777777777777774,6,6,21,50
timesat_smoothing_spline,20,7,primary_controlled_consecutive_gap,absolute_integral_error,absolute common-support integral error,ug_day_L,lower,183.68358473108881,101.20103098729484,300.16380327947815,5,5,66,0,66,0,0.15597362557212821,3.4210868709859983,0.092342342342342301,0.58444444444444443,7,7,22,42
timesat_smoothing_spline,20,7,primary_controlled_consecutive_gap,absolute_peak_date_error_days,absolute global-peak date error,days,lower,69.72727272727272,2.2000000000000002,149.72727272727272,5,5,66,0,66,0,0.15597362557212821,3.4210868709859983,0.092342342342342301,0.58444444444444443,7,7,22,42
timesat_smoothing_spline,20,7,primary_controlled_consecutive_gap,absolute_relative_integral_error,absolute relative common-support integral error,fraction,lower,0.105594856809281,0.066530910663479242,0.14465880295508277,5,5,66,0,66,0,0.15597362557212821,3.4210868709859983,0.092342342342342301,0.58444444444444443,7,7,22,42
timesat_smoothing_spline,20,7,primary_controlled_consecutive_gap,normalized_absolute_peak_magnitude_error,normalized absolute global-peak magnitude error,fraction_Q95_minus_Q05,lower,0.73601695215344376,0.35945013116075725,1.1527271387511377,5,5,66,0,66,0,0.15597362557212821,3.4210868709859983,0.092342342342342301,0.58444444444444443,7,7,22,42
timesat_smoothing_spline,20,7,primary_controlled_consecutive_gap,nrmse,point-wise nRMSE,fraction_Q95_minus_Q05,lower,0.21141894726713262,0.16898597336539584,0.25218210046109019,5,5,66,0,66,0,0.15597362557212821,3.4210868709859983,0.092342342342342301,0.58444444444444443,7,7,22,42
timesat_smoothing_spline,20,7,primary_controlled_consecutive_gap,peak_timing_success_10d,global-peak timing success <=10 d,fraction,higher,0.59999999999999998,0.20000000000000001,1,5,5,66,0,66,0,0.15597362557212821,3.4210868709859983,0.092342342342342301,0.58444444444444443,7,7,22,42
timesat_smoothing_spline,20,7,primary_controlled_consecutive_gap,peak_timing_success_15d,global-peak timing success <=15 d,fraction,higher,0.59999999999999998,0.20000000000000001,1,5,5,66,0,66,0,0.15597362557212821,3.4210868709859983,0.092342342342342301,0.58444444444444443,7,7,22,42
timesat_smoothing_spline,20,7,primary_controlled_consecutive_gap,peak_timing_success_5d,global-peak timing success <=5 d,fraction,higher,0.59999999999999998,0.20000000000000001,1,5,5,66,0,66,0,0.15597362557212821,3.4210868709859983,0.092342342342342301,0.58444444444444443,7,7,22,42
timesat_smoothing_spline,20,7,primary_controlled_consecutive_gap,pearson_correlation,daily trajectory Pearson correlation,correlation,higher,0.82227537645322912,0.77104610799138995,0.86771595278772806,5,5,66,0,66,0,0.15597362557212821,3.4210868709859983,0.092342342342342301,0.58444444444444443,7,7,22,42
timesat_smoothing_spline,20,7,primary_controlled_consecutive_gap,rmse,point-wise RMSE,ug_L,lower,4.3662035412439462,2.7613944115714704,6.4893007688798772,5,5,66,0,66,0,0.15597362557212821,3.4210868709859983,0.092342342342342301,0.58444444444444443,7,7,22,42
timesat_smoothing_spline,20,8,primary_controlled_consecutive_gap,absolute_integral_error,absolute common-support integral error,ug_day_L,lower,255.44370496248985,255.44370496248985,255.44370496248985,1,1,3,0,3,0,2.6883827862002354,2.7353158752559628,0.56666666666666665,0.5755555555555556,8,8,35,35
timesat_smoothing_spline,20,8,primary_controlled_consecutive_gap,absolute_peak_date_error_days,absolute global-peak date error,days,lower,151,151,151,1,1,3,0,3,0,2.6883827862002354,2.7353158752559628,0.56666666666666665,0.5755555555555556,8,8,35,35
timesat_smoothing_spline,20,8,primary_controlled_consecutive_gap,absolute_relative_integral_error,absolute relative common-support integral error,fraction,lower,0.1332404192901937,0.1332404192901937,0.1332404192901937,1,1,3,0,3,0,2.6883827862002354,2.7353158752559628,0.56666666666666665,0.5755555555555556,8,8,35,35
timesat_smoothing_spline,20,8,primary_controlled_consecutive_gap,normalized_absolute_peak_magnitude_error,normalized absolute global-peak magnitude error,fraction_Q95_minus_Q05,lower,0.98170821337644243,0.98170821337644243,0.98170821337644243,1,1,3,0,3,0,2.6883827862002354,2.7353158752559628,0.56666666666666665,0.5755555555555556,8,8,35,35
timesat_smoothing_spline,20,8,primary_controlled_consecutive_gap,nrmse,point-wise nRMSE,fraction_Q95_minus_Q05,lower,0.24804352764045343,0.24804352764045343,0.24804352764045343,1,1,3,0,3,0,2.6883827862002354,2.7353158752559628,0.56666666666666665,0.5755555555555556,8,8,35,35
timesat_smoothing_spline,20,8,primary_controlled_consecutive_gap,peak_timing_success_10d,global-peak timing success <=10 d,fraction,higher,0,0,0,1,1,3,0,3,0,2.6883827862002354,2.7353158752559628,0.56666666666666665,0.5755555555555556,8,8,35,35
timesat_smoothing_spline,20,8,primary_controlled_consecutive_gap,peak_timing_success_15d,global-peak timing success <=15 d,fraction,higher,0,0,0,1,1,3,0,3,0,2.6883827862002354,2.7353158752559628,0.56666666666666665,0.5755555555555556,8,8,35,35
timesat_smoothing_spline,20,8,primary_controlled_consecutive_gap,peak_timing_success_5d,global-peak timing success <=5 d,fraction,higher,0,0,0,1,1,3,0,3,0,2.6883827862002354,2.7353158752559628,0.56666666666666665,0.5755555555555556,8,8,35,35
timesat_smoothing_spline,20,8,primary_controlled_consecutive_gap,pearson_correlation,daily trajectory Pearson correlation,correlation,higher,0.74972247811588966,0.74972247811588966,0.74972247811588966,1,1,3,0,3,0,2.6883827862002354,2.7353158752559628,0.56666666666666665,0.5755555555555556,8,8,35,35
timesat_smoothing_spline,20,8,primary_controlled_consecutive_gap,rmse,point-wise RMSE,ug_L,lower,5.221678152338372,5.221678152338372,5.221678152338372,1,1,3,0,3,0,2.6883827862002354,2.7353158752559628,0.56666666666666665,0.5755555555555556,8,8,35,35
timesat_smoothing_spline,30,1,primary_controlled_consecutive_gap,absolute_integral_error,absolute common-support integral error,ug_day_L,lower,126.53756741271427,72.557016104240574,202.81104195093897,3,3,57,0,57,0,0.41109787212373272,4.5948397330260757,0.3716216216216216,0.87612612612612595,1,1,40,52
timesat_smoothing_spline,30,1,primary_controlled_consecutive_gap,absolute_peak_date_error_days,absolute global-peak date error,days,lower,55,1,151,3,3,57,0,57,0,0.41109787212373272,4.5948397330260757,0.3716216216216216,0.87612612612612595,1,1,40,52
timesat_smoothing_spline,30,1,primary_controlled_consecutive_gap,absolute_relative_integral_error,absolute relative common-support integral error,fraction,lower,0.085244062272329127,0.051705135394952216,0.105787019767006,3,3,57,0,57,0,0.41109787212373272,4.5948397330260757,0.3716216216216216,0.87612612612612595,1,1,40,52
timesat_smoothing_spline,30,1,primary_controlled_consecutive_gap,normalized_absolute_peak_magnitude_error,normalized absolute global-peak magnitude error,fraction_Q95_minus_Q05,lower,1.1712947485323137,0.13600567960114962,2.3961703526193494,3,3,57,0,57,0,0.41109787212373272,4.5948397330260757,0.3716216216216216,0.87612612612612595,1,1,40,52
timesat_smoothing_spline,30,1,primary_controlled_consecutive_gap,nrmse,point-wise nRMSE,fraction_Q95_minus_Q05,lower,0.22664101115201704,0.19416675248911827,0.29139041971198548,3,3,57,0,57,0,0.41109787212373272,4.5948397330260757,0.3716216216216216,0.87612612612612595,1,1,40,52
timesat_smoothing_spline,30,1,primary_controlled_consecutive_gap,peak_timing_success_10d,global-peak timing success <=10 d,fraction,higher,0.33333333333333331,0,1,3,3,57,0,57,0,0.41109787212373272,4.5948397330260757,0.3716216216216216,0.87612612612612595,1,1,40,52
timesat_smoothing_spline,30,1,primary_controlled_consecutive_gap,peak_timing_success_15d,global-peak timing success <=15 d,fraction,higher,0.66666666666666663,0,1,3,3,57,0,57,0,0.41109787212373272,4.5948397330260757,0.3716216216216216,0.87612612612612595,1,1,40,52
timesat_smoothing_spline,30,1,primary_controlled_consecutive_gap,peak_timing_success_5d,global-peak timing success <=5 d,fraction,higher,0.33333333333333331,0,1,3,3,57,0,57,0,0.41109787212373272,4.5948397330260757,0.3716216216216216,0.87612612612612595,1,1,40,52
timesat_smoothing_spline,30,1,primary_controlled_consecutive_gap,pearson_correlation,daily trajectory Pearson correlation,correlation,higher,0.82807950233211203,0.78903817568361523,0.86165401507235551,3,3,57,0,57,0,0.41109787212373272,4.5948397330260757,0.3716216216216216,0.87612612612612595,1,1,40,52
timesat_smoothing_spline,30,1,primary_controlled_consecutive_gap,rmse,point-wise RMSE,ug_L,lower,3.685537824454316,2.0723579481428507,4.8967620960322735,3,3,57,0,57,0,0.41109787212373272,4.5948397330260757,0.3716216216216216,0.87612612612612595,1,1,40,52
timesat_smoothing_spline,30,2,primary_controlled_consecutive_gap,absolute_integral_error,absolute common-support integral error,ug_day_L,lower,173.99835690658895,110.98445617455556,248.00569735167213,7,7,144,0,144,0,0.048636719550354902,6.4140349060670978,0.1099137931034482,0.94038461538461515,2,2,32,63
timesat_smoothing_spline,30,2,primary_controlled_consecutive_gap,absolute_peak_date_error_days,absolute global-peak date error,days,lower,52.05797101449275,3.9523809523809526,110.3271221532091,7,7,144,0,144,0,0.048636719550354902,6.4140349060670978,0.1099137931034482,0.94038461538461515,2,2,32,63
timesat_smoothing_spline,30,2,primary_controlled_consecutive_gap,absolute_relative_integral_error,absolute relative common-support integral error,fraction,lower,0.10625841654002326,0.069195063340696777,0.14457675416013899,7,7,144,0,144,0,0.048636719550354902,6.4140349060670978,0.1099137931034482,0.94038461538461515,2,2,32,63
timesat_smoothing_spline,30,2,primary_controlled_consecutive_gap,normalized_absolute_peak_magnitude_error,normalized absolute global-peak magnitude error,fraction_Q95_minus_Q05,lower,1.0347524506418997,0.56228164477926001,1.5886061673785572,7,7,144,0,144,0,0.048636719550354902,6.4140349060670978,0.1099137931034482,0.94038461538461515,2,2,32,63
timesat_smoothing_spline,30,2,primary_controlled_consecutive_gap,nrmse,point-wise nRMSE,fraction_Q95_minus_Q05,lower,0.22524352207705792,0.19080156771498796,0.25345259552841365,7,7,144,0,144,0,0.048636719550354902,6.4140349060670978,0.1099137931034482,0.94038461538461515,2,2,32,63
timesat_smoothing_spline,30,2,primary_controlled_consecutive_gap,peak_timing_success_10d,global-peak timing success <=10 d,fraction,higher,0.66004140786749488,0.32008281573498965,0.93333333333333335,7,7,144,0,144,0,0.048636719550354902,6.4140349060670978,0.1099137931034482,0.94038461538461515,2,2,32,63
timesat_smoothing_spline,30,2,primary_controlled_consecutive_gap,peak_timing_success_15d,global-peak timing success <=15 d,fraction,higher,0.72670807453416153,0.42857142857142855,1,7,7,144,0,144,0,0.048636719550354902,6.4140349060670978,0.1099137931034482,0.94038461538461515,2,2,32,63
timesat_smoothing_spline,30,2,primary_controlled_consecutive_gap,peak_timing_success_5d,global-peak timing success <=5 d,fraction,higher,0.50476190476190474,0.14285714285714285,0.8571428571428571,7,7,144,0,144,0,0.048636719550354902,6.4140349060670978,0.1099137931034482,0.94038461538461515,2,2,32,63
timesat_smoothing_spline,30,2,primary_controlled_consecutive_gap,pearson_correlation,daily trajectory Pearson correlation,correlation,higher,0.82501625762807274,0.79923545148010322,0.85612351597233161,7,7,144,0,144,0,0.048636719550354902,6.4140349060670978,0.1099137931034482,0.94038461538461515,2,2,32,63
timesat_smoothing_spline,30,2,primary_controlled_consecutive_gap,rmse,point-wise RMSE,ug_L,lower,4.7371329092577055,3.4090383690351129,6.2518587280963169,7,7,144,0,144,0,0.048636719550354902,6.4140349060670978,0.1099137931034482,0.94038461538461515,2,2,32,63
timesat_smoothing_spline,30,3,primary_controlled_consecutive_gap,absolute_integral_error,absolute common-support integral error,ug_day_L,lower,198.5767165145862,145.35842554439276,255.63309561272195,7,7,182,0,182,0,0.048669630931768702,7.8843441010498099,0.096982758620689502,0.93799999999999994,3,3,31,85
timesat_smoothing_spline,30,3,primary_controlled_consecutive_gap,absolute_peak_date_error_days,absolute global-peak date error,days,lower,48.243697478991592,3.7857142857142856,106.24369747899161,7,7,182,0,182,0,0.048669630931768702,7.8843441010498099,0.096982758620689502,0.93799999999999994,3,3,31,85
timesat_smoothing_spline,30,3,primary_controlled_consecutive_gap,absolute_relative_integral_error,absolute relative common-support integral error,fraction,lower,0.12099762641614512,0.094122000217525217,0.1480433694732684,7,7,182,0,182,0,0.048669630931768702,7.8843441010498099,0.096982758620689502,0.93799999999999994,3,3,31,85
timesat_smoothing_spline,30,3,primary_controlled_consecutive_gap,normalized_absolute_peak_magnitude_error,normalized absolute global-peak magnitude error,fraction_Q95_minus_Q05,lower,1.0121304537651228,0.53639126810103266,1.5544855901767642,7,7,182,0,182,0,0.048669630931768702,7.8843441010498099,0.096982758620689502,0.93799999999999994,3,3,31,85
timesat_smoothing_spline,30,3,primary_controlled_consecutive_gap,nrmse,point-wise nRMSE,fraction_Q95_minus_Q05,lower,0.24106294506727272,0.20375868423098312,0.27124518364524547,7,7,182,0,182,0,0.048669630931768702,7.8843441010498099,0.096982758620689502,0.93799999999999994,3,3,31,85
timesat_smoothing_spline,30,3,primary_controlled_consecutive_gap,peak_timing_success_10d,global-peak timing success <=10 d,fraction,higher,0.6428571428571429,0.2857142857142857,0.9285714285714286,7,7,182,0,182,0,0.048669630931768702,7.8843441010498099,0.096982758620689502,0.93799999999999994,3,3,31,85
timesat_smoothing_spline,30,3,primary_controlled_consecutive_gap,peak_timing_success_15d,global-peak timing success <=15 d,fraction,higher,0.7142857142857143,0.42857142857142855,1,7,7,182,0,182,0,0.048669630931768702,7.8843441010498099,0.096982758620689502,0.93799999999999994,3,3,31,85
timesat_smoothing_spline,30,3,primary_controlled_consecutive_gap,peak_timing_success_5d,global-peak timing success <=5 d,fraction,higher,0.5,0.14285714285714285,0.8571428571428571,7,7,182,0,182,0,0.048669630931768702,7.8843441010498099,0.096982758620689502,0.93799999999999994,3,3,31,85
timesat_smoothing_spline,30,3,primary_controlled_consecutive_gap,pearson_correlation,daily trajectory Pearson correlation,correlation,higher,0.79800623955223404,0.76406639595988024,0.83978257148645274,7,7,182,0,182,0,0.048669630931768702,7.8843441010498099,0.096982758620689502,0.93799999999999994,3,3,31,85
timesat_smoothing_spline,30,3,primary_controlled_consecutive_gap,rmse,point-wise RMSE,ug_L,lower,5.049256189479995,3.6439762333451924,6.4417607050294858,7,7,182,0,182,0,0.048669630931768702,7.8843441010498099,0.096982758620689502,0.93799999999999994,3,3,31,85
timesat_smoothing_spline,30,4,primary_controlled_consecutive_gap,absolute_integral_error,absolute common-support integral error,ug_day_L,lower,221.12456286608889,171.97209722207793,273.61342738338237,7,7,242,0,242,0,0.13897916177372471,9.7832113301421995,0.068888888888888805,0.93404255319148921,4,4,32,53
timesat_smoothing_spline,30,4,primary_controlled_consecutive_gap,absolute_peak_date_error_days,absolute global-peak date error,days,lower,54.444127882753719,4.6263510036026769,117.48907938754503,7,7,242,0,242,0,0.13897916177372471,9.7832113301421995,0.068888888888888805,0.93404255319148921,4,4,32,53
timesat_smoothing_spline,30,4,primary_controlled_consecutive_gap,absolute_relative_integral_error,absolute relative common-support integral error,fraction,lower,0.13901111348367365,0.10571280642096707,0.17260057164935749,7,7,242,0,242,0,0.13897916177372471,9.7832113301421995,0.068888888888888805,0.93404255319148921,4,4,32,53
timesat_smoothing_spline,30,4,primary_controlled_consecutive_gap,normalized_absolute_peak_magnitude_error,normalized absolute global-peak magnitude error,fraction_Q95_minus_Q05,lower,0.99959564342997331,0.53329469484217273,1.5102271812492314,7,7,242,0,242,0,0.13897916177372471,9.7832113301421995,0.068888888888888805,0.93404255319148921,4,4,32,53
timesat_smoothing_spline,30,4,primary_controlled_consecutive_gap,nrmse,point-wise nRMSE,fraction_Q95_minus_Q05,lower,0.24717309523480194,0.20674707460631722,0.28314441403592366,7,7,242,0,242,0,0.13897916177372471,9.7832113301421995,0.068888888888888805,0.93404255319148921,4,4,32,53
timesat_smoothing_spline,30,4,primary_controlled_consecutive_gap,peak_timing_success_10d,global-peak timing success <=10 d,fraction,higher,0.6002668308702791,0.25892857142857145,0.89583333333333326,7,7,242,0,242,0,0.13897916177372471,9.7832113301421995,0.068888888888888805,0.93404255319148921,4,4,32,53
timesat_smoothing_spline,30,4,primary_controlled_consecutive_gap,peak_timing_success_15d,global-peak timing success <=15 d,fraction,higher,0.70443349753694584,0.40886699507389157,0.99014778325123154,7,7,242,0,242,0,0.13897916177372471,9.7832113301421995,0.068888888888888805,0.93404255319148921,4,4,32,53
timesat_smoothing_spline,30,4,primary_controlled_consecutive_gap,peak_timing_success_5d,global-peak timing success <=5 d,fraction,higher,0.46167408033723012,0.14579810308065583,0.82758620689655171,7,7,242,0,242,0,0.13897916177372471,9.7832113301421995,0.068888888888888805,0.93404255319148921,4,4,32,53
timesat_smoothing_spline,30,4,primary_controlled_consecutive_gap,pearson_correlation,daily trajectory Pearson correlation,correlation,higher,0.80163262848532146,0.77125187860980682,0.83555938047046041,7,7,242,0,242,0,0.13897916177372471,9.7832113301421995,0.068888888888888805,0.93404255319148921,4,4,32,53
timesat_smoothing_spline,30,4,primary_controlled_consecutive_gap,rmse,point-wise RMSE,ug_L,lower,5.1112579120880417,3.7755884134603033,6.5020733186614006,7,7,242,0,242,0,0.13897916177372471,9.7832113301421995,0.068888888888888805,0.93404255319148921,4,4,32,53
timesat_smoothing_spline,30,5,primary_controlled_consecutive_gap,absolute_integral_error,absolute common-support integral error,ug_day_L,lower,256.32349819355147,215.67653522240715,309.10296146193605,7,7,302,0,302,0,0.18726496888266961,10.53242492318695,0.059615384615384501,0.89148936170212745,5,5,31,57
timesat_smoothing_spline,30,5,primary_controlled_consecutive_gap,absolute_peak_date_error_days,absolute global-peak date error,days,lower,55.023072606242863,7.1845238095238102,115.42349268474514,7,7,302,0,302,0,0.18726496888266961,10.53242492318695,0.059615384615384501,0.89148936170212745,5,5,31,57
timesat_smoothing_spline,30,5,primary_controlled_consecutive_gap,absolute_relative_integral_error,absolute relative common-support integral error,fraction,lower,0.16108352730484105,0.13144742086929781,0.19423630137771855,7,7,302,0,302,0,0.18726496888266961,10.53242492318695,0.059615384615384501,0.89148936170212745,5,5,31,57
timesat_smoothing_spline,30,5,primary_controlled_consecutive_gap,normalized_absolute_peak_magnitude_error,normalized absolute global-peak magnitude error,fraction_Q95_minus_Q05,lower,1.0302925140152073,0.54921373792263084,1.5738275039723513,7,7,302,0,302,0,0.18726496888266961,10.53242492318695,0.059615384615384501,0.89148936170212745,5,5,31,57
timesat_smoothing_spline,30,5,primary_controlled_consecutive_gap,nrmse,point-wise nRMSE,fraction_Q95_minus_Q05,lower,0.2595106627928977,0.23121538007563053,0.28451785366004728,7,7,302,0,302,0,0.18726496888266961,10.53242492318695,0.059615384615384501,0.89148936170212745,5,5,31,57
timesat_smoothing_spline,30,5,primary_controlled_consecutive_gap,peak_timing_success_10d,global-peak timing success <=10 d,fraction,higher,0.55826118326118324,0.24025523088023085,0.84728986291486197,7,7,302,0,302,0,0.18726496888266961,10.53242492318695,0.059615384615384501,0.89148936170212745,5,5,31,57
timesat_smoothing_spline,30,5,primary_controlled_consecutive_gap,peak_timing_success_15d,global-peak timing success <=15 d,fraction,higher,0.68650793650793651,0.375,0.97222222222222221,7,7,302,0,302,0,0.18726496888266961,10.53242492318695,0.059615384615384501,0.89148936170212745,5,5,31,57
timesat_smoothing_spline,30,5,primary_controlled_consecutive_gap,peak_timing_success_5d,global-peak timing success <=5 d,fraction,higher,0.39267676767676768,0.11688311688311688,0.716089466089466,7,7,302,0,302,0,0.18726496888266961,10.53242492318695,0.059615384615384501,0.89148936170212745,5,5,31,57
timesat_smoothing_spline,30,5,primary_controlled_consecutive_gap,pearson_correlation,daily trajectory Pearson correlation,correlation,higher,0.77654115334724849,0.74614667332065943,0.80534343336181291,7,7,302,0,302,0,0.18726496888266961,10.53242492318695,0.059615384615384501,0.89148936170212745,5,5,31,57
timesat_smoothing_spline,30,5,primary_controlled_consecutive_gap,rmse,point-wise RMSE,ug_L,lower,5.3873757839678644,4.1031452029167195,6.841419361492135,7,7,302,0,302,0,0.18726496888266961,10.53242492318695,0.059615384615384501,0.89148936170212745,5,5,31,57
timesat_smoothing_spline,30,6,primary_controlled_consecutive_gap,absolute_integral_error,absolute common-support integral error,ug_day_L,lower,260.05616375034634,203.31851062277721,325.45503533467917,7,7,262,0,262,0,0.20461695621391771,15.484027686454541,0.062,0.84893617021276591,6,6,32,52
timesat_smoothing_spline,30,6,primary_controlled_consecutive_gap,absolute_peak_date_error_days,absolute global-peak date error,days,lower,52.067659128805026,8.9817813765182191,102.00684951904464,7,7,262,0,262,0,0.20461695621391771,15.484027686454541,0.062,0.84893617021276591,6,6,32,52
timesat_smoothing_spline,30,6,primary_controlled_consecutive_gap,absolute_relative_integral_error,absolute relative common-support integral error,fraction,lower,0.15697983295977819,0.13877017479394471,0.17454920649253156,7,7,262,0,262,0,0.20461695621391771,15.484027686454541,0.062,0.84893617021276591,6,6,32,52
timesat_smoothing_spline,30,6,primary_controlled_consecutive_gap,normalized_absolute_peak_magnitude_error,normalized absolute global-peak magnitude error,fraction_Q95_minus_Q05,lower,1.0669991320864776,0.60153873398325808,1.6119164712524956,7,7,262,0,262,0,0.20461695621391771,15.484027686454541,0.062,0.84893617021276591,6,6,32,52
timesat_smoothing_spline,30,6,primary_controlled_consecutive_gap,nrmse,point-wise nRMSE,fraction_Q95_minus_Q05,lower,0.25814306148279137,0.22613399170679274,0.29084687538156928,7,7,262,0,262,0,0.20461695621391771,15.484027686454541,0.062,0.84893617021276591,6,6,32,52
timesat_smoothing_spline,30,6,primary_controlled_consecutive_gap,peak_timing_success_10d,global-peak timing success <=10 d,fraction,higher,0.55162907653904047,0.25305250305250304,0.83337510828507233,7,7,262,0,262,0,0.20461695621391771,15.484027686454541,0.062,0.84893617021276591,6,6,32,52
timesat_smoothing_spline,30,6,primary_controlled_consecutive_gap,peak_timing_success_15d,global-peak timing success <=15 d,fraction,higher,0.67579302783384421,0.35531135531135533,0.96336996336996339,7,7,262,0,262,0,0.20461695621391771,15.484027686454541,0.062,0.84893617021276591,6,6,32,52
timesat_smoothing_spline,30,6,primary_controlled_consecutive_gap,peak_timing_success_5d,global-peak timing success <=5 d,fraction,higher,0.41674354337840785,0.15761273180951574,0.6884522268517973,7,7,262,0,262,0,0.20461695621391771,15.484027686454541,0.062,0.84893617021276591,6,6,32,52
timesat_smoothing_spline,30,6,primary_controlled_consecutive_gap,pearson_correlation,daily trajectory Pearson correlation,correlation,higher,0.76920424434969648,0.72884925714108584,0.80427706523831433,7,7,262,0,262,0,0.20461695621391771,15.484027686454541,0.062,0.84893617021276591,6,6,32,52
timesat_smoothing_spline,30,6,primary_controlled_consecutive_gap,rmse,point-wise RMSE,ug_L,lower,5.4125333390075694,4.0123045368162646,7.0063190768158066,7,7,262,0,262,0,0.20461695621391771,15.484027686454541,0.062,0.84893617021276591,6,6,32,52
timesat_smoothing_spline,30,7,primary_controlled_consecutive_gap,absolute_integral_error,absolute common-support integral error,ug_day_L,lower,227.26743710998969,183.22347149907964,269.00614232170631,7,7,93,0,93,0,0.2190015602445356,10.492798556141418,0.1044444444444444,0.79777777777777781,7,7,32,55
timesat_smoothing_spline,30,7,primary_controlled_consecutive_gap,absolute_peak_date_error_days,absolute global-peak date error,days,lower,53.37063492063492,4.6505952380952387,113.94702380952376,7,7,93,0,93,0,0.2190015602445356,10.492798556141418,0.1044444444444444,0.79777777777777781,7,7,32,55
timesat_smoothing_spline,30,7,primary_controlled_consecutive_gap,absolute_relative_integral_error,absolute relative common-support integral error,fraction,lower,0.14553442590400617,0.10842374569324817,0.1880037844164518,7,7,93,0,93,0,0.2190015602445356,10.492798556141418,0.1044444444444444,0.79777777777777781,7,7,32,55
timesat_smoothing_spline,30,7,primary_controlled_consecutive_gap,normalized_absolute_peak_magnitude_error,normalized absolute global-peak magnitude error,fraction_Q95_minus_Q05,lower,1.0550859941469084,0.57880370065385822,1.5931427397735203,7,7,93,0,93,0,0.2190015602445356,10.492798556141418,0.1044444444444444,0.79777777777777781,7,7,32,55
timesat_smoothing_spline,30,7,primary_controlled_consecutive_gap,nrmse,point-wise nRMSE,fraction_Q95_minus_Q05,lower,0.24337745669179295,0.20645440148902625,0.27235439739071793,7,7,93,0,93,0,0.2190015602445356,10.492798556141418,0.1044444444444444,0.79777777777777781,7,7,32,55
timesat_smoothing_spline,30,7,primary_controlled_consecutive_gap,peak_timing_success_10d,global-peak timing success <=10 d,fraction,higher,0.5714285714285714,0.14285714285714285,0.8571428571428571,7,7,93,0,93,0,0.2190015602445356,10.492798556141418,0.1044444444444444,0.79777777777777781,7,7,32,55
timesat_smoothing_spline,30,7,primary_controlled_consecutive_gap,peak_timing_success_15d,global-peak timing success <=15 d,fraction,higher,0.7142857142857143,0.42857142857142855,1,7,7,93,0,93,0,0.2190015602445356,10.492798556141418,0.1044444444444444,0.79777777777777781,7,7,32,55
timesat_smoothing_spline,30,7,primary_controlled_consecutive_gap,peak_timing_success_5d,global-peak timing success <=5 d,fraction,higher,0.40476190476190477,0.11904761904761905,0.76190476190476186,7,7,93,0,93,0,0.2190015602445356,10.492798556141418,0.1044444444444444,0.79777777777777781,7,7,32,55
timesat_smoothing_spline,30,7,primary_controlled_consecutive_gap,pearson_correlation,daily trajectory Pearson correlation,correlation,higher,0.79081965877911442,0.76090597823350836,0.83020862002241547,7,7,93,0,93,0,0.2190015602445356,10.492798556141418,0.1044444444444444,0.79777777777777781,7,7,32,55
timesat_smoothing_spline,30,7,primary_controlled_consecutive_gap,rmse,point-wise RMSE,ug_L,lower,5.0524322096486056,3.6701699679051161,6.5431883442273682,7,7,93,0,93,0,0.2190015602445356,10.492798556141418,0.1044444444444444,0.79777777777777781,7,7,32,55
timesat_smoothing_spline,30,8,primary_controlled_consecutive_gap,absolute_integral_error,absolute common-support integral error,ug_day_L,lower,203.35380962432998,131.74812063346488,291.22651828984687,6,6,83,0,83,0,0.22815988712202001,7.3850596293587074,0.1133333333333333,0.62888888888888894,8,8,32,55
timesat_smoothing_spline,30,8,primary_controlled_consecutive_gap,absolute_peak_date_error_days,absolute global-peak date error,days,lower,53.75595238095238,3.1666666666666665,114.35119047619048,6,6,83,0,83,0,0.22815988712202001,7.3850596293587074,0.1133333333333333,0.62888888888888894,8,8,32,55
timesat_smoothing_spline,30,8,primary_controlled_consecutive_gap,absolute_relative_integral_error,absolute relative common-support integral error,fraction,lower,0.11440253735138776,0.090264247548415541,0.13729461186337097,6,6,83,0,83,0,0.22815988712202001,7.3850596293587074,0.1133333333333333,0.62888888888888894,8,8,32,55
timesat_smoothing_spline,30,8,primary_controlled_consecutive_gap,normalized_absolute_peak_magnitude_error,normalized absolute global-peak magnitude error,fraction_Q95_minus_Q05,lower,0.789021941133492,0.44314728319664304,1.1291497913319741,6,6,83,0,83,0,0.22815988712202001,7.3850596293587074,0.1133333333333333,0.62888888888888894,8,8,32,55
timesat_smoothing_spline,30,8,primary_controlled_consecutive_gap,nrmse,point-wise nRMSE,fraction_Q95_minus_Q05,lower,0.2318285992706447,0.18927575596697602,0.2692181712284929,6,6,83,0,83,0,0.22815988712202001,7.3850596293587074,0.1133333333333333,0.62888888888888894,8,8,32,55
timesat_smoothing_spline,30,8,primary_controlled_consecutive_gap,peak_timing_success_10d,global-peak timing success <=10 d,fraction,higher,0.68452380952380965,0.35119047619047622,1,6,6,83,0,83,0,0.22815988712202001,7.3850596293587074,0.1133333333333333,0.62888888888888894,8,8,32,55
timesat_smoothing_spline,30,8,primary_controlled_consecutive_gap,peak_timing_success_15d,global-peak timing success <=15 d,fraction,higher,0.68452380952380965,0.35119047619047622,1,6,6,83,0,83,0,0.22815988712202001,7.3850596293587074,0.1133333333333333,0.62888888888888894,8,8,32,55
timesat_smoothing_spline,30,8,primary_controlled_consecutive_gap,peak_timing_success_5d,global-peak timing success <=5 d,fraction,higher,0.5,0.16666666666666666,0.83333333333333337,6,6,83,0,83,0,0.22815988712202001,7.3850596293587074,0.1133333333333333,0.62888888888888894,8,8,32,55
timesat_smoothing_spline,30,8,primary_controlled_consecutive_gap,pearson_correlation,daily trajectory Pearson correlation,correlation,higher,0.79926938464279251,0.75477649185976359,0.84977604044040655,6,6,83,0,83,0,0.22815988712202001,7.3850596293587074,0.1133333333333333,0.62888888888888894,8,8,32,55
timesat_smoothing_spline,30,8,primary_controlled_consecutive_gap,rmse,point-wise RMSE,ug_L,lower,5.1672597827258508,3.2976033950914445,7.1736773230675626,6,6,83,0,83,0,0.22815988712202001,7.3850596293587074,0.1133333333333333,0.62888888888888894,8,8,32,55
timesat_smoothing_spline,30,9,primary_controlled_consecutive_gap,absolute_integral_error,absolute common-support integral error,ug_day_L,lower,198.5378552639601,131.17942170114185,280.65513217945272,5,5,80,0,80,0,0.33596505568063523,5.3241288406661047,0.069819819819819801,0.59777777777777774,9,9,32,48
timesat_smoothing_spline,30,9,primary_controlled_consecutive_gap,absolute_peak_date_error_days,absolute global-peak date error,days,lower,64.303036414565824,2.4240000000000004,138.66722689075633,5,5,80,0,80,0,0.33596505568063523,5.3241288406661047,0.069819819819819801,0.59777777777777774,9,9,32,48
timesat_smoothing_spline,30,9,primary_controlled_consecutive_gap,absolute_relative_integral_error,absolute relative common-support integral error,fraction,lower,0.1168275376821772,0.091013233017216338,0.13976689082585933,5,5,80,0,80,0,0.33596505568063523,5.3241288406661047,0.069819819819819801,0.59777777777777774,9,9,32,48
timesat_smoothing_spline,30,9,primary_controlled_consecutive_gap,normalized_absolute_peak_magnitude_error,normalized absolute global-peak magnitude error,fraction_Q95_minus_Q05,lower,0.7264574048898591,0.35877194792302902,1.1282607003108451,5,5,80,0,80,0,0.33596505568063523,5.3241288406661047,0.069819819819819801,0.59777777777777774,9,9,32,48
timesat_smoothing_spline,30,9,primary_controlled_consecutive_gap,nrmse,point-wise nRMSE,fraction_Q95_minus_Q05,lower,0.22151874703913066,0.17485568625043396,0.26486225988380069,5,5,80,0,80,0,0.33596505568063523,5.3241288406661047,0.069819819819819801,0.59777777777777774,9,9,32,48
timesat_smoothing_spline,30,9,primary_controlled_consecutive_gap,peak_timing_success_10d,global-peak timing success <=10 d,fraction,higher,0.6352941176470589,0.23529411764705882,1,5,5,80,0,80,0,0.33596505568063523,5.3241288406661047,0.069819819819819801,0.59777777777777774,9,9,32,48
timesat_smoothing_spline,30,9,primary_controlled_consecutive_gap,peak_timing_success_15d,global-peak timing success <=15 d,fraction,higher,0.6352941176470589,0.23529411764705882,1,5,5,80,0,80,0,0.33596505568063523,5.3241288406661047,0.069819819819819801,0.59777777777777774,9,9,32,48
timesat_smoothing_spline,30,9,primary_controlled_consecutive_gap,peak_timing_success_5d,global-peak timing success <=5 d,fraction,higher,0.59999999999999998,0.20000000000000001,1,5,5,80,0,80,0,0.33596505568063523,5.3241288406661047,0.069819819819819801,0.59777777777777774,9,9,32,48
timesat_smoothing_spline,30,9,primary_controlled_consecutive_gap,pearson_correlation,daily trajectory Pearson correlation,correlation,higher,0.80420316023219185,0.74597281271406923,0.86170374721658349,5,5,80,0,80,0,0.33596505568063523,5.3241288406661047,0.069819819819819801,0.59777777777777774,9,9,32,48
timesat_smoothing_spline,30,9,primary_controlled_consecutive_gap,rmse,point-wise RMSE,ug_L,lower,4.5710131117068471,2.8209982978067787,6.7687847624749482,5,5,80,0,80,0,0.33596505568063523,5.3241288406661047,0.069819819819819801,0.59777777777777774,9,9,32,48
timesat_smoothing_spline,30,10,primary_controlled_consecutive_gap,absolute_integral_error,absolute common-support integral error,ug_day_L,lower,204.34069352470601,89.768704965628856,381.19750728260215,3,3,22,0,22,0,0.34108523806277202,1.8946891752103392,0.092342342342342301,0.30888888888888882,10,10,32,50
timesat_smoothing_spline,30,10,primary_controlled_consecutive_gap,absolute_peak_date_error_days,absolute global-peak date error,days,lower,53.666666666666664,3,151,3,3,22,0,22,0,0.34108523806277202,1.8946891752103392,0.092342342342342301,0.30888888888888882,10,10,32,50
timesat_smoothing_spline,30,10,primary_controlled_consecutive_gap,absolute_relative_integral_error,absolute relative common-support integral error,fraction,lower,0.16631948003354305,0.065621464331731855,0.35924008831123572,3,3,22,0,22,0,0.34108523806277202,1.8946891752103392,0.092342342342342301,0.30888888888888882,10,10,32,50
timesat_smoothing_spline,30,10,primary_controlled_consecutive_gap,normalized_absolute_peak_magnitude_error,normalized absolute global-peak magnitude error,fraction_Q95_minus_Q05,lower,0.62094063301215974,0.1401809518984182,0.98176909027558656,3,3,22,0,22,0,0.34108523806277202,1.8946891752103392,0.092342342342342301,0.30888888888888882,10,10,32,50
timesat_smoothing_spline,30,10,primary_controlled_consecutive_gap,nrmse,point-wise nRMSE,fraction_Q95_minus_Q05,lower,0.25004386218400748,0.18934087509791886,0.33352982571193363,3,3,22,0,22,0,0.34108523806277202,1.8946891752103392,0.092342342342342301,0.30888888888888882,10,10,32,50
timesat_smoothing_spline,30,10,primary_controlled_consecutive_gap,peak_timing_success_10d,global-peak timing success <=10 d,fraction,higher,0.66666666666666663,0,1,3,3,22,0,22,0,0.34108523806277202,1.8946891752103392,0.092342342342342301,0.30888888888888882,10,10,32,50
timesat_smoothing_spline,30,10,primary_controlled_consecutive_gap,peak_timing_success_15d,global-peak timing success <=15 d,fraction,higher,0.66666666666666663,0,1,3,3,22,0,22,0,0.34108523806277202,1.8946891752103392,0.092342342342342301,0.30888888888888882,10,10,32,50
timesat_smoothing_spline,30,10,primary_controlled_consecutive_gap,peak_timing_success_5d,global-peak timing success <=5 d,fraction,higher,0.33333333333333331,0,1,3,3,22,0,22,0,0.34108523806277202,1.8946891752103392,0.092342342342342301,0.30888888888888882,10,10,32,50
timesat_smoothing_spline,30,10,primary_controlled_consecutive_gap,pearson_correlation,daily trajectory Pearson correlation,correlation,higher,0.79360885493733668,0.73696918467089434,0.83582591618928659,3,3,22,0,22,0,0.34108523806277202,1.8946891752103392,0.092342342342342301,0.30888888888888882,10,10,32,50
timesat_smoothing_spline,30,10,primary_controlled_consecutive_gap,rmse,point-wise RMSE,ug_L,lower,3.7501168677525611,3.5561449978615109,3.9859016691479603,3,3,22,0,22,0,0.34108523806277202,1.8946891752103392,0.092342342342342301,0.30888888888888882,10,10,32,50
timesat_smoothing_spline,30,11,primary_controlled_consecutive_gap,absolute_integral_error,absolute common-support integral error,ug_day_L,lower,114.23917997419103,91.01412261627857,137.46423733210349,2,2,8,0,8,0,0.36054362256212902,0.80968796509543584,0.17999999999999991,0.28666666666666663,11,11,35,37
timesat_smoothing_spline,30,11,primary_controlled_consecutive_gap,absolute_peak_date_error_days,absolute global-peak date error,days,lower,77,3,151,2,2,8,0,8,0,0.36054362256212902,0.80968796509543584,0.17999999999999991,0.28666666666666663,11,11,35,37
timesat_smoothing_spline,30,11,primary_controlled_consecutive_gap,absolute_relative_integral_error,absolute relative common-support integral error,fraction,lower,0.069116873602850265,0.066531872140015519,0.071701875065684997,2,2,8,0,8,0,0.36054362256212902,0.80968796509543584,0.17999999999999991,0.28666666666666663,11,11,35,37
timesat_smoothing_spline,30,11,primary_controlled_consecutive_gap,normalized_absolute_peak_magnitude_error,normalized absolute global-peak magnitude error,fraction_Q95_minus_Q05,lower,0.86132292441011071,0.74087185686247425,0.98177399195774717,2,2,8,0,8,0,0.36054362256212902,0.80968796509543584,0.17999999999999991,0.28666666666666663,11,11,35,37
timesat_smoothing_spline,30,11,primary_controlled_consecutive_gap,nrmse,point-wise nRMSE,fraction_Q95_minus_Q05,lower,0.21536827953176407,0.18806954101479154,0.24266701804873661,2,2,8,0,8,0,0.36054362256212902,0.80968796509543584,0.17999999999999991,0.28666666666666663,11,11,35,37
timesat_smoothing_spline,30,11,primary_controlled_consecutive_gap,peak_timing_success_10d,global-peak timing success <=10 d,fraction,higher,0.5,0,1,2,2,8,0,8,0,0.36054362256212902,0.80968796509543584,0.17999999999999991,0.28666666666666663,11,11,35,37
timesat_smoothing_spline,30,11,primary_controlled_consecutive_gap,peak_timing_success_15d,global-peak timing success <=15 d,fraction,higher,0.5,0,1,2,2,8,0,8,0,0.36054362256212902,0.80968796509543584,0.17999999999999991,0.28666666666666663,11,11,35,37
timesat_smoothing_spline,30,11,primary_controlled_consecutive_gap,peak_timing_success_5d,global-peak timing success <=5 d,fraction,higher,0.5,0,1,2,2,8,0,8,0,0.36054362256212902,0.80968796509543584,0.17999999999999991,0.28666666666666663,11,11,35,37
timesat_smoothing_spline,30,11,primary_controlled_consecutive_gap,pearson_correlation,daily trajectory Pearson correlation,correlation,higher,0.80818199427075621,0.77896869166646077,0.83739529687505154,2,2,8,0,8,0,0.36054362256212902,0.80968796509543584,0.17999999999999991,0.28666666666666663,11,11,35,37
timesat_smoothing_spline,30,11,primary_controlled_consecutive_gap,rmse,point-wise RMSE,ug_L,lower,3.9594149993962153,3.9591382318217008,3.9596917669707294,2,2,8,0,8,0,0.36054362256212902,0.80968796509543584,0.17999999999999991,0.28666666666666663,11,11,35,37
timesat_smoothing_spline,45,1,primary_controlled_consecutive_gap,absolute_integral_error,absolute common-support integral error,ug_day_L,lower,29.950406581046536,29.950406581046536,29.950406581046536,1,1,7,0,7,0,1.1040128032715055,1.1440300609542171,0.86936936936936915,0.89639639639639634,1,1,52,52
timesat_smoothing_spline,45,1,primary_controlled_consecutive_gap,absolute_peak_date_error_days,absolute global-peak date error,days,lower,1,1,1,1,1,7,0,7,0,1.1040128032715055,1.1440300609542171,0.86936936936936915,0.89639639639639634,1,1,52,52
timesat_smoothing_spline,45,1,primary_controlled_consecutive_gap,absolute_relative_integral_error,absolute relative common-support integral error,fraction,lower,0.028225228391003197,0.028225228391003197,0.028225228391003197,1,1,7,0,7,0,1.1040128032715055,1.1440300609542171,0.86936936936936915,0.89639639639639634,1,1,52,52
timesat_smoothing_spline,45,1,primary_controlled_consecutive_gap,normalized_absolute_peak_magnitude_error,normalized absolute global-peak magnitude error,fraction_Q95_minus_Q05,lower,0.1359343818395673,0.1359343818395673,0.1359343818395673,1,1,7,0,7,0,1.1040128032715055,1.1440300609542171,0.86936936936936915,0.89639639639639634,1,1,52,52
timesat_smoothing_spline,45,1,primary_controlled_consecutive_gap,nrmse,point-wise nRMSE,fraction_Q95_minus_Q05,lower,0.21203497478035471,0.21203497478035471,0.21203497478035471,1,1,7,0,7,0,1.1040128032715055,1.1440300609542171,0.86936936936936915,0.89639639639639634,1,1,52,52
timesat_smoothing_spline,45,1,primary_controlled_consecutive_gap,peak_timing_success_10d,global-peak timing success <=10 d,fraction,higher,1,1,1,1,1,7,0,7,0,1.1040128032715055,1.1440300609542171,0.86936936936936915,0.89639639639639634,1,1,52,52
timesat_smoothing_spline,45,1,primary_controlled_consecutive_gap,peak_timing_success_15d,global-peak timing success <=15 d,fraction,higher,1,1,1,1,1,7,0,7,0,1.1040128032715055,1.1440300609542171,0.86936936936936915,0.89639639639639634,1,1,52,52
timesat_smoothing_spline,45,1,primary_controlled_consecutive_gap,peak_timing_success_5d,global-peak timing success <=5 d,fraction,higher,1,1,1,1,1,7,0,7,0,1.1040128032715055,1.1440300609542171,0.86936936936936915,0.89639639639639634,1,1,52,52
timesat_smoothing_spline,45,1,primary_controlled_consecutive_gap,pearson_correlation,daily trajectory Pearson correlation,correlation,higher,0.84179429052622445,0.84179429052622445,0.84179429052622445,1,1,7,0,7,0,1.1040128032715055,1.1440300609542171,0.86936936936936915,0.89639639639639634,1,1,52,52
timesat_smoothing_spline,45,1,primary_controlled_consecutive_gap,rmse,point-wise RMSE,ug_L,lower,2.2607486851508618,2.2607486851508618,2.2607486851508618,1,1,7,0,7,0,1.1040128032715055,1.1440300609542171,0.86936936936936915,0.89639639639639634,1,1,52,52
timesat_smoothing_spline,45,2,primary_controlled_consecutive_gap,absolute_integral_error,absolute common-support integral error,ug_day_L,lower,121.24840398818681,113.0369887796619,129.45981919671172,2,2,44,0,44,0,0.66840122577727257,6.1399277457166495,0.40540540540540532,0.86486486486486491,2,2,47,63
timesat_smoothing_spline,45,2,primary_controlled_consecutive_gap,absolute_peak_date_error_days,absolute global-peak date error,days,lower,76,1,151,2,2,44,0,44,0,0.66840122577727257,6.1399277457166495,0.40540540540540532,0.86486486486486491,2,2,47,63
timesat_smoothing_spline,45,2,primary_controlled_consecutive_gap,absolute_relative_integral_error,absolute relative common-support integral error,fraction,lower,0.090481655777451181,0.058960528240516549,0.12200278331438583,2,2,44,0,44,0,0.66840122577727257,6.1399277457166495,0.40540540540540532,0.86486486486486491,2,2,47,63
timesat_smoothing_spline,45,2,primary_controlled_consecutive_gap,normalized_absolute_peak_magnitude_error,normalized absolute global-peak magnitude error,fraction_Q95_minus_Q05,lower,0.55887136883072552,0.13603452428500859,0.98170821337644243,2,2,44,0,44,0,0.66840122577727257,6.1399277457166495,0.40540540540540532,0.86486486486486491,2,2,47,63
timesat_smoothing_spline,45,2,primary_controlled_consecutive_gap,nrmse,point-wise nRMSE,fraction_Q95_minus_Q05,lower,0.21169062177425552,0.20004256165164436,0.22333868189686665,2,2,44,0,44,0,0.66840122577727257,6.1399277457166495,0.40540540540540532,0.86486486486486491,2,2,47,63
timesat_smoothing_spline,45,2,primary_controlled_consecutive_gap,peak_timing_success_10d,global-peak timing success <=10 d,fraction,higher,0.5,0,1,2,2,44,0,44,0,0.66840122577727257,6.1399277457166495,0.40540540540540532,0.86486486486486491,2,2,47,63
timesat_smoothing_spline,45,2,primary_controlled_consecutive_gap,peak_timing_success_15d,global-peak timing success <=15 d,fraction,higher,0.5,0,1,2,2,44,0,44,0,0.66840122577727257,6.1399277457166495,0.40540540540540532,0.86486486486486491,2,2,47,63
timesat_smoothing_spline,45,2,primary_controlled_consecutive_gap,peak_timing_success_5d,global-peak timing success <=5 d,fraction,higher,0.5,0,1,2,2,44,0,44,0,0.66840122577727257,6.1399277457166495,0.40540540540540532,0.86486486486486491,2,2,47,63
timesat_smoothing_spline,45,2,primary_controlled_consecutive_gap,pearson_correlation,daily trajectory Pearson correlation,correlation,higher,0.81648137191809877,0.81303012750335879,0.81993261633283876,2,2,44,0,44,0,0.66840122577727257,6.1399277457166495,0.40540540540540532,0.86486486486486491,2,2,47,63
timesat_smoothing_spline,45,2,primary_controlled_consecutive_gap,rmse,point-wise RMSE,ug_L,lower,3.2962291448586871,2.3812705048528096,4.2111877848645642,2,2,44,0,44,0,0.66840122577727257,6.1399277457166495,0.40540540540540532,0.86486486486486491,2,2,47,63
timesat_smoothing_spline,45,3,primary_controlled_consecutive_gap,absolute_integral_error,absolute common-support integral error,ug_day_L,lower,200.06121444481752,50.89654735541523,332.31825707166144,3,3,102,0,102,0,0.59362593348043013,6.9181725594717927,0.33783783783783772,0.89777777777777756,3,3,47,85
timesat_smoothing_spline,45,3,primary_controlled_consecutive_gap,absolute_peak_date_error_days,absolute global-peak date error,days,lower,48.540259740259749,1.7333333333333334,118.85714285714285,3,3,102,0,102,0,0.59362593348043013,6.9181725594717927,0.33783783783783772,0.89777777777777756,3,3,47,85
timesat_smoothing_spline,45,3,primary_controlled_consecutive_gap,absolute_relative_integral_error,absolute relative common-support integral error,fraction,lower,0.13802641615221803,0.036269585126909989,0.20447118189597188,3,3,102,0,102,0,0.59362593348043013,6.9181725594717927,0.33783783783783772,0.89777777777777756,3,3,47,85
timesat_smoothing_spline,45,3,primary_controlled_consecutive_gap,normalized_absolute_peak_magnitude_error,normalized absolute global-peak magnitude error,fraction_Q95_minus_Q05,lower,1.1124074286797656,0.13203315235168669,2.363648450029058,3,3,102,0,102,0,0.59362593348043013,6.9181725594717927,0.33783783783783772,0.89777777777777756,3,3,47,85
timesat_smoothing_spline,45,3,primary_controlled_consecutive_gap,nrmse,point-wise nRMSE,fraction_Q95_minus_Q05,lower,0.27279063628143735,0.26024377471652654,0.29371158261794544,3,3,102,0,102,0,0.59362593348043013,6.9181725594717927,0.33783783783783772,0.89777777777777756,3,3,47,85
timesat_smoothing_spline,45,3,primary_controlled_consecutive_gap,peak_timing_success_10d,global-peak timing success <=10 d,fraction,higher,0.5565656565656566,0,0.8666666666666667,3,3,102,0,102,0,0.59362593348043013,6.9181725594717927,0.33783783783783772,0.89777777777777756,3,3,47,85
timesat_smoothing_spline,45,3,primary_controlled_consecutive_gap,peak_timing_success_15d,global-peak timing success <=15 d,fraction,higher,0.60101010101010099,0,1,3,3,102,0,102,0,0.59362593348043013,6.9181725594717927,0.33783783783783772,0.89777777777777756,3,3,47,85
timesat_smoothing_spline,45,3,primary_controlled_consecutive_gap,peak_timing_success_5d,global-peak timing success <=5 d,fraction,higher,0.5565656565656566,0,0.8666666666666667,3,3,102,0,102,0,0.59362593348043013,6.9181725594717927,0.33783783783783772,0.89777777777777756,3,3,47,85
timesat_smoothing_spline,45,3,primary_controlled_consecutive_gap,pearson_correlation,daily trajectory Pearson correlation,correlation,higher,0.76976297570927832,0.73054122854236925,0.80901295368332926,3,3,102,0,102,0,0.59362593348043013,6.9181725594717927,0.33783783783783772,0.89777777777777756,3,3,47,85
timesat_smoothing_spline,45,3,primary_controlled_consecutive_gap,rmse,point-wise RMSE,ug_L,lower,4.4256270462840046,2.7747581365694369,5.5663541930307856,3,3,102,0,102,0,0.59362593348043013,6.9181725594717927,0.33783783783783772,0.89777777777777756,3,3,47,85
timesat_smoothing_spline,45,4,primary_controlled_consecutive_gap,absolute_integral_error,absolute common-support integral error,ug_day_L,lower,240.15813504967977,136.99840948552691,348.64471455951389,5,5,58,0,58,0,0.30263450706523343,8.9553041791891186,0.15086206896551721,0.78666666666666663,4,4,50,92
timesat_smoothing_spline,45,4,primary_controlled_consecutive_gap,absolute_peak_date_error_days,absolute global-peak date error,days,lower,7.333333333333333,3.1333333333333333,11.266666666666666,5,5,58,0,58,0,0.30263450706523343,8.9553041791891186,0.15086206896551721,0.78666666666666663,4,4,50,92
timesat_smoothing_spline,45,4,primary_controlled_consecutive_gap,absolute_relative_integral_error,absolute relative common-support integral error,fraction,lower,0.14812900222441588,0.10362697368068489,0.19263103076814683,5,5,58,0,58,0,0.30263450706523343,8.9553041791891186,0.15086206896551721,0.78666666666666663,4,4,50,92
timesat_smoothing_spline,45,4,primary_controlled_consecutive_gap,normalized_absolute_peak_magnitude_error,normalized absolute global-peak magnitude error,fraction_Q95_minus_Q05,lower,1.0167396281886969,0.48625067919307752,1.6338730504849857,5,5,58,0,58,0,0.30263450706523343,8.9553041791891186,0.15086206896551721,0.78666666666666663,4,4,50,92
timesat_smoothing_spline,45,4,primary_controlled_consecutive_gap,nrmse,point-wise nRMSE,fraction_Q95_minus_Q05,lower,0.27636839706713584,0.25029299800766525,0.30891947851433887,5,5,58,0,58,0,0.30263450706523343,8.9553041791891186,0.15086206896551721,0.78666666666666663,4,4,50,92
timesat_smoothing_spline,45,4,primary_controlled_consecutive_gap,peak_timing_success_10d,global-peak timing success <=10 d,fraction,higher,0.66666666666666663,0.26666666666666666,1,5,5,58,0,58,0,0.30263450706523343,8.9553041791891186,0.15086206896551721,0.78666666666666663,4,4,50,92
timesat_smoothing_spline,45,4,primary_controlled_consecutive_gap,peak_timing_success_15d,global-peak timing success <=15 d,fraction,higher,1,1,1,5,5,58,0,58,0,0.30263450706523343,8.9553041791891186,0.15086206896551721,0.78666666666666663,4,4,50,92
timesat_smoothing_spline,45,4,primary_controlled_consecutive_gap,peak_timing_success_5d,global-peak timing success <=5 d,fraction,higher,0.46666666666666662,0.066666666666666666,0.86666666666666659,5,5,58,0,58,0,0.30263450706523343,8.9553041791891186,0.15086206896551721,0.78666666666666663,4,4,50,92
timesat_smoothing_spline,45,4,primary_controlled_consecutive_gap,pearson_correlation,daily trajectory Pearson correlation,correlation,higher,0.73973401285398954,0.65030858526594515,0.79843337482794108,5,5,58,0,58,0,0.30263450706523343,8.9553041791891186,0.15086206896551721,0.78666666666666663,4,4,50,92
timesat_smoothing_spline,45,4,primary_controlled_consecutive_gap,rmse,point-wise RMSE,ug_L,lower,5.2308895329094085,3.6625690315591548,6.7992100342596613,5,5,58,0,58,0,0.30263450706523343,8.9553041791891186,0.15086206896551721,0.78666666666666663,4,4,50,92
timesat_smoothing_spline,45,5,primary_controlled_consecutive_gap,absolute_integral_error,absolute common-support integral error,ug_day_L,lower,250.37572053835336,156.93246992262917,343.36526775330037,7,7,103,0,103,0,0.32387320183065721,10.957648241993846,0.14224137931034481,0.91153846153846163,5,5,46,70
timesat_smoothing_spline,45,5,primary_controlled_consecutive_gap,absolute_peak_date_error_days,absolute global-peak date error,days,lower,54.294217687074827,4.6904761904761907,117.28571428571429,7,7,103,0,103,0,0.32387320183065721,10.957648241993846,0.14224137931034481,0.91153846153846163,5,5,46,70
timesat_smoothing_spline,45,5,primary_controlled_consecutive_gap,absolute_relative_integral_error,absolute relative common-support integral error,fraction,lower,0.15911420528789141,0.095665237813054832,0.2291424103189566,7,7,103,0,103,0,0.32387320183065721,10.957648241993846,0.14224137931034481,0.91153846153846163,5,5,46,70
timesat_smoothing_spline,45,5,primary_controlled_consecutive_gap,normalized_absolute_peak_magnitude_error,normalized absolute global-peak magnitude error,fraction_Q95_minus_Q05,lower,0.98934726298191145,0.55820210092051481,1.4726892818034045,7,7,103,0,103,0,0.32387320183065721,10.957648241993846,0.14224137931034481,0.91153846153846163,5,5,46,70
timesat_smoothing_spline,45,5,primary_controlled_consecutive_gap,nrmse,point-wise nRMSE,fraction_Q95_minus_Q05,lower,0.26245995849332066,0.20495890096862054,0.32092482352905449,7,7,103,0,103,0,0.32387320183065721,10.957648241993846,0.14224137931034481,0.91153846153846163,5,5,46,70
timesat_smoothing_spline,45,5,primary_controlled_consecutive_gap,peak_timing_success_10d,global-peak timing success <=10 d,fraction,higher,0.61054421768707479,0.2857142857142857,0.91666666666666663,7,7,103,0,103,0,0.32387320183065721,10.957648241993846,0.14224137931034481,0.91153846153846163,5,5,46,70
timesat_smoothing_spline,45,5,primary_controlled_consecutive_gap,peak_timing_success_15d,global-peak timing success <=15 d,fraction,higher,0.69387755102040816,0.36734693877551017,0.97959183673469397,7,7,103,0,103,0,0.32387320183065721,10.957648241993846,0.14224137931034481,0.91153846153846163,5,5,46,70
timesat_smoothing_spline,45,5,primary_controlled_consecutive_gap,peak_timing_success_5d,global-peak timing success <=5 d,fraction,higher,0.46768707482993205,0.14285714285714285,0.79591836734693877,7,7,103,0,103,0,0.32387320183065721,10.957648241993846,0.14224137931034481,0.91153846153846163,5,5,46,70
timesat_smoothing_spline,45,5,primary_controlled_consecutive_gap,pearson_correlation,daily trajectory Pearson correlation,correlation,higher,0.77943592887964364,0.72594597863147714,0.83194358547988934,7,7,103,0,103,0,0.32387320183065721,10.957648241993846,0.14224137931034481,0.91153846153846163,5,5,46,70
timesat_smoothing_spline,45,5,primary_controlled_consecutive_gap,rmse,point-wise RMSE,ug_L,lower,5.435458432216218,3.8581469800486259,6.8173666682084599,7,7,103,0,103,0,0.32387320183065721,10.957648241993846,0.14224137931034481,0.91153846153846163,5,5,46,70
timesat_smoothing_spline,45,6,primary_controlled_consecutive_gap,absolute_integral_error,absolute common-support integral error,ug_day_L,lower,292.44805524167413,201.86843956547006,392.66537385350262,7,7,162,0,162,0,0.2944890428471002,17.288983776369555,0.099137931034482707,0.90400000000000003,6,6,46,73
timesat_smoothing_spline,45,6,primary_controlled_consecutive_gap,absolute_peak_date_error_days,absolute global-peak date error,days,lower,53.021899529042393,7.0313448456305609,110.01465201465201,7,7,162,0,162,0,0.2944890428471002,17.288983776369555,0.099137931034482707,0.90400000000000003,6,6,46,73
timesat_smoothing_spline,45,6,primary_controlled_consecutive_gap,absolute_relative_integral_error,absolute relative common-support integral error,fraction,lower,0.1906062735094424,0.1234603356092009,0.26870712085051701,7,7,162,0,162,0,0.2944890428471002,17.288983776369555,0.099137931034482707,0.90400000000000003,6,6,46,73
timesat_smoothing_spline,45,6,primary_controlled_consecutive_gap,normalized_absolute_peak_magnitude_error,normalized absolute global-peak magnitude error,fraction_Q95_minus_Q05,lower,1.0526881557860237,0.57366280792093538,1.6110700322323928,7,7,162,0,162,0,0.2944890428471002,17.288983776369555,0.099137931034482707,0.90400000000000003,6,6,46,73
timesat_smoothing_spline,45,6,primary_controlled_consecutive_gap,nrmse,point-wise nRMSE,fraction_Q95_minus_Q05,lower,0.28628039566530389,0.235177600837668,0.35473818649856648,7,7,162,0,162,0,0.2944890428471002,17.288983776369555,0.099137931034482707,0.90400000000000003,6,6,46,73
timesat_smoothing_spline,45,6,primary_controlled_consecutive_gap,peak_timing_success_10d,global-peak timing success <=10 d,fraction,higher,0.49777603349031924,0.14285714285714285,0.83523678702250026,7,7,162,0,162,0,0.2944890428471002,17.288983776369555,0.099137931034482707,0.90400000000000003,6,6,46,73
timesat_smoothing_spline,45,6,primary_controlled_consecutive_gap,peak_timing_success_15d,global-peak timing success <=15 d,fraction,higher,0.706959706959707,0.2857142857142857,0.9926739926739927,7,7,162,0,162,0,0.2944890428471002,17.288983776369555,0.099137931034482707,0.90400000000000003,6,6,46,73
timesat_smoothing_spline,45,6,primary_controlled_consecutive_gap,peak_timing_success_5d,global-peak timing success <=5 d,fraction,higher,0.35491889063317633,0.076530612244897961,0.6996336996336997,7,7,162,0,162,0,0.2944890428471002,17.288983776369555,0.099137931034482707,0.90400000000000003,6,6,46,73
timesat_smoothing_spline,45,6,primary_controlled_consecutive_gap,pearson_correlation,daily trajectory Pearson correlation,correlation,higher,0.76118774835454006,0.71737991777425703,0.80131683452471492,7,7,162,0,162,0,0.2944890428471002,17.288983776369555,0.099137931034482707,0.90400000000000003,6,6,46,73
timesat_smoothing_spline,45,6,primary_controlled_consecutive_gap,rmse,point-wise RMSE,ug_L,lower,5.8273823564481235,4.3911183054949934,7.1287269541966394,7,7,162,0,162,0,0.2944890428471002,17.288983776369555,0.099137931034482707,0.90400000000000003,6,6,46,73
timesat_smoothing_spline,45,7,primary_controlled_consecutive_gap,absolute_integral_error,absolute common-support integral error,ug_day_L,lower,307.0898795419692,259.38620140191108,358.82864048824666,7,7,235,0,235,0,0.29296365572549687,16.778283866126596,0.0884615384615383,0.89600000000000002,7,7,47,65
timesat_smoothing_spline,45,7,primary_controlled_consecutive_gap,absolute_peak_date_error_days,absolute global-peak date error,days,lower,54.989645858343337,7.6553571428571434,117.53826530612244,7,7,235,0,235,0,0.29296365572549687,16.778283866126596,0.0884615384615383,0.89600000000000002,7,7,47,65
timesat_smoothing_spline,45,7,primary_controlled_consecutive_gap,absolute_relative_integral_error,absolute relative common-support integral error,fraction,lower,0.19437474715248543,0.15698005116577551,0.23669510743859176,7,7,235,0,235,0,0.29296365572549687,16.778283866126596,0.0884615384615383,0.89600000000000002,7,7,47,65
timesat_smoothing_spline,45,7,primary_controlled_consecutive_gap,normalized_absolute_peak_magnitude_error,normalized absolute global-peak magnitude error,fraction_Q95_minus_Q05,lower,1.0395489989518165,0.55685219455626433,1.6062442529508327,7,7,235,0,235,0,0.29296365572549687,16.778283866126596,0.0884615384615383,0.89600000000000002,7,7,47,65
timesat_smoothing_spline,45,7,primary_controlled_consecutive_gap,nrmse,point-wise nRMSE,fraction_Q95_minus_Q05,lower,0.27609945077485659,0.24641435283031068,0.3015107398995126,7,7,235,0,235,0,0.29296365572549687,16.778283866126596,0.0884615384615383,0.89600000000000002,7,7,47,65
timesat_smoothing_spline,45,7,primary_controlled_consecutive_gap,peak_timing_success_10d,global-peak timing success <=10 d,fraction,higher,0.58026543950913712,0.25720288115246098,0.86182222889155635,7,7,235,0,235,0,0.29296365572549687,16.778283866126596,0.0884615384615383,0.89600000000000002,7,7,47,65
timesat_smoothing_spline,45,7,primary_controlled_consecutive_gap,peak_timing_success_15d,global-peak timing success <=15 d,fraction,higher,0.69511137788448707,0.39862611711351204,0.9757236227824464,7,7,235,0,235,0,0.29296365572549687,16.778283866126596,0.0884615384615383,0.89600000000000002,7,7,47,65
timesat_smoothing_spline,45,7,primary_controlled_consecutive_gap,peak_timing_success_5d,global-peak timing success <=5 d,fraction,higher,0.41348205949046285,0.13115246098439376,0.7461484593837534,7,7,235,0,235,0,0.29296365572549687,16.778283866126596,0.0884615384615383,0.89600000000000002,7,7,47,65
timesat_smoothing_spline,45,7,primary_controlled_consecutive_gap,pearson_correlation,daily trajectory Pearson correlation,correlation,higher,0.749966014091072,0.71691252194370159,0.78350793466551849,7,7,235,0,235,0,0.29296365572549687,16.778283866126596,0.0884615384615383,0.89600000000000002,7,7,47,65
timesat_smoothing_spline,45,7,primary_controlled_consecutive_gap,rmse,point-wise RMSE,ug_L,lower,5.6296044104986676,4.4754909811391483,6.8024488511554324,7,7,235,0,235,0,0.29296365572549687,16.778283866126596,0.0884615384615383,0.89600000000000002,7,7,47,65
timesat_smoothing_spline,45,8,primary_controlled_consecutive_gap,absolute_integral_error,absolute common-support integral error,ug_day_L,lower,367.89291065281105,298.29226928336823,443.28060404810657,7,7,218,0,218,0,0.27055384094511942,17.136734325464445,0.091999999999999901,0.85333333333333317,8,8,46,85
timesat_smoothing_spline,45,8,primary_controlled_consecutive_gap,absolute_peak_date_error_days,absolute global-peak date error,days,lower,53.871564371867031,12.1789905010244,104.42087276625705,7,7,218,0,218,0,0.27055384094511942,17.136734325464445,0.091999999999999901,0.85333333333333317,8,8,46,85
timesat_smoothing_spline,45,8,primary_controlled_consecutive_gap,absolute_relative_integral_error,absolute relative common-support integral error,fraction,lower,0.23222557514299622,0.18342881775681247,0.29443051246142649,7,7,218,0,218,0,0.27055384094511942,17.136734325464445,0.091999999999999901,0.85333333333333317,8,8,46,85
timesat_smoothing_spline,45,8,primary_controlled_consecutive_gap,normalized_absolute_peak_magnitude_error,normalized absolute global-peak magnitude error,fraction_Q95_minus_Q05,lower,1.0853836688654996,0.58676676557811569,1.6443658811919668,7,7,218,0,218,0,0.27055384094511942,17.136734325464445,0.091999999999999901,0.85333333333333317,8,8,46,85
timesat_smoothing_spline,45,8,primary_controlled_consecutive_gap,nrmse,point-wise nRMSE,fraction_Q95_minus_Q05,lower,0.30975669690323854,0.26693434533052829,0.36677442635194141,7,7,218,0,218,0,0.27055384094511942,17.136734325464445,0.091999999999999901,0.85333333333333317,8,8,46,85
timesat_smoothing_spline,45,8,primary_controlled_consecutive_gap,peak_timing_success_10d,global-peak timing success <=10 d,fraction,higher,0.51626899129925763,0.22412227602905571,0.79866562009419151,7,7,218,0,218,0,0.27055384094511942,17.136734325464445,0.091999999999999901,0.85333333333333317,8,8,46,85
timesat_smoothing_spline,45,8,primary_controlled_consecutive_gap,peak_timing_success_15d,global-peak timing success <=15 d,fraction,higher,0.6106999840353351,0.32233656174334141,0.87993075326610437,7,7,218,0,218,0,0.27055384094511942,17.136734325464445,0.091999999999999901,0.85333333333333317,8,8,46,85
timesat_smoothing_spline,45,8,primary_controlled_consecutive_gap,peak_timing_success_5d,global-peak timing success <=5 d,fraction,higher,0.34364107442194614,0.10832025117739405,0.61852678571428565,7,7,218,0,218,0,0.27055384094511942,17.136734325464445,0.091999999999999901,0.85333333333333317,8,8,46,85
timesat_smoothing_spline,45,8,primary_controlled_consecutive_gap,pearson_correlation,daily trajectory Pearson correlation,correlation,higher,0.69438609729578915,0.62301416721048319,0.74103742476339385,7,7,218,0,218,0,0.27055384094511942,17.136734325464445,0.091999999999999901,0.85333333333333317,8,8,46,85
timesat_smoothing_spline,45,8,primary_controlled_consecutive_gap,rmse,point-wise RMSE,ug_L,lower,6.351389549110297,4.7189521137955648,7.9939261439162506,7,7,218,0,218,0,0.27055384094511942,17.136734325464445,0.091999999999999901,0.85333333333333317,8,8,46,85
timesat_smoothing_spline,45,9,primary_controlled_consecutive_gap,absolute_integral_error,absolute common-support integral error,ug_day_L,lower,324.27807585123156,231.29726217827289,425.12544845538906,7,7,148,0,148,0,0.29348201382455041,16.873130616029648,0.1022222222222222,0.79574468085106365,9,9,46,73
timesat_smoothing_spline,45,9,primary_controlled_consecutive_gap,absolute_peak_date_error_days,absolute global-peak date error,days,lower,53.806503355483429,7.9679621848739499,110.17359506302516,7,7,148,0,148,0,0.29348201382455041,16.873130616029648,0.1022222222222222,0.79574468085106365,9,9,46,73
timesat_smoothing_spline,45,9,primary_controlled_consecutive_gap,absolute_relative_integral_error,absolute relative common-support integral error,fraction,lower,0.2013335926964647,0.14634582704893381,0.25984310154118367,7,7,148,0,148,0,0.29348201382455041,16.873130616029648,0.1022222222222222,0.79574468085106365,9,9,46,73
timesat_smoothing_spline,45,9,primary_controlled_consecutive_gap,normalized_absolute_peak_magnitude_error,normalized absolute global-peak magnitude error,fraction_Q95_minus_Q05,lower,1.0933458516434984,0.61590326072934964,1.6166947124219706,7,7,148,0,148,0,0.29348201382455041,16.873130616029648,0.1022222222222222,0.79574468085106365,9,9,46,73
timesat_smoothing_spline,45,9,primary_controlled_consecutive_gap,nrmse,point-wise nRMSE,fraction_Q95_minus_Q05,lower,0.28215942185781628,0.2331742790023533,0.32629948465817959,7,7,148,0,148,0,0.29348201382455041,16.873130616029648,0.1022222222222222,0.79574468085106365,9,9,46,73
timesat_smoothing_spline,45,9,primary_controlled_consecutive_gap,peak_timing_success_10d,global-peak timing success <=10 d,fraction,higher,0.44317565735971814,0.14170506912442396,0.74789915966386555,7,7,148,0,148,0,0.29348201382455041,16.873130616029648,0.1022222222222222,0.79574468085106365,9,9,46,73
timesat_smoothing_spline,45,9,primary_controlled_consecutive_gap,peak_timing_success_15d,global-peak timing success <=15 d,fraction,higher,0.6086168338303064,0.3076714556790458,0.88425047438330184,7,7,148,0,148,0,0.29348201382455041,16.873130616029648,0.1022222222222222,0.79574468085106365,9,9,46,73
timesat_smoothing_spline,45,9,primary_controlled_consecutive_gap,peak_timing_success_5d,global-peak timing success <=5 d,fraction,higher,0.38950257522363785,0.10378828950935214,0.7142857142857143,7,7,148,0,148,0,0.29348201382455041,16.873130616029648,0.1022222222222222,0.79574468085106365,9,9,46,73
timesat_smoothing_spline,45,9,primary_controlled_consecutive_gap,pearson_correlation,daily trajectory Pearson correlation,correlation,higher,0.68569813178818462,0.58148565462265034,0.78054570743639662,7,7,148,0,148,0,0.29348201382455041,16.873130616029648,0.1022222222222222,0.79574468085106365,9,9,46,73
timesat_smoothing_spline,45,9,primary_controlled_consecutive_gap,rmse,point-wise RMSE,ug_L,lower,5.927560340014181,4.1586361259245237,7.9326276950586356,7,7,148,0,148,0,0.29348201382455041,16.873130616029648,0.1022222222222222,0.79574468085106365,9,9,46,73
timesat_smoothing_spline,45,10,primary_controlled_consecutive_gap,absolute_integral_error,absolute common-support integral error,ug_day_L,lower,359.97550911750051,253.46222495171088,449.665861490353,7,7,106,0,106,0,0.32422425158713802,16.723195115334796,0.1155555555555554,0.75555555555555554,10,10,47,65
timesat_smoothing_spline,45,10,primary_controlled_consecutive_gap,absolute_peak_date_error_days,absolute global-peak date error,days,lower,53.48149659863946,5.5427380952380956,110.57877551020408,7,7,106,0,106,0,0.32422425158713802,16.723195115334796,0.1155555555555554,0.75555555555555554,10,10,47,65
timesat_smoothing_spline,45,10,primary_controlled_consecutive_gap,absolute_relative_integral_error,absolute relative common-support integral error,fraction,lower,0.22266857078229102,0.15645583183207137,0.2834219855620046,7,7,106,0,106,0,0.32422425158713802,16.723195115334796,0.1155555555555554,0.75555555555555554,10,10,47,65
timesat_smoothing_spline,45,10,primary_controlled_consecutive_gap,normalized_absolute_peak_magnitude_error,normalized absolute global-peak magnitude error,fraction_Q95_minus_Q05,lower,1.064229259542131,0.5796168737825127,1.6198948807447349,7,7,106,0,106,0,0.32422425158713802,16.723195115334796,0.1155555555555554,0.75555555555555554,10,10,47,65
timesat_smoothing_spline,45,10,primary_controlled_consecutive_gap,nrmse,point-wise nRMSE,fraction_Q95_minus_Q05,lower,0.29320016181609754,0.24924237651803513,0.33405636734738742,7,7,106,0,106,0,0.32422425158713802,16.723195115334796,0.1155555555555554,0.75555555555555554,10,10,47,65
timesat_smoothing_spline,45,10,primary_controlled_consecutive_gap,peak_timing_success_10d,global-peak timing success <=10 d,fraction,higher,0.52571428571428569,0.18857142857142861,0.82857142857142851,7,7,106,0,106,0,0.32422425158713802,16.723195115334796,0.1155555555555554,0.75555555555555554,10,10,47,65
timesat_smoothing_spline,45,10,primary_controlled_consecutive_gap,peak_timing_success_15d,global-peak timing success <=15 d,fraction,higher,0.66857142857142848,0.36571428571428577,0.94285714285714284,7,7,106,0,106,0,0.32422425158713802,16.723195115334796,0.1155555555555554,0.75555555555555554,10,10,47,65
timesat_smoothing_spline,45,10,primary_controlled_consecutive_gap,peak_timing_success_5d,global-peak timing success <=5 d,fraction,higher,0.42380952380952375,0.12857142857142856,0.75714285714285712,7,7,106,0,106,0,0.32422425158713802,16.723195115334796,0.1155555555555554,0.75555555555555554,10,10,47,65
timesat_smoothing_spline,45,10,primary_controlled_consecutive_gap,pearson_correlation,daily trajectory Pearson correlation,correlation,higher,0.72630938641815745,0.67767602029018159,0.78161878686847641,7,7,106,0,106,0,0.32422425158713802,16.723195115334796,0.1155555555555554,0.75555555555555554,10,10,47,65
timesat_smoothing_spline,45,10,primary_controlled_consecutive_gap,rmse,point-wise RMSE,ug_L,lower,6.0051694183407447,4.6043180963665549,7.5187640952286054,7,7,106,0,106,0,0.32422425158713802,16.723195115334796,0.1155555555555554,0.75555555555555554,10,10,47,65
timesat_smoothing_spline,45,11,primary_controlled_consecutive_gap,absolute_integral_error,absolute common-support integral error,ug_day_L,lower,412.97319425006782,198.81021800246074,630.41011734624237,6,6,76,0,76,0,0.36111473435784203,16.809483155464836,0.1244444444444444,0.65333333333333332,11,11,47,68
timesat_smoothing_spline,45,11,primary_controlled_consecutive_gap,absolute_peak_date_error_days,absolute global-peak date error,days,lower,47.795833333333327,4,99.670833333333334,6,6,76,0,76,0,0.36111473435784203,16.809483155464836,0.1244444444444444,0.65333333333333332,11,11,47,68
timesat_smoothing_spline,45,11,primary_controlled_consecutive_gap,absolute_relative_integral_error,absolute relative common-support integral error,fraction,lower,0.22595787247210319,0.13760062501047685,0.32476069822714965,6,6,76,0,76,0,0.36111473435784203,16.809483155464836,0.1244444444444444,0.65333333333333332,11,11,47,68
timesat_smoothing_spline,45,11,primary_controlled_consecutive_gap,normalized_absolute_peak_magnitude_error,normalized absolute global-peak magnitude error,fraction_Q95_minus_Q05,lower,0.84124475981325808,0.43916381454744302,1.2582610724571375,6,6,76,0,76,0,0.36111473435784203,16.809483155464836,0.1244444444444444,0.65333333333333332,11,11,47,68
timesat_smoothing_spline,45,11,primary_controlled_consecutive_gap,nrmse,point-wise nRMSE,fraction_Q95_minus_Q05,lower,0.27783639518556202,0.2231643171172624,0.33247504829594177,6,6,76,0,76,0,0.36111473435784203,16.809483155464836,0.1244444444444444,0.65333333333333332,11,11,47,68
timesat_smoothing_spline,45,11,primary_controlled_consecutive_gap,peak_timing_success_10d,global-peak timing success <=10 d,fraction,higher,0.59166666666666667,0.24166666666666661,0.90000000000000002,6,6,76,0,76,0,0.36111473435784203,16.809483155464836,0.1244444444444444,0.65333333333333332,11,11,47,68
timesat_smoothing_spline,45,11,primary_controlled_consecutive_gap,peak_timing_success_15d,global-peak timing success <=15 d,fraction,higher,0.6166666666666667,0.28333333333333338,0.90000000000000002,6,6,76,0,76,0,0.36111473435784203,16.809483155464836,0.1244444444444444,0.65333333333333332,11,11,47,68
timesat_smoothing_spline,45,11,primary_controlled_consecutive_gap,peak_timing_success_5d,global-peak timing success <=5 d,fraction,higher,0.56666666666666665,0.20000000000000004,0.90000000000000002,6,6,76,0,76,0,0.36111473435784203,16.809483155464836,0.1244444444444444,0.65333333333333332,11,11,47,68
timesat_smoothing_spline,45,11,primary_controlled_consecutive_gap,pearson_correlation,daily trajectory Pearson correlation,correlation,higher,0.73824980181052846,0.6753708486920712,0.80324424199211497,6,6,76,0,76,0,0.36111473435784203,16.809483155464836,0.1244444444444444,0.65333333333333332,11,11,47,68
timesat_smoothing_spline,45,11,primary_controlled_consecutive_gap,rmse,point-wise RMSE,ug_L,lower,6.2378339253858428,3.7740112097544531,8.8038127744529984,6,6,76,0,76,0,0.36111473435784203,16.809483155464836,0.1244444444444444,0.65333333333333332,11,11,47,68
timesat_smoothing_spline,45,12,primary_controlled_consecutive_gap,absolute_integral_error,absolute common-support integral error,ug_day_L,lower,330.00435651476556,118.30113515295957,605.15459735935372,5,5,45,0,45,0,0.5983193952422583,11.754611402468592,0.13777777777777761,0.64000000000000001,12,12,46,67
timesat_smoothing_spline,45,12,primary_controlled_consecutive_gap,absolute_peak_date_error_days,absolute global-peak date error,days,lower,59.570000000000007,2.2000000000000002,122.07000000000001,5,5,45,0,45,0,0.5983193952422583,11.754611402468592,0.13777777777777761,0.64000000000000001,12,12,46,67
timesat_smoothing_spline,45,12,primary_controlled_consecutive_gap,absolute_relative_integral_error,absolute relative common-support integral error,fraction,lower,0.16991173161833431,0.09344950347498461,0.26278275168827475,5,5,45,0,45,0,0.5983193952422583,11.754611402468592,0.13777777777777761,0.64000000000000001,12,12,46,67
timesat_smoothing_spline,45,12,primary_controlled_consecutive_gap,normalized_absolute_peak_magnitude_error,normalized absolute global-peak magnitude error,fraction_Q95_minus_Q05,lower,0.68605353202252939,0.34247399870744333,1.0126184498376349,5,5,45,0,45,0,0.5983193952422583,11.754611402468592,0.13777777777777761,0.64000000000000001,12,12,46,67
timesat_smoothing_spline,45,12,primary_controlled_consecutive_gap,nrmse,point-wise nRMSE,fraction_Q95_minus_Q05,lower,0.25269489625180319,0.18453114552444899,0.33571433511385179,5,5,45,0,45,0,0.5983193952422583,11.754611402468592,0.13777777777777761,0.64000000000000001,12,12,46,67
timesat_smoothing_spline,45,12,primary_controlled_consecutive_gap,peak_timing_success_10d,global-peak timing success <=10 d,fraction,higher,0.59999999999999998,0.20000000000000001,1,5,5,45,0,45,0,0.5983193952422583,11.754611402468592,0.13777777777777761,0.64000000000000001,12,12,46,67
timesat_smoothing_spline,45,12,primary_controlled_consecutive_gap,peak_timing_success_15d,global-peak timing success <=15 d,fraction,higher,0.62666666666666671,0.22666666666666666,1,5,5,45,0,45,0,0.5983193952422583,11.754611402468592,0.13777777777777761,0.64000000000000001,12,12,46,67
timesat_smoothing_spline,45,12,primary_controlled_consecutive_gap,peak_timing_success_5d,global-peak timing success <=5 d,fraction,higher,0.59999999999999998,0.20000000000000001,1,5,5,45,0,45,0,0.5983193952422583,11.754611402468592,0.13777777777777761,0.64000000000000001,12,12,46,67
timesat_smoothing_spline,45,12,primary_controlled_consecutive_gap,pearson_correlation,daily trajectory Pearson correlation,correlation,higher,0.7833275994121045,0.70957357412232402,0.85618648974112221,5,5,45,0,45,0,0.5983193952422583,11.754611402468592,0.13777777777777761,0.64000000000000001,12,12,46,67
timesat_smoothing_spline,45,12,primary_controlled_consecutive_gap,rmse,point-wise RMSE,ug_L,lower,5.403941492223284,2.8719182837164121,8.7235382746807826,5,5,45,0,45,0,0.5983193952422583,11.754611402468592,0.13777777777777761,0.64000000000000001,12,12,46,67
timesat_smoothing_spline,45,13,primary_controlled_consecutive_gap,absolute_integral_error,absolute common-support integral error,ug_day_L,lower,162.74294971862025,108.26864698614381,222.32866221480089,5,5,41,0,41,0,0.65794993224252363,5.6660416237550777,0.1036036036036036,0.504,13,13,47,60
timesat_smoothing_spline,45,13,primary_controlled_consecutive_gap,absolute_peak_date_error_days,absolute global-peak date error,days,lower,72.724999999999994,3.3250000000000002,152,5,5,41,0,41,0,0.65794993224252363,5.6660416237550777,0.1036036036036036,0.504,13,13,47,60
timesat_smoothing_spline,45,13,primary_controlled_consecutive_gap,absolute_relative_integral_error,absolute relative common-support integral error,fraction,lower,0.11112042230094019,0.06416810927063378,0.18776165307024753,5,5,41,0,41,0,0.65794993224252363,5.6660416237550777,0.1036036036036036,0.504,13,13,47,60
timesat_smoothing_spline,45,13,primary_controlled_consecutive_gap,normalized_absolute_peak_magnitude_error,normalized absolute global-peak magnitude error,fraction_Q95_minus_Q05,lower,0.76026758555466811,0.38745941030359571,1.181226118412718,5,5,41,0,41,0,0.65794993224252363,5.6660416237550777,0.1036036036036036,0.504,13,13,47,60
timesat_smoothing_spline,45,13,primary_controlled_consecutive_gap,nrmse,point-wise nRMSE,fraction_Q95_minus_Q05,lower,0.23044557758667805,0.18138006851426286,0.27799775942383587,5,5,41,0,41,0,0.65794993224252363,5.6660416237550777,0.1036036036036036,0.504,13,13,47,60
timesat_smoothing_spline,45,13,primary_controlled_consecutive_gap,peak_timing_success_10d,global-peak timing success <=10 d,fraction,higher,0.59999999999999998,0.20000000000000001,1,5,5,41,0,41,0,0.65794993224252363,5.6660416237550777,0.1036036036036036,0.504,13,13,47,60
timesat_smoothing_spline,45,13,primary_controlled_consecutive_gap,peak_timing_success_15d,global-peak timing success <=15 d,fraction,higher,0.59999999999999998,0.20000000000000001,1,5,5,41,0,41,0,0.65794993224252363,5.6660416237550777,0.1036036036036036,0.504,13,13,47,60
timesat_smoothing_spline,45,13,primary_controlled_consecutive_gap,peak_timing_success_5d,global-peak timing success <=5 d,fraction,higher,0.52500000000000002,0.125,0.92500000000000004,5,5,41,0,41,0,0.65794993224252363,5.6660416237550777,0.1036036036036036,0.504,13,13,47,60
timesat_smoothing_spline,45,13,primary_controlled_consecutive_gap,pearson_correlation,daily trajectory Pearson correlation,correlation,higher,0.79186136047702715,0.73432185426260044,0.84677733505592412,5,5,41,0,41,0,0.65794993224252363,5.6660416237550777,0.1036036036036036,0.504,13,13,47,60
timesat_smoothing_spline,45,13,primary_controlled_consecutive_gap,rmse,point-wise RMSE,ug_L,lower,4.5806115651226502,3.2863048222610489,6.6490084261627462,5,5,41,0,41,0,0.65794993224252363,5.6660416237550777,0.1036036036036036,0.504,13,13,47,60
timesat_smoothing_spline,45,14,primary_controlled_consecutive_gap,absolute_integral_error,absolute common-support integral error,ug_day_L,lower,92.8317269458487,30.481514835498956,159.824299496701,4,4,22,0,22,0,0.73564668363731645,2.2995259145625035,0.126126126126126,0.37307692307692292,14,14,50,65
timesat_smoothing_spline,45,14,primary_controlled_consecutive_gap,absolute_peak_date_error_days,absolute global-peak date error,days,lower,40.142857142857146,3,114,4,4,22,0,22,0,0.73564668363731645,2.2995259145625035,0.126126126126126,0.37307692307692292,14,14,50,65
timesat_smoothing_spline,45,14,primary_controlled_consecutive_gap,absolute_relative_integral_error,absolute relative common-support integral error,fraction,lower,0.076683481889373392,0.018606168502519151,0.14838282991570512,4,4,22,0,22,0,0.73564668363731645,2.2995259145625035,0.126126126126126,0.37307692307692292,14,14,50,65
timesat_smoothing_spline,45,14,primary_controlled_consecutive_gap,normalized_absolute_peak_magnitude_error,normalized absolute global-peak magnitude error,fraction_Q95_minus_Q05,lower,0.57111196612989878,0.28113100637398847,0.86109292588580921,4,4,22,0,22,0,0.73564668363731645,2.2995259145625035,0.126126126126126,0.37307692307692292,14,14,50,65
timesat_smoothing_spline,45,14,primary_controlled_consecutive_gap,nrmse,point-wise nRMSE,fraction_Q95_minus_Q05,lower,0.20986047228728077,0.17030627167540344,0.24982437678630931,4,4,22,0,22,0,0.73564668363731645,2.2995259145625035,0.126126126126126,0.37307692307692292,14,14,50,65
timesat_smoothing_spline,45,14,primary_controlled_consecutive_gap,peak_timing_success_10d,global-peak timing success <=10 d,fraction,higher,0.75,0.25,1,4,4,22,0,22,0,0.73564668363731645,2.2995259145625035,0.126126126126126,0.37307692307692292,14,14,50,65
timesat_smoothing_spline,45,14,primary_controlled_consecutive_gap,peak_timing_success_15d,global-peak timing success <=15 d,fraction,higher,0.75,0.25,1,4,4,22,0,22,0,0.73564668363731645,2.2995259145625035,0.126126126126126,0.37307692307692292,14,14,50,65
timesat_smoothing_spline,45,14,primary_controlled_consecutive_gap,peak_timing_success_5d,global-peak timing success <=5 d,fraction,higher,0.6785714285714286,0.25,1,4,4,22,0,22,0,0.73564668363731645,2.2995259145625035,0.126126126126126,0.37307692307692292,14,14,50,65
timesat_smoothing_spline,45,14,primary_controlled_consecutive_gap,pearson_correlation,daily trajectory Pearson correlation,correlation,higher,0.82519499521992457,0.7876535314733849,0.86959924316538806,4,4,22,0,22,0,0.73564668363731645,2.2995259145625035,0.126126126126126,0.37307692307692292,14,14,50,65
timesat_smoothing_spline,45,14,primary_controlled_consecutive_gap,rmse,point-wise RMSE,ug_L,lower,3.5003119217733301,3.0519990495739129,3.9369071446974635,4,4,22,0,22,0,0.73564668363731645,2.2995259145625035,0.126126126126126,0.37307692307692292,14,14,50,65
