date,year,l2a_representative_status,scl_gate_pass,l2a_product_id,l2a_platform,l2a_sensing_datetime,l2a_tile,l2a_relative_orbit,l2a_processing_baseline,l2a_generation_time,l1c_pairing_status,l1c_product_id,l1c_platform,l1c_sensing_datetime,l1c_tile,l1c_relative_orbit,l1c_processing_baseline,l1c_generation_time,l1c_candidate_count,l1c_candidate_product_ids,pairing_detail
2019-04-17,2019,frozen_representative,True,S2A_MSIL2A_20190417T102031_N0500_R065_T34VCM_20221023T092125,S2A,2019-04-17T10:20:31Z,T34VCM,65,N0500,2022-10-23T09:21:25Z,exact_unique,S2A_MSIL1C_20190417T102031_N0500_R065_T34VCM_20221023T062324,S2A,2019-04-17T10:20:31Z,T34VCM,65,N0500,2022-10-23T06:23:24Z,1,S2A_MSIL1C_20190417T102031_N0500_R065_T34VCM_20221023T062324,
2019-04-19,2019,no_representative_frozen_scl_gate_failed,False,,,,,,,,no_l2a_representative_for_date,,,,,,,,0,,The frozen SCL observation mask selected no representative L2A product for this date.
2019-04-22,2019,frozen_representative,True,S2B_MSIL2A_20190422T102029_N0500_R065_T34VCM_20221024T121833,S2B,2019-04-22T10:20:29Z,T34VCM,65,N0500,2022-10-24T12:18:33Z,exact_unique,S2B_MSIL1C_20190422T102029_N0500_R065_T34VCM_20221024T063616,S2B,2019-04-22T10:20:29Z,T34VCM,65,N0500,2022-10-24T06:36:16Z,1,S2B_MSIL1C_20190422T102029_N0500_R065_T34VCM_20221024T063616,
2019-04-24,2019,frozen_representative,True,S2A_MSIL2A_20190424T101031_N0500_R022_T34VCM_20221025T062127,S2A,2019-04-24T10:10:31Z,T34VCM,22,N0500,2022-10-25T06:21:27Z,exact_unique,S2A_MSIL1C_20190424T101031_N0500_R022_T34VCM_20221024T205552,S2A,2019-04-24T10:10:31Z,T34VCM,22,N0500,2022-10-24T20:55:52Z,1,S2A_MSIL1C_20190424T101031_N0500_R022_T34VCM_20221024T205552,
2019-04-27,2019,frozen_representative,True,S2A_MSIL2A_20190427T102031_N0500_R065_T34VCM_20221110T101345,S2A,2019-04-27T10:20:31Z,T34VCM,65,N0500,2022-11-10T10:13:45Z,exact_unique,S2A_MSIL1C_20190427T102031_N0500_R065_T34VCM_20221110T011848,S2A,2019-04-27T10:20:31Z,T34VCM,65,N0500,2022-11-10T01:18:48Z,1,S2A_MSIL1C_20190427T102031_N0500_R065_T34VCM_20221110T011848,
2019-04-29,2019,frozen_representative,True,S2B_MSIL2A_20190429T101029_N0500_R022_T34VCM_20221101T154544,S2B,2019-04-29T10:10:29Z,T34VCM,22,N0500,2022-11-01T15:45:44Z,exact_unique,S2B_MSIL1C_20190429T101029_N0500_R022_T34VCM_20221101T080700,S2B,2019-04-29T10:10:29Z,T34VCM,22,N0500,2022-11-01T08:07:00Z,1,S2B_MSIL1C_20190429T101029_N0500_R022_T34VCM_20221101T080700,
2019-05-02,2019,no_representative_frozen_scl_gate_failed,False,,,,,,,,no_l2a_representative_for_date,,,,,,,,0,,The frozen SCL observation mask selected no representative L2A product for this date.
2019-05-04,2019,no_representative_frozen_scl_gate_failed,False,,,,,,,,no_l2a_representative_for_date,,,,,,,,0,,The frozen SCL observation mask selected no representative L2A product for this date.
2019-05-07,2019,no_representative_frozen_scl_gate_failed,False,,,,,,,,no_l2a_representative_for_date,,,,,,,,0,,The frozen SCL observation mask selected no representative L2A product for this date.
2019-05-09,2019,no_representative_frozen_scl_gate_failed,False,,,,,,,,no_l2a_representative_for_date,,,,,,,,0,,The frozen SCL observation mask selected no representative L2A product for this date.
2019-05-12,2019,no_representative_frozen_scl_gate_failed,False,,,,,,,,no_l2a_representative_for_date,,,,,,,,0,,The frozen SCL observation mask selected no representative L2A product for this date.
2019-05-14,2019,no_representative_frozen_scl_gate_failed,False,,,,,,,,no_l2a_representative_for_date,,,,,,,,0,,The frozen SCL observation mask selected no representative L2A product for this date.
2019-05-17,2019,frozen_representative,True,S2A_MSIL2A_20190517T102031_N0500_R065_T34VCM_20221204T165718,S2A,2019-05-17T10:20:31Z,T34VCM,65,N0500,2022-12-04T16:57:18Z,exact_unique,S2A_MSIL1C_20190517T102031_N0500_R065_T34VCM_20221204T064053,S2A,2019-05-17T10:20:31Z,T34VCM,65,N0500,2022-12-04T06:40:53Z,1,S2A_MSIL1C_20190517T102031_N0500_R065_T34VCM_20221204T064053,
2019-05-19,2019,no_representative_frozen_scl_gate_failed,False,,,,,,,,no_l2a_representative_for_date,,,,,,,,0,,The frozen SCL observation mask selected no representative L2A product for this date.
2019-05-24,2019,no_representative_frozen_scl_gate_failed,False,,,,,,,,no_l2a_representative_for_date,,,,,,,,0,,The frozen SCL observation mask selected no representative L2A product for this date.
2019-05-27,2019,no_representative_frozen_scl_gate_failed,False,,,,,,,,no_l2a_representative_for_date,,,,,,,,0,,The frozen SCL observation mask selected no representative L2A product for this date.
2019-05-29,2019,frozen_representative,True,S2B_MSIL2A_20190529T101039_N0500_R022_T34VCM_20221213T045958,S2B,2019-05-29T10:10:39Z,T34VCM,22,N0500,2022-12-13T04:59:58Z,exact_unique,S2B_MSIL1C_20190529T101039_N0500_R022_T34VCM_20221212T161928,S2B,2019-05-29T10:10:39Z,T34VCM,22,N0500,2022-12-12T16:19:28Z,1,S2B_MSIL1C_20190529T101039_N0500_R022_T34VCM_20221212T161928,
2019-06-01,2019,no_representative_frozen_scl_gate_failed,False,,,,,,,,no_l2a_representative_for_date,,,,,,,,0,,The frozen SCL observation mask selected no representative L2A product for this date.
2019-06-03,2019,no_representative_frozen_scl_gate_failed,False,,,,,,,,no_l2a_representative_for_date,,,,,,,,0,,The frozen SCL observation mask selected no representative L2A product for this date.
2019-06-06,2019,frozen_representative,True,S2A_MSIL2A_20190606T102031_N0500_R065_T34VCM_20230605T110741,S2A,2019-06-06T10:20:31Z,T34VCM,65,N0500,2023-06-05T11:07:41Z,ambiguous_multiple_candidates,,,,,,,,2,S2A_MSIL1C_20190606T102031_N0500_R065_T34VCM_20230605T032041;S2A_MSIL1C_20190606T102031_N0500_R065_T34VCM_20230711T224625,"2 L1C products share the acquisition identity (platform, sensing datetime, tile, orbit); Phase 6A does not select one silently."
2019-06-08,2019,frozen_representative,True,S2B_MSIL2A_20190608T101029_N0500_R022_T34VCM_20230626T160325,S2B,2019-06-08T10:10:29Z,T34VCM,22,N0500,2023-06-26T16:03:25Z,exact_unique,S2B_MSIL1C_20190608T101029_N0500_R022_T34VCM_20230626T033348,S2B,2019-06-08T10:10:29Z,T34VCM,22,N0500,2023-06-26T03:33:48Z,1,S2B_MSIL1C_20190608T101029_N0500_R022_T34VCM_20230626T033348,
2019-06-11,2019,no_representative_frozen_scl_gate_failed,False,,,,,,,,no_l2a_representative_for_date,,,,,,,,0,,The frozen SCL observation mask selected no representative L2A product for this date.
2019-06-13,2019,no_representative_frozen_scl_gate_failed,False,,,,,,,,no_l2a_representative_for_date,,,,,,,,0,,The frozen SCL observation mask selected no representative L2A product for this date.
2019-06-16,2019,no_representative_frozen_scl_gate_failed,False,,,,,,,,no_l2a_representative_for_date,,,,,,,,0,,The frozen SCL observation mask selected no representative L2A product for this date.
2019-06-18,2019,frozen_representative,True,S2B_MSIL2A_20190618T101029_N0500_R022_T34VCM_20230805T164433,S2B,2019-06-18T10:10:29Z,T34VCM,22,N0500,2023-08-05T16:44:33Z,exact_unique,S2B_MSIL1C_20190618T101029_N0500_R022_T34VCM_20230805T075457,S2B,2019-06-18T10:10:29Z,T34VCM,22,N0500,2023-08-05T07:54:57Z,1,S2B_MSIL1C_20190618T101029_N0500_R022_T34VCM_20230805T075457,
2019-06-21,2019,no_representative_frozen_scl_gate_failed,False,,,,,,,,no_l2a_representative_for_date,,,,,,,,0,,The frozen SCL observation mask selected no representative L2A product for this date.
2019-06-23,2019,no_representative_frozen_scl_gate_failed,False,,,,,,,,no_l2a_representative_for_date,,,,,,,,0,,The frozen SCL observation mask selected no representative L2A product for this date.
2019-06-26,2019,no_representative_frozen_scl_gate_failed,False,,,,,,,,no_l2a_representative_for_date,,,,,,,,0,,The frozen SCL observation mask selected no representative L2A product for this date.
2019-06-28,2019,frozen_representative,True,S2B_MSIL2A_20190628T101039_N0500_R022_T34VCM_20221222T110427,S2B,2019-06-28T10:10:39Z,T34VCM,22,N0500,2022-12-22T11:04:27Z,exact_unique,S2B_MSIL1C_20190628T101039_N0500_R022_T34VCM_20221221T083605,S2B,2019-06-28T10:10:39Z,T34VCM,22,N0500,2022-12-21T08:36:05Z,1,S2B_MSIL1C_20190628T101039_N0500_R022_T34VCM_20221221T083605,
2019-07-01,2019,no_representative_frozen_scl_gate_failed,False,,,,,,,,no_l2a_representative_for_date,,,,,,,,0,,The frozen SCL observation mask selected no representative L2A product for this date.
2019-07-03,2019,no_representative_frozen_scl_gate_failed,False,,,,,,,,no_l2a_representative_for_date,,,,,,,,0,,The frozen SCL observation mask selected no representative L2A product for this date.
2019-07-06,2019,no_representative_frozen_scl_gate_failed,False,,,,,,,,no_l2a_representative_for_date,,,,,,,,0,,The frozen SCL observation mask selected no representative L2A product for this date.
2019-07-08,2019,no_representative_frozen_scl_gate_failed,False,,,,,,,,no_l2a_representative_for_date,,,,,,,,0,,The frozen SCL observation mask selected no representative L2A product for this date.
2019-07-11,2019,frozen_representative,True,S2B_MSIL2A_20190711T102029_N0500_R065_T34VCM_20230716T055255,S2B,2019-07-11T10:20:29Z,T34VCM,65,N0500,2023-07-16T05:52:55Z,exact_unique,S2B_MSIL1C_20190711T102029_N0500_R065_T34VCM_20230715T214824,S2B,2019-07-11T10:20:29Z,T34VCM,65,N0500,2023-07-15T21:48:24Z,1,S2B_MSIL1C_20190711T102029_N0500_R065_T34VCM_20230715T214824,
2019-07-13,2019,no_representative_frozen_scl_gate_failed,False,,,,,,,,no_l2a_representative_for_date,,,,,,,,0,,The frozen SCL observation mask selected no representative L2A product for this date.
2019-07-16,2019,no_representative_frozen_scl_gate_failed,False,,,,,,,,no_l2a_representative_for_date,,,,,,,,0,,The frozen SCL observation mask selected no representative L2A product for this date.
2019-07-18,2019,frozen_representative,True,S2B_MSIL2A_20190718T101039_N0500_R022_T34VCM_20230806T193442,S2B,2019-07-18T10:10:39Z,T34VCM,22,N0500,2023-08-06T19:34:42Z,exact_unique,S2B_MSIL1C_20190718T101039_N0500_R022_T34VCM_20230806T134626,S2B,2019-07-18T10:10:39Z,T34VCM,22,N0500,2023-08-06T13:46:26Z,1,S2B_MSIL1C_20190718T101039_N0500_R022_T34VCM_20230806T134626,
2019-07-21,2019,no_representative_frozen_scl_gate_failed,False,,,,,,,,no_l2a_representative_for_date,,,,,,,,0,,The frozen SCL observation mask selected no representative L2A product for this date.
2019-07-23,2019,frozen_representative,True,S2A_MSIL2A_20190723T101031_N0500_R022_T34VCM_20230719T012350,S2A,2019-07-23T10:10:31Z,T34VCM,22,N0500,2023-07-19T01:23:50Z,exact_unique,S2A_MSIL1C_20190723T101031_N0500_R022_T34VCM_20230718T015529,S2A,2019-07-23T10:10:31Z,T34VCM,22,N0500,2023-07-18T01:55:29Z,1,S2A_MSIL1C_20190723T101031_N0500_R022_T34VCM_20230718T015529,
2019-07-26,2019,frozen_representative,True,S2A_MSIL2A_20190726T102031_N0500_R065_T34VCM_20230509T235130,S2A,2019-07-26T10:20:31Z,T34VCM,65,N0500,2023-05-09T23:51:30Z,exact_unique,S2A_MSIL1C_20190726T102031_N0500_R065_T34VCM_20230509T045252,S2A,2019-07-26T10:20:31Z,T34VCM,65,N0500,2023-05-09T04:52:52Z,1,S2A_MSIL1C_20190726T102031_N0500_R065_T34VCM_20230509T045252,
2019-07-28,2019,frozen_representative,True,S2B_MSIL2A_20190728T101029_N0500_R022_T34VCM_20230711T050005,S2B,2019-07-28T10:10:29Z,T34VCM,22,N0500,2023-07-11T05:00:05Z,exact_unique,S2B_MSIL1C_20190728T101029_N0500_R022_T34VCM_20230710T194856,S2B,2019-07-28T10:10:29Z,T34VCM,22,N0500,2023-07-10T19:48:56Z,1,S2B_MSIL1C_20190728T101029_N0500_R022_T34VCM_20230710T194856,
2019-07-31,2019,no_representative_frozen_scl_gate_failed,False,,,,,,,,no_l2a_representative_for_date,,,,,,,,0,,The frozen SCL observation mask selected no representative L2A product for this date.
2019-08-02,2019,frozen_representative,True,S2A_MSIL2A_20190802T101031_N0500_R022_T34VCM_20230508T041636,S2A,2019-08-02T10:10:31Z,T34VCM,22,N0500,2023-05-08T04:16:36Z,exact_unique,S2A_MSIL1C_20190802T101031_N0500_R022_T34VCM_20230507T065150,S2A,2019-08-02T10:10:31Z,T34VCM,22,N0500,2023-05-07T06:51:50Z,1,S2A_MSIL1C_20190802T101031_N0500_R022_T34VCM_20230507T065150,
2019-08-05,2019,frozen_representative,True,S2A_MSIL2A_20190805T102031_N0500_R065_T34VCM_20230506T211615,S2A,2019-08-05T10:20:31Z,T34VCM,65,N0500,2023-05-06T21:16:15Z,exact_unique,S2A_MSIL1C_20190805T102031_N0500_R065_T34VCM_20230506T110027,S2A,2019-08-05T10:20:31Z,T34VCM,65,N0500,2023-05-06T11:00:27Z,1,S2A_MSIL1C_20190805T102031_N0500_R065_T34VCM_20230506T110027,
2019-08-07,2019,frozen_representative,True,S2B_MSIL2A_20190807T101029_N0500_R022_T34VCM_20230723T201405,S2B,2019-08-07T10:10:29Z,T34VCM,22,N0500,2023-07-23T20:14:05Z,exact_unique,S2B_MSIL1C_20190807T101029_N0500_R022_T34VCM_20230722T223108,S2B,2019-08-07T10:10:29Z,T34VCM,22,N0500,2023-07-22T22:31:08Z,1,S2B_MSIL1C_20190807T101029_N0500_R022_T34VCM_20230722T223108,
2019-08-10,2019,no_representative_frozen_scl_gate_failed,False,,,,,,,,no_l2a_representative_for_date,,,,,,,,0,,The frozen SCL observation mask selected no representative L2A product for this date.
2019-08-12,2019,no_representative_frozen_scl_gate_failed,False,,,,,,,,no_l2a_representative_for_date,,,,,,,,0,,The frozen SCL observation mask selected no representative L2A product for this date.
2019-08-15,2019,no_representative_frozen_scl_gate_failed,False,,,,,,,,no_l2a_representative_for_date,,,,,,,,0,,The frozen SCL observation mask selected no representative L2A product for this date.
2019-08-17,2019,no_representative_frozen_scl_gate_failed,False,,,,,,,,no_l2a_representative_for_date,,,,,,,,0,,The frozen SCL observation mask selected no representative L2A product for this date.
2019-08-20,2019,no_representative_frozen_scl_gate_failed,False,,,,,,,,no_l2a_representative_for_date,,,,,,,,0,,The frozen SCL observation mask selected no representative L2A product for this date.
2019-08-22,2019,frozen_representative,True,S2A_MSIL2A_20190822T101031_N0500_R022_T34VCM_20230706T042034,S2A,2019-08-22T10:10:31Z,T34VCM,22,N0500,2023-07-06T04:20:34Z,exact_unique,S2A_MSIL1C_20190822T101031_N0500_R022_T34VCM_20230705T195754,S2A,2019-08-22T10:10:31Z,T34VCM,22,N0500,2023-07-05T19:57:54Z,1,S2A_MSIL1C_20190822T101031_N0500_R022_T34VCM_20230705T195754,
2019-08-25,2019,frozen_representative,True,S2A_MSIL2A_20190825T102031_N0500_R065_T34VCM_20230430T190322,S2A,2019-08-25T10:20:31Z,T34VCM,65,N0500,2023-04-30T19:03:22Z,exact_unique,S2A_MSIL1C_20190825T102031_N0500_R065_T34VCM_20230430T034035,S2A,2019-08-25T10:20:31Z,T34VCM,65,N0500,2023-04-30T03:40:35Z,1,S2A_MSIL1C_20190825T102031_N0500_R065_T34VCM_20230430T034035,
2019-08-27,2019,frozen_representative,True,S2B_MSIL2A_20190827T101029_N0500_R022_T34VCM_20230524T153400,S2B,2019-08-27T10:10:29Z,T34VCM,22,N0500,2023-05-24T15:34:00Z,exact_unique,S2B_MSIL1C_20190827T101029_N0500_R022_T34VCM_20230523T230349,S2B,2019-08-27T10:10:29Z,T34VCM,22,N0500,2023-05-23T23:03:49Z,1,S2B_MSIL1C_20190827T101029_N0500_R022_T34VCM_20230523T230349,
2019-08-30,2019,no_representative_frozen_scl_gate_failed,False,,,,,,,,no_l2a_representative_for_date,,,,,,,,0,,The frozen SCL observation mask selected no representative L2A product for this date.
2019-09-01,2019,frozen_representative,True,S2A_MSIL2A_20190901T101031_N0500_R022_T34VCM_20230702T225854,S2A,2019-09-01T10:10:31Z,T34VCM,22,N0500,2023-07-02T22:58:54Z,exact_unique,S2A_MSIL1C_20190901T101031_N0500_R022_T34VCM_20230701T230615,S2A,2019-09-01T10:10:31Z,T34VCM,22,N0500,2023-07-01T23:06:15Z,1,S2A_MSIL1C_20190901T101031_N0500_R022_T34VCM_20230701T230615,
2019-09-04,2019,frozen_representative,True,S2A_MSIL2A_20190904T102021_N0500_R065_T34VCM_20230703T073148,S2A,2019-09-04T10:20:21Z,T34VCM,65,N0500,2023-07-03T07:31:48Z,exact_unique,S2A_MSIL1C_20190904T102021_N0500_R065_T34VCM_20230702T101739,S2A,2019-09-04T10:20:21Z,T34VCM,65,N0500,2023-07-02T10:17:39Z,1,S2A_MSIL1C_20190904T102021_N0500_R065_T34VCM_20230702T101739,
2019-09-06,2019,frozen_representative,True,S2B_MSIL2A_20190906T101029_N0500_R022_T34VCM_20230502T203254,S2B,2019-09-06T10:10:29Z,T34VCM,22,N0500,2023-05-02T20:32:54Z,exact_unique,S2B_MSIL1C_20190906T101029_N0500_R022_T34VCM_20230501T234630,S2B,2019-09-06T10:10:29Z,T34VCM,22,N0500,2023-05-01T23:46:30Z,1,S2B_MSIL1C_20190906T101029_N0500_R022_T34VCM_20230501T234630,
2019-09-09,2019,no_representative_frozen_scl_gate_failed,False,,,,,,,,no_l2a_representative_for_date,,,,,,,,0,,The frozen SCL observation mask selected no representative L2A product for this date.
2019-09-11,2019,no_representative_frozen_scl_gate_failed,False,,,,,,,,no_l2a_representative_for_date,,,,,,,,0,,The frozen SCL observation mask selected no representative L2A product for this date.
2019-09-14,2019,no_representative_frozen_scl_gate_failed,False,,,,,,,,no_l2a_representative_for_date,,,,,,,,0,,The frozen SCL observation mask selected no representative L2A product for this date.
2019-09-16,2019,no_representative_frozen_scl_gate_failed,False,,,,,,,,no_l2a_representative_for_date,,,,,,,,0,,The frozen SCL observation mask selected no representative L2A product for this date.
2019-09-19,2019,no_representative_frozen_scl_gate_failed,False,,,,,,,,no_l2a_representative_for_date,,,,,,,,0,,The frozen SCL observation mask selected no representative L2A product for this date.
2019-09-21,2019,no_representative_frozen_scl_gate_failed,False,,,,,,,,no_l2a_representative_for_date,,,,,,,,0,,The frozen SCL observation mask selected no representative L2A product for this date.
2019-09-24,2019,no_representative_frozen_scl_gate_failed,False,,,,,,,,no_l2a_representative_for_date,,,,,,,,0,,The frozen SCL observation mask selected no representative L2A product for this date.
2019-09-26,2019,frozen_representative,True,S2B_MSIL2A_20190926T101029_N0500_R022_T34VCM_20230628T061823,S2B,2019-09-26T10:10:29Z,T34VCM,22,N0500,2023-06-28T06:18:23Z,exact_unique,S2B_MSIL1C_20190926T101029_N0500_R022_T34VCM_20230627T065915,S2B,2019-09-26T10:10:29Z,T34VCM,22,N0500,2023-06-27T06:59:15Z,1,S2B_MSIL1C_20190926T101029_N0500_R022_T34VCM_20230627T065915,
2019-09-29,2019,no_representative_frozen_scl_gate_failed,False,,,,,,,,no_l2a_representative_for_date,,,,,,,,0,,The frozen SCL observation mask selected no representative L2A product for this date.
2019-10-01,2019,frozen_representative,True,S2A_MSIL2A_20191001T101031_N0500_R022_T34VCM_20230614T115927,S2A,2019-10-01T10:10:31Z,T34VCM,22,N0500,2023-06-14T11:59:27Z,exact_unique,S2A_MSIL1C_20191001T101031_N0500_R022_T34VCM_20230614T021139,S2A,2019-10-01T10:10:31Z,T34VCM,22,N0500,2023-06-14T02:11:39Z,1,S2A_MSIL1C_20191001T101031_N0500_R022_T34VCM_20230614T021139,
2019-10-04,2019,frozen_representative,True,S2A_MSIL2A_20191004T102031_N0500_R065_T34VCM_20230613T223937,S2A,2019-10-04T10:20:31Z,T34VCM,65,N0500,2023-06-13T22:39:37Z,exact_unique,S2A_MSIL1C_20191004T102031_N0500_R065_T34VCM_20230613T124317,S2A,2019-10-04T10:20:31Z,T34VCM,65,N0500,2023-06-13T12:43:17Z,1,S2A_MSIL1C_20191004T102031_N0500_R065_T34VCM_20230613T124317,
2019-10-06,2019,no_representative_frozen_scl_gate_failed,False,,,,,,,,no_l2a_representative_for_date,,,,,,,,0,,The frozen SCL observation mask selected no representative L2A product for this date.
2019-10-09,2019,no_representative_frozen_scl_gate_failed,False,,,,,,,,no_l2a_representative_for_date,,,,,,,,0,,The frozen SCL observation mask selected no representative L2A product for this date.
2019-10-11,2019,no_representative_frozen_scl_gate_failed,False,,,,,,,,no_l2a_representative_for_date,,,,,,,,0,,The frozen SCL observation mask selected no representative L2A product for this date.
2019-10-14,2019,no_representative_frozen_scl_gate_failed,False,,,,,,,,no_l2a_representative_for_date,,,,,,,,0,,The frozen SCL observation mask selected no representative L2A product for this date.
2019-10-16,2019,no_representative_frozen_scl_gate_failed,False,,,,,,,,no_l2a_representative_for_date,,,,,,,,0,,The frozen SCL observation mask selected no representative L2A product for this date.
2019-10-19,2019,frozen_representative,True,S2B_MSIL2A_20191019T102029_N0500_R065_T34VCM_20230622T072030,S2B,2019-10-19T10:20:29Z,T34VCM,65,N0500,2023-06-22T07:20:30Z,exact_unique,S2B_MSIL1C_20191019T102029_N0500_R065_T34VCM_20230622T001059,S2B,2019-10-19T10:20:29Z,T34VCM,65,N0500,2023-06-22T00:10:59Z,1,S2B_MSIL1C_20191019T102029_N0500_R065_T34VCM_20230622T001059,
2019-10-21,2019,no_representative_frozen_scl_gate_failed,False,,,,,,,,no_l2a_representative_for_date,,,,,,,,0,,The frozen SCL observation mask selected no representative L2A product for this date.
2019-10-24,2019,no_representative_frozen_scl_gate_failed,False,,,,,,,,no_l2a_representative_for_date,,,,,,,,0,,The frozen SCL observation mask selected no representative L2A product for this date.
2019-10-26,2019,no_representative_frozen_scl_gate_failed,False,,,,,,,,no_l2a_representative_for_date,,,,,,,,0,,The frozen SCL observation mask selected no representative L2A product for this date.
2019-10-29,2019,frozen_representative,True,S2B_MSIL2A_20191029T102039_N0500_R065_T34VCM_20230614T232838,S2B,2019-10-29T10:20:39Z,T34VCM,65,N0500,2023-06-14T23:28:38Z,exact_unique,S2B_MSIL1C_20191029T102039_N0500_R065_T34VCM_20230614T174242,S2B,2019-10-29T10:20:39Z,T34VCM,65,N0500,2023-06-14T17:42:42Z,1,S2B_MSIL1C_20191029T102039_N0500_R065_T34VCM_20230614T174242,
2019-10-31,2019,frozen_representative,True,S2A_MSIL2A_20191031T101141_N0500_R022_T34VCM_20230527T114942,S2A,2019-10-31T10:11:41Z,T34VCM,22,N0500,2023-05-27T11:49:42Z,exact_unique,S2A_MSIL1C_20191031T101141_N0500_R022_T34VCM_20230527T075200,S2A,2019-10-31T10:11:41Z,T34VCM,22,N0500,2023-05-27T07:52:00Z,1,S2A_MSIL1C_20191031T101141_N0500_R022_T34VCM_20230527T075200,
2019-11-03,2019,frozen_representative,True,S2A_MSIL2A_20191103T102211_N0500_R065_T34VCM_20230610T094957,S2A,2019-11-03T10:22:11Z,T34VCM,65,N0500,2023-06-10T09:49:57Z,exact_unique,S2A_MSIL1C_20191103T102211_N0500_R065_T34VCM_20230609T192718,S2A,2019-11-03T10:22:11Z,T34VCM,65,N0500,2023-06-09T19:27:18Z,1,S2A_MSIL1C_20191103T102211_N0500_R065_T34VCM_20230609T192718,
2019-11-05,2019,frozen_representative,True,S2B_MSIL2A_20191105T101119_N0500_R022_T34VCM_20230707T155633,S2B,2019-11-05T10:11:19Z,T34VCM,22,N0500,2023-07-07T15:56:33Z,exact_unique,S2B_MSIL1C_20191105T101119_N0500_R022_T34VCM_20230706T195721,S2B,2019-11-05T10:11:19Z,T34VCM,22,N0500,2023-07-06T19:57:21Z,1,S2B_MSIL1C_20191105T101119_N0500_R022_T34VCM_20230706T195721,
2019-11-08,2019,no_representative_frozen_scl_gate_failed,False,,,,,,,,no_l2a_representative_for_date,,,,,,,,0,,The frozen SCL observation mask selected no representative L2A product for this date.
2019-11-10,2019,no_representative_frozen_scl_gate_failed,False,,,,,,,,no_l2a_representative_for_date,,,,,,,,0,,The frozen SCL observation mask selected no representative L2A product for this date.
2019-11-13,2019,no_representative_frozen_scl_gate_failed,False,,,,,,,,no_l2a_representative_for_date,,,,,,,,0,,The frozen SCL observation mask selected no representative L2A product for this date.
2019-11-15,2019,no_representative_frozen_scl_gate_failed,False,,,,,,,,no_l2a_representative_for_date,,,,,,,,0,,The frozen SCL observation mask selected no representative L2A product for this date.
2019-11-18,2019,no_representative_frozen_scl_gate_failed,False,,,,,,,,no_l2a_representative_for_date,,,,,,,,0,,The frozen SCL observation mask selected no representative L2A product for this date.
2019-11-20,2019,no_representative_frozen_scl_gate_failed,False,,,,,,,,no_l2a_representative_for_date,,,,,,,,0,,The frozen SCL observation mask selected no representative L2A product for this date.
2019-11-23,2019,no_representative_frozen_scl_gate_failed,False,,,,,,,,no_l2a_representative_for_date,,,,,,,,0,,The frozen SCL observation mask selected no representative L2A product for this date.
2019-11-28,2019,no_representative_frozen_scl_gate_failed,False,,,,,,,,no_l2a_representative_for_date,,,,,,,,0,,The frozen SCL observation mask selected no representative L2A product for this date.
2019-11-30,2019,frozen_representative,True,S2A_MSIL2A_20191130T101401_N0500_R022_T34VCM_20221220T104952,S2A,2019-11-30T10:14:01Z,T34VCM,22,N0500,2022-12-20T10:49:52Z,exact_unique,S2A_MSIL1C_20191130T101401_N0500_R022_T34VCM_20221220T095629,S2A,2019-11-30T10:14:01Z,T34VCM,22,N0500,2022-12-20T09:56:29Z,1,S2A_MSIL1C_20191130T101401_N0500_R022_T34VCM_20221220T095629,
2019-12-05,2019,frozen_representative,True,S2B_MSIL2A_20191205T101309_N0500_R022_T34VCM_20230619T055056,S2B,2019-12-05T10:13:09Z,T34VCM,22,N0500,2023-06-19T05:50:56Z,exact_unique,S2B_MSIL1C_20191205T101309_N0500_R022_T34VCM_20230618T044123,S2B,2019-12-05T10:13:09Z,T34VCM,22,N0500,2023-06-18T04:41:23Z,1,S2B_MSIL1C_20191205T101309_N0500_R022_T34VCM_20230618T044123,
2019-12-08,2019,no_representative_frozen_scl_gate_failed,False,,,,,,,,no_l2a_representative_for_date,,,,,,,,0,,The frozen SCL observation mask selected no representative L2A product for this date.
2019-12-15,2019,no_representative_frozen_scl_gate_failed,False,,,,,,,,no_l2a_representative_for_date,,,,,,,,0,,The frozen SCL observation mask selected no representative L2A product for this date.
2019-12-18,2019,no_representative_frozen_scl_gate_failed,False,,,,,,,,no_l2a_representative_for_date,,,,,,,,0,,The frozen SCL observation mask selected no representative L2A product for this date.
2019-12-25,2019,no_representative_frozen_scl_gate_failed,False,,,,,,,,no_l2a_representative_for_date,,,,,,,,0,,The frozen SCL observation mask selected no representative L2A product for this date.
2019-12-28,2019,no_representative_frozen_scl_gate_failed,False,,,,,,,,no_l2a_representative_for_date,,,,,,,,0,,The frozen SCL observation mask selected no representative L2A product for this date.
2020-01-04,2020,no_representative_frozen_scl_gate_failed,False,,,,,,,,no_l2a_representative_for_date,,,,,,,,0,,The frozen SCL observation mask selected no representative L2A product for this date.
2020-01-07,2020,no_representative_frozen_scl_gate_failed,False,,,,,,,,no_l2a_representative_for_date,,,,,,,,0,,The frozen SCL observation mask selected no representative L2A product for this date.
2020-01-14,2020,no_representative_frozen_scl_gate_failed,False,,,,,,,,no_l2a_representative_for_date,,,,,,,,0,,The frozen SCL observation mask selected no representative L2A product for this date.
2020-01-17,2020,no_representative_frozen_scl_gate_failed,False,,,,,,,,no_l2a_representative_for_date,,,,,,,,0,,The frozen SCL observation mask selected no representative L2A product for this date.
2020-01-19,2020,frozen_representative,True,S2A_MSIL2A_20200119T101331_N0500_R022_T34VCM_20230423T222528,S2A,2020-01-19T10:13:31Z,T34VCM,22,N0500,2023-04-23T22:25:28Z,exact_unique,S2A_MSIL1C_20200119T101331_N0500_R022_T34VCM_20230423T210432,S2A,2020-01-19T10:13:31Z,T34VCM,22,N0500,2023-04-23T21:04:32Z,1,S2A_MSIL1C_20200119T101331_N0500_R022_T34VCM_20230423T210432,
2020-01-22,2020,no_representative_frozen_scl_gate_failed,False,,,,,,,,no_l2a_representative_for_date,,,,,,,,0,,The frozen SCL observation mask selected no representative L2A product for this date.
2020-01-24,2020,frozen_representative,True,S2B_MSIL2A_20200124T101219_N0500_R022_T34VCM_20230428T002112,S2B,2020-01-24T10:12:19Z,T34VCM,22,N0500,2023-04-28T00:21:12Z,exact_unique,S2B_MSIL1C_20200124T101219_N0500_R022_T34VCM_20230427T023015,S2B,2020-01-24T10:12:19Z,T34VCM,22,N0500,2023-04-27T02:30:15Z,1,S2B_MSIL1C_20200124T101219_N0500_R022_T34VCM_20230427T023015,
2020-01-27,2020,no_representative_frozen_scl_gate_failed,False,,,,,,,,no_l2a_representative_for_date,,,,,,,,0,,The frozen SCL observation mask selected no representative L2A product for this date.
2020-01-29,2020,no_representative_frozen_scl_gate_failed,False,,,,,,,,no_l2a_representative_for_date,,,,,,,,0,,The frozen SCL observation mask selected no representative L2A product for this date.
2020-02-01,2020,no_representative_frozen_scl_gate_failed,False,,,,,,,,no_l2a_representative_for_date,,,,,,,,0,,The frozen SCL observation mask selected no representative L2A product for this date.
2020-02-03,2020,frozen_representative,True,S2B_MSIL2A_20200203T101129_N0500_R022_T34VCM_20230531T080341,S2B,2020-02-03T10:11:29Z,T34VCM,22,N0500,2023-05-31T08:03:41Z,exact_unique,S2B_MSIL1C_20200203T101129_N0500_R022_T34VCM_20230530T093722,S2B,2020-02-03T10:11:29Z,T34VCM,22,N0500,2023-05-30T09:37:22Z,1,S2B_MSIL1C_20200203T101129_N0500_R022_T34VCM_20230530T093722,
2020-02-06,2020,frozen_representative,True,S2B_MSIL2A_20200206T102109_N0500_R065_T34VCM_20230630T201033,S2B,2020-02-06T10:21:09Z,T34VCM,65,N0500,2023-06-30T20:10:33Z,exact_unique,S2B_MSIL1C_20200206T102109_N0500_R065_T34VCM_20230630T112541,S2B,2020-02-06T10:21:09Z,T34VCM,65,N0500,2023-06-30T11:25:41Z,1,S2B_MSIL1C_20200206T102109_N0500_R065_T34VCM_20230630T112541,
2020-02-08,2020,no_representative_frozen_scl_gate_failed,False,,,,,,,,no_l2a_representative_for_date,,,,,,,,0,,The frozen SCL observation mask selected no representative L2A product for this date.
2020-02-11,2020,frozen_representative,True,S2A_MSIL2A_20200211T102141_N0500_R065_T34VCM_20230413T103023,S2A,2020-02-11T10:21:41Z,T34VCM,65,N0500,2023-04-13T10:30:23Z,exact_unique,S2A_MSIL1C_20200211T102141_N0500_R065_T34VCM_20230412T160729,S2A,2020-02-11T10:21:41Z,T34VCM,65,N0500,2023-04-12T16:07:29Z,1,S2A_MSIL1C_20200211T102141_N0500_R065_T34VCM_20230412T160729,
2020-02-13,2020,frozen_representative,True,S2B_MSIL2A_20200213T101029_N0500_R022_T34VCM_20230623T214154,S2B,2020-02-13T10:10:29Z,T34VCM,22,N0500,2023-06-23T21:41:54Z,exact_unique,S2B_MSIL1C_20200213T101029_N0500_R022_T34VCM_20230623T124248,S2B,2020-02-13T10:10:29Z,T34VCM,22,N0500,2023-06-23T12:42:48Z,1,S2B_MSIL1C_20200213T101029_N0500_R022_T34VCM_20230623T124248,
2020-02-16,2020,no_representative_frozen_scl_gate_failed,False,,,,,,,,no_l2a_representative_for_date,,,,,,,,0,,The frozen SCL observation mask selected no representative L2A product for this date.
2020-02-18,2020,no_representative_frozen_scl_gate_failed,False,,,,,,,,no_l2a_representative_for_date,,,,,,,,0,,The frozen SCL observation mask selected no representative L2A product for this date.
2020-02-21,2020,frozen_representative,True,S2A_MSIL2A_20200221T102041_N0500_R065_T34VCM_20230427T130209,S2A,2020-02-21T10:20:41Z,T34VCM,65,N0500,2023-04-27T13:02:09Z,exact_unique,S2A_MSIL1C_20200221T102041_N0500_R065_T34VCM_20230427T072627,S2A,2020-02-21T10:20:41Z,T34VCM,65,N0500,2023-04-27T07:26:27Z,1,S2A_MSIL1C_20200221T102041_N0500_R065_T34VCM_20230427T072627,
2020-02-23,2020,frozen_representative,True,S2B_MSIL2A_20200223T100919_N0500_R022_T34VCM_20230610T023041,S2B,2020-02-23T10:09:19Z,T34VCM,22,N0500,2023-06-10T02:30:41Z,exact_unique,S2B_MSIL1C_20200223T100919_N0500_R022_T34VCM_20230609T045354,S2B,2020-02-23T10:09:19Z,T34VCM,22,N0500,2023-06-09T04:53:54Z,1,S2B_MSIL1C_20200223T100919_N0500_R022_T34VCM_20230609T045354,
2020-02-26,2020,frozen_representative,True,S2B_MSIL2A_20200226T101909_N0500_R065_T34VCM_20230423T154511,S2B,2020-02-26T10:19:09Z,T34VCM,65,N0500,2023-04-23T15:45:11Z,exact_unique,S2B_MSIL1C_20200226T101909_N0500_R065_T34VCM_20230423T061550,S2B,2020-02-26T10:19:09Z,T34VCM,65,N0500,2023-04-23T06:15:50Z,1,S2B_MSIL1C_20200226T101909_N0500_R065_T34VCM_20230423T061550,
2020-02-28,2020,frozen_representative,True,S2A_MSIL2A_20200228T101021_N0500_R022_T34VCM_20230423T221510,S2A,2020-02-28T10:10:21Z,T34VCM,22,N0500,2023-04-23T22:15:10Z,exact_unique,S2A_MSIL1C_20200228T101021_N0500_R022_T34VCM_20230423T115912,S2A,2020-02-28T10:10:21Z,T34VCM,22,N0500,2023-04-23T11:59:12Z,1,S2A_MSIL1C_20200228T101021_N0500_R022_T34VCM_20230423T115912,
2020-03-02,2020,no_representative_frozen_scl_gate_failed,False,,,,,,,,no_l2a_representative_for_date,,,,,,,,0,,The frozen SCL observation mask selected no representative L2A product for this date.
2020-03-04,2020,no_representative_frozen_scl_gate_failed,False,,,,,,,,no_l2a_representative_for_date,,,,,,,,0,,The frozen SCL observation mask selected no representative L2A product for this date.
2020-03-07,2020,no_representative_frozen_scl_gate_failed,False,,,,,,,,no_l2a_representative_for_date,,,,,,,,0,,The frozen SCL observation mask selected no representative L2A product for this date.
2020-03-09,2020,no_representative_frozen_scl_gate_failed,False,,,,,,,,no_l2a_representative_for_date,,,,,,,,0,,The frozen SCL observation mask selected no representative L2A product for this date.
2020-03-12,2020,no_representative_frozen_scl_gate_failed,False,,,,,,,,no_l2a_representative_for_date,,,,,,,,0,,The frozen SCL observation mask selected no representative L2A product for this date.
2020-03-14,2020,frozen_representative,True,S2B_MSIL2A_20200314T101019_N0500_R022_T34VCM_20230414T005822,S2B,2020-03-14T10:10:19Z,T34VCM,22,N0500,2023-04-14T00:58:22Z,exact_unique,S2B_MSIL1C_20200314T101019_N0500_R022_T34VCM_20230413T050119,S2B,2020-03-14T10:10:19Z,T34VCM,22,N0500,2023-04-13T05:01:19Z,1,S2B_MSIL1C_20200314T101019_N0500_R022_T34VCM_20230413T050119,
2020-03-17,2020,no_representative_frozen_scl_gate_failed,False,,,,,,,,no_l2a_representative_for_date,,,,,,,,0,,The frozen SCL observation mask selected no representative L2A product for this date.
2020-03-19,2020,frozen_representative,True,S2A_MSIL2A_20200319T101021_N0500_R022_T34VCM_20230629T052326,S2A,2020-03-19T10:10:21Z,T34VCM,22,N0500,2023-06-29T05:23:26Z,exact_unique,S2A_MSIL1C_20200319T101021_N0500_R022_T34VCM_20230628T195927,S2A,2020-03-19T10:10:21Z,T34VCM,22,N0500,2023-06-28T19:59:27Z,1,S2A_MSIL1C_20200319T101021_N0500_R022_T34VCM_20230628T195927,
2020-03-22,2020,frozen_representative,True,S2A_MSIL2A_20200322T102021_N0500_R065_T34VCM_20230419T003850,S2A,2020-03-22T10:20:21Z,T34VCM,65,N0500,2023-04-19T00:38:50Z,exact_unique,S2A_MSIL1C_20200322T102021_N0500_R065_T34VCM_20230418T195020,S2A,2020-03-22T10:20:21Z,T34VCM,65,N0500,2023-04-18T19:50:20Z,1,S2A_MSIL1C_20200322T102021_N0500_R065_T34VCM_20230418T195020,
2020-03-24,2020,no_representative_frozen_scl_gate_failed,False,,,,,,,,no_l2a_representative_for_date,,,,,,,,0,,The frozen SCL observation mask selected no representative L2A product for this date.
2020-03-27,2020,no_representative_frozen_scl_gate_failed,False,,,,,,,,no_l2a_representative_for_date,,,,,,,,0,,The frozen SCL observation mask selected no representative L2A product for this date.
2020-03-29,2020,frozen_representative,True,S2A_MSIL2A_20200329T101021_N0500_R022_T34VCM_20230409T134022,S2A,2020-03-29T10:10:21Z,T34VCM,22,N0500,2023-04-09T13:40:22Z,exact_unique,S2A_MSIL1C_20200329T101021_N0500_R022_T34VCM_20230408T234207,S2A,2020-03-29T10:10:21Z,T34VCM,22,N0500,2023-04-08T23:42:07Z,1,S2A_MSIL1C_20200329T101021_N0500_R022_T34VCM_20230408T234207,
2020-04-01,2020,frozen_representative,True,S2A_MSIL2A_20200401T102021_N0500_R065_T34VCM_20230404T191257,S2A,2020-04-01T10:20:21Z,T34VCM,65,N0500,2023-04-04T19:12:57Z,exact_unique,S2A_MSIL1C_20200401T102021_N0500_R065_T34VCM_20230404T032154,S2A,2020-04-01T10:20:21Z,T34VCM,65,N0500,2023-04-04T03:21:54Z,1,S2A_MSIL1C_20200401T102021_N0500_R065_T34VCM_20230404T032154,
2020-04-03,2020,frozen_representative,True,S2B_MSIL2A_20200403T100549_N0500_R022_T34VCM_20230530T234318,S2B,2020-04-03T10:05:49Z,T34VCM,22,N0500,2023-05-30T23:43:18Z,exact_unique,S2B_MSIL1C_20200403T100549_N0500_R022_T34VCM_20230530T162052,S2B,2020-04-03T10:05:49Z,T34VCM,22,N0500,2023-05-30T16:20:52Z,1,S2B_MSIL1C_20200403T100549_N0500_R022_T34VCM_20230530T162052,
2020-04-06,2020,no_representative_frozen_scl_gate_failed,False,,,,,,,,no_l2a_representative_for_date,,,,,,,,0,,The frozen SCL observation mask selected no representative L2A product for this date.
2020-04-08,2020,no_representative_frozen_scl_gate_failed,False,,,,,,,,no_l2a_representative_for_date,,,,,,,,0,,The frozen SCL observation mask selected no representative L2A product for this date.
2020-04-11,2020,frozen_representative,True,S2A_MSIL2A_20200411T102021_N0500_R065_T34VCM_20230406T074601,S2A,2020-04-11T10:20:21Z,T34VCM,65,N0500,2023-04-06T07:46:01Z,exact_unique,S2A_MSIL1C_20200411T102021_N0500_R065_T34VCM_20230405T155520,S2A,2020-04-11T10:20:21Z,T34VCM,65,N0500,2023-04-05T15:55:20Z,1,S2A_MSIL1C_20200411T102021_N0500_R065_T34VCM_20230405T155520,
2020-04-13,2020,no_representative_frozen_scl_gate_failed,False,,,,,,,,no_l2a_representative_for_date,,,,,,,,0,,The frozen SCL observation mask selected no representative L2A product for this date.
2020-04-16,2020,frozen_representative,True,S2B_MSIL2A_20200416T101549_N0500_R065_T34VCM_20230522T094018,S2B,2020-04-16T10:15:49Z,T34VCM,65,N0500,2023-05-22T09:40:18Z,exact_unique,S2B_MSIL1C_20200416T101549_N0500_R065_T34VCM_20230522T004845,S2B,2020-04-16T10:15:49Z,T34VCM,65,N0500,2023-05-22T00:48:45Z,1,S2B_MSIL1C_20200416T101549_N0500_R065_T34VCM_20230522T004845,
2020-04-18,2020,frozen_representative,True,S2A_MSIL2A_20200418T101031_N0500_R022_T34VCM_20230410T033739,S2A,2020-04-18T10:10:31Z,T34VCM,22,N0500,2023-04-10T03:37:39Z,exact_unique,S2A_MSIL1C_20200418T101031_N0500_R022_T34VCM_20230409T173732,S2A,2020-04-18T10:10:31Z,T34VCM,22,N0500,2023-04-09T17:37:32Z,1,S2A_MSIL1C_20200418T101031_N0500_R022_T34VCM_20230409T173732,
2020-04-21,2020,frozen_representative,True,S2A_MSIL2A_20200421T102021_N0500_R065_T34VCM_20230419T010724,S2A,2020-04-21T10:20:21Z,T34VCM,65,N0500,2023-04-19T01:07:24Z,exact_unique,S2A_MSIL1C_20200421T102021_N0500_R065_T34VCM_20230418T165644,S2A,2020-04-21T10:20:21Z,T34VCM,65,N0500,2023-04-18T16:56:44Z,1,S2A_MSIL1C_20200421T102021_N0500_R065_T34VCM_20230418T165644,
2020-04-23,2020,frozen_representative,True,S2B_MSIL2A_20200423T100549_N0500_R022_T34VCM_20230519T193533,S2B,2020-04-23T10:05:49Z,T34VCM,22,N0500,2023-05-19T19:35:33Z,exact_unique,S2B_MSIL1C_20200423T100549_N0500_R022_T34VCM_20230519T113250,S2B,2020-04-23T10:05:49Z,T34VCM,22,N0500,2023-05-19T11:32:50Z,1,S2B_MSIL1C_20200423T100549_N0500_R022_T34VCM_20230519T113250,
2020-04-26,2020,no_representative_frozen_scl_gate_failed,False,,,,,,,,no_l2a_representative_for_date,,,,,,,,0,,The frozen SCL observation mask selected no representative L2A product for this date.
2020-04-28,2020,no_representative_frozen_scl_gate_failed,False,,,,,,,,no_l2a_representative_for_date,,,,,,,,0,,The frozen SCL observation mask selected no representative L2A product for this date.
2020-05-01,2020,no_representative_frozen_scl_gate_failed,False,,,,,,,,no_l2a_representative_for_date,,,,,,,,0,,The frozen SCL observation mask selected no representative L2A product for this date.
2020-05-03,2020,no_representative_frozen_scl_gate_failed,False,,,,,,,,no_l2a_representative_for_date,,,,,,,,0,,The frozen SCL observation mask selected no representative L2A product for this date.
2020-05-06,2020,no_representative_frozen_scl_gate_failed,False,,,,,,,,no_l2a_representative_for_date,,,,,,,,0,,The frozen SCL observation mask selected no representative L2A product for this date.
2020-05-08,2020,frozen_representative,True,S2A_MSIL2A_20200508T101031_N0500_R022_T34VCM_20230331T174129,S2A,2020-05-08T10:10:31Z,T34VCM,22,N0500,2023-03-31T17:41:29Z,exact_unique,S2A_MSIL1C_20200508T101031_N0500_R022_T34VCM_20230330T224016,S2A,2020-05-08T10:10:31Z,T34VCM,22,N0500,2023-03-30T22:40:16Z,1,S2A_MSIL1C_20200508T101031_N0500_R022_T34VCM_20230330T224016,
2020-05-11,2020,no_representative_frozen_scl_gate_failed,False,,,,,,,,no_l2a_representative_for_date,,,,,,,,0,,The frozen SCL observation mask selected no representative L2A product for this date.
2020-05-13,2020,no_representative_frozen_scl_gate_failed,False,,,,,,,,no_l2a_representative_for_date,,,,,,,,0,,The frozen SCL observation mask selected no representative L2A product for this date.
2020-05-16,2020,no_representative_frozen_scl_gate_failed,False,,,,,,,,no_l2a_representative_for_date,,,,,,,,0,,The frozen SCL observation mask selected no representative L2A product for this date.
2020-05-18,2020,no_representative_frozen_scl_gate_failed,False,,,,,,,,no_l2a_representative_for_date,,,,,,,,0,,The frozen SCL observation mask selected no representative L2A product for this date.
2020-05-21,2020,frozen_representative,True,S2A_MSIL2A_20200521T102031_N0500_R065_T34VCM_20230415T081814,S2A,2020-05-21T10:20:31Z,T34VCM,65,N0500,2023-04-15T08:18:14Z,exact_unique,S2A_MSIL1C_20200521T102031_N0500_R065_T34VCM_20230415T025301,S2A,2020-05-21T10:20:31Z,T34VCM,65,N0500,2023-04-15T02:53:01Z,1,S2A_MSIL1C_20200521T102031_N0500_R065_T34VCM_20230415T025301,
2020-05-23,2020,no_representative_frozen_scl_gate_failed,False,,,,,,,,no_l2a_representative_for_date,,,,,,,,0,,The frozen SCL observation mask selected no representative L2A product for this date.
2020-05-26,2020,frozen_representative,True,S2B_MSIL2A_20200526T101559_N0500_R065_T34VCM_20230504T082505,S2B,2020-05-26T10:15:59Z,T34VCM,65,N0500,2023-05-04T08:25:05Z,exact_unique,S2B_MSIL1C_20200526T101559_N0500_R065_T34VCM_20230504T005432,S2B,2020-05-26T10:15:59Z,T34VCM,65,N0500,2023-05-04T00:54:32Z,1,S2B_MSIL1C_20200526T101559_N0500_R065_T34VCM_20230504T005432,
2020-05-28,2020,no_representative_frozen_scl_gate_failed,False,,,,,,,,no_l2a_representative_for_date,,,,,,,,0,,The frozen SCL observation mask selected no representative L2A product for this date.
2020-05-31,2020,frozen_representative,True,S2A_MSIL2A_20200531T102031_N0500_R065_T34VCM_20230404T042304,S2A,2020-05-31T10:20:31Z,T34VCM,65,N0500,2023-04-04T04:23:04Z,exact_unique,S2A_MSIL1C_20200531T102031_N0500_R065_T34VCM_20230403T211425,S2A,2020-05-31T10:20:31Z,T34VCM,65,N0500,2023-04-03T21:14:25Z,1,S2A_MSIL1C_20200531T102031_N0500_R065_T34VCM_20230403T211425,
2020-06-02,2020,frozen_representative,True,S2B_MSIL2A_20200602T100559_N0500_R022_T34VCM_20230618T155201,S2B,2020-06-02T10:05:59Z,T34VCM,22,N0500,2023-06-18T15:52:01Z,exact_unique,S2B_MSIL1C_20200602T100559_N0500_R022_T34VCM_20230618T064144,S2B,2020-06-02T10:05:59Z,T34VCM,22,N0500,2023-06-18T06:41:44Z,1,S2B_MSIL1C_20200602T100559_N0500_R022_T34VCM_20230618T064144,
2020-06-05,2020,frozen_representative,True,S2B_MSIL2A_20200605T101559_N0500_R065_T34VCM_20230616T115605,S2B,2020-06-05T10:15:59Z,T34VCM,65,N0500,2023-06-16T11:56:05Z,exact_unique,S2B_MSIL1C_20200605T101559_N0500_R065_T34VCM_20230616T040205,S2B,2020-06-05T10:15:59Z,T34VCM,65,N0500,2023-06-16T04:02:05Z,1,S2B_MSIL1C_20200605T101559_N0500_R065_T34VCM_20230616T040205,
2020-06-07,2020,frozen_representative,True,S2A_MSIL2A_20200607T101031_N0500_R022_T34VCM_20230325T194752,S2A,2020-06-07T10:10:31Z,T34VCM,22,N0500,2023-03-25T19:47:52Z,exact_unique,S2A_MSIL1C_20200607T101031_N0500_R022_T34VCM_20230325T075950,S2A,2020-06-07T10:10:31Z,T34VCM,22,N0500,2023-03-25T07:59:50Z,1,S2A_MSIL1C_20200607T101031_N0500_R022_T34VCM_20230325T075950,
2020-06-10,2020,frozen_representative,True,S2A_MSIL2A_20200610T102031_N0500_R065_T34VCM_20230327T090844,S2A,2020-06-10T10:20:31Z,T34VCM,65,N0500,2023-03-27T09:08:44Z,exact_unique,S2A_MSIL1C_20200610T102031_N0500_R065_T34VCM_20230326T185418,S2A,2020-06-10T10:20:31Z,T34VCM,65,N0500,2023-03-26T18:54:18Z,1,S2A_MSIL1C_20200610T102031_N0500_R065_T34VCM_20230326T185418,
2020-06-12,2020,frozen_representative,True,S2B_MSIL2A_20200612T100559_N0500_R022_T34VCM_20230501T085107,S2B,2020-06-12T10:05:59Z,T34VCM,22,N0500,2023-05-01T08:51:07Z,exact_unique,S2B_MSIL1C_20200612T100559_N0500_R022_T34VCM_20230430T193046,S2B,2020-06-12T10:05:59Z,T34VCM,22,N0500,2023-04-30T19:30:46Z,1,S2B_MSIL1C_20200612T100559_N0500_R022_T34VCM_20230430T193046,
2020-06-15,2020,frozen_representative,True,S2B_MSIL2A_20200615T101559_N0500_R065_T34VCM_20230428T083529,S2B,2020-06-15T10:15:59Z,T34VCM,65,N0500,2023-04-28T08:35:29Z,exact_unique,S2B_MSIL1C_20200615T101559_N0500_R065_T34VCM_20230427T115930,S2B,2020-06-15T10:15:59Z,T34VCM,65,N0500,2023-04-27T11:59:30Z,1,S2B_MSIL1C_20200615T101559_N0500_R065_T34VCM_20230427T115930,
2020-06-17,2020,no_representative_frozen_scl_gate_failed,False,,,,,,,,no_l2a_representative_for_date,,,,,,,,0,,The frozen SCL observation mask selected no representative L2A product for this date.
2020-06-20,2020,frozen_representative,True,S2A_MSIL2A_20200620T102031_N0500_R065_T34VCM_20230413T205714,S2A,2020-06-20T10:20:31Z,T34VCM,65,N0500,2023-04-13T20:57:14Z,exact_unique,S2A_MSIL1C_20200620T102031_N0500_R065_T34VCM_20230413T090147,S2A,2020-06-20T10:20:31Z,T34VCM,65,N0500,2023-04-13T09:01:47Z,1,S2A_MSIL1C_20200620T102031_N0500_R065_T34VCM_20230413T090147,
2020-06-22,2020,frozen_representative,True,S2B_MSIL2A_20200622T100559_N0500_R022_T34VCM_20230501T093544,S2B,2020-06-22T10:05:59Z,T34VCM,22,N0500,2023-05-01T09:35:44Z,exact_unique,S2B_MSIL1C_20200622T100559_N0500_R022_T34VCM_20230501T013926,S2B,2020-06-22T10:05:59Z,T34VCM,22,N0500,2023-05-01T01:39:26Z,1,S2B_MSIL1C_20200622T100559_N0500_R022_T34VCM_20230501T013926,
2020-06-25,2020,frozen_representative,True,S2B_MSIL2A_20200625T101559_N0500_R065_T34VCM_20230507T110141,S2B,2020-06-25T10:15:59Z,T34VCM,65,N0500,2023-05-07T11:01:41Z,exact_unique,S2B_MSIL1C_20200625T101559_N0500_R065_T34VCM_20230507T030438,S2B,2020-06-25T10:15:59Z,T34VCM,65,N0500,2023-05-07T03:04:38Z,1,S2B_MSIL1C_20200625T101559_N0500_R065_T34VCM_20230507T030438,
2020-06-27,2020,frozen_representative,True,S2A_MSIL2A_20200627T101031_N0500_R022_T34VCM_20230330T005932,S2A,2020-06-27T10:10:31Z,T34VCM,22,N0500,2023-03-30T00:59:32Z,exact_unique,S2A_MSIL1C_20200627T101031_N0500_R022_T34VCM_20230329T045046,S2A,2020-06-27T10:10:31Z,T34VCM,22,N0500,2023-03-29T04:50:46Z,1,S2A_MSIL1C_20200627T101031_N0500_R022_T34VCM_20230329T045046,
2020-06-30,2020,no_representative_frozen_scl_gate_failed,False,,,,,,,,no_l2a_representative_for_date,,,,,,,,0,,The frozen SCL observation mask selected no representative L2A product for this date.
2020-07-02,2020,frozen_representative,True,S2B_MSIL2A_20200702T100559_N0500_R022_T34VCM_20230531T012547,S2B,2020-07-02T10:05:59Z,T34VCM,22,N0500,2023-05-31T01:25:47Z,exact_unique,S2B_MSIL1C_20200702T100559_N0500_R022_T34VCM_20230530T180855,S2B,2020-07-02T10:05:59Z,T34VCM,22,N0500,2023-05-30T18:08:55Z,1,S2B_MSIL1C_20200702T100559_N0500_R022_T34VCM_20230530T180855,
2020-07-05,2020,no_representative_frozen_scl_gate_failed,False,,,,,,,,no_l2a_representative_for_date,,,,,,,,0,,The frozen SCL observation mask selected no representative L2A product for this date.
2020-07-07,2020,no_representative_frozen_scl_gate_failed,False,,,,,,,,no_l2a_representative_for_date,,,,,,,,0,,The frozen SCL observation mask selected no representative L2A product for this date.
2020-07-10,2020,no_representative_frozen_scl_gate_failed,False,,,,,,,,no_l2a_representative_for_date,,,,,,,,0,,The frozen SCL observation mask selected no representative L2A product for this date.
2020-07-12,2020,frozen_representative,True,S2B_MSIL2A_20200712T100559_N0500_R022_T34VCM_20230614T061252,S2B,2020-07-12T10:05:59Z,T34VCM,22,N0500,2023-06-14T06:12:52Z,exact_unique,S2B_MSIL1C_20200712T100559_N0500_R022_T34VCM_20230614T001712,S2B,2020-07-12T10:05:59Z,T34VCM,22,N0500,2023-06-14T00:17:12Z,1,S2B_MSIL1C_20200712T100559_N0500_R022_T34VCM_20230614T001712,
2020-07-15,2020,no_representative_frozen_scl_gate_failed,False,,,,,,,,no_l2a_representative_for_date,,,,,,,,0,,The frozen SCL observation mask selected no representative L2A product for this date.
2020-07-17,2020,no_representative_frozen_scl_gate_failed,False,,,,,,,,no_l2a_representative_for_date,,,,,,,,0,,The frozen SCL observation mask selected no representative L2A product for this date.
2020-07-20,2020,no_representative_frozen_scl_gate_failed,False,,,,,,,,no_l2a_representative_for_date,,,,,,,,0,,The frozen SCL observation mask selected no representative L2A product for this date.
2020-07-22,2020,no_representative_frozen_scl_gate_failed,False,,,,,,,,no_l2a_representative_for_date,,,,,,,,0,,The frozen SCL observation mask selected no representative L2A product for this date.
2020-07-25,2020,frozen_representative,True,S2B_MSIL2A_20200725T101559_N0500_R065_T34VCM_20230430T175257,S2B,2020-07-25T10:15:59Z,T34VCM,65,N0500,2023-04-30T17:52:57Z,exact_unique,S2B_MSIL1C_20200725T101559_N0500_R065_T34VCM_20230429T203729,S2B,2020-07-25T10:15:59Z,T34VCM,65,N0500,2023-04-29T20:37:29Z,1,S2B_MSIL1C_20200725T101559_N0500_R065_T34VCM_20230429T203729,
2020-07-27,2020,no_representative_frozen_scl_gate_failed,False,,,,,,,,no_l2a_representative_for_date,,,,,,,,0,,The frozen SCL observation mask selected no representative L2A product for this date.
2020-07-30,2020,no_representative_frozen_scl_gate_failed,False,,,,,,,,no_l2a_representative_for_date,,,,,,,,0,,The frozen SCL observation mask selected no representative L2A product for this date.
2020-08-01,2020,frozen_representative,True,S2B_MSIL2A_20200801T100559_N0500_R022_T34VCM_20230421T101210,S2B,2020-08-01T10:05:59Z,T34VCM,22,N0500,2023-04-21T10:12:10Z,exact_unique,S2B_MSIL1C_20200801T100559_N0500_R022_T34VCM_20230420T124330,S2B,2020-08-01T10:05:59Z,T34VCM,22,N0500,2023-04-20T12:43:30Z,1,S2B_MSIL1C_20200801T100559_N0500_R022_T34VCM_20230420T124330,
2020-08-04,2020,no_representative_frozen_scl_gate_failed,False,,,,,,,,no_l2a_representative_for_date,,,,,,,,0,,The frozen SCL observation mask selected no representative L2A product for this date.
2020-08-06,2020,no_representative_frozen_scl_gate_failed,False,,,,,,,,no_l2a_representative_for_date,,,,,,,,0,,The frozen SCL observation mask selected no representative L2A product for this date.
2020-08-09,2020,frozen_representative,True,S2A_MSIL2A_20200809T102031_N0500_R065_T34VCM_20230420T170300,S2A,2020-08-09T10:20:31Z,T34VCM,65,N0500,2023-04-20T17:03:00Z,exact_unique,S2A_MSIL1C_20200809T102031_N0500_R065_T34VCM_20230420T085814,S2A,2020-08-09T10:20:31Z,T34VCM,65,N0500,2023-04-20T08:58:14Z,1,S2A_MSIL1C_20200809T102031_N0500_R065_T34VCM_20230420T085814,
2020-08-11,2020,frozen_representative,True,S2B_MSIL2A_20200811T100559_N0500_R022_T34VCM_20230520T221430,S2B,2020-08-11T10:05:59Z,T34VCM,22,N0500,2023-05-20T22:14:30Z,exact_unique,S2B_MSIL1C_20200811T100559_N0500_R022_T34VCM_20230520T144508,S2B,2020-08-11T10:05:59Z,T34VCM,22,N0500,2023-05-20T14:45:08Z,1,S2B_MSIL1C_20200811T100559_N0500_R022_T34VCM_20230520T144508,
2020-08-14,2020,frozen_representative,True,S2B_MSIL2A_20200814T101559_N0500_R065_T34VCM_20230419T055343,S2B,2020-08-14T10:15:59Z,T34VCM,65,N0500,2023-04-19T05:53:43Z,exact_unique,S2B_MSIL1C_20200814T101559_N0500_R065_T34VCM_20230418T203343,S2B,2020-08-14T10:15:59Z,T34VCM,65,N0500,2023-04-18T20:33:43Z,1,S2B_MSIL1C_20200814T101559_N0500_R065_T34VCM_20230418T203343,
2020-08-16,2020,frozen_representative,True,S2A_MSIL2A_20200816T101031_N0500_R022_T34VCM_20230422T120802,S2A,2020-08-16T10:10:31Z,T34VCM,22,N0500,2023-04-22T12:08:02Z,exact_unique,S2A_MSIL1C_20200816T101031_N0500_R022_T34VCM_20230422T024451,S2A,2020-08-16T10:10:31Z,T34VCM,22,N0500,2023-04-22T02:44:51Z,1,S2A_MSIL1C_20200816T101031_N0500_R022_T34VCM_20230422T024451,
2020-08-19,2020,frozen_representative,True,S2A_MSIL2A_20200819T102031_N0500_R065_T34VCM_20230407T111047,S2A,2020-08-19T10:20:31Z,T34VCM,65,N0500,2023-04-07T11:10:47Z,exact_unique,S2A_MSIL1C_20200819T102031_N0500_R065_T34VCM_20230407T004653,S2A,2020-08-19T10:20:31Z,T34VCM,65,N0500,2023-04-07T00:46:53Z,1,S2A_MSIL1C_20200819T102031_N0500_R065_T34VCM_20230407T004653,
2020-08-21,2020,frozen_representative,True,S2B_MSIL2A_20200821T100559_N0500_R022_T34VCM_20230512T235511,S2B,2020-08-21T10:05:59Z,T34VCM,22,N0500,2023-05-12T23:55:11Z,exact_unique,S2B_MSIL1C_20200821T100559_N0500_R022_T34VCM_20230512T135158,S2B,2020-08-21T10:05:59Z,T34VCM,22,N0500,2023-05-12T13:51:58Z,1,S2B_MSIL1C_20200821T100559_N0500_R022_T34VCM_20230512T135158,
2020-08-24,2020,frozen_representative,True,S2B_MSIL2A_20200824T101559_N0500_R065_T34VCM_20230419T043339,S2B,2020-08-24T10:15:59Z,T34VCM,65,N0500,2023-04-19T04:33:39Z,exact_unique,S2B_MSIL1C_20200824T101559_N0500_R065_T34VCM_20230418T053500,S2B,2020-08-24T10:15:59Z,T34VCM,65,N0500,2023-04-18T05:35:00Z,1,S2B_MSIL1C_20200824T101559_N0500_R065_T34VCM_20230418T053500,
2020-08-26,2020,frozen_representative,True,S2A_MSIL2A_20200826T101031_N0500_R022_T34VCM_20230413T171700,S2A,2020-08-26T10:10:31Z,T34VCM,22,N0500,2023-04-13T17:17:00Z,exact_unique,S2A_MSIL1C_20200826T101031_N0500_R022_T34VCM_20230412T174525,S2A,2020-08-26T10:10:31Z,T34VCM,22,N0500,2023-04-12T17:45:25Z,1,S2A_MSIL1C_20200826T101031_N0500_R022_T34VCM_20230412T174525,
2020-08-29,2020,no_representative_frozen_scl_gate_failed,False,,,,,,,,no_l2a_representative_for_date,,,,,,,,0,,The frozen SCL observation mask selected no representative L2A product for this date.
2020-08-31,2020,no_representative_frozen_scl_gate_failed,False,,,,,,,,no_l2a_representative_for_date,,,,,,,,0,,The frozen SCL observation mask selected no representative L2A product for this date.
2020-09-03,2020,no_representative_frozen_scl_gate_failed,False,,,,,,,,no_l2a_representative_for_date,,,,,,,,0,,The frozen SCL observation mask selected no representative L2A product for this date.
2020-09-05,2020,frozen_representative,True,S2A_MSIL2A_20200905T101031_N0500_R022_T34VCM_20230314T024637,S2A,2020-09-05T10:10:31Z,T34VCM,22,N0500,2023-03-14T02:46:37Z,exact_unique,S2A_MSIL1C_20200905T101031_N0500_R022_T34VCM_20230313T151754,S2A,2020-09-05T10:10:31Z,T34VCM,22,N0500,2023-03-13T15:17:54Z,1,S2A_MSIL1C_20200905T101031_N0500_R022_T34VCM_20230313T151754,
2020-09-08,2020,no_representative_frozen_scl_gate_failed,False,,,,,,,,no_l2a_representative_for_date,,,,,,,,0,,The frozen SCL observation mask selected no representative L2A product for this date.
2020-09-10,2020,frozen_representative,True,S2B_MSIL2A_20200910T100559_N0500_R022_T34VCM_20230311T022411,S2B,2020-09-10T10:05:59Z,T34VCM,22,N0500,2023-03-11T02:24:11Z,exact_unique,S2B_MSIL1C_20200910T100559_N0500_R022_T34VCM_20230309T230357,S2B,2020-09-10T10:05:59Z,T34VCM,22,N0500,2023-03-09T23:03:57Z,1,S2B_MSIL1C_20200910T100559_N0500_R022_T34VCM_20230309T230357,
2020-09-13,2020,frozen_representative,True,S2B_MSIL2A_20200913T101629_N0500_R065_T34VCM_20230418T112835,S2B,2020-09-13T10:16:29Z,T34VCM,65,N0500,2023-04-18T11:28:35Z,exact_unique,S2B_MSIL1C_20200913T101629_N0500_R065_T34VCM_20230418T014843,S2B,2020-09-13T10:16:29Z,T34VCM,65,N0500,2023-04-18T01:48:43Z,1,S2B_MSIL1C_20200913T101629_N0500_R065_T34VCM_20230418T014843,
2020-09-15,2020,no_representative_frozen_scl_gate_failed,False,,,,,,,,no_l2a_representative_for_date,,,,,,,,0,,The frozen SCL observation mask selected no representative L2A product for this date.
2020-09-18,2020,frozen_representative,True,S2A_MSIL2A_20200918T102031_N0500_R065_T34VCM_20230311T043216,S2A,2020-09-18T10:20:31Z,T34VCM,65,N0500,2023-03-11T04:32:16Z,exact_unique,S2A_MSIL1C_20200918T102031_N0500_R065_T34VCM_20230310T160415,S2A,2020-09-18T10:20:31Z,T34VCM,65,N0500,2023-03-10T16:04:15Z,1,S2A_MSIL1C_20200918T102031_N0500_R065_T34VCM_20230310T160415,
2020-09-20,2020,no_representative_frozen_scl_gate_failed,False,,,,,,,,no_l2a_representative_for_date,,,,,,,,0,,The frozen SCL observation mask selected no representative L2A product for this date.
2020-09-23,2020,frozen_representative,True,S2B_MSIL2A_20200923T101649_N0500_R065_T34VCM_20230426T105356,S2B,2020-09-23T10:16:49Z,T34VCM,65,N0500,2023-04-26T10:53:56Z,exact_unique,S2B_MSIL1C_20200923T101649_N0500_R065_T34VCM_20230425T040337,S2B,2020-09-23T10:16:49Z,T34VCM,65,N0500,2023-04-25T04:03:37Z,1,S2B_MSIL1C_20200923T101649_N0500_R065_T34VCM_20230425T040337,
2020-09-25,2020,no_representative_frozen_scl_gate_failed,False,,,,,,,,no_l2a_representative_for_date,,,,,,,,0,,The frozen SCL observation mask selected no representative L2A product for this date.
2020-09-28,2020,no_representative_frozen_scl_gate_failed,False,,,,,,,,no_l2a_representative_for_date,,,,,,,,0,,The frozen SCL observation mask selected no representative L2A product for this date.
2020-09-30,2020,no_representative_frozen_scl_gate_failed,False,,,,,,,,no_l2a_representative_for_date,,,,,,,,0,,The frozen SCL observation mask selected no representative L2A product for this date.
2020-10-03,2020,no_representative_frozen_scl_gate_failed,False,,,,,,,,no_l2a_representative_for_date,,,,,,,,0,,The frozen SCL observation mask selected no representative L2A product for this date.
2020-10-08,2020,no_representative_frozen_scl_gate_failed,False,,,,,,,,no_l2a_representative_for_date,,,,,,,,0,,The frozen SCL observation mask selected no representative L2A product for this date.
2020-10-10,2020,no_representative_frozen_scl_gate_failed,False,,,,,,,,no_l2a_representative_for_date,,,,,,,,0,,The frozen SCL observation mask selected no representative L2A product for this date.
2020-10-13,2020,no_representative_frozen_scl_gate_failed,False,,,,,,,,no_l2a_representative_for_date,,,,,,,,0,,The frozen SCL observation mask selected no representative L2A product for this date.
2020-10-15,2020,frozen_representative,True,S2A_MSIL2A_20201015T101031_N0500_R022_T34VCM_20230308T002351,S2A,2020-10-15T10:10:31Z,T34VCM,22,N0500,2023-03-08T00:23:51Z,exact_unique,S2A_MSIL1C_20201015T101031_N0500_R022_T34VCM_20230307T035130,S2A,2020-10-15T10:10:31Z,T34VCM,22,N0500,2023-03-07T03:51:30Z,1,S2A_MSIL1C_20201015T101031_N0500_R022_T34VCM_20230307T035130,
2020-10-18,2020,no_representative_frozen_scl_gate_failed,False,,,,,,,,no_l2a_representative_for_date,,,,,,,,0,,The frozen SCL observation mask selected no representative L2A product for this date.
2020-10-20,2020,no_representative_frozen_scl_gate_failed,False,,,,,,,,no_l2a_representative_for_date,,,,,,,,0,,The frozen SCL observation mask selected no representative L2A product for this date.
2020-10-23,2020,no_representative_frozen_scl_gate_failed,False,,,,,,,,no_l2a_representative_for_date,,,,,,,,0,,The frozen SCL observation mask selected no representative L2A product for this date.
2020-10-25,2020,no_representative_frozen_scl_gate_failed,False,,,,,,,,no_l2a_representative_for_date,,,,,,,,0,,The frozen SCL observation mask selected no representative L2A product for this date.
2020-10-28,2020,no_representative_frozen_scl_gate_failed,False,,,,,,,,no_l2a_representative_for_date,,,,,,,,0,,The frozen SCL observation mask selected no representative L2A product for this date.
2020-10-30,2020,no_representative_frozen_scl_gate_failed,False,,,,,,,,no_l2a_representative_for_date,,,,,,,,0,,The frozen SCL observation mask selected no representative L2A product for this date.
2020-11-02,2020,no_representative_frozen_scl_gate_failed,False,,,,,,,,no_l2a_representative_for_date,,,,,,,,0,,The frozen SCL observation mask selected no representative L2A product for this date.
2020-11-04,2020,frozen_representative,True,S2A_MSIL2A_20201104T101211_N0500_R022_T34VCM_20230319T070226,S2A,2020-11-04T10:12:11Z,T34VCM,22,N0500,2023-03-19T07:02:26Z,exact_unique,S2A_MSIL1C_20201104T101211_N0500_R022_T34VCM_20230319T003319,S2A,2020-11-04T10:12:11Z,T34VCM,22,N0500,2023-03-19T00:33:19Z,1,S2A_MSIL1C_20201104T101211_N0500_R022_T34VCM_20230319T003319,
2020-11-07,2020,no_representative_frozen_scl_gate_failed,False,,,,,,,,no_l2a_representative_for_date,,,,,,,,0,,The frozen SCL observation mask selected no representative L2A product for this date.
2020-11-09,2020,frozen_representative,True,S2B_MSIL2A_20201109T101239_N0500_R022_T34VCM_20230302T145813,S2B,2020-11-09T10:12:39Z,T34VCM,22,N0500,2023-03-02T14:58:13Z,exact_unique,S2B_MSIL1C_20201109T101239_N0500_R022_T34VCM_20230302T103054,S2B,2020-11-09T10:12:39Z,T34VCM,22,N0500,2023-03-02T10:30:54Z,1,S2B_MSIL1C_20201109T101239_N0500_R022_T34VCM_20230302T103054,
2020-11-12,2020,no_representative_frozen_scl_gate_failed,False,,,,,,,,no_l2a_representative_for_date,,,,,,,,0,,The frozen SCL observation mask selected no representative L2A product for this date.
2020-11-14,2020,no_representative_frozen_scl_gate_failed,False,,,,,,,,no_l2a_representative_for_date,,,,,,,,0,,The frozen SCL observation mask selected no representative L2A product for this date.
2020-11-17,2020,no_representative_frozen_scl_gate_failed,False,,,,,,,,no_l2a_representative_for_date,,,,,,,,0,,The frozen SCL observation mask selected no representative L2A product for this date.
2020-11-19,2020,no_representative_frozen_scl_gate_failed,False,,,,,,,,no_l2a_representative_for_date,,,,,,,,0,,The frozen SCL observation mask selected no representative L2A product for this date.
2020-11-22,2020,frozen_representative,True,S2B_MSIL2A_20201122T102339_N0500_R065_T34VCM_20230402T194726,S2B,2020-11-22T10:23:39Z,T34VCM,65,N0500,2023-04-02T19:47:26Z,exact_unique,S2B_MSIL1C_20201122T102339_N0500_R065_T34VCM_20230402T123818,S2B,2020-11-22T10:23:39Z,T34VCM,65,N0500,2023-04-02T12:38:18Z,1,S2B_MSIL1C_20201122T102339_N0500_R065_T34VCM_20230402T123818,
2020-11-24,2020,no_representative_frozen_scl_gate_failed,False,,,,,,,,no_l2a_representative_for_date,,,,,,,,0,,The frozen SCL observation mask selected no representative L2A product for this date.
2020-11-27,2020,no_representative_frozen_scl_gate_failed,False,,,,,,,,no_l2a_representative_for_date,,,,,,,,0,,The frozen SCL observation mask selected no representative L2A product for this date.
2020-11-29,2020,no_representative_frozen_scl_gate_failed,False,,,,,,,,no_l2a_representative_for_date,,,,,,,,0,,The frozen SCL observation mask selected no representative L2A product for this date.
2020-12-12,2020,no_representative_frozen_scl_gate_failed,False,,,,,,,,no_l2a_representative_for_date,,,,,,,,0,,The frozen SCL observation mask selected no representative L2A product for this date.
2020-12-19,2020,no_representative_frozen_scl_gate_failed,False,,,,,,,,no_l2a_representative_for_date,,,,,,,,0,,The frozen SCL observation mask selected no representative L2A product for this date.
2020-12-22,2020,no_representative_frozen_scl_gate_failed,False,,,,,,,,no_l2a_representative_for_date,,,,,,,,0,,The frozen SCL observation mask selected no representative L2A product for this date.
2020-12-29,2020,no_representative_frozen_scl_gate_failed,False,,,,,,,,no_l2a_representative_for_date,,,,,,,,0,,The frozen SCL observation mask selected no representative L2A product for this date.
2021-01-01,2021,no_representative_frozen_scl_gate_failed,False,,,,,,,,no_l2a_representative_for_date,,,,,,,,0,,The frozen SCL observation mask selected no representative L2A product for this date.
2021-01-08,2021,no_representative_frozen_scl_gate_failed,False,,,,,,,,no_l2a_representative_for_date,,,,,,,,0,,The frozen SCL observation mask selected no representative L2A product for this date.
2021-01-11,2021,no_representative_frozen_scl_gate_failed,False,,,,,,,,no_l2a_representative_for_date,,,,,,,,0,,The frozen SCL observation mask selected no representative L2A product for this date.
2021-01-13,2021,no_representative_frozen_scl_gate_failed,False,,,,,,,,no_l2a_representative_for_date,,,,,,,,0,,The frozen SCL observation mask selected no representative L2A product for this date.
2021-01-16,2021,no_representative_frozen_scl_gate_failed,False,,,,,,,,no_l2a_representative_for_date,,,,,,,,0,,The frozen SCL observation mask selected no representative L2A product for this date.
2021-01-18,2021,no_representative_frozen_scl_gate_failed,False,,,,,,,,no_l2a_representative_for_date,,,,,,,,0,,The frozen SCL observation mask selected no representative L2A product for this date.
2021-01-21,2021,no_representative_frozen_scl_gate_failed,False,,,,,,,,no_l2a_representative_for_date,,,,,,,,0,,The frozen SCL observation mask selected no representative L2A product for this date.
2021-01-23,2021,no_representative_frozen_scl_gate_failed,False,,,,,,,,no_l2a_representative_for_date,,,,,,,,0,,The frozen SCL observation mask selected no representative L2A product for this date.
2021-01-26,2021,no_representative_frozen_scl_gate_failed,False,,,,,,,,no_l2a_representative_for_date,,,,,,,,0,,The frozen SCL observation mask selected no representative L2A product for this date.
2021-01-28,2021,no_representative_frozen_scl_gate_failed,False,,,,,,,,no_l2a_representative_for_date,,,,,,,,0,,The frozen SCL observation mask selected no representative L2A product for this date.
2021-01-31,2021,no_representative_frozen_scl_gate_failed,False,,,,,,,,no_l2a_representative_for_date,,,,,,,,0,,The frozen SCL observation mask selected no representative L2A product for this date.
2021-02-02,2021,no_representative_frozen_scl_gate_failed,False,,,,,,,,no_l2a_representative_for_date,,,,,,,,0,,The frozen SCL observation mask selected no representative L2A product for this date.
2021-02-05,2021,no_representative_frozen_scl_gate_failed,False,,,,,,,,no_l2a_representative_for_date,,,,,,,,0,,The frozen SCL observation mask selected no representative L2A product for this date.
2021-02-07,2021,no_representative_frozen_scl_gate_failed,False,,,,,,,,no_l2a_representative_for_date,,,,,,,,0,,The frozen SCL observation mask selected no representative L2A product for this date.
2021-02-10,2021,no_representative_frozen_scl_gate_failed,False,,,,,,,,no_l2a_representative_for_date,,,,,,,,0,,The frozen SCL observation mask selected no representative L2A product for this date.
2021-02-12,2021,no_representative_frozen_scl_gate_failed,False,,,,,,,,no_l2a_representative_for_date,,,,,,,,0,,The frozen SCL observation mask selected no representative L2A product for this date.
2021-02-15,2021,no_representative_frozen_scl_gate_failed,False,,,,,,,,no_l2a_representative_for_date,,,,,,,,0,,The frozen SCL observation mask selected no representative L2A product for this date.
2021-02-17,2021,no_representative_frozen_scl_gate_failed,False,,,,,,,,no_l2a_representative_for_date,,,,,,,,0,,The frozen SCL observation mask selected no representative L2A product for this date.
2021-02-20,2021,no_representative_frozen_scl_gate_failed,False,,,,,,,,no_l2a_representative_for_date,,,,,,,,0,,The frozen SCL observation mask selected no representative L2A product for this date.
2021-02-22,2021,no_representative_frozen_scl_gate_failed,False,,,,,,,,no_l2a_representative_for_date,,,,,,,,0,,The frozen SCL observation mask selected no representative L2A product for this date.
2021-02-25,2021,no_representative_frozen_scl_gate_failed,False,,,,,,,,no_l2a_representative_for_date,,,,,,,,0,,The frozen SCL observation mask selected no representative L2A product for this date.
2021-02-27,2021,frozen_representative,True,S2B_MSIL2A_20210227T101029_N0500_R022_T34VCM_20230602T214212,S2B,2021-02-27T10:10:29Z,T34VCM,22,N0500,2023-06-02T21:42:12Z,exact_unique,S2B_MSIL1C_20210227T101029_N0500_R022_T34VCM_20230602T112715,S2B,2021-02-27T10:10:29Z,T34VCM,22,N0500,2023-06-02T11:27:15Z,1,S2B_MSIL1C_20210227T101029_N0500_R022_T34VCM_20230602T112715,
2021-03-02,2021,no_representative_frozen_scl_gate_failed,False,,,,,,,,no_l2a_representative_for_date,,,,,,,,0,,The frozen SCL observation mask selected no representative L2A product for this date.
2021-03-04,2021,no_representative_frozen_scl_gate_failed,False,,,,,,,,no_l2a_representative_for_date,,,,,,,,0,,The frozen SCL observation mask selected no representative L2A product for this date.
2021-03-07,2021,no_representative_frozen_scl_gate_failed,False,,,,,,,,no_l2a_representative_for_date,,,,,,,,0,,The frozen SCL observation mask selected no representative L2A product for this date.
2021-03-09,2021,no_representative_frozen_scl_gate_failed,False,,,,,,,,no_l2a_representative_for_date,,,,,,,,0,,The frozen SCL observation mask selected no representative L2A product for this date.
2021-03-12,2021,no_representative_frozen_scl_gate_failed,False,,,,,,,,no_l2a_representative_for_date,,,,,,,,0,,The frozen SCL observation mask selected no representative L2A product for this date.
2021-03-14,2021,no_representative_frozen_scl_gate_failed,False,,,,,,,,no_l2a_representative_for_date,,,,,,,,0,,The frozen SCL observation mask selected no representative L2A product for this date.
2021-03-17,2021,no_representative_frozen_scl_gate_failed,False,,,,,,,,no_l2a_representative_for_date,,,,,,,,0,,The frozen SCL observation mask selected no representative L2A product for this date.
2021-03-19,2021,frozen_representative,True,S2B_MSIL2A_20210319T100649_N0500_R022_T34VCM_20230520T034739,S2B,2021-03-19T10:06:49Z,T34VCM,22,N0500,2023-05-20T03:47:39Z,exact_unique,S2B_MSIL1C_20210319T100649_N0500_R022_T34VCM_20230518T221153,S2B,2021-03-19T10:06:49Z,T34VCM,22,N0500,2023-05-18T22:11:53Z,1,S2B_MSIL1C_20210319T100649_N0500_R022_T34VCM_20230518T221153,
2021-03-22,2021,frozen_representative,True,S2B_MSIL2A_20210322T101649_N0500_R065_T34VCM_20230605T043412,S2B,2021-03-22T10:16:49Z,T34VCM,65,N0500,2023-06-05T04:34:12Z,exact_unique,S2B_MSIL1C_20210322T101649_N0500_R065_T34VCM_20230604T102539,S2B,2021-03-22T10:16:49Z,T34VCM,65,N0500,2023-06-04T10:25:39Z,1,S2B_MSIL1C_20210322T101649_N0500_R065_T34VCM_20230604T102539,
2021-03-24,2021,no_representative_frozen_scl_gate_failed,False,,,,,,,,no_l2a_representative_for_date,,,,,,,,0,,The frozen SCL observation mask selected no representative L2A product for this date.
2021-03-27,2021,no_representative_frozen_scl_gate_failed,False,,,,,,,,no_l2a_representative_for_date,,,,,,,,0,,The frozen SCL observation mask selected no representative L2A product for this date.
2021-03-29,2021,no_representative_frozen_scl_gate_failed,False,,,,,,,,no_l2a_representative_for_date,,,,,,,,0,,The frozen SCL observation mask selected no representative L2A product for this date.
2021-04-01,2021,no_representative_frozen_scl_gate_failed,False,,,,,,,,no_l2a_representative_for_date,,,,,,,,0,,The frozen SCL observation mask selected no representative L2A product for this date.
2021-04-03,2021,frozen_representative,True,S2A_MSIL2A_20210403T101021_N0500_R022_T34VCM_20230512T004623,S2A,2021-04-03T10:10:21Z,T34VCM,22,N0500,2023-05-12T00:46:23Z,exact_unique,S2A_MSIL1C_20210403T101021_N0500_R022_T34VCM_20230511T155445,S2A,2021-04-03T10:10:21Z,T34VCM,22,N0500,2023-05-11T15:54:45Z,1,S2A_MSIL1C_20210403T101021_N0500_R022_T34VCM_20230511T155445,
2021-04-06,2021,no_representative_frozen_scl_gate_failed,False,,,,,,,,no_l2a_representative_for_date,,,,,,,,0,,The frozen SCL observation mask selected no representative L2A product for this date.
2021-04-08,2021,frozen_representative,True,S2B_MSIL2A_20210408T100549_N0500_R022_T34VCM_20230513T124455,S2B,2021-04-08T10:05:49Z,T34VCM,22,N0500,2023-05-13T12:44:55Z,exact_unique,S2B_MSIL1C_20210408T100549_N0500_R022_T34VCM_20230512T121936,S2B,2021-04-08T10:05:49Z,T34VCM,22,N0500,2023-05-12T12:19:36Z,1,S2B_MSIL1C_20210408T100549_N0500_R022_T34VCM_20230512T121936,
2021-04-11,2021,no_representative_frozen_scl_gate_failed,False,,,,,,,,no_l2a_representative_for_date,,,,,,,,0,,The frozen SCL observation mask selected no representative L2A product for this date.
2021-04-13,2021,frozen_representative,True,S2A_MSIL2A_20210413T101021_N0500_R022_T34VCM_20230513T131428,S2A,2021-04-13T10:10:21Z,T34VCM,22,N0500,2023-05-13T13:14:28Z,exact_unique,S2A_MSIL1C_20210413T101021_N0500_R022_T34VCM_20230513T062335,S2A,2021-04-13T10:10:21Z,T34VCM,22,N0500,2023-05-13T06:23:35Z,1,S2A_MSIL1C_20210413T101021_N0500_R022_T34VCM_20230513T062335,
2021-04-16,2021,no_representative_frozen_scl_gate_failed,False,,,,,,,,no_l2a_representative_for_date,,,,,,,,0,,The frozen SCL observation mask selected no representative L2A product for this date.
2021-04-18,2021,frozen_representative,True,S2B_MSIL2A_20210418T100549_N0500_R022_T34VCM_20230525T063818,S2B,2021-04-18T10:05:49Z,T34VCM,22,N0500,2023-05-25T06:38:18Z,exact_unique,S2B_MSIL1C_20210418T100549_N0500_R022_T34VCM_20230524T070538,S2B,2021-04-18T10:05:49Z,T34VCM,22,N0500,2023-05-24T07:05:38Z,1,S2B_MSIL1C_20210418T100549_N0500_R022_T34VCM_20230524T070538,
2021-04-21,2021,frozen_representative,True,S2B_MSIL2A_20210421T101549_N0500_R065_T34VCM_20230518T200516,S2B,2021-04-21T10:15:49Z,T34VCM,65,N0500,2023-05-18T20:05:16Z,exact_unique,S2B_MSIL1C_20210421T101549_N0500_R065_T34VCM_20230517T212537,S2B,2021-04-21T10:15:49Z,T34VCM,65,N0500,2023-05-17T21:25:37Z,1,S2B_MSIL1C_20210421T101549_N0500_R065_T34VCM_20230517T212537,
2021-04-23,2021,frozen_representative,True,S2A_MSIL2A_20210423T101021_N0500_R022_T34VCM_20230512T140300,S2A,2021-04-23T10:10:21Z,T34VCM,22,N0500,2023-05-12T14:03:00Z,exact_unique,S2A_MSIL1C_20210423T101021_N0500_R022_T34VCM_20230512T034455,S2A,2021-04-23T10:10:21Z,T34VCM,22,N0500,2023-05-12T03:44:55Z,1,S2A_MSIL1C_20210423T101021_N0500_R022_T34VCM_20230512T034455,
2021-04-26,2021,no_representative_frozen_scl_gate_failed,False,,,,,,,,no_l2a_representative_for_date,,,,,,,,0,,The frozen SCL observation mask selected no representative L2A product for this date.
2021-04-28,2021,no_representative_frozen_scl_gate_failed,False,,,,,,,,no_l2a_representative_for_date,,,,,,,,0,,The frozen SCL observation mask selected no representative L2A product for this date.
2021-05-01,2021,no_representative_frozen_scl_gate_failed,False,,,,,,,,no_l2a_representative_for_date,,,,,,,,0,,The frozen SCL observation mask selected no representative L2A product for this date.
2021-05-03,2021,no_representative_frozen_scl_gate_failed,False,,,,,,,,no_l2a_representative_for_date,,,,,,,,0,,The frozen SCL observation mask selected no representative L2A product for this date.
2021-05-06,2021,no_representative_frozen_scl_gate_failed,False,,,,,,,,no_l2a_representative_for_date,,,,,,,,0,,The frozen SCL observation mask selected no representative L2A product for this date.
2021-05-08,2021,frozen_representative,True,S2B_MSIL2A_20210508T100549_N0500_R022_T34VCM_20230207T093304,S2B,2021-05-08T10:05:49Z,T34VCM,22,N0500,2023-02-07T09:33:04Z,exact_unique,S2B_MSIL1C_20210508T100549_N0500_R022_T34VCM_20230207T033128,S2B,2021-05-08T10:05:49Z,T34VCM,22,N0500,2023-02-07T03:31:28Z,1,S2B_MSIL1C_20210508T100549_N0500_R022_T34VCM_20230207T033128,
2021-05-11,2021,no_representative_frozen_scl_gate_failed,False,,,,,,,,no_l2a_representative_for_date,,,,,,,,0,,The frozen SCL observation mask selected no representative L2A product for this date.
2021-05-13,2021,frozen_representative,True,S2A_MSIL2A_20210513T101021_N0500_R022_T34VCM_20230208T230237,S2A,2021-05-13T10:10:21Z,T34VCM,22,N0500,2023-02-08T23:02:37Z,exact_unique,S2A_MSIL1C_20210513T101021_N0500_R022_T34VCM_20230208T105956,S2A,2021-05-13T10:10:21Z,T34VCM,22,N0500,2023-02-08T10:59:56Z,1,S2A_MSIL1C_20210513T101021_N0500_R022_T34VCM_20230208T105956,
2021-05-16,2021,no_representative_frozen_scl_gate_failed,False,,,,,,,,no_l2a_representative_for_date,,,,,,,,0,,The frozen SCL observation mask selected no representative L2A product for this date.
2021-05-18,2021,frozen_representative,True,S2B_MSIL2A_20210518T100559_N0500_R022_T34VCM_20230222T190943,S2B,2021-05-18T10:05:59Z,T34VCM,22,N0500,2023-02-22T19:09:43Z,exact_unique,S2B_MSIL1C_20210518T100559_N0500_R022_T34VCM_20230222T092744,S2B,2021-05-18T10:05:59Z,T34VCM,22,N0500,2023-02-22T09:27:44Z,1,S2B_MSIL1C_20210518T100559_N0500_R022_T34VCM_20230222T092744,
2021-05-21,2021,no_representative_frozen_scl_gate_failed,False,,,,,,,,no_l2a_representative_for_date,,,,,,,,0,,The frozen SCL observation mask selected no representative L2A product for this date.
2021-05-23,2021,no_representative_frozen_scl_gate_failed,False,,,,,,,,no_l2a_representative_for_date,,,,,,,,0,,The frozen SCL observation mask selected no representative L2A product for this date.
2021-05-26,2021,no_representative_frozen_scl_gate_failed,False,,,,,,,,no_l2a_representative_for_date,,,,,,,,0,,The frozen SCL observation mask selected no representative L2A product for this date.
2021-05-28,2021,frozen_representative,True,S2B_MSIL2A_20210528T100559_N0500_R022_T34VCM_20230227T082312,S2B,2021-05-28T10:05:59Z,T34VCM,22,N0500,2023-02-27T08:23:12Z,exact_unique,S2B_MSIL1C_20210528T100559_N0500_R022_T34VCM_20230227T022353,S2B,2021-05-28T10:05:59Z,T34VCM,22,N0500,2023-02-27T02:23:53Z,1,S2B_MSIL1C_20210528T100559_N0500_R022_T34VCM_20230227T022353,
2021-05-31,2021,no_representative_frozen_scl_gate_failed,False,,,,,,,,no_l2a_representative_for_date,,,,,,,,0,,The frozen SCL observation mask selected no representative L2A product for this date.
2021-06-02,2021,frozen_representative,True,S2A_MSIL2A_20210602T101031_N0500_R022_T34VCM_20230313T040411,S2A,2021-06-02T10:10:31Z,T34VCM,22,N0500,2023-03-13T04:04:11Z,exact_unique,S2A_MSIL1C_20210602T101031_N0500_R022_T34VCM_20230312T040328,S2A,2021-06-02T10:10:31Z,T34VCM,22,N0500,2023-03-12T04:03:28Z,1,S2A_MSIL1C_20210602T101031_N0500_R022_T34VCM_20230312T040328,
2021-06-05,2021,frozen_representative,True,S2A_MSIL2A_20210605T102021_N0500_R065_T34VCM_20230130T074617,S2A,2021-06-05T10:20:21Z,T34VCM,65,N0500,2023-01-30T07:46:17Z,exact_unique,S2A_MSIL1C_20210605T102021_N0500_R065_T34VCM_20230129T173124,S2A,2021-06-05T10:20:21Z,T34VCM,65,N0500,2023-01-29T17:31:24Z,1,S2A_MSIL1C_20210605T102021_N0500_R065_T34VCM_20230129T173124,
2021-06-07,2021,frozen_representative,True,S2B_MSIL2A_20210607T100559_N0500_R022_T34VCM_20230314T071412,S2B,2021-06-07T10:05:59Z,T34VCM,22,N0500,2023-03-14T07:14:12Z,exact_unique,S2B_MSIL1C_20210607T100559_N0500_R022_T34VCM_20230313T212809,S2B,2021-06-07T10:05:59Z,T34VCM,22,N0500,2023-03-13T21:28:09Z,1,S2B_MSIL1C_20210607T100559_N0500_R022_T34VCM_20230313T212809,
2021-06-10,2021,frozen_representative,True,S2B_MSIL2A_20210610T101559_N0500_R065_T34VCM_20230321T102457,S2B,2021-06-10T10:15:59Z,T34VCM,65,N0500,2023-03-21T10:24:57Z,exact_unique,S2B_MSIL1C_20210610T101559_N0500_R065_T34VCM_20230321T010521,S2B,2021-06-10T10:15:59Z,T34VCM,65,N0500,2023-03-21T01:05:21Z,1,S2B_MSIL1C_20210610T101559_N0500_R065_T34VCM_20230321T010521,
2021-06-12,2021,frozen_representative,True,S2A_MSIL2A_20210612T101031_N0500_R022_T34VCM_20230316T113702,S2A,2021-06-12T10:10:31Z,T34VCM,22,N0500,2023-03-16T11:37:02Z,exact_unique,S2A_MSIL1C_20210612T101031_N0500_R022_T34VCM_20230316T020649,S2A,2021-06-12T10:10:31Z,T34VCM,22,N0500,2023-03-16T02:06:49Z,1,S2A_MSIL1C_20210612T101031_N0500_R022_T34VCM_20230316T020649,
2021-06-15,2021,frozen_representative,True,S2A_MSIL2A_20210615T102021_N0500_R065_T34VCM_20230216T024207,S2A,2021-06-15T10:20:21Z,T34VCM,65,N0500,2023-02-16T02:42:07Z,exact_unique,S2A_MSIL1C_20210615T102021_N0500_R065_T34VCM_20230215T145621,S2A,2021-06-15T10:20:21Z,T34VCM,65,N0500,2023-02-15T14:56:21Z,1,S2A_MSIL1C_20210615T102021_N0500_R065_T34VCM_20230215T145621,
2021-06-17,2021,no_representative_frozen_scl_gate_failed,False,,,,,,,,no_l2a_representative_for_date,,,,,,,,0,,The frozen SCL observation mask selected no representative L2A product for this date.
2021-06-20,2021,frozen_representative,True,S2B_MSIL2A_20210620T101559_N0500_R065_T34VCM_20230308T092944,S2B,2021-06-20T10:15:59Z,T34VCM,65,N0500,2023-03-08T09:29:44Z,exact_unique,S2B_MSIL1C_20210620T101559_N0500_R065_T34VCM_20230308T041343,S2B,2021-06-20T10:15:59Z,T34VCM,65,N0500,2023-03-08T04:13:43Z,1,S2B_MSIL1C_20210620T101559_N0500_R065_T34VCM_20230308T041343,
2021-06-22,2021,no_representative_frozen_scl_gate_failed,False,,,,,,,,no_l2a_representative_for_date,,,,,,,,0,,The frozen SCL observation mask selected no representative L2A product for this date.
2021-06-25,2021,no_representative_frozen_scl_gate_failed,False,,,,,,,,no_l2a_representative_for_date,,,,,,,,0,,The frozen SCL observation mask selected no representative L2A product for this date.
2021-06-27,2021,frozen_representative,True,S2B_MSIL2A_20210627T100559_N0500_R022_T34VCM_20230318T220525,S2B,2021-06-27T10:05:59Z,T34VCM,22,N0500,2023-03-18T22:05:25Z,exact_unique,S2B_MSIL1C_20210627T100559_N0500_R022_T34VCM_20230318T171149,S2B,2021-06-27T10:05:59Z,T34VCM,22,N0500,2023-03-18T17:11:49Z,1,S2B_MSIL1C_20210627T100559_N0500_R022_T34VCM_20230318T171149,
2021-06-30,2021,frozen_representative,True,S2B_MSIL2A_20210630T101559_N0500_R065_T34VCM_20230319T172945,S2B,2021-06-30T10:15:59Z,T34VCM,65,N0500,2023-03-19T17:29:45Z,exact_unique,S2B_MSIL1C_20210630T101559_N0500_R065_T34VCM_20230319T094526,S2B,2021-06-30T10:15:59Z,T34VCM,65,N0500,2023-03-19T09:45:26Z,1,S2B_MSIL1C_20210630T101559_N0500_R065_T34VCM_20230319T094526,
2021-07-02,2021,frozen_representative,True,S2A_MSIL2A_20210702T101031_N0500_R022_T34VCM_20230125T130514,S2A,2021-07-02T10:10:31Z,T34VCM,22,N0500,2023-01-25T13:05:14Z,exact_unique,S2A_MSIL1C_20210702T101031_N0500_R022_T34VCM_20230125T004211,S2A,2021-07-02T10:10:31Z,T34VCM,22,N0500,2023-01-25T00:42:11Z,1,S2A_MSIL1C_20210702T101031_N0500_R022_T34VCM_20230125T004211,
2021-07-05,2021,frozen_representative,True,S2A_MSIL2A_20210705T102031_N0500_R065_T34VCM_20230123T033750,S2A,2021-07-05T10:20:31Z,T34VCM,65,N0500,2023-01-23T03:37:50Z,exact_unique,S2A_MSIL1C_20210705T102031_N0500_R065_T34VCM_20230122T155553,S2A,2021-07-05T10:20:31Z,T34VCM,65,N0500,2023-01-22T15:55:53Z,1,S2A_MSIL1C_20210705T102031_N0500_R065_T34VCM_20230122T155553,
2021-07-07,2021,no_representative_frozen_scl_gate_failed,False,,,,,,,,no_l2a_representative_for_date,,,,,,,,0,,The frozen SCL observation mask selected no representative L2A product for this date.
2021-07-10,2021,frozen_representative,True,S2B_MSIL2A_20210710T101559_N0500_R065_T34VCM_20230204T215947,S2B,2021-07-10T10:15:59Z,T34VCM,65,N0500,2023-02-04T21:59:47Z,exact_unique,S2B_MSIL1C_20210710T101559_N0500_R065_T34VCM_20230204T123859,S2B,2021-07-10T10:15:59Z,T34VCM,65,N0500,2023-02-04T12:38:59Z,1,S2B_MSIL1C_20210710T101559_N0500_R065_T34VCM_20230204T123859,
2021-07-12,2021,frozen_representative,True,S2A_MSIL2A_20210712T101031_N0500_R022_T34VCM_20230206T131341,S2A,2021-07-12T10:10:31Z,T34VCM,22,N0500,2023-02-06T13:13:41Z,exact_unique,S2A_MSIL1C_20210712T101031_N0500_R022_T34VCM_20230205T153012,S2A,2021-07-12T10:10:31Z,T34VCM,22,N0500,2023-02-05T15:30:12Z,1,S2A_MSIL1C_20210712T101031_N0500_R022_T34VCM_20230205T153012,
2021-07-15,2021,frozen_representative,True,S2A_MSIL2A_20210715T102031_N0500_R065_T34VCM_20230129T103739,S2A,2021-07-15T10:20:31Z,T34VCM,65,N0500,2023-01-29T10:37:39Z,exact_unique,S2A_MSIL1C_20210715T102031_N0500_R065_T34VCM_20230129T073741,S2A,2021-07-15T10:20:31Z,T34VCM,65,N0500,2023-01-29T07:37:41Z,1,S2A_MSIL1C_20210715T102031_N0500_R065_T34VCM_20230129T073741,
2021-07-17,2021,no_representative_frozen_scl_gate_failed,False,,,,,,,,no_l2a_representative_for_date,,,,,,,,0,,The frozen SCL observation mask selected no representative L2A product for this date.
2021-07-20,2021,no_representative_frozen_scl_gate_failed,False,,,,,,,,no_l2a_representative_for_date,,,,,,,,0,,The frozen SCL observation mask selected no representative L2A product for this date.
2021-07-22,2021,no_representative_frozen_scl_gate_failed,False,,,,,,,,no_l2a_representative_for_date,,,,,,,,0,,The frozen SCL observation mask selected no representative L2A product for this date.
2021-07-25,2021,frozen_representative,True,S2A_MSIL2A_20210725T102031_N0500_R065_T34VCM_20230128T072917,S2A,2021-07-25T10:20:31Z,T34VCM,65,N0500,2023-01-28T07:29:17Z,exact_unique,S2A_MSIL1C_20210725T102031_N0500_R065_T34VCM_20230127T211038,S2A,2021-07-25T10:20:31Z,T34VCM,65,N0500,2023-01-27T21:10:38Z,1,S2A_MSIL1C_20210725T102031_N0500_R065_T34VCM_20230127T211038,
2021-07-27,2021,frozen_representative,True,S2B_MSIL2A_20210727T100559_N0500_R022_T34VCM_20230222T034550,S2B,2021-07-27T10:05:59Z,T34VCM,22,N0500,2023-02-22T03:45:50Z,exact_unique,S2B_MSIL1C_20210727T100559_N0500_R022_T34VCM_20230221T195644,S2B,2021-07-27T10:05:59Z,T34VCM,22,N0500,2023-02-21T19:56:44Z,1,S2B_MSIL1C_20210727T100559_N0500_R022_T34VCM_20230221T195644,
2021-07-30,2021,no_representative_frozen_scl_gate_failed,False,,,,,,,,no_l2a_representative_for_date,,,,,,,,0,,The frozen SCL observation mask selected no representative L2A product for this date.
2021-08-01,2021,no_representative_frozen_scl_gate_failed,False,,,,,,,,no_l2a_representative_for_date,,,,,,,,0,,The frozen SCL observation mask selected no representative L2A product for this date.
2021-08-04,2021,no_representative_frozen_scl_gate_failed,False,,,,,,,,no_l2a_representative_for_date,,,,,,,,0,,The frozen SCL observation mask selected no representative L2A product for this date.
2021-08-06,2021,frozen_representative,True,S2B_MSIL2A_20210806T100559_N0500_R022_T34VCM_20230211T085202,S2B,2021-08-06T10:05:59Z,T34VCM,22,N0500,2023-02-11T08:52:02Z,exact_unique,S2B_MSIL1C_20210806T100559_N0500_R022_T34VCM_20230210T231649,S2B,2021-08-06T10:05:59Z,T34VCM,22,N0500,2023-02-10T23:16:49Z,1,S2B_MSIL1C_20210806T100559_N0500_R022_T34VCM_20230210T231649,
2021-08-09,2021,frozen_representative,True,S2B_MSIL2A_20210809T101559_N0500_R065_T34VCM_20230116T103230,S2B,2021-08-09T10:15:59Z,T34VCM,65,N0500,2023-01-16T10:32:30Z,exact_unique,S2B_MSIL1C_20210809T101559_N0500_R065_T34VCM_20230116T012618,S2B,2021-08-09T10:15:59Z,T34VCM,65,N0500,2023-01-16T01:26:18Z,1,S2B_MSIL1C_20210809T101559_N0500_R065_T34VCM_20230116T012618,
2021-08-11,2021,frozen_representative,True,S2A_MSIL2A_20210811T101031_N0500_R022_T34VCM_20230116T212140,S2A,2021-08-11T10:10:31Z,T34VCM,22,N0500,2023-01-16T21:21:40Z,exact_unique,S2A_MSIL1C_20210811T101031_N0500_R022_T34VCM_20230116T084428,S2A,2021-08-11T10:10:31Z,T34VCM,22,N0500,2023-01-16T08:44:28Z,1,S2A_MSIL1C_20210811T101031_N0500_R022_T34VCM_20230116T084428,
2021-08-14,2021,no_representative_frozen_scl_gate_failed,False,,,,,,,,no_l2a_representative_for_date,,,,,,,,0,,The frozen SCL observation mask selected no representative L2A product for this date.
2021-08-16,2021,no_representative_frozen_scl_gate_failed,False,,,,,,,,no_l2a_representative_for_date,,,,,,,,0,,The frozen SCL observation mask selected no representative L2A product for this date.
2021-08-19,2021,no_representative_frozen_scl_gate_failed,False,,,,,,,,no_l2a_representative_for_date,,,,,,,,0,,The frozen SCL observation mask selected no representative L2A product for this date.
2021-08-21,2021,frozen_representative,True,S2A_MSIL2A_20210821T101031_N0500_R022_T34VCM_20230119T144054,S2A,2021-08-21T10:10:31Z,T34VCM,22,N0500,2023-01-19T14:40:54Z,exact_unique,S2A_MSIL1C_20210821T101031_N0500_R022_T34VCM_20230119T063518,S2A,2021-08-21T10:10:31Z,T34VCM,22,N0500,2023-01-19T06:35:18Z,1,S2A_MSIL1C_20210821T101031_N0500_R022_T34VCM_20230119T063518,
2021-08-24,2021,no_representative_frozen_scl_gate_failed,False,,,,,,,,no_l2a_representative_for_date,,,,,,,,0,,The frozen SCL observation mask selected no representative L2A product for this date.
2021-08-26,2021,no_representative_frozen_scl_gate_failed,False,,,,,,,,no_l2a_representative_for_date,,,,,,,,0,,The frozen SCL observation mask selected no representative L2A product for this date.
2021-08-29,2021,no_representative_frozen_scl_gate_failed,False,,,,,,,,no_l2a_representative_for_date,,,,,,,,0,,The frozen SCL observation mask selected no representative L2A product for this date.
2021-08-31,2021,frozen_representative,True,S2A_MSIL2A_20210831T101031_N0500_R022_T34VCM_20230122T035831,S2A,2021-08-31T10:10:31Z,T34VCM,22,N0500,2023-01-22T03:58:31Z,exact_unique,S2A_MSIL1C_20210831T101031_N0500_R022_T34VCM_20230121T150613,S2A,2021-08-31T10:10:31Z,T34VCM,22,N0500,2023-01-21T15:06:13Z,1,S2A_MSIL1C_20210831T101031_N0500_R022_T34VCM_20230121T150613,
2021-09-03,2021,frozen_representative,True,S2A_MSIL2A_20210903T102021_N0500_R065_T34VCM_20230110T145151,S2A,2021-09-03T10:20:21Z,T34VCM,65,N0500,2023-01-10T14:51:51Z,exact_unique,S2A_MSIL1C_20210903T102021_N0500_R065_T34VCM_20230110T004639,S2A,2021-09-03T10:20:21Z,T34VCM,65,N0500,2023-01-10T00:46:39Z,1,S2A_MSIL1C_20210903T102021_N0500_R065_T34VCM_20230110T004639,
2021-09-05,2021,no_representative_frozen_scl_gate_failed,False,,,,,,,,no_l2a_representative_for_date,,,,,,,,0,,The frozen SCL observation mask selected no representative L2A product for this date.
2021-09-08,2021,frozen_representative,True,S2B_MSIL2A_20210908T101559_N0500_R065_T34VCM_20230116T194420,S2B,2021-09-08T10:15:59Z,T34VCM,65,N0500,2023-01-16T19:44:20Z,exact_unique,S2B_MSIL1C_20210908T101559_N0500_R065_T34VCM_20230116T102914,S2B,2021-09-08T10:15:59Z,T34VCM,65,N0500,2023-01-16T10:29:14Z,1,S2B_MSIL1C_20210908T101559_N0500_R065_T34VCM_20230116T102914,
2021-09-10,2021,no_representative_frozen_scl_gate_failed,False,,,,,,,,no_l2a_representative_for_date,,,,,,,,0,,The frozen SCL observation mask selected no representative L2A product for this date.
2021-09-13,2021,no_representative_frozen_scl_gate_failed,False,,,,,,,,no_l2a_representative_for_date,,,,,,,,0,,The frozen SCL observation mask selected no representative L2A product for this date.
2021-09-15,2021,frozen_representative,True,S2B_MSIL2A_20210915T100629_N0500_R022_T34VCM_20230117T160231,S2B,2021-09-15T10:06:29Z,T34VCM,22,N0500,2023-01-17T16:02:31Z,exact_unique,S2B_MSIL1C_20210915T100629_N0500_R022_T34VCM_20230117T080028,S2B,2021-09-15T10:06:29Z,T34VCM,22,N0500,2023-01-17T08:00:28Z,1,S2B_MSIL1C_20210915T100629_N0500_R022_T34VCM_20230117T080028,
2021-09-18,2021,no_representative_frozen_scl_gate_failed,False,,,,,,,,no_l2a_representative_for_date,,,,,,,,0,,The frozen SCL observation mask selected no representative L2A product for this date.
2021-09-20,2021,no_representative_frozen_scl_gate_failed,False,,,,,,,,no_l2a_representative_for_date,,,,,,,,0,,The frozen SCL observation mask selected no representative L2A product for this date.
2021-09-23,2021,no_representative_frozen_scl_gate_failed,False,,,,,,,,no_l2a_representative_for_date,,,,,,,,0,,The frozen SCL observation mask selected no representative L2A product for this date.
2021-09-25,2021,frozen_representative,True,S2B_MSIL2A_20210925T101019_N0500_R022_T34VCM_20230114T073621,S2B,2021-09-25T10:10:19Z,T34VCM,22,N0500,2023-01-14T07:36:21Z,exact_unique,S2B_MSIL1C_20210925T101019_N0500_R022_T34VCM_20230113T183335,S2B,2021-09-25T10:10:19Z,T34VCM,22,N0500,2023-01-13T18:33:35Z,1,S2B_MSIL1C_20210925T101019_N0500_R022_T34VCM_20230113T183335,
2021-09-28,2021,no_representative_frozen_scl_gate_failed,False,,,,,,,,no_l2a_representative_for_date,,,,,,,,0,,The frozen SCL observation mask selected no representative L2A product for this date.
2021-09-30,2021,no_representative_frozen_scl_gate_failed,False,,,,,,,,no_l2a_representative_for_date,,,,,,,,0,,The frozen SCL observation mask selected no representative L2A product for this date.
2021-10-03,2021,no_representative_frozen_scl_gate_failed,False,,,,,,,,no_l2a_representative_for_date,,,,,,,,0,,The frozen SCL observation mask selected no representative L2A product for this date.
2021-10-05,2021,no_representative_frozen_scl_gate_failed,False,,,,,,,,no_l2a_representative_for_date,,,,,,,,0,,The frozen SCL observation mask selected no representative L2A product for this date.
2021-10-08,2021,frozen_representative,True,S2B_MSIL2A_20211008T101829_N0500_R065_T34VCM_20230107T082135,S2B,2021-10-08T10:18:29Z,T34VCM,65,N0500,2023-01-07T08:21:35Z,exact_unique,S2B_MSIL1C_20211008T101829_N0500_R065_T34VCM_20230106T215021,S2B,2021-10-08T10:18:29Z,T34VCM,65,N0500,2023-01-06T21:50:21Z,1,S2B_MSIL1C_20211008T101829_N0500_R065_T34VCM_20230106T215021,
2021-10-10,2021,no_representative_frozen_scl_gate_failed,False,,,,,,,,no_l2a_representative_for_date,,,,,,,,0,,The frozen SCL observation mask selected no representative L2A product for this date.
2021-10-13,2021,frozen_representative,True,S2A_MSIL2A_20211013T101951_N0500_R065_T34VCM_20230115T025636,S2A,2021-10-13T10:19:51Z,T34VCM,65,N0500,2023-01-15T02:56:36Z,exact_unique,S2A_MSIL1C_20211013T101951_N0500_R065_T34VCM_20230114T211356,S2A,2021-10-13T10:19:51Z,T34VCM,65,N0500,2023-01-14T21:13:56Z,1,S2A_MSIL1C_20211013T101951_N0500_R065_T34VCM_20230114T211356,
2021-10-15,2021,no_representative_frozen_scl_gate_failed,False,,,,,,,,no_l2a_representative_for_date,,,,,,,,0,,The frozen SCL observation mask selected no representative L2A product for this date.
2021-10-18,2021,frozen_representative,True,S2B_MSIL2A_20211018T101939_N0500_R065_T34VCM_20230111T001402,S2B,2021-10-18T10:19:39Z,T34VCM,65,N0500,2023-01-11T00:14:02Z,exact_unique,S2B_MSIL1C_20211018T101939_N0500_R065_T34VCM_20230110T151113,S2B,2021-10-18T10:19:39Z,T34VCM,65,N0500,2023-01-10T15:11:13Z,1,S2B_MSIL1C_20211018T101939_N0500_R065_T34VCM_20230110T151113,
2021-10-20,2021,no_representative_frozen_scl_gate_failed,False,,,,,,,,no_l2a_representative_for_date,,,,,,,,0,,The frozen SCL observation mask selected no representative L2A product for this date.
2021-10-23,2021,frozen_representative,True,S2A_MSIL2A_20211023T102101_N0500_R065_T34VCM_20230104T155031,S2A,2021-10-23T10:21:01Z,T34VCM,65,N0500,2023-01-04T15:50:31Z,exact_unique,S2A_MSIL1C_20211023T102101_N0500_R065_T34VCM_20230104T080015,S2A,2021-10-23T10:21:01Z,T34VCM,65,N0500,2023-01-04T08:00:15Z,1,S2A_MSIL1C_20211023T102101_N0500_R065_T34VCM_20230104T080015,
2021-10-25,2021,frozen_representative,True,S2B_MSIL2A_20211025T101029_N0500_R022_T34VCM_20230103T124020,S2B,2021-10-25T10:10:29Z,T34VCM,22,N0500,2023-01-03T12:40:20Z,exact_unique,S2B_MSIL1C_20211025T101029_N0500_R022_T34VCM_20230103T015018,S2B,2021-10-25T10:10:29Z,T34VCM,22,N0500,2023-01-03T01:50:18Z,1,S2B_MSIL1C_20211025T101029_N0500_R022_T34VCM_20230103T015018,
2021-10-28,2021,no_representative_frozen_scl_gate_failed,False,,,,,,,,no_l2a_representative_for_date,,,,,,,,0,,The frozen SCL observation mask selected no representative L2A product for this date.
2021-10-30,2021,frozen_representative,True,S2A_MSIL2A_20211030T101141_N0500_R022_T34VCM_20230106T162512,S2A,2021-10-30T10:11:41Z,T34VCM,22,N0500,2023-01-06T16:25:12Z,exact_unique,S2A_MSIL1C_20211030T101141_N0500_R022_T34VCM_20230106T101931,S2A,2021-10-30T10:11:41Z,T34VCM,22,N0500,2023-01-06T10:19:31Z,1,S2A_MSIL1C_20211030T101141_N0500_R022_T34VCM_20230106T101931,
2021-11-02,2021,no_representative_frozen_scl_gate_failed,False,,,,,,,,no_l2a_representative_for_date,,,,,,,,0,,The frozen SCL observation mask selected no representative L2A product for this date.
2021-11-04,2021,no_representative_frozen_scl_gate_failed,False,,,,,,,,no_l2a_representative_for_date,,,,,,,,0,,The frozen SCL observation mask selected no representative L2A product for this date.
2021-11-07,2021,no_representative_frozen_scl_gate_failed,False,,,,,,,,no_l2a_representative_for_date,,,,,,,,0,,The frozen SCL observation mask selected no representative L2A product for this date.
2021-11-12,2021,frozen_representative,True,S2A_MSIL2A_20211112T102251_N0500_R065_T34VCM_20221231T115046,S2A,2021-11-12T10:22:51Z,T34VCM,65,N0500,2022-12-31T11:50:46Z,exact_unique,S2A_MSIL1C_20211112T102251_N0500_R065_T34VCM_20221231T071728,S2A,2021-11-12T10:22:51Z,T34VCM,65,N0500,2022-12-31T07:17:28Z,1,S2A_MSIL1C_20211112T102251_N0500_R065_T34VCM_20221231T071728,
2021-11-14,2021,no_representative_frozen_scl_gate_failed,False,,,,,,,,no_l2a_representative_for_date,,,,,,,,0,,The frozen SCL observation mask selected no representative L2A product for this date.
2021-11-17,2021,no_representative_frozen_scl_gate_failed,False,,,,,,,,no_l2a_representative_for_date,,,,,,,,0,,The frozen SCL observation mask selected no representative L2A product for this date.
2021-11-19,2021,no_representative_frozen_scl_gate_failed,False,,,,,,,,no_l2a_representative_for_date,,,,,,,,0,,The frozen SCL observation mask selected no representative L2A product for this date.
2021-11-22,2021,frozen_representative,True,S2A_MSIL2A_20211122T102331_N0500_R065_T34VCM_20221229T221536,S2A,2021-11-22T10:23:31Z,T34VCM,65,N0500,2022-12-29T22:15:36Z,exact_unique,S2A_MSIL1C_20211122T102331_N0500_R065_T34VCM_20221229T195455,S2A,2021-11-22T10:23:31Z,T34VCM,65,N0500,2022-12-29T19:54:55Z,1,S2A_MSIL1C_20211122T102331_N0500_R065_T34VCM_20221229T195455,
2021-11-24,2021,no_representative_frozen_scl_gate_failed,False,,,,,,,,no_l2a_representative_for_date,,,,,,,,0,,The frozen SCL observation mask selected no representative L2A product for this date.
2021-11-27,2021,no_representative_frozen_scl_gate_failed,False,,,,,,,,no_l2a_representative_for_date,,,,,,,,0,,The frozen SCL observation mask selected no representative L2A product for this date.
2021-11-29,2021,no_representative_frozen_scl_gate_failed,False,,,,,,,,no_l2a_representative_for_date,,,,,,,,0,,The frozen SCL observation mask selected no representative L2A product for this date.
2021-12-04,2021,frozen_representative,True,S2B_MSIL2A_20211204T101309_N0500_R022_T34VCM_20221224T020344,S2B,2021-12-04T10:13:09Z,T34VCM,22,N0500,2022-12-24T02:03:44Z,exact_unique,S2B_MSIL1C_20211204T101309_N0500_R022_T34VCM_20221223T195742,S2B,2021-12-04T10:13:09Z,T34VCM,22,N0500,2022-12-23T19:57:42Z,1,S2B_MSIL1C_20211204T101309_N0500_R022_T34VCM_20221223T195742,
2021-12-07,2021,no_representative_frozen_scl_gate_failed,False,,,,,,,,no_l2a_representative_for_date,,,,,,,,0,,The frozen SCL observation mask selected no representative L2A product for this date.
2021-12-14,2021,no_representative_frozen_scl_gate_failed,False,,,,,,,,no_l2a_representative_for_date,,,,,,,,0,,The frozen SCL observation mask selected no representative L2A product for this date.
2021-12-17,2021,frozen_representative,True,S2B_MSIL2A_20211217T102329_N0500_R065_T34VCM_20221228T160151,S2B,2021-12-17T10:23:29Z,T34VCM,65,N0500,2022-12-28T16:01:51Z,exact_unique,S2B_MSIL1C_20211217T102329_N0500_R065_T34VCM_20221228T091556,S2B,2021-12-17T10:23:29Z,T34VCM,65,N0500,2022-12-28T09:15:56Z,1,S2B_MSIL1C_20211217T102329_N0500_R065_T34VCM_20221228T091556,
2021-12-24,2021,no_representative_frozen_scl_gate_failed,False,,,,,,,,no_l2a_representative_for_date,,,,,,,,0,,The frozen SCL observation mask selected no representative L2A product for this date.
2021-12-27,2021,no_representative_frozen_scl_gate_failed,False,,,,,,,,no_l2a_representative_for_date,,,,,,,,0,,The frozen SCL observation mask selected no representative L2A product for this date.
2022-01-03,2022,no_representative_frozen_scl_gate_failed,False,,,,,,,,no_l2a_representative_for_date,,,,,,,,0,,The frozen SCL observation mask selected no representative L2A product for this date.
2022-01-06,2022,no_representative_frozen_scl_gate_failed,False,,,,,,,,no_l2a_representative_for_date,,,,,,,,0,,The frozen SCL observation mask selected no representative L2A product for this date.
2022-01-13,2022,no_representative_frozen_scl_gate_failed,False,,,,,,,,no_l2a_representative_for_date,,,,,,,,0,,The frozen SCL observation mask selected no representative L2A product for this date.
2022-01-16,2022,no_representative_frozen_scl_gate_failed,False,,,,,,,,no_l2a_representative_for_date,,,,,,,,0,,The frozen SCL observation mask selected no representative L2A product for this date.
2022-01-18,2022,no_representative_frozen_scl_gate_failed,False,,,,,,,,no_l2a_representative_for_date,,,,,,,,0,,The frozen SCL observation mask selected no representative L2A product for this date.
2022-01-21,2022,no_representative_frozen_scl_gate_failed,False,,,,,,,,no_l2a_representative_for_date,,,,,,,,0,,The frozen SCL observation mask selected no representative L2A product for this date.
2022-01-26,2022,no_representative_frozen_scl_gate_failed,False,,,,,,,,no_l2a_representative_for_date,,,,,,,,0,,The frozen SCL observation mask selected no representative L2A product for this date.
2022-01-28,2022,no_representative_frozen_scl_gate_failed,False,,,,,,,,no_l2a_representative_for_date,,,,,,,,0,,The frozen SCL observation mask selected no representative L2A product for this date.
2022-01-31,2022,no_representative_frozen_scl_gate_failed,False,,,,,,,,no_l2a_representative_for_date,,,,,,,,0,,The frozen SCL observation mask selected no representative L2A product for this date.
2022-02-02,2022,no_representative_frozen_scl_gate_failed,False,,,,,,,,no_l2a_representative_for_date,,,,,,,,0,,The frozen SCL observation mask selected no representative L2A product for this date.
2022-02-05,2022,no_representative_frozen_scl_gate_failed,False,,,,,,,,no_l2a_representative_for_date,,,,,,,,0,,The frozen SCL observation mask selected no representative L2A product for this date.
2022-02-07,2022,no_representative_frozen_scl_gate_failed,False,,,,,,,,no_l2a_representative_for_date,,,,,,,,0,,The frozen SCL observation mask selected no representative L2A product for this date.
2022-02-10,2022,no_representative_frozen_scl_gate_failed,False,,,,,,,,no_l2a_representative_for_date,,,,,,,,0,,The frozen SCL observation mask selected no representative L2A product for this date.
2022-02-12,2022,no_representative_frozen_scl_gate_failed,False,,,,,,,,no_l2a_representative_for_date,,,,,,,,0,,The frozen SCL observation mask selected no representative L2A product for this date.
2022-02-15,2022,no_representative_frozen_scl_gate_failed,False,,,,,,,,no_l2a_representative_for_date,,,,,,,,0,,The frozen SCL observation mask selected no representative L2A product for this date.
2022-02-17,2022,no_representative_frozen_scl_gate_failed,False,,,,,,,,no_l2a_representative_for_date,,,,,,,,0,,The frozen SCL observation mask selected no representative L2A product for this date.
2022-02-20,2022,no_representative_frozen_scl_gate_failed,False,,,,,,,,no_l2a_representative_for_date,,,,,,,,0,,The frozen SCL observation mask selected no representative L2A product for this date.
2022-02-22,2022,no_representative_frozen_scl_gate_failed,False,,,,,,,,no_l2a_representative_for_date,,,,,,,,0,,The frozen SCL observation mask selected no representative L2A product for this date.
2022-02-25,2022,no_representative_frozen_scl_gate_failed,False,,,,,,,,no_l2a_representative_for_date,,,,,,,,0,,The frozen SCL observation mask selected no representative L2A product for this date.
2022-02-27,2022,no_representative_frozen_scl_gate_failed,False,,,,,,,,no_l2a_representative_for_date,,,,,,,,0,,The frozen SCL observation mask selected no representative L2A product for this date.
2022-03-02,2022,no_representative_frozen_scl_gate_failed,False,,,,,,,,no_l2a_representative_for_date,,,,,,,,0,,The frozen SCL observation mask selected no representative L2A product for this date.
2022-03-04,2022,no_representative_frozen_scl_gate_failed,False,,,,,,,,no_l2a_representative_for_date,,,,,,,,0,,The frozen SCL observation mask selected no representative L2A product for this date.
2022-03-07,2022,no_representative_frozen_scl_gate_failed,False,,,,,,,,no_l2a_representative_for_date,,,,,,,,0,,The frozen SCL observation mask selected no representative L2A product for this date.
2022-03-09,2022,no_representative_frozen_scl_gate_failed,False,,,,,,,,no_l2a_representative_for_date,,,,,,,,0,,The frozen SCL observation mask selected no representative L2A product for this date.
2022-03-12,2022,no_representative_frozen_scl_gate_failed,False,,,,,,,,no_l2a_representative_for_date,,,,,,,,0,,The frozen SCL observation mask selected no representative L2A product for this date.
2022-03-14,2022,no_representative_frozen_scl_gate_failed,False,,,,,,,,no_l2a_representative_for_date,,,,,,,,0,,The frozen SCL observation mask selected no representative L2A product for this date.
2022-03-17,2022,no_representative_frozen_scl_gate_failed,False,,,,,,,,no_l2a_representative_for_date,,,,,,,,0,,The frozen SCL observation mask selected no representative L2A product for this date.
2022-03-19,2022,no_representative_frozen_scl_gate_failed,False,,,,,,,,no_l2a_representative_for_date,,,,,,,,0,,The frozen SCL observation mask selected no representative L2A product for this date.
2022-03-22,2022,no_representative_frozen_scl_gate_failed,False,,,,,,,,no_l2a_representative_for_date,,,,,,,,0,,The frozen SCL observation mask selected no representative L2A product for this date.
2022-03-24,2022,frozen_representative,True,S2B_MSIL2A_20220324T100649_N0510_R022_T34VCM_20240522T201307,S2B,2022-03-24T10:06:49Z,T34VCM,22,N0510,2024-05-22T20:13:07Z,exact_unique,S2B_MSIL1C_20220324T100649_N0510_R022_T34VCM_20240522T170647,S2B,2022-03-24T10:06:49Z,T34VCM,22,N0510,2024-05-22T17:06:47Z,1,S2B_MSIL1C_20220324T100649_N0510_R022_T34VCM_20240522T170647,
2022-03-27,2022,no_representative_frozen_scl_gate_failed,False,,,,,,,,no_l2a_representative_for_date,,,,,,,,0,,The frozen SCL observation mask selected no representative L2A product for this date.
2022-03-29,2022,no_representative_frozen_scl_gate_failed,False,,,,,,,,no_l2a_representative_for_date,,,,,,,,0,,The frozen SCL observation mask selected no representative L2A product for this date.
2022-04-01,2022,no_representative_frozen_scl_gate_failed,False,,,,,,,,no_l2a_representative_for_date,,,,,,,,0,,The frozen SCL observation mask selected no representative L2A product for this date.
2022-04-03,2022,no_representative_frozen_scl_gate_failed,False,,,,,,,,no_l2a_representative_for_date,,,,,,,,0,,The frozen SCL observation mask selected no representative L2A product for this date.
2022-04-06,2022,no_representative_frozen_scl_gate_failed,False,,,,,,,,no_l2a_representative_for_date,,,,,,,,0,,The frozen SCL observation mask selected no representative L2A product for this date.
2022-04-08,2022,no_representative_frozen_scl_gate_failed,False,,,,,,,,no_l2a_representative_for_date,,,,,,,,0,,The frozen SCL observation mask selected no representative L2A product for this date.
2022-04-11,2022,frozen_representative,True,S2A_MSIL2A_20220411T101601_N0510_R065_T34VCM_20240524T081910,S2A,2022-04-11T10:16:01Z,T34VCM,65,N0510,2024-05-24T08:19:10Z,exact_unique,S2A_MSIL1C_20220411T101601_N0510_R065_T34VCM_20240524T020040,S2A,2022-04-11T10:16:01Z,T34VCM,65,N0510,2024-05-24T02:00:40Z,1,S2A_MSIL1C_20220411T101601_N0510_R065_T34VCM_20240524T020040,
2022-04-13,2022,no_representative_frozen_scl_gate_failed,False,,,,,,,,no_l2a_representative_for_date,,,,,,,,0,,The frozen SCL observation mask selected no representative L2A product for this date.
2022-04-16,2022,no_representative_frozen_scl_gate_failed,False,,,,,,,,no_l2a_representative_for_date,,,,,,,,0,,The frozen SCL observation mask selected no representative L2A product for this date.
2022-04-18,2022,frozen_representative,True,S2A_MSIL2A_20220418T100601_N0510_R022_T34VCM_20240605T031409,S2A,2022-04-18T10:06:01Z,T34VCM,22,N0510,2024-06-05T03:14:09Z,exact_unique,S2A_MSIL1C_20220418T100601_N0510_R022_T34VCM_20240605T000525,S2A,2022-04-18T10:06:01Z,T34VCM,22,N0510,2024-06-05T00:05:25Z,1,S2A_MSIL1C_20220418T100601_N0510_R022_T34VCM_20240605T000525,
2022-04-21,2022,frozen_representative,True,S2A_MSIL2A_20220421T101601_N0510_R065_T34VCM_20240619T155847,S2A,2022-04-21T10:16:01Z,T34VCM,65,N0510,2024-06-19T15:58:47Z,exact_unique,S2A_MSIL1C_20220421T101601_N0510_R065_T34VCM_20240619T094715,S2A,2022-04-21T10:16:01Z,T34VCM,65,N0510,2024-06-19T09:47:15Z,1,S2A_MSIL1C_20220421T101601_N0510_R065_T34VCM_20240619T094715,
2022-04-23,2022,no_representative_frozen_scl_gate_failed,False,,,,,,,,no_l2a_representative_for_date,,,,,,,,0,,The frozen SCL observation mask selected no representative L2A product for this date.
2022-04-26,2022,no_representative_frozen_scl_gate_failed,False,,,,,,,,no_l2a_representative_for_date,,,,,,,,0,,The frozen SCL observation mask selected no representative L2A product for this date.
2022-04-28,2022,no_representative_frozen_scl_gate_failed,False,,,,,,,,no_l2a_representative_for_date,,,,,,,,0,,The frozen SCL observation mask selected no representative L2A product for this date.
2022-05-01,2022,no_representative_frozen_scl_gate_failed,False,,,,,,,,no_l2a_representative_for_date,,,,,,,,0,,The frozen SCL observation mask selected no representative L2A product for this date.
2022-05-03,2022,frozen_representative,True,S2B_MSIL2A_20220503T100549_N0510_R022_T34VCM_20240611T022933,S2B,2022-05-03T10:05:49Z,T34VCM,22,N0510,2024-06-11T02:29:33Z,exact_unique,S2B_MSIL1C_20220503T100549_N0510_R022_T34VCM_20240610T224557,S2B,2022-05-03T10:05:49Z,T34VCM,22,N0510,2024-06-10T22:45:57Z,1,S2B_MSIL1C_20220503T100549_N0510_R022_T34VCM_20240610T224557,
2022-05-06,2022,frozen_representative,True,S2B_MSIL2A_20220506T101559_N0510_R065_T34VCM_20240612T204458,S2B,2022-05-06T10:15:59Z,T34VCM,65,N0510,2024-06-12T20:44:58Z,exact_unique,S2B_MSIL1C_20220506T101559_N0510_R065_T34VCM_20240612T152624,S2B,2022-05-06T10:15:59Z,T34VCM,65,N0510,2024-06-12T15:26:24Z,1,S2B_MSIL1C_20220506T101559_N0510_R065_T34VCM_20240612T152624,
2022-05-08,2022,no_representative_frozen_scl_gate_failed,False,,,,,,,,no_l2a_representative_for_date,,,,,,,,0,,The frozen SCL observation mask selected no representative L2A product for this date.
2022-05-11,2022,frozen_representative,True,S2A_MSIL2A_20220511T101601_N0510_R065_T34VCM_20240617T140748,S2A,2022-05-11T10:16:01Z,T34VCM,65,N0510,2024-06-17T14:07:48Z,exact_unique,S2A_MSIL1C_20220511T101601_N0510_R065_T34VCM_20240617T083749,S2A,2022-05-11T10:16:01Z,T34VCM,65,N0510,2024-06-17T08:37:49Z,1,S2A_MSIL1C_20220511T101601_N0510_R065_T34VCM_20240617T083749,
2022-05-13,2022,no_representative_frozen_scl_gate_failed,False,,,,,,,,no_l2a_representative_for_date,,,,,,,,0,,The frozen SCL observation mask selected no representative L2A product for this date.
2022-05-16,2022,frozen_representative,True,S2B_MSIL2A_20220516T101559_N0510_R065_T34VCM_20240611T084724,S2B,2022-05-16T10:15:59Z,T34VCM,65,N0510,2024-06-11T08:47:24Z,exact_unique,S2B_MSIL1C_20220516T101559_N0510_R065_T34VCM_20240611T033627,S2B,2022-05-16T10:15:59Z,T34VCM,65,N0510,2024-06-11T03:36:27Z,1,S2B_MSIL1C_20220516T101559_N0510_R065_T34VCM_20240611T033627,
2022-05-18,2022,frozen_representative,True,S2A_MSIL2A_20220518T100601_N0510_R022_T34VCM_20240619T015458,S2A,2022-05-18T10:06:01Z,T34VCM,22,N0510,2024-06-19T01:54:58Z,exact_unique,S2A_MSIL1C_20220518T100601_N0510_R022_T34VCM_20240618T192154,S2A,2022-05-18T10:06:01Z,T34VCM,22,N0510,2024-06-18T19:21:54Z,1,S2A_MSIL1C_20220518T100601_N0510_R022_T34VCM_20240618T192154,
2022-05-21,2022,no_representative_frozen_scl_gate_failed,False,,,,,,,,no_l2a_representative_for_date,,,,,,,,0,,The frozen SCL observation mask selected no representative L2A product for this date.
2022-05-23,2022,frozen_representative,True,S2B_MSIL2A_20220523T100559_N0510_R022_T34VCM_20240615T181903,S2B,2022-05-23T10:05:59Z,T34VCM,22,N0510,2024-06-15T18:19:03Z,exact_unique,S2B_MSIL1C_20220523T100559_N0510_R022_T34VCM_20240615T150016,S2B,2022-05-23T10:05:59Z,T34VCM,22,N0510,2024-06-15T15:00:16Z,1,S2B_MSIL1C_20220523T100559_N0510_R022_T34VCM_20240615T150016,
2022-05-26,2022,no_representative_frozen_scl_gate_failed,False,,,,,,,,no_l2a_representative_for_date,,,,,,,,0,,The frozen SCL observation mask selected no representative L2A product for this date.
2022-05-28,2022,no_representative_frozen_scl_gate_failed,False,,,,,,,,no_l2a_representative_for_date,,,,,,,,0,,The frozen SCL observation mask selected no representative L2A product for this date.
2022-05-31,2022,no_representative_frozen_scl_gate_failed,False,,,,,,,,no_l2a_representative_for_date,,,,,,,,0,,The frozen SCL observation mask selected no representative L2A product for this date.
2022-06-02,2022,no_representative_frozen_scl_gate_failed,False,,,,,,,,no_l2a_representative_for_date,,,,,,,,0,,The frozen SCL observation mask selected no representative L2A product for this date.
2022-06-05,2022,frozen_representative,True,S2B_MSIL2A_20220605T101559_N0510_R065_T34VCM_20240630T004608,S2B,2022-06-05T10:15:59Z,T34VCM,65,N0510,2024-06-30T00:46:08Z,exact_unique,S2B_MSIL1C_20220605T101559_N0510_R065_T34VCM_20240629T185114,S2B,2022-06-05T10:15:59Z,T34VCM,65,N0510,2024-06-29T18:51:14Z,1,S2B_MSIL1C_20220605T101559_N0510_R065_T34VCM_20240629T185114,
2022-06-07,2022,frozen_representative,True,S2A_MSIL2A_20220607T100601_N0510_R022_T34VCM_20240714T234043,S2A,2022-06-07T10:06:01Z,T34VCM,22,N0510,2024-07-14T23:40:43Z,exact_unique,S2A_MSIL1C_20220607T100601_N0510_R022_T34VCM_20240714T182335,S2A,2022-06-07T10:06:01Z,T34VCM,22,N0510,2024-07-14T18:23:35Z,1,S2A_MSIL1C_20220607T100601_N0510_R022_T34VCM_20240714T182335,
2022-06-10,2022,no_representative_frozen_scl_gate_failed,False,,,,,,,,no_l2a_representative_for_date,,,,,,,,0,,The frozen SCL observation mask selected no representative L2A product for this date.
2022-06-12,2022,frozen_representative,True,S2B_MSIL2A_20220612T100559_N0510_R022_T34VCM_20240702T053752,S2B,2022-06-12T10:05:59Z,T34VCM,22,N0510,2024-07-02T05:37:52Z,exact_unique,S2B_MSIL1C_20220612T100559_N0510_R022_T34VCM_20240702T024330,S2B,2022-06-12T10:05:59Z,T34VCM,22,N0510,2024-07-02T02:43:30Z,1,S2B_MSIL1C_20220612T100559_N0510_R022_T34VCM_20240702T024330,
2022-06-15,2022,frozen_representative,True,S2B_MSIL2A_20220615T101559_N0510_R065_T34VCM_20240707T201732,S2B,2022-06-15T10:15:59Z,T34VCM,65,N0510,2024-07-07T20:17:32Z,exact_unique,S2B_MSIL1C_20220615T101559_N0510_R065_T34VCM_20240707T140901,S2B,2022-06-15T10:15:59Z,T34VCM,65,N0510,2024-07-07T14:09:01Z,1,S2B_MSIL1C_20220615T101559_N0510_R065_T34VCM_20240707T140901,
2022-06-17,2022,no_representative_frozen_scl_gate_failed,False,,,,,,,,no_l2a_representative_for_date,,,,,,,,0,,The frozen SCL observation mask selected no representative L2A product for this date.
2022-06-20,2022,no_representative_frozen_scl_gate_failed,False,,,,,,,,no_l2a_representative_for_date,,,,,,,,0,,The frozen SCL observation mask selected no representative L2A product for this date.
2022-06-22,2022,no_representative_frozen_scl_gate_failed,False,,,,,,,,no_l2a_representative_for_date,,,,,,,,0,,The frozen SCL observation mask selected no representative L2A product for this date.
2022-06-25,2022,frozen_representative,True,S2B_MSIL2A_20220625T101559_N0510_R065_T34VCM_20240629T115118,S2B,2022-06-25T10:15:59Z,T34VCM,65,N0510,2024-06-29T11:51:18Z,exact_unique,S2B_MSIL1C_20220625T101559_N0510_R065_T34VCM_20240629T052317,S2B,2022-06-25T10:15:59Z,T34VCM,65,N0510,2024-06-29T05:23:17Z,1,S2B_MSIL1C_20220625T101559_N0510_R065_T34VCM_20240629T052317,
2022-06-27,2022,no_representative_frozen_scl_gate_failed,False,,,,,,,,no_l2a_representative_for_date,,,,,,,,0,,The frozen SCL observation mask selected no representative L2A product for this date.
2022-06-30,2022,frozen_representative,True,S2A_MSIL2A_20220630T102041_N0510_R065_T34VCM_20240703T001206,S2A,2022-06-30T10:20:41Z,T34VCM,65,N0510,2024-07-03T00:12:06Z,exact_unique,S2A_MSIL1C_20220630T102041_N0510_R065_T34VCM_20240702T183513,S2A,2022-06-30T10:20:41Z,T34VCM,65,N0510,2024-07-02T18:35:13Z,1,S2A_MSIL1C_20220630T102041_N0510_R065_T34VCM_20240702T183513,
2022-07-02,2022,no_representative_frozen_scl_gate_failed,False,,,,,,,,no_l2a_representative_for_date,,,,,,,,0,,The frozen SCL observation mask selected no representative L2A product for this date.
2022-07-05,2022,no_representative_frozen_scl_gate_failed,False,,,,,,,,no_l2a_representative_for_date,,,,,,,,0,,The frozen SCL observation mask selected no representative L2A product for this date.
2022-07-07,2022,no_representative_frozen_scl_gate_failed,False,,,,,,,,no_l2a_representative_for_date,,,,,,,,0,,The frozen SCL observation mask selected no representative L2A product for this date.
2022-07-10,2022,no_representative_frozen_scl_gate_failed,False,,,,,,,,no_l2a_representative_for_date,,,,,,,,0,,The frozen SCL observation mask selected no representative L2A product for this date.
2022-07-12,2022,frozen_representative,True,S2B_MSIL2A_20220712T100559_N0510_R022_T34VCM_20240718T063657,S2B,2022-07-12T10:05:59Z,T34VCM,22,N0510,2024-07-18T06:36:57Z,exact_unique,S2B_MSIL1C_20220712T100559_N0510_R022_T34VCM_20240718T033027,S2B,2022-07-12T10:05:59Z,T34VCM,22,N0510,2024-07-18T03:30:27Z,1,S2B_MSIL1C_20220712T100559_N0510_R022_T34VCM_20240718T033027,
2022-07-15,2022,frozen_representative,True,S2B_MSIL2A_20220715T101559_N0510_R065_T34VCM_20240724T023217,S2B,2022-07-15T10:15:59Z,T34VCM,65,N0510,2024-07-24T02:32:17Z,exact_unique,S2B_MSIL1C_20220715T101559_N0510_R065_T34VCM_20240723T203442,S2B,2022-07-15T10:15:59Z,T34VCM,65,N0510,2024-07-23T20:34:42Z,1,S2B_MSIL1C_20220715T101559_N0510_R065_T34VCM_20240723T203442,
2022-07-17,2022,frozen_representative,True,S2A_MSIL2A_20220717T100611_N0510_R022_T34VCM_20240717T130024,S2A,2022-07-17T10:06:11Z,T34VCM,22,N0510,2024-07-17T13:00:24Z,exact_unique,S2A_MSIL1C_20220717T100611_N0510_R022_T34VCM_20240717T071431,S2A,2022-07-17T10:06:11Z,T34VCM,22,N0510,2024-07-17T07:14:31Z,1,S2A_MSIL1C_20220717T100611_N0510_R022_T34VCM_20240717T071431,
2022-07-20,2022,frozen_representative,True,S2A_MSIL2A_20220720T101611_N0510_R065_T34VCM_20240715T001059,S2A,2022-07-20T10:16:11Z,T34VCM,65,N0510,2024-07-15T00:10:59Z,exact_unique,S2A_MSIL1C_20220720T101611_N0510_R065_T34VCM_20240714T184614,S2A,2022-07-20T10:16:11Z,T34VCM,65,N0510,2024-07-14T18:46:14Z,1,S2A_MSIL1C_20220720T101611_N0510_R065_T34VCM_20240714T184614,
2022-07-22,2022,no_representative_frozen_scl_gate_failed,False,,,,,,,,no_l2a_representative_for_date,,,,,,,,0,,The frozen SCL observation mask selected no representative L2A product for this date.
2022-07-25,2022,no_representative_frozen_scl_gate_failed,False,,,,,,,,no_l2a_representative_for_date,,,,,,,,0,,The frozen SCL observation mask selected no representative L2A product for this date.
2022-07-27,2022,no_representative_frozen_scl_gate_failed,False,,,,,,,,no_l2a_representative_for_date,,,,,,,,0,,The frozen SCL observation mask selected no representative L2A product for this date.
2022-07-30,2022,frozen_representative,True,S2A_MSIL2A_20220730T101611_N0510_R065_T34VCM_20240716T215056,S2A,2022-07-30T10:16:11Z,T34VCM,65,N0510,2024-07-16T21:50:56Z,exact_unique,S2A_MSIL1C_20220730T101611_N0510_R065_T34VCM_20240716T185606,S2A,2022-07-30T10:16:11Z,T34VCM,65,N0510,2024-07-16T18:56:06Z,1,S2A_MSIL1C_20220730T101611_N0510_R065_T34VCM_20240716T185606,
2022-08-01,2022,frozen_representative,True,S2B_MSIL2A_20220801T100559_N0510_R022_T34VCM_20240717T025845,S2B,2022-08-01T10:05:59Z,T34VCM,22,N0510,2024-07-17T02:58:45Z,exact_unique,S2B_MSIL1C_20220801T100559_N0510_R022_T34VCM_20240716T234117,S2B,2022-08-01T10:05:59Z,T34VCM,22,N0510,2024-07-16T23:41:17Z,1,S2B_MSIL1C_20220801T100559_N0510_R022_T34VCM_20240716T234117,
2022-08-04,2022,no_representative_frozen_scl_gate_failed,False,,,,,,,,no_l2a_representative_for_date,,,,,,,,0,,The frozen SCL observation mask selected no representative L2A product for this date.
2022-08-06,2022,no_representative_frozen_scl_gate_failed,False,,,,,,,,no_l2a_representative_for_date,,,,,,,,0,,The frozen SCL observation mask selected no representative L2A product for this date.
2022-08-09,2022,no_representative_frozen_scl_gate_failed,False,,,,,,,,no_l2a_representative_for_date,,,,,,,,0,,The frozen SCL observation mask selected no representative L2A product for this date.
2022-08-11,2022,no_representative_frozen_scl_gate_failed,False,,,,,,,,no_l2a_representative_for_date,,,,,,,,0,,The frozen SCL observation mask selected no representative L2A product for this date.
2022-08-14,2022,frozen_representative,True,S2B_MSIL2A_20220814T101559_N0510_R065_T34VCM_20240707T220121,S2B,2022-08-14T10:15:59Z,T34VCM,65,N0510,2024-07-07T22:01:21Z,exact_unique,S2B_MSIL1C_20220814T101559_N0510_R065_T34VCM_20240707T151342,S2B,2022-08-14T10:15:59Z,T34VCM,65,N0510,2024-07-07T15:13:42Z,1,S2B_MSIL1C_20220814T101559_N0510_R065_T34VCM_20240707T151342,
2022-08-16,2022,no_representative_frozen_scl_gate_failed,False,,,,,,,,no_l2a_representative_for_date,,,,,,,,0,,The frozen SCL observation mask selected no representative L2A product for this date.
2022-08-19,2022,frozen_representative,True,S2A_MSIL2A_20220819T101611_N0510_R065_T34VCM_20240703T214954,S2A,2022-08-19T10:16:11Z,T34VCM,65,N0510,2024-07-03T21:49:54Z,exact_unique,S2A_MSIL1C_20220819T101611_N0510_R065_T34VCM_20240703T180641,S2A,2022-08-19T10:16:11Z,T34VCM,65,N0510,2024-07-03T18:06:41Z,1,S2A_MSIL1C_20220819T101611_N0510_R065_T34VCM_20240703T180641,
2022-08-21,2022,no_representative_frozen_scl_gate_failed,False,,,,,,,,no_l2a_representative_for_date,,,,,,,,0,,The frozen SCL observation mask selected no representative L2A product for this date.
2022-08-24,2022,no_representative_frozen_scl_gate_failed,False,,,,,,,,no_l2a_representative_for_date,,,,,,,,0,,The frozen SCL observation mask selected no representative L2A product for this date.
2022-08-26,2022,no_representative_frozen_scl_gate_failed,False,,,,,,,,no_l2a_representative_for_date,,,,,,,,0,,The frozen SCL observation mask selected no representative L2A product for this date.
2022-08-29,2022,no_representative_frozen_scl_gate_failed,False,,,,,,,,no_l2a_representative_for_date,,,,,,,,0,,The frozen SCL observation mask selected no representative L2A product for this date.
2022-08-31,2022,no_representative_frozen_scl_gate_failed,False,,,,,,,,no_l2a_representative_for_date,,,,,,,,0,,The frozen SCL observation mask selected no representative L2A product for this date.
2022-09-03,2022,no_representative_frozen_scl_gate_failed,False,,,,,,,,no_l2a_representative_for_date,,,,,,,,0,,The frozen SCL observation mask selected no representative L2A product for this date.
2022-09-05,2022,no_representative_frozen_scl_gate_failed,False,,,,,,,,no_l2a_representative_for_date,,,,,,,,0,,The frozen SCL observation mask selected no representative L2A product for this date.
2022-09-08,2022,frozen_representative,True,S2A_MSIL2A_20220908T102031_N0510_R065_T34VCM_20240728T081914,S2A,2022-09-08T10:20:31Z,T34VCM,65,N0510,2024-07-28T08:19:14Z,exact_unique,S2A_MSIL1C_20220908T102031_N0510_R065_T34VCM_20240728T025426,S2A,2022-09-08T10:20:31Z,T34VCM,65,N0510,2024-07-28T02:54:26Z,1,S2A_MSIL1C_20220908T102031_N0510_R065_T34VCM_20240728T025426,
2022-09-10,2022,no_representative_frozen_scl_gate_failed,False,,,,,,,,no_l2a_representative_for_date,,,,,,,,0,,The frozen SCL observation mask selected no representative L2A product for this date.
2022-09-13,2022,no_representative_frozen_scl_gate_failed,False,,,,,,,,no_l2a_representative_for_date,,,,,,,,0,,The frozen SCL observation mask selected no representative L2A product for this date.
2022-09-15,2022,no_representative_frozen_scl_gate_failed,False,,,,,,,,no_l2a_representative_for_date,,,,,,,,0,,The frozen SCL observation mask selected no representative L2A product for this date.
2022-09-18,2022,no_representative_frozen_scl_gate_failed,False,,,,,,,,no_l2a_representative_for_date,,,,,,,,0,,The frozen SCL observation mask selected no representative L2A product for this date.
2022-09-20,2022,no_representative_frozen_scl_gate_failed,False,,,,,,,,no_l2a_representative_for_date,,,,,,,,0,,The frozen SCL observation mask selected no representative L2A product for this date.
2022-09-23,2022,no_representative_frozen_scl_gate_failed,False,,,,,,,,no_l2a_representative_for_date,,,,,,,,0,,The frozen SCL observation mask selected no representative L2A product for this date.
2022-09-25,2022,no_representative_frozen_scl_gate_failed,False,,,,,,,,no_l2a_representative_for_date,,,,,,,,0,,The frozen SCL observation mask selected no representative L2A product for this date.
2022-09-28,2022,frozen_representative,True,S2A_MSIL2A_20220928T101811_N0510_R065_T34VCM_20240726T010605,S2A,2022-09-28T10:18:11Z,T34VCM,65,N0510,2024-07-26T01:06:05Z,exact_unique,S2A_MSIL1C_20220928T101811_N0510_R065_T34VCM_20240725T175943,S2A,2022-09-28T10:18:11Z,T34VCM,65,N0510,2024-07-25T17:59:43Z,1,S2A_MSIL1C_20220928T101811_N0510_R065_T34VCM_20240725T175943,
2022-09-30,2022,frozen_representative,True,S2B_MSIL2A_20220930T100729_N0510_R022_T34VCM_20240726T123713,S2B,2022-09-30T10:07:29Z,T34VCM,22,N0510,2024-07-26T12:37:13Z,exact_unique,S2B_MSIL1C_20220930T100729_N0510_R022_T34VCM_20240726T061019,S2B,2022-09-30T10:07:29Z,T34VCM,22,N0510,2024-07-26T06:10:19Z,1,S2B_MSIL1C_20220930T100729_N0510_R022_T34VCM_20240726T061019,
2022-10-03,2022,frozen_representative,True,S2B_MSIL2A_20221003T101749_N0510_R065_T34VCM_20240723T043933,S2B,2022-10-03T10:17:49Z,T34VCM,65,N0510,2024-07-23T04:39:33Z,exact_unique,S2B_MSIL1C_20221003T101749_N0510_R065_T34VCM_20240722T213751,S2B,2022-10-03T10:17:49Z,T34VCM,65,N0510,2024-07-22T21:37:51Z,1,S2B_MSIL1C_20221003T101749_N0510_R065_T34VCM_20240722T213751,
2022-10-05,2022,no_representative_frozen_scl_gate_failed,False,,,,,,,,no_l2a_representative_for_date,,,,,,,,0,,The frozen SCL observation mask selected no representative L2A product for this date.
2022-10-08,2022,frozen_representative,True,S2A_MSIL2A_20221008T101931_N0510_R065_T34VCM_20240727T051721,S2A,2022-10-08T10:19:31Z,T34VCM,65,N0510,2024-07-27T05:17:21Z,exact_unique,S2A_MSIL1C_20221008T101931_N0510_R065_T34VCM_20240727T030031,S2A,2022-10-08T10:19:31Z,T34VCM,65,N0510,2024-07-27T03:00:31Z,1,S2A_MSIL1C_20221008T101931_N0510_R065_T34VCM_20240727T030031,
2022-10-10,2022,frozen_representative,True,S2B_MSIL2A_20221010T100839_N0510_R022_T34VCM_20240801T023928,S2B,2022-10-10T10:08:39Z,T34VCM,22,N0510,2024-08-01T02:39:28Z,exact_unique,S2B_MSIL1C_20221010T100839_N0510_R022_T34VCM_20240731T204200,S2B,2022-10-10T10:08:39Z,T34VCM,22,N0510,2024-07-31T20:42:00Z,1,S2B_MSIL1C_20221010T100839_N0510_R022_T34VCM_20240731T204200,
2022-10-13,2022,no_representative_frozen_scl_gate_failed,False,,,,,,,,no_l2a_representative_for_date,,,,,,,,0,,The frozen SCL observation mask selected no representative L2A product for this date.
2022-10-15,2022,no_representative_frozen_scl_gate_failed,False,,,,,,,,no_l2a_representative_for_date,,,,,,,,0,,The frozen SCL observation mask selected no representative L2A product for this date.
2022-10-18,2022,no_representative_frozen_scl_gate_failed,False,,,,,,,,no_l2a_representative_for_date,,,,,,,,0,,The frozen SCL observation mask selected no representative L2A product for this date.
2022-10-20,2022,frozen_representative,True,S2B_MSIL2A_20221020T100939_N0510_R022_T34VCM_20240721T213259,S2B,2022-10-20T10:09:39Z,T34VCM,22,N0510,2024-07-21T21:32:59Z,exact_unique,S2B_MSIL1C_20221020T100939_N0510_R022_T34VCM_20240721T175435,S2B,2022-10-20T10:09:39Z,T34VCM,22,N0510,2024-07-21T17:54:35Z,1,S2B_MSIL1C_20221020T100939_N0510_R022_T34VCM_20240721T175435,
2022-10-23,2022,frozen_representative,True,S2B_MSIL2A_20221023T102029_N0510_R065_T34VCM_20240725T235429,S2B,2022-10-23T10:20:29Z,T34VCM,65,N0510,2024-07-25T23:54:29Z,exact_unique,S2B_MSIL1C_20221023T102029_N0510_R065_T34VCM_20240725T210836,S2B,2022-10-23T10:20:29Z,T34VCM,65,N0510,2024-07-25T21:08:36Z,1,S2B_MSIL1C_20221023T102029_N0510_R065_T34VCM_20240725T210836,
2022-10-25,2022,no_representative_frozen_scl_gate_failed,False,,,,,,,,no_l2a_representative_for_date,,,,,,,,0,,The frozen SCL observation mask selected no representative L2A product for this date.
2022-10-28,2022,no_representative_frozen_scl_gate_failed,False,,,,,,,,no_l2a_representative_for_date,,,,,,,,0,,The frozen SCL observation mask selected no representative L2A product for this date.
2022-10-30,2022,frozen_representative,True,S2B_MSIL2A_20221030T101039_N0510_R022_T34VCM_20240726T084236,S2B,2022-10-30T10:10:39Z,T34VCM,22,N0510,2024-07-26T08:42:36Z,exact_unique,S2B_MSIL1C_20221030T101039_N0510_R022_T34VCM_20240726T053613,S2B,2022-10-30T10:10:39Z,T34VCM,22,N0510,2024-07-26T05:36:13Z,1,S2B_MSIL1C_20221030T101039_N0510_R022_T34VCM_20240726T053613,
2022-11-02,2022,no_representative_frozen_scl_gate_failed,False,,,,,,,,no_l2a_representative_for_date,,,,,,,,0,,The frozen SCL observation mask selected no representative L2A product for this date.
2022-11-04,2022,no_representative_frozen_scl_gate_failed,False,,,,,,,,no_l2a_representative_for_date,,,,,,,,0,,The frozen SCL observation mask selected no representative L2A product for this date.
2022-11-09,2022,frozen_representative,True,S2B_MSIL2A_20221109T101139_N0510_R022_T34VCM_20240802T140016,S2B,2022-11-09T10:11:39Z,T34VCM,22,N0510,2024-08-02T14:00:16Z,exact_unique,S2B_MSIL1C_20221109T101139_N0510_R022_T34VCM_20240802T104646,S2B,2022-11-09T10:11:39Z,T34VCM,22,N0510,2024-08-02T10:46:46Z,1,S2B_MSIL1C_20221109T101139_N0510_R022_T34VCM_20240802T104646,
2022-11-12,2022,frozen_representative,True,S2B_MSIL2A_20221112T102159_N0510_R065_T34VCM_20240801T093911,S2B,2022-11-12T10:21:59Z,T34VCM,65,N0510,2024-08-01T09:39:11Z,exact_unique,S2B_MSIL1C_20221112T102159_N0510_R065_T34VCM_20240801T081713,S2B,2022-11-12T10:21:59Z,T34VCM,65,N0510,2024-08-01T08:17:13Z,1,S2B_MSIL1C_20221112T102159_N0510_R065_T34VCM_20240801T081713,
2022-11-14,2022,no_representative_frozen_scl_gate_failed,False,,,,,,,,no_l2a_representative_for_date,,,,,,,,0,,The frozen SCL observation mask selected no representative L2A product for this date.
2022-11-17,2022,frozen_representative,True,S2A_MSIL2A_20221117T102311_N0510_R065_T34VCM_20240803T060904,S2A,2022-11-17T10:23:11Z,T34VCM,65,N0510,2024-08-03T06:09:04Z,exact_unique,S2A_MSIL1C_20221117T102311_N0510_R065_T34VCM_20240802T235859,S2A,2022-11-17T10:23:11Z,T34VCM,65,N0510,2024-08-02T23:58:59Z,1,S2A_MSIL1C_20221117T102311_N0510_R065_T34VCM_20240802T235859,
2022-11-19,2022,no_representative_frozen_scl_gate_failed,False,,,,,,,,no_l2a_representative_for_date,,,,,,,,0,,The frozen SCL observation mask selected no representative L2A product for this date.
2022-11-22,2022,frozen_representative,True,S2B_MSIL2A_20221122T102239_N0510_R065_T34VCM_20240802T005949,S2B,2022-11-22T10:22:39Z,T34VCM,65,N0510,2024-08-02T00:59:49Z,exact_unique,S2B_MSIL1C_20221122T102239_N0510_R065_T34VCM_20240801T212349,S2B,2022-11-22T10:22:39Z,T34VCM,65,N0510,2024-08-01T21:23:49Z,1,S2B_MSIL1C_20221122T102239_N0510_R065_T34VCM_20240801T212349,
2022-11-24,2022,no_representative_frozen_scl_gate_failed,False,,,,,,,,no_l2a_representative_for_date,,,,,,,,0,,The frozen SCL observation mask selected no representative L2A product for this date.
2022-11-27,2022,no_representative_frozen_scl_gate_failed,False,,,,,,,,no_l2a_representative_for_date,,,,,,,,0,,The frozen SCL observation mask selected no representative L2A product for this date.
2022-11-29,2022,no_representative_frozen_scl_gate_failed,False,,,,,,,,no_l2a_representative_for_date,,,,,,,,0,,The frozen SCL observation mask selected no representative L2A product for this date.
2022-12-02,2022,no_representative_frozen_scl_gate_failed,False,,,,,,,,no_l2a_representative_for_date,,,,,,,,0,,The frozen SCL observation mask selected no representative L2A product for this date.
2022-12-09,2022,frozen_representative,True,S2B_MSIL2A_20221209T101319_N0510_R022_T34VCM_20240804T173308,S2B,2022-12-09T10:13:19Z,T34VCM,22,N0510,2024-08-04T17:33:08Z,exact_unique,S2B_MSIL1C_20221209T101319_N0510_R022_T34VCM_20240804T135647,S2B,2022-12-09T10:13:19Z,T34VCM,22,N0510,2024-08-04T13:56:47Z,1,S2B_MSIL1C_20221209T101319_N0510_R022_T34VCM_20240804T135647,
2022-12-19,2022,no_representative_frozen_scl_gate_failed,False,,,,,,,,no_l2a_representative_for_date,,,,,,,,0,,The frozen SCL observation mask selected no representative L2A product for this date.
2022-12-22,2022,no_representative_frozen_scl_gate_failed,False,,,,,,,,no_l2a_representative_for_date,,,,,,,,0,,The frozen SCL observation mask selected no representative L2A product for this date.
2022-12-29,2022,no_representative_frozen_scl_gate_failed,False,,,,,,,,no_l2a_representative_for_date,,,,,,,,0,,The frozen SCL observation mask selected no representative L2A product for this date.
2023-01-01,2023,frozen_representative,True,S2B_MSIL2A_20230101T102339_N0510_R065_T34VCM_20240806T223544,S2B,2023-01-01T10:23:39Z,T34VCM,65,N0510,2024-08-06T22:35:44Z,exact_unique,S2B_MSIL1C_20230101T102339_N0510_R065_T34VCM_20240806T191302,S2B,2023-01-01T10:23:39Z,T34VCM,65,N0510,2024-08-06T19:13:02Z,1,S2B_MSIL1C_20230101T102339_N0510_R065_T34VCM_20240806T191302,
2023-01-08,2023,no_representative_frozen_scl_gate_failed,False,,,,,,,,no_l2a_representative_for_date,,,,,,,,0,,The frozen SCL observation mask selected no representative L2A product for this date.
2023-01-11,2023,no_representative_frozen_scl_gate_failed,False,,,,,,,,no_l2a_representative_for_date,,,,,,,,0,,The frozen SCL observation mask selected no representative L2A product for this date.
2023-01-13,2023,no_representative_frozen_scl_gate_failed,False,,,,,,,,no_l2a_representative_for_date,,,,,,,,0,,The frozen SCL observation mask selected no representative L2A product for this date.
2023-01-16,2023,frozen_representative,True,S2A_MSIL2A_20230116T102351_N0510_R065_T34VCM_20240811T041047,S2A,2023-01-16T10:23:51Z,T34VCM,65,N0510,2024-08-11T04:10:47Z,exact_unique,S2A_MSIL1C_20230116T102351_N0510_R065_T34VCM_20240811T010933,S2A,2023-01-16T10:23:51Z,T34VCM,65,N0510,2024-08-11T01:09:33Z,1,S2A_MSIL1C_20230116T102351_N0510_R065_T34VCM_20240811T010933,
2023-01-18,2023,frozen_representative,True,S2B_MSIL2A_20230118T101239_N0510_R022_T34VCM_20240809T052213,S2B,2023-01-18T10:12:39Z,T34VCM,22,N0510,2024-08-09T05:22:13Z,exact_unique,S2B_MSIL1C_20230118T101239_N0510_R022_T34VCM_20240809T014406,S2B,2023-01-18T10:12:39Z,T34VCM,22,N0510,2024-08-09T01:44:06Z,1,S2B_MSIL1C_20230118T101239_N0510_R022_T34VCM_20240809T014406,
2023-01-21,2023,no_representative_frozen_scl_gate_failed,False,,,,,,,,no_l2a_representative_for_date,,,,,,,,0,,The frozen SCL observation mask selected no representative L2A product for this date.
2023-01-23,2023,no_representative_frozen_scl_gate_failed,False,,,,,,,,no_l2a_representative_for_date,,,,,,,,0,,The frozen SCL observation mask selected no representative L2A product for this date.
2023-01-26,2023,frozen_representative,True,S2A_MSIL2A_20230126T102311_N0510_R065_T34VCM_20240810T093409,S2A,2023-01-26T10:23:11Z,T34VCM,65,N0510,2024-08-10T09:34:09Z,exact_unique,S2A_MSIL1C_20230126T102311_N0510_R065_T34VCM_20240810T061841,S2A,2023-01-26T10:23:11Z,T34VCM,65,N0510,2024-08-10T06:18:41Z,1,S2A_MSIL1C_20230126T102311_N0510_R065_T34VCM_20240810T061841,
2023-01-28,2023,no_representative_frozen_scl_gate_failed,False,,,,,,,,no_l2a_representative_for_date,,,,,,,,0,,The frozen SCL observation mask selected no representative L2A product for this date.
2023-01-31,2023,frozen_representative,True,S2B_MSIL2A_20230131T102149_N0510_R065_T34VCM_20240807T024425,S2B,2023-01-31T10:21:49Z,T34VCM,65,N0510,2024-08-07T02:44:25Z,exact_unique,S2B_MSIL1C_20230131T102149_N0510_R065_T34VCM_20240807T012631,S2B,2023-01-31T10:21:49Z,T34VCM,65,N0510,2024-08-07T01:26:31Z,1,S2B_MSIL1C_20230131T102149_N0510_R065_T34VCM_20240807T012631,
2023-02-02,2023,no_representative_frozen_scl_gate_failed,False,,,,,,,,no_l2a_representative_for_date,,,,,,,,0,,The frozen SCL observation mask selected no representative L2A product for this date.
2023-02-05,2023,no_representative_frozen_scl_gate_failed,False,,,,,,,,no_l2a_representative_for_date,,,,,,,,0,,The frozen SCL observation mask selected no representative L2A product for this date.
2023-02-07,2023,no_representative_frozen_scl_gate_failed,False,,,,,,,,no_l2a_representative_for_date,,,,,,,,0,,The frozen SCL observation mask selected no representative L2A product for this date.
2023-02-10,2023,frozen_representative,True,S2B_MSIL2A_20230210T102049_N0510_R065_T34VCM_20240813T082206,S2B,2023-02-10T10:20:49Z,T34VCM,65,N0510,2024-08-13T08:22:06Z,exact_unique,S2B_MSIL1C_20230210T102049_N0510_R065_T34VCM_20240813T055248,S2B,2023-02-10T10:20:49Z,T34VCM,65,N0510,2024-08-13T05:52:48Z,1,S2B_MSIL1C_20230210T102049_N0510_R065_T34VCM_20240813T055248,
2023-02-12,2023,no_representative_frozen_scl_gate_failed,False,,,,,,,,no_l2a_representative_for_date,,,,,,,,0,,The frozen SCL observation mask selected no representative L2A product for this date.
2023-02-15,2023,no_representative_frozen_scl_gate_failed,False,,,,,,,,no_l2a_representative_for_date,,,,,,,,0,,The frozen SCL observation mask selected no representative L2A product for this date.
2023-02-17,2023,no_representative_frozen_scl_gate_failed,False,,,,,,,,no_l2a_representative_for_date,,,,,,,,0,,The frozen SCL observation mask selected no representative L2A product for this date.
2023-02-20,2023,no_representative_frozen_scl_gate_failed,False,,,,,,,,no_l2a_representative_for_date,,,,,,,,0,,The frozen SCL observation mask selected no representative L2A product for this date.
2023-02-22,2023,no_representative_frozen_scl_gate_failed,False,,,,,,,,no_l2a_representative_for_date,,,,,,,,0,,The frozen SCL observation mask selected no representative L2A product for this date.
2023-02-25,2023,no_representative_frozen_scl_gate_failed,False,,,,,,,,no_l2a_representative_for_date,,,,,,,,0,,The frozen SCL observation mask selected no representative L2A product for this date.
2023-02-27,2023,no_representative_frozen_scl_gate_failed,False,,,,,,,,no_l2a_representative_for_date,,,,,,,,0,,The frozen SCL observation mask selected no representative L2A product for this date.
2023-03-02,2023,no_representative_frozen_scl_gate_failed,False,,,,,,,,no_l2a_representative_for_date,,,,,,,,0,,The frozen SCL observation mask selected no representative L2A product for this date.
2023-03-07,2023,no_representative_frozen_scl_gate_failed,False,,,,,,,,no_l2a_representative_for_date,,,,,,,,0,,The frozen SCL observation mask selected no representative L2A product for this date.
2023-03-09,2023,no_representative_frozen_scl_gate_failed,False,,,,,,,,no_l2a_representative_for_date,,,,,,,,0,,The frozen SCL observation mask selected no representative L2A product for this date.
2023-03-12,2023,no_representative_frozen_scl_gate_failed,False,,,,,,,,no_l2a_representative_for_date,,,,,,,,0,,The frozen SCL observation mask selected no representative L2A product for this date.
2023-03-14,2023,no_representative_frozen_scl_gate_failed,False,,,,,,,,no_l2a_representative_for_date,,,,,,,,0,,The frozen SCL observation mask selected no representative L2A product for this date.
2023-03-17,2023,no_representative_frozen_scl_gate_failed,False,,,,,,,,no_l2a_representative_for_date,,,,,,,,0,,The frozen SCL observation mask selected no representative L2A product for this date.
2023-03-19,2023,frozen_representative,True,S2B_MSIL2A_20230319T100649_N0510_R022_T34VCM_20240825T042343,S2B,2023-03-19T10:06:49Z,T34VCM,22,N0510,2024-08-25T04:23:43Z,exact_unique,S2B_MSIL1C_20230319T100649_N0510_R022_T34VCM_20240824T223547,S2B,2023-03-19T10:06:49Z,T34VCM,22,N0510,2024-08-24T22:35:47Z,1,S2B_MSIL1C_20230319T100649_N0510_R022_T34VCM_20240824T223547,
2023-03-22,2023,no_representative_frozen_scl_gate_failed,False,,,,,,,,no_l2a_representative_for_date,,,,,,,,0,,The frozen SCL observation mask selected no representative L2A product for this date.
2023-03-24,2023,no_representative_frozen_scl_gate_failed,False,,,,,,,,no_l2a_representative_for_date,,,,,,,,0,,The frozen SCL observation mask selected no representative L2A product for this date.
2023-03-27,2023,no_representative_frozen_scl_gate_failed,False,,,,,,,,no_l2a_representative_for_date,,,,,,,,0,,The frozen SCL observation mask selected no representative L2A product for this date.
2023-03-29,2023,no_representative_frozen_scl_gate_failed,False,,,,,,,,no_l2a_representative_for_date,,,,,,,,0,,The frozen SCL observation mask selected no representative L2A product for this date.
2023-04-01,2023,no_representative_frozen_scl_gate_failed,False,,,,,,,,no_l2a_representative_for_date,,,,,,,,0,,The frozen SCL observation mask selected no representative L2A product for this date.
2023-04-03,2023,no_representative_frozen_scl_gate_failed,False,,,,,,,,no_l2a_representative_for_date,,,,,,,,0,,The frozen SCL observation mask selected no representative L2A product for this date.
2023-04-06,2023,no_representative_frozen_scl_gate_failed,False,,,,,,,,no_l2a_representative_for_date,,,,,,,,0,,The frozen SCL observation mask selected no representative L2A product for this date.
2023-04-08,2023,no_representative_frozen_scl_gate_failed,False,,,,,,,,no_l2a_representative_for_date,,,,,,,,0,,The frozen SCL observation mask selected no representative L2A product for this date.
2023-04-11,2023,no_representative_frozen_scl_gate_failed,False,,,,,,,,no_l2a_representative_for_date,,,,,,,,0,,The frozen SCL observation mask selected no representative L2A product for this date.
2023-04-13,2023,no_representative_frozen_scl_gate_failed,False,,,,,,,,no_l2a_representative_for_date,,,,,,,,0,,The frozen SCL observation mask selected no representative L2A product for this date.
2023-04-16,2023,frozen_representative,True,S2A_MSIL2A_20230416T101601_N0510_R065_T34VCM_20240904T172156,S2A,2023-04-16T10:16:01Z,T34VCM,65,N0510,2024-09-04T17:21:56Z,exact_unique,S2A_MSIL1C_20230416T101601_N0510_R065_T34VCM_20240904T121040,S2A,2023-04-16T10:16:01Z,T34VCM,65,N0510,2024-09-04T12:10:40Z,1,S2A_MSIL1C_20230416T101601_N0510_R065_T34VCM_20240904T121040,
2023-04-18,2023,frozen_representative,True,S2B_MSIL2A_20230418T100559_N0510_R022_T34VCM_20240905T154426,S2B,2023-04-18T10:05:59Z,T34VCM,22,N0510,2024-09-05T15:44:26Z,exact_unique,S2B_MSIL1C_20230418T100559_N0510_R022_T34VCM_20240905T125629,S2B,2023-04-18T10:05:59Z,T34VCM,22,N0510,2024-09-05T12:56:29Z,1,S2B_MSIL1C_20230418T100559_N0510_R022_T34VCM_20240905T125629,
2023-04-21,2023,frozen_representative,True,S2B_MSIL2A_20230421T101559_N0510_R065_T34VCM_20240904T044255,S2B,2023-04-21T10:15:59Z,T34VCM,65,N0510,2024-09-04T04:42:55Z,exact_unique,S2B_MSIL1C_20230421T101559_N0510_R065_T34VCM_20240903T230709,S2B,2023-04-21T10:15:59Z,T34VCM,65,N0510,2024-09-03T23:07:09Z,1,S2B_MSIL1C_20230421T101559_N0510_R065_T34VCM_20240903T230709,
2023-04-23,2023,frozen_representative,True,S2A_MSIL2A_20230423T100551_N0510_R022_T34VCM_20240830T184906,S2A,2023-04-23T10:05:51Z,T34VCM,22,N0510,2024-08-30T18:49:06Z,exact_unique,S2A_MSIL1C_20230423T100551_N0510_R022_T34VCM_20240830T153717,S2A,2023-04-23T10:05:51Z,T34VCM,22,N0510,2024-08-30T15:37:17Z,1,S2A_MSIL1C_20230423T100551_N0510_R022_T34VCM_20240830T153717,
2023-04-26,2023,no_representative_frozen_scl_gate_failed,False,,,,,,,,no_l2a_representative_for_date,,,,,,,,0,,The frozen SCL observation mask selected no representative L2A product for this date.
2023-04-28,2023,frozen_representative,True,S2B_MSIL2A_20230428T100559_N0510_R022_T34VCM_20240831T160126,S2B,2023-04-28T10:05:59Z,T34VCM,22,N0510,2024-08-31T16:01:26Z,exact_unique,S2B_MSIL1C_20230428T100559_N0510_R022_T34VCM_20240831T124210,S2B,2023-04-28T10:05:59Z,T34VCM,22,N0510,2024-08-31T12:42:10Z,1,S2B_MSIL1C_20230428T100559_N0510_R022_T34VCM_20240831T124210,
2023-05-01,2023,no_representative_frozen_scl_gate_failed,False,,,,,,,,no_l2a_representative_for_date,,,,,,,,0,,The frozen SCL observation mask selected no representative L2A product for this date.
2023-05-03,2023,frozen_representative,True,S2A_MSIL2A_20230503T101021_N0510_R022_T34VCM_20240905T074321,S2A,2023-05-03T10:10:21Z,T34VCM,22,N0510,2024-09-05T07:43:21Z,exact_unique,S2A_MSIL1C_20230503T101021_N0510_R022_T34VCM_20240905T061433,S2A,2023-05-03T10:10:21Z,T34VCM,22,N0510,2024-09-05T06:14:33Z,1,S2A_MSIL1C_20230503T101021_N0510_R022_T34VCM_20240905T061433,
2023-05-06,2023,frozen_representative,True,S2A_MSIL2A_20230506T101601_N0510_R065_T34VCM_20240902T035258,S2A,2023-05-06T10:16:01Z,T34VCM,65,N0510,2024-09-02T03:52:58Z,exact_unique,S2A_MSIL1C_20230506T101601_N0510_R065_T34VCM_20240901T220541,S2A,2023-05-06T10:16:01Z,T34VCM,65,N0510,2024-09-01T22:05:41Z,1,S2A_MSIL1C_20230506T101601_N0510_R065_T34VCM_20240901T220541,
2023-05-08,2023,frozen_representative,True,S2B_MSIL2A_20230508T100559_N0510_R022_T34VCM_20240908T113907,S2B,2023-05-08T10:05:59Z,T34VCM,22,N0510,2024-09-08T11:39:07Z,exact_unique,S2B_MSIL1C_20230508T100559_N0510_R022_T34VCM_20240908T064907,S2B,2023-05-08T10:05:59Z,T34VCM,22,N0510,2024-09-08T06:49:07Z,1,S2B_MSIL1C_20230508T100559_N0510_R022_T34VCM_20240908T064907,
2023-05-11,2023,frozen_representative,True,S2B_MSIL2A_20230511T101559_N0510_R065_T34VCM_20240906T070917,S2B,2023-05-11T10:15:59Z,T34VCM,65,N0510,2024-09-06T07:09:17Z,exact_unique,S2B_MSIL1C_20230511T101559_N0510_R065_T34VCM_20240906T011141,S2B,2023-05-11T10:15:59Z,T34VCM,65,N0510,2024-09-06T01:11:41Z,1,S2B_MSIL1C_20230511T101559_N0510_R065_T34VCM_20240906T011141,
2023-05-13,2023,frozen_representative,True,S2A_MSIL2A_20230513T100551_N0510_R022_T34VCM_20240901T042132,S2A,2023-05-13T10:05:51Z,T34VCM,22,N0510,2024-09-01T04:21:32Z,exact_unique,S2A_MSIL1C_20230513T100551_N0510_R022_T34VCM_20240831T233721,S2A,2023-05-13T10:05:51Z,T34VCM,22,N0510,2024-08-31T23:37:21Z,1,S2A_MSIL1C_20230513T100551_N0510_R022_T34VCM_20240831T233721,
2023-05-16,2023,no_representative_frozen_scl_gate_failed,False,,,,,,,,no_l2a_representative_for_date,,,,,,,,0,,The frozen SCL observation mask selected no representative L2A product for this date.
2023-05-18,2023,frozen_representative,True,S2B_MSIL2A_20230518T100559_N0510_R022_T34VCM_20240905T193942,S2B,2023-05-18T10:05:59Z,T34VCM,22,N0510,2024-09-05T19:39:42Z,exact_unique,S2B_MSIL1C_20230518T100559_N0510_R022_T34VCM_20240905T152733,S2B,2023-05-18T10:05:59Z,T34VCM,22,N0510,2024-09-05T15:27:33Z,1,S2B_MSIL1C_20230518T100559_N0510_R022_T34VCM_20240905T152733,
2023-05-21,2023,frozen_representative,True,S2B_MSIL2A_20230521T101609_N0510_R065_T34VCM_20240904T180729,S2B,2023-05-21T10:16:09Z,T34VCM,65,N0510,2024-09-04T18:07:29Z,exact_unique,S2B_MSIL1C_20230521T101609_N0510_R065_T34VCM_20240904T120907,S2B,2023-05-21T10:16:09Z,T34VCM,65,N0510,2024-09-04T12:09:07Z,1,S2B_MSIL1C_20230521T101609_N0510_R065_T34VCM_20240904T120907,
2023-05-23,2023,frozen_representative,True,S2A_MSIL2A_20230523T100601_N0510_R022_T34VCM_20240903T225103,S2A,2023-05-23T10:06:01Z,T34VCM,22,N0510,2024-09-03T22:51:03Z,exact_unique,S2A_MSIL1C_20230523T100601_N0510_R022_T34VCM_20240903T172605,S2A,2023-05-23T10:06:01Z,T34VCM,22,N0510,2024-09-03T17:26:05Z,1,S2A_MSIL1C_20230523T100601_N0510_R022_T34VCM_20240903T172605,
2023-05-26,2023,frozen_representative,True,S2A_MSIL2A_20230526T101601_N0510_R065_T34VCM_20240907T023333,S2A,2023-05-26T10:16:01Z,T34VCM,65,N0510,2024-09-07T02:33:33Z,exact_unique,S2A_MSIL1C_20230526T101601_N0510_R065_T34VCM_20240906T205837,S2A,2023-05-26T10:16:01Z,T34VCM,65,N0510,2024-09-06T20:58:37Z,1,S2A_MSIL1C_20230526T101601_N0510_R065_T34VCM_20240906T205837,
2023-05-28,2023,no_representative_frozen_scl_gate_failed,False,,,,,,,,no_l2a_representative_for_date,,,,,,,,0,,The frozen SCL observation mask selected no representative L2A product for this date.
2023-05-31,2023,no_representative_frozen_scl_gate_failed,False,,,,,,,,no_l2a_representative_for_date,,,,,,,,0,,The frozen SCL observation mask selected no representative L2A product for this date.
2023-06-02,2023,frozen_representative,True,S2A_MSIL2A_20230602T100601_N0510_R022_T34VCM_20240926T092342,S2A,2023-06-02T10:06:01Z,T34VCM,22,N0510,2024-09-26T09:23:42Z,exact_unique,S2A_MSIL1C_20230602T100601_N0510_R022_T34VCM_20240926T040315,S2A,2023-06-02T10:06:01Z,T34VCM,22,N0510,2024-09-26T04:03:15Z,1,S2A_MSIL1C_20230602T100601_N0510_R022_T34VCM_20240926T040315,
2023-06-05,2023,frozen_representative,True,S2A_MSIL2A_20230605T101601_N0510_R065_T34VCM_20240926T220931,S2A,2023-06-05T10:16:01Z,T34VCM,65,N0510,2024-09-26T22:09:31Z,exact_unique,S2A_MSIL1C_20230605T101601_N0510_R065_T34VCM_20240926T163924,S2A,2023-06-05T10:16:01Z,T34VCM,65,N0510,2024-09-26T16:39:24Z,1,S2A_MSIL1C_20230605T101601_N0510_R065_T34VCM_20240926T163924,
2023-06-07,2023,frozen_representative,True,S2B_MSIL2A_20230607T100559_N0510_R022_T34VCM_20240927T025730,S2B,2023-06-07T10:05:59Z,T34VCM,22,N0510,2024-09-27T02:57:30Z,exact_unique,S2B_MSIL1C_20230607T100559_N0510_R022_T34VCM_20240927T001840,S2B,2023-06-07T10:05:59Z,T34VCM,22,N0510,2024-09-27T00:18:40Z,1,S2B_MSIL1C_20230607T100559_N0510_R022_T34VCM_20240927T001840,
2023-06-10,2023,frozen_representative,True,S2B_MSIL2A_20230610T101609_N0510_R065_T34VCM_20240909T065358,S2B,2023-06-10T10:16:09Z,T34VCM,65,N0510,2024-09-09T06:53:58Z,exact_unique,S2B_MSIL1C_20230610T101609_N0510_R065_T34VCM_20240909T001808,S2B,2023-06-10T10:16:09Z,T34VCM,65,N0510,2024-09-09T00:18:08Z,1,S2B_MSIL1C_20230610T101609_N0510_R065_T34VCM_20240909T001808,
2023-06-12,2023,frozen_representative,True,S2A_MSIL2A_20230612T100601_N0510_R022_T34VCM_20240911T004021,S2A,2023-06-12T10:06:01Z,T34VCM,22,N0510,2024-09-11T00:40:21Z,exact_unique,S2A_MSIL1C_20230612T100601_N0510_R022_T34VCM_20240910T190002,S2A,2023-06-12T10:06:01Z,T34VCM,22,N0510,2024-09-10T19:00:02Z,1,S2A_MSIL1C_20230612T100601_N0510_R022_T34VCM_20240910T190002,
2023-06-15,2023,no_representative_frozen_scl_gate_failed,False,,,,,,,,no_l2a_representative_for_date,,,,,,,,0,,The frozen SCL observation mask selected no representative L2A product for this date.
2023-06-17,2023,no_representative_frozen_scl_gate_failed,False,,,,,,,,no_l2a_representative_for_date,,,,,,,,0,,The frozen SCL observation mask selected no representative L2A product for this date.
2023-06-20,2023,no_representative_frozen_scl_gate_failed,False,,,,,,,,no_l2a_representative_for_date,,,,,,,,0,,The frozen SCL observation mask selected no representative L2A product for this date.
2023-06-22,2023,no_representative_frozen_scl_gate_failed,False,,,,,,,,no_l2a_representative_for_date,,,,,,,,0,,The frozen SCL observation mask selected no representative L2A product for this date.
2023-06-25,2023,frozen_representative,True,S2A_MSIL2A_20230625T101601_N0510_R065_T34VCM_20240910T111718,S2A,2023-06-25T10:16:01Z,T34VCM,65,N0510,2024-09-10T11:17:18Z,exact_unique,S2A_MSIL1C_20230625T101601_N0510_R065_T34VCM_20240910T071009,S2A,2023-06-25T10:16:01Z,T34VCM,65,N0510,2024-09-10T07:10:09Z,1,S2A_MSIL1C_20230625T101601_N0510_R065_T34VCM_20240910T071009,
2023-06-27,2023,frozen_representative,True,S2B_MSIL2A_20230627T100559_N0510_R022_T34VCM_20240916T115432,S2B,2023-06-27T10:05:59Z,T34VCM,22,N0510,2024-09-16T11:54:32Z,exact_unique,S2B_MSIL1C_20230627T100559_N0510_R022_T34VCM_20240916T091758,S2B,2023-06-27T10:05:59Z,T34VCM,22,N0510,2024-09-16T09:17:58Z,1,S2B_MSIL1C_20230627T100559_N0510_R022_T34VCM_20240916T091758,
2023-06-30,2023,no_representative_frozen_scl_gate_failed,False,,,,,,,,no_l2a_representative_for_date,,,,,,,,0,,The frozen SCL observation mask selected no representative L2A product for this date.
2023-07-02,2023,no_representative_frozen_scl_gate_failed,False,,,,,,,,no_l2a_representative_for_date,,,,,,,,0,,The frozen SCL observation mask selected no representative L2A product for this date.
2023-07-05,2023,no_representative_frozen_scl_gate_failed,False,,,,,,,,no_l2a_representative_for_date,,,,,,,,0,,The frozen SCL observation mask selected no representative L2A product for this date.
2023-07-07,2023,no_representative_frozen_scl_gate_failed,False,,,,,,,,no_l2a_representative_for_date,,,,,,,,0,,The frozen SCL observation mask selected no representative L2A product for this date.
2023-07-10,2023,no_representative_frozen_scl_gate_failed,False,,,,,,,,no_l2a_representative_for_date,,,,,,,,0,,The frozen SCL observation mask selected no representative L2A product for this date.
2023-07-12,2023,no_representative_frozen_scl_gate_failed,False,,,,,,,,no_l2a_representative_for_date,,,,,,,,0,,The frozen SCL observation mask selected no representative L2A product for this date.
2023-07-15,2023,no_representative_frozen_scl_gate_failed,False,,,,,,,,no_l2a_representative_for_date,,,,,,,,0,,The frozen SCL observation mask selected no representative L2A product for this date.
2023-07-17,2023,no_representative_frozen_scl_gate_failed,False,,,,,,,,no_l2a_representative_for_date,,,,,,,,0,,The frozen SCL observation mask selected no representative L2A product for this date.
2023-07-20,2023,frozen_representative,True,S2B_MSIL2A_20230720T101609_N0510_R065_T34VCM_20240913T185526,S2B,2023-07-20T10:16:09Z,T34VCM,65,N0510,2024-09-13T18:55:26Z,exact_unique,S2B_MSIL1C_20230720T101609_N0510_R065_T34VCM_20240913T121651,S2B,2023-07-20T10:16:09Z,T34VCM,65,N0510,2024-09-13T12:16:51Z,1,S2B_MSIL1C_20230720T101609_N0510_R065_T34VCM_20240913T121651,
2023-07-22,2023,no_representative_frozen_scl_gate_failed,False,,,,,,,,no_l2a_representative_for_date,,,,,,,,0,,The frozen SCL observation mask selected no representative L2A product for this date.
2023-07-25,2023,no_representative_frozen_scl_gate_failed,False,,,,,,,,no_l2a_representative_for_date,,,,,,,,0,,The frozen SCL observation mask selected no representative L2A product for this date.
2023-07-27,2023,no_representative_frozen_scl_gate_failed,False,,,,,,,,no_l2a_representative_for_date,,,,,,,,0,,The frozen SCL observation mask selected no representative L2A product for this date.
2023-07-30,2023,no_representative_frozen_scl_gate_failed,False,,,,,,,,no_l2a_representative_for_date,,,,,,,,0,,The frozen SCL observation mask selected no representative L2A product for this date.
2023-08-01,2023,no_representative_frozen_scl_gate_failed,False,,,,,,,,no_l2a_representative_for_date,,,,,,,,0,,The frozen SCL observation mask selected no representative L2A product for this date.
2023-08-04,2023,frozen_representative,True,S2A_MSIL2A_20230804T101601_N0510_R065_T34VCM_20241026T195423,S2A,2023-08-04T10:16:01Z,T34VCM,65,N0510,2024-10-26T19:54:23Z,exact_unique,S2A_MSIL1C_20230804T101601_N0510_R065_T34VCM_20241026T163427,S2A,2023-08-04T10:16:01Z,T34VCM,65,N0510,2024-10-26T16:34:27Z,1,S2A_MSIL1C_20230804T101601_N0510_R065_T34VCM_20241026T163427,
2023-08-06,2023,no_representative_frozen_scl_gate_failed,False,,,,,,,,no_l2a_representative_for_date,,,,,,,,0,,The frozen SCL observation mask selected no representative L2A product for this date.
2023-08-09,2023,no_representative_frozen_scl_gate_failed,False,,,,,,,,no_l2a_representative_for_date,,,,,,,,0,,The frozen SCL observation mask selected no representative L2A product for this date.
2023-08-11,2023,no_representative_frozen_scl_gate_failed,False,,,,,,,,no_l2a_representative_for_date,,,,,,,,0,,The frozen SCL observation mask selected no representative L2A product for this date.
2023-08-14,2023,no_representative_frozen_scl_gate_failed,False,,,,,,,,no_l2a_representative_for_date,,,,,,,,0,,The frozen SCL observation mask selected no representative L2A product for this date.
2023-08-16,2023,no_representative_frozen_scl_gate_failed,False,,,,,,,,no_l2a_representative_for_date,,,,,,,,0,,The frozen SCL observation mask selected no representative L2A product for this date.
2023-08-19,2023,no_representative_frozen_scl_gate_failed,False,,,,,,,,no_l2a_representative_for_date,,,,,,,,0,,The frozen SCL observation mask selected no representative L2A product for this date.
2023-08-21,2023,no_representative_frozen_scl_gate_failed,False,,,,,,,,no_l2a_representative_for_date,,,,,,,,0,,The frozen SCL observation mask selected no representative L2A product for this date.
2023-08-24,2023,no_representative_frozen_scl_gate_failed,False,,,,,,,,no_l2a_representative_for_date,,,,,,,,0,,The frozen SCL observation mask selected no representative L2A product for this date.
2023-08-26,2023,no_representative_frozen_scl_gate_failed,False,,,,,,,,no_l2a_representative_for_date,,,,,,,,0,,The frozen SCL observation mask selected no representative L2A product for this date.
2023-08-29,2023,frozen_representative,True,S2B_MSIL2A_20230829T101609_N0510_R065_T34VCM_20241018T022739,S2B,2023-08-29T10:16:09Z,T34VCM,65,N0510,2024-10-18T02:27:39Z,exact_unique,S2B_MSIL1C_20230829T101609_N0510_R065_T34VCM_20241017T204632,S2B,2023-08-29T10:16:09Z,T34VCM,65,N0510,2024-10-17T20:46:32Z,1,S2B_MSIL1C_20230829T101609_N0510_R065_T34VCM_20241017T204632,
2023-08-31,2023,no_representative_frozen_scl_gate_failed,False,,,,,,,,no_l2a_representative_for_date,,,,,,,,0,,The frozen SCL observation mask selected no representative L2A product for this date.
2023-09-03,2023,no_representative_frozen_scl_gate_failed,False,,,,,,,,no_l2a_representative_for_date,,,,,,,,0,,The frozen SCL observation mask selected no representative L2A product for this date.
2023-09-05,2023,frozen_representative,True,S2B_MSIL2A_20230905T100559_N0510_R022_T34VCM_20241102T142635,S2B,2023-09-05T10:05:59Z,T34VCM,22,N0510,2024-11-02T14:26:35Z,exact_unique,S2B_MSIL1C_20230905T100559_N0510_R022_T34VCM_20241102T083926,S2B,2023-09-05T10:05:59Z,T34VCM,22,N0510,2024-11-02T08:39:26Z,1,S2B_MSIL1C_20230905T100559_N0510_R022_T34VCM_20241102T083926,
2023-09-08,2023,no_representative_frozen_scl_gate_failed,False,,,,,,,,no_l2a_representative_for_date,,,,,,,,0,,The frozen SCL observation mask selected no representative L2A product for this date.
2023-09-10,2023,no_representative_frozen_scl_gate_failed,False,,,,,,,,no_l2a_representative_for_date,,,,,,,,0,,The frozen SCL observation mask selected no representative L2A product for this date.
2023-09-13,2023,no_representative_frozen_scl_gate_failed,False,,,,,,,,no_l2a_representative_for_date,,,,,,,,0,,The frozen SCL observation mask selected no representative L2A product for this date.
2023-09-15,2023,no_representative_frozen_scl_gate_failed,False,,,,,,,,no_l2a_representative_for_date,,,,,,,,0,,The frozen SCL observation mask selected no representative L2A product for this date.
2023-09-18,2023,no_representative_frozen_scl_gate_failed,False,,,,,,,,no_l2a_representative_for_date,,,,,,,,0,,The frozen SCL observation mask selected no representative L2A product for this date.
2023-09-20,2023,no_representative_frozen_scl_gate_failed,False,,,,,,,,no_l2a_representative_for_date,,,,,,,,0,,The frozen SCL observation mask selected no representative L2A product for this date.
2023-09-23,2023,no_representative_frozen_scl_gate_failed,False,,,,,,,,no_l2a_representative_for_date,,,,,,,,0,,The frozen SCL observation mask selected no representative L2A product for this date.
2023-09-25,2023,no_representative_frozen_scl_gate_failed,False,,,,,,,,no_l2a_representative_for_date,,,,,,,,0,,The frozen SCL observation mask selected no representative L2A product for this date.
2023-09-28,2023,no_representative_frozen_scl_gate_failed,False,,,,,,,,no_l2a_representative_for_date,,,,,,,,0,,The frozen SCL observation mask selected no representative L2A product for this date.
2023-09-30,2023,frozen_representative,True,S2A_MSIL2A_20230930T100811_N0510_R022_T34VCM_20241106T092217,S2A,2023-09-30T10:08:11Z,T34VCM,22,N0510,2024-11-06T09:22:17Z,exact_unique,S2A_MSIL1C_20230930T100811_N0510_R022_T34VCM_20241106T053902,S2A,2023-09-30T10:08:11Z,T34VCM,22,N0510,2024-11-06T05:39:02Z,1,S2A_MSIL1C_20230930T100811_N0510_R022_T34VCM_20241106T053902,
2023-10-03,2023,no_representative_frozen_scl_gate_failed,False,,,,,,,,no_l2a_representative_for_date,,,,,,,,0,,The frozen SCL observation mask selected no representative L2A product for this date.
2023-10-05,2023,no_representative_frozen_scl_gate_failed,False,,,,,,,,no_l2a_representative_for_date,,,,,,,,0,,The frozen SCL observation mask selected no representative L2A product for this date.
2023-10-08,2023,frozen_representative,True,S2B_MSIL2A_20231008T101829_N0510_R065_T34VCM_20241103T082727,S2B,2023-10-08T10:18:29Z,T34VCM,65,N0510,2024-11-03T08:27:27Z,exact_unique,S2B_MSIL1C_20231008T101829_N0510_R065_T34VCM_20241103T024817,S2B,2023-10-08T10:18:29Z,T34VCM,65,N0510,2024-11-03T02:48:17Z,1,S2B_MSIL1C_20231008T101829_N0510_R065_T34VCM_20241103T024817,
2023-10-10,2023,no_representative_frozen_scl_gate_failed,False,,,,,,,,no_l2a_representative_for_date,,,,,,,,0,,The frozen SCL observation mask selected no representative L2A product for this date.
2023-10-13,2023,no_representative_frozen_scl_gate_failed,False,,,,,,,,no_l2a_representative_for_date,,,,,,,,0,,The frozen SCL observation mask selected no representative L2A product for this date.
2023-10-15,2023,no_representative_frozen_scl_gate_failed,False,,,,,,,,no_l2a_representative_for_date,,,,,,,,0,,The frozen SCL observation mask selected no representative L2A product for this date.
2023-10-18,2023,frozen_representative,True,S2B_MSIL2A_20231018T101939_N0509_R065_T34VCM_20231018T130027,S2B,2023-10-18T10:19:39Z,T34VCM,65,N0509,2023-10-18T13:00:27Z,exact_unique,S2B_MSIL1C_20231018T101939_N0509_R065_T34VCM_20231018T122519,S2B,2023-10-18T10:19:39Z,T34VCM,65,N0509,2023-10-18T12:25:19Z,1,S2B_MSIL1C_20231018T101939_N0509_R065_T34VCM_20231018T122519,
2023-10-20,2023,no_representative_frozen_scl_gate_failed,False,,,,,,,,no_l2a_representative_for_date,,,,,,,,0,,The frozen SCL observation mask selected no representative L2A product for this date.
2023-10-23,2023,no_representative_frozen_scl_gate_failed,False,,,,,,,,no_l2a_representative_for_date,,,,,,,,0,,The frozen SCL observation mask selected no representative L2A product for this date.
2023-10-25,2023,no_representative_frozen_scl_gate_failed,False,,,,,,,,no_l2a_representative_for_date,,,,,,,,0,,The frozen SCL observation mask selected no representative L2A product for this date.
2023-10-28,2023,no_representative_frozen_scl_gate_failed,False,,,,,,,,no_l2a_representative_for_date,,,,,,,,0,,The frozen SCL observation mask selected no representative L2A product for this date.
2023-10-30,2023,no_representative_frozen_scl_gate_failed,False,,,,,,,,no_l2a_representative_for_date,,,,,,,,0,,The frozen SCL observation mask selected no representative L2A product for this date.
2023-11-02,2023,no_representative_frozen_scl_gate_failed,False,,,,,,,,no_l2a_representative_for_date,,,,,,,,0,,The frozen SCL observation mask selected no representative L2A product for this date.
2023-11-04,2023,no_representative_frozen_scl_gate_failed,False,,,,,,,,no_l2a_representative_for_date,,,,,,,,0,,The frozen SCL observation mask selected no representative L2A product for this date.
2023-11-07,2023,no_representative_frozen_scl_gate_failed,False,,,,,,,,no_l2a_representative_for_date,,,,,,,,0,,The frozen SCL observation mask selected no representative L2A product for this date.
2023-11-09,2023,no_representative_frozen_scl_gate_failed,False,,,,,,,,no_l2a_representative_for_date,,,,,,,,0,,The frozen SCL observation mask selected no representative L2A product for this date.
2023-11-12,2023,no_representative_frozen_scl_gate_failed,False,,,,,,,,no_l2a_representative_for_date,,,,,,,,0,,The frozen SCL observation mask selected no representative L2A product for this date.
2023-11-14,2023,no_representative_frozen_scl_gate_failed,False,,,,,,,,no_l2a_representative_for_date,,,,,,,,0,,The frozen SCL observation mask selected no representative L2A product for this date.
2023-11-17,2023,no_representative_frozen_scl_gate_failed,False,,,,,,,,no_l2a_representative_for_date,,,,,,,,0,,The frozen SCL observation mask selected no representative L2A product for this date.
2023-11-19,2023,no_representative_frozen_scl_gate_failed,False,,,,,,,,no_l2a_representative_for_date,,,,,,,,0,,The frozen SCL observation mask selected no representative L2A product for this date.
2023-11-22,2023,no_representative_frozen_scl_gate_failed,False,,,,,,,,no_l2a_representative_for_date,,,,,,,,0,,The frozen SCL observation mask selected no representative L2A product for this date.
2023-11-24,2023,no_representative_frozen_scl_gate_failed,False,,,,,,,,no_l2a_representative_for_date,,,,,,,,0,,The frozen SCL observation mask selected no representative L2A product for this date.
2023-11-27,2023,no_representative_frozen_scl_gate_failed,False,,,,,,,,no_l2a_representative_for_date,,,,,,,,0,,The frozen SCL observation mask selected no representative L2A product for this date.
2023-11-29,2023,frozen_representative,True,S2A_MSIL2A_20231129T101351_N0510_R022_T34VCM_20241110T221337,S2A,2023-11-29T10:13:51Z,T34VCM,22,N0510,2024-11-10T22:13:37Z,exact_unique,S2A_MSIL1C_20231129T101351_N0510_R022_T34VCM_20241110T182604,S2A,2023-11-29T10:13:51Z,T34VCM,22,N0510,2024-11-10T18:26:04Z,1,S2A_MSIL1C_20231129T101351_N0510_R022_T34VCM_20241110T182604,
2023-12-07,2023,no_representative_frozen_scl_gate_failed,False,,,,,,,,no_l2a_representative_for_date,,,,,,,,0,,The frozen SCL observation mask selected no representative L2A product for this date.
2023-12-14,2023,no_representative_frozen_scl_gate_failed,False,,,,,,,,no_l2a_representative_for_date,,,,,,,,0,,The frozen SCL observation mask selected no representative L2A product for this date.
2023-12-17,2023,no_representative_frozen_scl_gate_failed,False,,,,,,,,no_l2a_representative_for_date,,,,,,,,0,,The frozen SCL observation mask selected no representative L2A product for this date.
2023-12-24,2023,no_representative_frozen_scl_gate_failed,False,,,,,,,,no_l2a_representative_for_date,,,,,,,,0,,The frozen SCL observation mask selected no representative L2A product for this date.
2023-12-27,2023,no_representative_frozen_scl_gate_failed,False,,,,,,,,no_l2a_representative_for_date,,,,,,,,0,,The frozen SCL observation mask selected no representative L2A product for this date.
2024-01-03,2024,no_representative_frozen_scl_gate_failed,False,,,,,,,,no_l2a_representative_for_date,,,,,,,,0,,The frozen SCL observation mask selected no representative L2A product for this date.
2024-01-06,2024,no_representative_frozen_scl_gate_failed,False,,,,,,,,no_l2a_representative_for_date,,,,,,,,0,,The frozen SCL observation mask selected no representative L2A product for this date.
2024-01-13,2024,no_representative_frozen_scl_gate_failed,False,,,,,,,,no_l2a_representative_for_date,,,,,,,,0,,The frozen SCL observation mask selected no representative L2A product for this date.
2024-01-16,2024,no_representative_frozen_scl_gate_failed,False,,,,,,,,no_l2a_representative_for_date,,,,,,,,0,,The frozen SCL observation mask selected no representative L2A product for this date.
2024-01-18,2024,no_representative_frozen_scl_gate_failed,False,,,,,,,,no_l2a_representative_for_date,,,,,,,,0,,The frozen SCL observation mask selected no representative L2A product for this date.
2024-01-21,2024,no_representative_frozen_scl_gate_failed,False,,,,,,,,no_l2a_representative_for_date,,,,,,,,0,,The frozen SCL observation mask selected no representative L2A product for this date.
2024-01-23,2024,no_representative_frozen_scl_gate_failed,False,,,,,,,,no_l2a_representative_for_date,,,,,,,,0,,The frozen SCL observation mask selected no representative L2A product for this date.
2024-01-26,2024,no_representative_frozen_scl_gate_failed,False,,,,,,,,no_l2a_representative_for_date,,,,,,,,0,,The frozen SCL observation mask selected no representative L2A product for this date.
2024-01-28,2024,no_representative_frozen_scl_gate_failed,False,,,,,,,,no_l2a_representative_for_date,,,,,,,,0,,The frozen SCL observation mask selected no representative L2A product for this date.
2024-01-31,2024,no_representative_frozen_scl_gate_failed,False,,,,,,,,no_l2a_representative_for_date,,,,,,,,0,,The frozen SCL observation mask selected no representative L2A product for this date.
2024-02-02,2024,no_representative_frozen_scl_gate_failed,False,,,,,,,,no_l2a_representative_for_date,,,,,,,,0,,The frozen SCL observation mask selected no representative L2A product for this date.
2024-02-05,2024,no_representative_frozen_scl_gate_failed,False,,,,,,,,no_l2a_representative_for_date,,,,,,,,0,,The frozen SCL observation mask selected no representative L2A product for this date.
2024-02-07,2024,no_representative_frozen_scl_gate_failed,False,,,,,,,,no_l2a_representative_for_date,,,,,,,,0,,The frozen SCL observation mask selected no representative L2A product for this date.
2024-02-10,2024,no_representative_frozen_scl_gate_failed,False,,,,,,,,no_l2a_representative_for_date,,,,,,,,0,,The frozen SCL observation mask selected no representative L2A product for this date.
2024-02-12,2024,no_representative_frozen_scl_gate_failed,False,,,,,,,,no_l2a_representative_for_date,,,,,,,,0,,The frozen SCL observation mask selected no representative L2A product for this date.
2024-02-15,2024,no_representative_frozen_scl_gate_failed,False,,,,,,,,no_l2a_representative_for_date,,,,,,,,0,,The frozen SCL observation mask selected no representative L2A product for this date.
2024-02-17,2024,no_representative_frozen_scl_gate_failed,False,,,,,,,,no_l2a_representative_for_date,,,,,,,,0,,The frozen SCL observation mask selected no representative L2A product for this date.
2024-02-20,2024,no_representative_frozen_scl_gate_failed,False,,,,,,,,no_l2a_representative_for_date,,,,,,,,0,,The frozen SCL observation mask selected no representative L2A product for this date.
2024-02-22,2024,no_representative_frozen_scl_gate_failed,False,,,,,,,,no_l2a_representative_for_date,,,,,,,,0,,The frozen SCL observation mask selected no representative L2A product for this date.
2024-02-25,2024,no_representative_frozen_scl_gate_failed,False,,,,,,,,no_l2a_representative_for_date,,,,,,,,0,,The frozen SCL observation mask selected no representative L2A product for this date.
2024-02-27,2024,no_representative_frozen_scl_gate_failed,False,,,,,,,,no_l2a_representative_for_date,,,,,,,,0,,The frozen SCL observation mask selected no representative L2A product for this date.
2024-03-01,2024,no_representative_frozen_scl_gate_failed,False,,,,,,,,no_l2a_representative_for_date,,,,,,,,0,,The frozen SCL observation mask selected no representative L2A product for this date.
2024-03-03,2024,no_representative_frozen_scl_gate_failed,False,,,,,,,,no_l2a_representative_for_date,,,,,,,,0,,The frozen SCL observation mask selected no representative L2A product for this date.
2024-03-06,2024,no_representative_frozen_scl_gate_failed,False,,,,,,,,no_l2a_representative_for_date,,,,,,,,0,,The frozen SCL observation mask selected no representative L2A product for this date.
2024-03-08,2024,no_representative_frozen_scl_gate_failed,False,,,,,,,,no_l2a_representative_for_date,,,,,,,,0,,The frozen SCL observation mask selected no representative L2A product for this date.
2024-03-11,2024,no_representative_frozen_scl_gate_failed,False,,,,,,,,no_l2a_representative_for_date,,,,,,,,0,,The frozen SCL observation mask selected no representative L2A product for this date.
2024-03-13,2024,no_representative_frozen_scl_gate_failed,False,,,,,,,,no_l2a_representative_for_date,,,,,,,,0,,The frozen SCL observation mask selected no representative L2A product for this date.
2024-03-16,2024,no_representative_frozen_scl_gate_failed,False,,,,,,,,no_l2a_representative_for_date,,,,,,,,0,,The frozen SCL observation mask selected no representative L2A product for this date.
2024-03-18,2024,no_representative_frozen_scl_gate_failed,False,,,,,,,,no_l2a_representative_for_date,,,,,,,,0,,The frozen SCL observation mask selected no representative L2A product for this date.
2024-03-21,2024,no_representative_frozen_scl_gate_failed,False,,,,,,,,no_l2a_representative_for_date,,,,,,,,0,,The frozen SCL observation mask selected no representative L2A product for this date.
2024-03-23,2024,no_representative_frozen_scl_gate_failed,False,,,,,,,,no_l2a_representative_for_date,,,,,,,,0,,The frozen SCL observation mask selected no representative L2A product for this date.
2024-03-26,2024,no_representative_frozen_scl_gate_failed,False,,,,,,,,no_l2a_representative_for_date,,,,,,,,0,,The frozen SCL observation mask selected no representative L2A product for this date.
2024-03-28,2024,frozen_representative,True,S2A_MSIL2A_20240328T100631_N0510_R022_T34VCM_20240328T142447,S2A,2024-03-28T10:06:31Z,T34VCM,22,N0510,2024-03-28T14:24:47Z,exact_unique,S2A_MSIL1C_20240328T100631_N0510_R022_T34VCM_20240328T120957,S2A,2024-03-28T10:06:31Z,T34VCM,22,N0510,2024-03-28T12:09:57Z,1,S2A_MSIL1C_20240328T100631_N0510_R022_T34VCM_20240328T120957,
2024-03-31,2024,no_representative_frozen_scl_gate_failed,False,,,,,,,,no_l2a_representative_for_date,,,,,,,,0,,The frozen SCL observation mask selected no representative L2A product for this date.
2024-04-02,2024,no_representative_frozen_scl_gate_failed,False,,,,,,,,no_l2a_representative_for_date,,,,,,,,0,,The frozen SCL observation mask selected no representative L2A product for this date.
2024-04-05,2024,no_representative_frozen_scl_gate_failed,False,,,,,,,,no_l2a_representative_for_date,,,,,,,,0,,The frozen SCL observation mask selected no representative L2A product for this date.
2024-04-07,2024,no_representative_frozen_scl_gate_failed,False,,,,,,,,no_l2a_representative_for_date,,,,,,,,0,,The frozen SCL observation mask selected no representative L2A product for this date.
2024-04-10,2024,no_representative_frozen_scl_gate_failed,False,,,,,,,,no_l2a_representative_for_date,,,,,,,,0,,The frozen SCL observation mask selected no representative L2A product for this date.
2024-04-12,2024,no_representative_frozen_scl_gate_failed,False,,,,,,,,no_l2a_representative_for_date,,,,,,,,0,,The frozen SCL observation mask selected no representative L2A product for this date.
2024-04-15,2024,no_representative_frozen_scl_gate_failed,False,,,,,,,,no_l2a_representative_for_date,,,,,,,,0,,The frozen SCL observation mask selected no representative L2A product for this date.
2024-04-17,2024,frozen_representative,True,S2A_MSIL2A_20240417T100601_N0510_R022_T34VCM_20240417T174253,S2A,2024-04-17T10:06:01Z,T34VCM,22,N0510,2024-04-17T17:42:53Z,exact_unique,S2A_MSIL1C_20240417T100601_N0510_R022_T34VCM_20240417T153055,S2A,2024-04-17T10:06:01Z,T34VCM,22,N0510,2024-04-17T15:30:55Z,1,S2A_MSIL1C_20240417T100601_N0510_R022_T34VCM_20240417T153055,
2024-04-20,2024,no_representative_frozen_scl_gate_failed,False,,,,,,,,no_l2a_representative_for_date,,,,,,,,0,,The frozen SCL observation mask selected no representative L2A product for this date.
2024-04-22,2024,no_representative_frozen_scl_gate_failed,False,,,,,,,,no_l2a_representative_for_date,,,,,,,,0,,The frozen SCL observation mask selected no representative L2A product for this date.
2024-04-25,2024,no_representative_frozen_scl_gate_failed,False,,,,,,,,no_l2a_representative_for_date,,,,,,,,0,,The frozen SCL observation mask selected no representative L2A product for this date.
2024-04-27,2024,no_representative_frozen_scl_gate_failed,False,,,,,,,,no_l2a_representative_for_date,,,,,,,,0,,The frozen SCL observation mask selected no representative L2A product for this date.
2024-04-30,2024,no_representative_frozen_scl_gate_failed,False,,,,,,,,no_l2a_representative_for_date,,,,,,,,0,,The frozen SCL observation mask selected no representative L2A product for this date.
2024-05-02,2024,no_representative_frozen_scl_gate_failed,False,,,,,,,,no_l2a_representative_for_date,,,,,,,,0,,The frozen SCL observation mask selected no representative L2A product for this date.
2024-05-05,2024,no_representative_frozen_scl_gate_failed,False,,,,,,,,no_l2a_representative_for_date,,,,,,,,0,,The frozen SCL observation mask selected no representative L2A product for this date.
2024-05-07,2024,frozen_representative,True,S2A_MSIL2A_20240507T100601_N0510_R022_T34VCM_20240507T143953,S2A,2024-05-07T10:06:01Z,T34VCM,22,N0510,2024-05-07T14:39:53Z,exact_unique,S2A_MSIL1C_20240507T100601_N0510_R022_T34VCM_20240507T121117,S2A,2024-05-07T10:06:01Z,T34VCM,22,N0510,2024-05-07T12:11:17Z,1,S2A_MSIL1C_20240507T100601_N0510_R022_T34VCM_20240507T121117,
2024-05-10,2024,frozen_representative,True,S2A_MSIL2A_20240510T102021_N0510_R065_T34VCM_20240510T142253,S2A,2024-05-10T10:20:21Z,T34VCM,65,N0510,2024-05-10T14:22:53Z,exact_unique,S2A_MSIL1C_20240510T102021_N0510_R065_T34VCM_20240510T122121,S2A,2024-05-10T10:20:21Z,T34VCM,65,N0510,2024-05-10T12:21:21Z,1,S2A_MSIL1C_20240510T102021_N0510_R065_T34VCM_20240510T122121,
2024-05-15,2024,frozen_representative,True,S2B_MSIL2A_20240515T101559_N0510_R065_T34VCM_20240515T144033,S2B,2024-05-15T10:15:59Z,T34VCM,65,N0510,2024-05-15T14:40:33Z,exact_unique,S2B_MSIL1C_20240515T101559_N0510_R065_T34VCM_20240515T140423,S2B,2024-05-15T10:15:59Z,T34VCM,65,N0510,2024-05-15T14:04:23Z,1,S2B_MSIL1C_20240515T101559_N0510_R065_T34VCM_20240515T140423,
2024-05-17,2024,frozen_representative,True,S2A_MSIL2A_20240517T100601_N0510_R022_T34VCM_20240517T174751,S2A,2024-05-17T10:06:01Z,T34VCM,22,N0510,2024-05-17T17:47:51Z,exact_unique,S2A_MSIL1C_20240517T100601_N0510_R022_T34VCM_20240517T152850,S2A,2024-05-17T10:06:01Z,T34VCM,22,N0510,2024-05-17T15:28:50Z,1,S2A_MSIL1C_20240517T100601_N0510_R022_T34VCM_20240517T152850,
2024-05-20,2024,frozen_representative,True,S2A_MSIL2A_20240520T102021_N0510_R065_T34VCM_20240520T145649,S2A,2024-05-20T10:20:21Z,T34VCM,65,N0510,2024-05-20T14:56:49Z,exact_unique,S2A_MSIL1C_20240520T102021_N0510_R065_T34VCM_20240520T135434,S2A,2024-05-20T10:20:21Z,T34VCM,65,N0510,2024-05-20T13:54:34Z,1,S2A_MSIL1C_20240520T102021_N0510_R065_T34VCM_20240520T135434,
2024-05-22,2024,frozen_representative,True,S2B_MSIL2A_20240522T100559_N0510_R022_T34VCM_20240522T125149,S2B,2024-05-22T10:05:59Z,T34VCM,22,N0510,2024-05-22T12:51:49Z,exact_unique,S2B_MSIL1C_20240522T100559_N0510_R022_T34VCM_20240522T120905,S2B,2024-05-22T10:05:59Z,T34VCM,22,N0510,2024-05-22T12:09:05Z,1,S2B_MSIL1C_20240522T100559_N0510_R022_T34VCM_20240522T120905,
2024-05-25,2024,frozen_representative,True,S2B_MSIL2A_20240525T101559_N0510_R065_T34VCM_20240525T130132,S2B,2024-05-25T10:15:59Z,T34VCM,65,N0510,2024-05-25T13:01:32Z,exact_unique,S2B_MSIL1C_20240525T101559_N0510_R065_T34VCM_20240525T122128,S2B,2024-05-25T10:15:59Z,T34VCM,65,N0510,2024-05-25T12:21:28Z,1,S2B_MSIL1C_20240525T101559_N0510_R065_T34VCM_20240525T122128,
2024-05-27,2024,frozen_representative,True,S2A_MSIL2A_20240527T100601_N0510_R022_T34VCM_20240527T161753,S2A,2024-05-27T10:06:01Z,T34VCM,22,N0510,2024-05-27T16:17:53Z,exact_unique,S2A_MSIL1C_20240527T100601_N0510_R022_T34VCM_20240527T135100,S2A,2024-05-27T10:06:01Z,T34VCM,22,N0510,2024-05-27T13:51:00Z,1,S2A_MSIL1C_20240527T100601_N0510_R022_T34VCM_20240527T135100,
2024-05-30,2024,frozen_representative,True,S2A_MSIL2A_20240530T102021_N0510_R065_T34VCM_20240530T175752,S2A,2024-05-30T10:20:21Z,T34VCM,65,N0510,2024-05-30T17:57:52Z,exact_unique,S2A_MSIL1C_20240530T102021_N0510_R065_T34VCM_20240530T154023,S2A,2024-05-30T10:20:21Z,T34VCM,65,N0510,2024-05-30T15:40:23Z,1,S2A_MSIL1C_20240530T102021_N0510_R065_T34VCM_20240530T154023,
2024-06-01,2024,no_representative_frozen_scl_gate_failed,False,,,,,,,,no_l2a_representative_for_date,,,,,,,,0,,The frozen SCL observation mask selected no representative L2A product for this date.
2024-06-04,2024,frozen_representative,True,S2B_MSIL2A_20240604T101559_N0510_R065_T34VCM_20240604T130328,S2B,2024-06-04T10:15:59Z,T34VCM,65,N0510,2024-06-04T13:03:28Z,exact_unique,S2B_MSIL1C_20240604T101559_N0510_R065_T34VCM_20240604T122050,S2B,2024-06-04T10:15:59Z,T34VCM,65,N0510,2024-06-04T12:20:50Z,1,S2B_MSIL1C_20240604T101559_N0510_R065_T34VCM_20240604T122050,
2024-06-06,2024,frozen_representative,True,S2A_MSIL2A_20240606T100601_N0510_R022_T34VCM_20240606T155900,S2A,2024-06-06T10:06:01Z,T34VCM,22,N0510,2024-06-06T15:59:00Z,exact_unique,S2A_MSIL1C_20240606T100601_N0510_R022_T34VCM_20240606T135117,S2A,2024-06-06T10:06:01Z,T34VCM,22,N0510,2024-06-06T13:51:17Z,1,S2A_MSIL1C_20240606T100601_N0510_R022_T34VCM_20240606T135117,
2024-06-09,2024,frozen_representative,True,S2A_MSIL2A_20240609T102031_N0510_R065_T34VCM_20240609T163346,S2A,2024-06-09T10:20:31Z,T34VCM,65,N0510,2024-06-09T16:33:46Z,exact_unique,S2A_MSIL1C_20240609T102031_N0510_R065_T34VCM_20240609T140142,S2A,2024-06-09T10:20:31Z,T34VCM,65,N0510,2024-06-09T14:01:42Z,1,S2A_MSIL1C_20240609T102031_N0510_R065_T34VCM_20240609T140142,
2024-06-11,2024,frozen_representative,True,S2B_MSIL2A_20240611T100559_N0510_R022_T34VCM_20240611T125329,S2B,2024-06-11T10:05:59Z,T34VCM,22,N0510,2024-06-11T12:53:29Z,exact_unique,S2B_MSIL1C_20240611T100559_N0510_R022_T34VCM_20240611T120915,S2B,2024-06-11T10:05:59Z,T34VCM,22,N0510,2024-06-11T12:09:15Z,1,S2B_MSIL1C_20240611T100559_N0510_R022_T34VCM_20240611T120915,
2024-06-14,2024,frozen_representative,True,S2B_MSIL2A_20240614T101559_N0510_R065_T34VCM_20240614T133836,S2B,2024-06-14T10:15:59Z,T34VCM,65,N0510,2024-06-14T13:38:36Z,exact_unique,S2B_MSIL1C_20240614T101559_N0510_R065_T34VCM_20240614T125223,S2B,2024-06-14T10:15:59Z,T34VCM,65,N0510,2024-06-14T12:52:23Z,1,S2B_MSIL1C_20240614T101559_N0510_R065_T34VCM_20240614T125223,
2024-06-16,2024,no_representative_frozen_scl_gate_failed,False,,,,,,,,no_l2a_representative_for_date,,,,,,,,0,,The frozen SCL observation mask selected no representative L2A product for this date.
2024-06-19,2024,no_representative_frozen_scl_gate_failed,False,,,,,,,,no_l2a_representative_for_date,,,,,,,,0,,The frozen SCL observation mask selected no representative L2A product for this date.
2024-06-21,2024,frozen_representative,True,S2B_MSIL2A_20240621T100559_N0510_R022_T34VCM_20240621T130723,S2B,2024-06-21T10:05:59Z,T34VCM,22,N0510,2024-06-21T13:07:23Z,exact_unique,S2B_MSIL1C_20240621T100559_N0510_R022_T34VCM_20240621T123558,S2B,2024-06-21T10:05:59Z,T34VCM,22,N0510,2024-06-21T12:35:58Z,1,S2B_MSIL1C_20240621T100559_N0510_R022_T34VCM_20240621T123558,
2024-06-24,2024,no_representative_frozen_scl_gate_failed,False,,,,,,,,no_l2a_representative_for_date,,,,,,,,0,,The frozen SCL observation mask selected no representative L2A product for this date.
2024-06-26,2024,no_representative_frozen_scl_gate_failed,False,,,,,,,,no_l2a_representative_for_date,,,,,,,,0,,The frozen SCL observation mask selected no representative L2A product for this date.
2024-06-29,2024,frozen_representative,True,S2A_MSIL2A_20240629T102021_N0510_R065_T34VCM_20240629T134949,S2A,2024-06-29T10:20:21Z,T34VCM,65,N0510,2024-06-29T13:49:49Z,exact_unique,S2A_MSIL1C_20240629T102021_N0510_R065_T34VCM_20240629T122126,S2A,2024-06-29T10:20:21Z,T34VCM,65,N0510,2024-06-29T12:21:26Z,1,S2A_MSIL1C_20240629T102021_N0510_R065_T34VCM_20240629T122126,
2024-07-01,2024,no_representative_frozen_scl_gate_failed,False,,,,,,,,no_l2a_representative_for_date,,,,,,,,0,,The frozen SCL observation mask selected no representative L2A product for this date.
2024-07-04,2024,no_representative_frozen_scl_gate_failed,False,,,,,,,,no_l2a_representative_for_date,,,,,,,,0,,The frozen SCL observation mask selected no representative L2A product for this date.
2024-07-06,2024,no_representative_frozen_scl_gate_failed,False,,,,,,,,no_l2a_representative_for_date,,,,,,,,0,,The frozen SCL observation mask selected no representative L2A product for this date.
2024-07-09,2024,frozen_representative,True,S2A_MSIL2A_20240709T102031_N0510_R065_T34VCM_20240709T142949,S2A,2024-07-09T10:20:31Z,T34VCM,65,N0510,2024-07-09T14:29:49Z,exact_unique,S2A_MSIL1C_20240709T102031_N0510_R065_T34VCM_20240709T122027,S2A,2024-07-09T10:20:31Z,T34VCM,65,N0510,2024-07-09T12:20:27Z,1,S2A_MSIL1C_20240709T102031_N0510_R065_T34VCM_20240709T122027,
2024-07-11,2024,no_representative_frozen_scl_gate_failed,False,,,,,,,,no_l2a_representative_for_date,,,,,,,,0,,The frozen SCL observation mask selected no representative L2A product for this date.
2024-07-14,2024,no_representative_frozen_scl_gate_failed,False,,,,,,,,no_l2a_representative_for_date,,,,,,,,0,,The frozen SCL observation mask selected no representative L2A product for this date.
2024-07-16,2024,no_representative_frozen_scl_gate_failed,False,,,,,,,,no_l2a_representative_for_date,,,,,,,,0,,The frozen SCL observation mask selected no representative L2A product for this date.
2024-07-19,2024,no_representative_frozen_scl_gate_failed,False,,,,,,,,no_l2a_representative_for_date,,,,,,,,0,,The frozen SCL observation mask selected no representative L2A product for this date.
2024-07-21,2024,frozen_representative,True,S2B_MSIL2A_20240721T100559_N0510_R022_T34VCM_20240721T125344,S2B,2024-07-21T10:05:59Z,T34VCM,22,N0510,2024-07-21T12:53:44Z,exact_unique,S2B_MSIL1C_20240721T100559_N0510_R022_T34VCM_20240721T121133,S2B,2024-07-21T10:05:59Z,T34VCM,22,N0510,2024-07-21T12:11:33Z,1,S2B_MSIL1C_20240721T100559_N0510_R022_T34VCM_20240721T121133,
2024-07-24,2024,no_representative_frozen_scl_gate_failed,False,,,,,,,,no_l2a_representative_for_date,,,,,,,,0,,The frozen SCL observation mask selected no representative L2A product for this date.
2024-07-26,2024,frozen_representative,True,S2A_MSIL2A_20240726T100601_N0511_R022_T34VCM_20240726T173850,S2A,2024-07-26T10:06:01Z,T34VCM,22,N0511,2024-07-26T17:38:50Z,exact_unique,S2A_MSIL1C_20240726T100601_N0511_R022_T34VCM_20240726T153045,S2A,2024-07-26T10:06:01Z,T34VCM,22,N0511,2024-07-26T15:30:45Z,1,S2A_MSIL1C_20240726T100601_N0511_R022_T34VCM_20240726T153045,
2024-07-29,2024,no_representative_frozen_scl_gate_failed,False,,,,,,,,no_l2a_representative_for_date,,,,,,,,0,,The frozen SCL observation mask selected no representative L2A product for this date.
2024-07-31,2024,no_representative_frozen_scl_gate_failed,False,,,,,,,,no_l2a_representative_for_date,,,,,,,,0,,The frozen SCL observation mask selected no representative L2A product for this date.
2024-08-03,2024,no_representative_frozen_scl_gate_failed,False,,,,,,,,no_l2a_representative_for_date,,,,,,,,0,,The frozen SCL observation mask selected no representative L2A product for this date.
2024-08-05,2024,no_representative_frozen_scl_gate_failed,False,,,,,,,,no_l2a_representative_for_date,,,,,,,,0,,The frozen SCL observation mask selected no representative L2A product for this date.
2024-08-08,2024,no_representative_frozen_scl_gate_failed,False,,,,,,,,no_l2a_representative_for_date,,,,,,,,0,,The frozen SCL observation mask selected no representative L2A product for this date.
2024-08-10,2024,no_representative_frozen_scl_gate_failed,False,,,,,,,,no_l2a_representative_for_date,,,,,,,,0,,The frozen SCL observation mask selected no representative L2A product for this date.
2024-08-13,2024,frozen_representative,True,S2B_MSIL2A_20240813T101559_N0511_R065_T34VCM_20240813T133715,S2B,2024-08-13T10:15:59Z,T34VCM,65,N0511,2024-08-13T13:37:15Z,exact_unique,S2B_MSIL1C_20240813T101559_N0511_R065_T34VCM_20240813T125216,S2B,2024-08-13T10:15:59Z,T34VCM,65,N0511,2024-08-13T12:52:16Z,1,S2B_MSIL1C_20240813T101559_N0511_R065_T34VCM_20240813T125216,
2024-08-15,2024,no_representative_frozen_scl_gate_failed,False,,,,,,,,no_l2a_representative_for_date,,,,,,,,0,,The frozen SCL observation mask selected no representative L2A product for this date.
2024-08-18,2024,frozen_representative,True,S2A_MSIL2A_20240818T102021_N0511_R065_T34VCM_20240818T140657,S2A,2024-08-18T10:20:21Z,T34VCM,65,N0511,2024-08-18T14:06:57Z,exact_unique,S2A_MSIL1C_20240818T102021_N0511_R065_T34VCM_20240818T124603,S2A,2024-08-18T10:20:21Z,T34VCM,65,N0511,2024-08-18T12:46:03Z,1,S2A_MSIL1C_20240818T102021_N0511_R065_T34VCM_20240818T124603,
2024-08-20,2024,frozen_representative,True,S2B_MSIL2A_20240820T100559_N0511_R022_T34VCM_20240820T130319,S2B,2024-08-20T10:05:59Z,T34VCM,22,N0511,2024-08-20T13:03:19Z,exact_unique,S2B_MSIL1C_20240820T100559_N0511_R022_T34VCM_20240820T123551,S2B,2024-08-20T10:05:59Z,T34VCM,22,N0511,2024-08-20T12:35:51Z,1,S2B_MSIL1C_20240820T100559_N0511_R022_T34VCM_20240820T123551,
2024-08-23,2024,no_representative_frozen_scl_gate_failed,False,,,,,,,,no_l2a_representative_for_date,,,,,,,,0,,The frozen SCL observation mask selected no representative L2A product for this date.
2024-08-25,2024,no_representative_frozen_scl_gate_failed,False,,,,,,,,no_l2a_representative_for_date,,,,,,,,0,,The frozen SCL observation mask selected no representative L2A product for this date.
2024-08-28,2024,frozen_representative,True,S2A_MSIL2A_20240828T102021_N0511_R065_T34VCM_20240828T150452,S2A,2024-08-28T10:20:21Z,T34VCM,65,N0511,2024-08-28T15:04:52Z,exact_unique,S2A_MSIL1C_20240828T102021_N0511_R065_T34VCM_20240828T130205,S2A,2024-08-28T10:20:21Z,T34VCM,65,N0511,2024-08-28T13:02:05Z,1,S2A_MSIL1C_20240828T102021_N0511_R065_T34VCM_20240828T130205,
2024-08-30,2024,no_representative_frozen_scl_gate_failed,False,,,,,,,,no_l2a_representative_for_date,,,,,,,,0,,The frozen SCL observation mask selected no representative L2A product for this date.
2024-09-02,2024,no_representative_frozen_scl_gate_failed,False,,,,,,,,no_l2a_representative_for_date,,,,,,,,0,,The frozen SCL observation mask selected no representative L2A product for this date.
2024-09-04,2024,frozen_representative,True,S2A_MSIL2A_20240904T100551_N0511_R022_T34VCM_20240904T154147,S2A,2024-09-04T10:05:51Z,T34VCM,22,N0511,2024-09-04T15:41:47Z,exact_unique,S2A_MSIL1C_20240904T100551_N0511_R022_T34VCM_20240904T135217,S2A,2024-09-04T10:05:51Z,T34VCM,22,N0511,2024-09-04T13:52:17Z,1,S2A_MSIL1C_20240904T100551_N0511_R022_T34VCM_20240904T135217,
2024-09-07,2024,frozen_representative,True,S2A_MSIL2A_20240907T102021_N0511_R065_T34VCM_20240907T143052,S2A,2024-09-07T10:20:21Z,T34VCM,65,N0511,2024-09-07T14:30:52Z,exact_unique,S2A_MSIL1C_20240907T102021_N0511_R065_T34VCM_20240907T125720,S2A,2024-09-07T10:20:21Z,T34VCM,65,N0511,2024-09-07T12:57:20Z,1,S2A_MSIL1C_20240907T102021_N0511_R065_T34VCM_20240907T125720,
2024-09-09,2024,no_representative_frozen_scl_gate_failed,False,,,,,,,,no_l2a_representative_for_date,,,,,,,,0,,The frozen SCL observation mask selected no representative L2A product for this date.
2024-09-12,2024,frozen_representative,True,S2B_MSIL2A_20240912T102019_N0511_R065_T34VCM_20240912T175037,S2B,2024-09-12T10:20:19Z,T34VCM,65,N0511,2024-09-12T17:50:37Z,exact_unique,S2B_MSIL1C_20240912T102019_N0511_R065_T34VCM_20240912T171852,S2B,2024-09-12T10:20:19Z,T34VCM,65,N0511,2024-09-12T17:18:52Z,1,S2B_MSIL1C_20240912T102019_N0511_R065_T34VCM_20240912T171852,
2024-09-14,2024,frozen_representative,True,S2A_MSIL2A_20240914T100631_N0511_R022_T34VCM_20240914T145600,S2A,2024-09-14T10:06:31Z,T34VCM,22,N0511,2024-09-14T14:56:00Z,exact_unique,S2A_MSIL1C_20240914T100631_N0511_R022_T34VCM_20240914T124515,S2A,2024-09-14T10:06:31Z,T34VCM,22,N0511,2024-09-14T12:45:15Z,1,S2A_MSIL1C_20240914T100631_N0511_R022_T34VCM_20240914T124515,
2024-09-17,2024,no_representative_frozen_scl_gate_failed,False,,,,,,,,no_l2a_representative_for_date,,,,,,,,0,,The frozen SCL observation mask selected no representative L2A product for this date.
2024-09-19,2024,frozen_representative,True,S2B_MSIL2A_20240919T101019_N0511_R022_T34VCM_20240919T141852,S2B,2024-09-19T10:10:19Z,T34VCM,22,N0511,2024-09-19T14:18:52Z,exact_unique,S2B_MSIL1C_20240919T101019_N0511_R022_T34VCM_20240919T135226,S2B,2024-09-19T10:10:19Z,T34VCM,22,N0511,2024-09-19T13:52:26Z,1,S2B_MSIL1C_20240919T101019_N0511_R022_T34VCM_20240919T135226,
2024-09-22,2024,no_representative_frozen_scl_gate_failed,False,,,,,,,,no_l2a_representative_for_date,,,,,,,,0,,The frozen SCL observation mask selected no representative L2A product for this date.
2024-09-24,2024,no_representative_frozen_scl_gate_failed,False,,,,,,,,no_l2a_representative_for_date,,,,,,,,0,,The frozen SCL observation mask selected no representative L2A product for this date.
2024-09-27,2024,no_representative_frozen_scl_gate_failed,False,,,,,,,,no_l2a_representative_for_date,,,,,,,,0,,The frozen SCL observation mask selected no representative L2A product for this date.
2024-09-29,2024,frozen_representative,True,S2B_MSIL2A_20240929T100719_N0511_R022_T34VCM_20240929T133706,S2B,2024-09-29T10:07:19Z,T34VCM,22,N0511,2024-09-29T13:37:06Z,exact_unique,S2B_MSIL1C_20240929T100719_N0511_R022_T34VCM_20240929T124821,S2B,2024-09-29T10:07:19Z,T34VCM,22,N0511,2024-09-29T12:48:21Z,1,S2B_MSIL1C_20240929T100719_N0511_R022_T34VCM_20240929T124821,
2024-10-02,2024,no_representative_frozen_scl_gate_failed,False,,,,,,,,no_l2a_representative_for_date,,,,,,,,0,,The frozen SCL observation mask selected no representative L2A product for this date.
2024-10-04,2024,frozen_representative,True,S2A_MSIL2A_20241004T100851_N0511_R022_T34VCM_20241004T121647,S2A,2024-10-04T10:08:51Z,T34VCM,22,N0511,2024-10-04T12:16:47Z,exact_unique,S2A_MSIL1C_20241004T100851_N0511_R022_T34VCM_20241004T105753,S2A,2024-10-04T10:08:51Z,T34VCM,22,N0511,2024-10-04T10:57:53Z,1,S2A_MSIL1C_20241004T100851_N0511_R022_T34VCM_20241004T105753,
2024-10-07,2024,frozen_representative,True,S2A_MSIL2A_20241007T101921_N0511_R065_T34VCM_20241007T145846,S2A,2024-10-07T10:19:21Z,T34VCM,65,N0511,2024-10-07T14:58:46Z,exact_unique,S2A_MSIL1C_20241007T101921_N0511_R065_T34VCM_20241007T122440,S2A,2024-10-07T10:19:21Z,T34VCM,65,N0511,2024-10-07T12:24:40Z,1,S2A_MSIL1C_20241007T101921_N0511_R065_T34VCM_20241007T122440,
2024-10-09,2024,no_representative_frozen_scl_gate_failed,False,,,,,,,,no_l2a_representative_for_date,,,,,,,,0,,The frozen SCL observation mask selected no representative L2A product for this date.
2024-10-12,2024,frozen_representative,True,S2B_MSIL2A_20241012T101859_N0511_R065_T34VCM_20241012T143335,S2B,2024-10-12T10:18:59Z,T34VCM,65,N0511,2024-10-12T14:33:35Z,exact_unique,S2B_MSIL1C_20241012T101859_N0511_R065_T34VCM_20241012T140027,S2B,2024-10-12T10:18:59Z,T34VCM,65,N0511,2024-10-12T14:00:27Z,1,S2B_MSIL1C_20241012T101859_N0511_R065_T34VCM_20241012T140027,
2024-10-14,2024,no_representative_frozen_scl_gate_failed,False,,,,,,,,no_l2a_representative_for_date,,,,,,,,0,,The frozen SCL observation mask selected no representative L2A product for this date.
2024-10-17,2024,frozen_representative,True,S2A_MSIL2A_20241017T102021_N0511_R065_T34VCM_20241017T143350,S2A,2024-10-17T10:20:21Z,T34VCM,65,N0511,2024-10-17T14:33:50Z,exact_unique,S2A_MSIL1C_20241017T102021_N0511_R065_T34VCM_20241017T122244,S2A,2024-10-17T10:20:21Z,T34VCM,65,N0511,2024-10-17T12:22:44Z,1,S2A_MSIL1C_20241017T102021_N0511_R065_T34VCM_20241017T122244,
2024-10-19,2024,frozen_representative,True,S2B_MSIL2A_20241019T100939_N0511_R022_T34VCM_20241019T123549,S2B,2024-10-19T10:09:39Z,T34VCM,22,N0511,2024-10-19T12:35:49Z,exact_unique,S2B_MSIL1C_20241019T100939_N0511_R022_T34VCM_20241019T121218,S2B,2024-10-19T10:09:39Z,T34VCM,22,N0511,2024-10-19T12:12:18Z,1,S2B_MSIL1C_20241019T100939_N0511_R022_T34VCM_20241019T121218,
2024-10-22,2024,no_representative_frozen_scl_gate_failed,False,,,,,,,,no_l2a_representative_for_date,,,,,,,,0,,The frozen SCL observation mask selected no representative L2A product for this date.
2024-10-24,2024,frozen_representative,True,S2A_MSIL2A_20241024T101101_N0511_R022_T34VCM_20241024T122648,S2A,2024-10-24T10:11:01Z,T34VCM,22,N0511,2024-10-24T12:26:48Z,exact_unique,S2A_MSIL1C_20241024T101101_N0511_R022_T34VCM_20241024T105806,S2A,2024-10-24T10:11:01Z,T34VCM,22,N0511,2024-10-24T10:58:06Z,1,S2A_MSIL1C_20241024T101101_N0511_R022_T34VCM_20241024T105806,
2024-10-27,2024,no_representative_frozen_scl_gate_failed,False,,,,,,,,no_l2a_representative_for_date,,,,,,,,0,,The frozen SCL observation mask selected no representative L2A product for this date.
2024-10-29,2024,no_representative_frozen_scl_gate_failed,False,,,,,,,,no_l2a_representative_for_date,,,,,,,,0,,The frozen SCL observation mask selected no representative L2A product for this date.
2024-11-01,2024,no_representative_frozen_scl_gate_failed,False,,,,,,,,no_l2a_representative_for_date,,,,,,,,0,,The frozen SCL observation mask selected no representative L2A product for this date.
2024-11-03,2024,no_representative_frozen_scl_gate_failed,False,,,,,,,,no_l2a_representative_for_date,,,,,,,,0,,The frozen SCL observation mask selected no representative L2A product for this date.
2024-11-06,2024,no_representative_frozen_scl_gate_failed,False,,,,,,,,no_l2a_representative_for_date,,,,,,,,0,,The frozen SCL observation mask selected no representative L2A product for this date.
2024-11-08,2024,frozen_representative,True,S2B_MSIL2A_20241108T101129_N0511_R022_T34VCM_20241108T112954,S2B,2024-11-08T10:11:29Z,T34VCM,22,N0511,2024-11-08T11:29:54Z,exact_unique,S2B_MSIL1C_20241108T101129_N0511_R022_T34VCM_20241108T110229,S2B,2024-11-08T10:11:29Z,T34VCM,22,N0511,2024-11-08T11:02:29Z,1,S2B_MSIL1C_20241108T101129_N0511_R022_T34VCM_20241108T110229,
2024-11-11,2024,no_representative_frozen_scl_gate_failed,False,,,,,,,,no_l2a_representative_for_date,,,,,,,,0,,The frozen SCL observation mask selected no representative L2A product for this date.
2024-11-13,2024,frozen_representative,True,S2A_MSIL2A_20241113T101251_N0511_R022_T34VCM_20241113T142853,S2A,2024-11-13T10:12:51Z,T34VCM,22,N0511,2024-11-13T14:28:53Z,exact_unique,S2A_MSIL1C_20241113T101251_N0511_R022_T34VCM_20241113T121135,S2A,2024-11-13T10:12:51Z,T34VCM,22,N0511,2024-11-13T12:11:35Z,1,S2A_MSIL1C_20241113T101251_N0511_R022_T34VCM_20241113T121135,
2024-11-16,2024,no_representative_frozen_scl_gate_failed,False,,,,,,,,no_l2a_representative_for_date,,,,,,,,0,,The frozen SCL observation mask selected no representative L2A product for this date.
2024-11-18,2024,no_representative_frozen_scl_gate_failed,False,,,,,,,,no_l2a_representative_for_date,,,,,,,,0,,The frozen SCL observation mask selected no representative L2A product for this date.
2024-11-21,2024,no_representative_frozen_scl_gate_failed,False,,,,,,,,no_l2a_representative_for_date,,,,,,,,0,,The frozen SCL observation mask selected no representative L2A product for this date.
2024-11-26,2024,frozen_representative,True,S2A_MSIL2A_20241126T102351_N0511_R065_T34VCM_20241126T111848,S2A,2024-11-26T10:23:51Z,T34VCM,65,N0511,2024-11-26T11:18:48Z,exact_unique,S2A_MSIL1C_20241126T102351_N0511_R065_T34VCM_20241126T104240,S2A,2024-11-26T10:23:51Z,T34VCM,65,N0511,2024-11-26T10:42:40Z,1,S2A_MSIL1C_20241126T102351_N0511_R065_T34VCM_20241126T104240,
2024-11-28,2024,frozen_representative,True,S2B_MSIL2A_20241128T101259_N0511_R022_T34VCM_20241128T112016,S2B,2024-11-28T10:12:59Z,T34VCM,22,N0511,2024-11-28T11:20:16Z,exact_unique,S2B_MSIL1C_20241128T101259_N0511_R022_T34VCM_20241128T105426,S2B,2024-11-28T10:12:59Z,T34VCM,22,N0511,2024-11-28T10:54:26Z,1,S2B_MSIL1C_20241128T101259_N0511_R022_T34VCM_20241128T105426,
2024-12-01,2024,no_representative_frozen_scl_gate_failed,False,,,,,,,,no_l2a_representative_for_date,,,,,,,,0,,The frozen SCL observation mask selected no representative L2A product for this date.
2024-12-08,2024,no_representative_frozen_scl_gate_failed,False,,,,,,,,no_l2a_representative_for_date,,,,,,,,0,,The frozen SCL observation mask selected no representative L2A product for this date.
2024-12-11,2024,no_representative_frozen_scl_gate_failed,False,,,,,,,,no_l2a_representative_for_date,,,,,,,,0,,The frozen SCL observation mask selected no representative L2A product for this date.
2024-12-18,2024,no_representative_frozen_scl_gate_failed,False,,,,,,,,no_l2a_representative_for_date,,,,,,,,0,,The frozen SCL observation mask selected no representative L2A product for this date.
2024-12-21,2024,no_representative_frozen_scl_gate_failed,False,,,,,,,,no_l2a_representative_for_date,,,,,,,,0,,The frozen SCL observation mask selected no representative L2A product for this date.
2024-12-28,2024,no_representative_frozen_scl_gate_failed,False,,,,,,,,no_l2a_representative_for_date,,,,,,,,0,,The frozen SCL observation mask selected no representative L2A product for this date.
2024-12-31,2024,no_representative_frozen_scl_gate_failed,False,,,,,,,,no_l2a_representative_for_date,,,,,,,,0,,The frozen SCL observation mask selected no representative L2A product for this date.
2025-01-07,2025,no_representative_frozen_scl_gate_failed,False,,,,,,,,no_l2a_representative_for_date,,,,,,,,0,,The frozen SCL observation mask selected no representative L2A product for this date.
2025-01-10,2025,no_representative_frozen_scl_gate_failed,False,,,,,,,,no_l2a_representative_for_date,,,,,,,,0,,The frozen SCL observation mask selected no representative L2A product for this date.
2025-01-15,2025,no_representative_frozen_scl_gate_failed,False,,,,,,,,no_l2a_representative_for_date,,,,,,,,0,,The frozen SCL observation mask selected no representative L2A product for this date.
2025-01-17,2025,no_representative_frozen_scl_gate_failed,False,,,,,,,,no_l2a_representative_for_date,,,,,,,,0,,The frozen SCL observation mask selected no representative L2A product for this date.
2025-01-20,2025,frozen_representative,True,S2B_MSIL2A_20250120T102239_N0511_R065_T34VCM_20250120T130540,S2B,2025-01-20T10:22:39Z,T34VCM,65,N0511,2025-01-20T13:05:40Z,exact_unique,S2B_MSIL1C_20250120T102239_N0511_R065_T34VCM_20250120T124806,S2B,2025-01-20T10:22:39Z,T34VCM,65,N0511,2025-01-20T12:48:06Z,1,S2B_MSIL1C_20250120T102239_N0511_R065_T34VCM_20250120T124806,
2025-01-22,2025,no_representative_frozen_scl_gate_failed,False,,,,,,,,no_l2a_representative_for_date,,,,,,,,0,,The frozen SCL observation mask selected no representative L2A product for this date.
2025-01-25,2025,frozen_representative,True,S2C_MSIL2A_20250125T102341_N0511_R065_T34VCM_20250125T134454,S2C,2025-01-25T10:23:41Z,T34VCM,65,N0511,2025-01-25T13:44:54Z,exact_unique,S2C_MSIL1C_20250125T102341_N0511_R065_T34VCM_20250125T122039,S2C,2025-01-25T10:23:41Z,T34VCM,65,N0511,2025-01-25T12:20:39Z,1,S2C_MSIL1C_20250125T102341_N0511_R065_T34VCM_20250125T122039,
2025-01-27,2025,frozen_representative,True,S2B_MSIL2A_20250127T101209_N0511_R022_T34VCM_20250127T130241,S2B,2025-01-27T10:12:09Z,T34VCM,22,N0511,2025-01-27T13:02:41Z,exact_unique,S2B_MSIL1C_20250127T101209_N0511_R022_T34VCM_20250127T123932,S2B,2025-01-27T10:12:09Z,T34VCM,22,N0511,2025-01-27T12:39:32Z,1,S2B_MSIL1C_20250127T101209_N0511_R022_T34VCM_20250127T123932,
2025-01-30,2025,no_representative_frozen_scl_gate_failed,False,,,,,,,,no_l2a_representative_for_date,,,,,,,,0,,The frozen SCL observation mask selected no representative L2A product for this date.
2025-02-01,2025,no_representative_frozen_scl_gate_failed,False,,,,,,,,no_l2a_representative_for_date,,,,,,,,0,,The frozen SCL observation mask selected no representative L2A product for this date.
2025-02-04,2025,no_representative_frozen_scl_gate_failed,False,,,,,,,,no_l2a_representative_for_date,,,,,,,,0,,The frozen SCL observation mask selected no representative L2A product for this date.
2025-02-06,2025,frozen_representative,True,S2B_MSIL2A_20250206T101109_N0511_R022_T34VCM_20250206T122414,S2B,2025-02-06T10:11:09Z,T34VCM,22,N0511,2025-02-06T12:24:14Z,exact_unique,S2B_MSIL1C_20250206T101109_N0511_R022_T34VCM_20250206T120635,S2B,2025-02-06T10:11:09Z,T34VCM,22,N0511,2025-02-06T12:06:35Z,1,S2B_MSIL1C_20250206T101109_N0511_R022_T34VCM_20250206T120635,
2025-02-09,2025,no_representative_frozen_scl_gate_failed,False,,,,,,,,no_l2a_representative_for_date,,,,,,,,0,,The frozen SCL observation mask selected no representative L2A product for this date.
2025-02-11,2025,frozen_representative,True,S2C_MSIL2A_20250211T101201_N0511_R022_T34VCM_20250211T142256,S2C,2025-02-11T10:12:01Z,T34VCM,22,N0511,2025-02-11T14:22:56Z,exact_unique,S2C_MSIL1C_20250211T101201_N0511_R022_T34VCM_20250211T122750,S2C,2025-02-11T10:12:01Z,T34VCM,22,N0511,2025-02-11T12:27:50Z,1,S2C_MSIL1C_20250211T101201_N0511_R022_T34VCM_20250211T122750,
2025-02-14,2025,no_representative_frozen_scl_gate_failed,False,,,,,,,,no_l2a_representative_for_date,,,,,,,,0,,The frozen SCL observation mask selected no representative L2A product for this date.
2025-02-16,2025,no_representative_frozen_scl_gate_failed,False,,,,,,,,no_l2a_representative_for_date,,,,,,,,0,,The frozen SCL observation mask selected no representative L2A product for this date.
2025-02-19,2025,no_representative_frozen_scl_gate_failed,False,,,,,,,,no_l2a_representative_for_date,,,,,,,,0,,The frozen SCL observation mask selected no representative L2A product for this date.
2025-02-21,2025,no_representative_frozen_scl_gate_failed,False,,,,,,,,no_l2a_representative_for_date,,,,,,,,0,,The frozen SCL observation mask selected no representative L2A product for this date.
2025-02-24,2025,no_representative_frozen_scl_gate_failed,False,,,,,,,,no_l2a_representative_for_date,,,,,,,,0,,The frozen SCL observation mask selected no representative L2A product for this date.
2025-02-26,2025,no_representative_frozen_scl_gate_failed,False,,,,,,,,no_l2a_representative_for_date,,,,,,,,0,,The frozen SCL observation mask selected no representative L2A product for this date.
2025-03-01,2025,no_representative_frozen_scl_gate_failed,False,,,,,,,,no_l2a_representative_for_date,,,,,,,,0,,The frozen SCL observation mask selected no representative L2A product for this date.
2025-03-03,2025,no_representative_frozen_scl_gate_failed,False,,,,,,,,no_l2a_representative_for_date,,,,,,,,0,,The frozen SCL observation mask selected no representative L2A product for this date.
2025-03-06,2025,no_representative_frozen_scl_gate_failed,False,,,,,,,,no_l2a_representative_for_date,,,,,,,,0,,The frozen SCL observation mask selected no representative L2A product for this date.
2025-03-08,2025,no_representative_frozen_scl_gate_failed,False,,,,,,,,no_l2a_representative_for_date,,,,,,,,0,,The frozen SCL observation mask selected no representative L2A product for this date.
2025-03-11,2025,no_representative_frozen_scl_gate_failed,False,,,,,,,,no_l2a_representative_for_date,,,,,,,,0,,The frozen SCL observation mask selected no representative L2A product for this date.
2025-03-13,2025,no_representative_frozen_scl_gate_failed,False,,,,,,,,no_l2a_representative_for_date,,,,,,,,0,,The frozen SCL observation mask selected no representative L2A product for this date.
2025-03-15,2025,no_representative_frozen_scl_gate_failed,False,,,,,,,,no_l2a_representative_for_date,,,,,,,,0,,The frozen SCL observation mask selected no representative L2A product for this date.
2025-03-16,2025,no_representative_frozen_scl_gate_failed,False,,,,,,,,no_l2a_representative_for_date,,,,,,,,0,,The frozen SCL observation mask selected no representative L2A product for this date.
2025-03-18,2025,no_representative_frozen_scl_gate_failed,False,,,,,,,,no_l2a_representative_for_date,,,,,,,,0,,The frozen SCL observation mask selected no representative L2A product for this date.
2025-03-21,2025,frozen_representative,True,S2B_MSIL2A_20250321T101629_N0511_R065_T34VCM_20250321T160730,S2B,2025-03-21T10:16:29Z,T34VCM,65,N0511,2025-03-21T16:07:30Z,exact_unique,S2B_MSIL1C_20250321T101629_N0511_R065_T34VCM_20250321T153322,S2B,2025-03-21T10:16:29Z,T34VCM,65,N0511,2025-03-21T15:33:22Z,1,S2B_MSIL1C_20250321T101629_N0511_R065_T34VCM_20250321T153322,
2025-03-23,2025,frozen_representative,True,S2C_MSIL2A_20250323T100711_N0511_R022_T34VCM_20250323T160703,S2C,2025-03-23T10:07:11Z,T34VCM,22,N0511,2025-03-23T16:07:03Z,exact_unique,S2C_MSIL1C_20250323T100711_N0511_R022_T34VCM_20250323T142452,S2C,2025-03-23T10:07:11Z,T34VCM,22,N0511,2025-03-23T14:24:52Z,1,S2C_MSIL1C_20250323T100711_N0511_R022_T34VCM_20250323T142452,
2025-03-25,2025,no_representative_frozen_scl_gate_failed,False,,,,,,,,no_l2a_representative_for_date,,,,,,,,0,,The frozen SCL observation mask selected no representative L2A product for this date.
2025-03-26,2025,no_representative_frozen_scl_gate_failed,False,,,,,,,,no_l2a_representative_for_date,,,,,,,,0,,The frozen SCL observation mask selected no representative L2A product for this date.
2025-03-28,2025,frozen_representative,True,S2B_MSIL2A_20250328T100559_N0511_R022_T34VCM_20250328T122235,S2B,2025-03-28T10:05:59Z,T34VCM,22,N0511,2025-03-28T12:22:35Z,exact_unique,S2B_MSIL1C_20250328T100559_N0511_R022_T34VCM_20250328T120642,S2B,2025-03-28T10:05:59Z,T34VCM,22,N0511,2025-03-28T12:06:42Z,1,S2B_MSIL1C_20250328T100559_N0511_R022_T34VCM_20250328T120642,
2025-03-31,2025,no_representative_frozen_scl_gate_failed,False,,,,,,,,no_l2a_representative_for_date,,,,,,,,0,,The frozen SCL observation mask selected no representative L2A product for this date.
2025-04-02,2025,no_representative_frozen_scl_gate_failed,False,,,,,,,,no_l2a_representative_for_date,,,,,,,,0,,The frozen SCL observation mask selected no representative L2A product for this date.
2025-04-04,2025,frozen_representative,True,S2A_MSIL2A_20250404T101041_N0511_R022_T34VCM_20250404T165218,S2A,2025-04-04T10:10:41Z,T34VCM,22,N0511,2025-04-04T16:52:18Z,exact_unique,S2A_MSIL1C_20250404T101041_N0511_R022_T34VCM_20250404T153020,S2A,2025-04-04T10:10:41Z,T34VCM,22,N0511,2025-04-04T15:30:20Z,1,S2A_MSIL1C_20250404T101041_N0511_R022_T34VCM_20250404T153020,
2025-04-05,2025,no_representative_frozen_scl_gate_failed,False,,,,,,,,no_l2a_representative_for_date,,,,,,,,0,,The frozen SCL observation mask selected no representative L2A product for this date.
2025-04-07,2025,frozen_representative,True,S2B_MSIL2A_20250407T100559_N0511_R022_T34VCM_20250407T125834,S2B,2025-04-07T10:05:59Z,T34VCM,22,N0511,2025-04-07T12:58:34Z,exact_unique,S2B_MSIL1C_20250407T100559_N0511_R022_T34VCM_20250407T123602,S2B,2025-04-07T10:05:59Z,T34VCM,22,N0511,2025-04-07T12:36:02Z,1,S2B_MSIL1C_20250407T100559_N0511_R022_T34VCM_20250407T123602,
2025-04-10,2025,no_representative_frozen_scl_gate_failed,False,,,,,,,,no_l2a_representative_for_date,,,,,,,,0,,The frozen SCL observation mask selected no representative L2A product for this date.
2025-04-12,2025,frozen_representative,True,S2C_MSIL2A_20250412T101041_N0511_R022_T34VCM_20250412T154117,S2C,2025-04-12T10:10:41Z,T34VCM,22,N0511,2025-04-12T15:41:17Z,exact_unique,S2C_MSIL1C_20250412T101041_N0511_R022_T34VCM_20250412T134850,S2C,2025-04-12T10:10:41Z,T34VCM,22,N0511,2025-04-12T13:48:50Z,1,S2C_MSIL1C_20250412T101041_N0511_R022_T34VCM_20250412T134850,
2025-04-14,2025,frozen_representative,True,S2A_MSIL2A_20250414T100701_N0511_R022_T34VCM_20250414T172412,S2A,2025-04-14T10:07:01Z,T34VCM,22,N0511,2025-04-14T17:24:12Z,exact_unique,S2A_MSIL1C_20250414T100701_N0511_R022_T34VCM_20250414T153115,S2A,2025-04-14T10:07:01Z,T34VCM,22,N0511,2025-04-14T15:31:15Z,1,S2A_MSIL1C_20250414T100701_N0511_R022_T34VCM_20250414T153115,
2025-04-15,2025,no_representative_frozen_scl_gate_failed,False,,,,,,,,no_l2a_representative_for_date,,,,,,,,0,,The frozen SCL observation mask selected no representative L2A product for this date.
2025-04-17,2025,no_representative_frozen_scl_gate_failed,False,,,,,,,,no_l2a_representative_for_date,,,,,,,,0,,The frozen SCL observation mask selected no representative L2A product for this date.
2025-04-20,2025,no_representative_frozen_scl_gate_failed,False,,,,,,,,no_l2a_representative_for_date,,,,,,,,0,,The frozen SCL observation mask selected no representative L2A product for this date.
2025-04-22,2025,no_representative_frozen_scl_gate_failed,False,,,,,,,,no_l2a_representative_for_date,,,,,,,,0,,The frozen SCL observation mask selected no representative L2A product for this date.
2025-04-24,2025,no_representative_frozen_scl_gate_failed,False,,,,,,,,no_l2a_representative_for_date,,,,,,,,0,,The frozen SCL observation mask selected no representative L2A product for this date.
2025-04-25,2025,no_representative_frozen_scl_gate_failed,False,,,,,,,,no_l2a_representative_for_date,,,,,,,,0,,The frozen SCL observation mask selected no representative L2A product for this date.
2025-04-27,2025,frozen_representative,True,S2B_MSIL2A_20250427T100559_N0511_R022_T34VCM_20250427T130507,S2B,2025-04-27T10:05:59Z,T34VCM,22,N0511,2025-04-27T13:05:07Z,exact_unique,S2B_MSIL1C_20250427T100559_N0511_R022_T34VCM_20250427T123603,S2B,2025-04-27T10:05:59Z,T34VCM,22,N0511,2025-04-27T12:36:03Z,1,S2B_MSIL1C_20250427T100559_N0511_R022_T34VCM_20250427T123603,
2025-04-30,2025,no_representative_frozen_scl_gate_failed,False,,,,,,,,no_l2a_representative_for_date,,,,,,,,0,,The frozen SCL observation mask selected no representative L2A product for this date.
2025-05-02,2025,no_representative_frozen_scl_gate_failed,False,,,,,,,,no_l2a_representative_for_date,,,,,,,,0,,The frozen SCL observation mask selected no representative L2A product for this date.
2025-05-04,2025,frozen_representative,True,S2A_MSIL2A_20250504T100701_N0511_R022_T34VCM_20250504T171412,S2A,2025-05-04T10:07:01Z,T34VCM,22,N0511,2025-05-04T17:14:12Z,exact_unique,S2A_MSIL1C_20250504T100701_N0511_R022_T34VCM_20250504T152814,S2A,2025-05-04T10:07:01Z,T34VCM,22,N0511,2025-05-04T15:28:14Z,1,S2A_MSIL1C_20250504T100701_N0511_R022_T34VCM_20250504T152814,
2025-05-05,2025,no_representative_frozen_scl_gate_failed,False,,,,,,,,no_l2a_representative_for_date,,,,,,,,0,,The frozen SCL observation mask selected no representative L2A product for this date.
2025-05-07,2025,frozen_representative,True,S2B_MSIL2A_20250507T100559_N0511_R022_T34VCM_20250507T125642,S2B,2025-05-07T10:05:59Z,T34VCM,22,N0511,2025-05-07T12:56:42Z,exact_unique,S2B_MSIL1C_20250507T100559_N0511_R022_T34VCM_20250507T123606,S2B,2025-05-07T10:05:59Z,T34VCM,22,N0511,2025-05-07T12:36:06Z,1,S2B_MSIL1C_20250507T100559_N0511_R022_T34VCM_20250507T123606,
2025-05-10,2025,no_representative_frozen_scl_gate_failed,False,,,,,,,,no_l2a_representative_for_date,,,,,,,,0,,The frozen SCL observation mask selected no representative L2A product for this date.
2025-05-12,2025,frozen_representative,True,S2C_MSIL2A_20250512T100611_N0511_R022_T34VCM_20250512T173114,S2C,2025-05-12T10:06:11Z,T34VCM,22,N0511,2025-05-12T17:31:14Z,exact_unique,S2C_MSIL1C_20250512T100611_N0511_R022_T34VCM_20250512T152838,S2C,2025-05-12T10:06:11Z,T34VCM,22,N0511,2025-05-12T15:28:38Z,1,S2C_MSIL1C_20250512T100611_N0511_R022_T34VCM_20250512T152838,
2025-05-14,2025,frozen_representative,True,S2A_MSIL2A_20250514T101041_N0511_R022_T34VCM_20250514T154511,S2A,2025-05-14T10:10:41Z,T34VCM,22,N0511,2025-05-14T15:45:11Z,exact_unique,S2A_MSIL1C_20250514T101041_N0511_R022_T34VCM_20250514T142711,S2A,2025-05-14T10:10:41Z,T34VCM,22,N0511,2025-05-14T14:27:11Z,1,S2A_MSIL1C_20250514T101041_N0511_R022_T34VCM_20250514T142711,
2025-05-15,2025,frozen_representative,True,S2C_MSIL2A_20250515T101611_N0511_R065_T34VCM_20250515T154718,S2C,2025-05-15T10:16:11Z,T34VCM,65,N0511,2025-05-15T15:47:18Z,exact_unique,S2C_MSIL1C_20250515T101611_N0511_R065_T34VCM_20250515T140132,S2C,2025-05-15T10:16:11Z,T34VCM,65,N0511,2025-05-15T14:01:32Z,1,S2C_MSIL1C_20250515T101611_N0511_R065_T34VCM_20250515T140132,
2025-05-17,2025,no_representative_frozen_scl_gate_failed,False,,,,,,,,no_l2a_representative_for_date,,,,,,,,0,,The frozen SCL observation mask selected no representative L2A product for this date.
2025-05-20,2025,frozen_representative,True,S2B_MSIL2A_20250520T101559_N0511_R065_T34VCM_20250520T130619,S2B,2025-05-20T10:15:59Z,T34VCM,65,N0511,2025-05-20T13:06:19Z,exact_unique,S2B_MSIL1C_20250520T101559_N0511_R065_T34VCM_20250520T124535,S2B,2025-05-20T10:15:59Z,T34VCM,65,N0511,2025-05-20T12:45:35Z,1,S2B_MSIL1C_20250520T101559_N0511_R065_T34VCM_20250520T124535,
2025-05-22,2025,no_representative_frozen_scl_gate_failed,False,,,,,,,,no_l2a_representative_for_date,,,,,,,,0,,The frozen SCL observation mask selected no representative L2A product for this date.
2025-05-24,2025,no_representative_frozen_scl_gate_failed,False,,,,,,,,no_l2a_representative_for_date,,,,,,,,0,,The frozen SCL observation mask selected no representative L2A product for this date.
2025-05-25,2025,no_representative_frozen_scl_gate_failed,False,,,,,,,,no_l2a_representative_for_date,,,,,,,,0,,The frozen SCL observation mask selected no representative L2A product for this date.
2025-05-27,2025,frozen_representative,True,S2A_MSIL2A_20250527T102041_N0511_R065_T34VCM_20250527T165916,S2A,2025-05-27T10:20:41Z,T34VCM,65,N0511,2025-05-27T16:59:16Z,exact_unique,S2A_MSIL1C_20250527T102041_N0511_R065_T34VCM_20250527T153559,S2A,2025-05-27T10:20:41Z,T34VCM,65,N0511,2025-05-27T15:35:59Z,1,S2A_MSIL1C_20250527T102041_N0511_R065_T34VCM_20250527T153559,
2025-05-30,2025,no_representative_frozen_scl_gate_failed,False,,,,,,,,no_l2a_representative_for_date,,,,,,,,0,,The frozen SCL observation mask selected no representative L2A product for this date.
2025-06-01,2025,frozen_representative,True,S2C_MSIL2A_20250601T101041_N0511_R022_T34VCM_20250601T142413,S2C,2025-06-01T10:10:41Z,T34VCM,22,N0511,2025-06-01T14:24:13Z,exact_unique,S2C_MSIL1C_20250601T101041_N0511_R022_T34VCM_20250601T124124,S2C,2025-06-01T10:10:41Z,T34VCM,22,N0511,2025-06-01T12:41:24Z,1,S2C_MSIL1C_20250601T101041_N0511_R022_T34VCM_20250601T124124,
2025-06-03,2025,frozen_representative,True,S2A_MSIL2A_20250603T101041_N0511_R022_T34VCM_20250603T120411,S2A,2025-06-03T10:10:41Z,T34VCM,22,N0511,2025-06-03T12:04:11Z,exact_unique,S2A_MSIL1C_20250603T101041_N0511_R022_T34VCM_20250603T105730,S2A,2025-06-03T10:10:41Z,T34VCM,22,N0511,2025-06-03T10:57:30Z,1,S2A_MSIL1C_20250603T101041_N0511_R022_T34VCM_20250603T105730,
2025-06-04,2025,no_representative_frozen_scl_gate_failed,False,,,,,,,,no_l2a_representative_for_date,,,,,,,,0,,The frozen SCL observation mask selected no representative L2A product for this date.
2025-06-06,2025,no_representative_frozen_scl_gate_failed,False,,,,,,,,no_l2a_representative_for_date,,,,,,,,0,,The frozen SCL observation mask selected no representative L2A product for this date.
2025-06-09,2025,no_representative_frozen_scl_gate_failed,False,,,,,,,,no_l2a_representative_for_date,,,,,,,,0,,The frozen SCL observation mask selected no representative L2A product for this date.
2025-06-11,2025,no_representative_frozen_scl_gate_failed,False,,,,,,,,no_l2a_representative_for_date,,,,,,,,0,,The frozen SCL observation mask selected no representative L2A product for this date.
2025-06-13,2025,no_representative_frozen_scl_gate_failed,False,,,,,,,,no_l2a_representative_for_date,,,,,,,,0,,The frozen SCL observation mask selected no representative L2A product for this date.
2025-06-14,2025,frozen_representative,True,S2C_MSIL2A_20250614T101621_N0511_R065_T34VCM_20250614T142405,S2C,2025-06-14T10:16:21Z,T34VCM,65,N0511,2025-06-14T14:24:05Z,exact_unique,S2C_MSIL1C_20250614T101621_N0511_R065_T34VCM_20250614T124536,S2C,2025-06-14T10:16:21Z,T34VCM,65,N0511,2025-06-14T12:45:36Z,1,S2C_MSIL1C_20250614T101621_N0511_R065_T34VCM_20250614T124536,
2025-06-16,2025,no_representative_frozen_scl_gate_failed,False,,,,,,,,no_l2a_representative_for_date,,,,,,,,0,,The frozen SCL observation mask selected no representative L2A product for this date.
2025-06-19,2025,no_representative_frozen_scl_gate_failed,False,,,,,,,,no_l2a_representative_for_date,,,,,,,,0,,The frozen SCL observation mask selected no representative L2A product for this date.
2025-06-21,2025,no_representative_frozen_scl_gate_failed,False,,,,,,,,no_l2a_representative_for_date,,,,,,,,0,,The frozen SCL observation mask selected no representative L2A product for this date.
2025-06-23,2025,no_representative_frozen_scl_gate_failed,False,,,,,,,,no_l2a_representative_for_date,,,,,,,,0,,The frozen SCL observation mask selected no representative L2A product for this date.
2025-06-24,2025,no_representative_frozen_scl_gate_failed,False,,,,,,,,no_l2a_representative_for_date,,,,,,,,0,,The frozen SCL observation mask selected no representative L2A product for this date.
2025-06-26,2025,frozen_representative,True,S2B_MSIL2A_20250626T100559_N0511_R022_T34VCM_20250626T130127,S2B,2025-06-26T10:05:59Z,T34VCM,22,N0511,2025-06-26T13:01:27Z,exact_unique,S2B_MSIL1C_20250626T100559_N0511_R022_T34VCM_20250626T123609,S2B,2025-06-26T10:05:59Z,T34VCM,22,N0511,2025-06-26T12:36:09Z,1,S2B_MSIL1C_20250626T100559_N0511_R022_T34VCM_20250626T123609,
2025-07-01,2025,no_representative_frozen_scl_gate_failed,False,,,,,,,,no_l2a_representative_for_date,,,,,,,,0,,The frozen SCL observation mask selected no representative L2A product for this date.
2025-07-03,2025,frozen_representative,True,S2A_MSIL2A_20250703T100711_N0511_R022_T34VCM_20250703T120917,S2A,2025-07-03T10:07:11Z,T34VCM,22,N0511,2025-07-03T12:09:17Z,exact_unique,S2A_MSIL1C_20250703T100711_N0511_R022_T34VCM_20250703T105812,S2A,2025-07-03T10:07:11Z,T34VCM,22,N0511,2025-07-03T10:58:12Z,1,S2A_MSIL1C_20250703T100711_N0511_R022_T34VCM_20250703T105812,
2025-07-04,2025,frozen_representative,True,S2C_MSIL2A_20250704T102041_N0511_R065_T34VCM_20250704T153115,S2C,2025-07-04T10:20:41Z,T34VCM,65,N0511,2025-07-04T15:31:15Z,exact_unique,S2C_MSIL1C_20250704T102041_N0511_R065_T34VCM_20250704T140054,S2C,2025-07-04T10:20:41Z,T34VCM,65,N0511,2025-07-04T14:00:54Z,1,S2C_MSIL1C_20250704T102041_N0511_R065_T34VCM_20250704T140054,
2025-07-06,2025,no_representative_frozen_scl_gate_failed,False,,,,,,,,no_l2a_representative_for_date,,,,,,,,0,,The frozen SCL observation mask selected no representative L2A product for this date.
2025-07-09,2025,frozen_representative,True,S2B_MSIL2A_20250709T101559_N0511_R065_T34VCM_20250709T155807,S2B,2025-07-09T10:15:59Z,T34VCM,65,N0511,2025-07-09T15:58:07Z,exact_unique,S2B_MSIL1C_20250709T101559_N0511_R065_T34VCM_20250709T153510,S2B,2025-07-09T10:15:59Z,T34VCM,65,N0511,2025-07-09T15:35:10Z,1,S2B_MSIL1C_20250709T101559_N0511_R065_T34VCM_20250709T153510,
2025-07-11,2025,no_representative_frozen_scl_gate_failed,False,,,,,,,,no_l2a_representative_for_date,,,,,,,,0,,The frozen SCL observation mask selected no representative L2A product for this date.
2025-07-13,2025,no_representative_frozen_scl_gate_failed,False,,,,,,,,no_l2a_representative_for_date,,,,,,,,0,,The frozen SCL observation mask selected no representative L2A product for this date.
2025-07-14,2025,no_representative_frozen_scl_gate_failed,False,,,,,,,,no_l2a_representative_for_date,,,,,,,,0,,The frozen SCL observation mask selected no representative L2A product for this date.
2025-07-16,2025,frozen_representative,True,S2B_MSIL2A_20250716T100559_N0511_R022_T34VCM_20250716T124455,S2B,2025-07-16T10:05:59Z,T34VCM,22,N0511,2025-07-16T12:44:55Z,exact_unique,S2B_MSIL1C_20250716T100559_N0511_R022_T34VCM_20250716T122002,S2B,2025-07-16T10:05:59Z,T34VCM,22,N0511,2025-07-16T12:20:02Z,1,S2B_MSIL1C_20250716T100559_N0511_R022_T34VCM_20250716T122002,
2025-07-19,2025,frozen_representative,True,S2B_MSIL2A_20250719T101559_N0511_R065_T34VCM_20250719T130235,S2B,2025-07-19T10:15:59Z,T34VCM,65,N0511,2025-07-19T13:02:35Z,exact_unique,S2B_MSIL1C_20250719T101559_N0511_R065_T34VCM_20250719T123330,S2B,2025-07-19T10:15:59Z,T34VCM,65,N0511,2025-07-19T12:33:30Z,1,S2B_MSIL1C_20250719T101559_N0511_R065_T34VCM_20250719T123330,
2025-07-21,2025,frozen_representative,True,S2C_MSIL2A_20250721T101051_N0511_R022_T34VCM_20250721T152330,S2C,2025-07-21T10:10:51Z,T34VCM,22,N0511,2025-07-21T15:23:30Z,exact_unique,S2C_MSIL1C_20250721T101051_N0511_R022_T34VCM_20250721T134947,S2C,2025-07-21T10:10:51Z,T34VCM,22,N0511,2025-07-21T13:49:47Z,1,S2C_MSIL1C_20250721T101051_N0511_R022_T34VCM_20250721T134947,
2025-07-23,2025,frozen_representative,True,S2A_MSIL2A_20250723T100711_N0511_R022_T34VCM_20250723T135913,S2A,2025-07-23T10:07:11Z,T34VCM,22,N0511,2025-07-23T13:59:13Z,exact_unique,S2A_MSIL1C_20250723T100711_N0511_R022_T34VCM_20250723T124234,S2A,2025-07-23T10:07:11Z,T34VCM,22,N0511,2025-07-23T12:42:34Z,1,S2A_MSIL1C_20250723T100711_N0511_R022_T34VCM_20250723T124234,
2025-07-24,2025,frozen_representative,True,S2C_MSIL2A_20250724T102041_N0511_R065_T34VCM_20250724T152814,S2C,2025-07-24T10:20:41Z,T34VCM,65,N0511,2025-07-24T15:28:14Z,exact_unique,S2C_MSIL1C_20250724T102041_N0511_R065_T34VCM_20250724T135905,S2C,2025-07-24T10:20:41Z,T34VCM,65,N0511,2025-07-24T13:59:05Z,1,S2C_MSIL1C_20250724T102041_N0511_R065_T34VCM_20250724T135905,
2025-07-26,2025,frozen_representative,True,S2B_MSIL2A_20250726T100559_N0511_R022_T34VCM_20250726T122650,S2B,2025-07-26T10:05:59Z,T34VCM,22,N0511,2025-07-26T12:26:50Z,exact_unique,S2B_MSIL1C_20250726T100559_N0511_R022_T34VCM_20250726T120532,S2B,2025-07-26T10:05:59Z,T34VCM,22,N0511,2025-07-26T12:05:32Z,1,S2B_MSIL1C_20250726T100559_N0511_R022_T34VCM_20250726T120532,
2025-07-29,2025,no_representative_frozen_scl_gate_failed,False,,,,,,,,no_l2a_representative_for_date,,,,,,,,0,,The frozen SCL observation mask selected no representative L2A product for this date.
2025-07-31,2025,no_representative_frozen_scl_gate_failed,False,,,,,,,,no_l2a_representative_for_date,,,,,,,,0,,The frozen SCL observation mask selected no representative L2A product for this date.
2025-08-02,2025,frozen_representative,True,S2A_MSIL2A_20250802T101041_N0511_R022_T34VCM_20250802T140417,S2A,2025-08-02T10:10:41Z,T34VCM,22,N0511,2025-08-02T14:04:17Z,exact_unique,S2A_MSIL1C_20250802T101041_N0511_R022_T34VCM_20250802T124343,S2A,2025-08-02T10:10:41Z,T34VCM,22,N0511,2025-08-02T12:43:43Z,1,S2A_MSIL1C_20250802T101041_N0511_R022_T34VCM_20250802T124343,
2025-08-03,2025,no_representative_frozen_scl_gate_failed,False,,,,,,,,no_l2a_representative_for_date,,,,,,,,0,,The frozen SCL observation mask selected no representative L2A product for this date.
2025-08-05,2025,frozen_representative,True,S2B_MSIL2A_20250805T100559_N0511_R022_T34VCM_20250805T141708,S2B,2025-08-05T10:05:59Z,T34VCM,22,N0511,2025-08-05T14:17:08Z,exact_unique,S2B_MSIL1C_20250805T100559_N0511_R022_T34VCM_20250805T134518,S2B,2025-08-05T10:05:59Z,T34VCM,22,N0511,2025-08-05T13:45:18Z,1,S2B_MSIL1C_20250805T100559_N0511_R022_T34VCM_20250805T134518,
2025-08-08,2025,no_representative_frozen_scl_gate_failed,False,,,,,,,,no_l2a_representative_for_date,,,,,,,,0,,The frozen SCL observation mask selected no representative L2A product for this date.
2025-08-12,2025,frozen_representative,True,S2A_MSIL2A_20250812T100701_N0511_R022_T34VCM_20250812T121415,S2A,2025-08-12T10:07:01Z,T34VCM,22,N0511,2025-08-12T12:14:15Z,exact_unique,S2A_MSIL1C_20250812T100701_N0511_R022_T34VCM_20250812T103126,S2A,2025-08-12T10:07:01Z,T34VCM,22,N0511,2025-08-12T10:31:26Z,1,S2A_MSIL1C_20250812T100701_N0511_R022_T34VCM_20250812T103126,
2025-08-13,2025,no_representative_frozen_scl_gate_failed,False,,,,,,,,no_l2a_representative_for_date,,,,,,,,0,,The frozen SCL observation mask selected no representative L2A product for this date.
2025-08-15,2025,frozen_representative,True,S2B_MSIL2A_20250815T100559_N0511_R022_T34VCM_20250815T122915,S2B,2025-08-15T10:05:59Z,T34VCM,22,N0511,2025-08-15T12:29:15Z,exact_unique,S2B_MSIL1C_20250815T100559_N0511_R022_T34VCM_20250815T120541,S2B,2025-08-15T10:05:59Z,T34VCM,22,N0511,2025-08-15T12:05:41Z,1,S2B_MSIL1C_20250815T100559_N0511_R022_T34VCM_20250815T120541,
2025-08-18,2025,frozen_representative,True,S2B_MSIL2A_20250818T101559_N0511_R065_T34VCM_20250818T125628,S2B,2025-08-18T10:15:59Z,T34VCM,65,N0511,2025-08-18T12:56:28Z,exact_unique,S2B_MSIL1C_20250818T101559_N0511_R065_T34VCM_20250818T123519,S2B,2025-08-18T10:15:59Z,T34VCM,65,N0511,2025-08-18T12:35:19Z,1,S2B_MSIL1C_20250818T101559_N0511_R065_T34VCM_20250818T123519,
2025-08-20,2025,no_representative_frozen_scl_gate_failed,False,,,,,,,,no_l2a_representative_for_date,,,,,,,,0,,The frozen SCL observation mask selected no representative L2A product for this date.
2025-08-22,2025,no_representative_frozen_scl_gate_failed,False,,,,,,,,no_l2a_representative_for_date,,,,,,,,0,,The frozen SCL observation mask selected no representative L2A product for this date.
2025-08-23,2025,no_representative_frozen_scl_gate_failed,False,,,,,,,,no_l2a_representative_for_date,,,,,,,,0,,The frozen SCL observation mask selected no representative L2A product for this date.
2025-08-25,2025,no_representative_frozen_scl_gate_failed,False,,,,,,,,no_l2a_representative_for_date,,,,,,,,0,,The frozen SCL observation mask selected no representative L2A product for this date.
2025-08-28,2025,frozen_representative,True,S2B_MSIL2A_20250828T101559_N0511_R065_T34VCM_20250828T130342,S2B,2025-08-28T10:15:59Z,T34VCM,65,N0511,2025-08-28T13:03:42Z,exact_unique,S2B_MSIL1C_20250828T101559_N0511_R065_T34VCM_20250828T123500,S2B,2025-08-28T10:15:59Z,T34VCM,65,N0511,2025-08-28T12:35:00Z,1,S2B_MSIL1C_20250828T101559_N0511_R065_T34VCM_20250828T123500,
2025-08-30,2025,no_representative_frozen_scl_gate_failed,False,,,,,,,,no_l2a_representative_for_date,,,,,,,,0,,The frozen SCL observation mask selected no representative L2A product for this date.
2025-09-01,2025,no_representative_frozen_scl_gate_failed,False,,,,,,,,no_l2a_representative_for_date,,,,,,,,0,,The frozen SCL observation mask selected no representative L2A product for this date.
2025-09-02,2025,no_representative_frozen_scl_gate_failed,False,,,,,,,,no_l2a_representative_for_date,,,,,,,,0,,The frozen SCL observation mask selected no representative L2A product for this date.
2025-09-04,2025,frozen_representative,True,S2A_MSIL2A_20250904T102041_N0511_R065_T34VCM_20250904T121100,S2A,2025-09-04T10:20:41Z,T34VCM,65,N0511,2025-09-04T12:11:00Z,exact_unique,S2A_MSIL1C_20250904T102041_N0511_R065_T34VCM_20250904T104314,S2A,2025-09-04T10:20:41Z,T34VCM,65,N0511,2025-09-04T10:43:14Z,1,S2A_MSIL1C_20250904T102041_N0511_R065_T34VCM_20250904T104314,
2025-09-07,2025,frozen_representative,True,S2B_MSIL2A_20250907T101559_N0511_R065_T34VCM_20250907T142103,S2B,2025-09-07T10:15:59Z,T34VCM,65,N0511,2025-09-07T14:21:03Z,exact_unique,S2B_MSIL1C_20250907T101559_N0511_R065_T34VCM_20250907T135457,S2B,2025-09-07T10:15:59Z,T34VCM,65,N0511,2025-09-07T13:54:57Z,1,S2B_MSIL1C_20250907T101559_N0511_R065_T34VCM_20250907T135457,
2025-09-11,2025,no_representative_frozen_scl_gate_failed,False,,,,,,,,no_l2a_representative_for_date,,,,,,,,0,,The frozen SCL observation mask selected no representative L2A product for this date.
2025-09-12,2025,frozen_representative,True,S2C_MSIL2A_20250912T101641_N0511_R065_T34VCM_20250912T152814,S2C,2025-09-12T10:16:41Z,T34VCM,65,N0511,2025-09-12T15:28:14Z,exact_unique,S2C_MSIL1C_20250912T101641_N0511_R065_T34VCM_20250912T135921,S2C,2025-09-12T10:16:41Z,T34VCM,65,N0511,2025-09-12T13:59:21Z,1,S2C_MSIL1C_20250912T101641_N0511_R065_T34VCM_20250912T135921,
2025-09-14,2025,no_representative_frozen_scl_gate_failed,False,,,,,,,,no_l2a_representative_for_date,,,,,,,,0,,The frozen SCL observation mask selected no representative L2A product for this date.
2025-09-17,2025,no_representative_frozen_scl_gate_failed,False,,,,,,,,no_l2a_representative_for_date,,,,,,,,0,,The frozen SCL observation mask selected no representative L2A product for this date.
2025-09-19,2025,frozen_representative,True,S2C_MSIL2A_20250919T101041_N0511_R022_T34VCM_20250919T150924,S2C,2025-09-19T10:10:41Z,T34VCM,22,N0511,2025-09-19T15:09:24Z,exact_unique,S2C_MSIL1C_20250919T101041_N0511_R022_T34VCM_20250919T134957,S2C,2025-09-19T10:10:41Z,T34VCM,22,N0511,2025-09-19T13:49:57Z,1,S2C_MSIL1C_20250919T101041_N0511_R022_T34VCM_20250919T134957,
2025-09-21,2025,no_representative_frozen_scl_gate_failed,False,,,,,,,,no_l2a_representative_for_date,,,,,,,,0,,The frozen SCL observation mask selected no representative L2A product for this date.
2025-09-22,2025,frozen_representative,True,S2C_MSIL2A_20250922T101741_N0511_R065_T34VCM_20250922T155314,S2C,2025-09-22T10:17:41Z,T34VCM,65,N0511,2025-09-22T15:53:14Z,exact_unique,S2C_MSIL1C_20250922T101741_N0511_R065_T34VCM_20250922T143225,S2C,2025-09-22T10:17:41Z,T34VCM,65,N0511,2025-09-22T14:32:25Z,1,S2C_MSIL1C_20250922T101741_N0511_R065_T34VCM_20250922T143225,
2025-09-24,2025,no_representative_frozen_scl_gate_failed,False,,,,,,,,no_l2a_representative_for_date,,,,,,,,0,,The frozen SCL observation mask selected no representative L2A product for this date.
2025-09-27,2025,frozen_representative,True,S2B_MSIL2A_20250927T101709_N0511_R065_T34VCM_20250927T141318,S2B,2025-09-27T10:17:09Z,T34VCM,65,N0511,2025-09-27T14:13:18Z,exact_unique,S2B_MSIL1C_20250927T101709_N0511_R065_T34VCM_20250927T135509,S2B,2025-09-27T10:17:09Z,T34VCM,65,N0511,2025-09-27T13:55:09Z,1,S2B_MSIL1C_20250927T101709_N0511_R065_T34VCM_20250927T135509,
2025-09-29,2025,no_representative_frozen_scl_gate_failed,False,,,,,,,,no_l2a_representative_for_date,,,,,,,,0,,The frozen SCL observation mask selected no representative L2A product for this date.
2025-10-02,2025,no_representative_frozen_scl_gate_failed,False,,,,,,,,no_l2a_representative_for_date,,,,,,,,0,,The frozen SCL observation mask selected no representative L2A product for this date.
2025-10-04,2025,no_representative_frozen_scl_gate_failed,False,,,,,,,,no_l2a_representative_for_date,,,,,,,,0,,The frozen SCL observation mask selected no representative L2A product for this date.
2025-10-07,2025,no_representative_frozen_scl_gate_failed,False,,,,,,,,no_l2a_representative_for_date,,,,,,,,0,,The frozen SCL observation mask selected no representative L2A product for this date.
2025-10-09,2025,frozen_representative,True,S2C_MSIL2A_20251009T100941_N0511_R022_T34VCM_20251009T170113,S2C,2025-10-09T10:09:41Z,T34VCM,22,N0511,2025-10-09T17:01:13Z,exact_unique,S2C_MSIL1C_20251009T100941_N0511_R022_T34VCM_20251009T152949,S2C,2025-10-09T10:09:41Z,T34VCM,22,N0511,2025-10-09T15:29:49Z,1,S2C_MSIL1C_20251009T100941_N0511_R022_T34VCM_20251009T152949,
2025-10-11,2025,frozen_representative,True,S2A_MSIL2A_20251011T100951_N0511_R022_T34VCM_20251011T120013,S2A,2025-10-11T10:09:51Z,T34VCM,22,N0511,2025-10-11T12:00:13Z,exact_unique,S2A_MSIL1C_20251011T100951_N0511_R022_T34VCM_20251011T102927,S2A,2025-10-11T10:09:51Z,T34VCM,22,N0511,2025-10-11T10:29:27Z,1,S2A_MSIL1C_20251011T100951_N0511_R022_T34VCM_20251011T102927,
2025-10-12,2025,no_representative_frozen_scl_gate_failed,False,,,,,,,,no_l2a_representative_for_date,,,,,,,,0,,The frozen SCL observation mask selected no representative L2A product for this date.
2025-10-14,2025,no_representative_frozen_scl_gate_failed,False,,,,,,,,no_l2a_representative_for_date,,,,,,,,0,,The frozen SCL observation mask selected no representative L2A product for this date.
2025-10-17,2025,frozen_representative,True,S2B_MSIL2A_20251017T101929_N0511_R065_T34VCM_20251017T125110,S2B,2025-10-17T10:19:29Z,T34VCM,65,N0511,2025-10-17T12:51:10Z,exact_unique,S2B_MSIL1C_20251017T101929_N0511_R065_T34VCM_20251017T123415,S2B,2025-10-17T10:19:29Z,T34VCM,65,N0511,2025-10-17T12:34:15Z,1,S2B_MSIL1C_20251017T101929_N0511_R065_T34VCM_20251017T123415,
2025-10-19,2025,frozen_representative,True,S2C_MSIL2A_20251019T101041_N0511_R022_T34VCM_20251019T170018,S2C,2025-10-19T10:10:41Z,T34VCM,22,N0511,2025-10-19T17:00:18Z,exact_unique,S2C_MSIL1C_20251019T101041_N0511_R022_T34VCM_20251019T152831,S2C,2025-10-19T10:10:41Z,T34VCM,22,N0511,2025-10-19T15:28:31Z,1,S2C_MSIL1C_20251019T101041_N0511_R022_T34VCM_20251019T152831,
2025-10-21,2025,no_representative_frozen_scl_gate_failed,False,,,,,,,,no_l2a_representative_for_date,,,,,,,,0,,The frozen SCL observation mask selected no representative L2A product for this date.
2025-10-22,2025,no_representative_frozen_scl_gate_failed,False,,,,,,,,no_l2a_representative_for_date,,,,,,,,0,,The frozen SCL observation mask selected no representative L2A product for this date.
2025-10-24,2025,no_representative_frozen_scl_gate_failed,False,,,,,,,,no_l2a_representative_for_date,,,,,,,,0,,The frozen SCL observation mask selected no representative L2A product for this date.
2025-10-27,2025,no_representative_frozen_scl_gate_failed,False,,,,,,,,no_l2a_representative_for_date,,,,,,,,0,,The frozen SCL observation mask selected no representative L2A product for this date.
2025-10-29,2025,no_representative_frozen_scl_gate_failed,False,,,,,,,,no_l2a_representative_for_date,,,,,,,,0,,The frozen SCL observation mask selected no representative L2A product for this date.
2025-10-31,2025,no_representative_frozen_scl_gate_failed,False,,,,,,,,no_l2a_representative_for_date,,,,,,,,0,,The frozen SCL observation mask selected no representative L2A product for this date.
2025-11-01,2025,no_representative_frozen_scl_gate_failed,False,,,,,,,,no_l2a_representative_for_date,,,,,,,,0,,The frozen SCL observation mask selected no representative L2A product for this date.
2025-11-03,2025,frozen_representative,True,S2B_MSIL2A_20251103T101109_N0511_R022_T34VCM_20251103T122031,S2B,2025-11-03T10:11:09Z,T34VCM,22,N0511,2025-11-03T12:20:31Z,exact_unique,S2B_MSIL1C_20251103T101109_N0511_R022_T34VCM_20251103T120648,S2B,2025-11-03T10:11:09Z,T34VCM,22,N0511,2025-11-03T12:06:48Z,1,S2B_MSIL1C_20251103T101109_N0511_R022_T34VCM_20251103T120648,
2025-11-06,2025,no_representative_frozen_scl_gate_failed,False,,,,,,,,no_l2a_representative_for_date,,,,,,,,0,,The frozen SCL observation mask selected no representative L2A product for this date.
2025-11-08,2025,no_representative_frozen_scl_gate_failed,False,,,,,,,,no_l2a_representative_for_date,,,,,,,,0,,The frozen SCL observation mask selected no representative L2A product for this date.
2025-11-10,2025,no_representative_frozen_scl_gate_failed,False,,,,,,,,no_l2a_representative_for_date,,,,,,,,0,,The frozen SCL observation mask selected no representative L2A product for this date.
2025-11-11,2025,no_representative_frozen_scl_gate_failed,False,,,,,,,,no_l2a_representative_for_date,,,,,,,,0,,The frozen SCL observation mask selected no representative L2A product for this date.
2025-11-13,2025,no_representative_frozen_scl_gate_failed,False,,,,,,,,no_l2a_representative_for_date,,,,,,,,0,,The frozen SCL observation mask selected no representative L2A product for this date.
2025-11-16,2025,frozen_representative,True,S2B_MSIL2A_20251116T102219_N0511_R065_T34VCM_20251116T125013,S2B,2025-11-16T10:22:19Z,T34VCM,65,N0511,2025-11-16T12:50:13Z,exact_unique,S2B_MSIL1C_20251116T102219_N0511_R065_T34VCM_20251116T123250,S2B,2025-11-16T10:22:19Z,T34VCM,65,N0511,2025-11-16T12:32:50Z,1,S2B_MSIL1C_20251116T102219_N0511_R065_T34VCM_20251116T123250,
2025-11-18,2025,no_representative_frozen_scl_gate_failed,False,,,,,,,,no_l2a_representative_for_date,,,,,,,,0,,The frozen SCL observation mask selected no representative L2A product for this date.
2025-11-20,2025,frozen_representative,True,S2A_MSIL2A_20251120T101341_N0511_R022_T34VCM_20251120T113909,S2A,2025-11-20T10:13:41Z,T34VCM,22,N0511,2025-11-20T11:39:09Z,exact_unique,S2A_MSIL1C_20251120T101341_N0511_R022_T34VCM_20251120T102705,S2A,2025-11-20T10:13:41Z,T34VCM,22,N0511,2025-11-20T10:27:05Z,1,S2A_MSIL1C_20251120T101341_N0511_R022_T34VCM_20251120T102705,
2025-11-21,2025,no_representative_frozen_scl_gate_failed,False,,,,,,,,no_l2a_representative_for_date,,,,,,,,0,,The frozen SCL observation mask selected no representative L2A product for this date.
2025-11-23,2025,no_representative_frozen_scl_gate_failed,False,,,,,,,,no_l2a_representative_for_date,,,,,,,,0,,The frozen SCL observation mask selected no representative L2A product for this date.
2025-11-26,2025,frozen_representative,True,S2B_MSIL2A_20251126T102249_N0511_R065_T34VCM_20251126T125827,S2B,2025-11-26T10:22:49Z,T34VCM,65,N0511,2025-11-26T12:58:27Z,exact_unique,S2B_MSIL1C_20251126T102249_N0511_R065_T34VCM_20251126T123657,S2B,2025-11-26T10:22:49Z,T34VCM,65,N0511,2025-11-26T12:36:57Z,1,S2B_MSIL1C_20251126T102249_N0511_R065_T34VCM_20251126T123657,
2025-11-28,2025,no_representative_frozen_scl_gate_failed,False,,,,,,,,no_l2a_representative_for_date,,,,,,,,0,,The frozen SCL observation mask selected no representative L2A product for this date.
2025-11-30,2025,no_representative_frozen_scl_gate_failed,False,,,,,,,,no_l2a_representative_for_date,,,,,,,,0,,The frozen SCL observation mask selected no representative L2A product for this date.
