product_id,product_level,source_relative_path,platform,sensing_datetime_utc,acquisition_date,year,tile_id,relative_orbit,processing_baseline,generation_time_utc,product_uri,metadata_tile_id,acquisition_metadata_complete,band_asset_count,qa_asset_count,scl_asset_count,B4_raster_count,B5_raster_count,B6_raster_count,discovery_status
S2A_MSIL2A_20170107T102401_N0500_R065_T33UVB_20230915T222232,L2A,S2A_MSIL2A_20170107T102401_N0500_R065_T33UVB_20230915T222232.SAFE,S2A,2017-01-07T10:24:01Z,2017-01-07,2017,T33UVB,65,N0500,2023-09-15T22:22:32Z,S2A_MSIL2A_20170107T102401_N0500_R065_T33UVB_20230915T222232.SAFE,,True,25,31,2,3,2,2,inventoried
S2A_MSIL2A_20170110T103411_N0500_R108_T33UVB_20230918T173900,L2A,S2A_MSIL2A_20170110T103411_N0500_R108_T33UVB_20230918T173900.SAFE,S2A,2017-01-10T10:34:11Z,2017-01-10,2017,T33UVB,108,N0500,2023-09-18T17:39:00Z,S2A_MSIL2A_20170110T103411_N0500_R108_T33UVB_20230918T173900.SAFE,,True,25,31,2,3,2,2,inventoried
S2A_MSIL2A_20170127T102301_N0500_R065_T33UVB_20230922T030115,L2A,S2A_MSIL2A_20170127T102301_N0500_R065_T33UVB_20230922T030115.SAFE,S2A,2017-01-27T10:23:01Z,2017-01-27,2017,T33UVB,65,N0500,2023-09-22T03:01:15Z,S2A_MSIL2A_20170127T102301_N0500_R065_T33UVB_20230922T030115.SAFE,,True,25,31,2,3,2,2,inventoried
S2A_MSIL2A_20170130T103251_N0500_R108_T33UVB_20230926T041452,L2A,S2A_MSIL2A_20170130T103251_N0500_R108_T33UVB_20230926T041452.SAFE,S2A,2017-01-30T10:32:51Z,2017-01-30,2017,T33UVB,108,N0500,2023-09-26T04:14:52Z,S2A_MSIL2A_20170130T103251_N0500_R108_T33UVB_20230926T041452.SAFE,,True,25,31,2,3,2,2,inventoried
S2A_MSIL2A_20170206T102211_N0500_R065_T33UVB_20230919T100436,L2A,S2A_MSIL2A_20170206T102211_N0500_R065_T33UVB_20230919T100436.SAFE,S2A,2017-02-06T10:22:11Z,2017-02-06,2017,T33UVB,65,N0500,2023-09-19T10:04:36Z,S2A_MSIL2A_20170206T102211_N0500_R065_T33UVB_20230919T100436.SAFE,,True,25,31,2,3,2,2,inventoried
S2A_MSIL2A_20170209T103151_N0500_R108_T33UVB_20231025T153941,L2A,S2A_MSIL2A_20170209T103151_N0500_R108_T33UVB_20231025T153941.SAFE,S2A,2017-02-09T10:31:51Z,2017-02-09,2017,T33UVB,108,N0500,2023-10-25T15:39:41Z,S2A_MSIL2A_20170209T103151_N0500_R108_T33UVB_20231025T153941.SAFE,,True,25,31,2,3,2,2,inventoried
S2A_MSIL2A_20170216T102101_N0500_R065_T33UVB_20231025T172455,L2A,S2A_MSIL2A_20170216T102101_N0500_R065_T33UVB_20231025T172455.SAFE,S2A,2017-02-16T10:21:01Z,2017-02-16,2017,T33UVB,65,N0500,2023-10-25T17:24:55Z,S2A_MSIL2A_20170216T102101_N0500_R065_T33UVB_20231025T172455.SAFE,,True,25,31,2,3,2,2,inventoried
S2A_MSIL2A_20170219T103051_N0500_R108_T33UVB_20231025T175617,L2A,S2A_MSIL2A_20170219T103051_N0500_R108_T33UVB_20231025T175617.SAFE,S2A,2017-02-19T10:30:51Z,2017-02-19,2017,T33UVB,108,N0500,2023-10-25T17:56:17Z,S2A_MSIL2A_20170219T103051_N0500_R108_T33UVB_20231025T175617.SAFE,,True,25,31,2,3,2,2,inventoried
S2A_MSIL2A_20170226T102021_N0500_R065_T33UVB_20231025T115658,L2A,S2A_MSIL2A_20170226T102021_N0500_R065_T33UVB_20231025T115658.SAFE,S2A,2017-02-26T10:20:21Z,2017-02-26,2017,T33UVB,65,N0500,2023-10-25T11:56:58Z,S2A_MSIL2A_20170226T102021_N0500_R065_T33UVB_20231025T115658.SAFE,,True,25,31,2,3,2,2,inventoried
S2A_MSIL2A_20170301T103021_N0500_R108_T33UVB_20231025T001417,L2A,S2A_MSIL2A_20170301T103021_N0500_R108_T33UVB_20231025T001417.SAFE,S2A,2017-03-01T10:30:21Z,2017-03-01,2017,T33UVB,108,N0500,2023-10-25T00:14:17Z,S2A_MSIL2A_20170301T103021_N0500_R108_T33UVB_20231025T001417.SAFE,,True,25,31,2,3,2,2,inventoried
S2A_MSIL2A_20170308T102021_N0500_R065_T33UVB_20230912T203628,L2A,S2A_MSIL2A_20170308T102021_N0500_R065_T33UVB_20230912T203628.SAFE,S2A,2017-03-08T10:20:21Z,2017-03-08,2017,T33UVB,65,N0500,2023-09-12T20:36:28Z,S2A_MSIL2A_20170308T102021_N0500_R065_T33UVB_20230912T203628.SAFE,,True,25,31,2,3,2,2,inventoried
S2A_MSIL2A_20170311T103011_N0500_R108_T33UVB_20231024T065020,L2A,S2A_MSIL2A_20170311T103011_N0500_R108_T33UVB_20231024T065020.SAFE,S2A,2017-03-11T10:30:11Z,2017-03-11,2017,T33UVB,108,N0500,2023-10-24T06:50:20Z,S2A_MSIL2A_20170311T103011_N0500_R108_T33UVB_20231024T065020.SAFE,,True,25,31,2,3,2,2,inventoried
S2A_MSIL2A_20170318T102011_N0500_R065_T33UVB_20230925T014759,L2A,S2A_MSIL2A_20170318T102011_N0500_R065_T33UVB_20230925T014759.SAFE,S2A,2017-03-18T10:20:11Z,2017-03-18,2017,T33UVB,65,N0500,2023-09-25T01:47:59Z,S2A_MSIL2A_20170318T102011_N0500_R065_T33UVB_20230925T014759.SAFE,,True,25,31,2,3,2,2,inventoried
S2B_MSIL2A_20170320T101509_N0500_R051_T33UVB_20230911T073302,L2A,S2B_MSIL2A_20170320T101509_N0500_R051_T33UVB_20230911T073302.SAFE,S2B,2017-03-20T10:15:09Z,2017-03-20,2017,T33UVB,51,N0500,2023-09-11T07:33:02Z,S2B_MSIL2A_20170320T101509_N0500_R051_T33UVB_20230911T073302.SAFE,,True,25,31,2,3,2,2,inventoried
S2A_MSIL2A_20170321T103011_N0500_R108_T33UVB_20231101T112417,L2A,S2A_MSIL2A_20170321T103011_N0500_R108_T33UVB_20231101T112417.SAFE,S2A,2017-03-21T10:30:11Z,2017-03-21,2017,T33UVB,108,N0500,2023-11-01T11:24:17Z,S2A_MSIL2A_20170321T103011_N0500_R108_T33UVB_20231101T112417.SAFE,,True,25,31,2,3,2,2,inventoried
S2B_MSIL2A_20170323T102059_N0500_R094_T33UVB_20230915T074216,L2A,S2B_MSIL2A_20170323T102059_N0500_R094_T33UVB_20230915T074216.SAFE,S2B,2017-03-23T10:20:59Z,2017-03-23,2017,T33UVB,94,N0500,2023-09-15T07:42:16Z,S2B_MSIL2A_20170323T102059_N0500_R094_T33UVB_20230915T074216.SAFE,,True,25,31,2,3,2,2,inventoried
S2B_MSIL2A_20170326T103029_N0500_R137_T33UVB_20231026T035402,L2A,S2B_MSIL2A_20170326T103029_N0500_R137_T33UVB_20231026T035402.SAFE,S2B,2017-03-26T10:30:29Z,2017-03-26,2017,T33UVB,137,N0500,2023-10-26T03:54:02Z,S2B_MSIL2A_20170326T103029_N0500_R137_T33UVB_20231026T035402.SAFE,,True,25,31,2,3,2,2,inventoried
S2A_MSIL2A_20170328T102021_N0500_R065_T33UVB_20230927T143355,L2A,S2A_MSIL2A_20170328T102021_N0500_R065_T33UVB_20230927T143355.SAFE,S2A,2017-03-28T10:20:21Z,2017-03-28,2017,T33UVB,65,N0500,2023-09-27T14:33:55Z,S2A_MSIL2A_20170328T102021_N0500_R065_T33UVB_20230927T143355.SAFE,,True,25,31,2,3,2,2,inventoried
S2A_MSIL2A_20170331T103021_N0500_R108_T33UVB_20231112T160034,L2A,S2A_MSIL2A_20170331T103021_N0500_R108_T33UVB_20231112T160034.SAFE,S2A,2017-03-31T10:30:21Z,2017-03-31,2017,T33UVB,108,N0500,2023-11-12T16:00:34Z,S2A_MSIL2A_20170331T103021_N0500_R108_T33UVB_20231112T160034.SAFE,,True,25,31,2,3,2,2,inventoried
S2B_MSIL2A_20170402T102019_N0500_R065_T33UVB_20231113T175134,L2A,S2B_MSIL2A_20170402T102019_N0500_R065_T33UVB_20231113T175134.SAFE,S2B,2017-04-02T10:20:19Z,2017-04-02,2017,T33UVB,65,N0500,2023-11-13T17:51:34Z,S2B_MSIL2A_20170402T102019_N0500_R065_T33UVB_20231113T175134.SAFE,,True,25,31,2,3,2,2,inventoried
S2B_MSIL2A_20170405T103019_N0500_R108_T33UVB_20230914T180517,L2A,S2B_MSIL2A_20170405T103019_N0500_R108_T33UVB_20230914T180517.SAFE,S2B,2017-04-05T10:30:19Z,2017-04-05,2017,T33UVB,108,N0500,2023-09-14T18:05:17Z,S2B_MSIL2A_20170405T103019_N0500_R108_T33UVB_20230914T180517.SAFE,,True,25,31,2,3,2,2,inventoried
S2A_MSIL2A_20170407T102021_N0500_R065_T33UVB_20231113T035134,L2A,S2A_MSIL2A_20170407T102021_N0500_R065_T33UVB_20231113T035134.SAFE,S2A,2017-04-07T10:20:21Z,2017-04-07,2017,T33UVB,65,N0500,2023-11-13T03:51:34Z,S2A_MSIL2A_20170407T102021_N0500_R065_T33UVB_20231113T035134.SAFE,,True,25,31,2,3,2,2,inventoried
S2A_MSIL2A_20170410T103021_N0500_R108_T33UVB_20231112T080807,L2A,S2A_MSIL2A_20170410T103021_N0500_R108_T33UVB_20231112T080807.SAFE,S2A,2017-04-10T10:30:21Z,2017-04-10,2017,T33UVB,108,N0500,2023-11-12T08:08:07Z,S2A_MSIL2A_20170410T103021_N0500_R108_T33UVB_20231112T080807.SAFE,,True,25,31,2,3,2,2,inventoried
S2B_MSIL2A_20170412T102019_N0500_R065_T33UVB_20231111T093614,L2A,S2B_MSIL2A_20170412T102019_N0500_R065_T33UVB_20231111T093614.SAFE,S2B,2017-04-12T10:20:19Z,2017-04-12,2017,T33UVB,65,N0500,2023-11-11T09:36:14Z,S2B_MSIL2A_20170412T102019_N0500_R065_T33UVB_20231111T093614.SAFE,,True,25,31,2,3,2,2,inventoried
S2B_MSIL2A_20170415T103019_N0500_R108_T33UVB_20231017T221031,L2A,S2B_MSIL2A_20170415T103019_N0500_R108_T33UVB_20231017T221031.SAFE,S2B,2017-04-15T10:30:19Z,2017-04-15,2017,T33UVB,108,N0500,2023-10-17T22:10:31Z,S2B_MSIL2A_20170415T103019_N0500_R108_T33UVB_20231017T221031.SAFE,,True,25,31,2,3,2,2,inventoried
S2A_MSIL2A_20170417T102021_N0500_R065_T33UVB_20231111T155149,L2A,S2A_MSIL2A_20170417T102021_N0500_R065_T33UVB_20231111T155149.SAFE,S2A,2017-04-17T10:20:21Z,2017-04-17,2017,T33UVB,65,N0500,2023-11-11T15:51:49Z,S2A_MSIL2A_20170417T102021_N0500_R065_T33UVB_20231111T155149.SAFE,,True,25,31,2,3,2,2,inventoried
S2A_MSIL2A_20170420T103021_N0500_R108_T33UVB_20231114T212000,L2A,S2A_MSIL2A_20170420T103021_N0500_R108_T33UVB_20231114T212000.SAFE,S2A,2017-04-20T10:30:21Z,2017-04-20,2017,T33UVB,108,N0500,2023-11-14T21:20:00Z,S2A_MSIL2A_20170420T103021_N0500_R108_T33UVB_20231114T212000.SAFE,,True,25,31,2,3,2,2,inventoried
S2B_MSIL2A_20170422T102019_N0500_R094_T33UVB_20231112T074931,L2A,S2B_MSIL2A_20170422T102019_N0500_R094_T33UVB_20231112T074931.SAFE,S2B,2017-04-22T10:20:19Z,2017-04-22,2017,T33UVB,94,N0500,2023-11-12T07:49:31Z,S2B_MSIL2A_20170422T102019_N0500_R094_T33UVB_20231112T074931.SAFE,,True,25,31,2,3,2,2,inventoried
S2B_MSIL2A_20170425T103019_N0500_R108_T33UVB_20231114T032712,L2A,S2B_MSIL2A_20170425T103019_N0500_R108_T33UVB_20231114T032712.SAFE,S2B,2017-04-25T10:30:19Z,2017-04-25,2017,T33UVB,108,N0500,2023-11-14T03:27:12Z,S2B_MSIL2A_20170425T103019_N0500_R108_T33UVB_20231114T032712.SAFE,,True,25,31,2,3,2,2,inventoried
S2A_MSIL2A_20170427T102031_N0500_R065_T33UVB_20230926T023428,L2A,S2A_MSIL2A_20170427T102031_N0500_R065_T33UVB_20230926T023428.SAFE,S2A,2017-04-27T10:20:31Z,2017-04-27,2017,T33UVB,65,N0500,2023-09-26T02:34:28Z,S2A_MSIL2A_20170427T102031_N0500_R065_T33UVB_20230926T023428.SAFE,,True,25,31,2,3,2,2,inventoried
S2A_MSIL2A_20170430T103021_N0500_R108_T33UVB_20231113T073913,L2A,S2A_MSIL2A_20170430T103021_N0500_R108_T33UVB_20231113T073913.SAFE,S2A,2017-04-30T10:30:21Z,2017-04-30,2017,T33UVB,108,N0500,2023-11-13T07:39:13Z,S2A_MSIL2A_20170430T103021_N0500_R108_T33UVB_20231113T073913.SAFE,,True,25,31,2,3,2,2,inventoried
S2B_MSIL2A_20170502T102019_N0500_R065_T33UVB_20231111T213448,L2A,S2B_MSIL2A_20170502T102019_N0500_R065_T33UVB_20231111T213448.SAFE,S2B,2017-05-02T10:20:19Z,2017-05-02,2017,T33UVB,65,N0500,2023-11-11T21:34:48Z,S2B_MSIL2A_20170502T102019_N0500_R065_T33UVB_20231111T213448.SAFE,,True,25,31,2,3,2,2,inventoried
S2B_MSIL2A_20170505T103019_N0500_R108_T33UVB_20231113T104507,L2A,S2B_MSIL2A_20170505T103019_N0500_R108_T33UVB_20231113T104507.SAFE,S2B,2017-05-05T10:30:19Z,2017-05-05,2017,T33UVB,108,N0500,2023-11-13T10:45:07Z,S2B_MSIL2A_20170505T103019_N0500_R108_T33UVB_20231113T104507.SAFE,,True,25,31,2,3,2,2,inventoried
S2A_MSIL2A_20170507T102031_N0500_R065_T33UVB_20231114T024625,L2A,S2A_MSIL2A_20170507T102031_N0500_R065_T33UVB_20231114T024625.SAFE,S2A,2017-05-07T10:20:31Z,2017-05-07,2017,T33UVB,65,N0500,2023-11-14T02:46:25Z,S2A_MSIL2A_20170507T102031_N0500_R065_T33UVB_20231114T024625.SAFE,,True,25,31,2,3,2,2,inventoried
S2A_MSIL2A_20170510T103031_N0500_R108_T33UVB_20231019T123546,L2A,S2A_MSIL2A_20170510T103031_N0500_R108_T33UVB_20231019T123546.SAFE,S2A,2017-05-10T10:30:31Z,2017-05-10,2017,T33UVB,108,N0500,2023-10-19T12:35:46Z,S2A_MSIL2A_20170510T103031_N0500_R108_T33UVB_20231019T123546.SAFE,,True,25,31,2,3,2,2,inventoried
S2B_MSIL2A_20170512T102019_N0500_R065_T33UVB_20231115T052651,L2A,S2B_MSIL2A_20170512T102019_N0500_R065_T33UVB_20231115T052651.SAFE,S2B,2017-05-12T10:20:19Z,2017-05-12,2017,T33UVB,65,N0500,2023-11-15T05:26:51Z,S2B_MSIL2A_20170512T102019_N0500_R065_T33UVB_20231115T052651.SAFE,,True,25,31,2,3,2,2,inventoried
S2B_MSIL2A_20170515T103019_N0500_R108_T33UVB_20230906T191430,L2A,S2B_MSIL2A_20170515T103019_N0500_R108_T33UVB_20230906T191430.SAFE,S2B,2017-05-15T10:30:19Z,2017-05-15,2017,T33UVB,108,N0500,2023-09-06T19:14:30Z,S2B_MSIL2A_20170515T103019_N0500_R108_T33UVB_20230906T191430.SAFE,,True,25,31,2,3,2,2,inventoried
S2A_MSIL2A_20170517T102031_N0500_R065_T33UVB_20231114T112224,L2A,S2A_MSIL2A_20170517T102031_N0500_R065_T33UVB_20231114T112224.SAFE,S2A,2017-05-17T10:20:31Z,2017-05-17,2017,T33UVB,65,N0500,2023-11-14T11:22:24Z,S2A_MSIL2A_20170517T102031_N0500_R065_T33UVB_20231114T112224.SAFE,,True,25,31,2,3,2,2,inventoried
S2A_MSIL2A_20170520T103031_N0500_R108_T33UVB_20231114T024431,L2A,S2A_MSIL2A_20170520T103031_N0500_R108_T33UVB_20231114T024431.SAFE,S2A,2017-05-20T10:30:31Z,2017-05-20,2017,T33UVB,108,N0500,2023-11-14T02:44:31Z,S2A_MSIL2A_20170520T103031_N0500_R108_T33UVB_20231114T024431.SAFE,,True,25,31,2,3,2,2,inventoried
S2B_MSIL2A_20170522T102019_N0500_R065_T33UVB_20231113T002406,L2A,S2B_MSIL2A_20170522T102019_N0500_R065_T33UVB_20231113T002406.SAFE,S2B,2017-05-22T10:20:19Z,2017-05-22,2017,T33UVB,65,N0500,2023-11-13T00:24:06Z,S2B_MSIL2A_20170522T102019_N0500_R065_T33UVB_20231113T002406.SAFE,,True,25,31,2,3,2,2,inventoried
S2B_MSIL2A_20170525T103019_N0500_R108_T33UVB_20230914T065553,L2A,S2B_MSIL2A_20170525T103019_N0500_R108_T33UVB_20230914T065553.SAFE,S2B,2017-05-25T10:30:19Z,2017-05-25,2017,T33UVB,108,N0500,2023-09-14T06:55:53Z,S2B_MSIL2A_20170525T103019_N0500_R108_T33UVB_20230914T065553.SAFE,,True,25,31,2,3,2,2,inventoried
S2A_MSIL2A_20170527T102031_N0500_R065_T33UVB_20231112T000424,L2A,S2A_MSIL2A_20170527T102031_N0500_R065_T33UVB_20231112T000424.SAFE,S2A,2017-05-27T10:20:31Z,2017-05-27,2017,T33UVB,65,N0500,2023-11-12T00:04:24Z,S2A_MSIL2A_20170527T102031_N0500_R065_T33UVB_20231112T000424.SAFE,,True,25,31,2,3,2,2,inventoried
S2A_MSIL2A_20170530T103021_N0500_R108_T33UVB_20230915T232248,L2A,S2A_MSIL2A_20170530T103021_N0500_R108_T33UVB_20230915T232248.SAFE,S2A,2017-05-30T10:30:21Z,2017-05-30,2017,T33UVB,108,N0500,2023-09-15T23:22:48Z,S2A_MSIL2A_20170530T103021_N0500_R108_T33UVB_20230915T232248.SAFE,,True,25,31,2,3,2,2,inventoried
S2B_MSIL2A_20170601T102019_N0500_R065_T33UVB_20231111T174132,L2A,S2B_MSIL2A_20170601T102019_N0500_R065_T33UVB_20231111T174132.SAFE,S2B,2017-06-01T10:20:19Z,2017-06-01,2017,T33UVB,65,N0500,2023-11-11T17:41:32Z,S2B_MSIL2A_20170601T102019_N0500_R065_T33UVB_20231111T174132.SAFE,,True,25,31,2,3,2,2,inventoried
S2B_MSIL2A_20170604T103019_N0500_R108_T33UVB_20230912T153011,L2A,S2B_MSIL2A_20170604T103019_N0500_R108_T33UVB_20230912T153011.SAFE,S2B,2017-06-04T10:30:19Z,2017-06-04,2017,T33UVB,108,N0500,2023-09-12T15:30:11Z,S2B_MSIL2A_20170604T103019_N0500_R108_T33UVB_20230912T153011.SAFE,,True,25,31,2,3,2,2,inventoried
S2A_MSIL2A_20170606T102031_N0500_R065_T33UVB_20231114T083112,L2A,S2A_MSIL2A_20170606T102031_N0500_R065_T33UVB_20231114T083112.SAFE,S2A,2017-06-06T10:20:31Z,2017-06-06,2017,T33UVB,65,N0500,2023-11-14T08:31:12Z,S2A_MSIL2A_20170606T102031_N0500_R065_T33UVB_20231114T083112.SAFE,,True,25,31,2,3,2,2,inventoried
S2A_MSIL2A_20170609T103021_N0500_R108_T33UVB_20231112T152247,L2A,S2A_MSIL2A_20170609T103021_N0500_R108_T33UVB_20231112T152247.SAFE,S2A,2017-06-09T10:30:21Z,2017-06-09,2017,T33UVB,108,N0500,2023-11-12T15:22:47Z,S2A_MSIL2A_20170609T103021_N0500_R108_T33UVB_20231112T152247.SAFE,,True,25,31,2,3,2,2,inventoried
S2B_MSIL2A_20170611T102019_N0500_R065_T33UVB_20230921T210041,L2A,S2B_MSIL2A_20170611T102019_N0500_R065_T33UVB_20230921T210041.SAFE,S2B,2017-06-11T10:20:19Z,2017-06-11,2017,T33UVB,65,N0500,2023-09-21T21:00:41Z,S2B_MSIL2A_20170611T102019_N0500_R065_T33UVB_20230921T210041.SAFE,,True,25,31,2,3,2,2,inventoried
S2B_MSIL2A_20170614T103019_N0500_R108_T33UVB_20230905T081728,L2A,S2B_MSIL2A_20170614T103019_N0500_R108_T33UVB_20230905T081728.SAFE,S2B,2017-06-14T10:30:19Z,2017-06-14,2017,T33UVB,108,N0500,2023-09-05T08:17:28Z,S2B_MSIL2A_20170614T103019_N0500_R108_T33UVB_20230905T081728.SAFE,,True,25,31,2,3,2,2,inventoried
S2A_MSIL2A_20170616T102021_N0500_R065_T33UVB_20231012T233639,L2A,S2A_MSIL2A_20170616T102021_N0500_R065_T33UVB_20231012T233639.SAFE,S2A,2017-06-16T10:20:21Z,2017-06-16,2017,T33UVB,65,N0500,2023-10-12T23:36:39Z,S2A_MSIL2A_20170616T102021_N0500_R065_T33UVB_20231012T233639.SAFE,,True,25,31,2,3,2,2,inventoried
S2A_MSIL2A_20170619T103021_N0500_R108_T33UVB_20230906T011027,L2A,S2A_MSIL2A_20170619T103021_N0500_R108_T33UVB_20230906T011027.SAFE,S2A,2017-06-19T10:30:21Z,2017-06-19,2017,T33UVB,108,N0500,2023-09-06T01:10:27Z,S2A_MSIL2A_20170619T103021_N0500_R108_T33UVB_20230906T011027.SAFE,,True,25,31,2,3,2,2,inventoried
S2B_MSIL2A_20170621T102029_N0500_R065_T33UVB_20231012T221252,L2A,S2B_MSIL2A_20170621T102029_N0500_R065_T33UVB_20231012T221252.SAFE,S2B,2017-06-21T10:20:29Z,2017-06-21,2017,T33UVB,65,N0500,2023-10-12T22:12:52Z,S2B_MSIL2A_20170621T102029_N0500_R065_T33UVB_20231012T221252.SAFE,,True,25,31,2,3,2,2,inventoried
S2B_MSIL2A_20170624T103019_N0500_R108_T33UVB_20230905T191421,L2A,S2B_MSIL2A_20170624T103019_N0500_R108_T33UVB_20230905T191421.SAFE,S2B,2017-06-24T10:30:19Z,2017-06-24,2017,T33UVB,108,N0500,2023-09-05T19:14:21Z,S2B_MSIL2A_20170624T103019_N0500_R108_T33UVB_20230905T191421.SAFE,,True,25,31,2,3,2,2,inventoried
S2A_MSIL2A_20170626T102021_N0500_R065_T33UVB_20231009T052226,L2A,S2A_MSIL2A_20170626T102021_N0500_R065_T33UVB_20231009T052226.SAFE,S2A,2017-06-26T10:20:21Z,2017-06-26,2017,T33UVB,65,N0500,2023-10-09T05:22:26Z,S2A_MSIL2A_20170626T102021_N0500_R065_T33UVB_20231009T052226.SAFE,,True,25,31,2,3,2,2,inventoried
S2A_MSIL2A_20170629T103021_N0500_R108_T33UVB_20231017T185917,L2A,S2A_MSIL2A_20170629T103021_N0500_R108_T33UVB_20231017T185917.SAFE,S2A,2017-06-29T10:30:21Z,2017-06-29,2017,T33UVB,108,N0500,2023-10-17T18:59:17Z,S2A_MSIL2A_20170629T103021_N0500_R108_T33UVB_20231017T185917.SAFE,,True,25,31,2,3,2,2,inventoried
S2B_MSIL2A_20170701T102029_N0500_R065_T33UVB_20231007T160103,L2A,S2B_MSIL2A_20170701T102029_N0500_R065_T33UVB_20231007T160103.SAFE,S2B,2017-07-01T10:20:29Z,2017-07-01,2017,T33UVB,65,N0500,2023-10-07T16:01:03Z,S2B_MSIL2A_20170701T102029_N0500_R065_T33UVB_20231007T160103.SAFE,,True,25,31,2,3,2,2,inventoried
S2B_MSIL2A_20170704T103019_N0500_R108_T33UVB_20230911T223754,L2A,S2B_MSIL2A_20170704T103019_N0500_R108_T33UVB_20230911T223754.SAFE,S2B,2017-07-04T10:30:19Z,2017-07-04,2017,T33UVB,108,N0500,2023-09-11T22:37:54Z,S2B_MSIL2A_20170704T103019_N0500_R108_T33UVB_20230911T223754.SAFE,,True,25,31,2,3,2,2,inventoried
S2A_MSIL2A_20170706T102021_N0500_R065_T33UVB_20231005T045742,L2A,S2A_MSIL2A_20170706T102021_N0500_R065_T33UVB_20231005T045742.SAFE,S2A,2017-07-06T10:20:21Z,2017-07-06,2017,T33UVB,65,N0500,2023-10-05T04:57:42Z,S2A_MSIL2A_20170706T102021_N0500_R065_T33UVB_20231005T045742.SAFE,,True,25,31,2,3,2,2,inventoried
S2A_MSIL2A_20170709T103021_N0500_R108_T33UVB_20231005T234246,L2A,S2A_MSIL2A_20170709T103021_N0500_R108_T33UVB_20231005T234246.SAFE,S2A,2017-07-09T10:30:21Z,2017-07-09,2017,T33UVB,108,N0500,2023-10-05T23:42:46Z,S2A_MSIL2A_20170709T103021_N0500_R108_T33UVB_20231005T234246.SAFE,,True,25,31,2,3,2,2,inventoried
S2B_MSIL2A_20170711T102029_N0500_R065_T33UVB_20231006T044506,L2A,S2B_MSIL2A_20170711T102029_N0500_R065_T33UVB_20231006T044506.SAFE,S2B,2017-07-11T10:20:29Z,2017-07-11,2017,T33UVB,65,N0500,2023-10-06T04:45:06Z,S2B_MSIL2A_20170711T102029_N0500_R065_T33UVB_20231006T044506.SAFE,,True,25,31,2,3,2,2,inventoried
S2B_MSIL2A_20170714T103019_N0500_R108_T33UVB_20231006T015342,L2A,S2B_MSIL2A_20170714T103019_N0500_R108_T33UVB_20231006T015342.SAFE,S2B,2017-07-14T10:30:19Z,2017-07-14,2017,T33UVB,108,N0500,2023-10-06T01:53:42Z,S2B_MSIL2A_20170714T103019_N0500_R108_T33UVB_20231006T015342.SAFE,,True,25,31,2,3,2,2,inventoried
S2A_MSIL2A_20170716T102021_N0500_R065_T33UVB_20231005T091150,L2A,S2A_MSIL2A_20170716T102021_N0500_R065_T33UVB_20231005T091150.SAFE,S2A,2017-07-16T10:20:21Z,2017-07-16,2017,T33UVB,65,N0500,2023-10-05T09:11:50Z,S2A_MSIL2A_20170716T102021_N0500_R065_T33UVB_20231005T091150.SAFE,,True,25,31,2,3,2,2,inventoried
S2A_MSIL2A_20170719T103021_N0500_R108_T33UVB_20230921T222931,L2A,S2A_MSIL2A_20170719T103021_N0500_R108_T33UVB_20230921T222931.SAFE,S2A,2017-07-19T10:30:21Z,2017-07-19,2017,T33UVB,108,N0500,2023-09-21T22:29:31Z,S2A_MSIL2A_20170719T103021_N0500_R108_T33UVB_20230921T222931.SAFE,,True,25,31,2,3,2,2,inventoried
S2B_MSIL2A_20170721T102029_N0500_R065_T33UVB_20231005T181217,L2A,S2B_MSIL2A_20170721T102029_N0500_R065_T33UVB_20231005T181217.SAFE,S2B,2017-07-21T10:20:29Z,2017-07-21,2017,T33UVB,65,N0500,2023-10-05T18:12:17Z,S2B_MSIL2A_20170721T102029_N0500_R065_T33UVB_20231005T181217.SAFE,,True,25,31,2,3,2,2,inventoried
S2B_MSIL2A_20170724T103019_N0500_R108_T33UVB_20230919T050228,L2A,S2B_MSIL2A_20170724T103019_N0500_R108_T33UVB_20230919T050228.SAFE,S2B,2017-07-24T10:30:19Z,2017-07-24,2017,T33UVB,108,N0500,2023-09-19T05:02:28Z,S2B_MSIL2A_20170724T103019_N0500_R108_T33UVB_20230919T050228.SAFE,,True,25,31,2,3,2,2,inventoried
S2A_MSIL2A_20170726T102021_N0500_R065_T33UVB_20231008T171421,L2A,S2A_MSIL2A_20170726T102021_N0500_R065_T33UVB_20231008T171421.SAFE,S2A,2017-07-26T10:20:21Z,2017-07-26,2017,T33UVB,65,N0500,2023-10-08T17:14:21Z,S2A_MSIL2A_20170726T102021_N0500_R065_T33UVB_20231008T171421.SAFE,,True,25,31,2,3,2,2,inventoried
S2A_MSIL2A_20170729T103021_N0500_R108_T33UVB_20230904T031157,L2A,S2A_MSIL2A_20170729T103021_N0500_R108_T33UVB_20230904T031157.SAFE,S2A,2017-07-29T10:30:21Z,2017-07-29,2017,T33UVB,108,N0500,2023-09-04T03:11:57Z,S2A_MSIL2A_20170729T103021_N0500_R108_T33UVB_20230904T031157.SAFE,,True,25,31,2,3,2,2,inventoried
S2B_MSIL2A_20170731T102019_N0500_R065_T33UVB_20231008T040826,L2A,S2B_MSIL2A_20170731T102019_N0500_R065_T33UVB_20231008T040826.SAFE,S2B,2017-07-31T10:20:19Z,2017-07-31,2017,T33UVB,65,N0500,2023-10-08T04:08:26Z,S2B_MSIL2A_20170731T102019_N0500_R065_T33UVB_20231008T040826.SAFE,,True,25,31,2,3,2,2,inventoried
S2B_MSIL2A_20170803T103019_N0500_R108_T33UVB_20231001T111106,L2A,S2B_MSIL2A_20170803T103019_N0500_R108_T33UVB_20231001T111106.SAFE,S2B,2017-08-03T10:30:19Z,2017-08-03,2017,T33UVB,108,N0500,2023-10-01T11:11:06Z,S2B_MSIL2A_20170803T103019_N0500_R108_T33UVB_20231001T111106.SAFE,,True,25,31,2,3,2,2,inventoried
S2A_MSIL2A_20170805T102031_N0500_R065_T33UVB_20230830T011229,L2A,S2A_MSIL2A_20170805T102031_N0500_R065_T33UVB_20230830T011229.SAFE,S2A,2017-08-05T10:20:31Z,2017-08-05,2017,T33UVB,65,N0500,2023-08-30T01:12:29Z,S2A_MSIL2A_20170805T102031_N0500_R065_T33UVB_20230830T011229.SAFE,,True,25,31,2,3,2,2,inventoried
S2A_MSIL2A_20170808T103021_N0500_R108_T33UVB_20230918T164938,L2A,S2A_MSIL2A_20170808T103021_N0500_R108_T33UVB_20230918T164938.SAFE,S2A,2017-08-08T10:30:21Z,2017-08-08,2017,T33UVB,108,N0500,2023-09-18T16:49:38Z,S2A_MSIL2A_20170808T103021_N0500_R108_T33UVB_20230918T164938.SAFE,,True,25,31,2,3,2,2,inventoried
S2B_MSIL2A_20170810T102019_N0500_R065_T33UVB_20231002T103514,L2A,S2B_MSIL2A_20170810T102019_N0500_R065_T33UVB_20231002T103514.SAFE,S2B,2017-08-10T10:20:19Z,2017-08-10,2017,T33UVB,65,N0500,2023-10-02T10:35:14Z,S2B_MSIL2A_20170810T102019_N0500_R065_T33UVB_20231002T103514.SAFE,,True,25,31,2,3,2,2,inventoried
S2B_MSIL2A_20170813T103019_N0500_R108_T33UVB_20230920T072210,L2A,S2B_MSIL2A_20170813T103019_N0500_R108_T33UVB_20230920T072210.SAFE,S2B,2017-08-13T10:30:19Z,2017-08-13,2017,T33UVB,108,N0500,2023-09-20T07:22:10Z,S2B_MSIL2A_20170813T103019_N0500_R108_T33UVB_20230920T072210.SAFE,,True,25,31,2,3,2,2,inventoried
S2A_MSIL2A_20170815T102021_N0500_R065_T33UVB_20231005T191904,L2A,S2A_MSIL2A_20170815T102021_N0500_R065_T33UVB_20231005T191904.SAFE,S2A,2017-08-15T10:20:21Z,2017-08-15,2017,T33UVB,65,N0500,2023-10-05T19:19:04Z,S2A_MSIL2A_20170815T102021_N0500_R065_T33UVB_20231005T191904.SAFE,,True,25,31,2,3,2,2,inventoried
S2A_MSIL2A_20170818T103021_N0500_R108_T33UVB_20231006T084045,L2A,S2A_MSIL2A_20170818T103021_N0500_R108_T33UVB_20231006T084045.SAFE,S2A,2017-08-18T10:30:21Z,2017-08-18,2017,T33UVB,108,N0500,2023-10-06T08:40:45Z,S2A_MSIL2A_20170818T103021_N0500_R108_T33UVB_20231006T084045.SAFE,,True,25,31,2,3,2,2,inventoried
S2B_MSIL2A_20170820T102019_N0500_R065_T33UVB_20231006T193224,L2A,S2B_MSIL2A_20170820T102019_N0500_R065_T33UVB_20231006T193224.SAFE,S2B,2017-08-20T10:20:19Z,2017-08-20,2017,T33UVB,65,N0500,2023-10-06T19:32:24Z,S2B_MSIL2A_20170820T102019_N0500_R065_T33UVB_20231006T193224.SAFE,,True,25,31,2,3,2,2,inventoried
S2B_MSIL2A_20170823T103019_N0500_R108_T33UVB_20231006T055617,L2A,S2B_MSIL2A_20170823T103019_N0500_R108_T33UVB_20231006T055617.SAFE,S2B,2017-08-23T10:30:19Z,2017-08-23,2017,T33UVB,108,N0500,2023-10-06T05:56:17Z,S2B_MSIL2A_20170823T103019_N0500_R108_T33UVB_20231006T055617.SAFE,,True,25,31,2,3,2,2,inventoried
S2A_MSIL2A_20170825T102021_N0500_R065_T33UVB_20231006T081133,L2A,S2A_MSIL2A_20170825T102021_N0500_R065_T33UVB_20231006T081133.SAFE,S2A,2017-08-25T10:20:21Z,2017-08-25,2017,T33UVB,65,N0500,2023-10-06T08:11:33Z,S2A_MSIL2A_20170825T102021_N0500_R065_T33UVB_20231006T081133.SAFE,,True,25,31,2,3,2,2,inventoried
S2A_MSIL2A_20170828T103021_N0500_R108_T33UVB_20231020T181706,L2A,S2A_MSIL2A_20170828T103021_N0500_R108_T33UVB_20231020T181706.SAFE,S2A,2017-08-28T10:30:21Z,2017-08-28,2017,T33UVB,108,N0500,2023-10-20T18:17:06Z,S2A_MSIL2A_20170828T103021_N0500_R108_T33UVB_20231020T181706.SAFE,,True,25,31,2,3,2,2,inventoried
S2B_MSIL2A_20170830T102019_N0500_R065_T33UVB_20230830T071417,L2A,S2B_MSIL2A_20170830T102019_N0500_R065_T33UVB_20230830T071417.SAFE,S2B,2017-08-30T10:20:19Z,2017-08-30,2017,T33UVB,65,N0500,2023-08-30T07:14:17Z,S2B_MSIL2A_20170830T102019_N0500_R065_T33UVB_20230830T071417.SAFE,,True,25,31,2,3,2,2,inventoried
S2B_MSIL2A_20170902T103019_N0500_R108_T33UVB_20230917T092216,L2A,S2B_MSIL2A_20170902T103019_N0500_R108_T33UVB_20230917T092216.SAFE,S2B,2017-09-02T10:30:19Z,2017-09-02,2017,T33UVB,108,N0500,2023-09-17T09:22:16Z,S2B_MSIL2A_20170902T103019_N0500_R108_T33UVB_20230917T092216.SAFE,,True,25,31,2,3,2,2,inventoried
S2A_MSIL2A_20170904T102021_N0500_R065_T33UVB_20230930T014048,L2A,S2A_MSIL2A_20170904T102021_N0500_R065_T33UVB_20230930T014048.SAFE,S2A,2017-09-04T10:20:21Z,2017-09-04,2017,T33UVB,65,N0500,2023-09-30T01:40:48Z,S2A_MSIL2A_20170904T102021_N0500_R065_T33UVB_20230930T014048.SAFE,,True,25,31,2,3,2,2,inventoried
S2A_MSIL2A_20170907T103021_N0500_R108_T33UVB_20230825T181220,L2A,S2A_MSIL2A_20170907T103021_N0500_R108_T33UVB_20230825T181220.SAFE,S2A,2017-09-07T10:30:21Z,2017-09-07,2017,T33UVB,108,N0500,2023-08-25T18:12:20Z,S2A_MSIL2A_20170907T103021_N0500_R108_T33UVB_20230825T181220.SAFE,,True,25,31,2,3,2,2,inventoried
S2B_MSIL2A_20170909T102019_N0500_R065_T33UVB_20230822T195900,L2A,S2B_MSIL2A_20170909T102019_N0500_R065_T33UVB_20230822T195900.SAFE,S2B,2017-09-09T10:20:19Z,2017-09-09,2017,T33UVB,65,N0500,2023-08-22T19:59:00Z,S2B_MSIL2A_20170909T102019_N0500_R065_T33UVB_20230822T195900.SAFE,,True,25,31,2,3,2,2,inventoried
S2B_MSIL2A_20170912T103019_N0500_R108_T33UVB_20231003T164104,L2A,S2B_MSIL2A_20170912T103019_N0500_R108_T33UVB_20231003T164104.SAFE,S2B,2017-09-12T10:30:19Z,2017-09-12,2017,T33UVB,108,N0500,2023-10-03T16:41:04Z,S2B_MSIL2A_20170912T103019_N0500_R108_T33UVB_20231003T164104.SAFE,,True,25,31,2,3,2,2,inventoried
S2A_MSIL2A_20170914T102021_N0500_R065_T33UVB_20230831T164812,L2A,S2A_MSIL2A_20170914T102021_N0500_R065_T33UVB_20230831T164812.SAFE,S2A,2017-09-14T10:20:21Z,2017-09-14,2017,T33UVB,65,N0500,2023-08-31T16:48:12Z,S2A_MSIL2A_20170914T102021_N0500_R065_T33UVB_20230831T164812.SAFE,,True,25,31,2,3,2,2,inventoried
S2A_MSIL2A_20170917T103021_N0500_R108_T33UVB_20231014T145915,L2A,S2A_MSIL2A_20170917T103021_N0500_R108_T33UVB_20231014T145915.SAFE,S2A,2017-09-17T10:30:21Z,2017-09-17,2017,T33UVB,108,N0500,2023-10-14T14:59:15Z,S2A_MSIL2A_20170917T103021_N0500_R108_T33UVB_20231014T145915.SAFE,,True,25,31,2,3,2,2,inventoried
S2B_MSIL2A_20170919T102009_N0500_R065_T33UVB_20230826T063038,L2A,S2B_MSIL2A_20170919T102009_N0500_R065_T33UVB_20230826T063038.SAFE,S2B,2017-09-19T10:20:09Z,2017-09-19,2017,T33UVB,65,N0500,2023-08-26T06:30:38Z,S2B_MSIL2A_20170919T102009_N0500_R065_T33UVB_20230826T063038.SAFE,,True,25,31,2,3,2,2,inventoried
S2B_MSIL2A_20170922T103009_N0500_R108_T33UVB_20231016T111453,L2A,S2B_MSIL2A_20170922T103009_N0500_R108_T33UVB_20231016T111453.SAFE,S2B,2017-09-22T10:30:09Z,2017-09-22,2017,T33UVB,108,N0500,2023-10-16T11:14:53Z,S2B_MSIL2A_20170922T103009_N0500_R108_T33UVB_20231016T111453.SAFE,,True,25,31,2,3,2,2,inventoried
S2A_MSIL2A_20170924T102021_N0500_R065_T33UVB_20230902T230536,L2A,S2A_MSIL2A_20170924T102021_N0500_R065_T33UVB_20230902T230536.SAFE,S2A,2017-09-24T10:20:21Z,2017-09-24,2017,T33UVB,65,N0500,2023-09-02T23:05:36Z,S2A_MSIL2A_20170924T102021_N0500_R065_T33UVB_20230902T230536.SAFE,,True,25,31,2,3,2,2,inventoried
S2A_MSIL2A_20170927T103021_N0500_R108_T33UVB_20231020T072539,L2A,S2A_MSIL2A_20170927T103021_N0500_R108_T33UVB_20231020T072539.SAFE,S2A,2017-09-27T10:30:21Z,2017-09-27,2017,T33UVB,108,N0500,2023-10-20T07:25:39Z,S2A_MSIL2A_20170927T103021_N0500_R108_T33UVB_20231020T072539.SAFE,,True,25,31,2,3,2,2,inventoried
S2B_MSIL2A_20170929T102009_N0500_R065_T33UVB_20230903T142732,L2A,S2B_MSIL2A_20170929T102009_N0500_R065_T33UVB_20230903T142732.SAFE,S2B,2017-09-29T10:20:09Z,2017-09-29,2017,T33UVB,65,N0500,2023-09-03T14:27:32Z,S2B_MSIL2A_20170929T102009_N0500_R065_T33UVB_20230903T142732.SAFE,,True,25,31,2,3,2,2,inventoried
S2B_MSIL2A_20171002T103009_N0500_R108_T33UVB_20231016T041945,L2A,S2B_MSIL2A_20171002T103009_N0500_R108_T33UVB_20231016T041945.SAFE,S2B,2017-10-02T10:30:09Z,2017-10-02,2017,T33UVB,108,N0500,2023-10-16T04:19:45Z,S2B_MSIL2A_20171002T103009_N0500_R108_T33UVB_20231016T041945.SAFE,,True,25,31,2,3,2,2,inventoried
S2A_MSIL2A_20171004T102021_N0500_R065_T33UVB_20230911T090542,L2A,S2A_MSIL2A_20171004T102021_N0500_R065_T33UVB_20230911T090542.SAFE,S2A,2017-10-04T10:20:21Z,2017-10-04,2017,T33UVB,65,N0500,2023-09-11T09:05:42Z,S2A_MSIL2A_20171004T102021_N0500_R065_T33UVB_20230911T090542.SAFE,,True,25,31,2,3,2,2,inventoried
S2A_MSIL2A_20171007T103021_N0500_R108_T33UVB_20231027T224607,L2A,S2A_MSIL2A_20171007T103021_N0500_R108_T33UVB_20231027T224607.SAFE,S2A,2017-10-07T10:30:21Z,2017-10-07,2017,T33UVB,108,N0500,2023-10-27T22:46:07Z,S2A_MSIL2A_20171007T103021_N0500_R108_T33UVB_20231027T224607.SAFE,,True,25,31,2,3,2,2,inventoried
S2B_MSIL2A_20171009T102009_N0500_R065_T33UVB_20230910T152632,L2A,S2B_MSIL2A_20171009T102009_N0500_R065_T33UVB_20230910T152632.SAFE,S2B,2017-10-09T10:20:09Z,2017-10-09,2017,T33UVB,65,N0500,2023-09-10T15:26:32Z,S2B_MSIL2A_20171009T102009_N0500_R065_T33UVB_20230910T152632.SAFE,,True,25,31,2,3,2,2,inventoried
S2B_MSIL2A_20171012T103009_N0500_R108_T33UVB_20231014T142444,L2A,S2B_MSIL2A_20171012T103009_N0500_R108_T33UVB_20231014T142444.SAFE,S2B,2017-10-12T10:30:09Z,2017-10-12,2017,T33UVB,108,N0500,2023-10-14T14:24:44Z,S2B_MSIL2A_20171012T103009_N0500_R108_T33UVB_20231014T142444.SAFE,,True,25,31,2,3,2,2,inventoried
S2A_MSIL2A_20171014T102021_N0500_R065_T33UVB_20231014T221105,L2A,S2A_MSIL2A_20171014T102021_N0500_R065_T33UVB_20231014T221105.SAFE,S2A,2017-10-14T10:20:21Z,2017-10-14,2017,T33UVB,65,N0500,2023-10-14T22:11:05Z,S2A_MSIL2A_20171014T102021_N0500_R065_T33UVB_20231014T221105.SAFE,,True,25,31,2,3,2,2,inventoried
S2A_MSIL2A_20171017T103021_N0500_R108_T33UVB_20231015T175343,L2A,S2A_MSIL2A_20171017T103021_N0500_R108_T33UVB_20231015T175343.SAFE,S2A,2017-10-17T10:30:21Z,2017-10-17,2017,T33UVB,108,N0500,2023-10-15T17:53:43Z,S2A_MSIL2A_20171017T103021_N0500_R108_T33UVB_20231015T175343.SAFE,,True,25,31,2,3,2,2,inventoried
S2B_MSIL2A_20171019T102019_N0500_R065_T33UVB_20231020T071345,L2A,S2B_MSIL2A_20171019T102019_N0500_R065_T33UVB_20231020T071345.SAFE,S2B,2017-10-19T10:20:19Z,2017-10-19,2017,T33UVB,65,N0500,2023-10-20T07:13:45Z,S2B_MSIL2A_20171019T102019_N0500_R065_T33UVB_20231020T071345.SAFE,,True,25,31,2,3,2,2,inventoried
S2B_MSIL2A_20171022T103049_N0500_R108_T33UVB_20230909T202728,L2A,S2B_MSIL2A_20171022T103049_N0500_R108_T33UVB_20230909T202728.SAFE,S2B,2017-10-22T10:30:49Z,2017-10-22,2017,T33UVB,108,N0500,2023-09-09T20:27:28Z,S2B_MSIL2A_20171022T103049_N0500_R108_T33UVB_20230909T202728.SAFE,,True,25,31,2,3,2,2,inventoried
S2A_MSIL2A_20171024T102111_N0500_R065_T33UVB_20230911T061612,L2A,S2A_MSIL2A_20171024T102111_N0500_R065_T33UVB_20230911T061612.SAFE,S2A,2017-10-24T10:21:11Z,2017-10-24,2017,T33UVB,65,N0500,2023-09-11T06:16:12Z,S2A_MSIL2A_20171024T102111_N0500_R065_T33UVB_20230911T061612.SAFE,,True,25,31,2,3,2,2,inventoried
S2A_MSIL2A_20171027T103131_N0500_R108_T33UVB_20230910T170941,L2A,S2A_MSIL2A_20171027T103131_N0500_R108_T33UVB_20230910T170941.SAFE,S2A,2017-10-27T10:31:31Z,2017-10-27,2017,T33UVB,108,N0500,2023-09-10T17:09:41Z,S2A_MSIL2A_20171027T103131_N0500_R108_T33UVB_20230910T170941.SAFE,,True,25,31,2,3,2,2,inventoried
S2B_MSIL2A_20171029T102119_N0500_R065_T33UVB_20231011T063649,L2A,S2B_MSIL2A_20171029T102119_N0500_R065_T33UVB_20231011T063649.SAFE,S2B,2017-10-29T10:21:19Z,2017-10-29,2017,T33UVB,65,N0500,2023-10-11T06:36:49Z,S2B_MSIL2A_20171029T102119_N0500_R065_T33UVB_20231011T063649.SAFE,,True,25,31,2,3,2,2,inventoried
S2B_MSIL2A_20171101T103149_N0500_R108_T33UVB_20230807T233221,L2A,S2B_MSIL2A_20171101T103149_N0500_R108_T33UVB_20230807T233221.SAFE,S2B,2017-11-01T10:31:49Z,2017-11-01,2017,T33UVB,108,N0500,2023-08-07T23:32:21Z,S2B_MSIL2A_20171101T103149_N0500_R108_T33UVB_20230807T233221.SAFE,,True,25,31,2,3,2,2,inventoried
S2A_MSIL2A_20171103T102201_N0500_R065_T33UVB_20230807T162325,L2A,S2A_MSIL2A_20171103T102201_N0500_R065_T33UVB_20230807T162325.SAFE,S2A,2017-11-03T10:22:01Z,2017-11-03,2017,T33UVB,65,N0500,2023-08-07T16:23:25Z,S2A_MSIL2A_20171103T102201_N0500_R065_T33UVB_20230807T162325.SAFE,,True,25,31,2,3,2,2,inventoried
S2A_MSIL2A_20171106T103221_N0500_R108_T33UVB_20231014T230233,L2A,S2A_MSIL2A_20171106T103221_N0500_R108_T33UVB_20231014T230233.SAFE,S2A,2017-11-06T10:32:21Z,2017-11-06,2017,T33UVB,108,N0500,2023-10-14T23:02:33Z,S2A_MSIL2A_20171106T103221_N0500_R108_T33UVB_20231014T230233.SAFE,,True,25,31,2,3,2,2,inventoried
S2B_MSIL2A_20171108T102219_N0500_R065_T33UVB_20230808T013557,L2A,S2B_MSIL2A_20171108T102219_N0500_R065_T33UVB_20230808T013557.SAFE,S2B,2017-11-08T10:22:19Z,2017-11-08,2017,T33UVB,65,N0500,2023-08-08T01:35:57Z,S2B_MSIL2A_20171108T102219_N0500_R065_T33UVB_20230808T013557.SAFE,,True,25,31,2,3,2,2,inventoried
S2B_MSIL2A_20171111T103239_N0500_R108_T33UVB_20231010T235026,L2A,S2B_MSIL2A_20171111T103239_N0500_R108_T33UVB_20231010T235026.SAFE,S2B,2017-11-11T10:32:39Z,2017-11-11,2017,T33UVB,108,N0500,2023-10-10T23:50:26Z,S2B_MSIL2A_20171111T103239_N0500_R108_T33UVB_20231010T235026.SAFE,,True,25,31,2,3,2,2,inventoried
S2A_MSIL2A_20171113T102251_N0500_R065_T33UVB_20230908T064428,L2A,S2A_MSIL2A_20171113T102251_N0500_R065_T33UVB_20230908T064428.SAFE,S2A,2017-11-13T10:22:51Z,2017-11-13,2017,T33UVB,65,N0500,2023-09-08T06:44:28Z,S2A_MSIL2A_20171113T102251_N0500_R065_T33UVB_20230908T064428.SAFE,,True,25,31,2,3,2,2,inventoried
S2A_MSIL2A_20171116T103311_N0500_R108_T33UVB_20230722T041331,L2A,S2A_MSIL2A_20171116T103311_N0500_R108_T33UVB_20230722T041331.SAFE,S2A,2017-11-16T10:33:11Z,2017-11-16,2017,T33UVB,108,N0500,2023-07-22T04:13:31Z,S2A_MSIL2A_20171116T103311_N0500_R108_T33UVB_20230722T041331.SAFE,,True,25,31,2,3,2,2,inventoried
S2B_MSIL2A_20171118T102309_N0500_R065_T33UVB_20231019T203556,L2A,S2B_MSIL2A_20171118T102309_N0500_R065_T33UVB_20231019T203556.SAFE,S2B,2017-11-18T10:23:09Z,2017-11-18,2017,T33UVB,65,N0500,2023-10-19T20:35:56Z,S2B_MSIL2A_20171118T102309_N0500_R065_T33UVB_20231019T203556.SAFE,,True,25,31,2,3,2,2,inventoried
S2B_MSIL2A_20171121T103329_N0500_R108_T33UVB_20230824T024151,L2A,S2B_MSIL2A_20171121T103329_N0500_R108_T33UVB_20230824T024151.SAFE,S2B,2017-11-21T10:33:29Z,2017-11-21,2017,T33UVB,108,N0500,2023-08-24T02:41:51Z,S2B_MSIL2A_20171121T103329_N0500_R108_T33UVB_20230824T024151.SAFE,,True,25,31,2,3,2,2,inventoried
S2A_MSIL2A_20171123T102331_N0500_R065_T33UVB_20230907T011928,L2A,S2A_MSIL2A_20171123T102331_N0500_R065_T33UVB_20230907T011928.SAFE,S2A,2017-11-23T10:23:31Z,2017-11-23,2017,T33UVB,65,N0500,2023-09-07T01:19:28Z,S2A_MSIL2A_20171123T102331_N0500_R065_T33UVB_20230907T011928.SAFE,,True,25,31,2,3,2,2,inventoried
S2A_MSIL2A_20171126T103351_N0500_R108_T33UVB_20230828T181059,L2A,S2A_MSIL2A_20171126T103351_N0500_R108_T33UVB_20230828T181059.SAFE,S2A,2017-11-26T10:33:51Z,2017-11-26,2017,T33UVB,108,N0500,2023-08-28T18:10:59Z,S2A_MSIL2A_20171126T103351_N0500_R108_T33UVB_20230828T181059.SAFE,,True,25,31,2,3,2,2,inventoried
S2B_MSIL2A_20171128T102349_N0500_R065_T33UVB_20230901T064641,L2A,S2B_MSIL2A_20171128T102349_N0500_R065_T33UVB_20230901T064641.SAFE,S2B,2017-11-28T10:23:49Z,2017-11-28,2017,T33UVB,65,N0500,2023-09-01T06:46:41Z,S2B_MSIL2A_20171128T102349_N0500_R065_T33UVB_20230901T064641.SAFE,,True,25,31,2,3,2,2,inventoried
S2B_MSIL2A_20171201T103359_N0500_R108_T33UVB_20230908T053821,L2A,S2B_MSIL2A_20171201T103359_N0500_R108_T33UVB_20230908T053821.SAFE,S2B,2017-12-01T10:33:59Z,2017-12-01,2017,T33UVB,108,N0500,2023-09-08T05:38:21Z,S2B_MSIL2A_20171201T103359_N0500_R108_T33UVB_20230908T053821.SAFE,,True,25,31,2,3,2,2,inventoried
S2A_MSIL2A_20171203T102401_N0500_R065_T33UVB_20231030T063910,L2A,S2A_MSIL2A_20171203T102401_N0500_R065_T33UVB_20231030T063910.SAFE,S2A,2017-12-03T10:24:01Z,2017-12-03,2017,T33UVB,65,N0500,2023-10-30T06:39:10Z,S2A_MSIL2A_20171203T102401_N0500_R065_T33UVB_20231030T063910.SAFE,,True,25,31,2,3,2,2,inventoried
S2A_MSIL2A_20171206T103421_N0500_R108_T33UVB_20230806T185959,L2A,S2A_MSIL2A_20171206T103421_N0500_R108_T33UVB_20230806T185959.SAFE,S2A,2017-12-06T10:34:21Z,2017-12-06,2017,T33UVB,108,N0500,2023-08-06T18:59:59Z,S2A_MSIL2A_20171206T103421_N0500_R108_T33UVB_20230806T185959.SAFE,,True,25,31,2,3,2,2,inventoried
S2B_MSIL2A_20171208T102359_N0500_R065_T33UVB_20230806T172403,L2A,S2B_MSIL2A_20171208T102359_N0500_R065_T33UVB_20230806T172403.SAFE,S2B,2017-12-08T10:23:59Z,2017-12-08,2017,T33UVB,65,N0500,2023-08-06T17:24:03Z,S2B_MSIL2A_20171208T102359_N0500_R065_T33UVB_20230806T172403.SAFE,,True,25,31,2,3,2,2,inventoried
S2B_MSIL2A_20171211T103419_N0500_R108_T33UVB_20230820T005815,L2A,S2B_MSIL2A_20171211T103419_N0500_R108_T33UVB_20230820T005815.SAFE,S2B,2017-12-11T10:34:19Z,2017-12-11,2017,T33UVB,108,N0500,2023-08-20T00:58:15Z,S2B_MSIL2A_20171211T103419_N0500_R108_T33UVB_20230820T005815.SAFE,,True,25,31,2,3,2,2,inventoried
S2A_MSIL2A_20171213T102431_N0500_R065_T33UVB_20230719T020608,L2A,S2A_MSIL2A_20171213T102431_N0500_R065_T33UVB_20230719T020608.SAFE,S2A,2017-12-13T10:24:31Z,2017-12-13,2017,T33UVB,65,N0500,2023-07-19T02:06:08Z,S2A_MSIL2A_20171213T102431_N0500_R065_T33UVB_20230719T020608.SAFE,,True,25,31,2,3,2,2,inventoried
S2A_MSIL2A_20171216T103431_N0500_R108_T33UVB_20230719T044830,L2A,S2A_MSIL2A_20171216T103431_N0500_R108_T33UVB_20230719T044830.SAFE,S2A,2017-12-16T10:34:31Z,2017-12-16,2017,T33UVB,108,N0500,2023-07-19T04:48:30Z,S2A_MSIL2A_20171216T103431_N0500_R108_T33UVB_20230719T044830.SAFE,,True,25,31,2,3,2,2,inventoried
S2B_MSIL2A_20171218T102419_N0500_R065_T33UVB_20230806T184623,L2A,S2B_MSIL2A_20171218T102419_N0500_R065_T33UVB_20230806T184623.SAFE,S2B,2017-12-18T10:24:19Z,2017-12-18,2017,T33UVB,65,N0500,2023-08-06T18:46:23Z,S2B_MSIL2A_20171218T102419_N0500_R065_T33UVB_20230806T184623.SAFE,,True,25,31,2,3,2,2,inventoried
S2B_MSIL2A_20171221T103429_N0500_R108_T33UVB_20230908T071610,L2A,S2B_MSIL2A_20171221T103429_N0500_R108_T33UVB_20230908T071610.SAFE,S2B,2017-12-21T10:34:29Z,2017-12-21,2017,T33UVB,108,N0500,2023-09-08T07:16:10Z,S2B_MSIL2A_20171221T103429_N0500_R108_T33UVB_20230908T071610.SAFE,,True,25,31,2,3,2,2,inventoried
S2A_MSIL2A_20171223T102431_N0500_R065_T33UVB_20230908T104028,L2A,S2A_MSIL2A_20171223T102431_N0500_R065_T33UVB_20230908T104028.SAFE,S2A,2017-12-23T10:24:31Z,2017-12-23,2017,T33UVB,65,N0500,2023-09-08T10:40:28Z,S2A_MSIL2A_20171223T102431_N0500_R065_T33UVB_20230908T104028.SAFE,,True,25,31,2,3,2,2,inventoried
S2A_MSIL2A_20171226T103431_N0500_R108_T33UVB_20230807T075704,L2A,S2A_MSIL2A_20171226T103431_N0500_R108_T33UVB_20230807T075704.SAFE,S2A,2017-12-26T10:34:31Z,2017-12-26,2017,T33UVB,108,N0500,2023-08-07T07:57:04Z,S2A_MSIL2A_20171226T103431_N0500_R108_T33UVB_20230807T075704.SAFE,,True,25,31,2,3,2,2,inventoried
S2B_MSIL2A_20171228T102429_N0500_R065_T33UVB_20230925T132402,L2A,S2B_MSIL2A_20171228T102429_N0500_R065_T33UVB_20230925T132402.SAFE,S2B,2017-12-28T10:24:29Z,2017-12-28,2017,T33UVB,65,N0500,2023-09-25T13:24:02Z,S2B_MSIL2A_20171228T102429_N0500_R065_T33UVB_20230925T132402.SAFE,,True,25,31,2,3,2,2,inventoried
S2B_MSIL2A_20171231T103429_N0500_R108_T33UVB_20230915T142245,L2A,S2B_MSIL2A_20171231T103429_N0500_R108_T33UVB_20230915T142245.SAFE,S2B,2017-12-31T10:34:29Z,2017-12-31,2017,T33UVB,108,N0500,2023-09-15T14:22:45Z,S2B_MSIL2A_20171231T103429_N0500_R108_T33UVB_20230915T142245.SAFE,,True,25,31,2,3,2,2,inventoried
S2A_MSIL2A_20180102T102421_N0500_R065_T33UVB_20230906T025531,L2A,S2A_MSIL2A_20180102T102421_N0500_R065_T33UVB_20230906T025531.SAFE,S2A,2018-01-02T10:24:21Z,2018-01-02,2018,T33UVB,65,N0500,2023-09-06T02:55:31Z,S2A_MSIL2A_20180102T102421_N0500_R065_T33UVB_20230906T025531.SAFE,,True,25,31,2,3,2,2,inventoried
S2A_MSIL2A_20180105T103421_N0500_R108_T33UVB_20230802T013118,L2A,S2A_MSIL2A_20180105T103421_N0500_R108_T33UVB_20230802T013118.SAFE,S2A,2018-01-05T10:34:21Z,2018-01-05,2018,T33UVB,108,N0500,2023-08-02T01:31:18Z,S2A_MSIL2A_20180105T103421_N0500_R108_T33UVB_20230802T013118.SAFE,,True,25,31,2,3,2,2,inventoried
S2B_MSIL2A_20180107T102359_N0500_R065_T33UVB_20230802T022226,L2A,S2B_MSIL2A_20180107T102359_N0500_R065_T33UVB_20230802T022226.SAFE,S2B,2018-01-07T10:23:59Z,2018-01-07,2018,T33UVB,65,N0500,2023-08-02T02:22:26Z,S2B_MSIL2A_20180107T102359_N0500_R065_T33UVB_20230802T022226.SAFE,,True,25,31,2,3,2,2,inventoried
S2B_MSIL2A_20180110T103409_N0500_R108_T33UVB_20230810T144022,L2A,S2B_MSIL2A_20180110T103409_N0500_R108_T33UVB_20230810T144022.SAFE,S2B,2018-01-10T10:34:09Z,2018-01-10,2018,T33UVB,108,N0500,2023-08-10T14:40:22Z,S2B_MSIL2A_20180110T103409_N0500_R108_T33UVB_20230810T144022.SAFE,,True,25,31,2,3,2,2,inventoried
S2A_MSIL2A_20180112T102401_N0500_R065_T33UVB_20230717T173424,L2A,S2A_MSIL2A_20180112T102401_N0500_R065_T33UVB_20230717T173424.SAFE,S2A,2018-01-12T10:24:01Z,2018-01-12,2018,T33UVB,65,N0500,2023-07-17T17:34:24Z,S2A_MSIL2A_20180112T102401_N0500_R065_T33UVB_20230717T173424.SAFE,,True,25,31,2,3,2,2,inventoried
S2A_MSIL2A_20180115T103351_N0500_R108_T33UVB_20230919T203713,L2A,S2A_MSIL2A_20180115T103351_N0500_R108_T33UVB_20230919T203713.SAFE,S2A,2018-01-15T10:33:51Z,2018-01-15,2018,T33UVB,108,N0500,2023-09-19T20:37:13Z,S2A_MSIL2A_20180115T103351_N0500_R108_T33UVB_20230919T203713.SAFE,,True,25,31,2,3,2,2,inventoried
S2B_MSIL2A_20180117T102339_N0500_R065_T33UVB_20230803T100345,L2A,S2B_MSIL2A_20180117T102339_N0500_R065_T33UVB_20230803T100345.SAFE,S2B,2018-01-17T10:23:39Z,2018-01-17,2018,T33UVB,65,N0500,2023-08-03T10:03:45Z,S2B_MSIL2A_20180117T102339_N0500_R065_T33UVB_20230803T100345.SAFE,,True,25,31,2,3,2,2,inventoried
S2B_MSIL2A_20180120T103339_N0500_R108_T33UVB_20230802T162156,L2A,S2B_MSIL2A_20180120T103339_N0500_R108_T33UVB_20230802T162156.SAFE,S2B,2018-01-20T10:33:39Z,2018-01-20,2018,T33UVB,108,N0500,2023-08-02T16:21:56Z,S2B_MSIL2A_20180120T103339_N0500_R108_T33UVB_20230802T162156.SAFE,,True,25,31,2,3,2,2,inventoried
S2A_MSIL2A_20180122T102321_N0500_R065_T33UVB_20230903T200654,L2A,S2A_MSIL2A_20180122T102321_N0500_R065_T33UVB_20230903T200654.SAFE,S2A,2018-01-22T10:23:21Z,2018-01-22,2018,T33UVB,65,N0500,2023-09-03T20:06:54Z,S2A_MSIL2A_20180122T102321_N0500_R065_T33UVB_20230903T200654.SAFE,,True,25,31,2,3,2,2,inventoried
S2A_MSIL2A_20180125T103321_N0500_R108_T33UVB_20231013T062502,L2A,S2A_MSIL2A_20180125T103321_N0500_R108_T33UVB_20231013T062502.SAFE,S2A,2018-01-25T10:33:21Z,2018-01-25,2018,T33UVB,108,N0500,2023-10-13T06:25:02Z,S2A_MSIL2A_20180125T103321_N0500_R108_T33UVB_20231013T062502.SAFE,,True,25,31,2,3,2,2,inventoried
S2B_MSIL2A_20180127T102259_N0500_R065_T33UVB_20230915T030220,L2A,S2B_MSIL2A_20180127T102259_N0500_R065_T33UVB_20230915T030220.SAFE,S2B,2018-01-27T10:22:59Z,2018-01-27,2018,T33UVB,65,N0500,2023-09-15T03:02:20Z,S2B_MSIL2A_20180127T102259_N0500_R065_T33UVB_20230915T030220.SAFE,,True,25,31,2,3,2,2,inventoried
S2B_MSIL2A_20180130T103249_N0500_R108_T33UVB_20230721T060653,L2A,S2B_MSIL2A_20180130T103249_N0500_R108_T33UVB_20230721T060653.SAFE,S2B,2018-01-30T10:32:49Z,2018-01-30,2018,T33UVB,108,N0500,2023-07-21T06:06:53Z,S2B_MSIL2A_20180130T103249_N0500_R108_T33UVB_20230721T060653.SAFE,,True,25,31,2,3,2,2,inventoried
S2A_MSIL2A_20180201T102241_N0500_R065_T33UVB_20230904T154141,L2A,S2A_MSIL2A_20180201T102241_N0500_R065_T33UVB_20230904T154141.SAFE,S2A,2018-02-01T10:22:41Z,2018-02-01,2018,T33UVB,65,N0500,2023-09-04T15:41:41Z,S2A_MSIL2A_20180201T102241_N0500_R065_T33UVB_20230904T154141.SAFE,,True,25,31,2,3,2,2,inventoried
S2A_MSIL2A_20180204T103221_N0500_R108_T33UVB_20230716T223233,L2A,S2A_MSIL2A_20180204T103221_N0500_R108_T33UVB_20230716T223233.SAFE,S2A,2018-02-04T10:32:21Z,2018-02-04,2018,T33UVB,108,N0500,2023-07-16T22:32:33Z,S2A_MSIL2A_20180204T103221_N0500_R108_T33UVB_20230716T223233.SAFE,,True,25,31,2,3,2,2,inventoried
S2B_MSIL2A_20180206T102209_N0500_R065_T33UVB_20230823T203118,L2A,S2B_MSIL2A_20180206T102209_N0500_R065_T33UVB_20230823T203118.SAFE,S2B,2018-02-06T10:22:09Z,2018-02-06,2018,T33UVB,65,N0500,2023-08-23T20:31:18Z,S2B_MSIL2A_20180206T102209_N0500_R065_T33UVB_20230823T203118.SAFE,,True,25,31,2,3,2,2,inventoried
S2B_MSIL2A_20180209T103149_N0500_R108_T33UVB_20230803T105321,L2A,S2B_MSIL2A_20180209T103149_N0500_R108_T33UVB_20230803T105321.SAFE,S2B,2018-02-09T10:31:49Z,2018-02-09,2018,T33UVB,108,N0500,2023-08-03T10:53:21Z,S2B_MSIL2A_20180209T103149_N0500_R108_T33UVB_20230803T105321.SAFE,,True,25,31,2,3,2,2,inventoried
S2A_MSIL2A_20180211T102141_N0500_R065_T33UVB_20230802T155248,L2A,S2A_MSIL2A_20180211T102141_N0500_R065_T33UVB_20230802T155248.SAFE,S2A,2018-02-11T10:21:41Z,2018-02-11,2018,T33UVB,65,N0500,2023-08-02T15:52:48Z,S2A_MSIL2A_20180211T102141_N0500_R065_T33UVB_20230802T155248.SAFE,,True,25,31,2,3,2,2,inventoried
S2A_MSIL2A_20180214T103131_N0500_R108_T33UVB_20230804T075038,L2A,S2A_MSIL2A_20180214T103131_N0500_R108_T33UVB_20230804T075038.SAFE,S2A,2018-02-14T10:31:31Z,2018-02-14,2018,T33UVB,108,N0500,2023-08-04T07:50:38Z,S2A_MSIL2A_20180214T103131_N0500_R108_T33UVB_20230804T075038.SAFE,,True,25,31,2,3,2,2,inventoried
S2B_MSIL2A_20180216T102059_N0500_R065_T33UVB_20230801T030114,L2A,S2B_MSIL2A_20180216T102059_N0500_R065_T33UVB_20230801T030114.SAFE,S2B,2018-02-16T10:20:59Z,2018-02-16,2018,T33UVB,65,N0500,2023-08-01T03:01:14Z,S2B_MSIL2A_20180216T102059_N0500_R065_T33UVB_20230801T030114.SAFE,,True,25,31,2,3,2,2,inventoried
S2B_MSIL2A_20180219T103049_N0500_R108_T33UVB_20230801T073448,L2A,S2B_MSIL2A_20180219T103049_N0500_R108_T33UVB_20230801T073448.SAFE,S2B,2018-02-19T10:30:49Z,2018-02-19,2018,T33UVB,108,N0500,2023-08-01T07:34:48Z,S2B_MSIL2A_20180219T103049_N0500_R108_T33UVB_20230801T073448.SAFE,,True,25,31,2,3,2,2,inventoried
S2A_MSIL2A_20180221T102031_N0500_R065_T33UVB_20230916T060730,L2A,S2A_MSIL2A_20180221T102031_N0500_R065_T33UVB_20230916T060730.SAFE,S2A,2018-02-21T10:20:31Z,2018-02-21,2018,T33UVB,65,N0500,2023-09-16T06:07:30Z,S2A_MSIL2A_20180221T102031_N0500_R065_T33UVB_20230916T060730.SAFE,,True,25,31,2,3,2,2,inventoried
S2A_MSIL2A_20180224T103021_N0500_R108_T33UVB_20230908T140846,L2A,S2A_MSIL2A_20180224T103021_N0500_R108_T33UVB_20230908T140846.SAFE,S2A,2018-02-24T10:30:21Z,2018-02-24,2018,T33UVB,108,N0500,2023-09-08T14:08:46Z,S2A_MSIL2A_20180224T103021_N0500_R108_T33UVB_20230908T140846.SAFE,,True,25,31,2,3,2,2,inventoried
S2B_MSIL2A_20180226T102019_N0500_R065_T33UVB_20230912T122020,L2A,S2B_MSIL2A_20180226T102019_N0500_R065_T33UVB_20230912T122020.SAFE,S2B,2018-02-26T10:20:19Z,2018-02-26,2018,T33UVB,65,N0500,2023-09-12T12:20:20Z,S2B_MSIL2A_20180226T102019_N0500_R065_T33UVB_20230912T122020.SAFE,,True,25,31,2,3,2,2,inventoried
S2B_MSIL2A_20180301T103019_N0500_R108_T33UVB_20230731T095708,L2A,S2B_MSIL2A_20180301T103019_N0500_R108_T33UVB_20230731T095708.SAFE,S2B,2018-03-01T10:30:19Z,2018-03-01,2018,T33UVB,108,N0500,2023-07-31T09:57:08Z,S2B_MSIL2A_20180301T103019_N0500_R108_T33UVB_20230731T095708.SAFE,,True,25,31,2,3,2,2,inventoried
S2A_MSIL2A_20180303T102021_N0500_R065_T33UVB_20230731T154608,L2A,S2A_MSIL2A_20180303T102021_N0500_R065_T33UVB_20230731T154608.SAFE,S2A,2018-03-03T10:20:21Z,2018-03-03,2018,T33UVB,65,N0500,2023-07-31T15:46:08Z,S2A_MSIL2A_20180303T102021_N0500_R065_T33UVB_20230731T154608.SAFE,,True,25,31,2,3,2,2,inventoried
S2A_MSIL2A_20180306T103021_N0500_R108_T33UVB_20230911T234625,L2A,S2A_MSIL2A_20180306T103021_N0500_R108_T33UVB_20230911T234625.SAFE,S2A,2018-03-06T10:30:21Z,2018-03-06,2018,T33UVB,108,N0500,2023-09-11T23:46:25Z,S2A_MSIL2A_20180306T103021_N0500_R108_T33UVB_20230911T234625.SAFE,,True,25,31,2,3,2,2,inventoried
S2B_MSIL2A_20180308T102019_N0500_R065_T33UVB_20230910T101040,L2A,S2B_MSIL2A_20180308T102019_N0500_R065_T33UVB_20230910T101040.SAFE,S2B,2018-03-08T10:20:19Z,2018-03-08,2018,T33UVB,65,N0500,2023-09-10T10:10:40Z,S2B_MSIL2A_20180308T102019_N0500_R065_T33UVB_20230910T101040.SAFE,,True,25,31,2,3,2,2,inventoried
S2B_MSIL2A_20180311T103019_N0500_R108_T33UVB_20230910T221020,L2A,S2B_MSIL2A_20180311T103019_N0500_R108_T33UVB_20230910T221020.SAFE,S2B,2018-03-11T10:30:19Z,2018-03-11,2018,T33UVB,108,N0500,2023-09-10T22:10:20Z,S2B_MSIL2A_20180311T103019_N0500_R108_T33UVB_20230910T221020.SAFE,,True,25,31,2,3,2,2,inventoried
S2A_MSIL2A_20180313T102021_N0500_R065_T33UVB_20230731T102639,L2A,S2A_MSIL2A_20180313T102021_N0500_R065_T33UVB_20230731T102639.SAFE,S2A,2018-03-13T10:20:21Z,2018-03-13,2018,T33UVB,65,N0500,2023-07-31T10:26:39Z,S2A_MSIL2A_20180313T102021_N0500_R065_T33UVB_20230731T102639.SAFE,,True,25,31,2,3,2,2,inventoried
S2A_MSIL2A_20180316T103021_N0500_R108_T33UVB_20230727T202428,L2A,S2A_MSIL2A_20180316T103021_N0500_R108_T33UVB_20230727T202428.SAFE,S2A,2018-03-16T10:30:21Z,2018-03-16,2018,T33UVB,108,N0500,2023-07-27T20:24:28Z,S2A_MSIL2A_20180316T103021_N0500_R108_T33UVB_20230727T202428.SAFE,,True,25,31,2,3,2,2,inventoried
S2B_MSIL2A_20180318T102019_N0500_R065_T33UVB_20230903T071056,L2A,S2B_MSIL2A_20180318T102019_N0500_R065_T33UVB_20230903T071056.SAFE,S2B,2018-03-18T10:20:19Z,2018-03-18,2018,T33UVB,65,N0500,2023-09-03T07:10:56Z,S2B_MSIL2A_20180318T102019_N0500_R065_T33UVB_20230903T071056.SAFE,,True,25,31,2,3,2,2,inventoried
S2B_MSIL2A_20180321T103019_N0500_R108_T33UVB_20230913T183246,L2A,S2B_MSIL2A_20180321T103019_N0500_R108_T33UVB_20230913T183246.SAFE,S2B,2018-03-21T10:30:19Z,2018-03-21,2018,T33UVB,108,N0500,2023-09-13T18:32:46Z,S2B_MSIL2A_20180321T103019_N0500_R108_T33UVB_20230913T183246.SAFE,,True,25,31,2,3,2,2,inventoried
S2A_MSIL2A_20180323T102021_N0500_R065_T33UVB_20230905T195247,L2A,S2A_MSIL2A_20180323T102021_N0500_R065_T33UVB_20230905T195247.SAFE,S2A,2018-03-23T10:20:21Z,2018-03-23,2018,T33UVB,65,N0500,2023-09-05T19:52:47Z,S2A_MSIL2A_20180323T102021_N0500_R065_T33UVB_20230905T195247.SAFE,,True,25,31,2,3,2,2,inventoried
S2A_MSIL2A_20180326T103021_N0500_R108_T33UVB_20230911T221845,L2A,S2A_MSIL2A_20180326T103021_N0500_R108_T33UVB_20230911T221845.SAFE,S2A,2018-03-26T10:30:21Z,2018-03-26,2018,T33UVB,108,N0500,2023-09-11T22:18:45Z,S2A_MSIL2A_20180326T103021_N0500_R108_T33UVB_20230911T221845.SAFE,,True,25,31,2,3,2,2,inventoried
S2B_MSIL2A_20180328T102019_N0500_R065_T33UVB_20230829T155330,L2A,S2B_MSIL2A_20180328T102019_N0500_R065_T33UVB_20230829T155330.SAFE,S2B,2018-03-28T10:20:19Z,2018-03-28,2018,T33UVB,65,N0500,2023-08-29T15:53:30Z,S2B_MSIL2A_20180328T102019_N0500_R065_T33UVB_20230829T155330.SAFE,,True,25,31,2,3,2,2,inventoried
S2B_MSIL2A_20180331T103019_N0500_R108_T33UVB_20230917T111330,L2A,S2B_MSIL2A_20180331T103019_N0500_R108_T33UVB_20230917T111330.SAFE,S2B,2018-03-31T10:30:19Z,2018-03-31,2018,T33UVB,108,N0500,2023-09-17T11:13:30Z,S2B_MSIL2A_20180331T103019_N0500_R108_T33UVB_20230917T111330.SAFE,,True,25,31,2,3,2,2,inventoried
S2A_MSIL2A_20180402T102021_N0500_R065_T33UVB_20230908T074848,L2A,S2A_MSIL2A_20180402T102021_N0500_R065_T33UVB_20230908T074848.SAFE,S2A,2018-04-02T10:20:21Z,2018-04-02,2018,T33UVB,65,N0500,2023-09-08T07:48:48Z,S2A_MSIL2A_20180402T102021_N0500_R065_T33UVB_20230908T074848.SAFE,,True,25,31,2,3,2,2,inventoried
S2A_MSIL2A_20180405T103021_N0500_R108_T33UVB_20230803T075014,L2A,S2A_MSIL2A_20180405T103021_N0500_R108_T33UVB_20230803T075014.SAFE,S2A,2018-04-05T10:30:21Z,2018-04-05,2018,T33UVB,108,N0500,2023-08-03T07:50:14Z,S2A_MSIL2A_20180405T103021_N0500_R108_T33UVB_20230803T075014.SAFE,,True,25,31,2,3,2,2,inventoried
S2B_MSIL2A_20180407T102019_N0500_R065_T33UVB_20230906T184503,L2A,S2B_MSIL2A_20180407T102019_N0500_R065_T33UVB_20230906T184503.SAFE,S2B,2018-04-07T10:20:19Z,2018-04-07,2018,T33UVB,65,N0500,2023-09-06T18:45:03Z,S2B_MSIL2A_20180407T102019_N0500_R065_T33UVB_20230906T184503.SAFE,,True,25,31,2,3,2,2,inventoried
S2B_MSIL2A_20180410T103019_N0500_R108_T33UVB_20230909T084526,L2A,S2B_MSIL2A_20180410T103019_N0500_R108_T33UVB_20230909T084526.SAFE,S2B,2018-04-10T10:30:19Z,2018-04-10,2018,T33UVB,108,N0500,2023-09-09T08:45:26Z,S2B_MSIL2A_20180410T103019_N0500_R108_T33UVB_20230909T084526.SAFE,,True,25,31,2,3,2,2,inventoried
S2A_MSIL2A_20180412T102021_N0500_R065_T33UVB_20230906T231644,L2A,S2A_MSIL2A_20180412T102021_N0500_R065_T33UVB_20230906T231644.SAFE,S2A,2018-04-12T10:20:21Z,2018-04-12,2018,T33UVB,65,N0500,2023-09-06T23:16:44Z,S2A_MSIL2A_20180412T102021_N0500_R065_T33UVB_20230906T231644.SAFE,,True,25,31,2,3,2,2,inventoried
S2A_MSIL2A_20180415T103021_N0500_R108_T33UVB_20230725T131333,L2A,S2A_MSIL2A_20180415T103021_N0500_R108_T33UVB_20230725T131333.SAFE,S2A,2018-04-15T10:30:21Z,2018-04-15,2018,T33UVB,108,N0500,2023-07-25T13:13:33Z,S2A_MSIL2A_20180415T103021_N0500_R108_T33UVB_20230725T131333.SAFE,,True,25,31,2,3,2,2,inventoried
S2B_MSIL2A_20180417T102019_N0500_R065_T33UVB_20230910T103342,L2A,S2B_MSIL2A_20180417T102019_N0500_R065_T33UVB_20230910T103342.SAFE,S2B,2018-04-17T10:20:19Z,2018-04-17,2018,T33UVB,65,N0500,2023-09-10T10:33:42Z,S2B_MSIL2A_20180417T102019_N0500_R065_T33UVB_20230910T103342.SAFE,,True,25,31,2,3,2,2,inventoried
S2B_MSIL2A_20180420T103019_N0500_R108_T33UVB_20230829T044228,L2A,S2B_MSIL2A_20180420T103019_N0500_R108_T33UVB_20230829T044228.SAFE,S2B,2018-04-20T10:30:19Z,2018-04-20,2018,T33UVB,108,N0500,2023-08-29T04:42:28Z,S2B_MSIL2A_20180420T103019_N0500_R108_T33UVB_20230829T044228.SAFE,,True,25,31,2,3,2,2,inventoried
S2A_MSIL2A_20180422T102031_N0500_R065_T33UVB_20230915T161912,L2A,S2A_MSIL2A_20180422T102031_N0500_R065_T33UVB_20230915T161912.SAFE,S2A,2018-04-22T10:20:31Z,2018-04-22,2018,T33UVB,65,N0500,2023-09-15T16:19:12Z,S2A_MSIL2A_20180422T102031_N0500_R065_T33UVB_20230915T161912.SAFE,,True,25,31,2,3,2,2,inventoried
S2A_MSIL2A_20180425T103021_N0500_R108_T33UVB_20230731T002951,L2A,S2A_MSIL2A_20180425T103021_N0500_R108_T33UVB_20230731T002951.SAFE,S2A,2018-04-25T10:30:21Z,2018-04-25,2018,T33UVB,108,N0500,2023-07-31T00:29:51Z,S2A_MSIL2A_20180425T103021_N0500_R108_T33UVB_20230731T002951.SAFE,,True,25,31,2,3,2,2,inventoried
S2B_MSIL2A_20180427T102019_N0500_R065_T33UVB_20230913T234011,L2A,S2B_MSIL2A_20180427T102019_N0500_R065_T33UVB_20230913T234011.SAFE,S2B,2018-04-27T10:20:19Z,2018-04-27,2018,T33UVB,65,N0500,2023-09-13T23:40:11Z,S2B_MSIL2A_20180427T102019_N0500_R065_T33UVB_20230913T234011.SAFE,,True,25,31,2,3,2,2,inventoried
S2B_MSIL2A_20180430T103019_N0500_R108_T33UVB_20230705T141913,L2A,S2B_MSIL2A_20180430T103019_N0500_R108_T33UVB_20230705T141913.SAFE,S2B,2018-04-30T10:30:19Z,2018-04-30,2018,T33UVB,108,N0500,2023-07-05T14:19:13Z,S2B_MSIL2A_20180430T103019_N0500_R108_T33UVB_20230705T141913.SAFE,,True,25,31,2,3,2,2,inventoried
S2A_MSIL2A_20180502T102031_N0500_R065_T33UVB_20230904T142745,L2A,S2A_MSIL2A_20180502T102031_N0500_R065_T33UVB_20230904T142745.SAFE,S2A,2018-05-02T10:20:31Z,2018-05-02,2018,T33UVB,65,N0500,2023-09-04T14:27:45Z,S2A_MSIL2A_20180502T102031_N0500_R065_T33UVB_20230904T142745.SAFE,,True,25,31,2,3,2,2,inventoried
S2A_MSIL2A_20180505T103021_N0500_R108_T33UVB_20230830T221405,L2A,S2A_MSIL2A_20180505T103021_N0500_R108_T33UVB_20230830T221405.SAFE,S2A,2018-05-05T10:30:21Z,2018-05-05,2018,T33UVB,108,N0500,2023-08-30T22:14:05Z,S2A_MSIL2A_20180505T103021_N0500_R108_T33UVB_20230830T221405.SAFE,,True,25,31,2,3,2,2,inventoried
S2B_MSIL2A_20180507T102019_N0500_R065_T33UVB_20230816T213532,L2A,S2B_MSIL2A_20180507T102019_N0500_R065_T33UVB_20230816T213532.SAFE,S2B,2018-05-07T10:20:19Z,2018-05-07,2018,T33UVB,65,N0500,2023-08-16T21:35:32Z,S2B_MSIL2A_20180507T102019_N0500_R065_T33UVB_20230816T213532.SAFE,,True,25,31,2,3,2,2,inventoried
S2B_MSIL2A_20180510T103019_N0500_R108_T33UVB_20230831T074006,L2A,S2B_MSIL2A_20180510T103019_N0500_R108_T33UVB_20230831T074006.SAFE,S2B,2018-05-10T10:30:19Z,2018-05-10,2018,T33UVB,108,N0500,2023-08-31T07:40:06Z,S2B_MSIL2A_20180510T103019_N0500_R108_T33UVB_20230831T074006.SAFE,,True,25,31,2,3,2,2,inventoried
S2A_MSIL2A_20180512T102031_N0500_R065_T33UVB_20230904T174030,L2A,S2A_MSIL2A_20180512T102031_N0500_R065_T33UVB_20230904T174030.SAFE,S2A,2018-05-12T10:20:31Z,2018-05-12,2018,T33UVB,65,N0500,2023-09-04T17:40:30Z,S2A_MSIL2A_20180512T102031_N0500_R065_T33UVB_20230904T174030.SAFE,,True,25,31,2,3,2,2,inventoried
S2A_MSIL2A_20180515T103021_N0500_R108_T33UVB_20230717T092115,L2A,S2A_MSIL2A_20180515T103021_N0500_R108_T33UVB_20230717T092115.SAFE,S2A,2018-05-15T10:30:21Z,2018-05-15,2018,T33UVB,108,N0500,2023-07-17T09:21:15Z,S2A_MSIL2A_20180515T103021_N0500_R108_T33UVB_20230717T092115.SAFE,,True,25,31,2,3,2,2,inventoried
S2B_MSIL2A_20180517T102019_N0500_R065_T33UVB_20230828T221220,L2A,S2B_MSIL2A_20180517T102019_N0500_R065_T33UVB_20230828T221220.SAFE,S2B,2018-05-17T10:20:19Z,2018-05-17,2018,T33UVB,65,N0500,2023-08-28T22:12:20Z,S2B_MSIL2A_20180517T102019_N0500_R065_T33UVB_20230828T221220.SAFE,,True,25,31,2,3,2,2,inventoried
S2B_MSIL2A_20180520T103019_N0500_R108_T33UVB_20230906T023901,L2A,S2B_MSIL2A_20180520T103019_N0500_R108_T33UVB_20230906T023901.SAFE,S2B,2018-05-20T10:30:19Z,2018-05-20,2018,T33UVB,108,N0500,2023-09-06T02:39:01Z,S2B_MSIL2A_20180520T103019_N0500_R108_T33UVB_20230906T023901.SAFE,,True,25,31,2,3,2,2,inventoried
S2A_MSIL2A_20180522T102031_N0500_R065_T33UVB_20230718T121734,L2A,S2A_MSIL2A_20180522T102031_N0500_R065_T33UVB_20230718T121734.SAFE,S2A,2018-05-22T10:20:31Z,2018-05-22,2018,T33UVB,65,N0500,2023-07-18T12:17:34Z,S2A_MSIL2A_20180522T102031_N0500_R065_T33UVB_20230718T121734.SAFE,,True,25,31,2,3,2,2,inventoried
S2A_MSIL2A_20180525T103021_N0500_R108_T33UVB_20230724T054127,L2A,S2A_MSIL2A_20180525T103021_N0500_R108_T33UVB_20230724T054127.SAFE,S2A,2018-05-25T10:30:21Z,2018-05-25,2018,T33UVB,108,N0500,2023-07-24T05:41:27Z,S2A_MSIL2A_20180525T103021_N0500_R108_T33UVB_20230724T054127.SAFE,,True,25,31,2,3,2,2,inventoried
S2B_MSIL2A_20180530T103019_N0500_R108_T33UVB_20230731T184631,L2A,S2B_MSIL2A_20180530T103019_N0500_R108_T33UVB_20230731T184631.SAFE,S2B,2018-05-30T10:30:19Z,2018-05-30,2018,T33UVB,108,N0500,2023-07-31T18:46:31Z,S2B_MSIL2A_20180530T103019_N0500_R108_T33UVB_20230731T184631.SAFE,,True,25,31,2,3,2,2,inventoried
S2A_MSIL2A_20180601T102021_N0500_R065_T33UVB_20230902T045008,L2A,S2A_MSIL2A_20180601T102021_N0500_R065_T33UVB_20230902T045008.SAFE,S2A,2018-06-01T10:20:21Z,2018-06-01,2018,T33UVB,65,N0500,2023-09-02T04:50:08Z,S2A_MSIL2A_20180601T102021_N0500_R065_T33UVB_20230902T045008.SAFE,,True,25,31,2,3,2,2,inventoried
S2A_MSIL2A_20180604T103021_N0500_R108_T33UVB_20230723T023511,L2A,S2A_MSIL2A_20180604T103021_N0500_R108_T33UVB_20230723T023511.SAFE,S2A,2018-06-04T10:30:21Z,2018-06-04,2018,T33UVB,108,N0500,2023-07-23T02:35:11Z,S2A_MSIL2A_20180604T103021_N0500_R108_T33UVB_20230723T023511.SAFE,,True,25,31,2,3,2,2,inventoried
S2B_MSIL2A_20180606T102019_N0500_R065_T33UVB_20230824T062839,L2A,S2B_MSIL2A_20180606T102019_N0500_R065_T33UVB_20230824T062839.SAFE,S2B,2018-06-06T10:20:19Z,2018-06-06,2018,T33UVB,65,N0500,2023-08-24T06:28:39Z,S2B_MSIL2A_20180606T102019_N0500_R065_T33UVB_20230824T062839.SAFE,,True,25,31,2,3,2,2,inventoried
S2B_MSIL2A_20180609T103019_N0500_R108_T33UVB_20230824T011601,L2A,S2B_MSIL2A_20180609T103019_N0500_R108_T33UVB_20230824T011601.SAFE,S2B,2018-06-09T10:30:19Z,2018-06-09,2018,T33UVB,108,N0500,2023-08-24T01:16:01Z,S2B_MSIL2A_20180609T103019_N0500_R108_T33UVB_20230824T011601.SAFE,,True,25,31,2,3,2,2,inventoried
S2A_MSIL2A_20180611T102021_N0500_R065_T33UVB_20230714T225353,L2A,S2A_MSIL2A_20180611T102021_N0500_R065_T33UVB_20230714T225353.SAFE,S2A,2018-06-11T10:20:21Z,2018-06-11,2018,T33UVB,65,N0500,2023-07-14T22:53:53Z,S2A_MSIL2A_20180611T102021_N0500_R065_T33UVB_20230714T225353.SAFE,,True,25,31,2,3,2,2,inventoried
S2A_MSIL2A_20180614T103021_N0500_R108_T33UVB_20230813T122609,L2A,S2A_MSIL2A_20180614T103021_N0500_R108_T33UVB_20230813T122609.SAFE,S2A,2018-06-14T10:30:21Z,2018-06-14,2018,T33UVB,108,N0500,2023-08-13T12:26:09Z,S2A_MSIL2A_20180614T103021_N0500_R108_T33UVB_20230813T122609.SAFE,,True,25,31,2,3,2,2,inventoried
S2B_MSIL2A_20180616T102019_N0500_R065_T33UVB_20230715T133909,L2A,S2B_MSIL2A_20180616T102019_N0500_R065_T33UVB_20230715T133909.SAFE,S2B,2018-06-16T10:20:19Z,2018-06-16,2018,T33UVB,65,N0500,2023-07-15T13:39:09Z,S2B_MSIL2A_20180616T102019_N0500_R065_T33UVB_20230715T133909.SAFE,,True,25,31,2,3,2,2,inventoried
S2B_MSIL2A_20180619T103019_N0500_R108_T33UVB_20230715T214842,L2A,S2B_MSIL2A_20180619T103019_N0500_R108_T33UVB_20230715T214842.SAFE,S2B,2018-06-19T10:30:19Z,2018-06-19,2018,T33UVB,108,N0500,2023-07-15T21:48:42Z,S2B_MSIL2A_20180619T103019_N0500_R108_T33UVB_20230715T214842.SAFE,,True,25,31,2,3,2,2,inventoried
S2A_MSIL2A_20180621T102021_N0500_R065_T33UVB_20230827T073006,L2A,S2A_MSIL2A_20180621T102021_N0500_R065_T33UVB_20230827T073006.SAFE,S2A,2018-06-21T10:20:21Z,2018-06-21,2018,T33UVB,65,N0500,2023-08-27T07:30:06Z,S2A_MSIL2A_20180621T102021_N0500_R065_T33UVB_20230827T073006.SAFE,,True,25,31,2,3,2,2,inventoried
S2A_MSIL2A_20180624T103021_N0500_R108_T33UVB_20230823T154249,L2A,S2A_MSIL2A_20180624T103021_N0500_R108_T33UVB_20230823T154249.SAFE,S2A,2018-06-24T10:30:21Z,2018-06-24,2018,T33UVB,108,N0500,2023-08-23T15:42:49Z,S2A_MSIL2A_20180624T103021_N0500_R108_T33UVB_20230823T154249.SAFE,,True,25,31,2,3,2,2,inventoried
S2B_MSIL2A_20180626T102019_N0500_R065_T33UVB_20230730T044635,L2A,S2B_MSIL2A_20180626T102019_N0500_R065_T33UVB_20230730T044635.SAFE,S2B,2018-06-26T10:20:19Z,2018-06-26,2018,T33UVB,65,N0500,2023-07-30T04:46:35Z,S2B_MSIL2A_20180626T102019_N0500_R065_T33UVB_20230730T044635.SAFE,,True,25,31,2,3,2,2,inventoried
S2B_MSIL2A_20180626T102019_N0500_R065_T33UVB_20230801T142643,L2A,S2B_MSIL2A_20180626T102019_N0500_R065_T33UVB_20230801T142643.SAFE,S2B,2018-06-26T10:20:19Z,2018-06-26,2018,T33UVB,65,N0500,2023-08-01T14:26:43Z,S2B_MSIL2A_20180626T102019_N0500_R065_T33UVB_20230801T142643.SAFE,,True,25,31,2,3,2,2,inventoried
S2B_MSIL2A_20180629T103019_N0500_R108_T33UVB_20230828T040523,L2A,S2B_MSIL2A_20180629T103019_N0500_R108_T33UVB_20230828T040523.SAFE,S2B,2018-06-29T10:30:19Z,2018-06-29,2018,T33UVB,108,N0500,2023-08-28T04:05:23Z,S2B_MSIL2A_20180629T103019_N0500_R108_T33UVB_20230828T040523.SAFE,,True,25,31,2,3,2,2,inventoried
S2A_MSIL2A_20180701T102021_N0500_R065_T33UVB_20230811T042458,L2A,S2A_MSIL2A_20180701T102021_N0500_R065_T33UVB_20230811T042458.SAFE,S2A,2018-07-01T10:20:21Z,2018-07-01,2018,T33UVB,65,N0500,2023-08-11T04:24:58Z,S2A_MSIL2A_20180701T102021_N0500_R065_T33UVB_20230811T042458.SAFE,,True,25,31,2,3,2,2,inventoried
S2A_MSIL2A_20180704T103021_N0500_R108_T33UVB_20230806T114209,L2A,S2A_MSIL2A_20180704T103021_N0500_R108_T33UVB_20230806T114209.SAFE,S2A,2018-07-04T10:30:21Z,2018-07-04,2018,T33UVB,108,N0500,2023-08-06T11:42:09Z,S2A_MSIL2A_20180704T103021_N0500_R108_T33UVB_20230806T114209.SAFE,,True,25,31,2,3,2,2,inventoried
S2B_MSIL2A_20180706T102019_N0500_R065_T33UVB_20230808T233811,L2A,S2B_MSIL2A_20180706T102019_N0500_R065_T33UVB_20230808T233811.SAFE,S2B,2018-07-06T10:20:19Z,2018-07-06,2018,T33UVB,65,N0500,2023-08-08T23:38:11Z,S2B_MSIL2A_20180706T102019_N0500_R065_T33UVB_20230808T233811.SAFE,,True,25,31,2,3,2,2,inventoried
S2B_MSIL2A_20180709T103019_N0500_R108_T33UVB_20230820T142139,L2A,S2B_MSIL2A_20180709T103019_N0500_R108_T33UVB_20230820T142139.SAFE,S2B,2018-07-09T10:30:19Z,2018-07-09,2018,T33UVB,108,N0500,2023-08-20T14:21:39Z,S2B_MSIL2A_20180709T103019_N0500_R108_T33UVB_20230820T142139.SAFE,,True,25,31,2,3,2,2,inventoried
S2A_MSIL2A_20180711T102021_N0500_R065_T33UVB_20230801T122120,L2A,S2A_MSIL2A_20180711T102021_N0500_R065_T33UVB_20230801T122120.SAFE,S2A,2018-07-11T10:20:21Z,2018-07-11,2018,T33UVB,65,N0500,2023-08-01T12:21:20Z,S2A_MSIL2A_20180711T102021_N0500_R065_T33UVB_20230801T122120.SAFE,,True,25,31,2,3,2,2,inventoried
S2A_MSIL2A_20180714T103021_N0500_R108_T33UVB_20230820T095831,L2A,S2A_MSIL2A_20180714T103021_N0500_R108_T33UVB_20230820T095831.SAFE,S2A,2018-07-14T10:30:21Z,2018-07-14,2018,T33UVB,108,N0500,2023-08-20T09:58:31Z,S2A_MSIL2A_20180714T103021_N0500_R108_T33UVB_20230820T095831.SAFE,,True,25,31,2,3,2,2,inventoried
S2B_MSIL2A_20180716T102019_N0500_R065_T33UVB_20230713T152538,L2A,S2B_MSIL2A_20180716T102019_N0500_R065_T33UVB_20230713T152538.SAFE,S2B,2018-07-16T10:20:19Z,2018-07-16,2018,T33UVB,65,N0500,2023-07-13T15:25:38Z,S2B_MSIL2A_20180716T102019_N0500_R065_T33UVB_20230713T152538.SAFE,,True,25,31,2,3,2,2,inventoried
S2B_MSIL2A_20180719T103019_N0500_R108_T33UVB_20230714T110051,L2A,S2B_MSIL2A_20180719T103019_N0500_R108_T33UVB_20230714T110051.SAFE,S2B,2018-07-19T10:30:19Z,2018-07-19,2018,T33UVB,108,N0500,2023-07-14T11:00:51Z,S2B_MSIL2A_20180719T103019_N0500_R108_T33UVB_20230714T110051.SAFE,,True,25,31,2,3,2,2,inventoried
S2A_MSIL2A_20180721T102021_N0500_R065_T33UVB_20230714T085857,L2A,S2A_MSIL2A_20180721T102021_N0500_R065_T33UVB_20230714T085857.SAFE,S2A,2018-07-21T10:20:21Z,2018-07-21,2018,T33UVB,65,N0500,2023-07-14T08:58:57Z,S2A_MSIL2A_20180721T102021_N0500_R065_T33UVB_20230714T085857.SAFE,,True,25,31,2,3,2,2,inventoried
S2A_MSIL2A_20180724T103021_N0500_R108_T33UVB_20230720T023932,L2A,S2A_MSIL2A_20180724T103021_N0500_R108_T33UVB_20230720T023932.SAFE,S2A,2018-07-24T10:30:21Z,2018-07-24,2018,T33UVB,108,N0500,2023-07-20T02:39:32Z,S2A_MSIL2A_20180724T103021_N0500_R108_T33UVB_20230720T023932.SAFE,,True,25,31,2,3,2,2,inventoried
S2B_MSIL2A_20180726T102019_N0500_R065_T33UVB_20230811T184149,L2A,S2B_MSIL2A_20180726T102019_N0500_R065_T33UVB_20230811T184149.SAFE,S2B,2018-07-26T10:20:19Z,2018-07-26,2018,T33UVB,65,N0500,2023-08-11T18:41:49Z,S2B_MSIL2A_20180726T102019_N0500_R065_T33UVB_20230811T184149.SAFE,,True,25,31,2,3,2,2,inventoried
S2B_MSIL2A_20180729T103019_N0500_R108_T33UVB_20230723T090117,L2A,S2B_MSIL2A_20180729T103019_N0500_R108_T33UVB_20230723T090117.SAFE,S2B,2018-07-29T10:30:19Z,2018-07-29,2018,T33UVB,108,N0500,2023-07-23T09:01:17Z,S2B_MSIL2A_20180729T103019_N0500_R108_T33UVB_20230723T090117.SAFE,,True,25,31,2,3,2,2,inventoried
S2A_MSIL2A_20180731T102021_N0500_R065_T33UVB_20230723T061615,L2A,S2A_MSIL2A_20180731T102021_N0500_R065_T33UVB_20230723T061615.SAFE,S2A,2018-07-31T10:20:21Z,2018-07-31,2018,T33UVB,65,N0500,2023-07-23T06:16:15Z,S2A_MSIL2A_20180731T102021_N0500_R065_T33UVB_20230723T061615.SAFE,,True,25,31,2,3,2,2,inventoried
S2A_MSIL2A_20180803T103021_N0500_R108_T33UVB_20230731T171730,L2A,S2A_MSIL2A_20180803T103021_N0500_R108_T33UVB_20230731T171730.SAFE,S2A,2018-08-03T10:30:21Z,2018-08-03,2018,T33UVB,108,N0500,2023-07-31T17:17:30Z,S2A_MSIL2A_20180803T103021_N0500_R108_T33UVB_20230731T171730.SAFE,,True,25,31,2,3,2,2,inventoried
S2B_MSIL2A_20180805T102019_N0500_R065_T33UVB_20230731T140510,L2A,S2B_MSIL2A_20180805T102019_N0500_R065_T33UVB_20230731T140510.SAFE,S2B,2018-08-05T10:20:19Z,2018-08-05,2018,T33UVB,65,N0500,2023-07-31T14:05:10Z,S2B_MSIL2A_20180805T102019_N0500_R065_T33UVB_20230731T140510.SAFE,,True,25,31,2,3,2,2,inventoried
S2B_MSIL2A_20180808T103019_N0500_R108_T33UVB_20230803T132224,L2A,S2B_MSIL2A_20180808T103019_N0500_R108_T33UVB_20230803T132224.SAFE,S2B,2018-08-08T10:30:19Z,2018-08-08,2018,T33UVB,108,N0500,2023-08-03T13:22:24Z,S2B_MSIL2A_20180808T103019_N0500_R108_T33UVB_20230803T132224.SAFE,,True,25,31,2,3,2,2,inventoried
S2A_MSIL2A_20180810T102021_N0500_R065_T33UVB_20230814T232625,L2A,S2A_MSIL2A_20180810T102021_N0500_R065_T33UVB_20230814T232625.SAFE,S2A,2018-08-10T10:20:21Z,2018-08-10,2018,T33UVB,65,N0500,2023-08-14T23:26:25Z,S2A_MSIL2A_20180810T102021_N0500_R065_T33UVB_20230814T232625.SAFE,,True,25,31,2,3,2,2,inventoried
S2A_MSIL2A_20180813T103021_N0500_R108_T33UVB_20230723T191605,L2A,S2A_MSIL2A_20180813T103021_N0500_R108_T33UVB_20230723T191605.SAFE,S2A,2018-08-13T10:30:21Z,2018-08-13,2018,T33UVB,108,N0500,2023-07-23T19:16:05Z,S2A_MSIL2A_20180813T103021_N0500_R108_T33UVB_20230723T191605.SAFE,,True,25,31,2,3,2,2,inventoried
S2B_MSIL2A_20180815T102019_N0500_R065_T33UVB_20230810T132357,L2A,S2B_MSIL2A_20180815T102019_N0500_R065_T33UVB_20230810T132357.SAFE,S2B,2018-08-15T10:20:19Z,2018-08-15,2018,T33UVB,65,N0500,2023-08-10T13:23:57Z,S2B_MSIL2A_20180815T102019_N0500_R065_T33UVB_20230810T132357.SAFE,,True,25,31,2,3,2,2,inventoried
S2B_MSIL2A_20180818T103019_N0500_R108_T33UVB_20230712T031843,L2A,S2B_MSIL2A_20180818T103019_N0500_R108_T33UVB_20230712T031843.SAFE,S2B,2018-08-18T10:30:19Z,2018-08-18,2018,T33UVB,108,N0500,2023-07-12T03:18:43Z,S2B_MSIL2A_20180818T103019_N0500_R108_T33UVB_20230712T031843.SAFE,,True,25,31,2,3,2,2,inventoried
S2A_MSIL2A_20180820T102021_N0500_R065_T33UVB_20230827T103655,L2A,S2A_MSIL2A_20180820T102021_N0500_R065_T33UVB_20230827T103655.SAFE,S2A,2018-08-20T10:20:21Z,2018-08-20,2018,T33UVB,65,N0500,2023-08-27T10:36:55Z,S2A_MSIL2A_20180820T102021_N0500_R065_T33UVB_20230827T103655.SAFE,,True,25,31,2,3,2,2,inventoried
S2A_MSIL2A_20180823T103021_N0500_R108_T33UVB_20230712T014626,L2A,S2A_MSIL2A_20180823T103021_N0500_R108_T33UVB_20230712T014626.SAFE,S2A,2018-08-23T10:30:21Z,2018-08-23,2018,T33UVB,108,N0500,2023-07-12T01:46:26Z,S2A_MSIL2A_20180823T103021_N0500_R108_T33UVB_20230712T014626.SAFE,,True,25,31,2,3,2,2,inventoried
S2B_MSIL2A_20180825T102019_N0500_R065_T33UVB_20230712T102133,L2A,S2B_MSIL2A_20180825T102019_N0500_R065_T33UVB_20230712T102133.SAFE,S2B,2018-08-25T10:20:19Z,2018-08-25,2018,T33UVB,65,N0500,2023-07-12T10:21:33Z,S2B_MSIL2A_20180825T102019_N0500_R065_T33UVB_20230712T102133.SAFE,,True,25,31,2,3,2,2,inventoried
S2B_MSIL2A_20180828T103019_N0500_R108_T33UVB_20230809T071639,L2A,S2B_MSIL2A_20180828T103019_N0500_R108_T33UVB_20230809T071639.SAFE,S2B,2018-08-28T10:30:19Z,2018-08-28,2018,T33UVB,108,N0500,2023-08-09T07:16:39Z,S2B_MSIL2A_20180828T103019_N0500_R108_T33UVB_20230809T071639.SAFE,,True,25,31,2,3,2,2,inventoried
S2A_MSIL2A_20180830T102021_N0500_R065_T33UVB_20230712T135917,L2A,S2A_MSIL2A_20180830T102021_N0500_R065_T33UVB_20230712T135917.SAFE,S2A,2018-08-30T10:20:21Z,2018-08-30,2018,T33UVB,65,N0500,2023-07-12T13:59:17Z,S2A_MSIL2A_20180830T102021_N0500_R065_T33UVB_20230712T135917.SAFE,,True,25,31,2,3,2,2,inventoried
S2A_MSIL2A_20180902T103021_N0500_R108_T33UVB_20230710T085832,L2A,S2A_MSIL2A_20180902T103021_N0500_R108_T33UVB_20230710T085832.SAFE,S2A,2018-09-02T10:30:21Z,2018-09-02,2018,T33UVB,108,N0500,2023-07-10T08:58:32Z,S2A_MSIL2A_20180902T103021_N0500_R108_T33UVB_20230710T085832.SAFE,,True,25,31,2,3,2,2,inventoried
S2B_MSIL2A_20180904T102019_N0500_R065_T33UVB_20230824T235353,L2A,S2B_MSIL2A_20180904T102019_N0500_R065_T33UVB_20230824T235353.SAFE,S2B,2018-09-04T10:20:19Z,2018-09-04,2018,T33UVB,65,N0500,2023-08-24T23:53:53Z,S2B_MSIL2A_20180904T102019_N0500_R065_T33UVB_20230824T235353.SAFE,,True,25,31,2,3,2,2,inventoried
S2B_MSIL2A_20180907T103019_N0500_R108_T33UVB_20230708T092856,L2A,S2B_MSIL2A_20180907T103019_N0500_R108_T33UVB_20230708T092856.SAFE,S2B,2018-09-07T10:30:19Z,2018-09-07,2018,T33UVB,108,N0500,2023-07-08T09:28:56Z,S2B_MSIL2A_20180907T103019_N0500_R108_T33UVB_20230708T092856.SAFE,,True,25,31,2,3,2,2,inventoried
S2A_MSIL2A_20180909T102021_N0500_R065_T33UVB_20230820T204124,L2A,S2A_MSIL2A_20180909T102021_N0500_R065_T33UVB_20230820T204124.SAFE,S2A,2018-09-09T10:20:21Z,2018-09-09,2018,T33UVB,65,N0500,2023-08-20T20:41:24Z,S2A_MSIL2A_20180909T102021_N0500_R065_T33UVB_20230820T204124.SAFE,,True,25,31,2,3,2,2,inventoried
S2A_MSIL2A_20180912T103021_N0500_R108_T33UVB_20230803T144033,L2A,S2A_MSIL2A_20180912T103021_N0500_R108_T33UVB_20230803T144033.SAFE,S2A,2018-09-12T10:30:21Z,2018-09-12,2018,T33UVB,108,N0500,2023-08-03T14:40:33Z,S2A_MSIL2A_20180912T103021_N0500_R108_T33UVB_20230803T144033.SAFE,,True,25,31,2,3,2,2,inventoried
S2B_MSIL2A_20180914T102019_N0500_R065_T33UVB_20230731T052244,L2A,S2B_MSIL2A_20180914T102019_N0500_R065_T33UVB_20230731T052244.SAFE,S2B,2018-09-14T10:20:19Z,2018-09-14,2018,T33UVB,65,N0500,2023-07-31T05:22:44Z,S2B_MSIL2A_20180914T102019_N0500_R065_T33UVB_20230731T052244.SAFE,,True,25,31,2,3,2,2,inventoried
S2B_MSIL2A_20180917T103019_N0500_R108_T33UVB_20230731T235627,L2A,S2B_MSIL2A_20180917T103019_N0500_R108_T33UVB_20230731T235627.SAFE,S2B,2018-09-17T10:30:19Z,2018-09-17,2018,T33UVB,108,N0500,2023-07-31T23:56:27Z,S2B_MSIL2A_20180917T103019_N0500_R108_T33UVB_20230731T235627.SAFE,,True,25,31,2,3,2,2,inventoried
S2A_MSIL2A_20180919T102021_N0500_R065_T33UVB_20230708T120558,L2A,S2A_MSIL2A_20180919T102021_N0500_R065_T33UVB_20230708T120558.SAFE,S2A,2018-09-19T10:20:21Z,2018-09-19,2018,T33UVB,65,N0500,2023-07-08T12:05:58Z,S2A_MSIL2A_20180919T102021_N0500_R065_T33UVB_20230708T120558.SAFE,,True,25,31,2,3,2,2,inventoried
S2A_MSIL2A_20180922T103021_N0500_R108_T33UVB_20230708T092958,L2A,S2A_MSIL2A_20180922T103021_N0500_R108_T33UVB_20230708T092958.SAFE,S2A,2018-09-22T10:30:21Z,2018-09-22,2018,T33UVB,108,N0500,2023-07-08T09:29:58Z,S2A_MSIL2A_20180922T103021_N0500_R108_T33UVB_20230708T092958.SAFE,,True,25,31,2,3,2,2,inventoried
S2B_MSIL2A_20180924T102019_N0500_R065_T33UVB_20230709T055558,L2A,S2B_MSIL2A_20180924T102019_N0500_R065_T33UVB_20230709T055558.SAFE,S2B,2018-09-24T10:20:19Z,2018-09-24,2018,T33UVB,65,N0500,2023-07-09T05:55:58Z,S2B_MSIL2A_20180924T102019_N0500_R065_T33UVB_20230709T055558.SAFE,,True,25,31,2,3,2,2,inventoried
S2B_MSIL2A_20180927T103019_N0500_R108_T33UVB_20230729T202531,L2A,S2B_MSIL2A_20180927T103019_N0500_R108_T33UVB_20230729T202531.SAFE,S2B,2018-09-27T10:30:19Z,2018-09-27,2018,T33UVB,108,N0500,2023-07-29T20:25:31Z,S2B_MSIL2A_20180927T103019_N0500_R108_T33UVB_20230729T202531.SAFE,,True,25,31,2,3,2,2,inventoried
S2A_MSIL2A_20180929T102021_N0500_R065_T33UVB_20230806T044058,L2A,S2A_MSIL2A_20180929T102021_N0500_R065_T33UVB_20230806T044058.SAFE,S2A,2018-09-29T10:20:21Z,2018-09-29,2018,T33UVB,65,N0500,2023-08-06T04:40:58Z,S2A_MSIL2A_20180929T102021_N0500_R065_T33UVB_20230806T044058.SAFE,,True,25,31,2,3,2,2,inventoried
S2A_MSIL2A_20181002T103021_N0500_R108_T33UVB_20230620T080713,L2A,S2A_MSIL2A_20181002T103021_N0500_R108_T33UVB_20230620T080713.SAFE,S2A,2018-10-02T10:30:21Z,2018-10-02,2018,T33UVB,108,N0500,2023-06-20T08:07:13Z,S2A_MSIL2A_20181002T103021_N0500_R108_T33UVB_20230620T080713.SAFE,,True,25,31,2,3,2,2,inventoried
S2B_MSIL2A_20181004T102019_N0500_R065_T33UVB_20230728T212236,L2A,S2B_MSIL2A_20181004T102019_N0500_R065_T33UVB_20230728T212236.SAFE,S2B,2018-10-04T10:20:19Z,2018-10-04,2018,T33UVB,65,N0500,2023-07-28T21:22:36Z,S2B_MSIL2A_20181004T102019_N0500_R065_T33UVB_20230728T212236.SAFE,,True,25,31,2,3,2,2,inventoried
S2B_MSIL2A_20181007T103019_N0500_R108_T33UVB_20230728T224104,L2A,S2B_MSIL2A_20181007T103019_N0500_R108_T33UVB_20230728T224104.SAFE,S2B,2018-10-07T10:30:19Z,2018-10-07,2018,T33UVB,108,N0500,2023-07-28T22:41:04Z,S2B_MSIL2A_20181007T103019_N0500_R108_T33UVB_20230728T224104.SAFE,,True,25,31,2,3,2,2,inventoried
S2A_MSIL2A_20181009T102021_N0500_R065_T33UVB_20230707T001241,L2A,S2A_MSIL2A_20181009T102021_N0500_R065_T33UVB_20230707T001241.SAFE,S2A,2018-10-09T10:20:21Z,2018-10-09,2018,T33UVB,65,N0500,2023-07-07T00:12:41Z,S2A_MSIL2A_20181009T102021_N0500_R065_T33UVB_20230707T001241.SAFE,,True,25,31,2,3,2,2,inventoried
S2A_MSIL2A_20181012T103021_N0500_R108_T33UVB_20230709T092401,L2A,S2A_MSIL2A_20181012T103021_N0500_R108_T33UVB_20230709T092401.SAFE,S2A,2018-10-12T10:30:21Z,2018-10-12,2018,T33UVB,108,N0500,2023-07-09T09:24:01Z,S2A_MSIL2A_20181012T103021_N0500_R108_T33UVB_20230709T092401.SAFE,,True,25,31,2,3,2,2,inventoried
S2B_MSIL2A_20181014T102019_N0500_R065_T33UVB_20230709T082541,L2A,S2B_MSIL2A_20181014T102019_N0500_R065_T33UVB_20230709T082541.SAFE,S2B,2018-10-14T10:20:19Z,2018-10-14,2018,T33UVB,65,N0500,2023-07-09T08:25:41Z,S2B_MSIL2A_20181014T102019_N0500_R065_T33UVB_20230709T082541.SAFE,,True,25,31,2,3,2,2,inventoried
S2B_MSIL2A_20181017T103019_N0500_R108_T33UVB_20230729T161532,L2A,S2B_MSIL2A_20181017T103019_N0500_R108_T33UVB_20230729T161532.SAFE,S2B,2018-10-17T10:30:19Z,2018-10-17,2018,T33UVB,108,N0500,2023-07-29T16:15:32Z,S2B_MSIL2A_20181017T103019_N0500_R108_T33UVB_20230729T161532.SAFE,,True,25,31,2,3,2,2,inventoried
S2A_MSIL2A_20181019T102031_N0500_R065_T33UVB_20230813T105225,L2A,S2A_MSIL2A_20181019T102031_N0500_R065_T33UVB_20230813T105225.SAFE,S2A,2018-10-19T10:20:31Z,2018-10-19,2018,T33UVB,65,N0500,2023-08-13T10:52:25Z,S2A_MSIL2A_20181019T102031_N0500_R065_T33UVB_20230813T105225.SAFE,,True,25,31,2,3,2,2,inventoried
S2A_MSIL2A_20181022T103051_N0500_R108_T33UVB_20230707T023938,L2A,S2A_MSIL2A_20181022T103051_N0500_R108_T33UVB_20230707T023938.SAFE,S2A,2018-10-22T10:30:51Z,2018-10-22,2018,T33UVB,108,N0500,2023-07-07T02:39:38Z,S2A_MSIL2A_20181022T103051_N0500_R108_T33UVB_20230707T023938.SAFE,,True,25,31,2,3,2,2,inventoried
S2B_MSIL2A_20181024T102059_N0500_R065_T33UVB_20230816T103450,L2A,S2B_MSIL2A_20181024T102059_N0500_R065_T33UVB_20230816T103450.SAFE,S2B,2018-10-24T10:20:59Z,2018-10-24,2018,T33UVB,65,N0500,2023-08-16T10:34:50Z,S2B_MSIL2A_20181024T102059_N0500_R065_T33UVB_20230816T103450.SAFE,,True,25,31,2,3,2,2,inventoried
S2B_MSIL2A_20181027T103129_N0500_R108_T33UVB_20230729T212420,L2A,S2B_MSIL2A_20181027T103129_N0500_R108_T33UVB_20230729T212420.SAFE,S2B,2018-10-27T10:31:29Z,2018-10-27,2018,T33UVB,108,N0500,2023-07-29T21:24:20Z,S2B_MSIL2A_20181027T103129_N0500_R108_T33UVB_20230729T212420.SAFE,,True,25,31,2,3,2,2,inventoried
S2A_MSIL2A_20181029T102131_N0500_R065_T33UVB_20230707T093356,L2A,S2A_MSIL2A_20181029T102131_N0500_R065_T33UVB_20230707T093356.SAFE,S2A,2018-10-29T10:21:31Z,2018-10-29,2018,T33UVB,65,N0500,2023-07-07T09:33:56Z,S2A_MSIL2A_20181029T102131_N0500_R065_T33UVB_20230707T093356.SAFE,,True,25,31,2,3,2,2,inventoried
S2A_MSIL2A_20181101T103151_N0500_R108_T33UVB_20230703T221532,L2A,S2A_MSIL2A_20181101T103151_N0500_R108_T33UVB_20230703T221532.SAFE,S2A,2018-11-01T10:31:51Z,2018-11-01,2018,T33UVB,108,N0500,2023-07-03T22:15:32Z,S2A_MSIL2A_20181101T103151_N0500_R108_T33UVB_20230703T221532.SAFE,,True,25,31,2,3,2,2,inventoried
S2B_MSIL2A_20181103T102159_N0500_R065_T33UVB_20230727T162237,L2A,S2B_MSIL2A_20181103T102159_N0500_R065_T33UVB_20230727T162237.SAFE,S2B,2018-11-03T10:21:59Z,2018-11-03,2018,T33UVB,65,N0500,2023-07-27T16:22:37Z,S2B_MSIL2A_20181103T102159_N0500_R065_T33UVB_20230727T162237.SAFE,,True,25,31,2,3,2,2,inventoried
S2B_MSIL2A_20181106T103219_N0500_R108_T33UVB_20230728T040633,L2A,S2B_MSIL2A_20181106T103219_N0500_R108_T33UVB_20230728T040633.SAFE,S2B,2018-11-06T10:32:19Z,2018-11-06,2018,T33UVB,108,N0500,2023-07-28T04:06:33Z,S2B_MSIL2A_20181106T103219_N0500_R108_T33UVB_20230728T040633.SAFE,,True,25,31,2,3,2,2,inventoried
S2A_MSIL2A_20181108T102231_N0500_R065_T33UVB_20230709T043632,L2A,S2A_MSIL2A_20181108T102231_N0500_R065_T33UVB_20230709T043632.SAFE,S2A,2018-11-08T10:22:31Z,2018-11-08,2018,T33UVB,65,N0500,2023-07-09T04:36:32Z,S2A_MSIL2A_20181108T102231_N0500_R065_T33UVB_20230709T043632.SAFE,,True,25,31,2,3,2,2,inventoried
S2A_MSIL2A_20181111T103241_N0500_R108_T33UVB_20230801T221255,L2A,S2A_MSIL2A_20181111T103241_N0500_R108_T33UVB_20230801T221255.SAFE,S2A,2018-11-11T10:32:41Z,2018-11-11,2018,T33UVB,108,N0500,2023-08-01T22:12:55Z,S2A_MSIL2A_20181111T103241_N0500_R108_T33UVB_20230801T221255.SAFE,,True,25,31,2,3,2,2,inventoried
S2B_MSIL2A_20181116T103309_N0500_R108_T33UVB_20230704T152937,L2A,S2B_MSIL2A_20181116T103309_N0500_R108_T33UVB_20230704T152937.SAFE,S2B,2018-11-16T10:33:09Z,2018-11-16,2018,T33UVB,108,N0500,2023-07-04T15:29:37Z,S2B_MSIL2A_20181116T103309_N0500_R108_T33UVB_20230704T152937.SAFE,,True,25,31,2,3,2,2,inventoried
S2A_MSIL2A_20181118T102311_N0500_R065_T33UVB_20230817T192802,L2A,S2A_MSIL2A_20181118T102311_N0500_R065_T33UVB_20230817T192802.SAFE,S2A,2018-11-18T10:23:11Z,2018-11-18,2018,T33UVB,65,N0500,2023-08-17T19:28:02Z,S2A_MSIL2A_20181118T102311_N0500_R065_T33UVB_20230817T192802.SAFE,,True,25,31,2,3,2,2,inventoried
S2A_MSIL2A_20181121T103331_N0500_R108_T33UVB_20230727T041940,L2A,S2A_MSIL2A_20181121T103331_N0500_R108_T33UVB_20230727T041940.SAFE,S2A,2018-11-21T10:33:31Z,2018-11-21,2018,T33UVB,108,N0500,2023-07-27T04:19:40Z,S2A_MSIL2A_20181121T103331_N0500_R108_T33UVB_20230727T041940.SAFE,,True,25,31,2,3,2,2,inventoried
S2B_MSIL2A_20181123T102339_N0500_R065_T33UVB_20230703T050731,L2A,S2B_MSIL2A_20181123T102339_N0500_R065_T33UVB_20230703T050731.SAFE,S2B,2018-11-23T10:23:39Z,2018-11-23,2018,T33UVB,65,N0500,2023-07-03T05:07:31Z,S2B_MSIL2A_20181123T102339_N0500_R065_T33UVB_20230703T050731.SAFE,,True,25,31,2,3,2,2,inventoried
S2B_MSIL2A_20181126T103349_N0500_R108_T33UVB_20230618T154805,L2A,S2B_MSIL2A_20181126T103349_N0500_R108_T33UVB_20230618T154805.SAFE,S2B,2018-11-26T10:33:49Z,2018-11-26,2018,T33UVB,108,N0500,2023-06-18T15:48:05Z,S2B_MSIL2A_20181126T103349_N0500_R108_T33UVB_20230618T154805.SAFE,,True,25,31,2,3,2,2,inventoried
S2A_MSIL2A_20181128T102351_N0500_R065_T33UVB_20230727T080741,L2A,S2A_MSIL2A_20181128T102351_N0500_R065_T33UVB_20230727T080741.SAFE,S2A,2018-11-28T10:23:51Z,2018-11-28,2018,T33UVB,65,N0500,2023-07-27T08:07:41Z,S2A_MSIL2A_20181128T102351_N0500_R065_T33UVB_20230727T080741.SAFE,,True,25,31,2,3,2,2,inventoried
S2A_MSIL2A_20181201T103401_N0500_R108_T33UVB_20230703T204831,L2A,S2A_MSIL2A_20181201T103401_N0500_R108_T33UVB_20230703T204831.SAFE,S2A,2018-12-01T10:34:01Z,2018-12-01,2018,T33UVB,108,N0500,2023-07-03T20:48:31Z,S2A_MSIL2A_20181201T103401_N0500_R108_T33UVB_20230703T204831.SAFE,,True,25,31,2,3,2,2,inventoried
S2B_MSIL2A_20181203T102359_N0500_R065_T33UVB_20230613T065941,L2A,S2B_MSIL2A_20181203T102359_N0500_R065_T33UVB_20230613T065941.SAFE,S2B,2018-12-03T10:23:59Z,2018-12-03,2018,T33UVB,65,N0500,2023-06-13T06:59:41Z,S2B_MSIL2A_20181203T102359_N0500_R065_T33UVB_20230613T065941.SAFE,,True,25,31,2,3,2,2,inventoried
S2B_MSIL2A_20181206T103419_N0500_R108_T33UVB_20230726T061858,L2A,S2B_MSIL2A_20181206T103419_N0500_R108_T33UVB_20230726T061858.SAFE,S2B,2018-12-06T10:34:19Z,2018-12-06,2018,T33UVB,108,N0500,2023-07-26T06:18:58Z,S2B_MSIL2A_20181206T103419_N0500_R108_T33UVB_20230726T061858.SAFE,,True,25,31,2,3,2,2,inventoried
S2A_MSIL2A_20181208T102401_N0500_R065_T33UVB_20230726T123704,L2A,S2A_MSIL2A_20181208T102401_N0500_R065_T33UVB_20230726T123704.SAFE,S2A,2018-12-08T10:24:01Z,2018-12-08,2018,T33UVB,65,N0500,2023-07-26T12:37:04Z,S2A_MSIL2A_20181208T102401_N0500_R065_T33UVB_20230726T123704.SAFE,,True,25,31,2,3,2,2,inventoried
S2A_MSIL2A_20181211T103421_N0500_R108_T33UVB_20230726T172651,L2A,S2A_MSIL2A_20181211T103421_N0500_R108_T33UVB_20230726T172651.SAFE,S2A,2018-12-11T10:34:21Z,2018-12-11,2018,T33UVB,108,N0500,2023-07-26T17:26:51Z,S2A_MSIL2A_20181211T103421_N0500_R108_T33UVB_20230726T172651.SAFE,,True,25,31,2,3,2,2,inventoried
S2B_MSIL2A_20181213T102419_N0500_R065_T33UVB_20230621T214501,L2A,S2B_MSIL2A_20181213T102419_N0500_R065_T33UVB_20230621T214501.SAFE,S2B,2018-12-13T10:24:19Z,2018-12-13,2018,T33UVB,65,N0500,2023-06-21T21:45:01Z,S2B_MSIL2A_20181213T102419_N0500_R065_T33UVB_20230621T214501.SAFE,,True,25,31,2,3,2,2,inventoried
S2B_MSIL2A_20181216T103429_N0500_R108_T33UVB_20230621T025833,L2A,S2B_MSIL2A_20181216T103429_N0500_R108_T33UVB_20230621T025833.SAFE,S2B,2018-12-16T10:34:29Z,2018-12-16,2018,T33UVB,108,N0500,2023-06-21T02:58:33Z,S2B_MSIL2A_20181216T103429_N0500_R108_T33UVB_20230621T025833.SAFE,,True,25,31,2,3,2,2,inventoried
S2A_MSIL2A_20181218T102431_N0500_R065_T33UVB_20230815T181307,L2A,S2A_MSIL2A_20181218T102431_N0500_R065_T33UVB_20230815T181307.SAFE,S2A,2018-12-18T10:24:31Z,2018-12-18,2018,T33UVB,65,N0500,2023-08-15T18:13:07Z,S2A_MSIL2A_20181218T102431_N0500_R065_T33UVB_20230815T181307.SAFE,,True,25,31,2,3,2,2,inventoried
S2A_MSIL2A_20181221T103431_N0500_R108_T33UVB_20230618T160137,L2A,S2A_MSIL2A_20181221T103431_N0500_R108_T33UVB_20230618T160137.SAFE,S2A,2018-12-21T10:34:31Z,2018-12-21,2018,T33UVB,108,N0500,2023-06-18T16:01:37Z,S2A_MSIL2A_20181221T103431_N0500_R108_T33UVB_20230618T160137.SAFE,,True,25,31,2,3,2,2,inventoried
S2B_MSIL2A_20181223T102429_N0500_R065_T33UVB_20230616T202316,L2A,S2B_MSIL2A_20181223T102429_N0500_R065_T33UVB_20230616T202316.SAFE,S2B,2018-12-23T10:24:29Z,2018-12-23,2018,T33UVB,65,N0500,2023-06-16T20:23:16Z,S2B_MSIL2A_20181223T102429_N0500_R065_T33UVB_20230616T202316.SAFE,,True,25,31,2,3,2,2,inventoried
S2B_MSIL2A_20181226T103439_N0500_R108_T33UVB_20230630T145145,L2A,S2B_MSIL2A_20181226T103439_N0500_R108_T33UVB_20230630T145145.SAFE,S2B,2018-12-26T10:34:39Z,2018-12-26,2018,T33UVB,108,N0500,2023-06-30T14:51:45Z,S2B_MSIL2A_20181226T103439_N0500_R108_T33UVB_20230630T145145.SAFE,,True,25,31,2,3,2,2,inventoried
S2A_MSIL2A_20181228T102431_N0500_R065_T33UVB_20230726T080833,L2A,S2A_MSIL2A_20181228T102431_N0500_R065_T33UVB_20230726T080833.SAFE,S2A,2018-12-28T10:24:31Z,2018-12-28,2018,T33UVB,65,N0500,2023-07-26T08:08:33Z,S2A_MSIL2A_20181228T102431_N0500_R065_T33UVB_20230726T080833.SAFE,,True,25,31,2,3,2,2,inventoried
S2A_MSIL2A_20181231T103431_N0500_R108_T33UVB_20230702T020550,L2A,S2A_MSIL2A_20181231T103431_N0500_R108_T33UVB_20230702T020550.SAFE,S2A,2018-12-31T10:34:31Z,2018-12-31,2018,T33UVB,108,N0500,2023-07-02T02:05:50Z,S2A_MSIL2A_20181231T103431_N0500_R108_T33UVB_20230702T020550.SAFE,,True,25,31,2,3,2,2,inventoried
S2B_MSIL2A_20190102T102429_N0500_R065_T33UVB_20221204T071817,L2A,S2B_MSIL2A_20190102T102429_N0500_R065_T33UVB_20221204T071817.SAFE,S2B,2019-01-02T10:24:29Z,2019-01-02,2019,T33UVB,65,N0500,2022-12-04T07:18:17Z,S2B_MSIL2A_20190102T102429_N0500_R065_T33UVB_20221204T071817.SAFE,,True,25,31,2,3,2,2,inventoried
S2B_MSIL2A_20190105T103429_N0500_R108_T33UVB_20221201T082625,L2A,S2B_MSIL2A_20190105T103429_N0500_R108_T33UVB_20221201T082625.SAFE,S2B,2019-01-05T10:34:29Z,2019-01-05,2019,T33UVB,108,N0500,2022-12-01T08:26:25Z,S2B_MSIL2A_20190105T103429_N0500_R108_T33UVB_20221201T082625.SAFE,,True,25,31,2,3,2,2,inventoried
S2A_MSIL2A_20190107T102411_N0500_R065_T33UVB_20221216T225435,L2A,S2A_MSIL2A_20190107T102411_N0500_R065_T33UVB_20221216T225435.SAFE,S2A,2019-01-07T10:24:11Z,2019-01-07,2019,T33UVB,65,N0500,2022-12-16T22:54:35Z,S2A_MSIL2A_20190107T102411_N0500_R065_T33UVB_20221216T225435.SAFE,,True,25,31,2,3,2,2,inventoried
S2A_MSIL2A_20190110T103411_N0500_R108_T33UVB_20221128T232018,L2A,S2A_MSIL2A_20190110T103411_N0500_R108_T33UVB_20221128T232018.SAFE,S2A,2019-01-10T10:34:11Z,2019-01-10,2019,T33UVB,108,N0500,2022-11-28T23:20:18Z,S2A_MSIL2A_20190110T103411_N0500_R108_T33UVB_20221128T232018.SAFE,,True,25,31,2,3,2,2,inventoried
S2B_MSIL2A_20190112T102409_N0500_R065_T33UVB_20221128T231158,L2A,S2B_MSIL2A_20190112T102409_N0500_R065_T33UVB_20221128T231158.SAFE,S2B,2019-01-12T10:24:09Z,2019-01-12,2019,T33UVB,65,N0500,2022-11-28T23:11:58Z,S2B_MSIL2A_20190112T102409_N0500_R065_T33UVB_20221128T231158.SAFE,,True,25,31,2,3,2,2,inventoried
S2B_MSIL2A_20190115T103359_N0500_R108_T33UVB_20221204T053250,L2A,S2B_MSIL2A_20190115T103359_N0500_R108_T33UVB_20221204T053250.SAFE,S2B,2019-01-15T10:33:59Z,2019-01-15,2019,T33UVB,108,N0500,2022-12-04T05:32:50Z,S2B_MSIL2A_20190115T103359_N0500_R108_T33UVB_20221204T053250.SAFE,,True,25,31,2,3,2,2,inventoried
S2A_MSIL2A_20190117T102351_N0500_R065_T33UVB_20221220T151754,L2A,S2A_MSIL2A_20190117T102351_N0500_R065_T33UVB_20221220T151754.SAFE,S2A,2019-01-17T10:23:51Z,2019-01-17,2019,T33UVB,65,N0500,2022-12-20T15:17:54Z,S2A_MSIL2A_20190117T102351_N0500_R065_T33UVB_20221220T151754.SAFE,,True,25,31,2,3,2,2,inventoried
S2A_MSIL2A_20190120T103341_N0500_R108_T33UVB_20221207T054340,L2A,S2A_MSIL2A_20190120T103341_N0500_R108_T33UVB_20221207T054340.SAFE,S2A,2019-01-20T10:33:41Z,2019-01-20,2019,T33UVB,108,N0500,2022-12-07T05:43:40Z,S2A_MSIL2A_20190120T103341_N0500_R108_T33UVB_20221207T054340.SAFE,,True,25,31,2,3,2,2,inventoried
S2B_MSIL2A_20190122T102329_N0500_R065_T33UVB_20221201T134119,L2A,S2B_MSIL2A_20190122T102329_N0500_R065_T33UVB_20221201T134119.SAFE,S2B,2019-01-22T10:23:29Z,2019-01-22,2019,T33UVB,65,N0500,2022-12-01T13:41:19Z,S2B_MSIL2A_20190122T102329_N0500_R065_T33UVB_20221201T134119.SAFE,,True,25,31,2,3,2,2,inventoried
S2B_MSIL2A_20190125T103319_N0500_R108_T33UVB_20221130T235414,L2A,S2B_MSIL2A_20190125T103319_N0500_R108_T33UVB_20221130T235414.SAFE,S2B,2019-01-25T10:33:19Z,2019-01-25,2019,T33UVB,108,N0500,2022-11-30T23:54:14Z,S2B_MSIL2A_20190125T103319_N0500_R108_T33UVB_20221130T235414.SAFE,,True,25,31,2,3,2,2,inventoried
S2A_MSIL2A_20190127T102311_N0500_R065_T33UVB_20221201T220114,L2A,S2A_MSIL2A_20190127T102311_N0500_R065_T33UVB_20221201T220114.SAFE,S2A,2019-01-27T10:23:11Z,2019-01-27,2019,T33UVB,65,N0500,2022-12-01T22:01:14Z,S2A_MSIL2A_20190127T102311_N0500_R065_T33UVB_20221201T220114.SAFE,,True,25,31,2,3,2,2,inventoried
S2A_MSIL2A_20190130T103251_N0500_R108_T33UVB_20230219T233103,L2A,S2A_MSIL2A_20190130T103251_N0500_R108_T33UVB_20230219T233103.SAFE,S2A,2019-01-30T10:32:51Z,2019-01-30,2019,T33UVB,108,N0500,2023-02-19T23:31:03Z,S2A_MSIL2A_20190130T103251_N0500_R108_T33UVB_20230219T233103.SAFE,,True,25,31,2,3,2,2,inventoried
S2B_MSIL2A_20190201T102249_N0500_R065_T33UVB_20221206T015810,L2A,S2B_MSIL2A_20190201T102249_N0500_R065_T33UVB_20221206T015810.SAFE,S2B,2019-02-01T10:22:49Z,2019-02-01,2019,T33UVB,65,N0500,2022-12-06T01:58:10Z,S2B_MSIL2A_20190201T102249_N0500_R065_T33UVB_20221206T015810.SAFE,,True,25,31,2,3,2,2,inventoried
S2B_MSIL2A_20190204T103229_N0500_R108_T33UVB_20221214T070815,L2A,S2B_MSIL2A_20190204T103229_N0500_R108_T33UVB_20221214T070815.SAFE,S2B,2019-02-04T10:32:29Z,2019-02-04,2019,T33UVB,108,N0500,2022-12-14T07:08:15Z,S2B_MSIL2A_20190204T103229_N0500_R108_T33UVB_20221214T070815.SAFE,,True,25,31,2,3,2,2,inventoried
S2A_MSIL2A_20190206T102211_N0500_R065_T33UVB_20221129T152558,L2A,S2A_MSIL2A_20190206T102211_N0500_R065_T33UVB_20221129T152558.SAFE,S2A,2019-02-06T10:22:11Z,2019-02-06,2019,T33UVB,65,N0500,2022-11-29T15:25:58Z,S2A_MSIL2A_20190206T102211_N0500_R065_T33UVB_20221129T152558.SAFE,,True,25,31,2,3,2,2,inventoried
S2A_MSIL2A_20190209T103201_N0500_R108_T33UVB_20230612T124545,L2A,S2A_MSIL2A_20190209T103201_N0500_R108_T33UVB_20230612T124545.SAFE,S2A,2019-02-09T10:32:01Z,2019-02-09,2019,T33UVB,108,N0500,2023-06-12T12:45:45Z,S2A_MSIL2A_20190209T103201_N0500_R108_T33UVB_20230612T124545.SAFE,,True,25,31,2,3,2,2,inventoried
S2B_MSIL2A_20190211T102149_N0500_R065_T33UVB_20221212T220258,L2A,S2B_MSIL2A_20190211T102149_N0500_R065_T33UVB_20221212T220258.SAFE,S2B,2019-02-11T10:21:49Z,2019-02-11,2019,T33UVB,65,N0500,2022-12-12T22:02:58Z,S2B_MSIL2A_20190211T102149_N0500_R065_T33UVB_20221212T220258.SAFE,,True,25,31,2,3,2,2,inventoried
S2B_MSIL2A_20190214T103129_N0500_R108_T33UVB_20221213T084344,L2A,S2B_MSIL2A_20190214T103129_N0500_R108_T33UVB_20221213T084344.SAFE,S2B,2019-02-14T10:31:29Z,2019-02-14,2019,T33UVB,108,N0500,2022-12-13T08:43:44Z,S2B_MSIL2A_20190214T103129_N0500_R108_T33UVB_20221213T084344.SAFE,,True,25,31,2,3,2,2,inventoried
S2A_MSIL2A_20190216T102111_N0500_R065_T33UVB_20221125T222236,L2A,S2A_MSIL2A_20190216T102111_N0500_R065_T33UVB_20221125T222236.SAFE,S2A,2019-02-16T10:21:11Z,2019-02-16,2019,T33UVB,65,N0500,2022-11-25T22:22:36Z,S2A_MSIL2A_20190216T102111_N0500_R065_T33UVB_20221125T222236.SAFE,,True,25,31,2,3,2,2,inventoried
S2A_MSIL2A_20190219T103051_N0500_R108_T33UVB_20221213T072008,L2A,S2A_MSIL2A_20190219T103051_N0500_R108_T33UVB_20221213T072008.SAFE,S2A,2019-02-19T10:30:51Z,2019-02-19,2019,T33UVB,108,N0500,2022-12-13T07:20:08Z,S2A_MSIL2A_20190219T103051_N0500_R108_T33UVB_20221213T072008.SAFE,,True,25,31,2,3,2,2,inventoried
S2B_MSIL2A_20190221T102039_N0500_R065_T33UVB_20221128T015326,L2A,S2B_MSIL2A_20190221T102039_N0500_R065_T33UVB_20221128T015326.SAFE,S2B,2019-02-21T10:20:39Z,2019-02-21,2019,T33UVB,65,N0500,2022-11-28T01:53:26Z,S2B_MSIL2A_20190221T102039_N0500_R065_T33UVB_20221128T015326.SAFE,,True,25,31,2,3,2,2,inventoried
S2B_MSIL2A_20190224T103019_N0500_R108_T33UVB_20221214T040827,L2A,S2B_MSIL2A_20190224T103019_N0500_R108_T33UVB_20221214T040827.SAFE,S2B,2019-02-24T10:30:19Z,2019-02-24,2019,T33UVB,108,N0500,2022-12-14T04:08:27Z,S2B_MSIL2A_20190224T103019_N0500_R108_T33UVB_20221214T040827.SAFE,,True,25,31,2,3,2,2,inventoried
S2A_MSIL2A_20190226T102021_N0500_R065_T33UVB_20221206T102416,L2A,S2A_MSIL2A_20190226T102021_N0500_R065_T33UVB_20221206T102416.SAFE,S2A,2019-02-26T10:20:21Z,2019-02-26,2019,T33UVB,65,N0500,2022-12-06T10:24:16Z,S2A_MSIL2A_20190226T102021_N0500_R065_T33UVB_20221206T102416.SAFE,,True,25,31,2,3,2,2,inventoried
S2A_MSIL2A_20190301T103021_N0500_R108_T33UVB_20221117T132156,L2A,S2A_MSIL2A_20190301T103021_N0500_R108_T33UVB_20221117T132156.SAFE,S2A,2019-03-01T10:30:21Z,2019-03-01,2019,T33UVB,108,N0500,2022-11-17T13:21:56Z,S2A_MSIL2A_20190301T103021_N0500_R108_T33UVB_20221117T132156.SAFE,,True,25,31,2,3,2,2,inventoried
S2B_MSIL2A_20190303T102019_N0500_R065_T33UVB_20221112T122924,L2A,S2B_MSIL2A_20190303T102019_N0500_R065_T33UVB_20221112T122924.SAFE,S2B,2019-03-03T10:20:19Z,2019-03-03,2019,T33UVB,65,N0500,2022-11-12T12:29:24Z,S2B_MSIL2A_20190303T102019_N0500_R065_T33UVB_20221112T122924.SAFE,,True,25,31,2,3,2,2,inventoried
S2B_MSIL2A_20190306T103019_N0500_R108_T33UVB_20221120T235501,L2A,S2B_MSIL2A_20190306T103019_N0500_R108_T33UVB_20221120T235501.SAFE,S2B,2019-03-06T10:30:19Z,2019-03-06,2019,T33UVB,108,N0500,2022-11-20T23:55:01Z,S2B_MSIL2A_20190306T103019_N0500_R108_T33UVB_20221120T235501.SAFE,,True,25,31,2,3,2,2,inventoried
S2A_MSIL2A_20190308T102021_N0500_R065_T33UVB_20221123T222853,L2A,S2A_MSIL2A_20190308T102021_N0500_R065_T33UVB_20221123T222853.SAFE,S2A,2019-03-08T10:20:21Z,2019-03-08,2019,T33UVB,65,N0500,2022-11-23T22:28:53Z,S2A_MSIL2A_20190308T102021_N0500_R065_T33UVB_20221123T222853.SAFE,,True,25,31,2,3,2,2,inventoried
S2A_MSIL2A_20190311T103021_N0500_R108_T33UVB_20221118T065944,L2A,S2A_MSIL2A_20190311T103021_N0500_R108_T33UVB_20221118T065944.SAFE,S2A,2019-03-11T10:30:21Z,2019-03-11,2019,T33UVB,108,N0500,2022-11-18T06:59:44Z,S2A_MSIL2A_20190311T103021_N0500_R108_T33UVB_20221118T065944.SAFE,,True,25,31,2,3,2,2,inventoried
S2B_MSIL2A_20190313T102019_N0500_R065_T33UVB_20221121T085607,L2A,S2B_MSIL2A_20190313T102019_N0500_R065_T33UVB_20221121T085607.SAFE,S2B,2019-03-13T10:20:19Z,2019-03-13,2019,T33UVB,65,N0500,2022-11-21T08:56:07Z,S2B_MSIL2A_20190313T102019_N0500_R065_T33UVB_20221121T085607.SAFE,,True,25,31,2,3,2,2,inventoried
S2B_MSIL2A_20190316T103019_N0500_R108_T33UVB_20221118T163149,L2A,S2B_MSIL2A_20190316T103019_N0500_R108_T33UVB_20221118T163149.SAFE,S2B,2019-03-16T10:30:19Z,2019-03-16,2019,T33UVB,108,N0500,2022-11-18T16:31:49Z,S2B_MSIL2A_20190316T103019_N0500_R108_T33UVB_20221118T163149.SAFE,,True,25,31,2,3,2,2,inventoried
S2A_MSIL2A_20190318T102021_N0500_R065_T33UVB_20221124T233456,L2A,S2A_MSIL2A_20190318T102021_N0500_R065_T33UVB_20221124T233456.SAFE,S2A,2019-03-18T10:20:21Z,2019-03-18,2019,T33UVB,65,N0500,2022-11-24T23:34:56Z,S2A_MSIL2A_20190318T102021_N0500_R065_T33UVB_20221124T233456.SAFE,,True,25,31,2,3,2,2,inventoried
S2A_MSIL2A_20190321T103021_N0500_R108_T33UVB_20221114T235122,L2A,S2A_MSIL2A_20190321T103021_N0500_R108_T33UVB_20221114T235122.SAFE,S2A,2019-03-21T10:30:21Z,2019-03-21,2019,T33UVB,108,N0500,2022-11-14T23:51:22Z,S2A_MSIL2A_20190321T103021_N0500_R108_T33UVB_20221114T235122.SAFE,,True,25,31,2,3,2,2,inventoried
S2B_MSIL2A_20190323T102029_N0500_R065_T33UVB_20221115T113618,L2A,S2B_MSIL2A_20190323T102029_N0500_R065_T33UVB_20221115T113618.SAFE,S2B,2019-03-23T10:20:29Z,2019-03-23,2019,T33UVB,65,N0500,2022-11-15T11:36:18Z,S2B_MSIL2A_20190323T102029_N0500_R065_T33UVB_20221115T113618.SAFE,,True,25,31,2,3,2,2,inventoried
S2B_MSIL2A_20190326T103029_N0500_R108_T33UVB_20221128T143040,L2A,S2B_MSIL2A_20190326T103029_N0500_R108_T33UVB_20221128T143040.SAFE,S2B,2019-03-26T10:30:29Z,2019-03-26,2019,T33UVB,108,N0500,2022-11-28T14:30:40Z,S2B_MSIL2A_20190326T103029_N0500_R108_T33UVB_20221128T143040.SAFE,,True,25,31,2,3,2,2,inventoried
S2A_MSIL2A_20190328T102021_N0500_R065_T33UVB_20221129T232454,L2A,S2A_MSIL2A_20190328T102021_N0500_R065_T33UVB_20221129T232454.SAFE,S2A,2019-03-28T10:20:21Z,2019-03-28,2019,T33UVB,65,N0500,2022-11-29T23:24:54Z,S2A_MSIL2A_20190328T102021_N0500_R065_T33UVB_20221129T232454.SAFE,,True,25,31,2,3,2,2,inventoried
S2A_MSIL2A_20190331T103021_N0500_R108_T33UVB_20221115T171223,L2A,S2A_MSIL2A_20190331T103021_N0500_R108_T33UVB_20221115T171223.SAFE,S2A,2019-03-31T10:30:21Z,2019-03-31,2019,T33UVB,108,N0500,2022-11-15T17:12:23Z,S2A_MSIL2A_20190331T103021_N0500_R108_T33UVB_20221115T171223.SAFE,,True,25,31,2,3,2,2,inventoried
S2B_MSIL2A_20190402T102029_N0500_R065_T33UVB_20221101T223608,L2A,S2B_MSIL2A_20190402T102029_N0500_R065_T33UVB_20221101T223608.SAFE,S2B,2019-04-02T10:20:29Z,2019-04-02,2019,T33UVB,65,N0500,2022-11-01T22:36:08Z,S2B_MSIL2A_20190402T102029_N0500_R065_T33UVB_20221101T223608.SAFE,,True,25,31,2,3,2,2,inventoried
S2B_MSIL2A_20190405T103029_N0500_R108_T33UVB_20221026T043148,L2A,S2B_MSIL2A_20190405T103029_N0500_R108_T33UVB_20221026T043148.SAFE,S2B,2019-04-05T10:30:29Z,2019-04-05,2019,T33UVB,108,N0500,2022-10-26T04:31:48Z,S2B_MSIL2A_20190405T103029_N0500_R108_T33UVB_20221026T043148.SAFE,,True,25,31,2,3,2,2,inventoried
S2A_MSIL2A_20190407T102021_N0500_R065_T33UVB_20221105T134254,L2A,S2A_MSIL2A_20190407T102021_N0500_R065_T33UVB_20221105T134254.SAFE,S2A,2019-04-07T10:20:21Z,2019-04-07,2019,T33UVB,65,N0500,2022-11-05T13:42:54Z,S2A_MSIL2A_20190407T102021_N0500_R065_T33UVB_20221105T134254.SAFE,,True,25,31,2,3,2,2,inventoried
S2A_MSIL2A_20190410T103021_N0500_R108_T33UVB_20221102T134536,L2A,S2A_MSIL2A_20190410T103021_N0500_R108_T33UVB_20221102T134536.SAFE,S2A,2019-04-10T10:30:21Z,2019-04-10,2019,T33UVB,108,N0500,2022-11-02T13:45:36Z,S2A_MSIL2A_20190410T103021_N0500_R108_T33UVB_20221102T134536.SAFE,,True,25,31,2,3,2,2,inventoried
S2B_MSIL2A_20190412T102029_N0500_R065_T33UVB_20221028T223123,L2A,S2B_MSIL2A_20190412T102029_N0500_R065_T33UVB_20221028T223123.SAFE,S2B,2019-04-12T10:20:29Z,2019-04-12,2019,T33UVB,65,N0500,2022-10-28T22:31:23Z,S2B_MSIL2A_20190412T102029_N0500_R065_T33UVB_20221028T223123.SAFE,,True,25,31,2,3,2,2,inventoried
S2B_MSIL2A_20190415T103029_N0500_R108_T33UVB_20221102T080845,L2A,S2B_MSIL2A_20190415T103029_N0500_R108_T33UVB_20221102T080845.SAFE,S2B,2019-04-15T10:30:29Z,2019-04-15,2019,T33UVB,108,N0500,2022-11-02T08:08:45Z,S2B_MSIL2A_20190415T103029_N0500_R108_T33UVB_20221102T080845.SAFE,,True,25,31,2,3,2,2,inventoried
S2A_MSIL2A_20190417T102031_N0500_R065_T33UVB_20221030T004554,L2A,S2A_MSIL2A_20190417T102031_N0500_R065_T33UVB_20221030T004554.SAFE,S2A,2019-04-17T10:20:31Z,2019-04-17,2019,T33UVB,65,N0500,2022-10-30T00:45:54Z,S2A_MSIL2A_20190417T102031_N0500_R065_T33UVB_20221030T004554.SAFE,,True,25,31,2,3,2,2,inventoried
S2A_MSIL2A_20190420T103031_N0500_R108_T33UVB_20221014T165704,L2A,S2A_MSIL2A_20190420T103031_N0500_R108_T33UVB_20221014T165704.SAFE,S2A,2019-04-20T10:30:31Z,2019-04-20,2019,T33UVB,108,N0500,2022-10-14T16:57:04Z,S2A_MSIL2A_20190420T103031_N0500_R108_T33UVB_20221014T165704.SAFE,,True,25,31,2,3,2,2,inventoried
S2B_MSIL2A_20190422T102029_N0500_R065_T33UVB_20221024T121833,L2A,S2B_MSIL2A_20190422T102029_N0500_R065_T33UVB_20221024T121833.SAFE,S2B,2019-04-22T10:20:29Z,2019-04-22,2019,T33UVB,65,N0500,2022-10-24T12:18:33Z,S2B_MSIL2A_20190422T102029_N0500_R065_T33UVB_20221024T121833.SAFE,,True,25,31,2,3,2,2,inventoried
S2B_MSIL2A_20190425T103029_N0500_R108_T33UVB_20221020T153921,L2A,S2B_MSIL2A_20190425T103029_N0500_R108_T33UVB_20221020T153921.SAFE,S2B,2019-04-25T10:30:29Z,2019-04-25,2019,T33UVB,108,N0500,2022-10-20T15:39:21Z,S2B_MSIL2A_20190425T103029_N0500_R108_T33UVB_20221020T153921.SAFE,,True,25,31,2,3,2,2,inventoried
S2A_MSIL2A_20190427T102031_N0500_R065_T33UVB_20221110T101345,L2A,S2A_MSIL2A_20190427T102031_N0500_R065_T33UVB_20221110T101345.SAFE,S2A,2019-04-27T10:20:31Z,2019-04-27,2019,T33UVB,65,N0500,2022-11-10T10:13:45Z,S2A_MSIL2A_20190427T102031_N0500_R065_T33UVB_20221110T101345.SAFE,,True,25,31,2,3,2,2,inventoried
S2A_MSIL2A_20190430T103031_N0500_R108_T33UVB_20221022T220210,L2A,S2A_MSIL2A_20190430T103031_N0500_R108_T33UVB_20221022T220210.SAFE,S2A,2019-04-30T10:30:31Z,2019-04-30,2019,T33UVB,108,N0500,2022-10-22T22:02:10Z,S2A_MSIL2A_20190430T103031_N0500_R108_T33UVB_20221022T220210.SAFE,,True,25,31,2,3,2,2,inventoried
S2B_MSIL2A_20190502T102029_N0500_R065_T33UVB_20221214T000724,L2A,S2B_MSIL2A_20190502T102029_N0500_R065_T33UVB_20221214T000724.SAFE,S2B,2019-05-02T10:20:29Z,2019-05-02,2019,T33UVB,65,N0500,2022-12-14T00:07:24Z,S2B_MSIL2A_20190502T102029_N0500_R065_T33UVB_20221214T000724.SAFE,,True,25,31,2,3,2,2,inventoried
S2B_MSIL2A_20190505T103029_N0500_R108_T33UVB_20221217T140526,L2A,S2B_MSIL2A_20190505T103029_N0500_R108_T33UVB_20221217T140526.SAFE,S2B,2019-05-05T10:30:29Z,2019-05-05,2019,T33UVB,108,N0500,2022-12-17T14:05:26Z,S2B_MSIL2A_20190505T103029_N0500_R108_T33UVB_20221217T140526.SAFE,,True,25,31,2,3,2,2,inventoried
S2A_MSIL2A_20190507T102031_N0500_R065_T33UVB_20221210T014059,L2A,S2A_MSIL2A_20190507T102031_N0500_R065_T33UVB_20221210T014059.SAFE,S2A,2019-05-07T10:20:31Z,2019-05-07,2019,T33UVB,65,N0500,2022-12-10T01:40:59Z,S2A_MSIL2A_20190507T102031_N0500_R065_T33UVB_20221210T014059.SAFE,,True,25,31,2,3,2,2,inventoried
S2A_MSIL2A_20190510T103031_N0500_R108_T33UVB_20221204T002706,L2A,S2A_MSIL2A_20190510T103031_N0500_R108_T33UVB_20221204T002706.SAFE,S2A,2019-05-10T10:30:31Z,2019-05-10,2019,T33UVB,108,N0500,2022-12-04T00:27:06Z,S2A_MSIL2A_20190510T103031_N0500_R108_T33UVB_20221204T002706.SAFE,,True,25,31,2,3,2,2,inventoried
S2B_MSIL2A_20190512T102029_N0500_R065_T33UVB_20221210T130108,L2A,S2B_MSIL2A_20190512T102029_N0500_R065_T33UVB_20221210T130108.SAFE,S2B,2019-05-12T10:20:29Z,2019-05-12,2019,T33UVB,65,N0500,2022-12-10T13:01:08Z,S2B_MSIL2A_20190512T102029_N0500_R065_T33UVB_20221210T130108.SAFE,,True,25,31,2,3,2,2,inventoried
S2B_MSIL2A_20190515T103029_N0500_R108_T33UVB_20221221T133612,L2A,S2B_MSIL2A_20190515T103029_N0500_R108_T33UVB_20221221T133612.SAFE,S2B,2019-05-15T10:30:29Z,2019-05-15,2019,T33UVB,108,N0500,2022-12-21T13:36:12Z,S2B_MSIL2A_20190515T103029_N0500_R108_T33UVB_20221221T133612.SAFE,,True,25,31,2,3,2,2,inventoried
S2A_MSIL2A_20190517T102031_N0500_R065_T33UVB_20221207T162552,L2A,S2A_MSIL2A_20190517T102031_N0500_R065_T33UVB_20221207T162552.SAFE,S2A,2019-05-17T10:20:31Z,2019-05-17,2019,T33UVB,65,N0500,2022-12-07T16:25:52Z,S2A_MSIL2A_20190517T102031_N0500_R065_T33UVB_20221207T162552.SAFE,,True,25,31,2,3,2,2,inventoried
S2A_MSIL2A_20190520T103031_N0500_R108_T33UVB_20221210T081040,L2A,S2A_MSIL2A_20190520T103031_N0500_R108_T33UVB_20221210T081040.SAFE,S2A,2019-05-20T10:30:31Z,2019-05-20,2019,T33UVB,108,N0500,2022-12-10T08:10:40Z,S2A_MSIL2A_20190520T103031_N0500_R108_T33UVB_20221210T081040.SAFE,,True,25,31,2,3,2,2,inventoried
S2B_MSIL2A_20190525T103029_N0500_R108_T33UVB_20221218T140406,L2A,S2B_MSIL2A_20190525T103029_N0500_R108_T33UVB_20221218T140406.SAFE,S2B,2019-05-25T10:30:29Z,2019-05-25,2019,T33UVB,108,N0500,2022-12-18T14:04:06Z,S2B_MSIL2A_20190525T103029_N0500_R108_T33UVB_20221218T140406.SAFE,,True,25,31,2,3,2,2,inventoried
S2A_MSIL2A_20190527T102031_N0500_R065_T33UVB_20221218T171850,L2A,S2A_MSIL2A_20190527T102031_N0500_R065_T33UVB_20221218T171850.SAFE,S2A,2019-05-27T10:20:31Z,2019-05-27,2019,T33UVB,65,N0500,2022-12-18T17:18:50Z,S2A_MSIL2A_20190527T102031_N0500_R065_T33UVB_20221218T171850.SAFE,,True,25,31,2,3,2,2,inventoried
S2A_MSIL2A_20190530T103031_N0500_R108_T33UVB_20221212T215159,L2A,S2A_MSIL2A_20190530T103031_N0500_R108_T33UVB_20221212T215159.SAFE,S2A,2019-05-30T10:30:31Z,2019-05-30,2019,T33UVB,108,N0500,2022-12-12T21:51:59Z,S2A_MSIL2A_20190530T103031_N0500_R108_T33UVB_20221212T215159.SAFE,,True,25,31,2,3,2,2,inventoried
S2B_MSIL2A_20190601T102029_N0500_R065_T33UVB_20230724T191309,L2A,S2B_MSIL2A_20190601T102029_N0500_R065_T33UVB_20230724T191309.SAFE,S2B,2019-06-01T10:20:29Z,2019-06-01,2019,T33UVB,65,N0500,2023-07-24T19:13:09Z,S2B_MSIL2A_20190601T102029_N0500_R065_T33UVB_20230724T191309.SAFE,,True,25,31,2,3,2,2,inventoried
S2B_MSIL2A_20190604T103029_N0500_R108_T33UVB_20230605T145308,L2A,S2B_MSIL2A_20190604T103029_N0500_R108_T33UVB_20230605T145308.SAFE,S2B,2019-06-04T10:30:29Z,2019-06-04,2019,T33UVB,108,N0500,2023-06-05T14:53:08Z,S2B_MSIL2A_20190604T103029_N0500_R108_T33UVB_20230605T145308.SAFE,,True,25,31,2,3,2,2,inventoried
S2A_MSIL2A_20190606T102031_N0500_R065_T33UVB_20230712T081022,L2A,S2A_MSIL2A_20190606T102031_N0500_R065_T33UVB_20230712T081022.SAFE,S2A,2019-06-06T10:20:31Z,2019-06-06,2019,T33UVB,65,N0500,2023-07-12T08:10:22Z,S2A_MSIL2A_20190606T102031_N0500_R065_T33UVB_20230712T081022.SAFE,,True,25,31,2,3,2,2,inventoried
S2A_MSIL2A_20190609T103021_N0500_R108_T33UVB_20221220T034347,L2A,S2A_MSIL2A_20190609T103021_N0500_R108_T33UVB_20221220T034347.SAFE,S2A,2019-06-09T10:30:21Z,2019-06-09,2019,T33UVB,108,N0500,2022-12-20T03:43:47Z,S2A_MSIL2A_20190609T103021_N0500_R108_T33UVB_20221220T034347.SAFE,,True,25,31,2,3,2,2,inventoried
S2B_MSIL2A_20190611T102029_N0500_R065_T33UVB_20221220T092351,L2A,S2B_MSIL2A_20190611T102029_N0500_R065_T33UVB_20221220T092351.SAFE,S2B,2019-06-11T10:20:29Z,2019-06-11,2019,T33UVB,65,N0500,2022-12-20T09:23:51Z,S2B_MSIL2A_20190611T102029_N0500_R065_T33UVB_20221220T092351.SAFE,,True,25,31,2,3,2,2,inventoried
S2B_MSIL2A_20190614T103029_N0500_R108_T33UVB_20230605T020116,L2A,S2B_MSIL2A_20190614T103029_N0500_R108_T33UVB_20230605T020116.SAFE,S2B,2019-06-14T10:30:29Z,2019-06-14,2019,T33UVB,108,N0500,2023-06-05T02:01:16Z,S2B_MSIL2A_20190614T103029_N0500_R108_T33UVB_20230605T020116.SAFE,,True,25,31,2,3,2,2,inventoried
S2A_MSIL2A_20190616T102031_N0500_R065_T33UVB_20230609T034634,L2A,S2A_MSIL2A_20190616T102031_N0500_R065_T33UVB_20230609T034634.SAFE,S2A,2019-06-16T10:20:31Z,2019-06-16,2019,T33UVB,65,N0500,2023-06-09T03:46:34Z,S2A_MSIL2A_20190616T102031_N0500_R065_T33UVB_20230609T034634.SAFE,,True,25,31,2,3,2,2,inventoried
S2A_MSIL2A_20190619T103031_N0500_R108_T33UVB_20230606T144353,L2A,S2A_MSIL2A_20190619T103031_N0500_R108_T33UVB_20230606T144353.SAFE,S2A,2019-06-19T10:30:31Z,2019-06-19,2019,T33UVB,108,N0500,2023-06-06T14:43:53Z,S2A_MSIL2A_20190619T103031_N0500_R108_T33UVB_20230606T144353.SAFE,,True,25,31,2,3,2,2,inventoried
S2B_MSIL2A_20190621T102029_N0500_R065_T33UVB_20230711T175020,L2A,S2B_MSIL2A_20190621T102029_N0500_R065_T33UVB_20230711T175020.SAFE,S2B,2019-06-21T10:20:29Z,2019-06-21,2019,T33UVB,65,N0500,2023-07-11T17:50:20Z,S2B_MSIL2A_20190621T102029_N0500_R065_T33UVB_20230711T175020.SAFE,,True,25,31,2,3,2,2,inventoried
S2B_MSIL2A_20190624T103029_N0500_R108_T33UVB_20221215T151503,L2A,S2B_MSIL2A_20190624T103029_N0500_R108_T33UVB_20221215T151503.SAFE,S2B,2019-06-24T10:30:29Z,2019-06-24,2019,T33UVB,108,N0500,2022-12-15T15:15:03Z,S2B_MSIL2A_20190624T103029_N0500_R108_T33UVB_20221215T151503.SAFE,,True,25,31,2,3,2,2,inventoried
S2A_MSIL2A_20190626T102031_N0500_R065_T33UVB_20230707T172528,L2A,S2A_MSIL2A_20190626T102031_N0500_R065_T33UVB_20230707T172528.SAFE,S2A,2019-06-26T10:20:31Z,2019-06-26,2019,T33UVB,65,N0500,2023-07-07T17:25:28Z,S2A_MSIL2A_20190626T102031_N0500_R065_T33UVB_20230707T172528.SAFE,,True,25,31,2,3,2,2,inventoried
S2A_MSIL2A_20190629T103031_N0500_R108_T33UVB_20230618T170821,L2A,S2A_MSIL2A_20190629T103031_N0500_R108_T33UVB_20230618T170821.SAFE,S2A,2019-06-29T10:30:31Z,2019-06-29,2019,T33UVB,108,N0500,2023-06-18T17:08:21Z,S2A_MSIL2A_20190629T103031_N0500_R108_T33UVB_20230618T170821.SAFE,,True,25,31,2,3,2,2,inventoried
S2B_MSIL2A_20190701T102029_N0500_R065_T33UVB_20230809T195545,L2A,S2B_MSIL2A_20190701T102029_N0500_R065_T33UVB_20230809T195545.SAFE,S2B,2019-07-01T10:20:29Z,2019-07-01,2019,T33UVB,65,N0500,2023-08-09T19:55:45Z,S2B_MSIL2A_20190701T102029_N0500_R065_T33UVB_20230809T195545.SAFE,,True,25,31,2,3,2,2,inventoried
S2B_MSIL2A_20190704T103029_N0500_R108_T33UVB_20230624T153438,L2A,S2B_MSIL2A_20190704T103029_N0500_R108_T33UVB_20230624T153438.SAFE,S2B,2019-07-04T10:30:29Z,2019-07-04,2019,T33UVB,108,N0500,2023-06-24T15:34:38Z,S2B_MSIL2A_20190704T103029_N0500_R108_T33UVB_20230624T153438.SAFE,,True,25,31,2,3,2,2,inventoried
S2A_MSIL2A_20190706T102031_N0500_R065_T33UVB_20230719T174117,L2A,S2A_MSIL2A_20190706T102031_N0500_R065_T33UVB_20230719T174117.SAFE,S2A,2019-07-06T10:20:31Z,2019-07-06,2019,T33UVB,65,N0500,2023-07-19T17:41:17Z,S2A_MSIL2A_20190706T102031_N0500_R065_T33UVB_20230719T174117.SAFE,,True,25,31,2,3,2,2,inventoried
S2A_MSIL2A_20190709T103031_N0500_R108_T33UVB_20230624T213740,L2A,S2A_MSIL2A_20190709T103031_N0500_R108_T33UVB_20230624T213740.SAFE,S2A,2019-07-09T10:30:31Z,2019-07-09,2019,T33UVB,108,N0500,2023-06-24T21:37:40Z,S2A_MSIL2A_20190709T103031_N0500_R108_T33UVB_20230624T213740.SAFE,,True,25,31,2,3,2,2,inventoried
S2B_MSIL2A_20190711T102029_N0500_R065_T33UVB_20230716T055255,L2A,S2B_MSIL2A_20190711T102029_N0500_R065_T33UVB_20230716T055255.SAFE,S2B,2019-07-11T10:20:29Z,2019-07-11,2019,T33UVB,65,N0500,2023-07-16T05:52:55Z,S2B_MSIL2A_20190711T102029_N0500_R065_T33UVB_20230716T055255.SAFE,,True,25,31,2,3,2,2,inventoried
S2B_MSIL2A_20190714T103029_N0500_R108_T33UVB_20230530T064431,L2A,S2B_MSIL2A_20190714T103029_N0500_R108_T33UVB_20230530T064431.SAFE,S2B,2019-07-14T10:30:29Z,2019-07-14,2019,T33UVB,108,N0500,2023-05-30T06:44:31Z,S2B_MSIL2A_20190714T103029_N0500_R108_T33UVB_20230530T064431.SAFE,,True,25,31,2,3,2,2,inventoried
S2A_MSIL2A_20190716T102031_N0500_R065_T33UVB_20230605T025414,L2A,S2A_MSIL2A_20190716T102031_N0500_R065_T33UVB_20230605T025414.SAFE,S2A,2019-07-16T10:20:31Z,2019-07-16,2019,T33UVB,65,N0500,2023-06-05T02:54:14Z,S2A_MSIL2A_20190716T102031_N0500_R065_T33UVB_20230605T025414.SAFE,,True,25,31,2,3,2,2,inventoried
S2A_MSIL2A_20190719T103031_N0500_R108_T33UVB_20230625T191021,L2A,S2A_MSIL2A_20190719T103031_N0500_R108_T33UVB_20230625T191021.SAFE,S2A,2019-07-19T10:30:31Z,2019-07-19,2019,T33UVB,108,N0500,2023-06-25T19:10:21Z,S2A_MSIL2A_20190719T103031_N0500_R108_T33UVB_20230625T191021.SAFE,,True,25,31,2,3,2,2,inventoried
S2B_MSIL2A_20190721T102029_N0500_R065_T33UVB_20230723T133738,L2A,S2B_MSIL2A_20190721T102029_N0500_R065_T33UVB_20230723T133738.SAFE,S2B,2019-07-21T10:20:29Z,2019-07-21,2019,T33UVB,65,N0500,2023-07-23T13:37:38Z,S2B_MSIL2A_20190721T102029_N0500_R065_T33UVB_20230723T133738.SAFE,,True,25,31,2,3,2,2,inventoried
S2B_MSIL2A_20190724T103029_N0500_R108_T33UVB_20230607T062312,L2A,S2B_MSIL2A_20190724T103029_N0500_R108_T33UVB_20230607T062312.SAFE,S2B,2019-07-24T10:30:29Z,2019-07-24,2019,T33UVB,108,N0500,2023-06-07T06:23:12Z,S2B_MSIL2A_20190724T103029_N0500_R108_T33UVB_20230607T062312.SAFE,,True,25,31,2,3,2,2,inventoried
S2A_MSIL2A_20190726T102031_N0500_R065_T33UVB_20230509T235130,L2A,S2A_MSIL2A_20190726T102031_N0500_R065_T33UVB_20230509T235130.SAFE,S2A,2019-07-26T10:20:31Z,2019-07-26,2019,T33UVB,65,N0500,2023-05-09T23:51:30Z,S2A_MSIL2A_20190726T102031_N0500_R065_T33UVB_20230509T235130.SAFE,,True,25,31,2,3,2,2,inventoried
S2A_MSIL2A_20190729T103031_N0500_R108_T33UVB_20230719T112519,L2A,S2A_MSIL2A_20190729T103031_N0500_R108_T33UVB_20230719T112519.SAFE,S2A,2019-07-29T10:30:31Z,2019-07-29,2019,T33UVB,108,N0500,2023-07-19T11:25:19Z,S2A_MSIL2A_20190729T103031_N0500_R108_T33UVB_20230719T112519.SAFE,,True,25,31,2,3,2,2,inventoried
S2B_MSIL2A_20190731T102029_N0500_R065_T33UVB_20230710T051154,L2A,S2B_MSIL2A_20190731T102029_N0500_R065_T33UVB_20230710T051154.SAFE,S2B,2019-07-31T10:20:29Z,2019-07-31,2019,T33UVB,65,N0500,2023-07-10T05:11:54Z,S2B_MSIL2A_20190731T102029_N0500_R065_T33UVB_20230710T051154.SAFE,,True,25,31,2,3,2,2,inventoried
S2B_MSIL2A_20190803T103029_N0500_R108_T33UVB_20230504T131433,L2A,S2B_MSIL2A_20190803T103029_N0500_R108_T33UVB_20230504T131433.SAFE,S2B,2019-08-03T10:30:29Z,2019-08-03,2019,T33UVB,108,N0500,2023-05-04T13:14:33Z,S2B_MSIL2A_20190803T103029_N0500_R108_T33UVB_20230504T131433.SAFE,,True,25,31,2,3,2,2,inventoried
S2A_MSIL2A_20190805T102031_N0500_R065_T33UVB_20230719T205706,L2A,S2A_MSIL2A_20190805T102031_N0500_R065_T33UVB_20230719T205706.SAFE,S2A,2019-08-05T10:20:31Z,2019-08-05,2019,T33UVB,65,N0500,2023-07-19T20:57:06Z,S2A_MSIL2A_20190805T102031_N0500_R065_T33UVB_20230719T205706.SAFE,,True,25,31,2,3,2,2,inventoried
S2A_MSIL2A_20190808T103031_N0500_R108_T33UVB_20230808T044628,L2A,S2A_MSIL2A_20190808T103031_N0500_R108_T33UVB_20230808T044628.SAFE,S2A,2019-08-08T10:30:31Z,2019-08-08,2019,T33UVB,108,N0500,2023-08-08T04:46:28Z,S2A_MSIL2A_20190808T103031_N0500_R108_T33UVB_20230808T044628.SAFE,,True,25,31,2,3,2,2,inventoried
S2B_MSIL2A_20190810T102029_N0500_R065_T33UVB_20230513T073453,L2A,S2B_MSIL2A_20190810T102029_N0500_R065_T33UVB_20230513T073453.SAFE,S2B,2019-08-10T10:20:29Z,2019-08-10,2019,T33UVB,65,N0500,2023-05-13T07:34:53Z,S2B_MSIL2A_20190810T102029_N0500_R065_T33UVB_20230513T073453.SAFE,,True,25,31,2,3,2,2,inventoried
S2B_MSIL2A_20190813T103029_N0500_R108_T33UVB_20230720T202426,L2A,S2B_MSIL2A_20190813T103029_N0500_R108_T33UVB_20230720T202426.SAFE,S2B,2019-08-13T10:30:29Z,2019-08-13,2019,T33UVB,108,N0500,2023-07-20T20:24:26Z,S2B_MSIL2A_20190813T103029_N0500_R108_T33UVB_20230720T202426.SAFE,,True,25,31,2,3,2,2,inventoried
S2A_MSIL2A_20190815T102031_N0500_R065_T33UVB_20230720T215905,L2A,S2A_MSIL2A_20190815T102031_N0500_R065_T33UVB_20230720T215905.SAFE,S2A,2019-08-15T10:20:31Z,2019-08-15,2019,T33UVB,65,N0500,2023-07-20T21:59:05Z,S2A_MSIL2A_20190815T102031_N0500_R065_T33UVB_20230720T215905.SAFE,,True,25,31,2,3,2,2,inventoried
S2A_MSIL2A_20190818T103031_N0500_R108_T33UVB_20230506T155246,L2A,S2A_MSIL2A_20190818T103031_N0500_R108_T33UVB_20230506T155246.SAFE,S2A,2019-08-18T10:30:31Z,2019-08-18,2019,T33UVB,108,N0500,2023-05-06T15:52:46Z,S2A_MSIL2A_20190818T103031_N0500_R108_T33UVB_20230506T155246.SAFE,,True,25,31,2,3,2,2,inventoried
S2B_MSIL2A_20190820T102029_N0500_R065_T33UVB_20230709T081848,L2A,S2B_MSIL2A_20190820T102029_N0500_R065_T33UVB_20230709T081848.SAFE,S2B,2019-08-20T10:20:29Z,2019-08-20,2019,T33UVB,65,N0500,2023-07-09T08:18:48Z,S2B_MSIL2A_20190820T102029_N0500_R065_T33UVB_20230709T081848.SAFE,,True,25,31,2,3,2,2,inventoried
S2B_MSIL2A_20190823T103029_N0500_R108_T33UVB_20230710T225659,L2A,S2B_MSIL2A_20190823T103029_N0500_R108_T33UVB_20230710T225659.SAFE,S2B,2019-08-23T10:30:29Z,2019-08-23,2019,T33UVB,108,N0500,2023-07-10T22:56:59Z,S2B_MSIL2A_20190823T103029_N0500_R108_T33UVB_20230710T225659.SAFE,,True,25,31,2,3,2,2,inventoried
S2A_MSIL2A_20190825T102031_N0500_R065_T33UVB_20230721T163630,L2A,S2A_MSIL2A_20190825T102031_N0500_R065_T33UVB_20230721T163630.SAFE,S2A,2019-08-25T10:20:31Z,2019-08-25,2019,T33UVB,65,N0500,2023-07-21T16:36:30Z,S2A_MSIL2A_20190825T102031_N0500_R065_T33UVB_20230721T163630.SAFE,,True,25,31,2,3,2,2,inventoried
S2A_MSIL2A_20190828T103021_N0500_R108_T33UVB_20230706T202340,L2A,S2A_MSIL2A_20190828T103021_N0500_R108_T33UVB_20230706T202340.SAFE,S2A,2019-08-28T10:30:21Z,2019-08-28,2019,T33UVB,108,N0500,2023-07-06T20:23:40Z,S2A_MSIL2A_20190828T103021_N0500_R108_T33UVB_20230706T202340.SAFE,,True,25,31,2,3,2,2,inventoried
S2B_MSIL2A_20190830T102029_N0500_R065_T33UVB_20230523T223616,L2A,S2B_MSIL2A_20190830T102029_N0500_R065_T33UVB_20230523T223616.SAFE,S2B,2019-08-30T10:20:29Z,2019-08-30,2019,T33UVB,65,N0500,2023-05-23T22:36:16Z,S2B_MSIL2A_20190830T102029_N0500_R065_T33UVB_20230523T223616.SAFE,,True,25,31,2,3,2,2,inventoried
S2B_MSIL2A_20190902T103029_N0500_R108_T33UVB_20230501T034834,L2A,S2B_MSIL2A_20190902T103029_N0500_R108_T33UVB_20230501T034834.SAFE,S2B,2019-09-02T10:30:29Z,2019-09-02,2019,T33UVB,108,N0500,2023-05-01T03:48:34Z,S2B_MSIL2A_20190902T103029_N0500_R108_T33UVB_20230501T034834.SAFE,,True,25,31,2,3,2,2,inventoried
S2A_MSIL2A_20190904T102021_N0500_R065_T33UVB_20230703T073148,L2A,S2A_MSIL2A_20190904T102021_N0500_R065_T33UVB_20230703T073148.SAFE,S2A,2019-09-04T10:20:21Z,2019-09-04,2019,T33UVB,65,N0500,2023-07-03T07:31:48Z,S2A_MSIL2A_20190904T102021_N0500_R065_T33UVB_20230703T073148.SAFE,,True,25,31,2,3,2,2,inventoried
S2A_MSIL2A_20190907T103021_N0500_R108_T33UVB_20230702T164602,L2A,S2A_MSIL2A_20190907T103021_N0500_R108_T33UVB_20230702T164602.SAFE,S2A,2019-09-07T10:30:21Z,2019-09-07,2019,T33UVB,108,N0500,2023-07-02T16:46:02Z,S2A_MSIL2A_20190907T103021_N0500_R108_T33UVB_20230702T164602.SAFE,,True,25,31,2,3,2,2,inventoried
S2B_MSIL2A_20190909T102029_N0500_R065_T33UVB_20230502T195235,L2A,S2B_MSIL2A_20190909T102029_N0500_R065_T33UVB_20230502T195235.SAFE,S2B,2019-09-09T10:20:29Z,2019-09-09,2019,T33UVB,65,N0500,2023-05-02T19:52:35Z,S2B_MSIL2A_20190909T102029_N0500_R065_T33UVB_20230502T195235.SAFE,,True,25,31,2,3,2,2,inventoried
S2B_MSIL2A_20190912T103019_N0500_R108_T33UVB_20230504T040145,L2A,S2B_MSIL2A_20190912T103019_N0500_R108_T33UVB_20230504T040145.SAFE,S2B,2019-09-12T10:30:19Z,2019-09-12,2019,T33UVB,108,N0500,2023-05-04T04:01:45Z,S2B_MSIL2A_20190912T103019_N0500_R108_T33UVB_20230504T040145.SAFE,,True,25,31,2,3,2,2,inventoried
S2A_MSIL2A_20190914T102021_N0500_R065_T33UVB_20230430T090328,L2A,S2A_MSIL2A_20190914T102021_N0500_R065_T33UVB_20230430T090328.SAFE,S2A,2019-09-14T10:20:21Z,2019-09-14,2019,T33UVB,65,N0500,2023-04-30T09:03:28Z,S2A_MSIL2A_20190914T102021_N0500_R065_T33UVB_20230430T090328.SAFE,,True,25,31,2,3,2,2,inventoried
S2A_MSIL2A_20190917T103021_N0500_R108_T33UVB_20230501T112114,L2A,S2A_MSIL2A_20190917T103021_N0500_R108_T33UVB_20230501T112114.SAFE,S2A,2019-09-17T10:30:21Z,2019-09-17,2019,T33UVB,108,N0500,2023-05-01T11:21:14Z,S2A_MSIL2A_20190917T103021_N0500_R108_T33UVB_20230501T112114.SAFE,,True,25,31,2,3,2,2,inventoried
S2B_MSIL2A_20190919T102019_N0500_R065_T33UVB_20230501T150210,L2A,S2B_MSIL2A_20190919T102019_N0500_R065_T33UVB_20230501T150210.SAFE,S2B,2019-09-19T10:20:19Z,2019-09-19,2019,T33UVB,65,N0500,2023-05-01T15:02:10Z,S2B_MSIL2A_20190919T102019_N0500_R065_T33UVB_20230501T150210.SAFE,,True,25,31,2,3,2,2,inventoried
S2B_MSIL2A_20190922T103019_N0500_R108_T33UVB_20230503T171118,L2A,S2B_MSIL2A_20190922T103019_N0500_R108_T33UVB_20230503T171118.SAFE,S2B,2019-09-22T10:30:19Z,2019-09-22,2019,T33UVB,108,N0500,2023-05-03T17:11:18Z,S2B_MSIL2A_20190922T103019_N0500_R108_T33UVB_20230503T171118.SAFE,,True,25,31,2,3,2,2,inventoried
S2A_MSIL2A_20190924T102021_N0500_R065_T33UVB_20230702T060400,L2A,S2A_MSIL2A_20190924T102021_N0500_R065_T33UVB_20230702T060400.SAFE,S2A,2019-09-24T10:20:21Z,2019-09-24,2019,T33UVB,65,N0500,2023-07-02T06:04:00Z,S2A_MSIL2A_20190924T102021_N0500_R065_T33UVB_20230702T060400.SAFE,,True,25,31,2,3,2,2,inventoried
S2A_MSIL2A_20190927T103021_N0500_R108_T33UVB_20230506T200528,L2A,S2A_MSIL2A_20190927T103021_N0500_R108_T33UVB_20230506T200528.SAFE,S2A,2019-09-27T10:30:21Z,2019-09-27,2019,T33UVB,108,N0500,2023-05-06T20:05:28Z,S2A_MSIL2A_20190927T103021_N0500_R108_T33UVB_20230506T200528.SAFE,,True,25,31,2,3,2,2,inventoried
S2B_MSIL2A_20190929T102029_N0500_R065_T33UVB_20230507T085955,L2A,S2B_MSIL2A_20190929T102029_N0500_R065_T33UVB_20230507T085955.SAFE,S2B,2019-09-29T10:20:29Z,2019-09-29,2019,T33UVB,65,N0500,2023-05-07T08:59:55Z,S2B_MSIL2A_20190929T102029_N0500_R065_T33UVB_20230507T085955.SAFE,,True,25,31,2,3,2,2,inventoried
S2B_MSIL2A_20191002T103019_N0500_R108_T33UVB_20230704T171554,L2A,S2B_MSIL2A_20191002T103019_N0500_R108_T33UVB_20230704T171554.SAFE,S2B,2019-10-02T10:30:19Z,2019-10-02,2019,T33UVB,108,N0500,2023-07-04T17:15:54Z,S2B_MSIL2A_20191002T103019_N0500_R108_T33UVB_20230704T171554.SAFE,,True,25,31,2,3,2,2,inventoried
S2A_MSIL2A_20191004T102031_N0500_R065_T33UVB_20230613T223937,L2A,S2A_MSIL2A_20191004T102031_N0500_R065_T33UVB_20230613T223937.SAFE,S2A,2019-10-04T10:20:31Z,2019-10-04,2019,T33UVB,65,N0500,2023-06-13T22:39:37Z,S2A_MSIL2A_20191004T102031_N0500_R065_T33UVB_20230613T223937.SAFE,,True,25,31,2,3,2,2,inventoried
S2A_MSIL2A_20191007T103021_N0500_R108_T33UVB_20230614T035405,L2A,S2A_MSIL2A_20191007T103021_N0500_R108_T33UVB_20230614T035405.SAFE,S2A,2019-10-07T10:30:21Z,2019-10-07,2019,T33UVB,108,N0500,2023-06-14T03:54:05Z,S2A_MSIL2A_20191007T103021_N0500_R108_T33UVB_20230614T035405.SAFE,,True,25,31,2,3,2,2,inventoried
S2B_MSIL2A_20191009T102029_N0500_R065_T33UVB_20230709T133629,L2A,S2B_MSIL2A_20191009T102029_N0500_R065_T33UVB_20230709T133629.SAFE,S2B,2019-10-09T10:20:29Z,2019-10-09,2019,T33UVB,65,N0500,2023-07-09T13:36:29Z,S2B_MSIL2A_20191009T102029_N0500_R065_T33UVB_20230709T133629.SAFE,,True,25,31,2,3,2,2,inventoried
S2B_MSIL2A_20191012T103029_N0500_R108_T33UVB_20230712T111819,L2A,S2B_MSIL2A_20191012T103029_N0500_R108_T33UVB_20230712T111819.SAFE,S2B,2019-10-12T10:30:29Z,2019-10-12,2019,T33UVB,108,N0500,2023-07-12T11:18:19Z,S2B_MSIL2A_20191012T103029_N0500_R108_T33UVB_20230712T111819.SAFE,,True,25,31,2,3,2,2,inventoried
S2A_MSIL2A_20191014T102031_N0500_R065_T33UVB_20230714T195231,L2A,S2A_MSIL2A_20191014T102031_N0500_R065_T33UVB_20230714T195231.SAFE,S2A,2019-10-14T10:20:31Z,2019-10-14,2019,T33UVB,65,N0500,2023-07-14T19:52:31Z,S2A_MSIL2A_20191014T102031_N0500_R065_T33UVB_20230714T195231.SAFE,,True,25,31,2,3,2,2,inventoried
S2A_MSIL2A_20191017T103031_N0500_R108_T33UVB_20230622T070845,L2A,S2A_MSIL2A_20191017T103031_N0500_R108_T33UVB_20230622T070845.SAFE,S2A,2019-10-17T10:30:31Z,2019-10-17,2019,T33UVB,108,N0500,2023-06-22T07:08:45Z,S2A_MSIL2A_20191017T103031_N0500_R108_T33UVB_20230622T070845.SAFE,,True,25,31,2,3,2,2,inventoried
S2B_MSIL2A_20191019T102029_N0500_R065_T33UVB_20230622T072030,L2A,S2B_MSIL2A_20191019T102029_N0500_R065_T33UVB_20230622T072030.SAFE,S2B,2019-10-19T10:20:29Z,2019-10-19,2019,T33UVB,65,N0500,2023-06-22T07:20:30Z,S2B_MSIL2A_20191019T102029_N0500_R065_T33UVB_20230622T072030.SAFE,,True,25,31,2,3,2,2,inventoried
S2B_MSIL2A_20191022T103059_N0500_R108_T33UVB_20230704T104758,L2A,S2B_MSIL2A_20191022T103059_N0500_R108_T33UVB_20230704T104758.SAFE,S2B,2019-10-22T10:30:59Z,2019-10-22,2019,T33UVB,108,N0500,2023-07-04T10:47:58Z,S2B_MSIL2A_20191022T103059_N0500_R108_T33UVB_20230704T104758.SAFE,,True,25,31,2,3,2,2,inventoried
S2A_MSIL2A_20191024T102111_N0500_R065_T33UVB_20230622T172036,L2A,S2A_MSIL2A_20191024T102111_N0500_R065_T33UVB_20230622T172036.SAFE,S2A,2019-10-24T10:21:11Z,2019-10-24,2019,T33UVB,65,N0500,2023-06-22T17:20:36Z,S2A_MSIL2A_20191024T102111_N0500_R065_T33UVB_20230622T172036.SAFE,,True,25,31,2,3,2,2,inventoried
S2A_MSIL2A_20191027T103131_N0500_R108_T33UVB_20230615T214118,L2A,S2A_MSIL2A_20191027T103131_N0500_R108_T33UVB_20230615T214118.SAFE,S2A,2019-10-27T10:31:31Z,2019-10-27,2019,T33UVB,108,N0500,2023-06-15T21:41:18Z,S2A_MSIL2A_20191027T103131_N0500_R108_T33UVB_20230615T214118.SAFE,,True,25,31,2,3,2,2,inventoried
S2B_MSIL2A_20191029T102039_N0500_R065_T33UVB_20230614T232838,L2A,S2B_MSIL2A_20191029T102039_N0500_R065_T33UVB_20230614T232838.SAFE,S2B,2019-10-29T10:20:39Z,2019-10-29,2019,T33UVB,65,N0500,2023-06-14T23:28:38Z,S2B_MSIL2A_20191029T102039_N0500_R065_T33UVB_20230614T232838.SAFE,,True,25,31,2,3,2,2,inventoried
S2B_MSIL2A_20191101T103059_N0500_R108_T33UVB_20230610T163701,L2A,S2B_MSIL2A_20191101T103059_N0500_R108_T33UVB_20230610T163701.SAFE,S2B,2019-11-01T10:30:59Z,2019-11-01,2019,T33UVB,108,N0500,2023-06-10T16:37:01Z,S2B_MSIL2A_20191101T103059_N0500_R108_T33UVB_20230610T163701.SAFE,,True,25,31,2,3,2,2,inventoried
S2A_MSIL2A_20191103T102211_N0500_R065_T33UVB_20230610T094957,L2A,S2A_MSIL2A_20191103T102211_N0500_R065_T33UVB_20230610T094957.SAFE,S2A,2019-11-03T10:22:11Z,2019-11-03,2019,T33UVB,65,N0500,2023-06-10T09:49:57Z,S2A_MSIL2A_20191103T102211_N0500_R065_T33UVB_20230610T094957.SAFE,,True,25,31,2,3,2,2,inventoried
S2A_MSIL2A_20191106T103231_N0500_R108_T33UVB_20230610T224652,L2A,S2A_MSIL2A_20191106T103231_N0500_R108_T33UVB_20230610T224652.SAFE,S2A,2019-11-06T10:32:31Z,2019-11-06,2019,T33UVB,108,N0500,2023-06-10T22:46:52Z,S2A_MSIL2A_20191106T103231_N0500_R108_T33UVB_20230610T224652.SAFE,,True,25,31,2,3,2,2,inventoried
S2B_MSIL2A_20191108T102139_N0500_R065_T33UVB_20230706T135333,L2A,S2B_MSIL2A_20191108T102139_N0500_R065_T33UVB_20230706T135333.SAFE,S2B,2019-11-08T10:21:39Z,2019-11-08,2019,T33UVB,65,N0500,2023-07-06T13:53:33Z,S2B_MSIL2A_20191108T102139_N0500_R065_T33UVB_20230706T135333.SAFE,,True,25,31,2,3,2,2,inventoried
S2B_MSIL2A_20191111T103159_N0500_R108_T33UVB_20230611T040040,L2A,S2B_MSIL2A_20191111T103159_N0500_R108_T33UVB_20230611T040040.SAFE,S2B,2019-11-11T10:31:59Z,2019-11-11,2019,T33UVB,108,N0500,2023-06-11T04:00:40Z,S2B_MSIL2A_20191111T103159_N0500_R108_T33UVB_20230611T040040.SAFE,,True,25,31,2,3,2,2,inventoried
S2A_MSIL2A_20191113T102301_N0500_R065_T33UVB_20230623T050347,L2A,S2A_MSIL2A_20191113T102301_N0500_R065_T33UVB_20230623T050347.SAFE,S2A,2019-11-13T10:23:01Z,2019-11-13,2019,T33UVB,65,N0500,2023-06-23T05:03:47Z,S2A_MSIL2A_20191113T102301_N0500_R065_T33UVB_20230623T050347.SAFE,,True,25,31,2,3,2,2,inventoried
S2A_MSIL2A_20191116T103311_N0500_R108_T33UVB_20230622T053540,L2A,S2A_MSIL2A_20191116T103311_N0500_R108_T33UVB_20230622T053540.SAFE,S2A,2019-11-16T10:33:11Z,2019-11-16,2019,T33UVB,108,N0500,2023-06-22T05:35:40Z,S2A_MSIL2A_20191116T103311_N0500_R108_T33UVB_20230622T053540.SAFE,,True,25,31,2,3,2,2,inventoried
S2B_MSIL2A_20191118T102219_N0500_R065_T33UVB_20230623T070631,L2A,S2B_MSIL2A_20191118T102219_N0500_R065_T33UVB_20230623T070631.SAFE,S2B,2019-11-18T10:22:19Z,2019-11-18,2019,T33UVB,65,N0500,2023-06-23T07:06:31Z,S2B_MSIL2A_20191118T102219_N0500_R065_T33UVB_20230623T070631.SAFE,,True,25,31,2,3,2,2,inventoried
S2B_MSIL2A_20191121T103239_N0500_R108_T33UVB_20230621T055622,L2A,S2B_MSIL2A_20191121T103239_N0500_R108_T33UVB_20230621T055622.SAFE,S2B,2019-11-21T10:32:39Z,2019-11-21,2019,T33UVB,108,N0500,2023-06-21T05:56:22Z,S2B_MSIL2A_20191121T103239_N0500_R108_T33UVB_20230621T055622.SAFE,,True,25,31,2,3,2,2,inventoried
S2A_MSIL2A_20191123T102341_N0500_R065_T33UVB_20230623T033647,L2A,S2A_MSIL2A_20191123T102341_N0500_R065_T33UVB_20230623T033647.SAFE,S2A,2019-11-23T10:23:41Z,2019-11-23,2019,T33UVB,65,N0500,2023-06-23T03:36:47Z,S2A_MSIL2A_20191123T102341_N0500_R065_T33UVB_20230623T033647.SAFE,,True,25,31,2,3,2,2,inventoried
S2A_MSIL2A_20191126T103351_N0500_R108_T33UVB_20230622T064718,L2A,S2A_MSIL2A_20191126T103351_N0500_R108_T33UVB_20230622T064718.SAFE,S2A,2019-11-26T10:33:51Z,2019-11-26,2019,T33UVB,108,N0500,2023-06-22T06:47:18Z,S2A_MSIL2A_20191126T103351_N0500_R108_T33UVB_20230622T064718.SAFE,,True,25,31,2,3,2,2,inventoried
S2B_MSIL2A_20191128T102259_N0500_R065_T33UVB_20230704T054309,L2A,S2B_MSIL2A_20191128T102259_N0500_R065_T33UVB_20230704T054309.SAFE,S2B,2019-11-28T10:22:59Z,2019-11-28,2019,T33UVB,65,N0500,2023-07-04T05:43:09Z,S2B_MSIL2A_20191128T102259_N0500_R065_T33UVB_20230704T054309.SAFE,,True,25,31,2,3,2,2,inventoried
S2B_MSIL2A_20191201T103309_N0500_R108_T33UVB_20230609T152520,L2A,S2B_MSIL2A_20191201T103309_N0500_R108_T33UVB_20230609T152520.SAFE,S2B,2019-12-01T10:33:09Z,2019-12-01,2019,T33UVB,108,N0500,2023-06-09T15:25:20Z,S2B_MSIL2A_20191201T103309_N0500_R108_T33UVB_20230609T152520.SAFE,,True,25,31,2,3,2,2,inventoried
S2A_MSIL2A_20191203T102401_N0500_R065_T33UVB_20230618T234507,L2A,S2A_MSIL2A_20191203T102401_N0500_R065_T33UVB_20230618T234507.SAFE,S2A,2019-12-03T10:24:01Z,2019-12-03,2019,T33UVB,65,N0500,2023-06-18T23:45:07Z,S2A_MSIL2A_20191203T102401_N0500_R065_T33UVB_20230618T234507.SAFE,,True,25,31,2,3,2,2,inventoried
S2A_MSIL2A_20191206T103421_N0500_R108_T33UVB_20230626T200401,L2A,S2A_MSIL2A_20191206T103421_N0500_R108_T33UVB_20230626T200401.SAFE,S2A,2019-12-06T10:34:21Z,2019-12-06,2019,T33UVB,108,N0500,2023-06-26T20:04:01Z,S2A_MSIL2A_20191206T103421_N0500_R108_T33UVB_20230626T200401.SAFE,,True,25,31,2,3,2,2,inventoried
S2B_MSIL2A_20191208T102319_N0500_R065_T33UVB_20230619T175912,L2A,S2B_MSIL2A_20191208T102319_N0500_R065_T33UVB_20230619T175912.SAFE,S2B,2019-12-08T10:23:19Z,2019-12-08,2019,T33UVB,65,N0500,2023-06-19T17:59:12Z,S2B_MSIL2A_20191208T102319_N0500_R065_T33UVB_20230619T175912.SAFE,,True,25,31,2,3,2,2,inventoried
S2B_MSIL2A_20191211T103329_N0500_R108_T33UVB_20230617T114423,L2A,S2B_MSIL2A_20191211T103329_N0500_R108_T33UVB_20230617T114423.SAFE,S2B,2019-12-11T10:33:29Z,2019-12-11,2019,T33UVB,108,N0500,2023-06-17T11:44:23Z,S2B_MSIL2A_20191211T103329_N0500_R108_T33UVB_20230617T114423.SAFE,,True,25,31,2,3,2,2,inventoried
S2A_MSIL2A_20191213T102421_N0500_R065_T33UVB_20230617T071010,L2A,S2A_MSIL2A_20191213T102421_N0500_R065_T33UVB_20230617T071010.SAFE,S2A,2019-12-13T10:24:21Z,2019-12-13,2019,T33UVB,65,N0500,2023-06-17T07:10:10Z,S2A_MSIL2A_20191213T102421_N0500_R065_T33UVB_20230617T071010.SAFE,,True,25,31,2,3,2,2,inventoried
S2A_MSIL2A_20191216T103431_N0500_R108_T33UVB_20230616T035842,L2A,S2A_MSIL2A_20191216T103431_N0500_R108_T33UVB_20230616T035842.SAFE,S2A,2019-12-16T10:34:31Z,2019-12-16,2019,T33UVB,108,N0500,2023-06-16T03:58:42Z,S2A_MSIL2A_20191216T103431_N0500_R108_T33UVB_20230616T035842.SAFE,,True,25,31,2,3,2,2,inventoried
S2B_MSIL2A_20191218T102339_N0500_R065_T33UVB_20230601T013119,L2A,S2B_MSIL2A_20191218T102339_N0500_R065_T33UVB_20230601T013119.SAFE,S2B,2019-12-18T10:23:39Z,2019-12-18,2019,T33UVB,65,N0500,2023-06-01T01:31:19Z,S2B_MSIL2A_20191218T102339_N0500_R065_T33UVB_20230601T013119.SAFE,,True,25,31,2,3,2,2,inventoried
S2B_MSIL2A_20191221T103339_N0500_R108_T33UVB_20230531T230720,L2A,S2B_MSIL2A_20191221T103339_N0500_R108_T33UVB_20230531T230720.SAFE,S2B,2019-12-21T10:33:39Z,2019-12-21,2019,T33UVB,108,N0500,2023-05-31T23:07:20Z,S2B_MSIL2A_20191221T103339_N0500_R108_T33UVB_20230531T230720.SAFE,,True,25,31,2,3,2,2,inventoried
S2A_MSIL2A_20191223T102431_N0500_R065_T33UVB_20230613T130625,L2A,S2A_MSIL2A_20191223T102431_N0500_R065_T33UVB_20230613T130625.SAFE,S2A,2019-12-23T10:24:31Z,2019-12-23,2019,T33UVB,65,N0500,2023-06-13T13:06:25Z,S2A_MSIL2A_20191223T102431_N0500_R065_T33UVB_20230613T130625.SAFE,,True,25,31,2,3,2,2,inventoried
S2A_MSIL2A_20191226T103431_N0500_R108_T33UVB_20230613T184010,L2A,S2A_MSIL2A_20191226T103431_N0500_R108_T33UVB_20230613T184010.SAFE,S2A,2019-12-26T10:34:31Z,2019-12-26,2019,T33UVB,108,N0500,2023-06-13T18:40:10Z,S2A_MSIL2A_20191226T103431_N0500_R108_T33UVB_20230613T184010.SAFE,,True,25,31,2,3,2,2,inventoried
S2B_MSIL2A_20191228T102339_N0500_R065_T33UVB_20230616T182820,L2A,S2B_MSIL2A_20191228T102339_N0500_R065_T33UVB_20230616T182820.SAFE,S2B,2019-12-28T10:23:39Z,2019-12-28,2019,T33UVB,65,N0500,2023-06-16T18:28:20Z,S2B_MSIL2A_20191228T102339_N0500_R065_T33UVB_20230616T182820.SAFE,,True,25,31,2,3,2,2,inventoried
S2B_MSIL2A_20191231T103339_N0500_R108_T33UVB_20230617T020808,L2A,S2B_MSIL2A_20191231T103339_N0500_R108_T33UVB_20230617T020808.SAFE,S2B,2019-12-31T10:33:39Z,2019-12-31,2019,T33UVB,108,N0500,2023-06-17T02:08:08Z,S2B_MSIL2A_20191231T103339_N0500_R108_T33UVB_20230617T020808.SAFE,,True,25,31,2,3,2,2,inventoried
S2A_MSIL2A_20200102T102421_N0500_R065_T33UVB_20230505T004346,L2A,S2A_MSIL2A_20200102T102421_N0500_R065_T33UVB_20230505T004346.SAFE,S2A,2020-01-02T10:24:21Z,2020-01-02,2020,T33UVB,65,N0500,2023-05-05T00:43:46Z,S2A_MSIL2A_20200102T102421_N0500_R065_T33UVB_20230505T004346.SAFE,,True,25,31,2,3,2,2,inventoried
S2A_MSIL2A_20200105T103421_N0500_R108_T33UVB_20230501T164307,L2A,S2A_MSIL2A_20200105T103421_N0500_R108_T33UVB_20230501T164307.SAFE,S2A,2020-01-05T10:34:21Z,2020-01-05,2020,T33UVB,108,N0500,2023-05-01T16:43:07Z,S2A_MSIL2A_20200105T103421_N0500_R108_T33UVB_20230501T164307.SAFE,,True,25,31,2,3,2,2,inventoried
S2B_MSIL2A_20200107T102319_N0500_R065_T33UVB_20230422T024330,L2A,S2B_MSIL2A_20200107T102319_N0500_R065_T33UVB_20230422T024330.SAFE,S2B,2020-01-07T10:23:19Z,2020-01-07,2020,T33UVB,65,N0500,2023-04-22T02:43:30Z,S2B_MSIL2A_20200107T102319_N0500_R065_T33UVB_20230422T024330.SAFE,,True,25,31,2,3,2,2,inventoried
S2B_MSIL2A_20200110T103319_N0500_R108_T33UVB_20230429T022509,L2A,S2B_MSIL2A_20200110T103319_N0500_R108_T33UVB_20230429T022509.SAFE,S2B,2020-01-10T10:33:19Z,2020-01-10,2020,T33UVB,108,N0500,2023-04-29T02:25:09Z,S2B_MSIL2A_20200110T103319_N0500_R108_T33UVB_20230429T022509.SAFE,,True,25,31,2,3,2,2,inventoried
S2A_MSIL2A_20200112T102401_N0500_R065_T33UVB_20230604T151620,L2A,S2A_MSIL2A_20200112T102401_N0500_R065_T33UVB_20230604T151620.SAFE,S2A,2020-01-12T10:24:01Z,2020-01-12,2020,T33UVB,65,N0500,2023-06-04T15:16:20Z,S2A_MSIL2A_20200112T102401_N0500_R065_T33UVB_20230604T151620.SAFE,,True,25,31,2,3,2,2,inventoried
S2A_MSIL2A_20200115T103401_N0500_R108_T33UVB_20230630T202330,L2A,S2A_MSIL2A_20200115T103401_N0500_R108_T33UVB_20230630T202330.SAFE,S2A,2020-01-15T10:34:01Z,2020-01-15,2020,T33UVB,108,N0500,2023-06-30T20:23:30Z,S2A_MSIL2A_20200115T103401_N0500_R108_T33UVB_20230630T202330.SAFE,,True,25,31,2,3,2,2,inventoried
S2B_MSIL2A_20200117T102249_N0500_R065_T33UVB_20230611T221314,L2A,S2B_MSIL2A_20200117T102249_N0500_R065_T33UVB_20230611T221314.SAFE,S2B,2020-01-17T10:22:49Z,2020-01-17,2020,T33UVB,65,N0500,2023-06-11T22:13:14Z,S2B_MSIL2A_20200117T102249_N0500_R065_T33UVB_20230611T221314.SAFE,,True,25,31,2,3,2,2,inventoried
S2B_MSIL2A_20200120T103239_N0500_R108_T33UVB_20230422T081706,L2A,S2B_MSIL2A_20200120T103239_N0500_R108_T33UVB_20230422T081706.SAFE,S2B,2020-01-20T10:32:39Z,2020-01-20,2020,T33UVB,108,N0500,2023-04-22T08:17:06Z,S2B_MSIL2A_20200120T103239_N0500_R108_T33UVB_20230422T081706.SAFE,,True,25,31,2,3,2,2,inventoried
S2A_MSIL2A_20200122T102321_N0500_R065_T33UVB_20230602T061603,L2A,S2A_MSIL2A_20200122T102321_N0500_R065_T33UVB_20230602T061603.SAFE,S2A,2020-01-22T10:23:21Z,2020-01-22,2020,T33UVB,65,N0500,2023-06-02T06:16:03Z,S2A_MSIL2A_20200122T102321_N0500_R065_T33UVB_20230602T061603.SAFE,,True,25,31,2,3,2,2,inventoried
S2A_MSIL2A_20200125T103321_N0500_R108_T33UVB_20230603T193308,L2A,S2A_MSIL2A_20200125T103321_N0500_R108_T33UVB_20230603T193308.SAFE,S2A,2020-01-25T10:33:21Z,2020-01-25,2020,T33UVB,108,N0500,2023-06-03T19:33:08Z,S2A_MSIL2A_20200125T103321_N0500_R108_T33UVB_20230603T193308.SAFE,,True,25,31,2,3,2,2,inventoried
S2B_MSIL2A_20200127T102209_N0500_R065_T33UVB_20230504T223720,L2A,S2B_MSIL2A_20200127T102209_N0500_R065_T33UVB_20230504T223720.SAFE,S2B,2020-01-27T10:22:09Z,2020-01-27,2020,T33UVB,65,N0500,2023-05-04T22:37:20Z,S2B_MSIL2A_20200127T102209_N0500_R065_T33UVB_20230504T223720.SAFE,,True,25,31,2,3,2,2,inventoried
S2B_MSIL2A_20200130T103159_N0500_R108_T33UVB_20230602T004540,L2A,S2B_MSIL2A_20200130T103159_N0500_R108_T33UVB_20230602T004540.SAFE,S2B,2020-01-30T10:31:59Z,2020-01-30,2020,T33UVB,108,N0500,2023-06-02T00:45:40Z,S2B_MSIL2A_20200130T103159_N0500_R108_T33UVB_20230602T004540.SAFE,,True,25,31,2,3,2,2,inventoried
S2A_MSIL2A_20200201T102241_N0500_R065_T33UVB_20230602T031621,L2A,S2A_MSIL2A_20200201T102241_N0500_R065_T33UVB_20230602T031621.SAFE,S2A,2020-02-01T10:22:41Z,2020-02-01,2020,T33UVB,65,N0500,2023-06-02T03:16:21Z,S2A_MSIL2A_20200201T102241_N0500_R065_T33UVB_20230602T031621.SAFE,,True,25,31,2,3,2,2,inventoried
S2A_MSIL2A_20200204T103221_N0500_R108_T33UVB_20230701T015127,L2A,S2A_MSIL2A_20200204T103221_N0500_R108_T33UVB_20230701T015127.SAFE,S2A,2020-02-04T10:32:21Z,2020-02-04,2020,T33UVB,108,N0500,2023-07-01T01:51:27Z,S2A_MSIL2A_20200204T103221_N0500_R108_T33UVB_20230701T015127.SAFE,,True,25,31,2,3,2,2,inventoried
S2B_MSIL2A_20200206T102109_N0500_R065_T33UVB_20230630T201033,L2A,S2B_MSIL2A_20200206T102109_N0500_R065_T33UVB_20230630T201033.SAFE,S2B,2020-02-06T10:21:09Z,2020-02-06,2020,T33UVB,65,N0500,2023-06-30T20:10:33Z,S2B_MSIL2A_20200206T102109_N0500_R065_T33UVB_20230630T201033.SAFE,,True,25,31,2,3,2,2,inventoried
S2B_MSIL2A_20200209T103059_N0500_R108_T33UVB_20230625T025929,L2A,S2B_MSIL2A_20200209T103059_N0500_R108_T33UVB_20230625T025929.SAFE,S2B,2020-02-09T10:30:59Z,2020-02-09,2020,T33UVB,108,N0500,2023-06-25T02:59:29Z,S2B_MSIL2A_20200209T103059_N0500_R108_T33UVB_20230625T025929.SAFE,,True,25,31,2,3,2,2,inventoried
S2A_MSIL2A_20200211T102141_N0500_R065_T33UVB_20230413T103023,L2A,S2A_MSIL2A_20200211T102141_N0500_R065_T33UVB_20230413T103023.SAFE,S2A,2020-02-11T10:21:41Z,2020-02-11,2020,T33UVB,65,N0500,2023-04-13T10:30:23Z,S2A_MSIL2A_20200211T102141_N0500_R065_T33UVB_20230413T103023.SAFE,,True,25,31,2,3,2,2,inventoried
S2A_MSIL2A_20200214T103121_N0500_R108_T33UVB_20230506T013446,L2A,S2A_MSIL2A_20200214T103121_N0500_R108_T33UVB_20230506T013446.SAFE,S2A,2020-02-14T10:31:21Z,2020-02-14,2020,T33UVB,108,N0500,2023-05-06T01:34:46Z,S2A_MSIL2A_20200214T103121_N0500_R108_T33UVB_20230506T013446.SAFE,,True,25,31,2,3,2,2,inventoried
S2B_MSIL2A_20200216T102019_N0500_R065_T33UVB_20230506T011825,L2A,S2B_MSIL2A_20200216T102019_N0500_R065_T33UVB_20230506T011825.SAFE,S2B,2020-02-16T10:20:19Z,2020-02-16,2020,T33UVB,65,N0500,2023-05-06T01:18:25Z,S2B_MSIL2A_20200216T102019_N0500_R065_T33UVB_20230506T011825.SAFE,,True,25,31,2,3,2,2,inventoried
S2B_MSIL2A_20200219T102949_N0500_R108_T33UVB_20230427T191026,L2A,S2B_MSIL2A_20200219T102949_N0500_R108_T33UVB_20230427T191026.SAFE,S2B,2020-02-19T10:29:49Z,2020-02-19,2020,T33UVB,108,N0500,2023-04-27T19:10:26Z,S2B_MSIL2A_20200219T102949_N0500_R108_T33UVB_20230427T191026.SAFE,,True,25,31,2,3,2,2,inventoried
S2A_MSIL2A_20200221T102041_N0500_R065_T33UVB_20230609T224309,L2A,S2A_MSIL2A_20200221T102041_N0500_R065_T33UVB_20230609T224309.SAFE,S2A,2020-02-21T10:20:41Z,2020-02-21,2020,T33UVB,65,N0500,2023-06-09T22:43:09Z,S2A_MSIL2A_20200221T102041_N0500_R065_T33UVB_20230609T224309.SAFE,,True,25,31,2,3,2,2,inventoried
S2A_MSIL2A_20200224T103021_N0500_R108_T33UVB_20230613T121929,L2A,S2A_MSIL2A_20200224T103021_N0500_R108_T33UVB_20230613T121929.SAFE,S2A,2020-02-24T10:30:21Z,2020-02-24,2020,T33UVB,108,N0500,2023-06-13T12:19:29Z,S2A_MSIL2A_20200224T103021_N0500_R108_T33UVB_20230613T121929.SAFE,,True,25,31,2,3,2,2,inventoried
S2B_MSIL2A_20200226T101909_N0500_R065_T33UVB_20230613T083806,L2A,S2B_MSIL2A_20200226T101909_N0500_R065_T33UVB_20230613T083806.SAFE,S2B,2020-02-26T10:19:09Z,2020-02-26,2020,T33UVB,65,N0500,2023-06-13T08:38:06Z,S2B_MSIL2A_20200226T101909_N0500_R065_T33UVB_20230613T083806.SAFE,,True,25,31,2,3,2,2,inventoried
S2B_MSIL2A_20200229T102849_N0500_R108_T33UVB_20230624T202300,L2A,S2B_MSIL2A_20200229T102849_N0500_R108_T33UVB_20230624T202300.SAFE,S2B,2020-02-29T10:28:49Z,2020-02-29,2020,T33UVB,108,N0500,2023-06-24T20:23:00Z,S2B_MSIL2A_20200229T102849_N0500_R108_T33UVB_20230624T202300.SAFE,,True,25,31,2,3,2,2,inventoried
S2A_MSIL2A_20200302T102021_N0500_R065_T33UVB_20230417T054811,L2A,S2A_MSIL2A_20200302T102021_N0500_R065_T33UVB_20230417T054811.SAFE,S2A,2020-03-02T10:20:21Z,2020-03-02,2020,T33UVB,65,N0500,2023-04-17T05:48:11Z,S2A_MSIL2A_20200302T102021_N0500_R065_T33UVB_20230417T054811.SAFE,,True,25,31,2,3,2,2,inventoried
S2A_MSIL2A_20200305T103021_N0500_R108_T33UVB_20230630T022413,L2A,S2A_MSIL2A_20200305T103021_N0500_R108_T33UVB_20230630T022413.SAFE,S2A,2020-03-05T10:30:21Z,2020-03-05,2020,T33UVB,108,N0500,2023-06-30T02:24:13Z,S2A_MSIL2A_20200305T103021_N0500_R108_T33UVB_20230630T022413.SAFE,,True,25,31,2,3,2,2,inventoried
S2B_MSIL2A_20200307T101759_N0500_R065_T33UVB_20230630T141329,L2A,S2B_MSIL2A_20200307T101759_N0500_R065_T33UVB_20230630T141329.SAFE,S2B,2020-03-07T10:17:59Z,2020-03-07,2020,T33UVB,65,N0500,2023-06-30T14:13:29Z,S2B_MSIL2A_20200307T101759_N0500_R065_T33UVB_20230630T141329.SAFE,,True,25,31,2,3,2,2,inventoried
S2B_MSIL2A_20200310T102739_N0500_R108_T33UVB_20230601T060043,L2A,S2B_MSIL2A_20200310T102739_N0500_R108_T33UVB_20230601T060043.SAFE,S2B,2020-03-10T10:27:39Z,2020-03-10,2020,T33UVB,108,N0500,2023-06-01T06:00:43Z,S2B_MSIL2A_20200310T102739_N0500_R108_T33UVB_20230601T060043.SAFE,,True,25,31,2,3,2,2,inventoried
S2A_MSIL2A_20200312T102021_N0500_R065_T33UVB_20230630T112231,L2A,S2A_MSIL2A_20200312T102021_N0500_R065_T33UVB_20230630T112231.SAFE,S2A,2020-03-12T10:20:21Z,2020-03-12,2020,T33UVB,65,N0500,2023-06-30T11:22:31Z,S2A_MSIL2A_20200312T102021_N0500_R065_T33UVB_20230630T112231.SAFE,,True,25,31,2,3,2,2,inventoried
S2A_MSIL2A_20200315T103021_N0500_R108_T33UVB_20230412T055332,L2A,S2A_MSIL2A_20200315T103021_N0500_R108_T33UVB_20230412T055332.SAFE,S2A,2020-03-15T10:30:21Z,2020-03-15,2020,T33UVB,108,N0500,2023-04-12T05:53:32Z,S2A_MSIL2A_20200315T103021_N0500_R108_T33UVB_20230412T055332.SAFE,,True,25,31,2,3,2,2,inventoried
S2B_MSIL2A_20200317T101649_N0500_R065_T33UVB_20230627T143307,L2A,S2B_MSIL2A_20200317T101649_N0500_R065_T33UVB_20230627T143307.SAFE,S2B,2020-03-17T10:16:49Z,2020-03-17,2020,T33UVB,65,N0500,2023-06-27T14:33:07Z,S2B_MSIL2A_20200317T101649_N0500_R065_T33UVB_20230627T143307.SAFE,,True,25,31,2,3,2,2,inventoried
S2B_MSIL2A_20200320T102639_N0500_R108_T33UVB_20230531T190437,L2A,S2B_MSIL2A_20200320T102639_N0500_R108_T33UVB_20230531T190437.SAFE,S2B,2020-03-20T10:26:39Z,2020-03-20,2020,T33UVB,108,N0500,2023-05-31T19:04:37Z,S2B_MSIL2A_20200320T102639_N0500_R108_T33UVB_20230531T190437.SAFE,,True,25,31,2,3,2,2,inventoried
S2A_MSIL2A_20200322T102021_N0500_R065_T33UVB_20230419T130308,L2A,S2A_MSIL2A_20200322T102021_N0500_R065_T33UVB_20230419T130308.SAFE,S2A,2020-03-22T10:20:21Z,2020-03-22,2020,T33UVB,65,N0500,2023-04-19T13:03:08Z,S2A_MSIL2A_20200322T102021_N0500_R065_T33UVB_20230419T130308.SAFE,,True,25,31,2,3,2,2,inventoried
S2A_MSIL2A_20200325T103021_N0500_R108_T33UVB_20230409T152532,L2A,S2A_MSIL2A_20200325T103021_N0500_R108_T33UVB_20230409T152532.SAFE,S2A,2020-03-25T10:30:21Z,2020-03-25,2020,T33UVB,108,N0500,2023-04-09T15:25:32Z,S2A_MSIL2A_20200325T103021_N0500_R108_T33UVB_20230409T152532.SAFE,,True,25,31,2,3,2,2,inventoried
S2B_MSIL2A_20200327T101629_N0500_R065_T33UVB_20230615T014206,L2A,S2B_MSIL2A_20200327T101629_N0500_R065_T33UVB_20230615T014206.SAFE,S2B,2020-03-27T10:16:29Z,2020-03-27,2020,T33UVB,65,N0500,2023-06-15T01:42:06Z,S2B_MSIL2A_20200327T101629_N0500_R065_T33UVB_20230615T014206.SAFE,,True,25,31,2,3,2,2,inventoried
S2B_MSIL2A_20200330T102609_N0500_R108_T33UVB_20230614T145232,L2A,S2B_MSIL2A_20200330T102609_N0500_R108_T33UVB_20230614T145232.SAFE,S2B,2020-03-30T10:26:09Z,2020-03-30,2020,T33UVB,108,N0500,2023-06-14T14:52:32Z,S2B_MSIL2A_20200330T102609_N0500_R108_T33UVB_20230614T145232.SAFE,,True,25,31,2,3,2,2,inventoried
S2A_MSIL2A_20200401T102021_N0500_R065_T33UVB_20230510T024847,L2A,S2A_MSIL2A_20200401T102021_N0500_R065_T33UVB_20230510T024847.SAFE,S2A,2020-04-01T10:20:21Z,2020-04-01,2020,T33UVB,65,N0500,2023-05-10T02:48:47Z,S2A_MSIL2A_20200401T102021_N0500_R065_T33UVB_20230510T024847.SAFE,,True,25,31,2,3,2,2,inventoried
S2A_MSIL2A_20200404T103021_N0500_R108_T33UVB_20230405T072636,L2A,S2A_MSIL2A_20200404T103021_N0500_R108_T33UVB_20230405T072636.SAFE,S2A,2020-04-04T10:30:21Z,2020-04-04,2020,T33UVB,108,N0500,2023-04-05T07:26:36Z,S2A_MSIL2A_20200404T103021_N0500_R108_T33UVB_20230405T072636.SAFE,,True,25,31,2,3,2,2,inventoried
S2B_MSIL2A_20200406T101559_N0500_R065_T33UVB_20230621T091440,L2A,S2B_MSIL2A_20200406T101559_N0500_R065_T33UVB_20230621T091440.SAFE,S2B,2020-04-06T10:15:59Z,2020-04-06,2020,T33UVB,65,N0500,2023-06-21T09:14:40Z,S2B_MSIL2A_20200406T101559_N0500_R065_T33UVB_20230621T091440.SAFE,,True,25,31,2,3,2,2,inventoried
S2B_MSIL2A_20200409T102559_N0500_R108_T33UVB_20230426T095025,L2A,S2B_MSIL2A_20200409T102559_N0500_R108_T33UVB_20230426T095025.SAFE,S2B,2020-04-09T10:25:59Z,2020-04-09,2020,T33UVB,108,N0500,2023-04-26T09:50:25Z,S2B_MSIL2A_20200409T102559_N0500_R108_T33UVB_20230426T095025.SAFE,,True,25,31,2,3,2,2,inventoried
S2A_MSIL2A_20200411T102021_N0500_R065_T33UVB_20230510T050802,L2A,S2A_MSIL2A_20200411T102021_N0500_R065_T33UVB_20230510T050802.SAFE,S2A,2020-04-11T10:20:21Z,2020-04-11,2020,T33UVB,65,N0500,2023-05-10T05:08:02Z,S2A_MSIL2A_20200411T102021_N0500_R065_T33UVB_20230510T050802.SAFE,,True,25,31,2,3,2,2,inventoried
S2A_MSIL2A_20200414T103021_N0500_R108_T33UVB_20230417T150458,L2A,S2A_MSIL2A_20200414T103021_N0500_R108_T33UVB_20230417T150458.SAFE,S2A,2020-04-14T10:30:21Z,2020-04-14,2020,T33UVB,108,N0500,2023-04-17T15:04:58Z,S2A_MSIL2A_20200414T103021_N0500_R108_T33UVB_20230417T150458.SAFE,,True,25,31,2,3,2,2,inventoried
S2B_MSIL2A_20200416T101549_N0500_R065_T33UVB_20230522T094018,L2A,S2B_MSIL2A_20200416T101549_N0500_R065_T33UVB_20230522T094018.SAFE,S2B,2020-04-16T10:15:49Z,2020-04-16,2020,T33UVB,65,N0500,2023-05-22T09:40:18Z,S2B_MSIL2A_20200416T101549_N0500_R065_T33UVB_20230522T094018.SAFE,,True,25,31,2,3,2,2,inventoried
S2B_MSIL2A_20200419T102549_N0500_R108_T33UVB_20230519T060931,L2A,S2B_MSIL2A_20200419T102549_N0500_R108_T33UVB_20230519T060931.SAFE,S2B,2020-04-19T10:25:49Z,2020-04-19,2020,T33UVB,108,N0500,2023-05-19T06:09:31Z,S2B_MSIL2A_20200419T102549_N0500_R108_T33UVB_20230519T060931.SAFE,,True,25,31,2,3,2,2,inventoried
S2A_MSIL2A_20200421T102021_N0500_R065_T33UVB_20230419T010724,L2A,S2A_MSIL2A_20200421T102021_N0500_R065_T33UVB_20230419T010724.SAFE,S2A,2020-04-21T10:20:21Z,2020-04-21,2020,T33UVB,65,N0500,2023-04-19T01:07:24Z,S2A_MSIL2A_20200421T102021_N0500_R065_T33UVB_20230419T010724.SAFE,,True,25,31,2,3,2,2,inventoried
S2A_MSIL2A_20200424T103021_N0500_R108_T33UVB_20230519T131330,L2A,S2A_MSIL2A_20200424T103021_N0500_R108_T33UVB_20230519T131330.SAFE,S2A,2020-04-24T10:30:21Z,2020-04-24,2020,T33UVB,108,N0500,2023-05-19T13:13:30Z,S2A_MSIL2A_20200424T103021_N0500_R108_T33UVB_20230519T131330.SAFE,,True,25,31,2,3,2,2,inventoried
S2B_MSIL2A_20200426T101549_N0500_R065_T33UVB_20230522T160416,L2A,S2B_MSIL2A_20200426T101549_N0500_R065_T33UVB_20230522T160416.SAFE,S2B,2020-04-26T10:15:49Z,2020-04-26,2020,T33UVB,65,N0500,2023-05-22T16:04:16Z,S2B_MSIL2A_20200426T101549_N0500_R065_T33UVB_20230522T160416.SAFE,,True,25,31,2,3,2,2,inventoried
S2B_MSIL2A_20200429T102559_N0500_R108_T33UVB_20230502T003252,L2A,S2B_MSIL2A_20200429T102559_N0500_R108_T33UVB_20230502T003252.SAFE,S2B,2020-04-29T10:25:59Z,2020-04-29,2020,T33UVB,108,N0500,2023-05-02T00:32:52Z,S2B_MSIL2A_20200429T102559_N0500_R108_T33UVB_20230502T003252.SAFE,,True,25,31,2,3,2,2,inventoried
S2A_MSIL2A_20200501T102031_N0500_R065_T33UVB_20230508T220614,L2A,S2A_MSIL2A_20200501T102031_N0500_R065_T33UVB_20230508T220614.SAFE,S2A,2020-05-01T10:20:31Z,2020-05-01,2020,T33UVB,65,N0500,2023-05-08T22:06:14Z,S2A_MSIL2A_20200501T102031_N0500_R065_T33UVB_20230508T220614.SAFE,,True,25,31,2,3,2,2,inventoried
S2A_MSIL2A_20200504T103031_N0500_R108_T33UVB_20230331T165921,L2A,S2A_MSIL2A_20200504T103031_N0500_R108_T33UVB_20230331T165921.SAFE,S2A,2020-05-04T10:30:31Z,2020-05-04,2020,T33UVB,108,N0500,2023-03-31T16:59:21Z,S2A_MSIL2A_20200504T103031_N0500_R108_T33UVB_20230331T165921.SAFE,,True,25,31,2,3,2,2,inventoried
S2B_MSIL2A_20200506T101559_N0500_R065_T33UVB_20230427T233014,L2A,S2B_MSIL2A_20200506T101559_N0500_R065_T33UVB_20230427T233014.SAFE,S2B,2020-05-06T10:15:59Z,2020-05-06,2020,T33UVB,65,N0500,2023-04-27T23:30:14Z,S2B_MSIL2A_20200506T101559_N0500_R065_T33UVB_20230427T233014.SAFE,,True,25,31,2,3,2,2,inventoried
S2B_MSIL2A_20200509T102559_N0500_R108_T33UVB_20230504T014515,L2A,S2B_MSIL2A_20200509T102559_N0500_R108_T33UVB_20230504T014515.SAFE,S2B,2020-05-09T10:25:59Z,2020-05-09,2020,T33UVB,108,N0500,2023-05-04T01:45:15Z,S2B_MSIL2A_20200509T102559_N0500_R108_T33UVB_20230504T014515.SAFE,,True,25,31,2,3,2,2,inventoried
S2A_MSIL2A_20200511T102031_N0500_R065_T33UVB_20230402T194048,L2A,S2A_MSIL2A_20200511T102031_N0500_R065_T33UVB_20230402T194048.SAFE,S2A,2020-05-11T10:20:31Z,2020-05-11,2020,T33UVB,65,N0500,2023-04-02T19:40:48Z,S2A_MSIL2A_20200511T102031_N0500_R065_T33UVB_20230402T194048.SAFE,,True,25,31,2,3,2,2,inventoried
S2A_MSIL2A_20200514T103031_N0500_R108_T33UVB_20230402T132633,L2A,S2A_MSIL2A_20200514T103031_N0500_R108_T33UVB_20230402T132633.SAFE,S2A,2020-05-14T10:30:31Z,2020-05-14,2020,T33UVB,108,N0500,2023-04-02T13:26:33Z,S2A_MSIL2A_20200514T103031_N0500_R108_T33UVB_20230402T132633.SAFE,,True,25,31,2,3,2,2,inventoried
S2B_MSIL2A_20200516T101559_N0500_R065_T33UVB_20230428T102504,L2A,S2B_MSIL2A_20200516T101559_N0500_R065_T33UVB_20230428T102504.SAFE,S2B,2020-05-16T10:15:59Z,2020-05-16,2020,T33UVB,65,N0500,2023-04-28T10:25:04Z,S2B_MSIL2A_20200516T101559_N0500_R065_T33UVB_20230428T102504.SAFE,,True,25,31,2,3,2,2,inventoried
S2B_MSIL2A_20200519T102559_N0500_R108_T33UVB_20230619T002537,L2A,S2B_MSIL2A_20200519T102559_N0500_R108_T33UVB_20230619T002537.SAFE,S2B,2020-05-19T10:25:59Z,2020-05-19,2020,T33UVB,108,N0500,2023-06-19T00:25:37Z,S2B_MSIL2A_20200519T102559_N0500_R108_T33UVB_20230619T002537.SAFE,,True,25,31,2,3,2,2,inventoried
S2A_MSIL2A_20200521T102031_N0500_R065_T33UVB_20230415T081814,L2A,S2A_MSIL2A_20200521T102031_N0500_R065_T33UVB_20230415T081814.SAFE,S2A,2020-05-21T10:20:31Z,2020-05-21,2020,T33UVB,65,N0500,2023-04-15T08:18:14Z,S2A_MSIL2A_20200521T102031_N0500_R065_T33UVB_20230415T081814.SAFE,,True,25,31,2,3,2,2,inventoried
S2A_MSIL2A_20200524T103031_N0500_R108_T33UVB_20230503T134650,L2A,S2A_MSIL2A_20200524T103031_N0500_R108_T33UVB_20230503T134650.SAFE,S2A,2020-05-24T10:30:31Z,2020-05-24,2020,T33UVB,108,N0500,2023-05-03T13:46:50Z,S2A_MSIL2A_20200524T103031_N0500_R108_T33UVB_20230503T134650.SAFE,,True,25,31,2,3,2,2,inventoried
S2B_MSIL2A_20200526T101559_N0500_R065_T33UVB_20230504T082505,L2A,S2B_MSIL2A_20200526T101559_N0500_R065_T33UVB_20230504T082505.SAFE,S2B,2020-05-26T10:15:59Z,2020-05-26,2020,T33UVB,65,N0500,2023-05-04T08:25:05Z,S2B_MSIL2A_20200526T101559_N0500_R065_T33UVB_20230504T082505.SAFE,,True,25,31,2,3,2,2,inventoried
S2B_MSIL2A_20200529T102559_N0500_R108_T33UVB_20230509T075833,L2A,S2B_MSIL2A_20200529T102559_N0500_R108_T33UVB_20230509T075833.SAFE,S2B,2020-05-29T10:25:59Z,2020-05-29,2020,T33UVB,108,N0500,2023-05-09T07:58:33Z,S2B_MSIL2A_20200529T102559_N0500_R108_T33UVB_20230509T075833.SAFE,,True,25,31,2,3,2,2,inventoried
S2A_MSIL2A_20200531T102031_N0500_R065_T33UVB_20230509T002850,L2A,S2A_MSIL2A_20200531T102031_N0500_R065_T33UVB_20230509T002850.SAFE,S2A,2020-05-31T10:20:31Z,2020-05-31,2020,T33UVB,65,N0500,2023-05-09T00:28:50Z,S2A_MSIL2A_20200531T102031_N0500_R065_T33UVB_20230509T002850.SAFE,,True,25,31,2,3,2,2,inventoried
S2A_MSIL2A_20200603T103031_N0500_R108_T33UVB_20230617T065918,L2A,S2A_MSIL2A_20200603T103031_N0500_R108_T33UVB_20230617T065918.SAFE,S2A,2020-06-03T10:30:31Z,2020-06-03,2020,T33UVB,108,N0500,2023-06-17T06:59:18Z,S2A_MSIL2A_20200603T103031_N0500_R108_T33UVB_20230617T065918.SAFE,,True,25,31,2,3,2,2,inventoried
S2B_MSIL2A_20200605T101559_N0500_R065_T33UVB_20230616T115605,L2A,S2B_MSIL2A_20200605T101559_N0500_R065_T33UVB_20230616T115605.SAFE,S2B,2020-06-05T10:15:59Z,2020-06-05,2020,T33UVB,65,N0500,2023-06-16T11:56:05Z,S2B_MSIL2A_20200605T101559_N0500_R065_T33UVB_20230616T115605.SAFE,,True,25,31,2,3,2,2,inventoried
S2B_MSIL2A_20200608T102559_N0500_R108_T33UVB_20230618T193152,L2A,S2B_MSIL2A_20200608T102559_N0500_R108_T33UVB_20230618T193152.SAFE,S2B,2020-06-08T10:25:59Z,2020-06-08,2020,T33UVB,108,N0500,2023-06-18T19:31:52Z,S2B_MSIL2A_20200608T102559_N0500_R108_T33UVB_20230618T193152.SAFE,,True,25,31,2,3,2,2,inventoried
S2A_MSIL2A_20200610T102031_N0500_R065_T33UVB_20230327T090844,L2A,S2A_MSIL2A_20200610T102031_N0500_R065_T33UVB_20230327T090844.SAFE,S2A,2020-06-10T10:20:31Z,2020-06-10,2020,T33UVB,65,N0500,2023-03-27T09:08:44Z,S2A_MSIL2A_20200610T102031_N0500_R065_T33UVB_20230327T090844.SAFE,,True,25,31,2,3,2,2,inventoried
S2A_MSIL2A_20200613T103031_N0500_R108_T33UVB_20230416T172456,L2A,S2A_MSIL2A_20200613T103031_N0500_R108_T33UVB_20230416T172456.SAFE,S2A,2020-06-13T10:30:31Z,2020-06-13,2020,T33UVB,108,N0500,2023-04-16T17:24:56Z,S2A_MSIL2A_20200613T103031_N0500_R108_T33UVB_20230416T172456.SAFE,,True,25,31,2,3,2,2,inventoried
S2B_MSIL2A_20200615T101559_N0500_R065_T33UVB_20230428T083529,L2A,S2B_MSIL2A_20200615T101559_N0500_R065_T33UVB_20230428T083529.SAFE,S2B,2020-06-15T10:15:59Z,2020-06-15,2020,T33UVB,65,N0500,2023-04-28T08:35:29Z,S2B_MSIL2A_20200615T101559_N0500_R065_T33UVB_20230428T083529.SAFE,,True,25,31,2,3,2,2,inventoried
S2B_MSIL2A_20200618T102559_N0500_R108_T33UVB_20230429T184607,L2A,S2B_MSIL2A_20200618T102559_N0500_R108_T33UVB_20230429T184607.SAFE,S2B,2020-06-18T10:25:59Z,2020-06-18,2020,T33UVB,108,N0500,2023-04-29T18:46:07Z,S2B_MSIL2A_20200618T102559_N0500_R108_T33UVB_20230429T184607.SAFE,,True,25,31,2,3,2,2,inventoried
S2A_MSIL2A_20200620T102031_N0500_R065_T33UVB_20230413T205714,L2A,S2A_MSIL2A_20200620T102031_N0500_R065_T33UVB_20230413T205714.SAFE,S2A,2020-06-20T10:20:31Z,2020-06-20,2020,T33UVB,65,N0500,2023-04-13T20:57:14Z,S2A_MSIL2A_20200620T102031_N0500_R065_T33UVB_20230413T205714.SAFE,,True,25,31,2,3,2,2,inventoried
S2A_MSIL2A_20200623T103031_N0500_R108_T33UVB_20230429T181356,L2A,S2A_MSIL2A_20200623T103031_N0500_R108_T33UVB_20230429T181356.SAFE,S2A,2020-06-23T10:30:31Z,2020-06-23,2020,T33UVB,108,N0500,2023-04-29T18:13:56Z,S2A_MSIL2A_20200623T103031_N0500_R108_T33UVB_20230429T181356.SAFE,,True,25,31,2,3,2,2,inventoried
S2B_MSIL2A_20200625T101559_N0500_R065_T33UVB_20230507T110141,L2A,S2B_MSIL2A_20200625T101559_N0500_R065_T33UVB_20230507T110141.SAFE,S2B,2020-06-25T10:15:59Z,2020-06-25,2020,T33UVB,65,N0500,2023-05-07T11:01:41Z,S2B_MSIL2A_20200625T101559_N0500_R065_T33UVB_20230507T110141.SAFE,,True,25,31,2,3,2,2,inventoried
S2B_MSIL2A_20200628T102559_N0500_R108_T33UVB_20230615T100244,L2A,S2B_MSIL2A_20200628T102559_N0500_R108_T33UVB_20230615T100244.SAFE,S2B,2020-06-28T10:25:59Z,2020-06-28,2020,T33UVB,108,N0500,2023-06-15T10:02:44Z,S2B_MSIL2A_20200628T102559_N0500_R108_T33UVB_20230615T100244.SAFE,,True,25,31,2,3,2,2,inventoried
S2A_MSIL2A_20200630T102031_N0500_R065_T33UVB_20230615T121941,L2A,S2A_MSIL2A_20200630T102031_N0500_R065_T33UVB_20230615T121941.SAFE,S2A,2020-06-30T10:20:31Z,2020-06-30,2020,T33UVB,65,N0500,2023-06-15T12:19:41Z,S2A_MSIL2A_20200630T102031_N0500_R065_T33UVB_20230615T121941.SAFE,,True,25,31,2,3,2,2,inventoried
S2A_MSIL2A_20200703T103031_N0500_R108_T33UVB_20230321T201840,L2A,S2A_MSIL2A_20200703T103031_N0500_R108_T33UVB_20230321T201840.SAFE,S2A,2020-07-03T10:30:31Z,2020-07-03,2020,T33UVB,108,N0500,2023-03-21T20:18:40Z,S2A_MSIL2A_20200703T103031_N0500_R108_T33UVB_20230321T201840.SAFE,,True,25,31,2,3,2,2,inventoried
S2B_MSIL2A_20200705T101559_N0500_R065_T33UVB_20230530T175912,L2A,S2B_MSIL2A_20200705T101559_N0500_R065_T33UVB_20230530T175912.SAFE,S2B,2020-07-05T10:15:59Z,2020-07-05,2020,T33UVB,65,N0500,2023-05-30T17:59:12Z,S2B_MSIL2A_20200705T101559_N0500_R065_T33UVB_20230530T175912.SAFE,,True,25,31,2,3,2,2,inventoried
S2B_MSIL2A_20200708T102559_N0500_R108_T33UVB_20230528T131050,L2A,S2B_MSIL2A_20200708T102559_N0500_R108_T33UVB_20230528T131050.SAFE,S2B,2020-07-08T10:25:59Z,2020-07-08,2020,T33UVB,108,N0500,2023-05-28T13:10:50Z,S2B_MSIL2A_20200708T102559_N0500_R108_T33UVB_20230528T131050.SAFE,,True,25,31,2,3,2,2,inventoried
S2A_MSIL2A_20200710T102031_N0500_R065_T33UVB_20230322T183713,L2A,S2A_MSIL2A_20200710T102031_N0500_R065_T33UVB_20230322T183713.SAFE,S2A,2020-07-10T10:20:31Z,2020-07-10,2020,T33UVB,65,N0500,2023-03-22T18:37:13Z,S2A_MSIL2A_20200710T102031_N0500_R065_T33UVB_20230322T183713.SAFE,,True,25,31,2,3,2,2,inventoried
S2A_MSIL2A_20200713T103031_N0500_R108_T33UVB_20230410T210403,L2A,S2A_MSIL2A_20200713T103031_N0500_R108_T33UVB_20230410T210403.SAFE,S2A,2020-07-13T10:30:31Z,2020-07-13,2020,T33UVB,108,N0500,2023-04-10T21:04:03Z,S2A_MSIL2A_20200713T103031_N0500_R108_T33UVB_20230410T210403.SAFE,,True,25,31,2,3,2,2,inventoried
S2B_MSIL2A_20200715T101559_N0500_R065_T33UVB_20230423T052638,L2A,S2B_MSIL2A_20200715T101559_N0500_R065_T33UVB_20230423T052638.SAFE,S2B,2020-07-15T10:15:59Z,2020-07-15,2020,T33UVB,65,N0500,2023-04-23T05:26:38Z,S2B_MSIL2A_20200715T101559_N0500_R065_T33UVB_20230423T052638.SAFE,,True,25,31,2,3,2,2,inventoried
S2B_MSIL2A_20200718T102559_N0500_R108_T33UVB_20230425T043013,L2A,S2B_MSIL2A_20200718T102559_N0500_R108_T33UVB_20230425T043013.SAFE,S2B,2020-07-18T10:25:59Z,2020-07-18,2020,T33UVB,108,N0500,2023-04-25T04:30:13Z,S2B_MSIL2A_20200718T102559_N0500_R108_T33UVB_20230425T043013.SAFE,,True,25,31,2,3,2,2,inventoried
S2A_MSIL2A_20200720T102031_N0500_R065_T33UVB_20230501T182808,L2A,S2A_MSIL2A_20200720T102031_N0500_R065_T33UVB_20230501T182808.SAFE,S2A,2020-07-20T10:20:31Z,2020-07-20,2020,T33UVB,65,N0500,2023-05-01T18:28:08Z,S2A_MSIL2A_20200720T102031_N0500_R065_T33UVB_20230501T182808.SAFE,,True,25,31,2,3,2,2,inventoried
S2A_MSIL2A_20200723T103031_N0500_R108_T33UVB_20230504T135307,L2A,S2A_MSIL2A_20200723T103031_N0500_R108_T33UVB_20230504T135307.SAFE,S2A,2020-07-23T10:30:31Z,2020-07-23,2020,T33UVB,108,N0500,2023-05-04T13:53:07Z,S2A_MSIL2A_20200723T103031_N0500_R108_T33UVB_20230504T135307.SAFE,,True,25,31,2,3,2,2,inventoried
S2B_MSIL2A_20200725T101559_N0500_R065_T33UVB_20230430T175257,L2A,S2B_MSIL2A_20200725T101559_N0500_R065_T33UVB_20230430T175257.SAFE,S2B,2020-07-25T10:15:59Z,2020-07-25,2020,T33UVB,65,N0500,2023-04-30T17:52:57Z,S2B_MSIL2A_20200725T101559_N0500_R065_T33UVB_20230430T175257.SAFE,,True,25,31,2,3,2,2,inventoried
S2B_MSIL2A_20200728T102559_N0500_R108_T33UVB_20230505T111819,L2A,S2B_MSIL2A_20200728T102559_N0500_R108_T33UVB_20230505T111819.SAFE,S2B,2020-07-28T10:25:59Z,2020-07-28,2020,T33UVB,108,N0500,2023-05-05T11:18:19Z,S2B_MSIL2A_20200728T102559_N0500_R108_T33UVB_20230505T111819.SAFE,,True,25,31,2,3,2,2,inventoried
S2A_MSIL2A_20200730T102031_N0500_R065_T33UVB_20230326T143816,L2A,S2A_MSIL2A_20200730T102031_N0500_R065_T33UVB_20230326T143816.SAFE,S2A,2020-07-30T10:20:31Z,2020-07-30,2020,T33UVB,65,N0500,2023-03-26T14:38:16Z,S2A_MSIL2A_20200730T102031_N0500_R065_T33UVB_20230326T143816.SAFE,,True,25,31,2,3,2,2,inventoried
S2A_MSIL2A_20200802T103031_N0500_R108_T33UVB_20230320T212809,L2A,S2A_MSIL2A_20200802T103031_N0500_R108_T33UVB_20230320T212809.SAFE,S2A,2020-08-02T10:30:31Z,2020-08-02,2020,T33UVB,108,N0500,2023-03-20T21:28:09Z,S2A_MSIL2A_20200802T103031_N0500_R108_T33UVB_20230320T212809.SAFE,,True,25,31,2,3,2,2,inventoried
S2B_MSIL2A_20200804T101559_N0500_R065_T33UVB_20230520T184851,L2A,S2B_MSIL2A_20200804T101559_N0500_R065_T33UVB_20230520T184851.SAFE,S2B,2020-08-04T10:15:59Z,2020-08-04,2020,T33UVB,65,N0500,2023-05-20T18:48:51Z,S2B_MSIL2A_20200804T101559_N0500_R065_T33UVB_20230520T184851.SAFE,,True,25,31,2,3,2,2,inventoried
S2B_MSIL2A_20200807T102559_N0500_R108_T33UVB_20230422T043238,L2A,S2B_MSIL2A_20200807T102559_N0500_R108_T33UVB_20230422T043238.SAFE,S2B,2020-08-07T10:25:59Z,2020-08-07,2020,T33UVB,108,N0500,2023-04-22T04:32:38Z,S2B_MSIL2A_20200807T102559_N0500_R108_T33UVB_20230422T043238.SAFE,,True,25,31,2,3,2,2,inventoried
S2A_MSIL2A_20200809T102031_N0500_R065_T33UVB_20230420T170300,L2A,S2A_MSIL2A_20200809T102031_N0500_R065_T33UVB_20230420T170300.SAFE,S2A,2020-08-09T10:20:31Z,2020-08-09,2020,T33UVB,65,N0500,2023-04-20T17:03:00Z,S2A_MSIL2A_20200809T102031_N0500_R065_T33UVB_20230420T170300.SAFE,,True,25,31,2,3,2,2,inventoried
S2A_MSIL2A_20200812T103031_N0500_R108_T33UVB_20230317T231759,L2A,S2A_MSIL2A_20200812T103031_N0500_R108_T33UVB_20230317T231759.SAFE,S2A,2020-08-12T10:30:31Z,2020-08-12,2020,T33UVB,108,N0500,2023-03-17T23:17:59Z,S2A_MSIL2A_20200812T103031_N0500_R108_T33UVB_20230317T231759.SAFE,,True,25,31,2,3,2,2,inventoried
S2B_MSIL2A_20200814T101559_N0500_R065_T33UVB_20230419T055343,L2A,S2B_MSIL2A_20200814T101559_N0500_R065_T33UVB_20230419T055343.SAFE,S2B,2020-08-14T10:15:59Z,2020-08-14,2020,T33UVB,65,N0500,2023-04-19T05:53:43Z,S2B_MSIL2A_20200814T101559_N0500_R065_T33UVB_20230419T055343.SAFE,,True,25,31,2,3,2,2,inventoried
S2B_MSIL2A_20200817T102559_N0500_R108_T33UVB_20230420T222228,L2A,S2B_MSIL2A_20200817T102559_N0500_R108_T33UVB_20230420T222228.SAFE,S2B,2020-08-17T10:25:59Z,2020-08-17,2020,T33UVB,108,N0500,2023-04-20T22:22:28Z,S2B_MSIL2A_20200817T102559_N0500_R108_T33UVB_20230420T222228.SAFE,,True,25,31,2,3,2,2,inventoried
S2A_MSIL2A_20200819T102031_N0500_R065_T33UVB_20230407T111047,L2A,S2A_MSIL2A_20200819T102031_N0500_R065_T33UVB_20230407T111047.SAFE,S2A,2020-08-19T10:20:31Z,2020-08-19,2020,T33UVB,65,N0500,2023-04-07T11:10:47Z,S2A_MSIL2A_20200819T102031_N0500_R065_T33UVB_20230407T111047.SAFE,,True,25,31,2,3,2,2,inventoried
S2A_MSIL2A_20200822T103031_N0500_R108_T33UVB_20230320T145515,L2A,S2A_MSIL2A_20200822T103031_N0500_R108_T33UVB_20230320T145515.SAFE,S2A,2020-08-22T10:30:31Z,2020-08-22,2020,T33UVB,108,N0500,2023-03-20T14:55:15Z,S2A_MSIL2A_20200822T103031_N0500_R108_T33UVB_20230320T145515.SAFE,,True,25,31,2,3,2,2,inventoried
S2B_MSIL2A_20200824T101559_N0500_R065_T33UVB_20230419T043339,L2A,S2B_MSIL2A_20200824T101559_N0500_R065_T33UVB_20230419T043339.SAFE,S2B,2020-08-24T10:15:59Z,2020-08-24,2020,T33UVB,65,N0500,2023-04-19T04:33:39Z,S2B_MSIL2A_20200824T101559_N0500_R065_T33UVB_20230419T043339.SAFE,,True,25,31,2,3,2,2,inventoried
S2B_MSIL2A_20200827T102559_N0500_R108_T33UVB_20230522T024422,L2A,S2B_MSIL2A_20200827T102559_N0500_R108_T33UVB_20230522T024422.SAFE,S2B,2020-08-27T10:25:59Z,2020-08-27,2020,T33UVB,108,N0500,2023-05-22T02:44:22Z,S2B_MSIL2A_20200827T102559_N0500_R108_T33UVB_20230522T024422.SAFE,,True,25,31,2,3,2,2,inventoried
S2A_MSIL2A_20200829T102031_N0500_R065_T33UVB_20230417T021212,L2A,S2A_MSIL2A_20200829T102031_N0500_R065_T33UVB_20230417T021212.SAFE,S2A,2020-08-29T10:20:31Z,2020-08-29,2020,T33UVB,65,N0500,2023-04-17T02:12:12Z,S2A_MSIL2A_20200829T102031_N0500_R065_T33UVB_20230417T021212.SAFE,,True,25,31,2,3,2,2,inventoried
S2A_MSIL2A_20200901T103031_N0500_R108_T33UVB_20230418T003836,L2A,S2A_MSIL2A_20200901T103031_N0500_R108_T33UVB_20230418T003836.SAFE,S2A,2020-09-01T10:30:31Z,2020-09-01,2020,T33UVB,108,N0500,2023-04-18T00:38:36Z,S2A_MSIL2A_20200901T103031_N0500_R108_T33UVB_20230418T003836.SAFE,,True,25,31,2,3,2,2,inventoried
S2B_MSIL2A_20200903T101559_N0500_R065_T33UVB_20230414T161415,L2A,S2B_MSIL2A_20200903T101559_N0500_R065_T33UVB_20230414T161415.SAFE,S2B,2020-09-03T10:15:59Z,2020-09-03,2020,T33UVB,65,N0500,2023-04-14T16:14:15Z,S2B_MSIL2A_20200903T101559_N0500_R065_T33UVB_20230414T161415.SAFE,,True,25,31,2,3,2,2,inventoried
S2B_MSIL2A_20200906T102559_N0500_R108_T33UVB_20230416T170925,L2A,S2B_MSIL2A_20200906T102559_N0500_R108_T33UVB_20230416T170925.SAFE,S2B,2020-09-06T10:25:59Z,2020-09-06,2020,T33UVB,108,N0500,2023-04-16T17:09:25Z,S2B_MSIL2A_20200906T102559_N0500_R108_T33UVB_20230416T170925.SAFE,,True,25,31,2,3,2,2,inventoried
S2A_MSIL2A_20200908T102031_N0500_R065_T33UVB_20230415T212156,L2A,S2A_MSIL2A_20200908T102031_N0500_R065_T33UVB_20230415T212156.SAFE,S2A,2020-09-08T10:20:31Z,2020-09-08,2020,T33UVB,65,N0500,2023-04-15T21:21:56Z,S2A_MSIL2A_20200908T102031_N0500_R065_T33UVB_20230415T212156.SAFE,,True,25,31,2,3,2,2,inventoried
S2A_MSIL2A_20200911T103031_N0500_R108_T33UVB_20230417T101713,L2A,S2A_MSIL2A_20200911T103031_N0500_R108_T33UVB_20230417T101713.SAFE,S2A,2020-09-11T10:30:31Z,2020-09-11,2020,T33UVB,108,N0500,2023-04-17T10:17:13Z,S2A_MSIL2A_20200911T103031_N0500_R108_T33UVB_20230417T101713.SAFE,,True,25,31,2,3,2,2,inventoried
S2B_MSIL2A_20200913T101629_N0500_R065_T33UVB_20230418T112835,L2A,S2B_MSIL2A_20200913T101629_N0500_R065_T33UVB_20230418T112835.SAFE,S2B,2020-09-13T10:16:29Z,2020-09-13,2020,T33UVB,65,N0500,2023-04-18T11:28:35Z,S2B_MSIL2A_20200913T101629_N0500_R065_T33UVB_20230418T112835.SAFE,,True,25,31,2,3,2,2,inventoried
S2B_MSIL2A_20200916T102649_N0500_R108_T33UVB_20230413T184507,L2A,S2B_MSIL2A_20200916T102649_N0500_R108_T33UVB_20230413T184507.SAFE,S2B,2020-09-16T10:26:49Z,2020-09-16,2020,T33UVB,108,N0500,2023-04-13T18:45:07Z,S2B_MSIL2A_20200916T102649_N0500_R108_T33UVB_20230413T184507.SAFE,,True,25,31,2,3,2,2,inventoried
S2A_MSIL2A_20200918T102031_N0500_R065_T33UVB_20230402T135657,L2A,S2A_MSIL2A_20200918T102031_N0500_R065_T33UVB_20230402T135657.SAFE,S2A,2020-09-18T10:20:31Z,2020-09-18,2020,T33UVB,65,N0500,2023-04-02T13:56:57Z,S2A_MSIL2A_20200918T102031_N0500_R065_T33UVB_20230402T135657.SAFE,,True,25,31,2,3,2,2,inventoried
S2A_MSIL2A_20200921T103031_N0500_R108_T33UVB_20230418T052522,L2A,S2A_MSIL2A_20200921T103031_N0500_R108_T33UVB_20230418T052522.SAFE,S2A,2020-09-21T10:30:31Z,2020-09-21,2020,T33UVB,108,N0500,2023-04-18T05:25:22Z,S2A_MSIL2A_20200921T103031_N0500_R108_T33UVB_20230418T052522.SAFE,,True,25,31,2,3,2,2,inventoried
S2B_MSIL2A_20200923T101649_N0500_R065_T33UVB_20230426T105356,L2A,S2B_MSIL2A_20200923T101649_N0500_R065_T33UVB_20230426T105356.SAFE,S2B,2020-09-23T10:16:49Z,2020-09-23,2020,T33UVB,65,N0500,2023-04-26T10:53:56Z,S2B_MSIL2A_20200923T101649_N0500_R065_T33UVB_20230426T105356.SAFE,,True,25,31,2,3,2,2,inventoried
S2B_MSIL2A_20200926T102709_N0500_R108_T33UVB_20230418T201246,L2A,S2B_MSIL2A_20200926T102709_N0500_R108_T33UVB_20230418T201246.SAFE,S2B,2020-09-26T10:27:09Z,2020-09-26,2020,T33UVB,108,N0500,2023-04-18T20:12:46Z,S2B_MSIL2A_20200926T102709_N0500_R108_T33UVB_20230418T201246.SAFE,,True,25,31,2,3,2,2,inventoried
S2A_MSIL2A_20200928T102031_N0500_R065_T33UVB_20230416T233040,L2A,S2A_MSIL2A_20200928T102031_N0500_R065_T33UVB_20230416T233040.SAFE,S2A,2020-09-28T10:20:31Z,2020-09-28,2020,T33UVB,65,N0500,2023-04-16T23:30:40Z,S2A_MSIL2A_20200928T102031_N0500_R065_T33UVB_20230416T233040.SAFE,,True,25,31,2,3,2,2,inventoried
S2A_MSIL2A_20201001T103031_N0500_R108_T33UVB_20230308T093713,L2A,S2A_MSIL2A_20201001T103031_N0500_R108_T33UVB_20230308T093713.SAFE,S2A,2020-10-01T10:30:31Z,2020-10-01,2020,T33UVB,108,N0500,2023-03-08T09:37:13Z,S2A_MSIL2A_20201001T103031_N0500_R108_T33UVB_20230308T093713.SAFE,,True,25,31,2,3,2,2,inventoried
S2B_MSIL2A_20201003T101759_N0500_R065_T33UVB_20230412T082558,L2A,S2B_MSIL2A_20201003T101759_N0500_R065_T33UVB_20230412T082558.SAFE,S2B,2020-10-03T10:17:59Z,2020-10-03,2020,T33UVB,65,N0500,2023-04-12T08:25:58Z,S2B_MSIL2A_20201003T101759_N0500_R065_T33UVB_20230412T082558.SAFE,,True,25,31,2,3,2,2,inventoried
S2B_MSIL2A_20201006T102819_N0500_R108_T33UVB_20230410T154211,L2A,S2B_MSIL2A_20201006T102819_N0500_R108_T33UVB_20230410T154211.SAFE,S2B,2020-10-06T10:28:19Z,2020-10-06,2020,T33UVB,108,N0500,2023-04-10T15:42:11Z,S2B_MSIL2A_20201006T102819_N0500_R108_T33UVB_20230410T154211.SAFE,,True,25,31,2,3,2,2,inventoried
S2A_MSIL2A_20201008T102031_N0500_R065_T33UVB_20230415T153911,L2A,S2A_MSIL2A_20201008T102031_N0500_R065_T33UVB_20230415T153911.SAFE,S2A,2020-10-08T10:20:31Z,2020-10-08,2020,T33UVB,65,N0500,2023-04-15T15:39:11Z,S2A_MSIL2A_20201008T102031_N0500_R065_T33UVB_20230415T153911.SAFE,,True,25,31,2,3,2,2,inventoried
S2A_MSIL2A_20201011T103031_N0500_R108_T33UVB_20230411T032403,L2A,S2A_MSIL2A_20201011T103031_N0500_R108_T33UVB_20230411T032403.SAFE,S2A,2020-10-11T10:30:31Z,2020-10-11,2020,T33UVB,108,N0500,2023-04-11T03:24:03Z,S2A_MSIL2A_20201011T103031_N0500_R108_T33UVB_20230411T032403.SAFE,,True,25,31,2,3,2,2,inventoried
S2B_MSIL2A_20201013T101909_N0500_R065_T33UVB_20230408T010251,L2A,S2B_MSIL2A_20201013T101909_N0500_R065_T33UVB_20230408T010251.SAFE,S2B,2020-10-13T10:19:09Z,2020-10-13,2020,T33UVB,65,N0500,2023-04-08T01:02:51Z,S2B_MSIL2A_20201013T101909_N0500_R065_T33UVB_20230408T010251.SAFE,,True,25,31,2,3,2,2,inventoried
S2B_MSIL2A_20201016T102929_N0500_R108_T33UVB_20230308T062919,L2A,S2B_MSIL2A_20201016T102929_N0500_R108_T33UVB_20230308T062919.SAFE,S2B,2020-10-16T10:29:29Z,2020-10-16,2020,T33UVB,108,N0500,2023-03-08T06:29:19Z,S2B_MSIL2A_20201016T102929_N0500_R108_T33UVB_20230308T062919.SAFE,,True,25,31,2,3,2,2,inventoried
S2A_MSIL2A_20201018T102041_N0500_R065_T33UVB_20230405T193150,L2A,S2A_MSIL2A_20201018T102041_N0500_R065_T33UVB_20230405T193150.SAFE,S2A,2020-10-18T10:20:41Z,2020-10-18,2020,T33UVB,65,N0500,2023-04-05T19:31:50Z,S2A_MSIL2A_20201018T102041_N0500_R065_T33UVB_20230405T193150.SAFE,,True,25,31,2,3,2,2,inventoried
S2A_MSIL2A_20201021T103101_N0500_R108_T33UVB_20230411T165726,L2A,S2A_MSIL2A_20201021T103101_N0500_R108_T33UVB_20230411T165726.SAFE,S2A,2020-10-21T10:31:01Z,2020-10-21,2020,T33UVB,108,N0500,2023-04-11T16:57:26Z,S2A_MSIL2A_20201021T103101_N0500_R108_T33UVB_20230411T165726.SAFE,,True,25,31,2,3,2,2,inventoried
S2B_MSIL2A_20201023T102029_N0500_R065_T33UVB_20230502T213843,L2A,S2B_MSIL2A_20201023T102029_N0500_R065_T33UVB_20230502T213843.SAFE,S2B,2020-10-23T10:20:29Z,2020-10-23,2020,T33UVB,65,N0500,2023-05-02T21:38:43Z,S2B_MSIL2A_20201023T102029_N0500_R065_T33UVB_20230502T213843.SAFE,,True,25,31,2,3,2,2,inventoried
S2B_MSIL2A_20201026T103039_N0500_R108_T33UVB_20230308T074620,L2A,S2B_MSIL2A_20201026T103039_N0500_R108_T33UVB_20230308T074620.SAFE,S2B,2020-10-26T10:30:39Z,2020-10-26,2020,T33UVB,108,N0500,2023-03-08T07:46:20Z,S2B_MSIL2A_20201026T103039_N0500_R108_T33UVB_20230308T074620.SAFE,,True,25,31,2,3,2,2,inventoried
S2A_MSIL2A_20201028T102141_N0500_R065_T33UVB_20230328T040035,L2A,S2A_MSIL2A_20201028T102141_N0500_R065_T33UVB_20230328T040035.SAFE,S2A,2020-10-28T10:21:41Z,2020-10-28,2020,T33UVB,65,N0500,2023-03-28T04:00:35Z,S2A_MSIL2A_20201028T102141_N0500_R065_T33UVB_20230328T040035.SAFE,,True,25,31,2,3,2,2,inventoried
S2A_MSIL2A_20201031T103201_N0500_R108_T33UVB_20230315T113137,L2A,S2A_MSIL2A_20201031T103201_N0500_R108_T33UVB_20230315T113137.SAFE,S2A,2020-10-31T10:32:01Z,2020-10-31,2020,T33UVB,108,N0500,2023-03-15T11:31:37Z,S2A_MSIL2A_20201031T103201_N0500_R108_T33UVB_20230315T113137.SAFE,,True,25,31,2,3,2,2,inventoried
S2B_MSIL2A_20201102T102159_N0500_R065_T33UVB_20230408T044536,L2A,S2B_MSIL2A_20201102T102159_N0500_R065_T33UVB_20230408T044536.SAFE,S2B,2020-11-02T10:21:59Z,2020-11-02,2020,T33UVB,65,N0500,2023-04-08T04:45:36Z,S2B_MSIL2A_20201102T102159_N0500_R065_T33UVB_20230408T044536.SAFE,,True,25,31,2,3,2,2,inventoried
S2B_MSIL2A_20201105T103229_N0500_R108_T33UVB_20230303T024000,L2A,S2B_MSIL2A_20201105T103229_N0500_R108_T33UVB_20230303T024000.SAFE,S2B,2020-11-05T10:32:29Z,2020-11-05,2020,T33UVB,108,N0500,2023-03-03T02:40:00Z,S2B_MSIL2A_20201105T103229_N0500_R108_T33UVB_20230303T024000.SAFE,,True,25,31,2,3,2,2,inventoried
S2A_MSIL2A_20201107T102231_N0500_R065_T33UVB_20230412T040718,L2A,S2A_MSIL2A_20201107T102231_N0500_R065_T33UVB_20230412T040718.SAFE,S2A,2020-11-07T10:22:31Z,2020-11-07,2020,T33UVB,65,N0500,2023-04-12T04:07:18Z,S2A_MSIL2A_20201107T102231_N0500_R065_T33UVB_20230412T040718.SAFE,,True,25,31,2,3,2,2,inventoried
S2A_MSIL2A_20201110T103251_N0500_R108_T33UVB_20230404T045521,L2A,S2A_MSIL2A_20201110T103251_N0500_R108_T33UVB_20230404T045521.SAFE,S2A,2020-11-10T10:32:51Z,2020-11-10,2020,T33UVB,108,N0500,2023-04-04T04:55:21Z,S2A_MSIL2A_20201110T103251_N0500_R108_T33UVB_20230404T045521.SAFE,,True,25,31,2,3,2,2,inventoried
S2B_MSIL2A_20201112T102259_N0500_R065_T33UVB_20230409T183248,L2A,S2B_MSIL2A_20201112T102259_N0500_R065_T33UVB_20230409T183248.SAFE,S2B,2020-11-12T10:22:59Z,2020-11-12,2020,T33UVB,65,N0500,2023-04-09T18:32:48Z,S2B_MSIL2A_20201112T102259_N0500_R065_T33UVB_20230409T183248.SAFE,,True,25,31,2,3,2,2,inventoried
S2B_MSIL2A_20201115T103309_N0500_R108_T33UVB_20230303T224335,L2A,S2B_MSIL2A_20201115T103309_N0500_R108_T33UVB_20230303T224335.SAFE,S2B,2020-11-15T10:33:09Z,2020-11-15,2020,T33UVB,108,N0500,2023-03-03T22:43:35Z,S2B_MSIL2A_20201115T103309_N0500_R108_T33UVB_20230303T224335.SAFE,,True,25,31,2,3,2,2,inventoried
S2A_MSIL2A_20201117T102321_N0500_R065_T33UVB_20230318T105651,L2A,S2A_MSIL2A_20201117T102321_N0500_R065_T33UVB_20230318T105651.SAFE,S2A,2020-11-17T10:23:21Z,2020-11-17,2020,T33UVB,65,N0500,2023-03-18T10:56:51Z,S2A_MSIL2A_20201117T102321_N0500_R065_T33UVB_20230318T105651.SAFE,,True,25,31,2,3,2,2,inventoried
S2A_MSIL2A_20201120T103341_N0500_R108_T33UVB_20230404T222712,L2A,S2A_MSIL2A_20201120T103341_N0500_R108_T33UVB_20230404T222712.SAFE,S2A,2020-11-20T10:33:41Z,2020-11-20,2020,T33UVB,108,N0500,2023-04-04T22:27:12Z,S2A_MSIL2A_20201120T103341_N0500_R108_T33UVB_20230404T222712.SAFE,,True,25,31,2,3,2,2,inventoried
S2B_MSIL2A_20201122T102339_N0500_R065_T33UVB_20230402T194726,L2A,S2B_MSIL2A_20201122T102339_N0500_R065_T33UVB_20230402T194726.SAFE,S2B,2020-11-22T10:23:39Z,2020-11-22,2020,T33UVB,65,N0500,2023-04-02T19:47:26Z,S2B_MSIL2A_20201122T102339_N0500_R065_T33UVB_20230402T194726.SAFE,,True,25,31,2,3,2,2,inventoried
S2B_MSIL2A_20201125T103349_N0500_R108_T33UVB_20230307T154233,L2A,S2B_MSIL2A_20201125T103349_N0500_R108_T33UVB_20230307T154233.SAFE,S2B,2020-11-25T10:33:49Z,2020-11-25,2020,T33UVB,108,N0500,2023-03-07T15:42:33Z,S2B_MSIL2A_20201125T103349_N0500_R108_T33UVB_20230307T154233.SAFE,,True,25,31,2,3,2,2,inventoried
S2A_MSIL2A_20201127T102401_N0500_R065_T33UVB_20230321T101720,L2A,S2A_MSIL2A_20201127T102401_N0500_R065_T33UVB_20230321T101720.SAFE,S2A,2020-11-27T10:24:01Z,2020-11-27,2020,T33UVB,65,N0500,2023-03-21T10:17:20Z,S2A_MSIL2A_20201127T102401_N0500_R065_T33UVB_20230321T101720.SAFE,,True,25,31,2,3,2,2,inventoried
S2A_MSIL2A_20201130T103411_N0500_R108_T33UVB_20230304T183511,L2A,S2A_MSIL2A_20201130T103411_N0500_R108_T33UVB_20230304T183511.SAFE,S2A,2020-11-30T10:34:11Z,2020-11-30,2020,T33UVB,108,N0500,2023-03-04T18:35:11Z,S2A_MSIL2A_20201130T103411_N0500_R108_T33UVB_20230304T183511.SAFE,,True,25,31,2,3,2,2,inventoried
S2B_MSIL2A_20201202T102409_N0500_R065_T33UVB_20230303T005134,L2A,S2B_MSIL2A_20201202T102409_N0500_R065_T33UVB_20230303T005134.SAFE,S2B,2020-12-02T10:24:09Z,2020-12-02,2020,T33UVB,65,N0500,2023-03-03T00:51:34Z,S2B_MSIL2A_20201202T102409_N0500_R065_T33UVB_20230303T005134.SAFE,,True,25,31,2,3,2,2,inventoried
S2B_MSIL2A_20201205T103419_N0500_R108_T33UVB_20230225T225902,L2A,S2B_MSIL2A_20201205T103419_N0500_R108_T33UVB_20230225T225902.SAFE,S2B,2020-12-05T10:34:19Z,2020-12-05,2020,T33UVB,108,N0500,2023-02-25T22:59:02Z,S2B_MSIL2A_20201205T103419_N0500_R108_T33UVB_20230225T225902.SAFE,,True,25,31,2,3,2,2,inventoried
S2A_MSIL2A_20201207T102411_N0500_R065_T33UVB_20230304T224819,L2A,S2A_MSIL2A_20201207T102411_N0500_R065_T33UVB_20230304T224819.SAFE,S2A,2020-12-07T10:24:11Z,2020-12-07,2020,T33UVB,65,N0500,2023-03-04T22:48:19Z,S2A_MSIL2A_20201207T102411_N0500_R065_T33UVB_20230304T224819.SAFE,,True,25,31,2,3,2,2,inventoried
S2A_MSIL2A_20201210T103431_N0500_R108_T33UVB_20230301T035840,L2A,S2A_MSIL2A_20201210T103431_N0500_R108_T33UVB_20230301T035840.SAFE,S2A,2020-12-10T10:34:31Z,2020-12-10,2020,T33UVB,108,N0500,2023-03-01T03:58:40Z,S2A_MSIL2A_20201210T103431_N0500_R108_T33UVB_20230301T035840.SAFE,,True,25,31,2,3,2,2,inventoried
S2B_MSIL2A_20201212T102329_N0500_R065_T33UVB_20230301T175158,L2A,S2B_MSIL2A_20201212T102329_N0500_R065_T33UVB_20230301T175158.SAFE,S2B,2020-12-12T10:23:29Z,2020-12-12,2020,T33UVB,65,N0500,2023-03-01T17:51:58Z,S2B_MSIL2A_20201212T102329_N0500_R065_T33UVB_20230301T175158.SAFE,,True,25,31,2,3,2,2,inventoried
S2B_MSIL2A_20201215T103339_N0500_R108_T33UVB_20230307T162014,L2A,S2B_MSIL2A_20201215T103339_N0500_R108_T33UVB_20230307T162014.SAFE,S2B,2020-12-15T10:33:39Z,2020-12-15,2020,T33UVB,108,N0500,2023-03-07T16:20:14Z,S2B_MSIL2A_20201215T103339_N0500_R108_T33UVB_20230307T162014.SAFE,,True,25,31,2,3,2,2,inventoried
S2A_MSIL2A_20201217T102431_N0500_R065_T33UVB_20230225T100015,L2A,S2A_MSIL2A_20201217T102431_N0500_R065_T33UVB_20230225T100015.SAFE,S2A,2020-12-17T10:24:31Z,2020-12-17,2020,T33UVB,65,N0500,2023-02-25T10:00:15Z,S2A_MSIL2A_20201217T102431_N0500_R065_T33UVB_20230225T100015.SAFE,,True,25,31,2,3,2,2,inventoried
S2A_MSIL2A_20201220T103441_N0500_R108_T33UVB_20230327T224059,L2A,S2A_MSIL2A_20201220T103441_N0500_R108_T33UVB_20230327T224059.SAFE,S2A,2020-12-20T10:34:41Z,2020-12-20,2020,T33UVB,108,N0500,2023-03-27T22:40:59Z,S2A_MSIL2A_20201220T103441_N0500_R108_T33UVB_20230327T224059.SAFE,,True,25,31,2,3,2,2,inventoried
S2B_MSIL2A_20201222T102339_N0500_R065_T33UVB_20230401T015223,L2A,S2B_MSIL2A_20201222T102339_N0500_R065_T33UVB_20230401T015223.SAFE,S2B,2020-12-22T10:23:39Z,2020-12-22,2020,T33UVB,65,N0500,2023-04-01T01:52:23Z,S2B_MSIL2A_20201222T102339_N0500_R065_T33UVB_20230401T015223.SAFE,,True,25,31,2,3,2,2,inventoried
S2B_MSIL2A_20201225T103339_N0500_R108_T33UVB_20230301T055253,L2A,S2B_MSIL2A_20201225T103339_N0500_R108_T33UVB_20230301T055253.SAFE,S2B,2020-12-25T10:33:39Z,2020-12-25,2020,T33UVB,108,N0500,2023-03-01T05:52:53Z,S2B_MSIL2A_20201225T103339_N0500_R108_T33UVB_20230301T055253.SAFE,,True,25,31,2,3,2,2,inventoried
S2A_MSIL2A_20201227T102431_N0500_R065_T33UVB_20230309T080838,L2A,S2A_MSIL2A_20201227T102431_N0500_R065_T33UVB_20230309T080838.SAFE,S2A,2020-12-27T10:24:31Z,2020-12-27,2020,T33UVB,65,N0500,2023-03-09T08:08:38Z,S2A_MSIL2A_20201227T102431_N0500_R065_T33UVB_20230309T080838.SAFE,,True,25,31,2,3,2,2,inventoried
S2A_MSIL2A_20201230T103441_N0500_R108_T33UVB_20230305T150103,L2A,S2A_MSIL2A_20201230T103441_N0500_R108_T33UVB_20230305T150103.SAFE,S2A,2020-12-30T10:34:41Z,2020-12-30,2020,T33UVB,108,N0500,2023-03-05T15:01:03Z,S2A_MSIL2A_20201230T103441_N0500_R108_T33UVB_20230305T150103.SAFE,,True,25,31,2,3,2,2,inventoried
S2B_MSIL2A_20210101T102329_N0500_R065_T33UVB_20230404T192152,L2A,S2B_MSIL2A_20210101T102329_N0500_R065_T33UVB_20230404T192152.SAFE,S2B,2021-01-01T10:23:29Z,2021-01-01,2021,T33UVB,65,N0500,2023-04-04T19:21:52Z,S2B_MSIL2A_20210101T102329_N0500_R065_T33UVB_20230404T192152.SAFE,,True,25,31,2,3,2,2,inventoried
S2B_MSIL2A_20210104T103329_N0500_R108_T33UVB_20230225T005706,L2A,S2B_MSIL2A_20210104T103329_N0500_R108_T33UVB_20230225T005706.SAFE,S2B,2021-01-04T10:33:29Z,2021-01-04,2021,T33UVB,108,N0500,2023-02-25T00:57:06Z,S2B_MSIL2A_20210104T103329_N0500_R108_T33UVB_20230225T005706.SAFE,,True,25,31,2,3,2,2,inventoried
S2A_MSIL2A_20210106T102411_N0500_R065_T33UVB_20230226T213013,L2A,S2A_MSIL2A_20210106T102411_N0500_R065_T33UVB_20230226T213013.SAFE,S2A,2021-01-06T10:24:11Z,2021-01-06,2021,T33UVB,65,N0500,2023-02-26T21:30:13Z,S2A_MSIL2A_20210106T102411_N0500_R065_T33UVB_20230226T213013.SAFE,,True,25,31,2,3,2,2,inventoried
S2A_MSIL2A_20210109T103421_N0500_R108_T33UVB_20230530T192644,L2A,S2A_MSIL2A_20210109T103421_N0500_R108_T33UVB_20230530T192644.SAFE,S2A,2021-01-09T10:34:21Z,2021-01-09,2021,T33UVB,108,N0500,2023-05-30T19:26:44Z,S2A_MSIL2A_20210109T103421_N0500_R108_T33UVB_20230530T192644.SAFE,,True,25,31,2,3,2,2,inventoried
S2B_MSIL2A_20210111T102309_N0500_R065_T33UVB_20230531T054303,L2A,S2B_MSIL2A_20210111T102309_N0500_R065_T33UVB_20230531T054303.SAFE,S2B,2021-01-11T10:23:09Z,2021-01-11,2021,T33UVB,65,N0500,2023-05-31T05:43:03Z,S2B_MSIL2A_20210111T102309_N0500_R065_T33UVB_20230531T054303.SAFE,,True,25,31,2,3,2,2,inventoried
S2B_MSIL2A_20210114T103309_N0500_R108_T33UVB_20230603T095533,L2A,S2B_MSIL2A_20210114T103309_N0500_R108_T33UVB_20230603T095533.SAFE,S2B,2021-01-14T10:33:09Z,2021-01-14,2021,T33UVB,108,N0500,2023-06-03T09:55:33Z,S2B_MSIL2A_20210114T103309_N0500_R108_T33UVB_20230603T095533.SAFE,,True,25,31,2,3,2,2,inventoried
S2A_MSIL2A_20210116T102351_N0500_R065_T33UVB_20230520T133659,L2A,S2A_MSIL2A_20210116T102351_N0500_R065_T33UVB_20230520T133659.SAFE,S2A,2021-01-16T10:23:51Z,2021-01-16,2021,T33UVB,65,N0500,2023-05-20T13:36:59Z,S2A_MSIL2A_20210116T102351_N0500_R065_T33UVB_20230520T133659.SAFE,,True,25,31,2,3,2,2,inventoried
S2A_MSIL2A_20210119T103351_N0500_R108_T33UVB_20230528T013803,L2A,S2A_MSIL2A_20210119T103351_N0500_R108_T33UVB_20230528T013803.SAFE,S2A,2021-01-19T10:33:51Z,2021-01-19,2021,T33UVB,108,N0500,2023-05-28T01:38:03Z,S2A_MSIL2A_20210119T103351_N0500_R108_T33UVB_20230528T013803.SAFE,,True,25,31,2,3,2,2,inventoried
S2B_MSIL2A_20210121T102239_N0500_R065_T33UVB_20230611T160909,L2A,S2B_MSIL2A_20210121T102239_N0500_R065_T33UVB_20230611T160909.SAFE,S2B,2021-01-21T10:22:39Z,2021-01-21,2021,T33UVB,65,N0500,2023-06-11T16:09:09Z,S2B_MSIL2A_20210121T102239_N0500_R065_T33UVB_20230611T160909.SAFE,,True,25,31,2,3,2,2,inventoried
S2B_MSIL2A_20210124T103229_N0500_R108_T33UVB_20230522T195142,L2A,S2B_MSIL2A_20210124T103229_N0500_R108_T33UVB_20230522T195142.SAFE,S2B,2021-01-24T10:32:29Z,2021-01-24,2021,T33UVB,108,N0500,2023-05-22T19:51:42Z,S2B_MSIL2A_20210124T103229_N0500_R108_T33UVB_20230522T195142.SAFE,,True,25,31,2,3,2,2,inventoried
S2A_MSIL2A_20210126T102311_N0500_R065_T33UVB_20230519T165246,L2A,S2A_MSIL2A_20210126T102311_N0500_R065_T33UVB_20230519T165246.SAFE,S2A,2021-01-26T10:23:11Z,2021-01-26,2021,T33UVB,65,N0500,2023-05-19T16:52:46Z,S2A_MSIL2A_20210126T102311_N0500_R065_T33UVB_20230519T165246.SAFE,,True,25,31,2,3,2,2,inventoried
S2A_MSIL2A_20210129T103301_N0500_R108_T33UVB_20230608T071047,L2A,S2A_MSIL2A_20210129T103301_N0500_R108_T33UVB_20230608T071047.SAFE,S2A,2021-01-29T10:33:01Z,2021-01-29,2021,T33UVB,108,N0500,2023-06-08T07:10:47Z,S2A_MSIL2A_20210129T103301_N0500_R108_T33UVB_20230608T071047.SAFE,,True,25,31,2,3,2,2,inventoried
S2B_MSIL2A_20210131T102149_N0500_R065_T33UVB_20230610T224755,L2A,S2B_MSIL2A_20210131T102149_N0500_R065_T33UVB_20230610T224755.SAFE,S2B,2021-01-31T10:21:49Z,2021-01-31,2021,T33UVB,65,N0500,2023-06-10T22:47:55Z,S2B_MSIL2A_20210131T102149_N0500_R065_T33UVB_20230610T224755.SAFE,,True,25,31,2,3,2,2,inventoried
S2B_MSIL2A_20210203T103139_N0500_R108_T33UVB_20230529T123932,L2A,S2B_MSIL2A_20210203T103139_N0500_R108_T33UVB_20230529T123932.SAFE,S2B,2021-02-03T10:31:39Z,2021-02-03,2021,T33UVB,108,N0500,2023-05-29T12:39:32Z,S2B_MSIL2A_20210203T103139_N0500_R108_T33UVB_20230529T123932.SAFE,,True,25,31,2,3,2,2,inventoried
S2A_MSIL2A_20210205T102221_N0500_R065_T33UVB_20230609T200355,L2A,S2A_MSIL2A_20210205T102221_N0500_R065_T33UVB_20230609T200355.SAFE,S2A,2021-02-05T10:22:21Z,2021-02-05,2021,T33UVB,65,N0500,2023-06-09T20:03:55Z,S2A_MSIL2A_20210205T102221_N0500_R065_T33UVB_20230609T200355.SAFE,,True,25,31,2,3,2,2,inventoried
S2A_MSIL2A_20210208T103201_N0500_R108_T33UVB_20230603T054335,L2A,S2A_MSIL2A_20210208T103201_N0500_R108_T33UVB_20230603T054335.SAFE,S2A,2021-02-08T10:32:01Z,2021-02-08,2021,T33UVB,108,N0500,2023-06-03T05:43:35Z,S2A_MSIL2A_20210208T103201_N0500_R108_T33UVB_20230603T054335.SAFE,,True,25,31,2,3,2,2,inventoried
S2B_MSIL2A_20210210T102049_N0500_R065_T33UVB_20230608T103136,L2A,S2B_MSIL2A_20210210T102049_N0500_R065_T33UVB_20230608T103136.SAFE,S2B,2021-02-10T10:20:49Z,2021-02-10,2021,T33UVB,65,N0500,2023-06-08T10:31:36Z,S2B_MSIL2A_20210210T102049_N0500_R065_T33UVB_20230608T103136.SAFE,,True,25,31,2,3,2,2,inventoried
S2B_MSIL2A_20210213T103039_N0500_R108_T33UVB_20230603T184636,L2A,S2B_MSIL2A_20210213T103039_N0500_R108_T33UVB_20230603T184636.SAFE,S2B,2021-02-13T10:30:39Z,2021-02-13,2021,T33UVB,108,N0500,2023-06-03T18:46:36Z,S2B_MSIL2A_20210213T103039_N0500_R108_T33UVB_20230603T184636.SAFE,,True,25,31,2,3,2,2,inventoried
S2A_MSIL2A_20210215T102121_N0500_R065_T33UVB_20230519T080821,L2A,S2A_MSIL2A_20210215T102121_N0500_R065_T33UVB_20230519T080821.SAFE,S2A,2021-02-15T10:21:21Z,2021-02-15,2021,T33UVB,65,N0500,2023-05-19T08:08:21Z,S2A_MSIL2A_20210215T102121_N0500_R065_T33UVB_20230519T080821.SAFE,,True,25,31,2,3,2,2,inventoried
S2A_MSIL2A_20210218T103101_N0500_R108_T33UVB_20230610T160832,L2A,S2A_MSIL2A_20210218T103101_N0500_R108_T33UVB_20230610T160832.SAFE,S2A,2021-02-18T10:31:01Z,2021-02-18,2021,T33UVB,108,N0500,2023-06-10T16:08:32Z,S2A_MSIL2A_20210218T103101_N0500_R108_T33UVB_20230610T160832.SAFE,,True,25,31,2,3,2,2,inventoried
S2B_MSIL2A_20210220T101939_N0500_R065_T33UVB_20230519T050636,L2A,S2B_MSIL2A_20210220T101939_N0500_R065_T33UVB_20230519T050636.SAFE,S2B,2021-02-20T10:19:39Z,2021-02-20,2021,T33UVB,65,N0500,2023-05-19T05:06:36Z,S2B_MSIL2A_20210220T101939_N0500_R065_T33UVB_20230519T050636.SAFE,,True,25,31,2,3,2,2,inventoried
S2B_MSIL2A_20210223T102929_N0500_R108_T33UVB_20230520T190927,L2A,S2B_MSIL2A_20210223T102929_N0500_R108_T33UVB_20230520T190927.SAFE,S2B,2021-02-23T10:29:29Z,2021-02-23,2021,T33UVB,108,N0500,2023-05-20T19:09:27Z,S2B_MSIL2A_20210223T102929_N0500_R108_T33UVB_20230520T190927.SAFE,,True,25,31,2,3,2,2,inventoried
S2A_MSIL2A_20210225T102021_N0500_R065_T33UVB_20230519T070402,L2A,S2A_MSIL2A_20210225T102021_N0500_R065_T33UVB_20230519T070402.SAFE,S2A,2021-02-25T10:20:21Z,2021-02-25,2021,T33UVB,65,N0500,2023-05-19T07:04:02Z,S2A_MSIL2A_20210225T102021_N0500_R065_T33UVB_20230519T070402.SAFE,,True,25,31,2,3,2,2,inventoried
S2A_MSIL2A_20210228T103021_N0500_R108_T33UVB_20230531T014022,L2A,S2A_MSIL2A_20210228T103021_N0500_R108_T33UVB_20230531T014022.SAFE,S2A,2021-02-28T10:30:21Z,2021-02-28,2021,T33UVB,108,N0500,2023-05-31T01:40:22Z,S2A_MSIL2A_20210228T103021_N0500_R108_T33UVB_20230531T014022.SAFE,,True,25,31,2,3,2,2,inventoried
S2B_MSIL2A_20210302T101839_N0500_R065_T33UVB_20230606T023553,L2A,S2B_MSIL2A_20210302T101839_N0500_R065_T33UVB_20230606T023553.SAFE,S2B,2021-03-02T10:18:39Z,2021-03-02,2021,T33UVB,65,N0500,2023-06-06T02:35:53Z,S2B_MSIL2A_20210302T101839_N0500_R065_T33UVB_20230606T023553.SAFE,,True,25,31,2,3,2,2,inventoried
S2B_MSIL2A_20210305T102809_N0500_R108_T33UVB_20230609T002102,L2A,S2B_MSIL2A_20210305T102809_N0500_R108_T33UVB_20230609T002102.SAFE,S2B,2021-03-05T10:28:09Z,2021-03-05,2021,T33UVB,108,N0500,2023-06-09T00:21:02Z,S2B_MSIL2A_20210305T102809_N0500_R108_T33UVB_20230609T002102.SAFE,,True,25,31,2,3,2,2,inventoried
S2A_MSIL2A_20210307T102021_N0500_R065_T33UVB_20230525T123149,L2A,S2A_MSIL2A_20210307T102021_N0500_R065_T33UVB_20230525T123149.SAFE,S2A,2021-03-07T10:20:21Z,2021-03-07,2021,T33UVB,65,N0500,2023-05-25T12:31:49Z,S2A_MSIL2A_20210307T102021_N0500_R065_T33UVB_20230525T123149.SAFE,,True,25,31,2,3,2,2,inventoried
S2A_MSIL2A_20210310T103021_N0500_R108_T33UVB_20230526T091459,L2A,S2A_MSIL2A_20210310T103021_N0500_R108_T33UVB_20230526T091459.SAFE,S2A,2021-03-10T10:30:21Z,2021-03-10,2021,T33UVB,108,N0500,2023-05-26T09:14:59Z,S2A_MSIL2A_20210310T103021_N0500_R108_T33UVB_20230526T091459.SAFE,,True,25,31,2,3,2,2,inventoried
S2B_MSIL2A_20210312T101729_N0500_R065_T33UVB_20230601T004244,L2A,S2B_MSIL2A_20210312T101729_N0500_R065_T33UVB_20230601T004244.SAFE,S2B,2021-03-12T10:17:29Z,2021-03-12,2021,T33UVB,65,N0500,2023-06-01T00:42:44Z,S2B_MSIL2A_20210312T101729_N0500_R065_T33UVB_20230601T004244.SAFE,,True,25,31,2,3,2,2,inventoried
S2B_MSIL2A_20210315T102709_N0500_R108_T33UVB_20230518T180204,L2A,S2B_MSIL2A_20210315T102709_N0500_R108_T33UVB_20230518T180204.SAFE,S2B,2021-03-15T10:27:09Z,2021-03-15,2021,T33UVB,108,N0500,2023-05-18T18:02:04Z,S2B_MSIL2A_20210315T102709_N0500_R108_T33UVB_20230518T180204.SAFE,,True,25,31,2,3,2,2,inventoried
S2A_MSIL2A_20210317T102021_N0500_R065_T33UVB_20230517T130222,L2A,S2A_MSIL2A_20210317T102021_N0500_R065_T33UVB_20230517T130222.SAFE,S2A,2021-03-17T10:20:21Z,2021-03-17,2021,T33UVB,65,N0500,2023-05-17T13:02:22Z,S2A_MSIL2A_20210317T102021_N0500_R065_T33UVB_20230517T130222.SAFE,,True,25,31,2,3,2,2,inventoried
S2A_MSIL2A_20210320T103021_N0500_R108_T33UVB_20230522T130114,L2A,S2A_MSIL2A_20210320T103021_N0500_R108_T33UVB_20230522T130114.SAFE,S2A,2021-03-20T10:30:21Z,2021-03-20,2021,T33UVB,108,N0500,2023-05-22T13:01:14Z,S2A_MSIL2A_20210320T103021_N0500_R108_T33UVB_20230522T130114.SAFE,,True,25,31,2,3,2,2,inventoried
S2B_MSIL2A_20210322T101649_N0500_R065_T33UVB_20230605T043412,L2A,S2B_MSIL2A_20210322T101649_N0500_R065_T33UVB_20230605T043412.SAFE,S2B,2021-03-22T10:16:49Z,2021-03-22,2021,T33UVB,65,N0500,2023-06-05T04:34:12Z,S2B_MSIL2A_20210322T101649_N0500_R065_T33UVB_20230605T043412.SAFE,,True,25,31,2,3,2,2,inventoried
S2B_MSIL2A_20210325T102639_N0500_R108_T33UVB_20230524T215002,L2A,S2B_MSIL2A_20210325T102639_N0500_R108_T33UVB_20230524T215002.SAFE,S2B,2021-03-25T10:26:39Z,2021-03-25,2021,T33UVB,108,N0500,2023-05-24T21:50:02Z,S2B_MSIL2A_20210325T102639_N0500_R108_T33UVB_20230524T215002.SAFE,,True,25,31,2,3,2,2,inventoried
S2A_MSIL2A_20210327T102021_N0500_R065_T33UVB_20230511T104611,L2A,S2A_MSIL2A_20210327T102021_N0500_R065_T33UVB_20230511T104611.SAFE,S2A,2021-03-27T10:20:21Z,2021-03-27,2021,T33UVB,65,N0500,2023-05-11T10:46:11Z,S2A_MSIL2A_20210327T102021_N0500_R065_T33UVB_20230511T104611.SAFE,,True,25,31,2,3,2,2,inventoried
S2A_MSIL2A_20210330T103021_N0500_R108_T33UVB_20230524T075138,L2A,S2A_MSIL2A_20210330T103021_N0500_R108_T33UVB_20230524T075138.SAFE,S2A,2021-03-30T10:30:21Z,2021-03-30,2021,T33UVB,108,N0500,2023-05-24T07:51:38Z,S2A_MSIL2A_20210330T103021_N0500_R108_T33UVB_20230524T075138.SAFE,,True,25,31,2,3,2,2,inventoried
S2B_MSIL2A_20210401T101559_N0500_R065_T33UVB_20230520T032614,L2A,S2B_MSIL2A_20210401T101559_N0500_R065_T33UVB_20230520T032614.SAFE,S2B,2021-04-01T10:15:59Z,2021-04-01,2021,T33UVB,65,N0500,2023-05-20T03:26:14Z,S2B_MSIL2A_20210401T101559_N0500_R065_T33UVB_20230520T032614.SAFE,,True,25,31,2,3,2,2,inventoried
S2B_MSIL2A_20210404T102559_N0500_R108_T33UVB_20230511T111624,L2A,S2B_MSIL2A_20210404T102559_N0500_R108_T33UVB_20230511T111624.SAFE,S2B,2021-04-04T10:25:59Z,2021-04-04,2021,T33UVB,108,N0500,2023-05-11T11:16:24Z,S2B_MSIL2A_20210404T102559_N0500_R108_T33UVB_20230511T111624.SAFE,,True,25,31,2,3,2,2,inventoried
S2A_MSIL2A_20210406T102021_N0500_R065_T33UVB_20230514T030227,L2A,S2A_MSIL2A_20210406T102021_N0500_R065_T33UVB_20230514T030227.SAFE,S2A,2021-04-06T10:20:21Z,2021-04-06,2021,T33UVB,65,N0500,2023-05-14T03:02:27Z,S2A_MSIL2A_20210406T102021_N0500_R065_T33UVB_20230514T030227.SAFE,,True,25,31,2,3,2,2,inventoried
S2A_MSIL2A_20210409T103021_N0500_R108_T33UVB_20230516T092720,L2A,S2A_MSIL2A_20210409T103021_N0500_R108_T33UVB_20230516T092720.SAFE,S2A,2021-04-09T10:30:21Z,2021-04-09,2021,T33UVB,108,N0500,2023-05-16T09:27:20Z,S2A_MSIL2A_20210409T103021_N0500_R108_T33UVB_20230516T092720.SAFE,,True,25,31,2,3,2,2,inventoried
S2B_MSIL2A_20210411T101559_N0500_R065_T33UVB_20230513T054549,L2A,S2B_MSIL2A_20210411T101559_N0500_R065_T33UVB_20230513T054549.SAFE,S2B,2021-04-11T10:15:59Z,2021-04-11,2021,T33UVB,65,N0500,2023-05-13T05:45:49Z,S2B_MSIL2A_20210411T101559_N0500_R065_T33UVB_20230513T054549.SAFE,,True,25,31,2,3,2,2,inventoried
S2B_MSIL2A_20210414T102559_N0500_R108_T33UVB_20230518T072250,L2A,S2B_MSIL2A_20210414T102559_N0500_R108_T33UVB_20230518T072250.SAFE,S2B,2021-04-14T10:25:59Z,2021-04-14,2021,T33UVB,108,N0500,2023-05-18T07:22:50Z,S2B_MSIL2A_20210414T102559_N0500_R108_T33UVB_20230518T072250.SAFE,,True,25,31,2,3,2,2,inventoried
S2A_MSIL2A_20210416T102021_N0500_R065_T33UVB_20230510T040946,L2A,S2A_MSIL2A_20210416T102021_N0500_R065_T33UVB_20230510T040946.SAFE,S2A,2021-04-16T10:20:21Z,2021-04-16,2021,T33UVB,65,N0500,2023-05-10T04:09:46Z,S2A_MSIL2A_20210416T102021_N0500_R065_T33UVB_20230510T040946.SAFE,,True,25,31,2,3,2,2,inventoried
S2A_MSIL2A_20210419T103021_N0500_R108_T33UVB_20230523T062857,L2A,S2A_MSIL2A_20210419T103021_N0500_R108_T33UVB_20230523T062857.SAFE,S2A,2021-04-19T10:30:21Z,2021-04-19,2021,T33UVB,108,N0500,2023-05-23T06:28:57Z,S2A_MSIL2A_20210419T103021_N0500_R108_T33UVB_20230523T062857.SAFE,,True,25,31,2,3,2,2,inventoried
S2B_MSIL2A_20210421T101549_N0500_R065_T33UVB_20230518T200516,L2A,S2B_MSIL2A_20210421T101549_N0500_R065_T33UVB_20230518T200516.SAFE,S2B,2021-04-21T10:15:49Z,2021-04-21,2021,T33UVB,65,N0500,2023-05-18T20:05:16Z,S2B_MSIL2A_20210421T101549_N0500_R065_T33UVB_20230518T200516.SAFE,,True,25,31,2,3,2,2,inventoried
S2B_MSIL2A_20210424T102549_N0500_R108_T33UVB_20230605T230125,L2A,S2B_MSIL2A_20210424T102549_N0500_R108_T33UVB_20230605T230125.SAFE,S2B,2021-04-24T10:25:49Z,2021-04-24,2021,T33UVB,108,N0500,2023-06-05T23:01:25Z,S2B_MSIL2A_20210424T102549_N0500_R108_T33UVB_20230605T230125.SAFE,,True,25,31,2,3,2,2,inventoried
S2A_MSIL2A_20210426T102021_N0500_R065_T33UVB_20230510T054413,L2A,S2A_MSIL2A_20210426T102021_N0500_R065_T33UVB_20230510T054413.SAFE,S2A,2021-04-26T10:20:21Z,2021-04-26,2021,T33UVB,65,N0500,2023-05-10T05:44:13Z,S2A_MSIL2A_20210426T102021_N0500_R065_T33UVB_20230510T054413.SAFE,,True,25,31,2,3,2,2,inventoried
S2A_MSIL2A_20210429T103021_N0500_R108_T33UVB_20230513T072842,L2A,S2A_MSIL2A_20210429T103021_N0500_R108_T33UVB_20230513T072842.SAFE,S2A,2021-04-29T10:30:21Z,2021-04-29,2021,T33UVB,108,N0500,2023-05-13T07:28:42Z,S2A_MSIL2A_20210429T103021_N0500_R108_T33UVB_20230513T072842.SAFE,,True,25,31,2,3,2,2,inventoried
S2B_MSIL2A_20210501T101559_N0500_R065_T33UVB_20230226T142818,L2A,S2B_MSIL2A_20210501T101559_N0500_R065_T33UVB_20230226T142818.SAFE,S2B,2021-05-01T10:15:59Z,2021-05-01,2021,T33UVB,65,N0500,2023-02-26T14:28:18Z,S2B_MSIL2A_20210501T101559_N0500_R065_T33UVB_20230226T142818.SAFE,,True,25,31,2,3,2,2,inventoried
S2B_MSIL2A_20210504T102559_N0500_R108_T33UVB_20230307T124232,L2A,S2B_MSIL2A_20210504T102559_N0500_R108_T33UVB_20230307T124232.SAFE,S2B,2021-05-04T10:25:59Z,2021-05-04,2021,T33UVB,108,N0500,2023-03-07T12:42:32Z,S2B_MSIL2A_20210504T102559_N0500_R108_T33UVB_20230307T124232.SAFE,,True,25,31,2,3,2,2,inventoried
S2A_MSIL2A_20210506T102021_N0500_R065_T33UVB_20230304T114604,L2A,S2A_MSIL2A_20210506T102021_N0500_R065_T33UVB_20230304T114604.SAFE,S2A,2021-05-06T10:20:21Z,2021-05-06,2021,T33UVB,65,N0500,2023-03-04T11:46:04Z,S2A_MSIL2A_20210506T102021_N0500_R065_T33UVB_20230304T114604.SAFE,,True,25,31,2,3,2,2,inventoried
S2A_MSIL2A_20210509T103021_N0500_R108_T33UVB_20230305T194315,L2A,S2A_MSIL2A_20210509T103021_N0500_R108_T33UVB_20230305T194315.SAFE,S2A,2021-05-09T10:30:21Z,2021-05-09,2021,T33UVB,108,N0500,2023-03-05T19:43:15Z,S2A_MSIL2A_20210509T103021_N0500_R108_T33UVB_20230305T194315.SAFE,,True,25,31,2,3,2,2,inventoried
S2B_MSIL2A_20210511T101559_N0500_R065_T33UVB_20230306T080813,L2A,S2B_MSIL2A_20210511T101559_N0500_R065_T33UVB_20230306T080813.SAFE,S2B,2021-05-11T10:15:59Z,2021-05-11,2021,T33UVB,65,N0500,2023-03-06T08:08:13Z,S2B_MSIL2A_20210511T101559_N0500_R065_T33UVB_20230306T080813.SAFE,,True,25,31,2,3,2,2,inventoried
S2B_MSIL2A_20210514T102559_N0500_R108_T33UVB_20230401T164348,L2A,S2B_MSIL2A_20210514T102559_N0500_R108_T33UVB_20230401T164348.SAFE,S2B,2021-05-14T10:25:59Z,2021-05-14,2021,T33UVB,108,N0500,2023-04-01T16:43:48Z,S2B_MSIL2A_20210514T102559_N0500_R108_T33UVB_20230401T164348.SAFE,,True,25,31,2,3,2,2,inventoried
S2A_MSIL2A_20210516T102021_N0500_R065_T33UVB_20230825T012842,L2A,S2A_MSIL2A_20210516T102021_N0500_R065_T33UVB_20230825T012842.SAFE,S2A,2021-05-16T10:20:21Z,2021-05-16,2021,T33UVB,65,N0500,2023-08-25T01:28:42Z,S2A_MSIL2A_20210516T102021_N0500_R065_T33UVB_20230825T012842.SAFE,,True,25,31,2,3,2,2,inventoried
S2A_MSIL2A_20210519T103021_N0500_R108_T33UVB_20230223T114622,L2A,S2A_MSIL2A_20210519T103021_N0500_R108_T33UVB_20230223T114622.SAFE,S2A,2021-05-19T10:30:21Z,2021-05-19,2021,T33UVB,108,N0500,2023-02-23T11:46:22Z,S2A_MSIL2A_20210519T103021_N0500_R108_T33UVB_20230223T114622.SAFE,,True,25,31,2,3,2,2,inventoried
S2B_MSIL2A_20210521T101559_N0500_R065_T33UVB_20230224T151553,L2A,S2B_MSIL2A_20210521T101559_N0500_R065_T33UVB_20230224T151553.SAFE,S2B,2021-05-21T10:15:59Z,2021-05-21,2021,T33UVB,65,N0500,2023-02-24T15:15:53Z,S2B_MSIL2A_20210521T101559_N0500_R065_T33UVB_20230224T151553.SAFE,,True,25,31,2,3,2,2,inventoried
S2B_MSIL2A_20210524T102559_N0500_R108_T33UVB_20230226T000457,L2A,S2B_MSIL2A_20210524T102559_N0500_R108_T33UVB_20230226T000457.SAFE,S2B,2021-05-24T10:25:59Z,2021-05-24,2021,T33UVB,108,N0500,2023-02-26T00:04:57Z,S2B_MSIL2A_20210524T102559_N0500_R108_T33UVB_20230226T000457.SAFE,,True,25,31,2,3,2,2,inventoried
S2A_MSIL2A_20210526T102021_N0500_R065_T33UVB_20230214T091236,L2A,S2A_MSIL2A_20210526T102021_N0500_R065_T33UVB_20230214T091236.SAFE,S2A,2021-05-26T10:20:21Z,2021-05-26,2021,T33UVB,65,N0500,2023-02-14T09:12:36Z,S2A_MSIL2A_20210526T102021_N0500_R065_T33UVB_20230214T091236.SAFE,,True,25,31,2,3,2,2,inventoried
S2A_MSIL2A_20210529T103021_N0500_R108_T33UVB_20230228T063715,L2A,S2A_MSIL2A_20210529T103021_N0500_R108_T33UVB_20230228T063715.SAFE,S2A,2021-05-29T10:30:21Z,2021-05-29,2021,T33UVB,108,N0500,2023-02-28T06:37:15Z,S2A_MSIL2A_20210529T103021_N0500_R108_T33UVB_20230228T063715.SAFE,,True,25,31,2,3,2,2,inventoried
S2B_MSIL2A_20210531T101559_N0500_R065_T33UVB_20230228T192404,L2A,S2B_MSIL2A_20210531T101559_N0500_R065_T33UVB_20230228T192404.SAFE,S2B,2021-05-31T10:15:59Z,2021-05-31,2021,T33UVB,65,N0500,2023-02-28T19:24:04Z,S2B_MSIL2A_20210531T101559_N0500_R065_T33UVB_20230228T192404.SAFE,,True,25,31,2,3,2,2,inventoried
S2B_MSIL2A_20210603T102559_N0500_R108_T33UVB_20230312T152709,L2A,S2B_MSIL2A_20210603T102559_N0500_R108_T33UVB_20230312T152709.SAFE,S2B,2021-06-03T10:25:59Z,2021-06-03,2021,T33UVB,108,N0500,2023-03-12T15:27:09Z,S2B_MSIL2A_20210603T102559_N0500_R108_T33UVB_20230312T152709.SAFE,,True,25,31,2,3,2,2,inventoried
S2A_MSIL2A_20210605T102021_N0500_R065_T33UVB_20230130T074617,L2A,S2A_MSIL2A_20210605T102021_N0500_R065_T33UVB_20230130T074617.SAFE,S2A,2021-06-05T10:20:21Z,2021-06-05,2021,T33UVB,65,N0500,2023-01-30T07:46:17Z,S2A_MSIL2A_20210605T102021_N0500_R065_T33UVB_20230130T074617.SAFE,,True,25,31,2,3,2,2,inventoried
S2A_MSIL2A_20210608T103021_N0500_R108_T33UVB_20230314T115218,L2A,S2A_MSIL2A_20210608T103021_N0500_R108_T33UVB_20230314T115218.SAFE,S2A,2021-06-08T10:30:21Z,2021-06-08,2021,T33UVB,108,N0500,2023-03-14T11:52:18Z,S2A_MSIL2A_20210608T103021_N0500_R108_T33UVB_20230314T115218.SAFE,,True,25,31,2,3,2,2,inventoried
S2B_MSIL2A_20210610T101559_N0500_R065_T33UVB_20230321T102457,L2A,S2B_MSIL2A_20210610T101559_N0500_R065_T33UVB_20230321T102457.SAFE,S2B,2021-06-10T10:15:59Z,2021-06-10,2021,T33UVB,65,N0500,2023-03-21T10:24:57Z,S2B_MSIL2A_20210610T101559_N0500_R065_T33UVB_20230321T102457.SAFE,,True,25,31,2,3,2,2,inventoried
S2B_MSIL2A_20210613T102559_N0500_R108_T33UVB_20230316T091044,L2A,S2B_MSIL2A_20210613T102559_N0500_R108_T33UVB_20230316T091044.SAFE,S2B,2021-06-13T10:25:59Z,2021-06-13,2021,T33UVB,108,N0500,2023-03-16T09:10:44Z,S2B_MSIL2A_20210613T102559_N0500_R108_T33UVB_20230316T091044.SAFE,,True,25,31,2,3,2,2,inventoried
S2A_MSIL2A_20210615T102021_N0500_R065_T33UVB_20230216T024207,L2A,S2A_MSIL2A_20210615T102021_N0500_R065_T33UVB_20230216T024207.SAFE,S2A,2021-06-15T10:20:21Z,2021-06-15,2021,T33UVB,65,N0500,2023-02-16T02:42:07Z,S2A_MSIL2A_20210615T102021_N0500_R065_T33UVB_20230216T024207.SAFE,,True,25,31,2,3,2,2,inventoried
S2A_MSIL2A_20210618T103021_N0500_R108_T33UVB_20230317T223257,L2A,S2A_MSIL2A_20210618T103021_N0500_R108_T33UVB_20230317T223257.SAFE,S2A,2021-06-18T10:30:21Z,2021-06-18,2021,T33UVB,108,N0500,2023-03-17T22:32:57Z,S2A_MSIL2A_20210618T103021_N0500_R108_T33UVB_20230317T223257.SAFE,,True,25,31,2,3,2,2,inventoried
S2B_MSIL2A_20210620T101559_N0500_R065_T33UVB_20230308T092944,L2A,S2B_MSIL2A_20210620T101559_N0500_R065_T33UVB_20230308T092944.SAFE,S2B,2021-06-20T10:15:59Z,2021-06-20,2021,T33UVB,65,N0500,2023-03-08T09:29:44Z,S2B_MSIL2A_20210620T101559_N0500_R065_T33UVB_20230308T092944.SAFE,,True,25,31,2,3,2,2,inventoried
S2B_MSIL2A_20210623T102559_N0500_R108_T33UVB_20230318T035150,L2A,S2B_MSIL2A_20210623T102559_N0500_R108_T33UVB_20230318T035150.SAFE,S2B,2021-06-23T10:25:59Z,2021-06-23,2021,T33UVB,108,N0500,2023-03-18T03:51:50Z,S2B_MSIL2A_20210623T102559_N0500_R108_T33UVB_20230318T035150.SAFE,,True,25,31,2,3,2,2,inventoried
S2A_MSIL2A_20210625T102021_N0500_R065_T33UVB_20230220T093842,L2A,S2A_MSIL2A_20210625T102021_N0500_R065_T33UVB_20230220T093842.SAFE,S2A,2021-06-25T10:20:21Z,2021-06-25,2021,T33UVB,65,N0500,2023-02-20T09:38:42Z,S2A_MSIL2A_20210625T102021_N0500_R065_T33UVB_20230220T093842.SAFE,,True,25,31,2,3,2,2,inventoried
S2A_MSIL2A_20210628T103021_N0500_R108_T33UVB_20230321T225310,L2A,S2A_MSIL2A_20210628T103021_N0500_R108_T33UVB_20230321T225310.SAFE,S2A,2021-06-28T10:30:21Z,2021-06-28,2021,T33UVB,108,N0500,2023-03-21T22:53:10Z,S2A_MSIL2A_20210628T103021_N0500_R108_T33UVB_20230321T225310.SAFE,,True,25,31,2,3,2,2,inventoried
S2B_MSIL2A_20210630T101559_N0500_R065_T33UVB_20230319T172945,L2A,S2B_MSIL2A_20210630T101559_N0500_R065_T33UVB_20230319T172945.SAFE,S2B,2021-06-30T10:15:59Z,2021-06-30,2021,T33UVB,65,N0500,2023-03-19T17:29:45Z,S2B_MSIL2A_20210630T101559_N0500_R065_T33UVB_20230319T172945.SAFE,,True,25,31,2,3,2,2,inventoried
S2B_MSIL2A_20210703T102559_N0500_R108_T33UVB_20230222T061404,L2A,S2B_MSIL2A_20210703T102559_N0500_R108_T33UVB_20230222T061404.SAFE,S2B,2021-07-03T10:25:59Z,2021-07-03,2021,T33UVB,108,N0500,2023-02-22T06:14:04Z,S2B_MSIL2A_20210703T102559_N0500_R108_T33UVB_20230222T061404.SAFE,,True,25,31,2,3,2,2,inventoried
S2A_MSIL2A_20210705T102031_N0500_R065_T33UVB_20230123T033750,L2A,S2A_MSIL2A_20210705T102031_N0500_R065_T33UVB_20230123T033750.SAFE,S2A,2021-07-05T10:20:31Z,2021-07-05,2021,T33UVB,65,N0500,2023-01-23T03:37:50Z,S2A_MSIL2A_20210705T102031_N0500_R065_T33UVB_20230123T033750.SAFE,,True,25,31,2,3,2,2,inventoried
S2A_MSIL2A_20210708T103031_N0500_R108_T33UVB_20230203T084308,L2A,S2A_MSIL2A_20210708T103031_N0500_R108_T33UVB_20230203T084308.SAFE,S2A,2021-07-08T10:30:31Z,2021-07-08,2021,T33UVB,108,N0500,2023-02-03T08:43:08Z,S2A_MSIL2A_20210708T103031_N0500_R108_T33UVB_20230203T084308.SAFE,,True,25,31,2,3,2,2,inventoried
S2B_MSIL2A_20210710T101559_N0500_R065_T33UVB_20230204T215947,L2A,S2B_MSIL2A_20210710T101559_N0500_R065_T33UVB_20230204T215947.SAFE,S2B,2021-07-10T10:15:59Z,2021-07-10,2021,T33UVB,65,N0500,2023-02-04T21:59:47Z,S2B_MSIL2A_20210710T101559_N0500_R065_T33UVB_20230204T215947.SAFE,,True,25,31,2,3,2,2,inventoried
S2B_MSIL2A_20210713T102559_N0500_R108_T33UVB_20230224T164542,L2A,S2B_MSIL2A_20210713T102559_N0500_R108_T33UVB_20230224T164542.SAFE,S2B,2021-07-13T10:25:59Z,2021-07-13,2021,T33UVB,108,N0500,2023-02-24T16:45:42Z,S2B_MSIL2A_20210713T102559_N0500_R108_T33UVB_20230224T164542.SAFE,,True,25,31,2,3,2,2,inventoried
S2A_MSIL2A_20210715T102031_N0500_R065_T33UVB_20230202T061909,L2A,S2A_MSIL2A_20210715T102031_N0500_R065_T33UVB_20230202T061909.SAFE,S2A,2021-07-15T10:20:31Z,2021-07-15,2021,T33UVB,65,N0500,2023-02-02T06:19:09Z,S2A_MSIL2A_20210715T102031_N0500_R065_T33UVB_20230202T061909.SAFE,,True,25,31,2,3,2,2,inventoried
S2A_MSIL2A_20210718T103031_N0500_R108_T33UVB_20230213T234707,L2A,S2A_MSIL2A_20210718T103031_N0500_R108_T33UVB_20230213T234707.SAFE,S2A,2021-07-18T10:30:31Z,2021-07-18,2021,T33UVB,108,N0500,2023-02-13T23:47:07Z,S2A_MSIL2A_20210718T103031_N0500_R108_T33UVB_20230213T234707.SAFE,,True,25,31,2,3,2,2,inventoried
S2B_MSIL2A_20210720T101559_N0500_R065_T33UVB_20230214T123833,L2A,S2B_MSIL2A_20210720T101559_N0500_R065_T33UVB_20230214T123833.SAFE,S2B,2021-07-20T10:15:59Z,2021-07-20,2021,T33UVB,65,N0500,2023-02-14T12:38:33Z,S2B_MSIL2A_20210720T101559_N0500_R065_T33UVB_20230214T123833.SAFE,,True,25,31,2,3,2,2,inventoried
S2B_MSIL2A_20210723T102559_N0500_R108_T33UVB_20230219T161024,L2A,S2B_MSIL2A_20210723T102559_N0500_R108_T33UVB_20230219T161024.SAFE,S2B,2021-07-23T10:25:59Z,2021-07-23,2021,T33UVB,108,N0500,2023-02-19T16:10:24Z,S2B_MSIL2A_20210723T102559_N0500_R108_T33UVB_20230219T161024.SAFE,,True,25,31,2,3,2,2,inventoried
S2A_MSIL2A_20210725T102031_N0500_R065_T33UVB_20230128T072917,L2A,S2A_MSIL2A_20210725T102031_N0500_R065_T33UVB_20230128T072917.SAFE,S2A,2021-07-25T10:20:31Z,2021-07-25,2021,T33UVB,65,N0500,2023-01-28T07:29:17Z,S2A_MSIL2A_20210725T102031_N0500_R065_T33UVB_20230128T072917.SAFE,,True,25,31,2,3,2,2,inventoried
S2A_MSIL2A_20210728T103031_N0500_R108_T33UVB_20230127T140610,L2A,S2A_MSIL2A_20210728T103031_N0500_R108_T33UVB_20230127T140610.SAFE,S2A,2021-07-28T10:30:31Z,2021-07-28,2021,T33UVB,108,N0500,2023-01-27T14:06:10Z,S2A_MSIL2A_20210728T103031_N0500_R108_T33UVB_20230127T140610.SAFE,,True,25,31,2,3,2,2,inventoried
S2B_MSIL2A_20210730T101559_N0500_R065_T33UVB_20230221T105753,L2A,S2B_MSIL2A_20210730T101559_N0500_R065_T33UVB_20230221T105753.SAFE,S2B,2021-07-30T10:15:59Z,2021-07-30,2021,T33UVB,65,N0500,2023-02-21T10:57:53Z,S2B_MSIL2A_20210730T101559_N0500_R065_T33UVB_20230221T105753.SAFE,,True,25,31,2,3,2,2,inventoried
S2B_MSIL2A_20210802T102559_N0500_R108_T33UVB_20230122T082254,L2A,S2B_MSIL2A_20210802T102559_N0500_R108_T33UVB_20230122T082254.SAFE,S2B,2021-08-02T10:25:59Z,2021-08-02,2021,T33UVB,108,N0500,2023-01-22T08:22:54Z,S2B_MSIL2A_20210802T102559_N0500_R108_T33UVB_20230122T082254.SAFE,,True,25,31,2,3,2,2,inventoried
S2A_MSIL2A_20210804T102031_N0500_R065_T33UVB_20230116T123301,L2A,S2A_MSIL2A_20210804T102031_N0500_R065_T33UVB_20230116T123301.SAFE,S2A,2021-08-04T10:20:31Z,2021-08-04,2021,T33UVB,65,N0500,2023-01-16T12:33:01Z,S2A_MSIL2A_20210804T102031_N0500_R065_T33UVB_20230116T123301.SAFE,,True,25,31,2,3,2,2,inventoried
S2A_MSIL2A_20210807T103031_N0500_R108_T33UVB_20230211T111035,L2A,S2A_MSIL2A_20210807T103031_N0500_R108_T33UVB_20230211T111035.SAFE,S2A,2021-08-07T10:30:31Z,2021-08-07,2021,T33UVB,108,N0500,2023-02-11T11:10:35Z,S2A_MSIL2A_20210807T103031_N0500_R108_T33UVB_20230211T111035.SAFE,,True,25,31,2,3,2,2,inventoried
S2B_MSIL2A_20210809T101559_N0500_R065_T33UVB_20230116T103230,L2A,S2B_MSIL2A_20210809T101559_N0500_R065_T33UVB_20230116T103230.SAFE,S2B,2021-08-09T10:15:59Z,2021-08-09,2021,T33UVB,65,N0500,2023-01-16T10:32:30Z,S2B_MSIL2A_20210809T101559_N0500_R065_T33UVB_20230116T103230.SAFE,,True,25,31,2,3,2,2,inventoried
S2B_MSIL2A_20210812T102559_N0500_R108_T33UVB_20230123T062610,L2A,S2B_MSIL2A_20210812T102559_N0500_R108_T33UVB_20230123T062610.SAFE,S2B,2021-08-12T10:25:59Z,2021-08-12,2021,T33UVB,108,N0500,2023-01-23T06:26:10Z,S2B_MSIL2A_20210812T102559_N0500_R108_T33UVB_20230123T062610.SAFE,,True,25,31,2,3,2,2,inventoried
S2A_MSIL2A_20210814T102031_N0500_R065_T33UVB_20230114T070337,L2A,S2A_MSIL2A_20210814T102031_N0500_R065_T33UVB_20230114T070337.SAFE,S2A,2021-08-14T10:20:31Z,2021-08-14,2021,T33UVB,65,N0500,2023-01-14T07:03:37Z,S2A_MSIL2A_20210814T102031_N0500_R065_T33UVB_20230114T070337.SAFE,,True,25,31,2,3,2,2,inventoried
S2A_MSIL2A_20210817T103021_N0500_R108_T33UVB_20230216T074822,L2A,S2A_MSIL2A_20210817T103021_N0500_R108_T33UVB_20230216T074822.SAFE,S2A,2021-08-17T10:30:21Z,2021-08-17,2021,T33UVB,108,N0500,2023-02-16T07:48:22Z,S2A_MSIL2A_20210817T103021_N0500_R108_T33UVB_20230216T074822.SAFE,,True,25,31,2,3,2,2,inventoried
S2B_MSIL2A_20210819T101559_N0500_R065_T33UVB_20230210T150758,L2A,S2B_MSIL2A_20210819T101559_N0500_R065_T33UVB_20230210T150758.SAFE,S2B,2021-08-19T10:15:59Z,2021-08-19,2021,T33UVB,65,N0500,2023-02-10T15:07:58Z,S2B_MSIL2A_20210819T101559_N0500_R065_T33UVB_20230210T150758.SAFE,,True,25,31,2,3,2,2,inventoried
S2B_MSIL2A_20210822T102559_N0500_R108_T33UVB_20230217T114217,L2A,S2B_MSIL2A_20210822T102559_N0500_R108_T33UVB_20230217T114217.SAFE,S2B,2021-08-22T10:25:59Z,2021-08-22,2021,T33UVB,108,N0500,2023-02-17T11:42:17Z,S2B_MSIL2A_20210822T102559_N0500_R108_T33UVB_20230217T114217.SAFE,,True,25,31,2,3,2,2,inventoried
S2A_MSIL2A_20210824T102031_N0500_R065_T33UVB_20230122T180313,L2A,S2A_MSIL2A_20210824T102031_N0500_R065_T33UVB_20230122T180313.SAFE,S2A,2021-08-24T10:20:31Z,2021-08-24,2021,T33UVB,65,N0500,2023-01-22T18:03:13Z,S2A_MSIL2A_20210824T102031_N0500_R065_T33UVB_20230122T180313.SAFE,,True,25,31,2,3,2,2,inventoried
S2A_MSIL2A_20210827T103021_N0500_R108_T33UVB_20230218T100102,L2A,S2A_MSIL2A_20210827T103021_N0500_R108_T33UVB_20230218T100102.SAFE,S2A,2021-08-27T10:30:21Z,2021-08-27,2021,T33UVB,108,N0500,2023-02-18T10:01:02Z,S2A_MSIL2A_20210827T103021_N0500_R108_T33UVB_20230218T100102.SAFE,,True,25,31,2,3,2,2,inventoried
S2B_MSIL2A_20210829T101559_N0500_R065_T33UVB_20230225T114433,L2A,S2B_MSIL2A_20210829T101559_N0500_R065_T33UVB_20230225T114433.SAFE,S2B,2021-08-29T10:15:59Z,2021-08-29,2021,T33UVB,65,N0500,2023-02-25T11:44:33Z,S2B_MSIL2A_20210829T101559_N0500_R065_T33UVB_20230225T114433.SAFE,,True,25,31,2,3,2,2,inventoried
S2B_MSIL2A_20210901T102559_N0500_R108_T33UVB_20230117T080021,L2A,S2B_MSIL2A_20210901T102559_N0500_R108_T33UVB_20230117T080021.SAFE,S2B,2021-09-01T10:25:59Z,2021-09-01,2021,T33UVB,108,N0500,2023-01-17T08:00:21Z,S2B_MSIL2A_20210901T102559_N0500_R108_T33UVB_20230117T080021.SAFE,,True,25,31,2,3,2,2,inventoried
S2A_MSIL2A_20210903T102021_N0500_R065_T33UVB_20230110T145151,L2A,S2A_MSIL2A_20210903T102021_N0500_R065_T33UVB_20230110T145151.SAFE,S2A,2021-09-03T10:20:21Z,2021-09-03,2021,T33UVB,65,N0500,2023-01-10T14:51:51Z,S2A_MSIL2A_20210903T102021_N0500_R065_T33UVB_20230110T145151.SAFE,,True,25,31,2,3,2,2,inventoried
S2A_MSIL2A_20210906T103021_N0500_R108_T33UVB_20230115T023446,L2A,S2A_MSIL2A_20210906T103021_N0500_R108_T33UVB_20230115T023446.SAFE,S2A,2021-09-06T10:30:21Z,2021-09-06,2021,T33UVB,108,N0500,2023-01-15T02:34:46Z,S2A_MSIL2A_20210906T103021_N0500_R108_T33UVB_20230115T023446.SAFE,,True,25,31,2,3,2,2,inventoried
S2B_MSIL2A_20210908T101559_N0500_R065_T33UVB_20230116T194420,L2A,S2B_MSIL2A_20210908T101559_N0500_R065_T33UVB_20230116T194420.SAFE,S2B,2021-09-08T10:15:59Z,2021-09-08,2021,T33UVB,65,N0500,2023-01-16T19:44:20Z,S2B_MSIL2A_20210908T101559_N0500_R065_T33UVB_20230116T194420.SAFE,,True,25,31,2,3,2,2,inventoried
S2B_MSIL2A_20210911T102559_N0500_R108_T33UVB_20230117T070119,L2A,S2B_MSIL2A_20210911T102559_N0500_R108_T33UVB_20230117T070119.SAFE,S2B,2021-09-11T10:25:59Z,2021-09-11,2021,T33UVB,108,N0500,2023-01-17T07:01:19Z,S2B_MSIL2A_20210911T102559_N0500_R108_T33UVB_20230117T070119.SAFE,,True,25,31,2,3,2,2,inventoried
S2A_MSIL2A_20210913T102021_N0500_R065_T33UVB_20230110T161847,L2A,S2A_MSIL2A_20210913T102021_N0500_R065_T33UVB_20230110T161847.SAFE,S2A,2021-09-13T10:20:21Z,2021-09-13,2021,T33UVB,65,N0500,2023-01-10T16:18:47Z,S2A_MSIL2A_20210913T102021_N0500_R065_T33UVB_20230110T161847.SAFE,,True,25,31,2,3,2,2,inventoried
S2A_MSIL2A_20210916T103021_N0500_R108_T33UVB_20230117T175236,L2A,S2A_MSIL2A_20210916T103021_N0500_R108_T33UVB_20230117T175236.SAFE,S2A,2021-09-16T10:30:21Z,2021-09-16,2021,T33UVB,108,N0500,2023-01-17T17:52:36Z,S2A_MSIL2A_20210916T103021_N0500_R108_T33UVB_20230117T175236.SAFE,,True,25,31,2,3,2,2,inventoried
S2B_MSIL2A_20210918T101639_N0500_R065_T33UVB_20230125T035307,L2A,S2B_MSIL2A_20210918T101639_N0500_R065_T33UVB_20230125T035307.SAFE,S2B,2021-09-18T10:16:39Z,2021-09-18,2021,T33UVB,65,N0500,2023-01-25T03:53:07Z,S2B_MSIL2A_20210918T101639_N0500_R065_T33UVB_20230125T035307.SAFE,,True,25,31,2,3,2,2,inventoried
S2B_MSIL2A_20210921T102639_N0500_R108_T33UVB_20230124T190858,L2A,S2B_MSIL2A_20210921T102639_N0500_R108_T33UVB_20230124T190858.SAFE,S2B,2021-09-21T10:26:39Z,2021-09-21,2021,T33UVB,108,N0500,2023-01-24T19:08:58Z,S2B_MSIL2A_20210921T102639_N0500_R108_T33UVB_20230124T190858.SAFE,,True,25,31,2,3,2,2,inventoried
S2A_MSIL2A_20210923T102031_N0500_R065_T33UVB_20230118T233135,L2A,S2A_MSIL2A_20210923T102031_N0500_R065_T33UVB_20230118T233135.SAFE,S2A,2021-09-23T10:20:31Z,2021-09-23,2021,T33UVB,65,N0500,2023-01-18T23:31:35Z,S2A_MSIL2A_20210923T102031_N0500_R065_T33UVB_20230118T233135.SAFE,,True,25,31,2,3,2,2,inventoried
S2A_MSIL2A_20210926T103031_N0500_R108_T33UVB_20230115T083814,L2A,S2A_MSIL2A_20210926T103031_N0500_R108_T33UVB_20230115T083814.SAFE,S2A,2021-09-26T10:30:31Z,2021-09-26,2021,T33UVB,108,N0500,2023-01-15T08:38:14Z,S2A_MSIL2A_20210926T103031_N0500_R108_T33UVB_20230115T083814.SAFE,,True,25,31,2,3,2,2,inventoried
S2B_MSIL2A_20210928T101719_N0500_R065_T33UVB_20230125T155519,L2A,S2B_MSIL2A_20210928T101719_N0500_R065_T33UVB_20230125T155519.SAFE,S2B,2021-09-28T10:17:19Z,2021-09-28,2021,T33UVB,65,N0500,2023-01-25T15:55:19Z,S2B_MSIL2A_20210928T101719_N0500_R065_T33UVB_20230125T155519.SAFE,,True,25,31,2,3,2,2,inventoried
S2B_MSIL2A_20211001T102739_N0500_R108_T33UVB_20230111T032859,L2A,S2B_MSIL2A_20211001T102739_N0500_R108_T33UVB_20230111T032859.SAFE,S2B,2021-10-01T10:27:39Z,2021-10-01,2021,T33UVB,108,N0500,2023-01-11T03:28:59Z,S2B_MSIL2A_20211001T102739_N0500_R108_T33UVB_20230111T032859.SAFE,,True,25,31,2,3,2,2,inventoried
S2A_MSIL2A_20211003T101851_N0500_R065_T33UVB_20230111T051344,L2A,S2A_MSIL2A_20211003T101851_N0500_R065_T33UVB_20230111T051344.SAFE,S2A,2021-10-03T10:18:51Z,2021-10-03,2021,T33UVB,65,N0500,2023-01-11T05:13:44Z,S2A_MSIL2A_20211003T101851_N0500_R065_T33UVB_20230111T051344.SAFE,,True,25,31,2,3,2,2,inventoried
S2A_MSIL2A_20211006T102921_N0500_R108_T33UVB_20230107T140904,L2A,S2A_MSIL2A_20211006T102921_N0500_R108_T33UVB_20230107T140904.SAFE,S2A,2021-10-06T10:29:21Z,2021-10-06,2021,T33UVB,108,N0500,2023-01-07T14:09:04Z,S2A_MSIL2A_20211006T102921_N0500_R108_T33UVB_20230107T140904.SAFE,,True,25,31,2,3,2,2,inventoried
S2B_MSIL2A_20211008T101829_N0500_R065_T33UVB_20230112T124637,L2A,S2B_MSIL2A_20211008T101829_N0500_R065_T33UVB_20230112T124637.SAFE,S2B,2021-10-08T10:18:29Z,2021-10-08,2021,T33UVB,65,N0500,2023-01-12T12:46:37Z,S2B_MSIL2A_20211008T101829_N0500_R065_T33UVB_20230112T124637.SAFE,,True,25,31,2,3,2,2,inventoried
S2B_MSIL2A_20211011T102849_N0500_R108_T33UVB_20230115T012431,L2A,S2B_MSIL2A_20211011T102849_N0500_R108_T33UVB_20230115T012431.SAFE,S2B,2021-10-11T10:28:49Z,2021-10-11,2021,T33UVB,108,N0500,2023-01-15T01:24:31Z,S2B_MSIL2A_20211011T102849_N0500_R108_T33UVB_20230115T012431.SAFE,,True,25,31,2,3,2,2,inventoried
S2A_MSIL2A_20211013T101951_N0500_R065_T33UVB_20230103T232458,L2A,S2A_MSIL2A_20211013T101951_N0500_R065_T33UVB_20230103T232458.SAFE,S2A,2021-10-13T10:19:51Z,2021-10-13,2021,T33UVB,65,N0500,2023-01-03T23:24:58Z,S2A_MSIL2A_20211013T101951_N0500_R065_T33UVB_20230103T232458.SAFE,,True,25,31,2,3,2,2,inventoried
S2A_MSIL2A_20211016T103031_N0500_R108_T33UVB_20230107T181945,L2A,S2A_MSIL2A_20211016T103031_N0500_R108_T33UVB_20230107T181945.SAFE,S2A,2021-10-16T10:30:31Z,2021-10-16,2021,T33UVB,108,N0500,2023-01-07T18:19:45Z,S2A_MSIL2A_20211016T103031_N0500_R108_T33UVB_20230107T181945.SAFE,,True,25,31,2,3,2,2,inventoried
S2B_MSIL2A_20211018T101939_N0500_R065_T33UVB_20230111T001402,L2A,S2B_MSIL2A_20211018T101939_N0500_R065_T33UVB_20230111T001402.SAFE,S2B,2021-10-18T10:19:39Z,2021-10-18,2021,T33UVB,65,N0500,2023-01-11T00:14:02Z,S2B_MSIL2A_20211018T101939_N0500_R065_T33UVB_20230111T001402.SAFE,,True,25,31,2,3,2,2,inventoried
S2B_MSIL2A_20211021T102959_N0500_R108_T33UVB_20230109T071237,L2A,S2B_MSIL2A_20211021T102959_N0500_R108_T33UVB_20230109T071237.SAFE,S2B,2021-10-21T10:29:59Z,2021-10-21,2021,T33UVB,108,N0500,2023-01-09T07:12:37Z,S2B_MSIL2A_20211021T102959_N0500_R108_T33UVB_20230109T071237.SAFE,,True,25,31,2,3,2,2,inventoried
S2A_MSIL2A_20211023T102101_N0500_R065_T33UVB_20230104T230242,L2A,S2A_MSIL2A_20211023T102101_N0500_R065_T33UVB_20230104T230242.SAFE,S2A,2021-10-23T10:21:01Z,2021-10-23,2021,T33UVB,65,N0500,2023-01-04T23:02:42Z,S2A_MSIL2A_20211023T102101_N0500_R065_T33UVB_20230104T230242.SAFE,,True,25,31,2,3,2,2,inventoried
S2A_MSIL2A_20211026T103131_N0500_R108_T33UVB_20230118T034643,L2A,S2A_MSIL2A_20211026T103131_N0500_R108_T33UVB_20230118T034643.SAFE,S2A,2021-10-26T10:31:31Z,2021-10-26,2021,T33UVB,108,N0500,2023-01-18T03:46:43Z,S2A_MSIL2A_20211026T103131_N0500_R108_T33UVB_20230118T034643.SAFE,,True,25,31,2,3,2,2,inventoried
S2B_MSIL2A_20211028T102039_N0500_R065_T33UVB_20230108T010406,L2A,S2B_MSIL2A_20211028T102039_N0500_R065_T33UVB_20230108T010406.SAFE,S2B,2021-10-28T10:20:39Z,2021-10-28,2021,T33UVB,65,N0500,2023-01-08T01:04:06Z,S2B_MSIL2A_20211028T102039_N0500_R065_T33UVB_20230108T010406.SAFE,,True,25,31,2,3,2,2,inventoried
S2B_MSIL2A_20211031T103059_N0500_R108_T33UVB_20230107T145040,L2A,S2B_MSIL2A_20211031T103059_N0500_R108_T33UVB_20230107T145040.SAFE,S2B,2021-10-31T10:30:59Z,2021-10-31,2021,T33UVB,108,N0500,2023-01-07T14:50:40Z,S2B_MSIL2A_20211031T103059_N0500_R108_T33UVB_20230107T145040.SAFE,,True,25,31,2,3,2,2,inventoried
S2B_MSIL2A_20211031T103059_N0500_R108_T33UVB_20230309T032819,L2A,S2B_MSIL2A_20211031T103059_N0500_R108_T33UVB_20230309T032819.SAFE,S2B,2021-10-31T10:30:59Z,2021-10-31,2021,T33UVB,108,N0500,2023-03-09T03:28:19Z,S2B_MSIL2A_20211031T103059_N0500_R108_T33UVB_20230309T032819.SAFE,,True,25,31,2,3,2,2,inventoried
S2A_MSIL2A_20211102T102201_N0500_R065_T33UVB_20230112T180408,L2A,S2A_MSIL2A_20211102T102201_N0500_R065_T33UVB_20230112T180408.SAFE,S2A,2021-11-02T10:22:01Z,2021-11-02,2021,T33UVB,65,N0500,2023-01-12T18:04:08Z,S2A_MSIL2A_20211102T102201_N0500_R065_T33UVB_20230112T180408.SAFE,,True,25,31,2,3,2,2,inventoried
S2A_MSIL2A_20211105T103221_N0500_R108_T33UVB_20230101T023531,L2A,S2A_MSIL2A_20211105T103221_N0500_R108_T33UVB_20230101T023531.SAFE,S2A,2021-11-05T10:32:21Z,2021-11-05,2021,T33UVB,108,N0500,2023-01-01T02:35:31Z,S2A_MSIL2A_20211105T103221_N0500_R108_T33UVB_20230101T023531.SAFE,,True,25,31,2,3,2,2,inventoried
S2B_MSIL2A_20211107T102129_N0500_R065_T33UVB_20230103T160522,L2A,S2B_MSIL2A_20211107T102129_N0500_R065_T33UVB_20230103T160522.SAFE,S2B,2021-11-07T10:21:29Z,2021-11-07,2021,T33UVB,65,N0500,2023-01-03T16:05:22Z,S2B_MSIL2A_20211107T102129_N0500_R065_T33UVB_20230103T160522.SAFE,,True,25,31,2,3,2,2,inventoried
S2B_MSIL2A_20211110T103149_N0500_R108_T33UVB_20221231T155106,L2A,S2B_MSIL2A_20211110T103149_N0500_R108_T33UVB_20221231T155106.SAFE,S2B,2021-11-10T10:31:49Z,2021-11-10,2021,T33UVB,108,N0500,2022-12-31T15:51:06Z,S2B_MSIL2A_20211110T103149_N0500_R108_T33UVB_20221231T155106.SAFE,,True,25,31,2,3,2,2,inventoried
S2A_MSIL2A_20211112T102251_N0500_R065_T33UVB_20221230T021605,L2A,S2A_MSIL2A_20211112T102251_N0500_R065_T33UVB_20221230T021605.SAFE,S2A,2021-11-12T10:22:51Z,2021-11-12,2021,T33UVB,65,N0500,2022-12-30T02:16:05Z,S2A_MSIL2A_20211112T102251_N0500_R065_T33UVB_20221230T021605.SAFE,,True,25,31,2,3,2,2,inventoried
S2A_MSIL2A_20211115T103311_N0500_R108_T33UVB_20230106T002358,L2A,S2A_MSIL2A_20211115T103311_N0500_R108_T33UVB_20230106T002358.SAFE,S2A,2021-11-15T10:33:11Z,2021-11-15,2021,T33UVB,108,N0500,2023-01-06T00:23:58Z,S2A_MSIL2A_20211115T103311_N0500_R108_T33UVB_20230106T002358.SAFE,,True,25,31,2,3,2,2,inventoried
S2B_MSIL2A_20211117T102219_N0500_R065_T33UVB_20230105T065954,L2A,S2B_MSIL2A_20211117T102219_N0500_R065_T33UVB_20230105T065954.SAFE,S2B,2021-11-17T10:22:19Z,2021-11-17,2021,T33UVB,65,N0500,2023-01-05T06:59:54Z,S2B_MSIL2A_20211117T102219_N0500_R065_T33UVB_20230105T065954.SAFE,,True,25,31,2,3,2,2,inventoried
S2B_MSIL2A_20211120T103239_N0500_R108_T33UVB_20230103T192810,L2A,S2B_MSIL2A_20211120T103239_N0500_R108_T33UVB_20230103T192810.SAFE,S2B,2021-11-20T10:32:39Z,2021-11-20,2021,T33UVB,108,N0500,2023-01-03T19:28:10Z,S2B_MSIL2A_20211120T103239_N0500_R108_T33UVB_20230103T192810.SAFE,,True,25,31,2,3,2,2,inventoried
S2A_MSIL2A_20211122T102331_N0500_R065_T33UVB_20221231T210733,L2A,S2A_MSIL2A_20211122T102331_N0500_R065_T33UVB_20221231T210733.SAFE,S2A,2021-11-22T10:23:31Z,2021-11-22,2021,T33UVB,65,N0500,2022-12-31T21:07:33Z,S2A_MSIL2A_20211122T102331_N0500_R065_T33UVB_20221231T210733.SAFE,,True,25,31,2,3,2,2,inventoried
S2A_MSIL2A_20211125T103351_N0500_R108_T33UVB_20230104T190506,L2A,S2A_MSIL2A_20211125T103351_N0500_R108_T33UVB_20230104T190506.SAFE,S2A,2021-11-25T10:33:51Z,2021-11-25,2021,T33UVB,108,N0500,2023-01-04T19:05:06Z,S2A_MSIL2A_20211125T103351_N0500_R108_T33UVB_20230104T190506.SAFE,,True,25,31,2,3,2,2,inventoried
S2B_MSIL2A_20211127T102259_N0500_R065_T33UVB_20230106T092718,L2A,S2B_MSIL2A_20211127T102259_N0500_R065_T33UVB_20230106T092718.SAFE,S2B,2021-11-27T10:22:59Z,2021-11-27,2021,T33UVB,65,N0500,2023-01-06T09:27:18Z,S2B_MSIL2A_20211127T102259_N0500_R065_T33UVB_20230106T092718.SAFE,,True,25,31,2,3,2,2,inventoried
S2B_MSIL2A_20211130T103309_N0500_R108_T33UVB_20230104T202510,L2A,S2B_MSIL2A_20211130T103309_N0500_R108_T33UVB_20230104T202510.SAFE,S2B,2021-11-30T10:33:09Z,2021-11-30,2021,T33UVB,108,N0500,2023-01-04T20:25:10Z,S2B_MSIL2A_20211130T103309_N0500_R108_T33UVB_20230104T202510.SAFE,,True,25,31,2,3,2,2,inventoried
S2A_MSIL2A_20211202T102401_N0500_R065_T33UVB_20221224T045420,L2A,S2A_MSIL2A_20211202T102401_N0500_R065_T33UVB_20221224T045420.SAFE,S2A,2021-12-02T10:24:01Z,2021-12-02,2021,T33UVB,65,N0500,2022-12-24T04:54:20Z,S2A_MSIL2A_20211202T102401_N0500_R065_T33UVB_20221224T045420.SAFE,,True,25,31,2,3,2,2,inventoried
S2A_MSIL2A_20211205T103421_N0500_R108_T33UVB_20221227T002129,L2A,S2A_MSIL2A_20211205T103421_N0500_R108_T33UVB_20221227T002129.SAFE,S2A,2021-12-05T10:34:21Z,2021-12-05,2021,T33UVB,108,N0500,2022-12-27T00:21:29Z,S2A_MSIL2A_20211205T103421_N0500_R108_T33UVB_20221227T002129.SAFE,,True,25,31,2,3,2,2,inventoried
S2B_MSIL2A_20211207T102319_N0500_R065_T33UVB_20221228T082658,L2A,S2B_MSIL2A_20211207T102319_N0500_R065_T33UVB_20221228T082658.SAFE,S2B,2021-12-07T10:23:19Z,2021-12-07,2021,T33UVB,65,N0500,2022-12-28T08:26:58Z,S2B_MSIL2A_20211207T102319_N0500_R065_T33UVB_20221228T082658.SAFE,,True,25,31,2,3,2,2,inventoried
S2B_MSIL2A_20211210T103329_N0500_R108_T33UVB_20221229T174901,L2A,S2B_MSIL2A_20211210T103329_N0500_R108_T33UVB_20221229T174901.SAFE,S2B,2021-12-10T10:33:29Z,2021-12-10,2021,T33UVB,108,N0500,2022-12-29T17:49:01Z,S2B_MSIL2A_20211210T103329_N0500_R108_T33UVB_20221229T174901.SAFE,,True,25,31,2,3,2,2,inventoried
S2A_MSIL2A_20211212T102431_N0500_R065_T33UVB_20221224T052549,L2A,S2A_MSIL2A_20211212T102431_N0500_R065_T33UVB_20221224T052549.SAFE,S2A,2021-12-12T10:24:31Z,2021-12-12,2021,T33UVB,65,N0500,2022-12-24T05:25:49Z,S2A_MSIL2A_20211212T102431_N0500_R065_T33UVB_20221224T052549.SAFE,,True,25,31,2,3,2,2,inventoried
S2A_MSIL2A_20211215T103441_N0500_R108_T33UVB_20221226T144500,L2A,S2A_MSIL2A_20211215T103441_N0500_R108_T33UVB_20221226T144500.SAFE,S2A,2021-12-15T10:34:41Z,2021-12-15,2021,T33UVB,108,N0500,2022-12-26T14:45:00Z,S2A_MSIL2A_20211215T103441_N0500_R108_T33UVB_20221226T144500.SAFE,,True,25,31,2,3,2,2,inventoried
S2B_MSIL2A_20211217T102329_N0500_R065_T33UVB_20221228T160151,L2A,S2B_MSIL2A_20211217T102329_N0500_R065_T33UVB_20221228T160151.SAFE,S2B,2021-12-17T10:23:29Z,2021-12-17,2021,T33UVB,65,N0500,2022-12-28T16:01:51Z,S2B_MSIL2A_20211217T102329_N0500_R065_T33UVB_20221228T160151.SAFE,,True,25,31,2,3,2,2,inventoried
S2B_MSIL2A_20211220T103339_N0500_R108_T33UVB_20221226T043951,L2A,S2B_MSIL2A_20211220T103339_N0500_R108_T33UVB_20221226T043951.SAFE,S2B,2021-12-20T10:33:39Z,2021-12-20,2021,T33UVB,108,N0500,2022-12-26T04:39:51Z,S2B_MSIL2A_20211220T103339_N0500_R108_T33UVB_20221226T043951.SAFE,,True,25,31,2,3,2,2,inventoried
S2A_MSIL2A_20211222T102441_N0500_R065_T33UVB_20221225T021403,L2A,S2A_MSIL2A_20211222T102441_N0500_R065_T33UVB_20221225T021403.SAFE,S2A,2021-12-22T10:24:41Z,2021-12-22,2021,T33UVB,65,N0500,2022-12-25T02:14:03Z,S2A_MSIL2A_20211222T102441_N0500_R065_T33UVB_20221225T021403.SAFE,,True,25,31,2,3,2,2,inventoried
S2A_MSIL2A_20211225T103441_N0500_R108_T33UVB_20221228T125600,L2A,S2A_MSIL2A_20211225T103441_N0500_R108_T33UVB_20221228T125600.SAFE,S2A,2021-12-25T10:34:41Z,2021-12-25,2021,T33UVB,108,N0500,2022-12-28T12:56:00Z,S2A_MSIL2A_20211225T103441_N0500_R108_T33UVB_20221228T125600.SAFE,,True,25,31,2,3,2,2,inventoried
S2B_MSIL2A_20211227T102339_N0500_R065_T33UVB_20221225T222608,L2A,S2B_MSIL2A_20211227T102339_N0500_R065_T33UVB_20221225T222608.SAFE,S2B,2021-12-27T10:23:39Z,2021-12-27,2021,T33UVB,65,N0500,2022-12-25T22:26:08Z,S2B_MSIL2A_20211227T102339_N0500_R065_T33UVB_20221225T222608.SAFE,,True,25,31,2,3,2,2,inventoried
S2B_MSIL2A_20211230T103339_N0500_R108_T33UVB_20221228T202405,L2A,S2B_MSIL2A_20211230T103339_N0500_R108_T33UVB_20221228T202405.SAFE,S2B,2021-12-30T10:33:39Z,2021-12-30,2021,T33UVB,108,N0500,2022-12-28T20:24:05Z,S2B_MSIL2A_20211230T103339_N0500_R108_T33UVB_20221228T202405.SAFE,,True,25,31,2,3,2,2,inventoried
S2A_MSIL2A_20220101T102431_N0510_R065_T33UVB_20240420T154154,L2A,S2A_MSIL2A_20220101T102431_N0510_R065_T33UVB_20240420T154154.SAFE,S2A,2022-01-01T10:24:31Z,2022-01-01,2022,T33UVB,65,N0510,2024-04-20T15:41:54Z,S2A_MSIL2A_20220101T102431_N0510_R065_T33UVB_20240420T154154.SAFE,,True,25,31,2,3,2,2,inventoried
S2A_MSIL2A_20220104T103431_N0510_R108_T33UVB_20240423T125553,L2A,S2A_MSIL2A_20220104T103431_N0510_R108_T33UVB_20240423T125553.SAFE,S2A,2022-01-04T10:34:31Z,2022-01-04,2022,T33UVB,108,N0510,2024-04-23T12:55:53Z,S2A_MSIL2A_20220104T103431_N0510_R108_T33UVB_20240423T125553.SAFE,,True,25,31,2,3,2,2,inventoried
S2B_MSIL2A_20220106T102319_N0510_R065_T33UVB_20240424T224321,L2A,S2B_MSIL2A_20220106T102319_N0510_R065_T33UVB_20240424T224321.SAFE,S2B,2022-01-06T10:23:19Z,2022-01-06,2022,T33UVB,65,N0510,2024-04-24T22:43:21Z,S2B_MSIL2A_20220106T102319_N0510_R065_T33UVB_20240424T224321.SAFE,,True,25,31,2,3,2,2,inventoried
S2B_MSIL2A_20220109T103319_N0510_R108_T33UVB_20240426T172724,L2A,S2B_MSIL2A_20220109T103319_N0510_R108_T33UVB_20240426T172724.SAFE,S2B,2022-01-09T10:33:19Z,2022-01-09,2022,T33UVB,108,N0510,2024-04-26T17:27:24Z,S2B_MSIL2A_20220109T103319_N0510_R108_T33UVB_20240426T172724.SAFE,,True,25,31,2,3,2,2,inventoried
S2A_MSIL2A_20220111T102411_N0510_R065_T33UVB_20240427T153657,L2A,S2A_MSIL2A_20220111T102411_N0510_R065_T33UVB_20240427T153657.SAFE,S2A,2022-01-11T10:24:11Z,2022-01-11,2022,T33UVB,65,N0510,2024-04-27T15:36:57Z,S2A_MSIL2A_20220111T102411_N0510_R065_T33UVB_20240427T153657.SAFE,,True,25,31,2,3,2,2,inventoried
S2A_MSIL2A_20220114T103401_N0510_R108_T33UVB_20240429T232315,L2A,S2A_MSIL2A_20220114T103401_N0510_R108_T33UVB_20240429T232315.SAFE,S2A,2022-01-14T10:34:01Z,2022-01-14,2022,T33UVB,108,N0510,2024-04-29T23:23:15Z,S2A_MSIL2A_20220114T103401_N0510_R108_T33UVB_20240429T232315.SAFE,,True,25,31,2,3,2,2,inventoried
S2B_MSIL2A_20220116T102249_N0510_R065_T33UVB_20240430T172320,L2A,S2B_MSIL2A_20220116T102249_N0510_R065_T33UVB_20240430T172320.SAFE,S2B,2022-01-16T10:22:49Z,2022-01-16,2022,T33UVB,65,N0510,2024-04-30T17:23:20Z,S2B_MSIL2A_20220116T102249_N0510_R065_T33UVB_20240430T172320.SAFE,,True,25,31,2,3,2,2,inventoried
S2B_MSIL2A_20220119T103249_N0510_R108_T33UVB_20240502T202503,L2A,S2B_MSIL2A_20220119T103249_N0510_R108_T33UVB_20240502T202503.SAFE,S2B,2022-01-19T10:32:49Z,2022-01-19,2022,T33UVB,108,N0510,2024-05-02T20:25:03Z,S2B_MSIL2A_20220119T103249_N0510_R108_T33UVB_20240502T202503.SAFE,,True,25,31,2,3,2,2,inventoried
S2A_MSIL2A_20220121T102331_N0510_R065_T33UVB_20240503T172619,L2A,S2A_MSIL2A_20220121T102331_N0510_R065_T33UVB_20240503T172619.SAFE,S2A,2022-01-21T10:23:31Z,2022-01-21,2022,T33UVB,65,N0510,2024-05-03T17:26:19Z,S2A_MSIL2A_20220121T102331_N0510_R065_T33UVB_20240503T172619.SAFE,,True,25,31,2,3,2,2,inventoried
S2A_MSIL2A_20220124T103331_N0510_R108_T33UVB_20240505T134451,L2A,S2A_MSIL2A_20220124T103331_N0510_R108_T33UVB_20240505T134451.SAFE,S2A,2022-01-24T10:33:31Z,2022-01-24,2022,T33UVB,108,N0510,2024-05-05T13:44:51Z,S2A_MSIL2A_20220124T103331_N0510_R108_T33UVB_20240505T134451.SAFE,,True,25,31,2,3,2,2,inventoried
S2B_MSIL2A_20220126T102209_N0510_R065_T33UVB_20240506T092711,L2A,S2B_MSIL2A_20220126T102209_N0510_R065_T33UVB_20240506T092711.SAFE,S2B,2022-01-26T10:22:09Z,2022-01-26,2022,T33UVB,65,N0510,2024-05-06T09:27:11Z,S2B_MSIL2A_20220126T102209_N0510_R065_T33UVB_20240506T092711.SAFE,,True,25,31,2,3,2,2,inventoried
S2B_MSIL2A_20220129T103159_N0510_R108_T33UVB_20240508T010854,L2A,S2B_MSIL2A_20220129T103159_N0510_R108_T33UVB_20240508T010854.SAFE,S2B,2022-01-29T10:31:59Z,2022-01-29,2022,T33UVB,108,N0510,2024-05-08T01:08:54Z,S2B_MSIL2A_20220129T103159_N0510_R108_T33UVB_20240508T010854.SAFE,,True,25,31,2,3,2,2,inventoried
S2A_MSIL2A_20220131T102251_N0510_R065_T33UVB_20240508T224610,L2A,S2A_MSIL2A_20220131T102251_N0510_R065_T33UVB_20240508T224610.SAFE,S2A,2022-01-31T10:22:51Z,2022-01-31,2022,T33UVB,65,N0510,2024-05-08T22:46:10Z,S2A_MSIL2A_20220131T102251_N0510_R065_T33UVB_20240508T224610.SAFE,,True,25,31,2,3,2,2,inventoried
S2A_MSIL2A_20220203T103231_N0510_R108_T33UVB_20240510T014203,L2A,S2A_MSIL2A_20220203T103231_N0510_R108_T33UVB_20240510T014203.SAFE,S2A,2022-02-03T10:32:31Z,2022-02-03,2022,T33UVB,108,N0510,2024-05-10T01:42:03Z,S2A_MSIL2A_20220203T103231_N0510_R108_T33UVB_20240510T014203.SAFE,,True,25,31,2,3,2,2,inventoried
S2B_MSIL2A_20220205T102119_N0510_R065_T33UVB_20240510T121405,L2A,S2B_MSIL2A_20220205T102119_N0510_R065_T33UVB_20240510T121405.SAFE,S2B,2022-02-05T10:21:19Z,2022-02-05,2022,T33UVB,65,N0510,2024-05-10T12:14:05Z,S2B_MSIL2A_20220205T102119_N0510_R065_T33UVB_20240510T121405.SAFE,,True,25,31,2,3,2,2,inventoried
S2B_MSIL2A_20220208T103109_N0510_R108_T33UVB_20240512T201802,L2A,S2B_MSIL2A_20220208T103109_N0510_R108_T33UVB_20240512T201802.SAFE,S2B,2022-02-08T10:31:09Z,2022-02-08,2022,T33UVB,108,N0510,2024-05-12T20:18:02Z,S2B_MSIL2A_20220208T103109_N0510_R108_T33UVB_20240512T201802.SAFE,,True,25,31,2,3,2,2,inventoried
S2A_MSIL2A_20220210T102151_N0510_R065_T33UVB_20240513T083547,L2A,S2A_MSIL2A_20220210T102151_N0510_R065_T33UVB_20240513T083547.SAFE,S2A,2022-02-10T10:21:51Z,2022-02-10,2022,T33UVB,65,N0510,2024-05-13T08:35:47Z,S2A_MSIL2A_20220210T102151_N0510_R065_T33UVB_20240513T083547.SAFE,,True,25,31,2,3,2,2,inventoried
S2A_MSIL2A_20220213T103131_N0510_R108_T33UVB_20240521T123924,L2A,S2A_MSIL2A_20220213T103131_N0510_R108_T33UVB_20240521T123924.SAFE,S2A,2022-02-13T10:31:31Z,2022-02-13,2022,T33UVB,108,N0510,2024-05-21T12:39:24Z,S2A_MSIL2A_20220213T103131_N0510_R108_T33UVB_20240521T123924.SAFE,,True,25,31,2,3,2,2,inventoried
S2B_MSIL2A_20220215T102019_N0510_R065_T33UVB_20240515T094455,L2A,S2B_MSIL2A_20220215T102019_N0510_R065_T33UVB_20240515T094455.SAFE,S2B,2022-02-15T10:20:19Z,2022-02-15,2022,T33UVB,65,N0510,2024-05-15T09:44:55Z,S2B_MSIL2A_20220215T102019_N0510_R065_T33UVB_20240515T094455.SAFE,,True,25,31,2,3,2,2,inventoried
S2B_MSIL2A_20220218T102949_N0510_R108_T33UVB_20240516T043844,L2A,S2B_MSIL2A_20220218T102949_N0510_R108_T33UVB_20240516T043844.SAFE,S2B,2022-02-18T10:29:49Z,2022-02-18,2022,T33UVB,108,N0510,2024-05-16T04:38:44Z,S2B_MSIL2A_20220218T102949_N0510_R108_T33UVB_20240516T043844.SAFE,,True,25,31,2,3,2,2,inventoried
S2A_MSIL2A_20220220T102051_N0510_R065_T33UVB_20240516T171244,L2A,S2A_MSIL2A_20220220T102051_N0510_R065_T33UVB_20240516T171244.SAFE,S2A,2022-02-20T10:20:51Z,2022-02-20,2022,T33UVB,65,N0510,2024-05-16T17:12:44Z,S2A_MSIL2A_20220220T102051_N0510_R065_T33UVB_20240516T171244.SAFE,,True,25,31,2,3,2,2,inventoried
S2A_MSIL2A_20220223T103031_N0510_R108_T33UVB_20240517T142051,L2A,S2A_MSIL2A_20220223T103031_N0510_R108_T33UVB_20240517T142051.SAFE,S2A,2022-02-23T10:30:31Z,2022-02-23,2022,T33UVB,108,N0510,2024-05-17T14:20:51Z,S2A_MSIL2A_20220223T103031_N0510_R108_T33UVB_20240517T142051.SAFE,,True,25,31,2,3,2,2,inventoried
S2B_MSIL2A_20220225T101909_N0510_R065_T33UVB_20240530T024453,L2A,S2B_MSIL2A_20220225T101909_N0510_R065_T33UVB_20240530T024453.SAFE,S2B,2022-02-25T10:19:09Z,2022-02-25,2022,T33UVB,65,N0510,2024-05-30T02:44:53Z,S2B_MSIL2A_20220225T101909_N0510_R065_T33UVB_20240530T024453.SAFE,,True,25,31,2,3,2,2,inventoried
S2B_MSIL2A_20220228T102849_N0510_R108_T33UVB_20240524T073500,L2A,S2B_MSIL2A_20220228T102849_N0510_R108_T33UVB_20240524T073500.SAFE,S2B,2022-02-28T10:28:49Z,2022-02-28,2022,T33UVB,108,N0510,2024-05-24T07:35:00Z,S2B_MSIL2A_20220228T102849_N0510_R108_T33UVB_20240524T073500.SAFE,,True,25,31,2,3,2,2,inventoried
S2A_MSIL2A_20220302T101941_N0510_R065_T33UVB_20240522T085339,L2A,S2A_MSIL2A_20220302T101941_N0510_R065_T33UVB_20240522T085339.SAFE,S2A,2022-03-02T10:19:41Z,2022-03-02,2022,T33UVB,65,N0510,2024-05-22T08:53:39Z,S2A_MSIL2A_20220302T101941_N0510_R065_T33UVB_20240522T085339.SAFE,,True,25,31,2,3,2,2,inventoried
S2A_MSIL2A_20220305T102921_N0510_R108_T33UVB_20240522T152538,L2A,S2A_MSIL2A_20220305T102921_N0510_R108_T33UVB_20240522T152538.SAFE,S2A,2022-03-05T10:29:21Z,2022-03-05,2022,T33UVB,108,N0510,2024-05-22T15:25:38Z,S2A_MSIL2A_20220305T102921_N0510_R108_T33UVB_20240522T152538.SAFE,,True,25,31,2,3,2,2,inventoried
S2B_MSIL2A_20220307T101759_N0510_R065_T33UVB_20240526T161410,L2A,S2B_MSIL2A_20220307T101759_N0510_R065_T33UVB_20240526T161410.SAFE,S2B,2022-03-07T10:17:59Z,2022-03-07,2022,T33UVB,65,N0510,2024-05-26T16:14:10Z,S2B_MSIL2A_20220307T101759_N0510_R065_T33UVB_20240526T161410.SAFE,,True,25,31,2,3,2,2,inventoried
S2B_MSIL2A_20220310T102739_N0510_R108_T33UVB_20240522T222225,L2A,S2B_MSIL2A_20220310T102739_N0510_R108_T33UVB_20240522T222225.SAFE,S2B,2022-03-10T10:27:39Z,2022-03-10,2022,T33UVB,108,N0510,2024-05-22T22:22:25Z,S2B_MSIL2A_20220310T102739_N0510_R108_T33UVB_20240522T222225.SAFE,,True,25,31,2,3,2,2,inventoried
S2A_MSIL2A_20220312T101831_N0510_R065_T33UVB_20240601T135013,L2A,S2A_MSIL2A_20220312T101831_N0510_R065_T33UVB_20240601T135013.SAFE,S2A,2022-03-12T10:18:31Z,2022-03-12,2022,T33UVB,65,N0510,2024-06-01T13:50:13Z,S2A_MSIL2A_20220312T101831_N0510_R065_T33UVB_20240601T135013.SAFE,,True,25,31,2,3,2,2,inventoried
S2A_MSIL2A_20220315T102811_N0510_R108_T33UVB_20240525T210344,L2A,S2A_MSIL2A_20220315T102811_N0510_R108_T33UVB_20240525T210344.SAFE,S2A,2022-03-15T10:28:11Z,2022-03-15,2022,T33UVB,108,N0510,2024-05-25T21:03:44Z,S2A_MSIL2A_20220315T102811_N0510_R108_T33UVB_20240525T210344.SAFE,,True,25,31,2,3,2,2,inventoried
S2B_MSIL2A_20220317T101649_N0510_R065_T33UVB_20240522T013605,L2A,S2B_MSIL2A_20220317T101649_N0510_R065_T33UVB_20240522T013605.SAFE,S2B,2022-03-17T10:16:49Z,2022-03-17,2022,T33UVB,65,N0510,2024-05-22T01:36:05Z,S2B_MSIL2A_20220317T101649_N0510_R065_T33UVB_20240522T013605.SAFE,,True,25,31,2,3,2,2,inventoried
S2B_MSIL2A_20220320T102639_N0510_R108_T33UVB_20240525T215800,L2A,S2B_MSIL2A_20220320T102639_N0510_R108_T33UVB_20240525T215800.SAFE,S2B,2022-03-20T10:26:39Z,2022-03-20,2022,T33UVB,108,N0510,2024-05-25T21:58:00Z,S2B_MSIL2A_20220320T102639_N0510_R108_T33UVB_20240525T215800.SAFE,,True,25,31,2,3,2,2,inventoried
S2A_MSIL2A_20220322T101711_N0510_R065_T33UVB_20240530T143229,L2A,S2A_MSIL2A_20220322T101711_N0510_R065_T33UVB_20240530T143229.SAFE,S2A,2022-03-22T10:17:11Z,2022-03-22,2022,T33UVB,65,N0510,2024-05-30T14:32:29Z,S2A_MSIL2A_20220322T101711_N0510_R065_T33UVB_20240530T143229.SAFE,,True,25,31,2,3,2,2,inventoried
S2A_MSIL2A_20220325T102651_N0510_R108_T33UVB_20240531T165538,L2A,S2A_MSIL2A_20220325T102651_N0510_R108_T33UVB_20240531T165538.SAFE,S2A,2022-03-25T10:26:51Z,2022-03-25,2022,T33UVB,108,N0510,2024-05-31T16:55:38Z,S2A_MSIL2A_20220325T102651_N0510_R108_T33UVB_20240531T165538.SAFE,,True,25,31,2,3,2,2,inventoried
S2B_MSIL2A_20220327T101629_N0510_R065_T33UVB_20240523T120521,L2A,S2B_MSIL2A_20220327T101629_N0510_R065_T33UVB_20240523T120521.SAFE,S2B,2022-03-27T10:16:29Z,2022-03-27,2022,T33UVB,65,N0510,2024-05-23T12:05:21Z,S2B_MSIL2A_20220327T101629_N0510_R065_T33UVB_20240523T120521.SAFE,,True,25,31,2,3,2,2,inventoried
S2B_MSIL2A_20220330T102619_N0510_R108_T33UVB_20240522T115544,L2A,S2B_MSIL2A_20220330T102619_N0510_R108_T33UVB_20240522T115544.SAFE,S2B,2022-03-30T10:26:19Z,2022-03-30,2022,T33UVB,108,N0510,2024-05-22T11:55:44Z,S2B_MSIL2A_20220330T102619_N0510_R108_T33UVB_20240522T115544.SAFE,,True,25,31,2,3,2,2,inventoried
S2A_MSIL2A_20220401T101601_N0510_R065_T33UVB_20240603T003757,L2A,S2A_MSIL2A_20220401T101601_N0510_R065_T33UVB_20240603T003757.SAFE,S2A,2022-04-01T10:16:01Z,2022-04-01,2022,T33UVB,65,N0510,2024-06-03T00:37:57Z,S2A_MSIL2A_20220401T101601_N0510_R065_T33UVB_20240603T003757.SAFE,,True,25,31,2,3,2,2,inventoried
S2A_MSIL2A_20220404T102601_N0510_R108_T33UVB_20240522T005740,L2A,S2A_MSIL2A_20220404T102601_N0510_R108_T33UVB_20240522T005740.SAFE,S2A,2022-04-04T10:26:01Z,2022-04-04,2022,T33UVB,108,N0510,2024-05-22T00:57:40Z,S2A_MSIL2A_20220404T102601_N0510_R108_T33UVB_20240522T005740.SAFE,,True,25,31,2,3,2,2,inventoried
S2B_MSIL2A_20220406T101559_N0510_R065_T33UVB_20240526T125921,L2A,S2B_MSIL2A_20220406T101559_N0510_R065_T33UVB_20240526T125921.SAFE,S2B,2022-04-06T10:15:59Z,2022-04-06,2022,T33UVB,65,N0510,2024-05-26T12:59:21Z,S2B_MSIL2A_20220406T101559_N0510_R065_T33UVB_20240526T125921.SAFE,,True,25,31,2,3,2,2,inventoried
S2B_MSIL2A_20220409T102559_N0510_R108_T33UVB_20240527T215804,L2A,S2B_MSIL2A_20220409T102559_N0510_R108_T33UVB_20240527T215804.SAFE,S2B,2022-04-09T10:25:59Z,2022-04-09,2022,T33UVB,108,N0510,2024-05-27T21:58:04Z,S2B_MSIL2A_20220409T102559_N0510_R108_T33UVB_20240527T215804.SAFE,,True,25,31,2,3,2,2,inventoried
S2A_MSIL2A_20220411T101601_N0510_R065_T33UVB_20240524T081910,L2A,S2A_MSIL2A_20220411T101601_N0510_R065_T33UVB_20240524T081910.SAFE,S2A,2022-04-11T10:16:01Z,2022-04-11,2022,T33UVB,65,N0510,2024-05-24T08:19:10Z,S2A_MSIL2A_20220411T101601_N0510_R065_T33UVB_20240524T081910.SAFE,,True,25,31,2,3,2,2,inventoried
S2A_MSIL2A_20220414T102601_N0510_R108_T33UVB_20240521T142109,L2A,S2A_MSIL2A_20220414T102601_N0510_R108_T33UVB_20240521T142109.SAFE,S2A,2022-04-14T10:26:01Z,2022-04-14,2022,T33UVB,108,N0510,2024-05-21T14:21:09Z,S2A_MSIL2A_20220414T102601_N0510_R108_T33UVB_20240521T142109.SAFE,,True,25,31,2,3,2,2,inventoried
S2B_MSIL2A_20220416T101559_N0510_R065_T33UVB_20240608T075822,L2A,S2B_MSIL2A_20220416T101559_N0510_R065_T33UVB_20240608T075822.SAFE,S2B,2022-04-16T10:15:59Z,2022-04-16,2022,T33UVB,65,N0510,2024-06-08T07:58:22Z,S2B_MSIL2A_20220416T101559_N0510_R065_T33UVB_20240608T075822.SAFE,,True,25,31,2,3,2,2,inventoried
S2B_MSIL2A_20220419T102559_N0510_R108_T33UVB_20240609T135526,L2A,S2B_MSIL2A_20220419T102559_N0510_R108_T33UVB_20240609T135526.SAFE,S2B,2022-04-19T10:25:59Z,2022-04-19,2022,T33UVB,108,N0510,2024-06-09T13:55:26Z,S2B_MSIL2A_20220419T102559_N0510_R108_T33UVB_20240609T135526.SAFE,,True,25,31,2,3,2,2,inventoried
S2A_MSIL2A_20220421T101601_N0510_R065_T33UVB_20240619T155847,L2A,S2A_MSIL2A_20220421T101601_N0510_R065_T33UVB_20240619T155847.SAFE,S2A,2022-04-21T10:16:01Z,2022-04-21,2022,T33UVB,65,N0510,2024-06-19T15:58:47Z,S2A_MSIL2A_20220421T101601_N0510_R065_T33UVB_20240619T155847.SAFE,,True,25,31,2,3,2,2,inventoried
S2A_MSIL2A_20220424T103031_N0510_R108_T33UVB_20240610T014843,L2A,S2A_MSIL2A_20220424T103031_N0510_R108_T33UVB_20240610T014843.SAFE,S2A,2022-04-24T10:30:31Z,2022-04-24,2022,T33UVB,108,N0510,2024-06-10T01:48:43Z,S2A_MSIL2A_20220424T103031_N0510_R108_T33UVB_20240610T014843.SAFE,,True,25,31,2,3,2,2,inventoried
S2B_MSIL2A_20220426T101549_N0510_R065_T33UVB_20240610T090943,L2A,S2B_MSIL2A_20220426T101549_N0510_R065_T33UVB_20240610T090943.SAFE,S2B,2022-04-26T10:15:49Z,2022-04-26,2022,T33UVB,65,N0510,2024-06-10T09:09:43Z,S2B_MSIL2A_20220426T101549_N0510_R065_T33UVB_20240610T090943.SAFE,,True,25,31,2,3,2,2,inventoried
S2B_MSIL2A_20220429T102549_N0510_R108_T33UVB_20240608T223445,L2A,S2B_MSIL2A_20220429T102549_N0510_R108_T33UVB_20240608T223445.SAFE,S2B,2022-04-29T10:25:49Z,2022-04-29,2022,T33UVB,108,N0510,2024-06-08T22:34:45Z,S2B_MSIL2A_20220429T102549_N0510_R108_T33UVB_20240608T223445.SAFE,,True,25,31,2,3,2,2,inventoried
S2A_MSIL2A_20220501T101601_N0510_R065_T33UVB_20241128T203443,L2A,S2A_MSIL2A_20220501T101601_N0510_R065_T33UVB_20241128T203443.SAFE,S2A,2022-05-01T10:16:01Z,2022-05-01,2022,T33UVB,65,N0510,2024-11-28T20:34:43Z,S2A_MSIL2A_20220501T101601_N0510_R065_T33UVB_20241128T203443.SAFE,,True,25,31,2,3,2,2,inventoried
S2A_MSIL2A_20220504T102601_N0510_R108_T33UVB_20241129T061648,L2A,S2A_MSIL2A_20220504T102601_N0510_R108_T33UVB_20241129T061648.SAFE,S2A,2022-05-04T10:26:01Z,2022-05-04,2022,T33UVB,108,N0510,2024-11-29T06:16:48Z,S2A_MSIL2A_20220504T102601_N0510_R108_T33UVB_20241129T061648.SAFE,,True,25,31,2,3,2,2,inventoried
S2B_MSIL2A_20220506T101559_N0510_R065_T33UVB_20240612T204458,L2A,S2B_MSIL2A_20220506T101559_N0510_R065_T33UVB_20240612T204458.SAFE,S2B,2022-05-06T10:15:59Z,2022-05-06,2022,T33UVB,65,N0510,2024-06-12T20:44:58Z,S2B_MSIL2A_20220506T101559_N0510_R065_T33UVB_20240612T204458.SAFE,,True,25,31,2,3,2,2,inventoried
S2B_MSIL2A_20220509T102559_N0510_R108_T33UVB_20240612T023314,L2A,S2B_MSIL2A_20220509T102559_N0510_R108_T33UVB_20240612T023314.SAFE,S2B,2022-05-09T10:25:59Z,2022-05-09,2022,T33UVB,108,N0510,2024-06-12T02:33:14Z,S2B_MSIL2A_20220509T102559_N0510_R108_T33UVB_20240612T023314.SAFE,,True,25,31,2,3,2,2,inventoried
S2A_MSIL2A_20220511T101601_N0510_R065_T33UVB_20240617T140748,L2A,S2A_MSIL2A_20220511T101601_N0510_R065_T33UVB_20240617T140748.SAFE,S2A,2022-05-11T10:16:01Z,2022-05-11,2022,T33UVB,65,N0510,2024-06-17T14:07:48Z,S2A_MSIL2A_20220511T101601_N0510_R065_T33UVB_20240617T140748.SAFE,,True,25,31,2,3,2,2,inventoried
S2A_MSIL2A_20220514T102601_N0510_R108_T33UVB_20240617T231840,L2A,S2A_MSIL2A_20220514T102601_N0510_R108_T33UVB_20240617T231840.SAFE,S2A,2022-05-14T10:26:01Z,2022-05-14,2022,T33UVB,108,N0510,2024-06-17T23:18:40Z,S2A_MSIL2A_20220514T102601_N0510_R108_T33UVB_20240617T231840.SAFE,,True,25,31,2,3,2,2,inventoried
S2B_MSIL2A_20220516T101559_N0510_R065_T33UVB_20240611T084724,L2A,S2B_MSIL2A_20220516T101559_N0510_R065_T33UVB_20240611T084724.SAFE,S2B,2022-05-16T10:15:59Z,2022-05-16,2022,T33UVB,65,N0510,2024-06-11T08:47:24Z,S2B_MSIL2A_20220516T101559_N0510_R065_T33UVB_20240611T084724.SAFE,,True,25,31,2,3,2,2,inventoried
S2B_MSIL2A_20220519T102559_N0510_R108_T33UVB_20240614T120926,L2A,S2B_MSIL2A_20220519T102559_N0510_R108_T33UVB_20240614T120926.SAFE,S2B,2022-05-19T10:25:59Z,2022-05-19,2022,T33UVB,108,N0510,2024-06-14T12:09:26Z,S2B_MSIL2A_20220519T102559_N0510_R108_T33UVB_20240614T120926.SAFE,,True,25,31,2,3,2,2,inventoried
S2A_MSIL2A_20220521T101601_N0510_R065_T33UVB_20250601T163408,L2A,S2A_MSIL2A_20220521T101601_N0510_R065_T33UVB_20250601T163408.SAFE,S2A,2022-05-21T10:16:01Z,2022-05-21,2022,T33UVB,65,N0510,2025-06-01T16:34:08Z,S2A_MSIL2A_20220521T101601_N0510_R065_T33UVB_20250601T163408.SAFE,,True,25,31,2,3,2,2,inventoried
S2A_MSIL2A_20220524T102611_N0510_R108_T33UVB_20240617T115255,L2A,S2A_MSIL2A_20220524T102611_N0510_R108_T33UVB_20240617T115255.SAFE,S2A,2022-05-24T10:26:11Z,2022-05-24,2022,T33UVB,108,N0510,2024-06-17T11:52:55Z,S2A_MSIL2A_20220524T102611_N0510_R108_T33UVB_20240617T115255.SAFE,,True,25,31,2,3,2,2,inventoried
S2B_MSIL2A_20220526T101559_N0510_R065_T33UVB_20240611T135010,L2A,S2B_MSIL2A_20220526T101559_N0510_R065_T33UVB_20240611T135010.SAFE,S2B,2022-05-26T10:15:59Z,2022-05-26,2022,T33UVB,65,N0510,2024-06-11T13:50:10Z,S2B_MSIL2A_20220526T101559_N0510_R065_T33UVB_20240611T135010.SAFE,,True,25,31,2,3,2,2,inventoried
S2B_MSIL2A_20220529T102559_N0510_R108_T33UVB_20240612T120654,L2A,S2B_MSIL2A_20220529T102559_N0510_R108_T33UVB_20240612T120654.SAFE,S2B,2022-05-29T10:25:59Z,2022-05-29,2022,T33UVB,108,N0510,2024-06-12T12:06:54Z,S2B_MSIL2A_20220529T102559_N0510_R108_T33UVB_20240612T120654.SAFE,,True,25,31,2,3,2,2,inventoried
S2A_MSIL2A_20220531T101611_N0510_R065_T33UVB_20240617T112303,L2A,S2A_MSIL2A_20220531T101611_N0510_R065_T33UVB_20240617T112303.SAFE,S2A,2022-05-31T10:16:11Z,2022-05-31,2022,T33UVB,65,N0510,2024-06-17T11:23:03Z,S2A_MSIL2A_20220531T101611_N0510_R065_T33UVB_20240617T112303.SAFE,,True,25,31,2,3,2,2,inventoried
S2A_MSIL2A_20220603T102611_N0510_R108_T33UVB_20240714T223933,L2A,S2A_MSIL2A_20220603T102611_N0510_R108_T33UVB_20240714T223933.SAFE,S2A,2022-06-03T10:26:11Z,2022-06-03,2022,T33UVB,108,N0510,2024-07-14T22:39:33Z,S2A_MSIL2A_20220603T102611_N0510_R108_T33UVB_20240714T223933.SAFE,,True,25,31,2,3,2,2,inventoried
S2B_MSIL2A_20220605T101559_N0510_R065_T33UVB_20240630T004608,L2A,S2B_MSIL2A_20220605T101559_N0510_R065_T33UVB_20240630T004608.SAFE,S2B,2022-06-05T10:15:59Z,2022-06-05,2022,T33UVB,65,N0510,2024-06-30T00:46:08Z,S2B_MSIL2A_20220605T101559_N0510_R065_T33UVB_20240630T004608.SAFE,,True,25,31,2,3,2,2,inventoried
S2B_MSIL2A_20220608T102559_N0510_R108_T33UVB_20240701T223346,L2A,S2B_MSIL2A_20220608T102559_N0510_R108_T33UVB_20240701T223346.SAFE,S2B,2022-06-08T10:25:59Z,2022-06-08,2022,T33UVB,108,N0510,2024-07-01T22:33:46Z,S2B_MSIL2A_20220608T102559_N0510_R108_T33UVB_20240701T223346.SAFE,,True,25,31,2,3,2,2,inventoried
S2A_MSIL2A_20220610T101611_N0510_R065_T33UVB_20240630T065358,L2A,S2A_MSIL2A_20220610T101611_N0510_R065_T33UVB_20240630T065358.SAFE,S2A,2022-06-10T10:16:11Z,2022-06-10,2022,T33UVB,65,N0510,2024-06-30T06:53:58Z,S2A_MSIL2A_20220610T101611_N0510_R065_T33UVB_20240630T065358.SAFE,,True,25,31,2,3,2,2,inventoried
S2A_MSIL2A_20220613T103031_N0510_R108_T33UVB_20240630T074736,L2A,S2A_MSIL2A_20220613T103031_N0510_R108_T33UVB_20240630T074736.SAFE,S2A,2022-06-13T10:30:31Z,2022-06-13,2022,T33UVB,108,N0510,2024-06-30T07:47:36Z,S2A_MSIL2A_20220613T103031_N0510_R108_T33UVB_20240630T074736.SAFE,,True,25,31,2,3,2,2,inventoried
S2B_MSIL2A_20220615T101559_N0510_R065_T33UVB_20240707T201732,L2A,S2B_MSIL2A_20220615T101559_N0510_R065_T33UVB_20240707T201732.SAFE,S2B,2022-06-15T10:15:59Z,2022-06-15,2022,T33UVB,65,N0510,2024-07-07T20:17:32Z,S2B_MSIL2A_20220615T101559_N0510_R065_T33UVB_20240707T201732.SAFE,,True,25,31,2,3,2,2,inventoried
S2B_MSIL2A_20220618T102559_N0510_R108_T33UVB_20240701T062053,L2A,S2B_MSIL2A_20220618T102559_N0510_R108_T33UVB_20240701T062053.SAFE,S2B,2022-06-18T10:25:59Z,2022-06-18,2022,T33UVB,108,N0510,2024-07-01T06:20:53Z,S2B_MSIL2A_20220618T102559_N0510_R108_T33UVB_20240701T062053.SAFE,,True,25,31,2,3,2,2,inventoried
S2A_MSIL2A_20220620T102041_N0510_R065_T33UVB_20240628T034130,L2A,S2A_MSIL2A_20220620T102041_N0510_R065_T33UVB_20240628T034130.SAFE,S2A,2022-06-20T10:20:41Z,2022-06-20,2022,T33UVB,65,N0510,2024-06-28T03:41:30Z,S2A_MSIL2A_20220620T102041_N0510_R065_T33UVB_20240628T034130.SAFE,,True,25,31,2,3,2,2,inventoried
S2A_MSIL2A_20220623T103031_N0510_R108_T33UVB_20240620T112913,L2A,S2A_MSIL2A_20220623T103031_N0510_R108_T33UVB_20240620T112913.SAFE,S2A,2022-06-23T10:30:31Z,2022-06-23,2022,T33UVB,108,N0510,2024-06-20T11:29:13Z,S2A_MSIL2A_20220623T103031_N0510_R108_T33UVB_20240620T112913.SAFE,,True,25,31,2,3,2,2,inventoried
S2B_MSIL2A_20220625T101559_N0510_R065_T33UVB_20240629T115118,L2A,S2B_MSIL2A_20220625T101559_N0510_R065_T33UVB_20240629T115118.SAFE,S2B,2022-06-25T10:15:59Z,2022-06-25,2022,T33UVB,65,N0510,2024-06-29T11:51:18Z,S2B_MSIL2A_20220625T101559_N0510_R065_T33UVB_20240629T115118.SAFE,,True,25,31,2,3,2,2,inventoried
S2B_MSIL2A_20220628T102609_N0510_R108_T33UVB_20240628T082123,L2A,S2B_MSIL2A_20220628T102609_N0510_R108_T33UVB_20240628T082123.SAFE,S2B,2022-06-28T10:26:09Z,2022-06-28,2022,T33UVB,108,N0510,2024-06-28T08:21:23Z,S2B_MSIL2A_20220628T102609_N0510_R108_T33UVB_20240628T082123.SAFE,,True,25,31,2,3,2,2,inventoried
S2A_MSIL2A_20220630T102041_N0510_R065_T33UVB_20240703T001206,L2A,S2A_MSIL2A_20220630T102041_N0510_R065_T33UVB_20240703T001206.SAFE,S2A,2022-06-30T10:20:41Z,2022-06-30,2022,T33UVB,65,N0510,2024-07-03T00:12:06Z,S2A_MSIL2A_20220630T102041_N0510_R065_T33UVB_20240703T001206.SAFE,,True,25,31,2,3,2,2,inventoried
S2A_MSIL2A_20220703T102611_N0510_R108_T33UVB_20240723T210457,L2A,S2A_MSIL2A_20220703T102611_N0510_R108_T33UVB_20240723T210457.SAFE,S2A,2022-07-03T10:26:11Z,2022-07-03,2022,T33UVB,108,N0510,2024-07-23T21:04:57Z,S2A_MSIL2A_20220703T102611_N0510_R108_T33UVB_20240723T210457.SAFE,,True,25,31,2,3,2,2,inventoried
S2B_MSIL2A_20220705T101559_N0510_R065_T33UVB_20240630T220136,L2A,S2B_MSIL2A_20220705T101559_N0510_R065_T33UVB_20240630T220136.SAFE,S2B,2022-07-05T10:15:59Z,2022-07-05,2022,T33UVB,65,N0510,2024-06-30T22:01:36Z,S2B_MSIL2A_20220705T101559_N0510_R065_T33UVB_20240630T220136.SAFE,,True,25,31,2,3,2,2,inventoried
S2B_MSIL2A_20220708T102559_N0510_R108_T33UVB_20240723T205107,L2A,S2B_MSIL2A_20220708T102559_N0510_R108_T33UVB_20240723T205107.SAFE,S2B,2022-07-08T10:25:59Z,2022-07-08,2022,T33UVB,108,N0510,2024-07-23T20:51:07Z,S2B_MSIL2A_20220708T102559_N0510_R108_T33UVB_20240723T205107.SAFE,,True,25,31,2,3,2,2,inventoried
S2A_MSIL2A_20220710T101611_N0510_R065_T33UVB_20240712T191654,L2A,S2A_MSIL2A_20220710T101611_N0510_R065_T33UVB_20240712T191654.SAFE,S2A,2022-07-10T10:16:11Z,2022-07-10,2022,T33UVB,65,N0510,2024-07-12T19:16:54Z,S2A_MSIL2A_20220710T101611_N0510_R065_T33UVB_20240712T191654.SAFE,,True,25,31,2,3,2,2,inventoried
S2A_MSIL2A_20220713T103041_N0510_R108_T33UVB_20240704T023004,L2A,S2A_MSIL2A_20220713T103041_N0510_R108_T33UVB_20240704T023004.SAFE,S2A,2022-07-13T10:30:41Z,2022-07-13,2022,T33UVB,108,N0510,2024-07-04T02:30:04Z,S2A_MSIL2A_20220713T103041_N0510_R108_T33UVB_20240704T023004.SAFE,,True,25,31,2,3,2,2,inventoried
S2B_MSIL2A_20220715T101559_N0510_R065_T33UVB_20240724T023217,L2A,S2B_MSIL2A_20220715T101559_N0510_R065_T33UVB_20240724T023217.SAFE,S2B,2022-07-15T10:15:59Z,2022-07-15,2022,T33UVB,65,N0510,2024-07-24T02:32:17Z,S2B_MSIL2A_20220715T101559_N0510_R065_T33UVB_20240724T023217.SAFE,,True,25,31,2,3,2,2,inventoried
S2B_MSIL2A_20220718T102559_N0511_R108_T33UVB_20250808T004936,L2A,S2B_MSIL2A_20220718T102559_N0511_R108_T33UVB_20250808T004936.SAFE,S2B,2022-07-18T10:25:59Z,2022-07-18,2022,T33UVB,108,N0511,2025-08-08T00:49:36Z,S2B_MSIL2A_20220718T102559_N0511_R108_T33UVB_20250808T004936.SAFE,,True,25,31,2,3,2,2,inventoried
S2A_MSIL2A_20220720T101611_N0510_R065_T33UVB_20240715T001059,L2A,S2A_MSIL2A_20220720T101611_N0510_R065_T33UVB_20240715T001059.SAFE,S2A,2022-07-20T10:16:11Z,2022-07-20,2022,T33UVB,65,N0510,2024-07-15T00:10:59Z,S2A_MSIL2A_20220720T101611_N0510_R065_T33UVB_20240715T001059.SAFE,,True,25,31,2,3,2,2,inventoried
S2A_MSIL2A_20220723T102611_N0510_R108_T33UVB_20240709T024939,L2A,S2A_MSIL2A_20220723T102611_N0510_R108_T33UVB_20240709T024939.SAFE,S2A,2022-07-23T10:26:11Z,2022-07-23,2022,T33UVB,108,N0510,2024-07-09T02:49:39Z,S2A_MSIL2A_20220723T102611_N0510_R108_T33UVB_20240709T024939.SAFE,,True,25,31,2,3,2,2,inventoried
S2B_MSIL2A_20220725T101559_N0510_R065_T33UVB_20240714T123150,L2A,S2B_MSIL2A_20220725T101559_N0510_R065_T33UVB_20240714T123150.SAFE,S2B,2022-07-25T10:15:59Z,2022-07-25,2022,T33UVB,65,N0510,2024-07-14T12:31:50Z,S2B_MSIL2A_20220725T101559_N0510_R065_T33UVB_20240714T123150.SAFE,,True,25,31,2,3,2,2,inventoried
S2B_MSIL2A_20220728T102559_N0510_R108_T33UVB_20240718T012441,L2A,S2B_MSIL2A_20220728T102559_N0510_R108_T33UVB_20240718T012441.SAFE,S2B,2022-07-28T10:25:59Z,2022-07-28,2022,T33UVB,108,N0510,2024-07-18T01:24:41Z,S2B_MSIL2A_20220728T102559_N0510_R108_T33UVB_20240718T012441.SAFE,,True,25,31,2,3,2,2,inventoried
S2A_MSIL2A_20220730T101611_N0510_R065_T33UVB_20240712T015902,L2A,S2A_MSIL2A_20220730T101611_N0510_R065_T33UVB_20240712T015902.SAFE,S2A,2022-07-30T10:16:11Z,2022-07-30,2022,T33UVB,65,N0510,2024-07-12T01:59:02Z,S2A_MSIL2A_20220730T101611_N0510_R065_T33UVB_20240712T015902.SAFE,,True,25,31,2,3,2,2,inventoried
S2A_MSIL2A_20220802T102611_N0510_R108_T33UVB_20240703T014634,L2A,S2A_MSIL2A_20220802T102611_N0510_R108_T33UVB_20240703T014634.SAFE,S2A,2022-08-02T10:26:11Z,2022-08-02,2022,T33UVB,108,N0510,2024-07-03T01:46:34Z,S2A_MSIL2A_20220802T102611_N0510_R108_T33UVB_20240703T014634.SAFE,,True,25,31,2,3,2,2,inventoried
S2B_MSIL2A_20220804T101559_N0510_R065_T33UVB_20240717T040056,L2A,S2B_MSIL2A_20220804T101559_N0510_R065_T33UVB_20240717T040056.SAFE,S2B,2022-08-04T10:15:59Z,2022-08-04,2022,T33UVB,65,N0510,2024-07-17T04:00:56Z,S2B_MSIL2A_20220804T101559_N0510_R065_T33UVB_20240717T040056.SAFE,,True,25,31,2,3,2,2,inventoried
S2B_MSIL2A_20220807T102559_N0510_R108_T33UVB_20240712T215022,L2A,S2B_MSIL2A_20220807T102559_N0510_R108_T33UVB_20240712T215022.SAFE,S2B,2022-08-07T10:25:59Z,2022-08-07,2022,T33UVB,108,N0510,2024-07-12T21:50:22Z,S2B_MSIL2A_20220807T102559_N0510_R108_T33UVB_20240712T215022.SAFE,,True,25,31,2,3,2,2,inventoried
S2A_MSIL2A_20220809T102041_N0510_R065_T33UVB_20240717T201359,L2A,S2A_MSIL2A_20220809T102041_N0510_R065_T33UVB_20240717T201359.SAFE,S2A,2022-08-09T10:20:41Z,2022-08-09,2022,T33UVB,65,N0510,2024-07-17T20:13:59Z,S2A_MSIL2A_20220809T102041_N0510_R065_T33UVB_20240717T201359.SAFE,,True,25,31,2,3,2,2,inventoried
S2A_MSIL2A_20220812T103031_N0510_R108_T33UVB_20240715T165808,L2A,S2A_MSIL2A_20220812T103031_N0510_R108_T33UVB_20240715T165808.SAFE,S2A,2022-08-12T10:30:31Z,2022-08-12,2022,T33UVB,108,N0510,2024-07-15T16:58:08Z,S2A_MSIL2A_20220812T103031_N0510_R108_T33UVB_20240715T165808.SAFE,,True,25,31,2,3,2,2,inventoried
S2B_MSIL2A_20220814T101559_N0510_R065_T33UVB_20240707T220121,L2A,S2B_MSIL2A_20220814T101559_N0510_R065_T33UVB_20240707T220121.SAFE,S2B,2022-08-14T10:15:59Z,2022-08-14,2022,T33UVB,65,N0510,2024-07-07T22:01:21Z,S2B_MSIL2A_20220814T101559_N0510_R065_T33UVB_20240707T220121.SAFE,,True,25,31,2,3,2,2,inventoried
S2B_MSIL2A_20220817T102559_N0510_R108_T33UVB_20240704T015406,L2A,S2B_MSIL2A_20220817T102559_N0510_R108_T33UVB_20240704T015406.SAFE,S2B,2022-08-17T10:25:59Z,2022-08-17,2022,T33UVB,108,N0510,2024-07-04T01:54:06Z,S2B_MSIL2A_20220817T102559_N0510_R108_T33UVB_20240704T015406.SAFE,,True,25,31,2,3,2,2,inventoried
S2A_MSIL2A_20220819T101611_N0510_R065_T33UVB_20240703T214954,L2A,S2A_MSIL2A_20220819T101611_N0510_R065_T33UVB_20240703T214954.SAFE,S2A,2022-08-19T10:16:11Z,2022-08-19,2022,T33UVB,65,N0510,2024-07-03T21:49:54Z,S2A_MSIL2A_20220819T101611_N0510_R065_T33UVB_20240703T214954.SAFE,,True,25,31,2,3,2,2,inventoried
S2A_MSIL2A_20220822T102611_N0510_R108_T33UVB_20240704T132347,L2A,S2A_MSIL2A_20220822T102611_N0510_R108_T33UVB_20240704T132347.SAFE,S2A,2022-08-22T10:26:11Z,2022-08-22,2022,T33UVB,108,N0510,2024-07-04T13:23:47Z,S2A_MSIL2A_20220822T102611_N0510_R108_T33UVB_20240704T132347.SAFE,,True,25,31,2,3,2,2,inventoried
S2B_MSIL2A_20220824T101559_N0510_R065_T33UVB_20240704T180414,L2A,S2B_MSIL2A_20220824T101559_N0510_R065_T33UVB_20240704T180414.SAFE,S2B,2022-08-24T10:15:59Z,2022-08-24,2022,T33UVB,65,N0510,2024-07-04T18:04:14Z,S2B_MSIL2A_20220824T101559_N0510_R065_T33UVB_20240704T180414.SAFE,,True,25,31,2,3,2,2,inventoried
S2B_MSIL2A_20220827T102559_N0510_R108_T33UVB_20240703T095258,L2A,S2B_MSIL2A_20220827T102559_N0510_R108_T33UVB_20240703T095258.SAFE,S2B,2022-08-27T10:25:59Z,2022-08-27,2022,T33UVB,108,N0510,2024-07-03T09:52:58Z,S2B_MSIL2A_20220827T102559_N0510_R108_T33UVB_20240703T095258.SAFE,,True,25,31,2,3,2,2,inventoried
S2A_MSIL2A_20220829T101611_N0510_R065_T33UVB_20240714T210310,L2A,S2A_MSIL2A_20220829T101611_N0510_R065_T33UVB_20240714T210310.SAFE,S2A,2022-08-29T10:16:11Z,2022-08-29,2022,T33UVB,65,N0510,2024-07-14T21:03:10Z,S2A_MSIL2A_20220829T101611_N0510_R065_T33UVB_20240714T210310.SAFE,,True,25,31,2,3,2,2,inventoried
S2A_MSIL2A_20220901T102611_N0510_R108_T33UVB_20240704T065507,L2A,S2A_MSIL2A_20220901T102611_N0510_R108_T33UVB_20240704T065507.SAFE,S2A,2022-09-01T10:26:11Z,2022-09-01,2022,T33UVB,108,N0510,2024-07-04T06:55:07Z,S2A_MSIL2A_20220901T102611_N0510_R108_T33UVB_20240704T065507.SAFE,,True,25,31,2,3,2,2,inventoried
S2B_MSIL2A_20220903T101559_N0510_R065_T33UVB_20240729T144325,L2A,S2B_MSIL2A_20220903T101559_N0510_R065_T33UVB_20240729T144325.SAFE,S2B,2022-09-03T10:15:59Z,2022-09-03,2022,T33UVB,65,N0510,2024-07-29T14:43:25Z,S2B_MSIL2A_20220903T101559_N0510_R065_T33UVB_20240729T144325.SAFE,,True,25,31,2,3,2,2,inventoried
S2B_MSIL2A_20220906T102559_N0510_R108_T33UVB_20240727T215915,L2A,S2B_MSIL2A_20220906T102559_N0510_R108_T33UVB_20240727T215915.SAFE,S2B,2022-09-06T10:25:59Z,2022-09-06,2022,T33UVB,108,N0510,2024-07-27T21:59:15Z,S2B_MSIL2A_20220906T102559_N0510_R108_T33UVB_20240727T215915.SAFE,,True,25,31,2,3,2,2,inventoried
S2A_MSIL2A_20220908T102031_N0510_R065_T33UVB_20240728T081914,L2A,S2A_MSIL2A_20220908T102031_N0510_R065_T33UVB_20240728T081914.SAFE,S2A,2022-09-08T10:20:31Z,2022-09-08,2022,T33UVB,65,N0510,2024-07-28T08:19:14Z,S2A_MSIL2A_20220908T102031_N0510_R065_T33UVB_20240728T081914.SAFE,,True,25,31,2,3,2,2,inventoried
S2A_MSIL2A_20220911T102621_N0510_R108_T33UVB_20240726T234542,L2A,S2A_MSIL2A_20220911T102621_N0510_R108_T33UVB_20240726T234542.SAFE,S2A,2022-09-11T10:26:21Z,2022-09-11,2022,T33UVB,108,N0510,2024-07-26T23:45:42Z,S2A_MSIL2A_20220911T102621_N0510_R108_T33UVB_20240726T234542.SAFE,,True,25,31,2,3,2,2,inventoried
S2B_MSIL2A_20220913T101629_N0510_R065_T33UVB_20240727T200418,L2A,S2B_MSIL2A_20220913T101629_N0510_R065_T33UVB_20240727T200418.SAFE,S2B,2022-09-13T10:16:29Z,2022-09-13,2022,T33UVB,65,N0510,2024-07-27T20:04:18Z,S2B_MSIL2A_20220913T101629_N0510_R065_T33UVB_20240727T200418.SAFE,,True,25,31,2,3,2,2,inventoried
S2B_MSIL2A_20220916T102639_N0510_R108_T33UVB_20240727T091731,L2A,S2B_MSIL2A_20220916T102639_N0510_R108_T33UVB_20240727T091731.SAFE,S2B,2022-09-16T10:26:39Z,2022-09-16,2022,T33UVB,108,N0510,2024-07-27T09:17:31Z,S2B_MSIL2A_20220916T102639_N0510_R108_T33UVB_20240727T091731.SAFE,,True,25,31,2,3,2,2,inventoried
S2A_MSIL2A_20220918T101701_N0510_R065_T33UVB_20240730T065346,L2A,S2A_MSIL2A_20220918T101701_N0510_R065_T33UVB_20240730T065346.SAFE,S2A,2022-09-18T10:17:01Z,2022-09-18,2022,T33UVB,65,N0510,2024-07-30T06:53:46Z,S2A_MSIL2A_20220918T101701_N0510_R065_T33UVB_20240730T065346.SAFE,,True,25,31,2,3,2,2,inventoried
S2A_MSIL2A_20220921T102731_N0510_R108_T33UVB_20240729T080221,L2A,S2A_MSIL2A_20220921T102731_N0510_R108_T33UVB_20240729T080221.SAFE,S2A,2022-09-21T10:27:31Z,2022-09-21,2022,T33UVB,108,N0510,2024-07-29T08:02:21Z,S2A_MSIL2A_20220921T102731_N0510_R108_T33UVB_20240729T080221.SAFE,,True,25,31,2,3,2,2,inventoried
S2B_MSIL2A_20220923T101649_N0510_R065_T33UVB_20240730T211138,L2A,S2B_MSIL2A_20220923T101649_N0510_R065_T33UVB_20240730T211138.SAFE,S2B,2022-09-23T10:16:49Z,2022-09-23,2022,T33UVB,65,N0510,2024-07-30T21:11:38Z,S2B_MSIL2A_20220923T101649_N0510_R065_T33UVB_20240730T211138.SAFE,,True,25,31,2,3,2,2,inventoried
S2B_MSIL2A_20220926T102709_N0510_R108_T33UVB_20240725T194723,L2A,S2B_MSIL2A_20220926T102709_N0510_R108_T33UVB_20240725T194723.SAFE,S2B,2022-09-26T10:27:09Z,2022-09-26,2022,T33UVB,108,N0510,2024-07-25T19:47:23Z,S2B_MSIL2A_20220926T102709_N0510_R108_T33UVB_20240725T194723.SAFE,,True,25,31,2,3,2,2,inventoried
S2A_MSIL2A_20220928T101811_N0510_R065_T33UVB_20240726T010605,L2A,S2A_MSIL2A_20220928T101811_N0510_R065_T33UVB_20240726T010605.SAFE,S2A,2022-09-28T10:18:11Z,2022-09-28,2022,T33UVB,65,N0510,2024-07-26T01:06:05Z,S2A_MSIL2A_20220928T101811_N0510_R065_T33UVB_20240726T010605.SAFE,,True,25,31,2,3,2,2,inventoried
S2A_MSIL2A_20221001T102841_N0510_R108_T33UVB_20240724T231158,L2A,S2A_MSIL2A_20221001T102841_N0510_R108_T33UVB_20240724T231158.SAFE,S2A,2022-10-01T10:28:41Z,2022-10-01,2022,T33UVB,108,N0510,2024-07-24T23:11:58Z,S2A_MSIL2A_20221001T102841_N0510_R108_T33UVB_20240724T231158.SAFE,,True,25,31,2,3,2,2,inventoried
S2B_MSIL2A_20221003T101749_N0510_R065_T33UVB_20240723T043933,L2A,S2B_MSIL2A_20221003T101749_N0510_R065_T33UVB_20240723T043933.SAFE,S2B,2022-10-03T10:17:49Z,2022-10-03,2022,T33UVB,65,N0510,2024-07-23T04:39:33Z,S2B_MSIL2A_20221003T101749_N0510_R065_T33UVB_20240723T043933.SAFE,,True,25,31,2,3,2,2,inventoried
S2B_MSIL2A_20221006T102949_N0510_R108_T33UVB_20240725T104006,L2A,S2B_MSIL2A_20221006T102949_N0510_R108_T33UVB_20240725T104006.SAFE,S2B,2022-10-06T10:29:49Z,2022-10-06,2022,T33UVB,108,N0510,2024-07-25T10:40:06Z,S2B_MSIL2A_20221006T102949_N0510_R108_T33UVB_20240725T104006.SAFE,,True,25,31,2,3,2,2,inventoried
S2A_MSIL2A_20221008T101931_N0510_R065_T33UVB_20240727T051721,L2A,S2A_MSIL2A_20221008T101931_N0510_R065_T33UVB_20240727T051721.SAFE,S2A,2022-10-08T10:19:31Z,2022-10-08,2022,T33UVB,65,N0510,2024-07-27T05:17:21Z,S2A_MSIL2A_20221008T101931_N0510_R065_T33UVB_20240727T051721.SAFE,,True,25,31,2,3,2,2,inventoried
S2A_MSIL2A_20221011T102951_N0510_R108_T33UVB_20240801T091702,L2A,S2A_MSIL2A_20221011T102951_N0510_R108_T33UVB_20240801T091702.SAFE,S2A,2022-10-11T10:29:51Z,2022-10-11,2022,T33UVB,108,N0510,2024-08-01T09:17:02Z,S2A_MSIL2A_20221011T102951_N0510_R108_T33UVB_20240801T091702.SAFE,,True,25,31,2,3,2,2,inventoried
S2B_MSIL2A_20221013T101859_N0510_R065_T33UVB_20240724T004100,L2A,S2B_MSIL2A_20221013T101859_N0510_R065_T33UVB_20240724T004100.SAFE,S2B,2022-10-13T10:18:59Z,2022-10-13,2022,T33UVB,65,N0510,2024-07-24T00:41:00Z,S2B_MSIL2A_20221013T101859_N0510_R065_T33UVB_20240724T004100.SAFE,,True,25,31,2,3,2,2,inventoried
S2B_MSIL2A_20221016T102919_N0510_R108_T33UVB_20240723T131900,L2A,S2B_MSIL2A_20221016T102919_N0510_R108_T33UVB_20240723T131900.SAFE,S2B,2022-10-16T10:29:19Z,2022-10-16,2022,T33UVB,108,N0510,2024-07-23T13:19:00Z,S2B_MSIL2A_20221016T102919_N0510_R108_T33UVB_20240723T131900.SAFE,,True,25,31,2,3,2,2,inventoried
S2A_MSIL2A_20221018T102031_N0510_R065_T33UVB_20240726T030637,L2A,S2A_MSIL2A_20221018T102031_N0510_R065_T33UVB_20240726T030637.SAFE,S2A,2022-10-18T10:20:31Z,2022-10-18,2022,T33UVB,65,N0510,2024-07-26T03:06:37Z,S2A_MSIL2A_20221018T102031_N0510_R065_T33UVB_20240726T030637.SAFE,,True,25,31,2,3,2,2,inventoried
S2A_MSIL2A_20221021T103051_N0510_R108_T33UVB_20240721T234839,L2A,S2A_MSIL2A_20221021T103051_N0510_R108_T33UVB_20240721T234839.SAFE,S2A,2022-10-21T10:30:51Z,2022-10-21,2022,T33UVB,108,N0510,2024-07-21T23:48:39Z,S2A_MSIL2A_20221021T103051_N0510_R108_T33UVB_20240721T234839.SAFE,,True,25,31,2,3,2,2,inventoried
S2B_MSIL2A_20221023T102029_N0510_R065_T33UVB_20240725T235429,L2A,S2B_MSIL2A_20221023T102029_N0510_R065_T33UVB_20240725T235429.SAFE,S2B,2022-10-23T10:20:29Z,2022-10-23,2022,T33UVB,65,N0510,2024-07-25T23:54:29Z,S2B_MSIL2A_20221023T102029_N0510_R065_T33UVB_20240725T235429.SAFE,,True,25,31,2,3,2,2,inventoried
S2B_MSIL2A_20221026T103029_N0510_R108_T33UVB_20240728T021722,L2A,S2B_MSIL2A_20221026T103029_N0510_R108_T33UVB_20240728T021722.SAFE,S2B,2022-10-26T10:30:29Z,2022-10-26,2022,T33UVB,108,N0510,2024-07-28T02:17:22Z,S2B_MSIL2A_20221026T103029_N0510_R108_T33UVB_20240728T021722.SAFE,,True,25,31,2,3,2,2,inventoried
S2A_MSIL2A_20221028T102131_N0510_R065_T33UVB_20240725T232840,L2A,S2A_MSIL2A_20221028T102131_N0510_R065_T33UVB_20240725T232840.SAFE,S2A,2022-10-28T10:21:31Z,2022-10-28,2022,T33UVB,65,N0510,2024-07-25T23:28:40Z,S2A_MSIL2A_20221028T102131_N0510_R065_T33UVB_20240725T232840.SAFE,,True,25,31,2,3,2,2,inventoried
S2A_MSIL2A_20221031T103151_N0510_R108_T33UVB_20240721T215647,L2A,S2A_MSIL2A_20221031T103151_N0510_R108_T33UVB_20240721T215647.SAFE,S2A,2022-10-31T10:31:51Z,2022-10-31,2022,T33UVB,108,N0510,2024-07-21T21:56:47Z,S2A_MSIL2A_20221031T103151_N0510_R108_T33UVB_20240721T215647.SAFE,,True,25,31,2,3,2,2,inventoried
S2B_MSIL2A_20221102T102059_N0510_R065_T33UVB_20240806T041627,L2A,S2B_MSIL2A_20221102T102059_N0510_R065_T33UVB_20240806T041627.SAFE,S2B,2022-11-02T10:20:59Z,2022-11-02,2022,T33UVB,65,N0510,2024-08-06T04:16:27Z,S2B_MSIL2A_20221102T102059_N0510_R065_T33UVB_20240806T041627.SAFE,,True,25,31,2,3,2,2,inventoried
S2B_MSIL2A_20221105T103119_N0510_R108_T33UVB_20240731T032850,L2A,S2B_MSIL2A_20221105T103119_N0510_R108_T33UVB_20240731T032850.SAFE,S2B,2022-11-05T10:31:19Z,2022-11-05,2022,T33UVB,108,N0510,2024-07-31T03:28:50Z,S2B_MSIL2A_20221105T103119_N0510_R108_T33UVB_20240731T032850.SAFE,,True,25,31,2,3,2,2,inventoried
S2A_MSIL2A_20221110T103251_N0510_R108_T33UVB_20240721T184617,L2A,S2A_MSIL2A_20221110T103251_N0510_R108_T33UVB_20240721T184617.SAFE,S2A,2022-11-10T10:32:51Z,2022-11-10,2022,T33UVB,108,N0510,2024-07-21T18:46:17Z,S2A_MSIL2A_20221110T103251_N0510_R108_T33UVB_20240721T184617.SAFE,,True,25,31,2,3,2,2,inventoried
S2B_MSIL2A_20221112T102159_N0510_R065_T33UVB_20240801T093911,L2A,S2B_MSIL2A_20221112T102159_N0510_R065_T33UVB_20240801T093911.SAFE,S2B,2022-11-12T10:21:59Z,2022-11-12,2022,T33UVB,65,N0510,2024-08-01T09:39:11Z,S2B_MSIL2A_20221112T102159_N0510_R065_T33UVB_20240801T093911.SAFE,,True,25,31,2,3,2,2,inventoried
S2B_MSIL2A_20221115T103219_N0510_R108_T33UVB_20240802T113057,L2A,S2B_MSIL2A_20221115T103219_N0510_R108_T33UVB_20240802T113057.SAFE,S2B,2022-11-15T10:32:19Z,2022-11-15,2022,T33UVB,108,N0510,2024-08-02T11:30:57Z,S2B_MSIL2A_20221115T103219_N0510_R108_T33UVB_20240802T113057.SAFE,,True,25,31,2,3,2,2,inventoried
S2A_MSIL2A_20221117T102311_N0510_R065_T33UVB_20240803T060904,L2A,S2A_MSIL2A_20221117T102311_N0510_R065_T33UVB_20240803T060904.SAFE,S2A,2022-11-17T10:23:11Z,2022-11-17,2022,T33UVB,65,N0510,2024-08-03T06:09:04Z,S2A_MSIL2A_20221117T102311_N0510_R065_T33UVB_20240803T060904.SAFE,,True,25,31,2,3,2,2,inventoried
S2A_MSIL2A_20221120T103331_N0510_R108_T33UVB_20240721T054107,L2A,S2A_MSIL2A_20221120T103331_N0510_R108_T33UVB_20240721T054107.SAFE,S2A,2022-11-20T10:33:31Z,2022-11-20,2022,T33UVB,108,N0510,2024-07-21T05:41:07Z,S2A_MSIL2A_20221120T103331_N0510_R108_T33UVB_20240721T054107.SAFE,,True,25,31,2,3,2,2,inventoried
S2B_MSIL2A_20221122T102239_N0510_R065_T33UVB_20240802T005949,L2A,S2B_MSIL2A_20221122T102239_N0510_R065_T33UVB_20240802T005949.SAFE,S2B,2022-11-22T10:22:39Z,2022-11-22,2022,T33UVB,65,N0510,2024-08-02T00:59:49Z,S2B_MSIL2A_20221122T102239_N0510_R065_T33UVB_20240802T005949.SAFE,,True,25,31,2,3,2,2,inventoried
S2B_MSIL2A_20221125T103259_N0510_R108_T33UVB_20240731T202141,L2A,S2B_MSIL2A_20221125T103259_N0510_R108_T33UVB_20240731T202141.SAFE,S2B,2022-11-25T10:32:59Z,2022-11-25,2022,T33UVB,108,N0510,2024-07-31T20:21:41Z,S2B_MSIL2A_20221125T103259_N0510_R108_T33UVB_20240731T202141.SAFE,,True,25,31,2,3,2,2,inventoried
S2A_MSIL2A_20221127T102351_N0510_R065_T33UVB_20240730T023754,L2A,S2A_MSIL2A_20221127T102351_N0510_R065_T33UVB_20240730T023754.SAFE,S2A,2022-11-27T10:23:51Z,2022-11-27,2022,T33UVB,65,N0510,2024-07-30T02:37:54Z,S2A_MSIL2A_20221127T102351_N0510_R065_T33UVB_20240730T023754.SAFE,,True,25,31,2,3,2,2,inventoried
S2A_MSIL2A_20221130T103411_N0510_R108_T33UVB_20240721T225742,L2A,S2A_MSIL2A_20221130T103411_N0510_R108_T33UVB_20240721T225742.SAFE,S2A,2022-11-30T10:34:11Z,2022-11-30,2022,T33UVB,108,N0510,2024-07-21T22:57:42Z,S2A_MSIL2A_20221130T103411_N0510_R108_T33UVB_20240721T225742.SAFE,,True,25,31,2,3,2,2,inventoried
S2B_MSIL2A_20221202T102309_N0510_R065_T33UVB_20240804T190501,L2A,S2B_MSIL2A_20221202T102309_N0510_R065_T33UVB_20240804T190501.SAFE,S2B,2022-12-02T10:23:09Z,2022-12-02,2022,T33UVB,65,N0510,2024-08-04T19:05:01Z,S2B_MSIL2A_20221202T102309_N0510_R065_T33UVB_20240804T190501.SAFE,,True,25,31,2,3,2,2,inventoried
S2B_MSIL2A_20221205T103319_N0510_R108_T33UVB_20240802T232027,L2A,S2B_MSIL2A_20221205T103319_N0510_R108_T33UVB_20240802T232027.SAFE,S2B,2022-12-05T10:33:19Z,2022-12-05,2022,T33UVB,108,N0510,2024-08-02T23:20:27Z,S2B_MSIL2A_20221205T103319_N0510_R108_T33UVB_20240802T232027.SAFE,,True,25,31,2,3,2,2,inventoried
S2A_MSIL2A_20221207T102411_N0510_R065_T33UVB_20240806T043548,L2A,S2A_MSIL2A_20221207T102411_N0510_R065_T33UVB_20240806T043548.SAFE,S2A,2022-12-07T10:24:11Z,2022-12-07,2022,T33UVB,65,N0510,2024-08-06T04:35:48Z,S2A_MSIL2A_20221207T102411_N0510_R065_T33UVB_20240806T043548.SAFE,,True,25,31,2,3,2,2,inventoried
S2A_MSIL2A_20221210T103431_N0510_R108_T33UVB_20240803T150543,L2A,S2A_MSIL2A_20221210T103431_N0510_R108_T33UVB_20240803T150543.SAFE,S2A,2022-12-10T10:34:31Z,2022-12-10,2022,T33UVB,108,N0510,2024-08-03T15:05:43Z,S2A_MSIL2A_20221210T103431_N0510_R108_T33UVB_20240803T150543.SAFE,,True,25,31,2,3,2,2,inventoried
S2B_MSIL2A_20221215T103339_N0510_R108_T33UVB_20240805T070920,L2A,S2B_MSIL2A_20221215T103339_N0510_R108_T33UVB_20240805T070920.SAFE,S2B,2022-12-15T10:33:39Z,2022-12-15,2022,T33UVB,108,N0510,2024-08-05T07:09:20Z,S2B_MSIL2A_20221215T103339_N0510_R108_T33UVB_20240805T070920.SAFE,,True,25,31,2,3,2,2,inventoried
S2A_MSIL2A_20221217T102431_N0510_R065_T33UVB_20240805T123818,L2A,S2A_MSIL2A_20221217T102431_N0510_R065_T33UVB_20240805T123818.SAFE,S2A,2022-12-17T10:24:31Z,2022-12-17,2022,T33UVB,65,N0510,2024-08-05T12:38:18Z,S2A_MSIL2A_20221217T102431_N0510_R065_T33UVB_20240805T123818.SAFE,,True,25,31,2,3,2,2,inventoried
S2A_MSIL2A_20221220T103441_N0510_R108_T33UVB_20240803T223745,L2A,S2A_MSIL2A_20221220T103441_N0510_R108_T33UVB_20240803T223745.SAFE,S2A,2022-12-20T10:34:41Z,2022-12-20,2022,T33UVB,108,N0510,2024-08-03T22:37:45Z,S2A_MSIL2A_20221220T103441_N0510_R108_T33UVB_20240803T223745.SAFE,,True,25,31,2,3,2,2,inventoried
S2B_MSIL2A_20221222T102339_N0510_R065_T33UVB_20240804T111825,L2A,S2B_MSIL2A_20221222T102339_N0510_R065_T33UVB_20240804T111825.SAFE,S2B,2022-12-22T10:23:39Z,2022-12-22,2022,T33UVB,65,N0510,2024-08-04T11:18:25Z,S2B_MSIL2A_20221222T102339_N0510_R065_T33UVB_20240804T111825.SAFE,,True,25,31,2,3,2,2,inventoried
S2B_MSIL2A_20221225T103349_N0510_R108_T33UVB_20240806T140039,L2A,S2B_MSIL2A_20221225T103349_N0510_R108_T33UVB_20240806T140039.SAFE,S2B,2022-12-25T10:33:49Z,2022-12-25,2022,T33UVB,108,N0510,2024-08-06T14:00:39Z,S2B_MSIL2A_20221225T103349_N0510_R108_T33UVB_20240806T140039.SAFE,,True,25,31,2,3,2,2,inventoried
S2A_MSIL2A_20221227T102431_N0510_R065_T33UVB_20240805T222708,L2A,S2A_MSIL2A_20221227T102431_N0510_R065_T33UVB_20240805T222708.SAFE,S2A,2022-12-27T10:24:31Z,2022-12-27,2022,T33UVB,65,N0510,2024-08-05T22:27:08Z,S2A_MSIL2A_20221227T102431_N0510_R065_T33UVB_20240805T222708.SAFE,,True,25,31,2,3,2,2,inventoried
S2A_MSIL2A_20221230T103431_N0510_R108_T33UVB_20240803T051250,L2A,S2A_MSIL2A_20221230T103431_N0510_R108_T33UVB_20240803T051250.SAFE,S2A,2022-12-30T10:34:31Z,2022-12-30,2022,T33UVB,108,N0510,2024-08-03T05:12:50Z,S2A_MSIL2A_20221230T103431_N0510_R108_T33UVB_20240803T051250.SAFE,,True,25,31,2,3,2,2,inventoried
S2B_MSIL2A_20230101T102339_N0510_R065_T33UVB_20240806T223544,L2A,S2B_MSIL2A_20230101T102339_N0510_R065_T33UVB_20240806T223544.SAFE,S2B,2023-01-01T10:23:39Z,2023-01-01,2023,T33UVB,65,N0510,2024-08-06T22:35:44Z,S2B_MSIL2A_20230101T102339_N0510_R065_T33UVB_20240806T223544.SAFE,,True,25,31,2,3,2,2,inventoried
S2B_MSIL2A_20230104T103329_N0510_R108_T33UVB_20240809T082154,L2A,S2B_MSIL2A_20230104T103329_N0510_R108_T33UVB_20240809T082154.SAFE,S2B,2023-01-04T10:33:29Z,2023-01-04,2023,T33UVB,108,N0510,2024-08-09T08:21:54Z,S2B_MSIL2A_20230104T103329_N0510_R108_T33UVB_20240809T082154.SAFE,,True,25,31,2,3,2,2,inventoried
S2A_MSIL2A_20230106T102411_N0510_R065_T33UVB_20240807T164608,L2A,S2A_MSIL2A_20230106T102411_N0510_R065_T33UVB_20240807T164608.SAFE,S2A,2023-01-06T10:24:11Z,2023-01-06,2023,T33UVB,65,N0510,2024-08-07T16:46:08Z,S2A_MSIL2A_20230106T102411_N0510_R065_T33UVB_20240807T164608.SAFE,,True,25,31,2,3,2,2,inventoried
S2A_MSIL2A_20230109T103421_N0510_R108_T33UVB_20240810T085900,L2A,S2A_MSIL2A_20230109T103421_N0510_R108_T33UVB_20240810T085900.SAFE,S2A,2023-01-09T10:34:21Z,2023-01-09,2023,T33UVB,108,N0510,2024-08-10T08:59:00Z,S2A_MSIL2A_20230109T103421_N0510_R108_T33UVB_20240810T085900.SAFE,,True,25,31,2,3,2,2,inventoried
S2B_MSIL2A_20230111T102309_N0510_R065_T33UVB_20240810T173901,L2A,S2B_MSIL2A_20230111T102309_N0510_R065_T33UVB_20240810T173901.SAFE,S2B,2023-01-11T10:23:09Z,2023-01-11,2023,T33UVB,65,N0510,2024-08-10T17:39:01Z,S2B_MSIL2A_20230111T102309_N0510_R065_T33UVB_20240810T173901.SAFE,,True,25,31,2,3,2,2,inventoried
S2B_MSIL2A_20230114T103309_N0510_R108_T33UVB_20240808T171510,L2A,S2B_MSIL2A_20230114T103309_N0510_R108_T33UVB_20240808T171510.SAFE,S2B,2023-01-14T10:33:09Z,2023-01-14,2023,T33UVB,108,N0510,2024-08-08T17:15:10Z,S2B_MSIL2A_20230114T103309_N0510_R108_T33UVB_20240808T171510.SAFE,,True,25,31,2,3,2,2,inventoried
S2A_MSIL2A_20230116T102351_N0510_R065_T33UVB_20240811T041047,L2A,S2A_MSIL2A_20230116T102351_N0510_R065_T33UVB_20240811T041047.SAFE,S2A,2023-01-16T10:23:51Z,2023-01-16,2023,T33UVB,65,N0510,2024-08-11T04:10:47Z,S2A_MSIL2A_20230116T102351_N0510_R065_T33UVB_20240811T041047.SAFE,,True,25,31,2,3,2,2,inventoried
S2A_MSIL2A_20230119T103341_N0510_R108_T33UVB_20240809T061604,L2A,S2A_MSIL2A_20230119T103341_N0510_R108_T33UVB_20240809T061604.SAFE,S2A,2023-01-19T10:33:41Z,2023-01-19,2023,T33UVB,108,N0510,2024-08-09T06:16:04Z,S2A_MSIL2A_20230119T103341_N0510_R108_T33UVB_20240809T061604.SAFE,,True,25,31,2,3,2,2,inventoried
S2B_MSIL2A_20230121T102239_N0510_R065_T33UVB_20240811T133047,L2A,S2B_MSIL2A_20230121T102239_N0510_R065_T33UVB_20240811T133047.SAFE,S2B,2023-01-21T10:22:39Z,2023-01-21,2023,T33UVB,65,N0510,2024-08-11T13:30:47Z,S2B_MSIL2A_20230121T102239_N0510_R065_T33UVB_20240811T133047.SAFE,,True,25,31,2,3,2,2,inventoried
S2B_MSIL2A_20230124T103229_N0510_R108_T33UVB_20240808T071303,L2A,S2B_MSIL2A_20230124T103229_N0510_R108_T33UVB_20240808T071303.SAFE,S2B,2023-01-24T10:32:29Z,2023-01-24,2023,T33UVB,108,N0510,2024-08-08T07:13:03Z,S2B_MSIL2A_20230124T103229_N0510_R108_T33UVB_20240808T071303.SAFE,,True,25,31,2,3,2,2,inventoried
S2A_MSIL2A_20230126T102311_N0510_R065_T33UVB_20240810T093409,L2A,S2A_MSIL2A_20230126T102311_N0510_R065_T33UVB_20240810T093409.SAFE,S2A,2023-01-26T10:23:11Z,2023-01-26,2023,T33UVB,65,N0510,2024-08-10T09:34:09Z,S2A_MSIL2A_20230126T102311_N0510_R065_T33UVB_20240810T093409.SAFE,,True,25,31,2,3,2,2,inventoried
S2A_MSIL2A_20230129T103301_N0510_R108_T33UVB_20240808T035549,L2A,S2A_MSIL2A_20230129T103301_N0510_R108_T33UVB_20240808T035549.SAFE,S2A,2023-01-29T10:33:01Z,2023-01-29,2023,T33UVB,108,N0510,2024-08-08T03:55:49Z,S2A_MSIL2A_20230129T103301_N0510_R108_T33UVB_20240808T035549.SAFE,,True,25,31,2,3,2,2,inventoried
S2B_MSIL2A_20230131T102149_N0510_R065_T33UVB_20240807T024425,L2A,S2B_MSIL2A_20230131T102149_N0510_R065_T33UVB_20240807T024425.SAFE,S2B,2023-01-31T10:21:49Z,2023-01-31,2023,T33UVB,65,N0510,2024-08-07T02:44:25Z,S2B_MSIL2A_20230131T102149_N0510_R065_T33UVB_20240807T024425.SAFE,,True,25,31,2,3,2,2,inventoried
S2B_MSIL2A_20230203T103139_N0510_R108_T33UVB_20240816T061633,L2A,S2B_MSIL2A_20230203T103139_N0510_R108_T33UVB_20240816T061633.SAFE,S2B,2023-02-03T10:31:39Z,2023-02-03,2023,T33UVB,108,N0510,2024-08-16T06:16:33Z,S2B_MSIL2A_20230203T103139_N0510_R108_T33UVB_20240816T061633.SAFE,,True,25,31,2,3,2,2,inventoried
S2A_MSIL2A_20230205T102221_N0510_R065_T33UVB_20240817T045445,L2A,S2A_MSIL2A_20230205T102221_N0510_R065_T33UVB_20240817T045445.SAFE,S2A,2023-02-05T10:22:21Z,2023-02-05,2023,T33UVB,65,N0510,2024-08-17T04:54:45Z,S2A_MSIL2A_20230205T102221_N0510_R065_T33UVB_20240817T045445.SAFE,,True,25,31,2,3,2,2,inventoried
S2A_MSIL2A_20230208T103211_N0510_R108_T33UVB_20240812T224916,L2A,S2A_MSIL2A_20230208T103211_N0510_R108_T33UVB_20240812T224916.SAFE,S2A,2023-02-08T10:32:11Z,2023-02-08,2023,T33UVB,108,N0510,2024-08-12T22:49:16Z,S2A_MSIL2A_20230208T103211_N0510_R108_T33UVB_20240812T224916.SAFE,,True,25,31,2,3,2,2,inventoried
S2B_MSIL2A_20230210T102049_N0510_R065_T33UVB_20240813T082206,L2A,S2B_MSIL2A_20230210T102049_N0510_R065_T33UVB_20240813T082206.SAFE,S2B,2023-02-10T10:20:49Z,2023-02-10,2023,T33UVB,65,N0510,2024-08-13T08:22:06Z,S2B_MSIL2A_20230210T102049_N0510_R065_T33UVB_20240813T082206.SAFE,,True,25,31,2,3,2,2,inventoried
S2B_MSIL2A_20230213T103039_N0510_R108_T33UVB_20240816T181536,L2A,S2B_MSIL2A_20230213T103039_N0510_R108_T33UVB_20240816T181536.SAFE,S2B,2023-02-13T10:30:39Z,2023-02-13,2023,T33UVB,108,N0510,2024-08-16T18:15:36Z,S2B_MSIL2A_20230213T103039_N0510_R108_T33UVB_20240816T181536.SAFE,,True,25,31,2,3,2,2,inventoried
S2A_MSIL2A_20230215T102121_N0510_R065_T33UVB_20240820T082415,L2A,S2A_MSIL2A_20230215T102121_N0510_R065_T33UVB_20240820T082415.SAFE,S2A,2023-02-15T10:21:21Z,2023-02-15,2023,T33UVB,65,N0510,2024-08-20T08:24:15Z,S2A_MSIL2A_20230215T102121_N0510_R065_T33UVB_20240820T082415.SAFE,,True,25,31,2,3,2,2,inventoried
S2A_MSIL2A_20230218T103101_N0510_R108_T33UVB_20240820T201214,L2A,S2A_MSIL2A_20230218T103101_N0510_R108_T33UVB_20240820T201214.SAFE,S2A,2023-02-18T10:31:01Z,2023-02-18,2023,T33UVB,108,N0510,2024-08-20T20:12:14Z,S2A_MSIL2A_20230218T103101_N0510_R108_T33UVB_20240820T201214.SAFE,,True,25,31,2,3,2,2,inventoried
S2B_MSIL2A_20230220T101949_N0510_R065_T33UVB_20240814T115509,L2A,S2B_MSIL2A_20230220T101949_N0510_R065_T33UVB_20240814T115509.SAFE,S2B,2023-02-20T10:19:49Z,2023-02-20,2023,T33UVB,65,N0510,2024-08-14T11:55:09Z,S2B_MSIL2A_20230220T101949_N0510_R065_T33UVB_20240814T115509.SAFE,,True,25,31,2,3,2,2,inventoried
S2B_MSIL2A_20230223T102929_N0510_R108_T33UVB_20240818T094345,L2A,S2B_MSIL2A_20230223T102929_N0510_R108_T33UVB_20240818T094345.SAFE,S2B,2023-02-23T10:29:29Z,2023-02-23,2023,T33UVB,108,N0510,2024-08-18T09:43:45Z,S2B_MSIL2A_20230223T102929_N0510_R108_T33UVB_20240818T094345.SAFE,,True,25,31,2,3,2,2,inventoried
S2A_MSIL2A_20230225T102021_N0510_R065_T33UVB_20240817T140046,L2A,S2A_MSIL2A_20230225T102021_N0510_R065_T33UVB_20240817T140046.SAFE,S2A,2023-02-25T10:20:21Z,2023-02-25,2023,T33UVB,65,N0510,2024-08-17T14:00:46Z,S2A_MSIL2A_20230225T102021_N0510_R065_T33UVB_20240817T140046.SAFE,,True,25,31,2,3,2,2,inventoried
S2A_MSIL2A_20230228T102951_N0510_R108_T33UVB_20240820T102902,L2A,S2A_MSIL2A_20230228T102951_N0510_R108_T33UVB_20240820T102902.SAFE,S2A,2023-02-28T10:29:51Z,2023-02-28,2023,T33UVB,108,N0510,2024-08-20T10:29:02Z,S2A_MSIL2A_20230228T102951_N0510_R108_T33UVB_20240820T102902.SAFE,,True,25,31,2,3,2,2,inventoried
S2B_MSIL2A_20230302T101839_N0510_R065_T33UVB_20240817T235742,L2A,S2B_MSIL2A_20230302T101839_N0510_R065_T33UVB_20240817T235742.SAFE,S2B,2023-03-02T10:18:39Z,2023-03-02,2023,T33UVB,65,N0510,2024-08-17T23:57:42Z,S2B_MSIL2A_20230302T101839_N0510_R065_T33UVB_20240817T235742.SAFE,,True,25,31,2,3,2,2,inventoried
S2B_MSIL2A_20230305T102829_N0510_R108_T33UVB_20240819T193214,L2A,S2B_MSIL2A_20230305T102829_N0510_R108_T33UVB_20240819T193214.SAFE,S2B,2023-03-05T10:28:29Z,2023-03-05,2023,T33UVB,108,N0510,2024-08-19T19:32:14Z,S2B_MSIL2A_20230305T102829_N0510_R108_T33UVB_20240819T193214.SAFE,,True,25,31,2,3,2,2,inventoried
S2A_MSIL2A_20230307T101901_N0510_R065_T33UVB_20240820T210352,L2A,S2A_MSIL2A_20230307T101901_N0510_R065_T33UVB_20240820T210352.SAFE,S2A,2023-03-07T10:19:01Z,2023-03-07,2023,T33UVB,65,N0510,2024-08-20T21:03:52Z,S2A_MSIL2A_20230307T101901_N0510_R065_T33UVB_20240820T210352.SAFE,,True,25,31,2,3,2,2,inventoried
S2A_MSIL2A_20230310T102841_N0510_R108_T33UVB_20240824T034540,L2A,S2A_MSIL2A_20230310T102841_N0510_R108_T33UVB_20240824T034540.SAFE,S2A,2023-03-10T10:28:41Z,2023-03-10,2023,T33UVB,108,N0510,2024-08-24T03:45:40Z,S2A_MSIL2A_20230310T102841_N0510_R108_T33UVB_20240824T034540.SAFE,,True,25,31,2,3,2,2,inventoried
S2B_MSIL2A_20230312T101729_N0510_R065_T33UVB_20240818T202748,L2A,S2B_MSIL2A_20230312T101729_N0510_R065_T33UVB_20240818T202748.SAFE,S2B,2023-03-12T10:17:29Z,2023-03-12,2023,T33UVB,65,N0510,2024-08-18T20:27:48Z,S2B_MSIL2A_20230312T101729_N0510_R065_T33UVB_20240818T202748.SAFE,,True,25,31,2,3,2,2,inventoried
S2B_MSIL2A_20230315T102719_N0510_R108_T33UVB_20240828T132111,L2A,S2B_MSIL2A_20230315T102719_N0510_R108_T33UVB_20240828T132111.SAFE,S2B,2023-03-15T10:27:19Z,2023-03-15,2023,T33UVB,108,N0510,2024-08-28T13:21:11Z,S2B_MSIL2A_20230315T102719_N0510_R108_T33UVB_20240828T132111.SAFE,,True,25,31,2,3,2,2,inventoried
S2A_MSIL2A_20230317T101741_N0510_R065_T33UVB_20240830T101604,L2A,S2A_MSIL2A_20230317T101741_N0510_R065_T33UVB_20240830T101604.SAFE,S2A,2023-03-17T10:17:41Z,2023-03-17,2023,T33UVB,65,N0510,2024-08-30T10:16:04Z,S2A_MSIL2A_20230317T101741_N0510_R065_T33UVB_20240830T101604.SAFE,,True,25,31,2,3,2,2,inventoried
S2A_MSIL2A_20230320T102731_N0510_R108_T33UVB_20240826T022705,L2A,S2A_MSIL2A_20230320T102731_N0510_R108_T33UVB_20240826T022705.SAFE,S2A,2023-03-20T10:27:31Z,2023-03-20,2023,T33UVB,108,N0510,2024-08-26T02:27:05Z,S2A_MSIL2A_20230320T102731_N0510_R108_T33UVB_20240826T022705.SAFE,,True,25,31,2,3,2,2,inventoried
S2B_MSIL2A_20230322T101649_N0510_R065_T33UVB_20240827T150923,L2A,S2B_MSIL2A_20230322T101649_N0510_R065_T33UVB_20240827T150923.SAFE,S2B,2023-03-22T10:16:49Z,2023-03-22,2023,T33UVB,65,N0510,2024-08-27T15:09:23Z,S2B_MSIL2A_20230322T101649_N0510_R065_T33UVB_20240827T150923.SAFE,,True,25,31,2,3,2,2,inventoried
S2B_MSIL2A_20230325T102649_N0510_R108_T33UVB_20240825T092825,L2A,S2B_MSIL2A_20230325T102649_N0510_R108_T33UVB_20240825T092825.SAFE,S2B,2023-03-25T10:26:49Z,2023-03-25,2023,T33UVB,108,N0510,2024-08-25T09:28:25Z,S2B_MSIL2A_20230325T102649_N0510_R108_T33UVB_20240825T092825.SAFE,,True,25,31,2,3,2,2,inventoried
S2A_MSIL2A_20230327T101631_N0510_R065_T33UVB_20240827T022738,L2A,S2A_MSIL2A_20230327T101631_N0510_R065_T33UVB_20240827T022738.SAFE,S2A,2023-03-27T10:16:31Z,2023-03-27,2023,T33UVB,65,N0510,2024-08-27T02:27:38Z,S2A_MSIL2A_20230327T101631_N0510_R065_T33UVB_20240827T022738.SAFE,,True,25,31,2,3,2,2,inventoried
S2A_MSIL2A_20230330T102621_N0510_R108_T33UVB_20240824T225606,L2A,S2A_MSIL2A_20230330T102621_N0510_R108_T33UVB_20240824T225606.SAFE,S2A,2023-03-30T10:26:21Z,2023-03-30,2023,T33UVB,108,N0510,2024-08-24T22:56:06Z,S2A_MSIL2A_20230330T102621_N0510_R108_T33UVB_20240824T225606.SAFE,,True,25,31,2,3,2,2,inventoried
S2B_MSIL2A_20230401T101559_N0510_R065_T33UVB_20240828T002633,L2A,S2B_MSIL2A_20230401T101559_N0510_R065_T33UVB_20240828T002633.SAFE,S2B,2023-04-01T10:15:59Z,2023-04-01,2023,T33UVB,65,N0510,2024-08-28T00:26:33Z,S2B_MSIL2A_20230401T101559_N0510_R065_T33UVB_20240828T002633.SAFE,,True,25,31,2,3,2,2,inventoried
S2B_MSIL2A_20230404T102559_N0510_R108_T33UVB_20241120T230550,L2A,S2B_MSIL2A_20230404T102559_N0510_R108_T33UVB_20241120T230550.SAFE,S2B,2023-04-04T10:25:59Z,2023-04-04,2023,T33UVB,108,N0510,2024-11-20T23:05:50Z,S2B_MSIL2A_20230404T102559_N0510_R108_T33UVB_20241120T230550.SAFE,,True,25,31,2,3,2,2,inventoried
S2A_MSIL2A_20230406T102021_N0510_R065_T33UVB_20240827T104546,L2A,S2A_MSIL2A_20230406T102021_N0510_R065_T33UVB_20240827T104546.SAFE,S2A,2023-04-06T10:20:21Z,2023-04-06,2023,T33UVB,65,N0510,2024-08-27T10:45:46Z,S2A_MSIL2A_20230406T102021_N0510_R065_T33UVB_20240827T104546.SAFE,,True,25,31,2,3,2,2,inventoried
S2A_MSIL2A_20230409T102601_N0510_R108_T33UVB_20240825T073043,L2A,S2A_MSIL2A_20230409T102601_N0510_R108_T33UVB_20240825T073043.SAFE,S2A,2023-04-09T10:26:01Z,2023-04-09,2023,T33UVB,108,N0510,2024-08-25T07:30:43Z,S2A_MSIL2A_20230409T102601_N0510_R108_T33UVB_20240825T073043.SAFE,,True,25,31,2,3,2,2,inventoried
S2B_MSIL2A_20230411T101559_N0510_R065_T33UVB_20240827T061932,L2A,S2B_MSIL2A_20230411T101559_N0510_R065_T33UVB_20240827T061932.SAFE,S2B,2023-04-11T10:15:59Z,2023-04-11,2023,T33UVB,65,N0510,2024-08-27T06:19:32Z,S2B_MSIL2A_20230411T101559_N0510_R065_T33UVB_20240827T061932.SAFE,,True,25,31,2,3,2,2,inventoried
S2B_MSIL2A_20230414T102559_N0510_R108_T33UVB_20240829T144149,L2A,S2B_MSIL2A_20230414T102559_N0510_R108_T33UVB_20240829T144149.SAFE,S2B,2023-04-14T10:25:59Z,2023-04-14,2023,T33UVB,108,N0510,2024-08-29T14:41:49Z,S2B_MSIL2A_20230414T102559_N0510_R108_T33UVB_20240829T144149.SAFE,,True,25,31,2,3,2,2,inventoried
S2A_MSIL2A_20230416T101601_N0510_R065_T33UVB_20240904T172156,L2A,S2A_MSIL2A_20230416T101601_N0510_R065_T33UVB_20240904T172156.SAFE,S2A,2023-04-16T10:16:01Z,2023-04-16,2023,T33UVB,65,N0510,2024-09-04T17:21:56Z,S2A_MSIL2A_20230416T101601_N0510_R065_T33UVB_20240904T172156.SAFE,,True,25,31,2,3,2,2,inventoried
S2A_MSIL2A_20230419T102601_N0510_R108_T33UVB_20240905T080829,L2A,S2A_MSIL2A_20230419T102601_N0510_R108_T33UVB_20240905T080829.SAFE,S2A,2023-04-19T10:26:01Z,2023-04-19,2023,T33UVB,108,N0510,2024-09-05T08:08:29Z,S2A_MSIL2A_20230419T102601_N0510_R108_T33UVB_20240905T080829.SAFE,,True,25,31,2,3,2,2,inventoried
S2B_MSIL2A_20230421T101559_N0510_R065_T33UVB_20240904T044255,L2A,S2B_MSIL2A_20230421T101559_N0510_R065_T33UVB_20240904T044255.SAFE,S2B,2023-04-21T10:15:59Z,2023-04-21,2023,T33UVB,65,N0510,2024-09-04T04:42:55Z,S2B_MSIL2A_20230421T101559_N0510_R065_T33UVB_20240904T044255.SAFE,,True,25,31,2,3,2,2,inventoried
S2B_MSIL2A_20230424T102559_N0510_R108_T33UVB_20240831T202151,L2A,S2B_MSIL2A_20230424T102559_N0510_R108_T33UVB_20240831T202151.SAFE,S2B,2023-04-24T10:25:59Z,2023-04-24,2023,T33UVB,108,N0510,2024-08-31T20:21:51Z,S2B_MSIL2A_20230424T102559_N0510_R108_T33UVB_20240831T202151.SAFE,,True,25,31,2,3,2,2,inventoried
S2A_MSIL2A_20230426T101601_N0510_R065_T33UVB_20240903T123109,L2A,S2A_MSIL2A_20230426T101601_N0510_R065_T33UVB_20240903T123109.SAFE,S2A,2023-04-26T10:16:01Z,2023-04-26,2023,T33UVB,65,N0510,2024-09-03T12:31:09Z,S2A_MSIL2A_20230426T101601_N0510_R065_T33UVB_20240903T123109.SAFE,,True,25,31,2,3,2,2,inventoried
S2A_MSIL2A_20230429T102601_N0510_R108_T33UVB_20240901T233656,L2A,S2A_MSIL2A_20230429T102601_N0510_R108_T33UVB_20240901T233656.SAFE,S2A,2023-04-29T10:26:01Z,2023-04-29,2023,T33UVB,108,N0510,2024-09-01T23:36:56Z,S2A_MSIL2A_20230429T102601_N0510_R108_T33UVB_20240901T233656.SAFE,,True,25,31,2,3,2,2,inventoried
S2B_MSIL2A_20230501T101559_N0510_R065_T33UVB_20240831T184103,L2A,S2B_MSIL2A_20230501T101559_N0510_R065_T33UVB_20240831T184103.SAFE,S2B,2023-05-01T10:15:59Z,2023-05-01,2023,T33UVB,65,N0510,2024-08-31T18:41:03Z,S2B_MSIL2A_20230501T101559_N0510_R065_T33UVB_20240831T184103.SAFE,,True,25,31,2,3,2,2,inventoried
S2B_MSIL2A_20230504T102559_N0510_R108_T33UVB_20240908T094659,L2A,S2B_MSIL2A_20230504T102559_N0510_R108_T33UVB_20240908T094659.SAFE,S2B,2023-05-04T10:25:59Z,2023-05-04,2023,T33UVB,108,N0510,2024-09-08T09:46:59Z,S2B_MSIL2A_20230504T102559_N0510_R108_T33UVB_20240908T094659.SAFE,,True,25,31,2,3,2,2,inventoried
S2A_MSIL2A_20230506T101601_N0510_R065_T33UVB_20240902T035258,L2A,S2A_MSIL2A_20230506T101601_N0510_R065_T33UVB_20240902T035258.SAFE,S2A,2023-05-06T10:16:01Z,2023-05-06,2023,T33UVB,65,N0510,2024-09-02T03:52:58Z,S2A_MSIL2A_20230506T101601_N0510_R065_T33UVB_20240902T035258.SAFE,,True,25,31,2,3,2,2,inventoried
S2A_MSIL2A_20230509T102601_N0510_R108_T33UVB_20240903T070841,L2A,S2A_MSIL2A_20230509T102601_N0510_R108_T33UVB_20240903T070841.SAFE,S2A,2023-05-09T10:26:01Z,2023-05-09,2023,T33UVB,108,N0510,2024-09-03T07:08:41Z,S2A_MSIL2A_20230509T102601_N0510_R108_T33UVB_20240903T070841.SAFE,,True,25,31,2,3,2,2,inventoried
S2B_MSIL2A_20230511T101559_N0510_R065_T33UVB_20240906T070917,L2A,S2B_MSIL2A_20230511T101559_N0510_R065_T33UVB_20240906T070917.SAFE,S2B,2023-05-11T10:15:59Z,2023-05-11,2023,T33UVB,65,N0510,2024-09-06T07:09:17Z,S2B_MSIL2A_20230511T101559_N0510_R065_T33UVB_20240906T070917.SAFE,,True,25,31,2,3,2,2,inventoried
S2B_MSIL2A_20230514T102559_N0510_R108_T33UVB_20240902T095717,L2A,S2B_MSIL2A_20230514T102559_N0510_R108_T33UVB_20240902T095717.SAFE,S2B,2023-05-14T10:25:59Z,2023-05-14,2023,T33UVB,108,N0510,2024-09-02T09:57:17Z,S2B_MSIL2A_20230514T102559_N0510_R108_T33UVB_20240902T095717.SAFE,,True,25,31,2,3,2,2,inventoried
S2A_MSIL2A_20230516T101601_N0510_R065_T33UVB_20240904T063917,L2A,S2A_MSIL2A_20230516T101601_N0510_R065_T33UVB_20240904T063917.SAFE,S2A,2023-05-16T10:16:01Z,2023-05-16,2023,T33UVB,65,N0510,2024-09-04T06:39:17Z,S2A_MSIL2A_20230516T101601_N0510_R065_T33UVB_20240904T063917.SAFE,,True,25,31,2,3,2,2,inventoried
S2A_MSIL2A_20230519T102601_N0510_R108_T33UVB_20240908T181027,L2A,S2A_MSIL2A_20230519T102601_N0510_R108_T33UVB_20240908T181027.SAFE,S2A,2023-05-19T10:26:01Z,2023-05-19,2023,T33UVB,108,N0510,2024-09-08T18:10:27Z,S2A_MSIL2A_20230519T102601_N0510_R108_T33UVB_20240908T181027.SAFE,,True,25,31,2,3,2,2,inventoried
S2B_MSIL2A_20230521T101609_N0510_R065_T33UVB_20240904T180729,L2A,S2B_MSIL2A_20230521T101609_N0510_R065_T33UVB_20240904T180729.SAFE,S2B,2023-05-21T10:16:09Z,2023-05-21,2023,T33UVB,65,N0510,2024-09-04T18:07:29Z,S2B_MSIL2A_20230521T101609_N0510_R065_T33UVB_20240904T180729.SAFE,,True,25,31,2,3,2,2,inventoried
S2B_MSIL2A_20230524T102609_N0510_R108_T33UVB_20240908T045416,L2A,S2B_MSIL2A_20230524T102609_N0510_R108_T33UVB_20240908T045416.SAFE,S2B,2023-05-24T10:26:09Z,2023-05-24,2023,T33UVB,108,N0510,2024-09-08T04:54:16Z,S2B_MSIL2A_20230524T102609_N0510_R108_T33UVB_20240908T045416.SAFE,,True,25,31,2,3,2,2,inventoried
S2A_MSIL2A_20230526T101601_N0510_R065_T33UVB_20240907T023333,L2A,S2A_MSIL2A_20230526T101601_N0510_R065_T33UVB_20240907T023333.SAFE,S2A,2023-05-26T10:16:01Z,2023-05-26,2023,T33UVB,65,N0510,2024-09-07T02:33:33Z,S2A_MSIL2A_20230526T101601_N0510_R065_T33UVB_20240907T023333.SAFE,,True,25,31,2,3,2,2,inventoried
S2A_MSIL2A_20230529T102601_N0510_R108_T33UVB_20240906T232328,L2A,S2A_MSIL2A_20230529T102601_N0510_R108_T33UVB_20240906T232328.SAFE,S2A,2023-05-29T10:26:01Z,2023-05-29,2023,T33UVB,108,N0510,2024-09-06T23:23:28Z,S2A_MSIL2A_20230529T102601_N0510_R108_T33UVB_20240906T232328.SAFE,,True,25,31,2,3,2,2,inventoried
S2B_MSIL2A_20230531T101559_N0510_R065_T33UVB_20240908T144756,L2A,S2B_MSIL2A_20230531T101559_N0510_R065_T33UVB_20240908T144756.SAFE,S2B,2023-05-31T10:15:59Z,2023-05-31,2023,T33UVB,65,N0510,2024-09-08T14:47:56Z,S2B_MSIL2A_20230531T101559_N0510_R065_T33UVB_20240908T144756.SAFE,,True,25,31,2,3,2,2,inventoried
S2B_MSIL2A_20230603T102559_N0510_R108_T33UVB_20240925T032247,L2A,S2B_MSIL2A_20230603T102559_N0510_R108_T33UVB_20240925T032247.SAFE,S2B,2023-06-03T10:25:59Z,2023-06-03,2023,T33UVB,108,N0510,2024-09-25T03:22:47Z,S2B_MSIL2A_20230603T102559_N0510_R108_T33UVB_20240925T032247.SAFE,,True,25,31,2,3,2,2,inventoried
S2A_MSIL2A_20230605T101601_N0510_R065_T33UVB_20240926T220931,L2A,S2A_MSIL2A_20230605T101601_N0510_R065_T33UVB_20240926T220931.SAFE,S2A,2023-06-05T10:16:01Z,2023-06-05,2023,T33UVB,65,N0510,2024-09-26T22:09:31Z,S2A_MSIL2A_20230605T101601_N0510_R065_T33UVB_20240926T220931.SAFE,,True,25,31,2,3,2,2,inventoried
S2A_MSIL2A_20230608T102601_N0510_R108_T33UVB_20240911T162539,L2A,S2A_MSIL2A_20230608T102601_N0510_R108_T33UVB_20240911T162539.SAFE,S2A,2023-06-08T10:26:01Z,2023-06-08,2023,T33UVB,108,N0510,2024-09-11T16:25:39Z,S2A_MSIL2A_20230608T102601_N0510_R108_T33UVB_20240911T162539.SAFE,,True,25,31,2,3,2,2,inventoried
S2B_MSIL2A_20230610T101609_N0510_R065_T33UVB_20240909T065358,L2A,S2B_MSIL2A_20230610T101609_N0510_R065_T33UVB_20240909T065358.SAFE,S2B,2023-06-10T10:16:09Z,2023-06-10,2023,T33UVB,65,N0510,2024-09-09T06:53:58Z,S2B_MSIL2A_20230610T101609_N0510_R065_T33UVB_20240909T065358.SAFE,,True,25,31,2,3,2,2,inventoried
S2B_MSIL2A_20230613T102609_N0510_R108_T33UVB_20240927T100544,L2A,S2B_MSIL2A_20230613T102609_N0510_R108_T33UVB_20240927T100544.SAFE,S2B,2023-06-13T10:26:09Z,2023-06-13,2023,T33UVB,108,N0510,2024-09-27T10:05:44Z,S2B_MSIL2A_20230613T102609_N0510_R108_T33UVB_20240927T100544.SAFE,,True,25,31,2,3,2,2,inventoried
S2A_MSIL2A_20230615T102031_N0510_R065_T33UVB_20240912T065622,L2A,S2A_MSIL2A_20230615T102031_N0510_R065_T33UVB_20240912T065622.SAFE,S2A,2023-06-15T10:20:31Z,2023-06-15,2023,T33UVB,65,N0510,2024-09-12T06:56:22Z,S2A_MSIL2A_20230615T102031_N0510_R065_T33UVB_20240912T065622.SAFE,,True,25,31,2,3,2,2,inventoried
S2A_MSIL2A_20230618T102601_N0510_R108_T33UVB_20240909T051514,L2A,S2A_MSIL2A_20230618T102601_N0510_R108_T33UVB_20240909T051514.SAFE,S2A,2023-06-18T10:26:01Z,2023-06-18,2023,T33UVB,108,N0510,2024-09-09T05:15:14Z,S2A_MSIL2A_20230618T102601_N0510_R108_T33UVB_20240909T051514.SAFE,,True,25,31,2,3,2,2,inventoried
S2B_MSIL2A_20230620T101559_N0510_R065_T33UVB_20240909T210307,L2A,S2B_MSIL2A_20230620T101559_N0510_R065_T33UVB_20240909T210307.SAFE,S2B,2023-06-20T10:15:59Z,2023-06-20,2023,T33UVB,65,N0510,2024-09-09T21:03:07Z,S2B_MSIL2A_20230620T101559_N0510_R065_T33UVB_20240909T210307.SAFE,,True,25,31,2,3,2,2,inventoried
S2B_MSIL2A_20230623T102559_N0510_R108_T33UVB_20240909T013344,L2A,S2B_MSIL2A_20230623T102559_N0510_R108_T33UVB_20240909T013344.SAFE,S2B,2023-06-23T10:25:59Z,2023-06-23,2023,T33UVB,108,N0510,2024-09-09T01:33:44Z,S2B_MSIL2A_20230623T102559_N0510_R108_T33UVB_20240909T013344.SAFE,,True,25,31,2,3,2,2,inventoried
S2A_MSIL2A_20230625T101601_N0510_R065_T33UVB_20240910T111718,L2A,S2A_MSIL2A_20230625T101601_N0510_R065_T33UVB_20240910T111718.SAFE,S2A,2023-06-25T10:16:01Z,2023-06-25,2023,T33UVB,65,N0510,2024-09-10T11:17:18Z,S2A_MSIL2A_20230625T101601_N0510_R065_T33UVB_20240910T111718.SAFE,,True,25,31,2,3,2,2,inventoried
S2A_MSIL2A_20230628T102601_N0510_R108_T33UVB_20241003T161149,L2A,S2A_MSIL2A_20230628T102601_N0510_R108_T33UVB_20241003T161149.SAFE,S2A,2023-06-28T10:26:01Z,2023-06-28,2023,T33UVB,108,N0510,2024-10-03T16:11:49Z,S2A_MSIL2A_20230628T102601_N0510_R108_T33UVB_20241003T161149.SAFE,,True,25,31,2,3,2,2,inventoried
S2B_MSIL2A_20230630T101609_N0510_R065_T33UVB_20240927T003422,L2A,S2B_MSIL2A_20230630T101609_N0510_R065_T33UVB_20240927T003422.SAFE,S2B,2023-06-30T10:16:09Z,2023-06-30,2023,T33UVB,65,N0510,2024-09-27T00:34:22Z,S2B_MSIL2A_20230630T101609_N0510_R065_T33UVB_20240927T003422.SAFE,,True,25,31,2,3,2,2,inventoried
S2B_MSIL2A_20230703T102609_N0510_R108_T33UVB_20240913T080738,L2A,S2B_MSIL2A_20230703T102609_N0510_R108_T33UVB_20240913T080738.SAFE,S2B,2023-07-03T10:26:09Z,2023-07-03,2023,T33UVB,108,N0510,2024-09-13T08:07:38Z,S2B_MSIL2A_20230703T102609_N0510_R108_T33UVB_20240913T080738.SAFE,,True,25,31,2,3,2,2,inventoried
S2A_MSIL2A_20230705T101601_N0510_R065_T33UVB_20240912T234500,L2A,S2A_MSIL2A_20230705T101601_N0510_R065_T33UVB_20240912T234500.SAFE,S2A,2023-07-05T10:16:01Z,2023-07-05,2023,T33UVB,65,N0510,2024-09-12T23:45:00Z,S2A_MSIL2A_20230705T101601_N0510_R065_T33UVB_20240912T234500.SAFE,,True,25,31,2,3,2,2,inventoried
S2A_MSIL2A_20230708T102601_N0510_R108_T33UVB_20241023T140847,L2A,S2A_MSIL2A_20230708T102601_N0510_R108_T33UVB_20241023T140847.SAFE,S2A,2023-07-08T10:26:01Z,2023-07-08,2023,T33UVB,108,N0510,2024-10-23T14:08:47Z,S2A_MSIL2A_20230708T102601_N0510_R108_T33UVB_20241023T140847.SAFE,,True,25,31,2,3,2,2,inventoried
S2B_MSIL2A_20230710T101609_N0510_R065_T33UVB_20240913T122821,L2A,S2B_MSIL2A_20230710T101609_N0510_R065_T33UVB_20240913T122821.SAFE,S2B,2023-07-10T10:16:09Z,2023-07-10,2023,T33UVB,65,N0510,2024-09-13T12:28:21Z,S2B_MSIL2A_20230710T101609_N0510_R065_T33UVB_20240913T122821.SAFE,,True,25,31,2,3,2,2,inventoried
S2B_MSIL2A_20230713T102649_N0510_R108_T33UVB_20240930T161409,L2A,S2B_MSIL2A_20230713T102649_N0510_R108_T33UVB_20240930T161409.SAFE,S2B,2023-07-13T10:26:49Z,2023-07-13,2023,T33UVB,108,N0510,2024-09-30T16:14:09Z,S2B_MSIL2A_20230713T102649_N0510_R108_T33UVB_20240930T161409.SAFE,,True,25,31,2,3,2,2,inventoried
S2A_MSIL2A_20230715T101601_N0510_R065_T33UVB_20240913T153043,L2A,S2A_MSIL2A_20230715T101601_N0510_R065_T33UVB_20240913T153043.SAFE,S2A,2023-07-15T10:16:01Z,2023-07-15,2023,T33UVB,65,N0510,2024-09-13T15:30:43Z,S2A_MSIL2A_20230715T101601_N0510_R065_T33UVB_20240913T153043.SAFE,,True,25,31,2,3,2,2,inventoried
S2A_MSIL2A_20230718T102601_N0510_R108_T33UVB_20241019T083349,L2A,S2A_MSIL2A_20230718T102601_N0510_R108_T33UVB_20241019T083349.SAFE,S2A,2023-07-18T10:26:01Z,2023-07-18,2023,T33UVB,108,N0510,2024-10-19T08:33:49Z,S2A_MSIL2A_20230718T102601_N0510_R108_T33UVB_20241019T083349.SAFE,,True,25,31,2,3,2,2,inventoried
S2B_MSIL2A_20230720T101609_N0510_R065_T33UVB_20240913T185526,L2A,S2B_MSIL2A_20230720T101609_N0510_R065_T33UVB_20240913T185526.SAFE,S2B,2023-07-20T10:16:09Z,2023-07-20,2023,T33UVB,65,N0510,2024-09-13T18:55:26Z,S2B_MSIL2A_20230720T101609_N0510_R065_T33UVB_20240913T185526.SAFE,,True,25,31,2,3,2,2,inventoried
S2B_MSIL2A_20230723T102609_N0510_R108_T33UVB_20241020T144323,L2A,S2B_MSIL2A_20230723T102609_N0510_R108_T33UVB_20241020T144323.SAFE,S2B,2023-07-23T10:26:09Z,2023-07-23,2023,T33UVB,108,N0510,2024-10-20T14:43:23Z,S2B_MSIL2A_20230723T102609_N0510_R108_T33UVB_20241020T144323.SAFE,,True,25,31,2,3,2,2,inventoried
S2A_MSIL2A_20230725T101601_N0510_R065_T33UVB_20241017T005903,L2A,S2A_MSIL2A_20230725T101601_N0510_R065_T33UVB_20241017T005903.SAFE,S2A,2023-07-25T10:16:01Z,2023-07-25,2023,T33UVB,65,N0510,2024-10-17T00:59:03Z,S2A_MSIL2A_20230725T101601_N0510_R065_T33UVB_20241017T005903.SAFE,,True,25,31,2,3,2,2,inventoried
S2A_MSIL2A_20230728T102601_N0510_R108_T33UVB_20241020T040431,L2A,S2A_MSIL2A_20230728T102601_N0510_R108_T33UVB_20241020T040431.SAFE,S2A,2023-07-28T10:26:01Z,2023-07-28,2023,T33UVB,108,N0510,2024-10-20T04:04:31Z,S2A_MSIL2A_20230728T102601_N0510_R108_T33UVB_20241020T040431.SAFE,,True,25,31,2,3,2,2,inventoried
S2B_MSIL2A_20230730T101609_N0510_R065_T33UVB_20241018T205646,L2A,S2B_MSIL2A_20230730T101609_N0510_R065_T33UVB_20241018T205646.SAFE,S2B,2023-07-30T10:16:09Z,2023-07-30,2023,T33UVB,65,N0510,2024-10-18T20:56:46Z,S2B_MSIL2A_20230730T101609_N0510_R065_T33UVB_20241018T205646.SAFE,,True,25,31,2,3,2,2,inventoried
S2B_MSIL2A_20230802T102609_N0510_R108_T33UVB_20241026T145026,L2A,S2B_MSIL2A_20230802T102609_N0510_R108_T33UVB_20241026T145026.SAFE,S2B,2023-08-02T10:26:09Z,2023-08-02,2023,T33UVB,108,N0510,2024-10-26T14:50:26Z,S2B_MSIL2A_20230802T102609_N0510_R108_T33UVB_20241026T145026.SAFE,,True,25,31,2,3,2,2,inventoried
S2A_MSIL2A_20230804T101601_N0510_R065_T33UVB_20241027T011117,L2A,S2A_MSIL2A_20230804T101601_N0510_R065_T33UVB_20241027T011117.SAFE,S2A,2023-08-04T10:16:01Z,2023-08-04,2023,T33UVB,65,N0510,2024-10-27T01:11:17Z,S2A_MSIL2A_20230804T101601_N0510_R065_T33UVB_20241027T011117.SAFE,,True,25,31,2,3,2,2,inventoried
S2A_MSIL2A_20230807T102601_N0510_R108_T33UVB_20241017T000611,L2A,S2A_MSIL2A_20230807T102601_N0510_R108_T33UVB_20241017T000611.SAFE,S2A,2023-08-07T10:26:01Z,2023-08-07,2023,T33UVB,108,N0510,2024-10-17T00:06:11Z,S2A_MSIL2A_20230807T102601_N0510_R108_T33UVB_20241017T000611.SAFE,,True,25,31,2,3,2,2,inventoried
S2B_MSIL2A_20230809T101609_N0510_R065_T33UVB_20241017T130121,L2A,S2B_MSIL2A_20230809T101609_N0510_R065_T33UVB_20241017T130121.SAFE,S2B,2023-08-09T10:16:09Z,2023-08-09,2023,T33UVB,65,N0510,2024-10-17T13:01:21Z,S2B_MSIL2A_20230809T101609_N0510_R065_T33UVB_20241017T130121.SAFE,,True,25,31,2,3,2,2,inventoried
S2B_MSIL2A_20230812T102609_N0510_R108_T33UVB_20241015T210227,L2A,S2B_MSIL2A_20230812T102609_N0510_R108_T33UVB_20241015T210227.SAFE,S2B,2023-08-12T10:26:09Z,2023-08-12,2023,T33UVB,108,N0510,2024-10-15T21:02:27Z,S2B_MSIL2A_20230812T102609_N0510_R108_T33UVB_20241015T210227.SAFE,,True,25,31,2,3,2,2,inventoried
S2A_MSIL2A_20230814T102031_N0510_R065_T33UVB_20241025T232411,L2A,S2A_MSIL2A_20230814T102031_N0510_R065_T33UVB_20241025T232411.SAFE,S2A,2023-08-14T10:20:31Z,2023-08-14,2023,T33UVB,65,N0510,2024-10-25T23:24:11Z,S2A_MSIL2A_20230814T102031_N0510_R065_T33UVB_20241025T232411.SAFE,,True,25,31,2,3,2,2,inventoried
S2A_MSIL2A_20230817T103031_N0510_R108_T33UVB_20241023T192631,L2A,S2A_MSIL2A_20230817T103031_N0510_R108_T33UVB_20241023T192631.SAFE,S2A,2023-08-17T10:30:31Z,2023-08-17,2023,T33UVB,108,N0510,2024-10-23T19:26:31Z,S2A_MSIL2A_20230817T103031_N0510_R108_T33UVB_20241023T192631.SAFE,,True,25,31,2,3,2,2,inventoried
S2B_MSIL2A_20230819T101609_N0510_R065_T33UVB_20241018T143254,L2A,S2B_MSIL2A_20230819T101609_N0510_R065_T33UVB_20241018T143254.SAFE,S2B,2023-08-19T10:16:09Z,2023-08-19,2023,T33UVB,65,N0510,2024-10-18T14:32:54Z,S2B_MSIL2A_20230819T101609_N0510_R065_T33UVB_20241018T143254.SAFE,,True,25,31,2,3,2,2,inventoried
S2B_MSIL2A_20230822T102609_N0510_R108_T33UVB_20241026T031333,L2A,S2B_MSIL2A_20230822T102609_N0510_R108_T33UVB_20241026T031333.SAFE,S2B,2023-08-22T10:26:09Z,2023-08-22,2023,T33UVB,108,N0510,2024-10-26T03:13:33Z,S2B_MSIL2A_20230822T102609_N0510_R108_T33UVB_20241026T031333.SAFE,,True,25,31,2,3,2,2,inventoried
S2A_MSIL2A_20230824T101601_N0510_R065_T33UVB_20241019T121712,L2A,S2A_MSIL2A_20230824T101601_N0510_R065_T33UVB_20241019T121712.SAFE,S2A,2023-08-24T10:16:01Z,2023-08-24,2023,T33UVB,65,N0510,2024-10-19T12:17:12Z,S2A_MSIL2A_20230824T101601_N0510_R065_T33UVB_20241019T121712.SAFE,,True,25,31,2,3,2,2,inventoried
S2A_MSIL2A_20230827T102601_N0510_R108_T33UVB_20241023T222301,L2A,S2A_MSIL2A_20230827T102601_N0510_R108_T33UVB_20241023T222301.SAFE,S2A,2023-08-27T10:26:01Z,2023-08-27,2023,T33UVB,108,N0510,2024-10-23T22:23:01Z,S2A_MSIL2A_20230827T102601_N0510_R108_T33UVB_20241023T222301.SAFE,,True,25,31,2,3,2,2,inventoried
S2B_MSIL2A_20230829T101609_N0510_R065_T33UVB_20241018T022739,L2A,S2B_MSIL2A_20230829T101609_N0510_R065_T33UVB_20241018T022739.SAFE,S2B,2023-08-29T10:16:09Z,2023-08-29,2023,T33UVB,65,N0510,2024-10-18T02:27:39Z,S2B_MSIL2A_20230829T101609_N0510_R065_T33UVB_20241018T022739.SAFE,,True,25,31,2,3,2,2,inventoried
S2B_MSIL2A_20230901T102609_N0510_R108_T33UVB_20241103T233758,L2A,S2B_MSIL2A_20230901T102609_N0510_R108_T33UVB_20241103T233758.SAFE,S2B,2023-09-01T10:26:09Z,2023-09-01,2023,T33UVB,108,N0510,2024-11-03T23:37:58Z,S2B_MSIL2A_20230901T102609_N0510_R108_T33UVB_20241103T233758.SAFE,,True,25,31,2,3,2,2,inventoried
S2A_MSIL2A_20230903T101601_N0510_R065_T33UVB_20241023T133057,L2A,S2A_MSIL2A_20230903T101601_N0510_R065_T33UVB_20241023T133057.SAFE,S2A,2023-09-03T10:16:01Z,2023-09-03,2023,T33UVB,65,N0510,2024-10-23T13:30:57Z,S2A_MSIL2A_20230903T101601_N0510_R065_T33UVB_20241023T133057.SAFE,,True,25,31,2,3,2,2,inventoried
S2A_MSIL2A_20230906T102601_N0511_R108_T33UVB_20250807T210304,L2A,S2A_MSIL2A_20230906T102601_N0511_R108_T33UVB_20250807T210304.SAFE,S2A,2023-09-06T10:26:01Z,2023-09-06,2023,T33UVB,108,N0511,2025-08-07T21:03:04Z,S2A_MSIL2A_20230906T102601_N0511_R108_T33UVB_20250807T210304.SAFE,,True,25,31,2,3,2,2,inventoried
S2B_MSIL2A_20230908T101559_N0510_R065_T33UVB_20241023T202405,L2A,S2B_MSIL2A_20230908T101559_N0510_R065_T33UVB_20241023T202405.SAFE,S2B,2023-09-08T10:15:59Z,2023-09-08,2023,T33UVB,65,N0510,2024-10-23T20:24:05Z,S2B_MSIL2A_20230908T101559_N0510_R065_T33UVB_20241023T202405.SAFE,,True,25,31,2,3,2,2,inventoried
S2B_MSIL2A_20230911T102609_N0510_R108_T33UVB_20241104T024256,L2A,S2B_MSIL2A_20230911T102609_N0510_R108_T33UVB_20241104T024256.SAFE,S2B,2023-09-11T10:26:09Z,2023-09-11,2023,T33UVB,108,N0510,2024-11-04T02:42:56Z,S2B_MSIL2A_20230911T102609_N0510_R108_T33UVB_20241104T024256.SAFE,,True,25,31,2,3,2,2,inventoried
S2A_MSIL2A_20230913T101631_N0510_R065_T33UVB_20241025T141615,L2A,S2A_MSIL2A_20230913T101631_N0510_R065_T33UVB_20241025T141615.SAFE,S2A,2023-09-13T10:16:31Z,2023-09-13,2023,T33UVB,65,N0510,2024-10-25T14:16:15Z,S2A_MSIL2A_20230913T101631_N0510_R065_T33UVB_20241025T141615.SAFE,,True,25,31,2,3,2,2,inventoried
S2A_MSIL2A_20230916T102651_N0510_R108_T33UVB_20241026T141319,L2A,S2A_MSIL2A_20230916T102651_N0510_R108_T33UVB_20241026T141319.SAFE,S2A,2023-09-16T10:26:51Z,2023-09-16,2023,T33UVB,108,N0510,2024-10-26T14:13:19Z,S2A_MSIL2A_20230916T102651_N0510_R108_T33UVB_20241026T141319.SAFE,,True,25,31,2,3,2,2,inventoried
S2B_MSIL2A_20230918T101649_N0510_R065_T33UVB_20241025T024846,L2A,S2B_MSIL2A_20230918T101649_N0510_R065_T33UVB_20241025T024846.SAFE,S2B,2023-09-18T10:16:49Z,2023-09-18,2023,T33UVB,65,N0510,2024-10-25T02:48:46Z,S2B_MSIL2A_20230918T101649_N0510_R065_T33UVB_20241025T024846.SAFE,,True,25,31,2,3,2,2,inventoried
S2B_MSIL2A_20230921T102649_N0510_R108_T33UVB_20241101T062018,L2A,S2B_MSIL2A_20230921T102649_N0510_R108_T33UVB_20241101T062018.SAFE,S2B,2023-09-21T10:26:49Z,2023-09-21,2023,T33UVB,108,N0510,2024-11-01T06:20:18Z,S2B_MSIL2A_20230921T102649_N0510_R108_T33UVB_20241101T062018.SAFE,,True,25,31,2,3,2,2,inventoried
S2A_MSIL2A_20230923T101731_N0510_R065_T33UVB_20241027T114647,L2A,S2A_MSIL2A_20230923T101731_N0510_R065_T33UVB_20241027T114647.SAFE,S2A,2023-09-23T10:17:31Z,2023-09-23,2023,T33UVB,65,N0510,2024-10-27T11:46:47Z,S2A_MSIL2A_20230923T101731_N0510_R065_T33UVB_20241027T114647.SAFE,,True,25,31,2,3,2,2,inventoried
S2A_MSIL2A_20230926T102801_N0510_R108_T33UVB_20241027T055635,L2A,S2A_MSIL2A_20230926T102801_N0510_R108_T33UVB_20241027T055635.SAFE,S2A,2023-09-26T10:28:01Z,2023-09-26,2023,T33UVB,108,N0510,2024-10-27T05:56:35Z,S2A_MSIL2A_20230926T102801_N0510_R108_T33UVB_20241027T055635.SAFE,,True,25,31,2,3,2,2,inventoried
S2B_MSIL2A_20230928T101719_N0510_R065_T33UVB_20241026T142623,L2A,S2B_MSIL2A_20230928T101719_N0510_R065_T33UVB_20241026T142623.SAFE,S2B,2023-09-28T10:17:19Z,2023-09-28,2023,T33UVB,65,N0510,2024-10-26T14:26:23Z,S2B_MSIL2A_20230928T101719_N0510_R065_T33UVB_20241026T142623.SAFE,,True,25,31,2,3,2,2,inventoried
S2B_MSIL2A_20231001T102739_N0510_R108_T33UVB_20241103T052838,L2A,S2B_MSIL2A_20231001T102739_N0510_R108_T33UVB_20241103T052838.SAFE,S2B,2023-10-01T10:27:39Z,2023-10-01,2023,T33UVB,108,N0510,2024-11-03T05:28:38Z,S2B_MSIL2A_20231001T102739_N0510_R108_T33UVB_20241103T052838.SAFE,,True,25,31,2,3,2,2,inventoried
S2A_MSIL2A_20231003T101841_N0510_R065_T33UVB_20241031T151049,L2A,S2A_MSIL2A_20231003T101841_N0510_R065_T33UVB_20241031T151049.SAFE,S2A,2023-10-03T10:18:41Z,2023-10-03,2023,T33UVB,65,N0510,2024-10-31T15:10:49Z,S2A_MSIL2A_20231003T101841_N0510_R065_T33UVB_20241031T151049.SAFE,,True,25,31,2,3,2,2,inventoried
S2A_MSIL2A_20231006T102911_N0510_R108_T33UVB_20241102T053803,L2A,S2A_MSIL2A_20231006T102911_N0510_R108_T33UVB_20241102T053803.SAFE,S2A,2023-10-06T10:29:11Z,2023-10-06,2023,T33UVB,108,N0510,2024-11-02T05:38:03Z,S2A_MSIL2A_20231006T102911_N0510_R108_T33UVB_20241102T053803.SAFE,,True,25,31,2,3,2,2,inventoried
S2B_MSIL2A_20231008T101829_N0510_R065_T33UVB_20241103T082727,L2A,S2B_MSIL2A_20231008T101829_N0510_R065_T33UVB_20241103T082727.SAFE,S2B,2023-10-08T10:18:29Z,2023-10-08,2023,T33UVB,65,N0510,2024-11-03T08:27:27Z,S2B_MSIL2A_20231008T101829_N0510_R065_T33UVB_20241103T082727.SAFE,,True,25,31,2,3,2,2,inventoried
S2B_MSIL2A_20231011T102849_N0510_R108_T33UVB_20241102T050505,L2A,S2B_MSIL2A_20231011T102849_N0510_R108_T33UVB_20241102T050505.SAFE,S2B,2023-10-11T10:28:49Z,2023-10-11,2023,T33UVB,108,N0510,2024-11-02T05:05:05Z,S2B_MSIL2A_20231011T102849_N0510_R108_T33UVB_20241102T050505.SAFE,,True,25,31,2,3,2,2,inventoried
S2A_MSIL2A_20231013T101951_N0510_R065_T33UVB_20241107T124454,L2A,S2A_MSIL2A_20231013T101951_N0510_R065_T33UVB_20241107T124454.SAFE,S2A,2023-10-13T10:19:51Z,2023-10-13,2023,T33UVB,65,N0510,2024-11-07T12:44:54Z,S2A_MSIL2A_20231013T101951_N0510_R065_T33UVB_20241107T124454.SAFE,,True,25,31,2,3,2,2,inventoried
S2A_MSIL2A_20231016T103021_N0510_R108_T33UVB_20241102T162040,L2A,S2A_MSIL2A_20231016T103021_N0510_R108_T33UVB_20241102T162040.SAFE,S2A,2023-10-16T10:30:21Z,2023-10-16,2023,T33UVB,108,N0510,2024-11-02T16:20:40Z,S2A_MSIL2A_20231016T103021_N0510_R108_T33UVB_20241102T162040.SAFE,,True,25,31,2,3,2,2,inventoried
S2B_MSIL2A_20231018T101939_N0509_R065_T33UVB_20231018T130027,L2A,S2B_MSIL2A_20231018T101939_N0509_R065_T33UVB_20231018T130027.SAFE,S2B,2023-10-18T10:19:39Z,2023-10-18,2023,T33UVB,65,N0509,2023-10-18T13:00:27Z,S2B_MSIL2A_20231018T101939_N0509_R065_T33UVB_20231018T130027.SAFE,,True,25,31,2,3,2,2,inventoried
S2B_MSIL2A_20231021T102959_N0510_R108_T33UVB_20241030T134208,L2A,S2B_MSIL2A_20231021T102959_N0510_R108_T33UVB_20241030T134208.SAFE,S2B,2023-10-21T10:29:59Z,2023-10-21,2023,T33UVB,108,N0510,2024-10-30T13:42:08Z,S2B_MSIL2A_20231021T102959_N0510_R108_T33UVB_20241030T134208.SAFE,,True,25,31,2,3,2,2,inventoried
S2A_MSIL2A_20231023T102101_N0511_R065_T33UVB_20250809T032242,L2A,S2A_MSIL2A_20231023T102101_N0511_R065_T33UVB_20250809T032242.SAFE,S2A,2023-10-23T10:21:01Z,2023-10-23,2023,T33UVB,65,N0511,2025-08-09T03:22:42Z,S2A_MSIL2A_20231023T102101_N0511_R065_T33UVB_20250809T032242.SAFE,,True,25,31,2,3,2,2,inventoried
S2A_MSIL2A_20231026T103121_N0510_R108_T33UVB_20241103T192005,L2A,S2A_MSIL2A_20231026T103121_N0510_R108_T33UVB_20241103T192005.SAFE,S2A,2023-10-26T10:31:21Z,2023-10-26,2023,T33UVB,108,N0510,2024-11-03T19:20:05Z,S2A_MSIL2A_20231026T103121_N0510_R108_T33UVB_20241103T192005.SAFE,,True,25,31,2,3,2,2,inventoried
S2B_MSIL2A_20231028T102039_N0510_R065_T33UVB_20241027T145316,L2A,S2B_MSIL2A_20231028T102039_N0510_R065_T33UVB_20241027T145316.SAFE,S2B,2023-10-28T10:20:39Z,2023-10-28,2023,T33UVB,65,N0510,2024-10-27T14:53:16Z,S2B_MSIL2A_20231028T102039_N0510_R065_T33UVB_20241027T145316.SAFE,,True,25,31,2,3,2,2,inventoried
S2B_MSIL2A_20231031T103059_N0510_R108_T33UVB_20241022T234640,L2A,S2B_MSIL2A_20231031T103059_N0510_R108_T33UVB_20241022T234640.SAFE,S2B,2023-10-31T10:30:59Z,2023-10-31,2023,T33UVB,108,N0510,2024-10-22T23:46:40Z,S2B_MSIL2A_20231031T103059_N0510_R108_T33UVB_20241022T234640.SAFE,,True,25,31,2,3,2,2,inventoried
S2A_MSIL2A_20231102T102201_N0510_R065_T33UVB_20241102T210254,L2A,S2A_MSIL2A_20231102T102201_N0510_R065_T33UVB_20241102T210254.SAFE,S2A,2023-11-02T10:22:01Z,2023-11-02,2023,T33UVB,65,N0510,2024-11-02T21:02:54Z,S2A_MSIL2A_20231102T102201_N0510_R065_T33UVB_20241102T210254.SAFE,,True,25,31,2,3,2,2,inventoried
S2A_MSIL2A_20231105T103221_N0510_R108_T33UVB_20240926T063259,L2A,S2A_MSIL2A_20231105T103221_N0510_R108_T33UVB_20240926T063259.SAFE,S2A,2023-11-05T10:32:21Z,2023-11-05,2023,T33UVB,108,N0510,2024-09-26T06:32:59Z,S2A_MSIL2A_20231105T103221_N0510_R108_T33UVB_20240926T063259.SAFE,,True,25,31,2,3,2,2,inventoried
S2B_MSIL2A_20231107T102139_N0510_R065_T33UVB_20240927T112545,L2A,S2B_MSIL2A_20231107T102139_N0510_R065_T33UVB_20240927T112545.SAFE,S2B,2023-11-07T10:21:39Z,2023-11-07,2023,T33UVB,65,N0510,2024-09-27T11:25:45Z,S2B_MSIL2A_20231107T102139_N0510_R065_T33UVB_20240927T112545.SAFE,,True,25,31,2,3,2,2,inventoried
S2B_MSIL2A_20231110T103159_N0510_R108_T33UVB_20241024T122409,L2A,S2B_MSIL2A_20231110T103159_N0510_R108_T33UVB_20241024T122409.SAFE,S2B,2023-11-10T10:31:59Z,2023-11-10,2023,T33UVB,108,N0510,2024-10-24T12:24:09Z,S2B_MSIL2A_20231110T103159_N0510_R108_T33UVB_20241024T122409.SAFE,,True,25,31,2,3,2,2,inventoried
S2A_MSIL2A_20231112T102251_N0510_R065_T33UVB_20241031T104331,L2A,S2A_MSIL2A_20231112T102251_N0510_R065_T33UVB_20241031T104331.SAFE,S2A,2023-11-12T10:22:51Z,2023-11-12,2023,T33UVB,65,N0510,2024-10-31T10:43:31Z,S2A_MSIL2A_20231112T102251_N0510_R065_T33UVB_20241031T104331.SAFE,,True,25,31,2,3,2,2,inventoried
S2A_MSIL2A_20231115T103311_N0510_R108_T33UVB_20240910T065321,L2A,S2A_MSIL2A_20231115T103311_N0510_R108_T33UVB_20240910T065321.SAFE,S2A,2023-11-15T10:33:11Z,2023-11-15,2023,T33UVB,108,N0510,2024-09-10T06:53:21Z,S2A_MSIL2A_20231115T103311_N0510_R108_T33UVB_20240910T065321.SAFE,,True,25,31,2,3,2,2,inventoried
S2B_MSIL2A_20231117T102219_N0510_R065_T33UVB_20241109T084132,L2A,S2B_MSIL2A_20231117T102219_N0510_R065_T33UVB_20241109T084132.SAFE,S2B,2023-11-17T10:22:19Z,2023-11-17,2023,T33UVB,65,N0510,2024-11-09T08:41:32Z,S2B_MSIL2A_20231117T102219_N0510_R065_T33UVB_20241109T084132.SAFE,,True,25,31,2,3,2,2,inventoried
S2B_MSIL2A_20231120T103229_N0510_R108_T33UVB_20241030T150638,L2A,S2B_MSIL2A_20231120T103229_N0510_R108_T33UVB_20241030T150638.SAFE,S2B,2023-11-20T10:32:29Z,2023-11-20,2023,T33UVB,108,N0510,2024-10-30T15:06:38Z,S2B_MSIL2A_20231120T103229_N0510_R108_T33UVB_20241030T150638.SAFE,,True,25,31,2,3,2,2,inventoried
S2A_MSIL2A_20231122T102331_N0510_R065_T33UVB_20241031T004547,L2A,S2A_MSIL2A_20231122T102331_N0510_R065_T33UVB_20241031T004547.SAFE,S2A,2023-11-22T10:23:31Z,2023-11-22,2023,T33UVB,65,N0510,2024-10-31T00:45:47Z,S2A_MSIL2A_20231122T102331_N0510_R065_T33UVB_20241031T004547.SAFE,,True,25,31,2,3,2,2,inventoried
S2A_MSIL2A_20231125T103351_N0510_R108_T33UVB_20240926T003635,L2A,S2A_MSIL2A_20231125T103351_N0510_R108_T33UVB_20240926T003635.SAFE,S2A,2023-11-25T10:33:51Z,2023-11-25,2023,T33UVB,108,N0510,2024-09-26T00:36:35Z,S2A_MSIL2A_20231125T103351_N0510_R108_T33UVB_20240926T003635.SAFE,,True,25,31,2,3,2,2,inventoried
S2B_MSIL2A_20231127T102259_N0510_R065_T33UVB_20241110T094808,L2A,S2B_MSIL2A_20231127T102259_N0510_R065_T33UVB_20241110T094808.SAFE,S2B,2023-11-27T10:22:59Z,2023-11-27,2023,T33UVB,65,N0510,2024-11-10T09:48:08Z,S2B_MSIL2A_20231127T102259_N0510_R065_T33UVB_20241110T094808.SAFE,,True,25,31,2,3,2,2,inventoried
S2B_MSIL2A_20231130T103309_N0510_R108_T33UVB_20241023T110752,L2A,S2B_MSIL2A_20231130T103309_N0510_R108_T33UVB_20241023T110752.SAFE,S2B,2023-11-30T10:33:09Z,2023-11-30,2023,T33UVB,108,N0510,2024-10-23T11:07:52Z,S2B_MSIL2A_20231130T103309_N0510_R108_T33UVB_20241023T110752.SAFE,,True,25,31,2,3,2,2,inventoried
S2A_MSIL2A_20231202T102401_N0510_R065_T33UVB_20240926T110015,L2A,S2A_MSIL2A_20231202T102401_N0510_R065_T33UVB_20240926T110015.SAFE,S2A,2023-12-02T10:24:01Z,2023-12-02,2023,T33UVB,65,N0510,2024-09-26T11:00:15Z,S2A_MSIL2A_20231202T102401_N0510_R065_T33UVB_20240926T110015.SAFE,,True,25,31,2,3,2,2,inventoried
S2A_MSIL2A_20231205T103411_N0510_R108_T33UVB_20241101T083600,L2A,S2A_MSIL2A_20231205T103411_N0510_R108_T33UVB_20241101T083600.SAFE,S2A,2023-12-05T10:34:11Z,2023-12-05,2023,T33UVB,108,N0510,2024-11-01T08:36:00Z,S2A_MSIL2A_20231205T103411_N0510_R108_T33UVB_20241101T083600.SAFE,,True,25,31,2,3,2,2,inventoried
S2B_MSIL2A_20231207T102319_N0510_R065_T33UVB_20241102T013109,L2A,S2B_MSIL2A_20231207T102319_N0510_R065_T33UVB_20241102T013109.SAFE,S2B,2023-12-07T10:23:19Z,2023-12-07,2023,T33UVB,65,N0510,2024-11-02T01:31:09Z,S2B_MSIL2A_20231207T102319_N0510_R065_T33UVB_20241102T013109.SAFE,,True,25,31,2,3,2,2,inventoried
S2B_MSIL2A_20231210T103329_N0510_R108_T33UVB_20241107T212932,L2A,S2B_MSIL2A_20231210T103329_N0510_R108_T33UVB_20241107T212932.SAFE,S2B,2023-12-10T10:33:29Z,2023-12-10,2023,T33UVB,108,N0510,2024-11-07T21:29:32Z,S2B_MSIL2A_20231210T103329_N0510_R108_T33UVB_20241107T212932.SAFE,,True,25,31,2,3,2,2,inventoried
S2A_MSIL2A_20231212T102421_N0510_R065_T33UVB_20240903T011208,L2A,S2A_MSIL2A_20231212T102421_N0510_R065_T33UVB_20240903T011208.SAFE,S2A,2023-12-12T10:24:21Z,2023-12-12,2023,T33UVB,65,N0510,2024-09-03T01:12:08Z,S2A_MSIL2A_20231212T102421_N0510_R065_T33UVB_20240903T011208.SAFE,,True,25,31,2,3,2,2,inventoried
S2A_MSIL2A_20231215T103431_N0510_R108_T33UVB_20231215T135750,L2A,S2A_MSIL2A_20231215T103431_N0510_R108_T33UVB_20231215T135750.SAFE,S2A,2023-12-15T10:34:31Z,2023-12-15,2023,T33UVB,108,N0510,2023-12-15T13:57:50Z,S2A_MSIL2A_20231215T103431_N0510_R108_T33UVB_20231215T135750.SAFE,,True,25,31,2,3,2,2,inventoried
S2B_MSIL2A_20231217T102339_N0510_R065_T33UVB_20231217T130128,L2A,S2B_MSIL2A_20231217T102339_N0510_R065_T33UVB_20231217T130128.SAFE,S2B,2023-12-17T10:23:39Z,2023-12-17,2023,T33UVB,65,N0510,2023-12-17T13:01:28Z,S2B_MSIL2A_20231217T102339_N0510_R065_T33UVB_20231217T130128.SAFE,,True,25,31,2,3,2,2,inventoried
S2B_MSIL2A_20231220T103349_N0510_R108_T33UVB_20231220T114337,L2A,S2B_MSIL2A_20231220T103349_N0510_R108_T33UVB_20231220T114337.SAFE,S2B,2023-12-20T10:33:49Z,2023-12-20,2023,T33UVB,108,N0510,2023-12-20T11:43:37Z,S2B_MSIL2A_20231220T103349_N0510_R108_T33UVB_20231220T114337.SAFE,,True,25,31,2,3,2,2,inventoried
S2A_MSIL2A_20231222T102431_N0510_R065_T33UVB_20231222T115450,L2A,S2A_MSIL2A_20231222T102431_N0510_R065_T33UVB_20231222T115450.SAFE,S2A,2023-12-22T10:24:31Z,2023-12-22,2023,T33UVB,65,N0510,2023-12-22T11:54:50Z,S2A_MSIL2A_20231222T102431_N0510_R065_T33UVB_20231222T115450.SAFE,,True,25,31,2,3,2,2,inventoried
S2A_MSIL2A_20231225T103441_N0510_R108_T33UVB_20231225T144556,L2A,S2A_MSIL2A_20231225T103441_N0510_R108_T33UVB_20231225T144556.SAFE,S2A,2023-12-25T10:34:41Z,2023-12-25,2023,T33UVB,108,N0510,2023-12-25T14:45:56Z,S2A_MSIL2A_20231225T103441_N0510_R108_T33UVB_20231225T144556.SAFE,,True,25,31,2,3,2,2,inventoried
S2B_MSIL2A_20231227T102339_N0510_R065_T33UVB_20231227T114018,L2A,S2B_MSIL2A_20231227T102339_N0510_R065_T33UVB_20231227T114018.SAFE,S2B,2023-12-27T10:23:39Z,2023-12-27,2023,T33UVB,65,N0510,2023-12-27T11:40:18Z,S2B_MSIL2A_20231227T102339_N0510_R065_T33UVB_20231227T114018.SAFE,,True,25,31,2,3,2,2,inventoried
S2B_MSIL2A_20231230T103349_N0510_R108_T33UVB_20231230T114849,L2A,S2B_MSIL2A_20231230T103349_N0510_R108_T33UVB_20231230T114849.SAFE,S2B,2023-12-30T10:33:49Z,2023-12-30,2023,T33UVB,108,N0510,2023-12-30T11:48:49Z,S2B_MSIL2A_20231230T103349_N0510_R108_T33UVB_20231230T114849.SAFE,,True,25,31,2,3,2,2,inventoried
S2A_MSIL2A_20240101T102431_N0510_R065_T33UVB_20240101T120753,L2A,S2A_MSIL2A_20240101T102431_N0510_R065_T33UVB_20240101T120753.SAFE,S2A,2024-01-01T10:24:31Z,2024-01-01,2024,T33UVB,65,N0510,2024-01-01T12:07:53Z,S2A_MSIL2A_20240101T102431_N0510_R065_T33UVB_20240101T120753.SAFE,,True,25,31,2,3,2,2,inventoried
S2A_MSIL2A_20240104T103431_N0510_R108_T33UVB_20240104T144951,L2A,S2A_MSIL2A_20240104T103431_N0510_R108_T33UVB_20240104T144951.SAFE,S2A,2024-01-04T10:34:31Z,2024-01-04,2024,T33UVB,108,N0510,2024-01-04T14:49:51Z,S2A_MSIL2A_20240104T103431_N0510_R108_T33UVB_20240104T144951.SAFE,,True,25,31,2,3,2,2,inventoried
S2B_MSIL2A_20240106T102329_N0510_R065_T33UVB_20240106T114408,L2A,S2B_MSIL2A_20240106T102329_N0510_R065_T33UVB_20240106T114408.SAFE,S2B,2024-01-06T10:23:29Z,2024-01-06,2024,T33UVB,65,N0510,2024-01-06T11:44:08Z,S2B_MSIL2A_20240106T102329_N0510_R065_T33UVB_20240106T114408.SAFE,,True,25,31,2,3,2,2,inventoried
S2B_MSIL2A_20240109T103329_N0510_R108_T33UVB_20240109T114910,L2A,S2B_MSIL2A_20240109T103329_N0510_R108_T33UVB_20240109T114910.SAFE,S2B,2024-01-09T10:33:29Z,2024-01-09,2024,T33UVB,108,N0510,2024-01-09T11:49:10Z,S2B_MSIL2A_20240109T103329_N0510_R108_T33UVB_20240109T114910.SAFE,,True,25,31,2,3,2,2,inventoried
S2A_MSIL2A_20240111T102401_N0510_R065_T33UVB_20240111T120746,L2A,S2A_MSIL2A_20240111T102401_N0510_R065_T33UVB_20240111T120746.SAFE,S2A,2024-01-11T10:24:01Z,2024-01-11,2024,T33UVB,65,N0510,2024-01-11T12:07:46Z,S2A_MSIL2A_20240111T102401_N0510_R065_T33UVB_20240111T120746.SAFE,,True,25,31,2,3,2,2,inventoried
S2A_MSIL2A_20240114T103401_N0510_R108_T33UVB_20240114T144753,L2A,S2A_MSIL2A_20240114T103401_N0510_R108_T33UVB_20240114T144753.SAFE,S2A,2024-01-14T10:34:01Z,2024-01-14,2024,T33UVB,108,N0510,2024-01-14T14:47:53Z,S2A_MSIL2A_20240114T103401_N0510_R108_T33UVB_20240114T144753.SAFE,,True,25,31,2,3,2,2,inventoried
S2B_MSIL2A_20240116T102259_N0510_R065_T33UVB_20240116T114439,L2A,S2B_MSIL2A_20240116T102259_N0510_R065_T33UVB_20240116T114439.SAFE,S2B,2024-01-16T10:22:59Z,2024-01-16,2024,T33UVB,65,N0510,2024-01-16T11:44:39Z,S2B_MSIL2A_20240116T102259_N0510_R065_T33UVB_20240116T114439.SAFE,,True,25,31,2,3,2,2,inventoried
S2B_MSIL2A_20240119T103249_N0510_R108_T33UVB_20240119T115035,L2A,S2B_MSIL2A_20240119T103249_N0510_R108_T33UVB_20240119T115035.SAFE,S2B,2024-01-19T10:32:49Z,2024-01-19,2024,T33UVB,108,N0510,2024-01-19T11:50:35Z,S2B_MSIL2A_20240119T103249_N0510_R108_T33UVB_20240119T115035.SAFE,,True,25,31,2,3,2,2,inventoried
S2A_MSIL2A_20240121T102331_N0510_R065_T33UVB_20240121T120749,L2A,S2A_MSIL2A_20240121T102331_N0510_R065_T33UVB_20240121T120749.SAFE,S2A,2024-01-21T10:23:31Z,2024-01-21,2024,T33UVB,65,N0510,2024-01-21T12:07:49Z,S2A_MSIL2A_20240121T102331_N0510_R065_T33UVB_20240121T120749.SAFE,,True,25,31,2,3,2,2,inventoried
S2A_MSIL2A_20240124T103321_N0510_R108_T33UVB_20240124T150351,L2A,S2A_MSIL2A_20240124T103321_N0510_R108_T33UVB_20240124T150351.SAFE,S2A,2024-01-24T10:33:21Z,2024-01-24,2024,T33UVB,108,N0510,2024-01-24T15:03:51Z,S2A_MSIL2A_20240124T103321_N0510_R108_T33UVB_20240124T150351.SAFE,,True,25,31,2,3,2,2,inventoried
S2B_MSIL2A_20240126T102219_N0510_R065_T33UVB_20240126T113617,L2A,S2B_MSIL2A_20240126T102219_N0510_R065_T33UVB_20240126T113617.SAFE,S2B,2024-01-26T10:22:19Z,2024-01-26,2024,T33UVB,65,N0510,2024-01-26T11:36:17Z,S2B_MSIL2A_20240126T102219_N0510_R065_T33UVB_20240126T113617.SAFE,,True,25,31,2,3,2,2,inventoried
S2B_MSIL2A_20240129T103209_N0510_R108_T33UVB_20240129T114936,L2A,S2B_MSIL2A_20240129T103209_N0510_R108_T33UVB_20240129T114936.SAFE,S2B,2024-01-29T10:32:09Z,2024-01-29,2024,T33UVB,108,N0510,2024-01-29T11:49:36Z,S2B_MSIL2A_20240129T103209_N0510_R108_T33UVB_20240129T114936.SAFE,,True,25,31,2,3,2,2,inventoried
S2A_MSIL2A_20240131T102251_N0510_R065_T33UVB_20240131T120750,L2A,S2A_MSIL2A_20240131T102251_N0510_R065_T33UVB_20240131T120750.SAFE,S2A,2024-01-31T10:22:51Z,2024-01-31,2024,T33UVB,65,N0510,2024-01-31T12:07:50Z,S2A_MSIL2A_20240131T102251_N0510_R065_T33UVB_20240131T120750.SAFE,,True,25,31,2,3,2,2,inventoried
S2A_MSIL2A_20240203T103231_N0510_R108_T33UVB_20240203T143851,L2A,S2A_MSIL2A_20240203T103231_N0510_R108_T33UVB_20240203T143851.SAFE,S2A,2024-02-03T10:32:31Z,2024-02-03,2024,T33UVB,108,N0510,2024-02-03T14:38:51Z,S2A_MSIL2A_20240203T103231_N0510_R108_T33UVB_20240203T143851.SAFE,,True,25,31,2,3,2,2,inventoried
S2B_MSIL2A_20240205T102129_N0510_R065_T33UVB_20240205T130705,L2A,S2B_MSIL2A_20240205T102129_N0510_R065_T33UVB_20240205T130705.SAFE,S2B,2024-02-05T10:21:29Z,2024-02-05,2024,T33UVB,65,N0510,2024-02-05T13:07:05Z,S2B_MSIL2A_20240205T102129_N0510_R065_T33UVB_20240205T130705.SAFE,,True,25,31,2,3,2,2,inventoried
S2B_MSIL2A_20240208T103109_N0510_R108_T33UVB_20240208T130021,L2A,S2B_MSIL2A_20240208T103109_N0510_R108_T33UVB_20240208T130021.SAFE,S2B,2024-02-08T10:31:09Z,2024-02-08,2024,T33UVB,108,N0510,2024-02-08T13:00:21Z,S2B_MSIL2A_20240208T103109_N0510_R108_T33UVB_20240208T130021.SAFE,,True,25,31,2,3,2,2,inventoried
S2A_MSIL2A_20240210T102151_N0510_R065_T33UVB_20240210T120350,L2A,S2A_MSIL2A_20240210T102151_N0510_R065_T33UVB_20240210T120350.SAFE,S2A,2024-02-10T10:21:51Z,2024-02-10,2024,T33UVB,65,N0510,2024-02-10T12:03:50Z,S2A_MSIL2A_20240210T102151_N0510_R065_T33UVB_20240210T120350.SAFE,,True,25,31,2,3,2,2,inventoried
S2A_MSIL2A_20240213T103141_N0510_R108_T33UVB_20240213T134350,L2A,S2A_MSIL2A_20240213T103141_N0510_R108_T33UVB_20240213T134350.SAFE,S2A,2024-02-13T10:31:41Z,2024-02-13,2024,T33UVB,108,N0510,2024-02-13T13:43:50Z,S2A_MSIL2A_20240213T103141_N0510_R108_T33UVB_20240213T134350.SAFE,,True,25,31,2,3,2,2,inventoried
S2B_MSIL2A_20240215T102029_N0510_R065_T33UVB_20240215T132348,L2A,S2B_MSIL2A_20240215T102029_N0510_R065_T33UVB_20240215T132348.SAFE,S2B,2024-02-15T10:20:29Z,2024-02-15,2024,T33UVB,65,N0510,2024-02-15T13:23:48Z,S2B_MSIL2A_20240215T102029_N0510_R065_T33UVB_20240215T132348.SAFE,,True,25,31,2,3,2,2,inventoried
S2B_MSIL2A_20240218T102959_N0510_R108_T33UVB_20240218T131701,L2A,S2B_MSIL2A_20240218T102959_N0510_R108_T33UVB_20240218T131701.SAFE,S2B,2024-02-18T10:29:59Z,2024-02-18,2024,T33UVB,108,N0510,2024-02-18T13:17:01Z,S2B_MSIL2A_20240218T102959_N0510_R108_T33UVB_20240218T131701.SAFE,,True,25,31,2,3,2,2,inventoried
S2A_MSIL2A_20240220T102051_N0510_R065_T33UVB_20240220T144052,L2A,S2A_MSIL2A_20240220T102051_N0510_R065_T33UVB_20240220T144052.SAFE,S2A,2024-02-20T10:20:51Z,2024-02-20,2024,T33UVB,65,N0510,2024-02-20T14:40:52Z,S2A_MSIL2A_20240220T102051_N0510_R065_T33UVB_20240220T144052.SAFE,,True,25,31,2,3,2,2,inventoried
S2A_MSIL2A_20240223T103031_N0510_R108_T33UVB_20240223T143749,L2A,S2A_MSIL2A_20240223T103031_N0510_R108_T33UVB_20240223T143749.SAFE,S2A,2024-02-23T10:30:31Z,2024-02-23,2024,T33UVB,108,N0510,2024-02-23T14:37:49Z,S2A_MSIL2A_20240223T103031_N0510_R108_T33UVB_20240223T143749.SAFE,,True,25,31,2,3,2,2,inventoried
S2B_MSIL2A_20240225T101919_N0510_R065_T33UVB_20240225T133713,L2A,S2B_MSIL2A_20240225T101919_N0510_R065_T33UVB_20240225T133713.SAFE,S2B,2024-02-25T10:19:19Z,2024-02-25,2024,T33UVB,65,N0510,2024-02-25T13:37:13Z,S2B_MSIL2A_20240225T101919_N0510_R065_T33UVB_20240225T133713.SAFE,,True,25,31,2,3,2,2,inventoried
S2B_MSIL2A_20240228T102859_N0510_R108_T33UVB_20240228T131506,L2A,S2B_MSIL2A_20240228T102859_N0510_R108_T33UVB_20240228T131506.SAFE,S2B,2024-02-28T10:28:59Z,2024-02-28,2024,T33UVB,108,N0510,2024-02-28T13:15:06Z,S2B_MSIL2A_20240228T102859_N0510_R108_T33UVB_20240228T131506.SAFE,,True,25,31,2,3,2,2,inventoried
S2A_MSIL2A_20240301T101941_N0510_R065_T33UVB_20240301T143754,L2A,S2A_MSIL2A_20240301T101941_N0510_R065_T33UVB_20240301T143754.SAFE,S2A,2024-03-01T10:19:41Z,2024-03-01,2024,T33UVB,65,N0510,2024-03-01T14:37:54Z,S2A_MSIL2A_20240301T101941_N0510_R065_T33UVB_20240301T143754.SAFE,,True,25,31,2,3,2,2,inventoried
S2A_MSIL2A_20240304T102921_N0510_R108_T33UVB_20240313T160152,L2A,S2A_MSIL2A_20240304T102921_N0510_R108_T33UVB_20240313T160152.SAFE,S2A,2024-03-04T10:29:21Z,2024-03-04,2024,T33UVB,108,N0510,2024-03-13T16:01:52Z,S2A_MSIL2A_20240304T102921_N0510_R108_T33UVB_20240313T160152.SAFE,,True,25,31,2,3,2,2,inventoried
S2B_MSIL2A_20240306T101759_N0510_R065_T33UVB_20240306T134142,L2A,S2B_MSIL2A_20240306T101759_N0510_R065_T33UVB_20240306T134142.SAFE,S2B,2024-03-06T10:17:59Z,2024-03-06,2024,T33UVB,65,N0510,2024-03-06T13:41:42Z,S2B_MSIL2A_20240306T101759_N0510_R065_T33UVB_20240306T134142.SAFE,,True,25,31,2,3,2,2,inventoried
S2B_MSIL2A_20240309T102749_N0510_R108_T33UVB_20240309T131347,L2A,S2B_MSIL2A_20240309T102749_N0510_R108_T33UVB_20240309T131347.SAFE,S2B,2024-03-09T10:27:49Z,2024-03-09,2024,T33UVB,108,N0510,2024-03-09T13:13:47Z,S2B_MSIL2A_20240309T102749_N0510_R108_T33UVB_20240309T131347.SAFE,,True,25,31,2,3,2,2,inventoried
S2A_MSIL2A_20240311T101831_N0510_R065_T33UVB_20240311T144645,L2A,S2A_MSIL2A_20240311T101831_N0510_R065_T33UVB_20240311T144645.SAFE,S2A,2024-03-11T10:18:31Z,2024-03-11,2024,T33UVB,65,N0510,2024-03-11T14:46:45Z,S2A_MSIL2A_20240311T101831_N0510_R065_T33UVB_20240311T144645.SAFE,,True,25,31,2,3,2,2,inventoried
S2A_MSIL2A_20240314T102811_N0510_R108_T33UVB_20240314T143049,L2A,S2A_MSIL2A_20240314T102811_N0510_R108_T33UVB_20240314T143049.SAFE,S2A,2024-03-14T10:28:11Z,2024-03-14,2024,T33UVB,108,N0510,2024-03-14T14:30:49Z,S2A_MSIL2A_20240314T102811_N0510_R108_T33UVB_20240314T143049.SAFE,,True,25,31,2,3,2,2,inventoried
S2B_MSIL2A_20240316T101649_N0510_R065_T33UVB_20240316T134307,L2A,S2B_MSIL2A_20240316T101649_N0510_R065_T33UVB_20240316T134307.SAFE,S2B,2024-03-16T10:16:49Z,2024-03-16,2024,T33UVB,65,N0510,2024-03-16T13:43:07Z,S2B_MSIL2A_20240316T101649_N0510_R065_T33UVB_20240316T134307.SAFE,,True,25,31,2,3,2,2,inventoried
S2B_MSIL2A_20240319T102639_N0510_R108_T33UVB_20240319T131110,L2A,S2B_MSIL2A_20240319T102639_N0510_R108_T33UVB_20240319T131110.SAFE,S2B,2024-03-19T10:26:39Z,2024-03-19,2024,T33UVB,108,N0510,2024-03-19T13:11:10Z,S2B_MSIL2A_20240319T102639_N0510_R108_T33UVB_20240319T131110.SAFE,,True,25,31,2,3,2,2,inventoried
S2A_MSIL2A_20240321T101721_N0510_R065_T33UVB_20240321T144051,L2A,S2A_MSIL2A_20240321T101721_N0510_R065_T33UVB_20240321T144051.SAFE,S2A,2024-03-21T10:17:21Z,2024-03-21,2024,T33UVB,65,N0510,2024-03-21T14:40:51Z,S2A_MSIL2A_20240321T101721_N0510_R065_T33UVB_20240321T144051.SAFE,,True,25,31,2,3,2,2,inventoried
S2A_MSIL2A_20240324T102701_N0510_R108_T33UVB_20240324T163750,L2A,S2A_MSIL2A_20240324T102701_N0510_R108_T33UVB_20240324T163750.SAFE,S2A,2024-03-24T10:27:01Z,2024-03-24,2024,T33UVB,108,N0510,2024-03-24T16:37:50Z,S2A_MSIL2A_20240324T102701_N0510_R108_T33UVB_20240324T163750.SAFE,,True,25,31,2,3,2,2,inventoried
S2B_MSIL2A_20240326T101639_N0510_R065_T33UVB_20240326T144137,L2A,S2B_MSIL2A_20240326T101639_N0510_R065_T33UVB_20240326T144137.SAFE,S2B,2024-03-26T10:16:39Z,2024-03-26,2024,T33UVB,65,N0510,2024-03-26T14:41:37Z,S2B_MSIL2A_20240326T101639_N0510_R065_T33UVB_20240326T144137.SAFE,,True,25,31,2,3,2,2,inventoried
S2B_MSIL2A_20240329T102629_N0510_R108_T33UVB_20240329T131125,L2A,S2B_MSIL2A_20240329T102629_N0510_R108_T33UVB_20240329T131125.SAFE,S2B,2024-03-29T10:26:29Z,2024-03-29,2024,T33UVB,108,N0510,2024-03-29T13:11:25Z,S2B_MSIL2A_20240329T102629_N0510_R108_T33UVB_20240329T131125.SAFE,,True,25,31,2,3,2,2,inventoried
S2A_MSIL2A_20240331T101601_N0510_R065_T33UVB_20240331T162052,L2A,S2A_MSIL2A_20240331T101601_N0510_R065_T33UVB_20240331T162052.SAFE,S2A,2024-03-31T10:16:01Z,2024-03-31,2024,T33UVB,65,N0510,2024-03-31T16:20:52Z,S2A_MSIL2A_20240331T101601_N0510_R065_T33UVB_20240331T162052.SAFE,,True,25,31,2,3,2,2,inventoried
S2A_MSIL2A_20240403T103021_N0510_R108_T33UVB_20240403T161451,L2A,S2A_MSIL2A_20240403T103021_N0510_R108_T33UVB_20240403T161451.SAFE,S2A,2024-04-03T10:30:21Z,2024-04-03,2024,T33UVB,108,N0510,2024-04-03T16:14:51Z,S2A_MSIL2A_20240403T103021_N0510_R108_T33UVB_20240403T161451.SAFE,,True,25,31,2,3,2,2,inventoried
S2B_MSIL2A_20240405T101559_N0510_R065_T33UVB_20240405T161925,L2A,S2B_MSIL2A_20240405T101559_N0510_R065_T33UVB_20240405T161925.SAFE,S2B,2024-04-05T10:15:59Z,2024-04-05,2024,T33UVB,65,N0510,2024-04-05T16:19:25Z,S2B_MSIL2A_20240405T101559_N0510_R065_T33UVB_20240405T161925.SAFE,,True,25,31,2,3,2,2,inventoried
S2B_MSIL2A_20240408T102559_N0510_R108_T33UVB_20240408T133528,L2A,S2B_MSIL2A_20240408T102559_N0510_R108_T33UVB_20240408T133528.SAFE,S2B,2024-04-08T10:25:59Z,2024-04-08,2024,T33UVB,108,N0510,2024-04-08T13:35:28Z,S2B_MSIL2A_20240408T102559_N0510_R108_T33UVB_20240408T133528.SAFE,,True,25,31,2,3,2,2,inventoried
S2A_MSIL2A_20240410T101601_N0510_R065_T33UVB_20240410T161447,L2A,S2A_MSIL2A_20240410T101601_N0510_R065_T33UVB_20240410T161447.SAFE,S2A,2024-04-10T10:16:01Z,2024-04-10,2024,T33UVB,65,N0510,2024-04-10T16:14:47Z,S2A_MSIL2A_20240410T101601_N0510_R065_T33UVB_20240410T161447.SAFE,,True,25,31,2,3,2,2,inventoried
S2A_MSIL2A_20240413T103031_N0510_R108_T33UVB_20240413T180053,L2A,S2A_MSIL2A_20240413T103031_N0510_R108_T33UVB_20240413T180053.SAFE,S2A,2024-04-13T10:30:31Z,2024-04-13,2024,T33UVB,108,N0510,2024-04-13T18:00:53Z,S2A_MSIL2A_20240413T103031_N0510_R108_T33UVB_20240413T180053.SAFE,,True,25,31,2,3,2,2,inventoried
S2B_MSIL2A_20240415T101559_N0510_R065_T33UVB_20240415T133327,L2A,S2B_MSIL2A_20240415T101559_N0510_R065_T33UVB_20240415T133327.SAFE,S2B,2024-04-15T10:15:59Z,2024-04-15,2024,T33UVB,65,N0510,2024-04-15T13:33:27Z,S2B_MSIL2A_20240415T101559_N0510_R065_T33UVB_20240415T133327.SAFE,,True,25,31,2,3,2,2,inventoried
S2B_MSIL2A_20240418T102559_N0510_R108_T33UVB_20240418T131220,L2A,S2B_MSIL2A_20240418T102559_N0510_R108_T33UVB_20240418T131220.SAFE,S2B,2024-04-18T10:25:59Z,2024-04-18,2024,T33UVB,108,N0510,2024-04-18T13:12:20Z,S2B_MSIL2A_20240418T102559_N0510_R108_T33UVB_20240418T131220.SAFE,,True,25,31,2,3,2,2,inventoried
S2A_MSIL2A_20240420T101601_N0510_R065_T33UVB_20240420T161147,L2A,S2A_MSIL2A_20240420T101601_N0510_R065_T33UVB_20240420T161147.SAFE,S2A,2024-04-20T10:16:01Z,2024-04-20,2024,T33UVB,65,N0510,2024-04-20T16:11:47Z,S2A_MSIL2A_20240420T101601_N0510_R065_T33UVB_20240420T161147.SAFE,,True,25,31,2,3,2,2,inventoried
S2A_MSIL2A_20240423T102601_N0510_R108_T33UVB_20240423T180949,L2A,S2A_MSIL2A_20240423T102601_N0510_R108_T33UVB_20240423T180949.SAFE,S2A,2024-04-23T10:26:01Z,2024-04-23,2024,T33UVB,108,N0510,2024-04-23T18:09:49Z,S2A_MSIL2A_20240423T102601_N0510_R108_T33UVB_20240423T180949.SAFE,,True,25,31,2,3,2,2,inventoried
S2B_MSIL2A_20240425T101559_N0510_R065_T33UVB_20240425T144136,L2A,S2B_MSIL2A_20240425T101559_N0510_R065_T33UVB_20240425T144136.SAFE,S2B,2024-04-25T10:15:59Z,2024-04-25,2024,T33UVB,65,N0510,2024-04-25T14:41:36Z,S2B_MSIL2A_20240425T101559_N0510_R065_T33UVB_20240425T144136.SAFE,,True,25,31,2,3,2,2,inventoried
S2B_MSIL2A_20240428T102559_N0510_R108_T33UVB_20240428T131358,L2A,S2B_MSIL2A_20240428T102559_N0510_R108_T33UVB_20240428T131358.SAFE,S2B,2024-04-28T10:25:59Z,2024-04-28,2024,T33UVB,108,N0510,2024-04-28T13:13:58Z,S2B_MSIL2A_20240428T102559_N0510_R108_T33UVB_20240428T131358.SAFE,,True,25,31,2,3,2,2,inventoried
S2A_MSIL2A_20240430T102021_N0510_R065_T33UVB_20240430T143850,L2A,S2A_MSIL2A_20240430T102021_N0510_R065_T33UVB_20240430T143850.SAFE,S2A,2024-04-30T10:20:21Z,2024-04-30,2024,T33UVB,65,N0510,2024-04-30T14:38:50Z,S2A_MSIL2A_20240430T102021_N0510_R065_T33UVB_20240430T143850.SAFE,,True,25,31,2,3,2,2,inventoried
S2A_MSIL2A_20240503T103031_N0510_R108_T33UVB_20240503T162451,L2A,S2A_MSIL2A_20240503T103031_N0510_R108_T33UVB_20240503T162451.SAFE,S2A,2024-05-03T10:30:31Z,2024-05-03,2024,T33UVB,108,N0510,2024-05-03T16:24:51Z,S2A_MSIL2A_20240503T103031_N0510_R108_T33UVB_20240503T162451.SAFE,,True,25,31,2,3,2,2,inventoried
S2B_MSIL2A_20240505T101559_N0510_R065_T33UVB_20240505T130406,L2A,S2B_MSIL2A_20240505T101559_N0510_R065_T33UVB_20240505T130406.SAFE,S2B,2024-05-05T10:15:59Z,2024-05-05,2024,T33UVB,65,N0510,2024-05-05T13:04:06Z,S2B_MSIL2A_20240505T101559_N0510_R065_T33UVB_20240505T130406.SAFE,,True,25,31,2,3,2,2,inventoried
S2B_MSIL2A_20240508T102559_N0510_R108_T33UVB_20240508T131221,L2A,S2B_MSIL2A_20240508T102559_N0510_R108_T33UVB_20240508T131221.SAFE,S2B,2024-05-08T10:25:59Z,2024-05-08,2024,T33UVB,108,N0510,2024-05-08T13:12:21Z,S2B_MSIL2A_20240508T102559_N0510_R108_T33UVB_20240508T131221.SAFE,,True,25,31,2,3,2,2,inventoried
S2A_MSIL2A_20240510T102021_N0510_R065_T33UVB_20240510T142253,L2A,S2A_MSIL2A_20240510T102021_N0510_R065_T33UVB_20240510T142253.SAFE,S2A,2024-05-10T10:20:21Z,2024-05-10,2024,T33UVB,65,N0510,2024-05-10T14:22:53Z,S2A_MSIL2A_20240510T102021_N0510_R065_T33UVB_20240510T142253.SAFE,,True,25,31,2,3,2,2,inventoried
S2A_MSIL2A_20240513T103031_N0510_R108_T33UVB_20240513T163053,L2A,S2A_MSIL2A_20240513T103031_N0510_R108_T33UVB_20240513T163053.SAFE,S2A,2024-05-13T10:30:31Z,2024-05-13,2024,T33UVB,108,N0510,2024-05-13T16:30:53Z,S2A_MSIL2A_20240513T103031_N0510_R108_T33UVB_20240513T163053.SAFE,,True,25,31,2,3,2,2,inventoried
S2B_MSIL2A_20240515T101559_N0510_R065_T33UVB_20240515T144033,L2A,S2B_MSIL2A_20240515T101559_N0510_R065_T33UVB_20240515T144033.SAFE,S2B,2024-05-15T10:15:59Z,2024-05-15,2024,T33UVB,65,N0510,2024-05-15T14:40:33Z,S2B_MSIL2A_20240515T101559_N0510_R065_T33UVB_20240515T144033.SAFE,,True,25,31,2,3,2,2,inventoried
S2B_MSIL2A_20240518T102559_N0510_R108_T33UVB_20240518T131119,L2A,S2B_MSIL2A_20240518T102559_N0510_R108_T33UVB_20240518T131119.SAFE,S2B,2024-05-18T10:25:59Z,2024-05-18,2024,T33UVB,108,N0510,2024-05-18T13:11:19Z,S2B_MSIL2A_20240518T102559_N0510_R108_T33UVB_20240518T131119.SAFE,,True,25,31,2,3,2,2,inventoried
S2A_MSIL2A_20240520T102021_N0510_R065_T33UVB_20240520T181747,L2A,S2A_MSIL2A_20240520T102021_N0510_R065_T33UVB_20240520T181747.SAFE,S2A,2024-05-20T10:20:21Z,2024-05-20,2024,T33UVB,65,N0510,2024-05-20T18:17:47Z,S2A_MSIL2A_20240520T102021_N0510_R065_T33UVB_20240520T181747.SAFE,,True,25,31,2,3,2,2,inventoried
S2A_MSIL2A_20240523T103021_N0510_R108_T33UVB_20240523T180100,L2A,S2A_MSIL2A_20240523T103021_N0510_R108_T33UVB_20240523T180100.SAFE,S2A,2024-05-23T10:30:21Z,2024-05-23,2024,T33UVB,108,N0510,2024-05-23T18:01:00Z,S2A_MSIL2A_20240523T103021_N0510_R108_T33UVB_20240523T180100.SAFE,,True,25,31,2,3,2,2,inventoried
S2B_MSIL2A_20240525T101559_N0510_R065_T33UVB_20240525T130132,L2A,S2B_MSIL2A_20240525T101559_N0510_R065_T33UVB_20240525T130132.SAFE,S2B,2024-05-25T10:15:59Z,2024-05-25,2024,T33UVB,65,N0510,2024-05-25T13:01:32Z,S2B_MSIL2A_20240525T101559_N0510_R065_T33UVB_20240525T130132.SAFE,,True,25,31,2,3,2,2,inventoried
S2B_MSIL2A_20240528T102559_N0510_R108_T33UVB_20240528T131449,L2A,S2B_MSIL2A_20240528T102559_N0510_R108_T33UVB_20240528T131449.SAFE,S2B,2024-05-28T10:25:59Z,2024-05-28,2024,T33UVB,108,N0510,2024-05-28T13:14:49Z,S2B_MSIL2A_20240528T102559_N0510_R108_T33UVB_20240528T131449.SAFE,,True,25,31,2,3,2,2,inventoried
S2A_MSIL2A_20240530T102021_N0510_R065_T33UVB_20240530T175752,L2A,S2A_MSIL2A_20240530T102021_N0510_R065_T33UVB_20240530T175752.SAFE,S2A,2024-05-30T10:20:21Z,2024-05-30,2024,T33UVB,65,N0510,2024-05-30T17:57:52Z,S2A_MSIL2A_20240530T102021_N0510_R065_T33UVB_20240530T175752.SAFE,,True,25,31,2,3,2,2,inventoried
S2A_MSIL2A_20240602T102601_N0510_R108_T33UVB_20240602T181452,L2A,S2A_MSIL2A_20240602T102601_N0510_R108_T33UVB_20240602T181452.SAFE,S2A,2024-06-02T10:26:01Z,2024-06-02,2024,T33UVB,108,N0510,2024-06-02T18:14:52Z,S2A_MSIL2A_20240602T102601_N0510_R108_T33UVB_20240602T181452.SAFE,,True,25,31,2,3,2,2,inventoried
S2B_MSIL2A_20240604T101559_N0510_R065_T33UVB_20240604T130328,L2A,S2B_MSIL2A_20240604T101559_N0510_R065_T33UVB_20240604T130328.SAFE,S2B,2024-06-04T10:15:59Z,2024-06-04,2024,T33UVB,65,N0510,2024-06-04T13:03:28Z,S2B_MSIL2A_20240604T101559_N0510_R065_T33UVB_20240604T130328.SAFE,,True,25,31,2,3,2,2,inventoried
S2B_MSIL2A_20240607T102559_N0510_R108_T33UVB_20240607T133635,L2A,S2B_MSIL2A_20240607T102559_N0510_R108_T33UVB_20240607T133635.SAFE,S2B,2024-06-07T10:25:59Z,2024-06-07,2024,T33UVB,108,N0510,2024-06-07T13:36:35Z,S2B_MSIL2A_20240607T102559_N0510_R108_T33UVB_20240607T133635.SAFE,,True,25,31,2,3,2,2,inventoried
S2A_MSIL2A_20240609T102031_N0510_R065_T33UVB_20240609T163346,L2A,S2A_MSIL2A_20240609T102031_N0510_R065_T33UVB_20240609T163346.SAFE,S2A,2024-06-09T10:20:31Z,2024-06-09,2024,T33UVB,65,N0510,2024-06-09T16:33:46Z,S2A_MSIL2A_20240609T102031_N0510_R065_T33UVB_20240609T163346.SAFE,,True,25,31,2,3,2,2,inventoried
S2A_MSIL2A_20240612T103031_N0510_R108_T33UVB_20240612T181246,L2A,S2A_MSIL2A_20240612T103031_N0510_R108_T33UVB_20240612T181246.SAFE,S2A,2024-06-12T10:30:31Z,2024-06-12,2024,T33UVB,108,N0510,2024-06-12T18:12:46Z,S2A_MSIL2A_20240612T103031_N0510_R108_T33UVB_20240612T181246.SAFE,,True,25,31,2,3,2,2,inventoried
S2B_MSIL2A_20240614T101559_N0510_R065_T33UVB_20240614T133836,L2A,S2B_MSIL2A_20240614T101559_N0510_R065_T33UVB_20240614T133836.SAFE,S2B,2024-06-14T10:15:59Z,2024-06-14,2024,T33UVB,65,N0510,2024-06-14T13:38:36Z,S2B_MSIL2A_20240614T101559_N0510_R065_T33UVB_20240614T133836.SAFE,,True,25,31,2,3,2,2,inventoried
S2B_MSIL2A_20240617T102559_N0510_R108_T33UVB_20240617T130613,L2A,S2B_MSIL2A_20240617T102559_N0510_R108_T33UVB_20240617T130613.SAFE,S2B,2024-06-17T10:25:59Z,2024-06-17,2024,T33UVB,108,N0510,2024-06-17T13:06:13Z,S2B_MSIL2A_20240617T102559_N0510_R108_T33UVB_20240617T130613.SAFE,,True,25,31,2,3,2,2,inventoried
S2A_MSIL2A_20240619T102031_N0510_R065_T33UVB_20240619T161551,L2A,S2A_MSIL2A_20240619T102031_N0510_R065_T33UVB_20240619T161551.SAFE,S2A,2024-06-19T10:20:31Z,2024-06-19,2024,T33UVB,65,N0510,2024-06-19T16:15:51Z,S2A_MSIL2A_20240619T102031_N0510_R065_T33UVB_20240619T161551.SAFE,,True,25,31,2,3,2,2,inventoried
S2A_MSIL2A_20240622T102601_N0510_R108_T33UVB_20240622T163250,L2A,S2A_MSIL2A_20240622T102601_N0510_R108_T33UVB_20240622T163250.SAFE,S2A,2024-06-22T10:26:01Z,2024-06-22,2024,T33UVB,108,N0510,2024-06-22T16:32:50Z,S2A_MSIL2A_20240622T102601_N0510_R108_T33UVB_20240622T163250.SAFE,,True,25,31,2,3,2,2,inventoried
S2B_MSIL2A_20240624T101559_N0510_R065_T33UVB_20240624T125453,L2A,S2B_MSIL2A_20240624T101559_N0510_R065_T33UVB_20240624T125453.SAFE,S2B,2024-06-24T10:15:59Z,2024-06-24,2024,T33UVB,65,N0510,2024-06-24T12:54:53Z,S2B_MSIL2A_20240624T101559_N0510_R065_T33UVB_20240624T125453.SAFE,,True,25,31,2,3,2,2,inventoried
S2B_MSIL2A_20240627T102559_N0510_R108_T33UVB_20240627T131221,L2A,S2B_MSIL2A_20240627T102559_N0510_R108_T33UVB_20240627T131221.SAFE,S2B,2024-06-27T10:25:59Z,2024-06-27,2024,T33UVB,108,N0510,2024-06-27T13:12:21Z,S2B_MSIL2A_20240627T102559_N0510_R108_T33UVB_20240627T131221.SAFE,,True,25,31,2,3,2,2,inventoried
S2A_MSIL2A_20240629T102021_N0510_R065_T33UVB_20240629T134949,L2A,S2A_MSIL2A_20240629T102021_N0510_R065_T33UVB_20240629T134949.SAFE,S2A,2024-06-29T10:20:21Z,2024-06-29,2024,T33UVB,65,N0510,2024-06-29T13:49:49Z,S2A_MSIL2A_20240629T102021_N0510_R065_T33UVB_20240629T134949.SAFE,,True,25,31,2,3,2,2,inventoried
S2A_MSIL2A_20240702T102601_N0510_R108_T33UVB_20240702T162651,L2A,S2A_MSIL2A_20240702T102601_N0510_R108_T33UVB_20240702T162651.SAFE,S2A,2024-07-02T10:26:01Z,2024-07-02,2024,T33UVB,108,N0510,2024-07-02T16:26:51Z,S2A_MSIL2A_20240702T102601_N0510_R108_T33UVB_20240702T162651.SAFE,,True,25,31,2,3,2,2,inventoried
S2B_MSIL2A_20240704T101559_N0510_R065_T33UVB_20240704T130125,L2A,S2B_MSIL2A_20240704T101559_N0510_R065_T33UVB_20240704T130125.SAFE,S2B,2024-07-04T10:15:59Z,2024-07-04,2024,T33UVB,65,N0510,2024-07-04T13:01:25Z,S2B_MSIL2A_20240704T101559_N0510_R065_T33UVB_20240704T130125.SAFE,,True,25,31,2,3,2,2,inventoried
S2B_MSIL2A_20240707T102559_N0510_R108_T33UVB_20240707T115805,L2A,S2B_MSIL2A_20240707T102559_N0510_R108_T33UVB_20240707T115805.SAFE,S2B,2024-07-07T10:25:59Z,2024-07-07,2024,T33UVB,108,N0510,2024-07-07T11:58:05Z,S2B_MSIL2A_20240707T102559_N0510_R108_T33UVB_20240707T115805.SAFE,,True,25,31,2,3,2,2,inventoried
S2A_MSIL2A_20240709T102031_N0510_R065_T33UVB_20240709T142949,L2A,S2A_MSIL2A_20240709T102031_N0510_R065_T33UVB_20240709T142949.SAFE,S2A,2024-07-09T10:20:31Z,2024-07-09,2024,T33UVB,65,N0510,2024-07-09T14:29:49Z,S2A_MSIL2A_20240709T102031_N0510_R065_T33UVB_20240709T142949.SAFE,,True,25,31,2,3,2,2,inventoried
S2A_MSIL2A_20240712T102601_N0510_R108_T33UVB_20240712T161253,L2A,S2A_MSIL2A_20240712T102601_N0510_R108_T33UVB_20240712T161253.SAFE,S2A,2024-07-12T10:26:01Z,2024-07-12,2024,T33UVB,108,N0510,2024-07-12T16:12:53Z,S2A_MSIL2A_20240712T102601_N0510_R108_T33UVB_20240712T161253.SAFE,,True,25,31,2,3,2,2,inventoried
S2B_MSIL2A_20240714T101559_N0510_R065_T33UVB_20240714T125806,L2A,S2B_MSIL2A_20240714T101559_N0510_R065_T33UVB_20240714T125806.SAFE,S2B,2024-07-14T10:15:59Z,2024-07-14,2024,T33UVB,65,N0510,2024-07-14T12:58:06Z,S2B_MSIL2A_20240714T101559_N0510_R065_T33UVB_20240714T125806.SAFE,,True,25,31,2,3,2,2,inventoried
S2B_MSIL2A_20240717T102559_N0510_R108_T33UVB_20240717T131246,L2A,S2B_MSIL2A_20240717T102559_N0510_R108_T33UVB_20240717T131246.SAFE,S2B,2024-07-17T10:25:59Z,2024-07-17,2024,T33UVB,108,N0510,2024-07-17T13:12:46Z,S2B_MSIL2A_20240717T102559_N0510_R108_T33UVB_20240717T131246.SAFE,,True,25,31,2,3,2,2,inventoried
S2A_MSIL2A_20240719T102021_N0510_R065_T33UVB_20240719T141151,L2A,S2A_MSIL2A_20240719T102021_N0510_R065_T33UVB_20240719T141151.SAFE,S2A,2024-07-19T10:20:21Z,2024-07-19,2024,T33UVB,65,N0510,2024-07-19T14:11:51Z,S2A_MSIL2A_20240719T102021_N0510_R065_T33UVB_20240719T141151.SAFE,,True,25,31,2,3,2,2,inventoried
S2A_MSIL2A_20240722T103031_N0510_R108_T33UVB_20240722T171550,L2A,S2A_MSIL2A_20240722T103031_N0510_R108_T33UVB_20240722T171550.SAFE,S2A,2024-07-22T10:30:31Z,2024-07-22,2024,T33UVB,108,N0510,2024-07-22T17:15:50Z,S2A_MSIL2A_20240722T103031_N0510_R108_T33UVB_20240722T171550.SAFE,,True,25,31,2,3,2,2,inventoried
S2B_MSIL2A_20240724T101559_N0511_R065_T33UVB_20240724T144342,L2A,S2B_MSIL2A_20240724T101559_N0511_R065_T33UVB_20240724T144342.SAFE,S2B,2024-07-24T10:15:59Z,2024-07-24,2024,T33UVB,65,N0511,2024-07-24T14:43:42Z,S2B_MSIL2A_20240724T101559_N0511_R065_T33UVB_20240724T144342.SAFE,,True,25,31,2,3,2,2,inventoried
S2B_MSIL2A_20240727T102559_N0511_R108_T33UVB_20240727T131405,L2A,S2B_MSIL2A_20240727T102559_N0511_R108_T33UVB_20240727T131405.SAFE,S2B,2024-07-27T10:25:59Z,2024-07-27,2024,T33UVB,108,N0511,2024-07-27T13:14:05Z,S2B_MSIL2A_20240727T102559_N0511_R108_T33UVB_20240727T131405.SAFE,,True,25,31,2,3,2,2,inventoried
S2A_MSIL2A_20240729T102021_N0511_R065_T33UVB_20240729T165653,L2A,S2A_MSIL2A_20240729T102021_N0511_R065_T33UVB_20240729T165653.SAFE,S2A,2024-07-29T10:20:21Z,2024-07-29,2024,T33UVB,65,N0511,2024-07-29T16:56:53Z,S2A_MSIL2A_20240729T102021_N0511_R065_T33UVB_20240729T165653.SAFE,,True,25,31,2,3,2,2,inventoried
S2A_MSIL2A_20240801T103031_N0511_R108_T33UVB_20240801T173651,L2A,S2A_MSIL2A_20240801T103031_N0511_R108_T33UVB_20240801T173651.SAFE,S2A,2024-08-01T10:30:31Z,2024-08-01,2024,T33UVB,108,N0511,2024-08-01T17:36:51Z,S2A_MSIL2A_20240801T103031_N0511_R108_T33UVB_20240801T173651.SAFE,,True,25,31,2,3,2,2,inventoried
S2B_MSIL2A_20240803T101559_N0511_R065_T33UVB_20240803T130328,L2A,S2B_MSIL2A_20240803T101559_N0511_R065_T33UVB_20240803T130328.SAFE,S2B,2024-08-03T10:15:59Z,2024-08-03,2024,T33UVB,65,N0511,2024-08-03T13:03:28Z,S2B_MSIL2A_20240803T101559_N0511_R065_T33UVB_20240803T130328.SAFE,,True,25,31,2,3,2,2,inventoried
S2B_MSIL2A_20240806T102559_N0511_R108_T33UVB_20240806T134756,L2A,S2B_MSIL2A_20240806T102559_N0511_R108_T33UVB_20240806T134756.SAFE,S2B,2024-08-06T10:25:59Z,2024-08-06,2024,T33UVB,108,N0511,2024-08-06T13:47:56Z,S2B_MSIL2A_20240806T102559_N0511_R108_T33UVB_20240806T134756.SAFE,,True,25,31,2,3,2,2,inventoried
S2A_MSIL2A_20240808T102021_N0511_R065_T33UVB_20240808T180553,L2A,S2A_MSIL2A_20240808T102021_N0511_R065_T33UVB_20240808T180553.SAFE,S2A,2024-08-08T10:20:21Z,2024-08-08,2024,T33UVB,65,N0511,2024-08-08T18:05:53Z,S2A_MSIL2A_20240808T102021_N0511_R065_T33UVB_20240808T180553.SAFE,,True,25,31,2,3,2,2,inventoried
S2A_MSIL2A_20240811T103031_N0511_R108_T33UVB_20240811T164252,L2A,S2A_MSIL2A_20240811T103031_N0511_R108_T33UVB_20240811T164252.SAFE,S2A,2024-08-11T10:30:31Z,2024-08-11,2024,T33UVB,108,N0511,2024-08-11T16:42:52Z,S2A_MSIL2A_20240811T103031_N0511_R108_T33UVB_20240811T164252.SAFE,,True,25,31,2,3,2,2,inventoried
S2B_MSIL2A_20240813T101559_N0511_R065_T33UVB_20240813T133715,L2A,S2B_MSIL2A_20240813T101559_N0511_R065_T33UVB_20240813T133715.SAFE,S2B,2024-08-13T10:15:59Z,2024-08-13,2024,T33UVB,65,N0511,2024-08-13T13:37:15Z,S2B_MSIL2A_20240813T101559_N0511_R065_T33UVB_20240813T133715.SAFE,,True,25,31,2,3,2,2,inventoried
S2B_MSIL2A_20240816T102559_N0511_R108_T33UVB_20240816T134838,L2A,S2B_MSIL2A_20240816T102559_N0511_R108_T33UVB_20240816T134838.SAFE,S2B,2024-08-16T10:25:59Z,2024-08-16,2024,T33UVB,108,N0511,2024-08-16T13:48:38Z,S2B_MSIL2A_20240816T102559_N0511_R108_T33UVB_20240816T134838.SAFE,,True,25,31,2,3,2,2,inventoried
S2A_MSIL2A_20240818T102021_N0511_R065_T33UVB_20240818T140657,L2A,S2A_MSIL2A_20240818T102021_N0511_R065_T33UVB_20240818T140657.SAFE,S2A,2024-08-18T10:20:21Z,2024-08-18,2024,T33UVB,65,N0511,2024-08-18T14:06:57Z,S2A_MSIL2A_20240818T102021_N0511_R065_T33UVB_20240818T140657.SAFE,,True,25,31,2,3,2,2,inventoried
S2A_MSIL2A_20240821T103021_N0511_R108_T33UVB_20240821T182252,L2A,S2A_MSIL2A_20240821T103021_N0511_R108_T33UVB_20240821T182252.SAFE,S2A,2024-08-21T10:30:21Z,2024-08-21,2024,T33UVB,108,N0511,2024-08-21T18:22:52Z,S2A_MSIL2A_20240821T103021_N0511_R108_T33UVB_20240821T182252.SAFE,,True,25,31,2,3,2,2,inventoried
S2B_MSIL2A_20240823T101559_N0511_R065_T33UVB_20240823T133745,L2A,S2B_MSIL2A_20240823T101559_N0511_R065_T33UVB_20240823T133745.SAFE,S2B,2024-08-23T10:15:59Z,2024-08-23,2024,T33UVB,65,N0511,2024-08-23T13:37:45Z,S2B_MSIL2A_20240823T101559_N0511_R065_T33UVB_20240823T133745.SAFE,,True,25,31,2,3,2,2,inventoried
S2B_MSIL2A_20240826T102559_N0511_R108_T33UVB_20240826T134703,L2A,S2B_MSIL2A_20240826T102559_N0511_R108_T33UVB_20240826T134703.SAFE,S2B,2024-08-26T10:25:59Z,2024-08-26,2024,T33UVB,108,N0511,2024-08-26T13:47:03Z,S2B_MSIL2A_20240826T102559_N0511_R108_T33UVB_20240826T134703.SAFE,,True,25,31,2,3,2,2,inventoried
S2A_MSIL2A_20240828T102021_N0511_R065_T33UVB_20240828T150452,L2A,S2A_MSIL2A_20240828T102021_N0511_R065_T33UVB_20240828T150452.SAFE,S2A,2024-08-28T10:20:21Z,2024-08-28,2024,T33UVB,65,N0511,2024-08-28T15:04:52Z,S2A_MSIL2A_20240828T102021_N0511_R065_T33UVB_20240828T150452.SAFE,,True,25,31,2,3,2,2,inventoried
S2A_MSIL2A_20240831T103021_N0511_R108_T33UVB_20240831T151747,L2A,S2A_MSIL2A_20240831T103021_N0511_R108_T33UVB_20240831T151747.SAFE,S2A,2024-08-31T10:30:21Z,2024-08-31,2024,T33UVB,108,N0511,2024-08-31T15:17:47Z,S2A_MSIL2A_20240831T103021_N0511_R108_T33UVB_20240831T151747.SAFE,,True,25,31,2,3,2,2,inventoried
S2B_MSIL2A_20240902T101559_N0511_R065_T33UVB_20240902T134511,L2A,S2B_MSIL2A_20240902T101559_N0511_R065_T33UVB_20240902T134511.SAFE,S2B,2024-09-02T10:15:59Z,2024-09-02,2024,T33UVB,65,N0511,2024-09-02T13:45:11Z,S2B_MSIL2A_20240902T101559_N0511_R065_T33UVB_20240902T134511.SAFE,,True,25,31,2,3,2,2,inventoried
S2B_MSIL2A_20240905T102559_N0511_R108_T33UVB_20240905T163108,L2A,S2B_MSIL2A_20240905T102559_N0511_R108_T33UVB_20240905T163108.SAFE,S2B,2024-09-05T10:25:59Z,2024-09-05,2024,T33UVB,108,N0511,2024-09-05T16:31:08Z,S2B_MSIL2A_20240905T102559_N0511_R108_T33UVB_20240905T163108.SAFE,,True,25,31,2,3,2,2,inventoried
S2A_MSIL2A_20240907T102021_N0511_R065_T33UVB_20240907T143052,L2A,S2A_MSIL2A_20240907T102021_N0511_R065_T33UVB_20240907T143052.SAFE,S2A,2024-09-07T10:20:21Z,2024-09-07,2024,T33UVB,65,N0511,2024-09-07T14:30:52Z,S2A_MSIL2A_20240907T102021_N0511_R065_T33UVB_20240907T143052.SAFE,,True,25,31,2,3,2,2,inventoried
S2A_MSIL2A_20240910T103021_N0511_R108_T33UVB_20240910T150551,L2A,S2A_MSIL2A_20240910T103021_N0511_R108_T33UVB_20240910T150551.SAFE,S2A,2024-09-10T10:30:21Z,2024-09-10,2024,T33UVB,108,N0511,2024-09-10T15:05:51Z,S2A_MSIL2A_20240910T103021_N0511_R108_T33UVB_20240910T150551.SAFE,,True,25,31,2,3,2,2,inventoried
S2B_MSIL2A_20240912T102019_N0511_R065_T33UVB_20240912T175037,L2A,S2B_MSIL2A_20240912T102019_N0511_R065_T33UVB_20240912T175037.SAFE,S2B,2024-09-12T10:20:19Z,2024-09-12,2024,T33UVB,65,N0511,2024-09-12T17:50:37Z,S2B_MSIL2A_20240912T102019_N0511_R065_T33UVB_20240912T175037.SAFE,,True,25,31,2,3,2,2,inventoried
S2B_MSIL2A_20240915T102559_N0511_R108_T33UVB_20240915T131207,L2A,S2B_MSIL2A_20240915T102559_N0511_R108_T33UVB_20240915T131207.SAFE,S2B,2024-09-15T10:25:59Z,2024-09-15,2024,T33UVB,108,N0511,2024-09-15T13:12:07Z,S2B_MSIL2A_20240915T102559_N0511_R108_T33UVB_20240915T131207.SAFE,,True,25,31,2,3,2,2,inventoried
S2A_MSIL2A_20240917T101651_N0511_R065_T33UVB_20240917T161550,L2A,S2A_MSIL2A_20240917T101651_N0511_R065_T33UVB_20240917T161550.SAFE,S2A,2024-09-17T10:16:51Z,2024-09-17,2024,T33UVB,65,N0511,2024-09-17T16:15:50Z,S2A_MSIL2A_20240917T101651_N0511_R065_T33UVB_20240917T161550.SAFE,,True,25,31,2,3,2,2,inventoried
S2A_MSIL2A_20240920T102721_N0511_R108_T33UVB_20240920T145352,L2A,S2A_MSIL2A_20240920T102721_N0511_R108_T33UVB_20240920T145352.SAFE,S2A,2024-09-20T10:27:21Z,2024-09-20,2024,T33UVB,108,N0511,2024-09-20T14:53:52Z,S2A_MSIL2A_20240920T102721_N0511_R108_T33UVB_20240920T145352.SAFE,,True,25,31,2,3,2,2,inventoried
S2B_MSIL2A_20240922T101629_N0511_R065_T33UVB_20240922T144608,L2A,S2B_MSIL2A_20240922T101629_N0511_R065_T33UVB_20240922T144608.SAFE,S2B,2024-09-22T10:16:29Z,2024-09-22,2024,T33UVB,65,N0511,2024-09-22T14:46:08Z,S2B_MSIL2A_20240922T101629_N0511_R065_T33UVB_20240922T144608.SAFE,,True,25,31,2,3,2,2,inventoried
S2B_MSIL2A_20240925T102659_N0511_R108_T33UVB_20240925T130612,L2A,S2B_MSIL2A_20240925T102659_N0511_R108_T33UVB_20240925T130612.SAFE,S2B,2024-09-25T10:26:59Z,2024-09-25,2024,T33UVB,108,N0511,2024-09-25T13:06:12Z,S2B_MSIL2A_20240925T102659_N0511_R108_T33UVB_20240925T130612.SAFE,,True,25,31,2,3,2,2,inventoried
S2A_MSIL2A_20240927T101811_N0511_R065_T33UVB_20240927T163600,L2A,S2A_MSIL2A_20240927T101811_N0511_R065_T33UVB_20240927T163600.SAFE,S2A,2024-09-27T10:18:11Z,2024-09-27,2024,T33UVB,65,N0511,2024-09-27T16:36:00Z,S2A_MSIL2A_20240927T101811_N0511_R065_T33UVB_20240927T163600.SAFE,,True,25,31,2,3,2,2,inventoried
S2A_MSIL2A_20240930T102831_N0511_R108_T33UVB_20240930T164713,L2A,S2A_MSIL2A_20240930T102831_N0511_R108_T33UVB_20240930T164713.SAFE,S2A,2024-09-30T10:28:31Z,2024-09-30,2024,T33UVB,108,N0511,2024-09-30T16:47:13Z,S2A_MSIL2A_20240930T102831_N0511_R108_T33UVB_20240930T164713.SAFE,,True,25,31,2,3,2,2,inventoried
S2B_MSIL2A_20241002T101749_N0511_R065_T33UVB_20241002T142502,L2A,S2B_MSIL2A_20241002T101749_N0511_R065_T33UVB_20241002T142502.SAFE,S2B,2024-10-02T10:17:49Z,2024-10-02,2024,T33UVB,65,N0511,2024-10-02T14:25:02Z,S2B_MSIL2A_20241002T101749_N0511_R065_T33UVB_20241002T142502.SAFE,,True,25,31,2,3,2,2,inventoried
S2B_MSIL2A_20241005T102809_N0511_R108_T33UVB_20241005T134003,L2A,S2B_MSIL2A_20241005T102809_N0511_R108_T33UVB_20241005T134003.SAFE,S2B,2024-10-05T10:28:09Z,2024-10-05,2024,T33UVB,108,N0511,2024-10-05T13:40:03Z,S2B_MSIL2A_20241005T102809_N0511_R108_T33UVB_20241005T134003.SAFE,,True,25,31,2,3,2,2,inventoried
S2A_MSIL2A_20241007T101921_N0511_R065_T33UVB_20241007T145846,L2A,S2A_MSIL2A_20241007T101921_N0511_R065_T33UVB_20241007T145846.SAFE,S2A,2024-10-07T10:19:21Z,2024-10-07,2024,T33UVB,65,N0511,2024-10-07T14:58:46Z,S2A_MSIL2A_20241007T101921_N0511_R065_T33UVB_20241007T145846.SAFE,,True,25,31,2,3,2,2,inventoried
S2A_MSIL2A_20241010T102941_N0511_R108_T33UVB_20241010T163149,L2A,S2A_MSIL2A_20241010T102941_N0511_R108_T33UVB_20241010T163149.SAFE,S2A,2024-10-10T10:29:41Z,2024-10-10,2024,T33UVB,108,N0511,2024-10-10T16:31:49Z,S2A_MSIL2A_20241010T102941_N0511_R108_T33UVB_20241010T163149.SAFE,,True,25,31,2,3,2,2,inventoried
S2B_MSIL2A_20241012T101859_N0511_R065_T33UVB_20241012T143335,L2A,S2B_MSIL2A_20241012T101859_N0511_R065_T33UVB_20241012T143335.SAFE,S2B,2024-10-12T10:18:59Z,2024-10-12,2024,T33UVB,65,N0511,2024-10-12T14:33:35Z,S2B_MSIL2A_20241012T101859_N0511_R065_T33UVB_20241012T143335.SAFE,,True,25,31,2,3,2,2,inventoried
S2B_MSIL2A_20241015T102919_N0511_R108_T33UVB_20241015T131014,L2A,S2B_MSIL2A_20241015T102919_N0511_R108_T33UVB_20241015T131014.SAFE,S2B,2024-10-15T10:29:19Z,2024-10-15,2024,T33UVB,108,N0511,2024-10-15T13:10:14Z,S2B_MSIL2A_20241015T102919_N0511_R108_T33UVB_20241015T131014.SAFE,,True,25,31,2,3,2,2,inventoried
S2A_MSIL2A_20241017T102021_N0511_R065_T33UVB_20241017T143350,L2A,S2A_MSIL2A_20241017T102021_N0511_R065_T33UVB_20241017T143350.SAFE,S2A,2024-10-17T10:20:21Z,2024-10-17,2024,T33UVB,65,N0511,2024-10-17T14:33:50Z,S2A_MSIL2A_20241017T102021_N0511_R065_T33UVB_20241017T143350.SAFE,,True,25,31,2,3,2,2,inventoried
S2A_MSIL2A_20241020T103051_N0511_R108_T33UVB_20241020T145247,L2A,S2A_MSIL2A_20241020T103051_N0511_R108_T33UVB_20241020T145247.SAFE,S2A,2024-10-20T10:30:51Z,2024-10-20,2024,T33UVB,108,N0511,2024-10-20T14:52:47Z,S2A_MSIL2A_20241020T103051_N0511_R108_T33UVB_20241020T145247.SAFE,,True,25,31,2,3,2,2,inventoried
S2B_MSIL2A_20241022T101959_N0511_R065_T33UVB_20241022T134347,L2A,S2B_MSIL2A_20241022T101959_N0511_R065_T33UVB_20241022T134347.SAFE,S2B,2024-10-22T10:19:59Z,2024-10-22,2024,T33UVB,65,N0511,2024-10-22T13:43:47Z,S2B_MSIL2A_20241022T101959_N0511_R065_T33UVB_20241022T134347.SAFE,,True,25,31,2,3,2,2,inventoried
S2B_MSIL2A_20241025T103029_N0511_R108_T33UVB_20241025T131123,L2A,S2B_MSIL2A_20241025T103029_N0511_R108_T33UVB_20241025T131123.SAFE,S2B,2024-10-25T10:30:29Z,2024-10-25,2024,T33UVB,108,N0511,2024-10-25T13:11:23Z,S2B_MSIL2A_20241025T103029_N0511_R108_T33UVB_20241025T131123.SAFE,,True,25,31,2,3,2,2,inventoried
S2A_MSIL2A_20241027T102131_N0511_R065_T33UVB_20241027T154452,L2A,S2A_MSIL2A_20241027T102131_N0511_R065_T33UVB_20241027T154452.SAFE,S2A,2024-10-27T10:21:31Z,2024-10-27,2024,T33UVB,65,N0511,2024-10-27T15:44:52Z,S2A_MSIL2A_20241027T102131_N0511_R065_T33UVB_20241027T154452.SAFE,,True,25,31,2,3,2,2,inventoried
S2A_MSIL2A_20241030T103151_N0511_R108_T33UVB_20241030T145052,L2A,S2A_MSIL2A_20241030T103151_N0511_R108_T33UVB_20241030T145052.SAFE,S2A,2024-10-30T10:31:51Z,2024-10-30,2024,T33UVB,108,N0511,2024-10-30T14:50:52Z,S2A_MSIL2A_20241030T103151_N0511_R108_T33UVB_20241030T145052.SAFE,,True,25,31,2,3,2,2,inventoried
S2C_MSIL2A_20241030T103511_N0511_R108_T33UVB_20260709T062650,L2A,S2C_MSIL2A_20241030T103511_N0511_R108_T33UVB_20260709T062650.SAFE,S2C,2024-10-30T10:35:11Z,2024-10-30,2024,T33UVB,108,N0511,2026-07-09T06:26:50Z,S2C_MSIL2A_20241030T103511_N0511_R108_T33UVB_20260709T062650.SAFE,,True,25,31,2,3,2,2,inventoried
S2B_MSIL2A_20241101T102059_N0511_R065_T33UVB_20241101T125340,L2A,S2B_MSIL2A_20241101T102059_N0511_R065_T33UVB_20241101T125340.SAFE,S2B,2024-11-01T10:20:59Z,2024-11-01,2024,T33UVB,65,N0511,2024-11-01T12:53:40Z,S2B_MSIL2A_20241101T102059_N0511_R065_T33UVB_20241101T125340.SAFE,,True,25,31,2,3,2,2,inventoried
S2B_MSIL2A_20241104T103119_N0511_R108_T33UVB_20241104T114847,L2A,S2B_MSIL2A_20241104T103119_N0511_R108_T33UVB_20241104T114847.SAFE,S2B,2024-11-04T10:31:19Z,2024-11-04,2024,T33UVB,108,N0511,2024-11-04T11:48:47Z,S2B_MSIL2A_20241104T103119_N0511_R108_T33UVB_20241104T114847.SAFE,,True,25,31,2,3,2,2,inventoried
S2A_MSIL2A_20241106T102221_N0511_R065_T33UVB_20241106T143447,L2A,S2A_MSIL2A_20241106T102221_N0511_R065_T33UVB_20241106T143447.SAFE,S2A,2024-11-06T10:22:21Z,2024-11-06,2024,T33UVB,65,N0511,2024-11-06T14:34:47Z,S2A_MSIL2A_20241106T102221_N0511_R065_T33UVB_20241106T143447.SAFE,,True,25,31,2,3,2,2,inventoried
S2C_MSIL2A_20241106T102431_N0511_R065_T33UVB_20260704T233235,L2A,S2C_MSIL2A_20241106T102431_N0511_R065_T33UVB_20260704T233235.SAFE,S2C,2024-11-06T10:24:31Z,2024-11-06,2024,T33UVB,65,N0511,2026-07-04T23:32:35Z,S2C_MSIL2A_20241106T102431_N0511_R065_T33UVB_20260704T233235.SAFE,,True,25,31,2,3,2,2,inventoried
S2A_MSIL2A_20241109T103241_N0511_R108_T33UVB_20241109T144448,L2A,S2A_MSIL2A_20241109T103241_N0511_R108_T33UVB_20241109T144448.SAFE,S2A,2024-11-09T10:32:41Z,2024-11-09,2024,T33UVB,108,N0511,2024-11-09T14:44:48Z,S2A_MSIL2A_20241109T103241_N0511_R108_T33UVB_20241109T144448.SAFE,,True,25,31,2,3,2,2,inventoried
S2C_MSIL2A_20241109T103501_N0511_R108_T33UVB_20260702T180656,L2A,S2C_MSIL2A_20241109T103501_N0511_R108_T33UVB_20260702T180656.SAFE,S2C,2024-11-09T10:35:01Z,2024-11-09,2024,T33UVB,108,N0511,2026-07-02T18:06:56Z,S2C_MSIL2A_20241109T103501_N0511_R108_T33UVB_20260702T180656.SAFE,,True,25,31,2,3,2,2,inventoried
S2B_MSIL2A_20241111T102149_N0511_R065_T33UVB_20241113T140508,L2A,S2B_MSIL2A_20241111T102149_N0511_R065_T33UVB_20241113T140508.SAFE,S2B,2024-11-11T10:21:49Z,2024-11-11,2024,T33UVB,65,N0511,2024-11-13T14:05:08Z,S2B_MSIL2A_20241111T102149_N0511_R065_T33UVB_20241113T140508.SAFE,,True,25,31,2,3,2,2,inventoried
S2B_MSIL2A_20241114T103209_N0511_R108_T33UVB_20241114T125353,L2A,S2B_MSIL2A_20241114T103209_N0511_R108_T33UVB_20241114T125353.SAFE,S2B,2024-11-14T10:32:09Z,2024-11-14,2024,T33UVB,108,N0511,2024-11-14T12:53:53Z,S2B_MSIL2A_20241114T103209_N0511_R108_T33UVB_20241114T125353.SAFE,,True,25,31,2,3,2,2,inventoried
S2A_MSIL2A_20241116T102311_N0511_R065_T33UVB_20241116T120405,L2A,S2A_MSIL2A_20241116T102311_N0511_R065_T33UVB_20241116T120405.SAFE,S2A,2024-11-16T10:23:11Z,2024-11-16,2024,T33UVB,65,N0511,2024-11-16T12:04:05Z,S2A_MSIL2A_20241116T102311_N0511_R065_T33UVB_20241116T120405.SAFE,,True,25,31,2,3,2,2,inventoried
S2C_MSIL2A_20241116T102431_N0511_R065_T33UVB_20260627T172818,L2A,S2C_MSIL2A_20241116T102431_N0511_R065_T33UVB_20260627T172818.SAFE,S2C,2024-11-16T10:24:31Z,2024-11-16,2024,T33UVB,65,N0511,2026-06-27T17:28:18Z,S2C_MSIL2A_20241116T102431_N0511_R065_T33UVB_20260627T172818.SAFE,,True,25,31,2,3,2,2,inventoried
S2A_MSIL2A_20241119T103331_N0511_R108_T33UVB_20241119T144751,L2A,S2A_MSIL2A_20241119T103331_N0511_R108_T33UVB_20241119T144751.SAFE,S2A,2024-11-19T10:33:31Z,2024-11-19,2024,T33UVB,108,N0511,2024-11-19T14:47:51Z,S2A_MSIL2A_20241119T103331_N0511_R108_T33UVB_20241119T144751.SAFE,,True,25,31,2,3,2,2,inventoried
S2C_MSIL2A_20241119T103511_N0511_R108_T33UVB_20260628T181750,L2A,S2C_MSIL2A_20241119T103511_N0511_R108_T33UVB_20260628T181750.SAFE,S2C,2024-11-19T10:35:11Z,2024-11-19,2024,T33UVB,108,N0511,2026-06-28T18:17:50Z,S2C_MSIL2A_20241119T103511_N0511_R108_T33UVB_20260628T181750.SAFE,,True,25,31,2,3,2,2,inventoried
S2B_MSIL2A_20241121T102239_N0511_R065_T33UVB_20241121T130234,L2A,S2B_MSIL2A_20241121T102239_N0511_R065_T33UVB_20241121T130234.SAFE,S2B,2024-11-21T10:22:39Z,2024-11-21,2024,T33UVB,65,N0511,2024-11-21T13:02:34Z,S2B_MSIL2A_20241121T102239_N0511_R065_T33UVB_20241121T130234.SAFE,,True,25,31,2,3,2,2,inventoried
S2B_MSIL2A_20241124T103259_N0511_R108_T33UVB_20241124T115756,L2A,S2B_MSIL2A_20241124T103259_N0511_R108_T33UVB_20241124T115756.SAFE,S2B,2024-11-24T10:32:59Z,2024-11-24,2024,T33UVB,108,N0511,2024-11-24T11:57:56Z,S2B_MSIL2A_20241124T103259_N0511_R108_T33UVB_20241124T115756.SAFE,,True,25,31,2,3,2,2,inventoried
S2A_MSIL2A_20241126T102351_N0511_R065_T33UVB_20241126T120952,L2A,S2A_MSIL2A_20241126T102351_N0511_R065_T33UVB_20241126T120952.SAFE,S2A,2024-11-26T10:23:51Z,2024-11-26,2024,T33UVB,65,N0511,2024-11-26T12:09:52Z,S2A_MSIL2A_20241126T102351_N0511_R065_T33UVB_20241126T120952.SAFE,,True,25,31,2,3,2,2,inventoried
S2A_MSIL2A_20241129T103401_N0511_R108_T33UVB_20241129T143846,L2A,S2A_MSIL2A_20241129T103401_N0511_R108_T33UVB_20241129T143846.SAFE,S2A,2024-11-29T10:34:01Z,2024-11-29,2024,T33UVB,108,N0511,2024-11-29T14:38:46Z,S2A_MSIL2A_20241129T103401_N0511_R108_T33UVB_20241129T143846.SAFE,,True,25,31,2,3,2,2,inventoried
S2C_MSIL2A_20241129T103511_N0511_R108_T33UVB_20260615T152630,L2A,S2C_MSIL2A_20241129T103511_N0511_R108_T33UVB_20260615T152630.SAFE,S2C,2024-11-29T10:35:11Z,2024-11-29,2024,T33UVB,108,N0511,2026-06-15T15:26:30Z,S2C_MSIL2A_20241129T103511_N0511_R108_T33UVB_20260615T152630.SAFE,,True,25,31,2,3,2,2,inventoried
S2B_MSIL2A_20241201T102319_N0511_R065_T33UVB_20241201T112214,L2A,S2B_MSIL2A_20241201T102319_N0511_R065_T33UVB_20241201T112214.SAFE,S2B,2024-12-01T10:23:19Z,2024-12-01,2024,T33UVB,65,N0511,2024-12-01T11:22:14Z,S2B_MSIL2A_20241201T102319_N0511_R065_T33UVB_20241201T112214.SAFE,,True,25,31,2,3,2,2,inventoried
S2A_MSIL2A_20241206T102411_N0511_R065_T33UVB_20241206T121052,L2A,S2A_MSIL2A_20241206T102411_N0511_R065_T33UVB_20241206T121052.SAFE,S2A,2024-12-06T10:24:11Z,2024-12-06,2024,T33UVB,65,N0511,2024-12-06T12:10:52Z,S2A_MSIL2A_20241206T102411_N0511_R065_T33UVB_20241206T121052.SAFE,,True,25,31,2,3,2,2,inventoried
S2C_MSIL2A_20241206T102441_N0511_R065_T33UVB_20260714T130827,L2A,S2C_MSIL2A_20241206T102441_N0511_R065_T33UVB_20260714T130827.SAFE,S2C,2024-12-06T10:24:41Z,2024-12-06,2024,T33UVB,65,N0511,2026-07-14T13:08:27Z,S2C_MSIL2A_20241206T102441_N0511_R065_T33UVB_20260714T130827.SAFE,,True,25,31,2,3,2,2,inventoried
S2C_MSIL2A_20241206T102441_N0511_R065_T33UVB_20260810T011255,L2A,S2C_MSIL2A_20241206T102441_N0511_R065_T33UVB_20260810T011255.SAFE,S2C,2024-12-06T10:24:41Z,2024-12-06,2024,T33UVB,65,N0511,2026-08-10T01:12:55Z,S2C_MSIL2A_20241206T102441_N0511_R065_T33UVB_20260810T011255.SAFE,,True,25,31,2,3,2,2,inventoried
S2A_MSIL2A_20241209T103431_N0511_R108_T33UVB_20241209T144752,L2A,S2A_MSIL2A_20241209T103431_N0511_R108_T33UVB_20241209T144752.SAFE,S2A,2024-12-09T10:34:31Z,2024-12-09,2024,T33UVB,108,N0511,2024-12-09T14:47:52Z,S2A_MSIL2A_20241209T103431_N0511_R108_T33UVB_20241209T144752.SAFE,,True,25,31,2,3,2,2,inventoried
S2C_MSIL2A_20241209T103501_N0511_R108_T33UVB_20260522T102610,L2A,S2C_MSIL2A_20241209T103501_N0511_R108_T33UVB_20260522T102610.SAFE,S2C,2024-12-09T10:35:01Z,2024-12-09,2024,T33UVB,108,N0511,2026-05-22T10:26:10Z,S2C_MSIL2A_20241209T103501_N0511_R108_T33UVB_20260522T102610.SAFE,,True,25,31,2,3,2,2,inventoried
S2B_MSIL2A_20241211T102339_N0511_R065_T33UVB_20241211T140605,L2A,S2B_MSIL2A_20241211T102339_N0511_R065_T33UVB_20241211T140605.SAFE,S2B,2024-12-11T10:23:39Z,2024-12-11,2024,T33UVB,65,N0511,2024-12-11T14:06:05Z,S2B_MSIL2A_20241211T102339_N0511_R065_T33UVB_20241211T140605.SAFE,,True,25,31,2,3,2,2,inventoried
S2B_MSIL2A_20241214T103339_N0511_R108_T33UVB_20241214T124812,L2A,S2B_MSIL2A_20241214T103339_N0511_R108_T33UVB_20241214T124812.SAFE,S2B,2024-12-14T10:33:39Z,2024-12-14,2024,T33UVB,108,N0511,2024-12-14T12:48:12Z,S2B_MSIL2A_20241214T103339_N0511_R108_T33UVB_20241214T124812.SAFE,,True,25,31,2,3,2,2,inventoried
S2A_MSIL2A_20241216T102431_N0511_R065_T33UVB_20241216T121152,L2A,S2A_MSIL2A_20241216T102431_N0511_R065_T33UVB_20241216T121152.SAFE,S2A,2024-12-16T10:24:31Z,2024-12-16,2024,T33UVB,65,N0511,2024-12-16T12:11:52Z,S2A_MSIL2A_20241216T102431_N0511_R065_T33UVB_20241216T121152.SAFE,,True,25,31,2,3,2,2,inventoried
S2C_MSIL2A_20241216T102501_N0511_R065_T33UVB_20260418T230806,L2A,S2C_MSIL2A_20241216T102501_N0511_R065_T33UVB_20260418T230806.SAFE,S2C,2024-12-16T10:25:01Z,2024-12-16,2024,T33UVB,65,N0511,2026-04-18T23:08:06Z,S2C_MSIL2A_20241216T102501_N0511_R065_T33UVB_20260418T230806.SAFE,,True,25,31,2,3,2,2,inventoried
S2A_MSIL2A_20241219T103441_N0511_R108_T33UVB_20241219T143146,L2A,S2A_MSIL2A_20241219T103441_N0511_R108_T33UVB_20241219T143146.SAFE,S2A,2024-12-19T10:34:41Z,2024-12-19,2024,T33UVB,108,N0511,2024-12-19T14:31:46Z,S2A_MSIL2A_20241219T103441_N0511_R108_T33UVB_20241219T143146.SAFE,,True,25,31,2,3,2,2,inventoried
S2C_MSIL2A_20241219T103511_N0511_R108_T33UVB_20260401T034445,L2A,S2C_MSIL2A_20241219T103511_N0511_R108_T33UVB_20260401T034445.SAFE,S2C,2024-12-19T10:35:11Z,2024-12-19,2024,T33UVB,108,N0511,2026-04-01T03:44:45Z,S2C_MSIL2A_20241219T103511_N0511_R108_T33UVB_20260401T034445.SAFE,,True,25,31,2,3,2,2,inventoried
S2B_MSIL2A_20241221T102339_N0511_R065_T33UVB_20241221T142404,L2A,S2B_MSIL2A_20241221T102339_N0511_R065_T33UVB_20241221T142404.SAFE,S2B,2024-12-21T10:23:39Z,2024-12-21,2024,T33UVB,65,N0511,2024-12-21T14:24:04Z,S2B_MSIL2A_20241221T102339_N0511_R065_T33UVB_20241221T142404.SAFE,,True,25,31,2,3,2,2,inventoried
S2B_MSIL2A_20241224T103349_N0511_R108_T33UVB_20241224T124957,L2A,S2B_MSIL2A_20241224T103349_N0511_R108_T33UVB_20241224T124957.SAFE,S2B,2024-12-24T10:33:49Z,2024-12-24,2024,T33UVB,108,N0511,2024-12-24T12:49:57Z,S2B_MSIL2A_20241224T103349_N0511_R108_T33UVB_20241224T124957.SAFE,,True,25,31,2,3,2,2,inventoried
S2A_MSIL2A_20241226T102441_N0511_R065_T33UVB_20241226T120746,L2A,S2A_MSIL2A_20241226T102441_N0511_R065_T33UVB_20241226T120746.SAFE,S2A,2024-12-26T10:24:41Z,2024-12-26,2024,T33UVB,65,N0511,2024-12-26T12:07:46Z,S2A_MSIL2A_20241226T102441_N0511_R065_T33UVB_20241226T120746.SAFE,,True,25,31,2,3,2,2,inventoried
S2A_MSIL2A_20241229T103441_N0511_R108_T33UVB_20241229T144845,L2A,S2A_MSIL2A_20241229T103441_N0511_R108_T33UVB_20241229T144845.SAFE,S2A,2024-12-29T10:34:41Z,2024-12-29,2024,T33UVB,108,N0511,2024-12-29T14:48:45Z,S2A_MSIL2A_20241229T103441_N0511_R108_T33UVB_20241229T144845.SAFE,,True,25,31,2,3,2,2,inventoried
S2B_MSIL2A_20241231T102339_N0511_R065_T33UVB_20241231T130720,L2A,S2B_MSIL2A_20241231T102339_N0511_R065_T33UVB_20241231T130720.SAFE,S2B,2024-12-31T10:23:39Z,2024-12-31,2024,T33UVB,65,N0511,2024-12-31T13:07:20Z,S2B_MSIL2A_20241231T102339_N0511_R065_T33UVB_20241231T130720.SAFE,,True,25,31,2,3,2,2,inventoried
S2B_MSIL2A_20250103T103339_N0511_R108_T33UVB_20250103T144158,L2A,S2B_MSIL2A_20250103T103339_N0511_R108_T33UVB_20250103T144158.SAFE,S2B,2025-01-03T10:33:39Z,2025-01-03,2025,T33UVB,108,N0511,2025-01-03T14:41:58Z,S2B_MSIL2A_20250103T103339_N0511_R108_T33UVB_20250103T144158.SAFE,,True,25,31,2,3,2,2,inventoried
S2A_MSIL2A_20250105T102421_N0511_R065_T33UVB_20250105T121149,L2A,S2A_MSIL2A_20250105T102421_N0511_R065_T33UVB_20250105T121149.SAFE,S2A,2025-01-05T10:24:21Z,2025-01-05,2025,T33UVB,65,N0511,2025-01-05T12:11:49Z,S2A_MSIL2A_20250105T102421_N0511_R065_T33UVB_20250105T121149.SAFE,,True,25,31,2,3,2,2,inventoried
S2A_MSIL2A_20250108T103421_N0511_R108_T33UVB_20250108T144248,L2A,S2A_MSIL2A_20250108T103421_N0511_R108_T33UVB_20250108T144248.SAFE,S2A,2025-01-08T10:34:21Z,2025-01-08,2025,T33UVB,108,N0511,2025-01-08T14:42:48Z,S2A_MSIL2A_20250108T103421_N0511_R108_T33UVB_20250108T144248.SAFE,,True,25,31,2,3,2,2,inventoried
S2B_MSIL2A_20250110T102319_N0511_R065_T33UVB_20250110T130712,L2A,S2B_MSIL2A_20250110T102319_N0511_R065_T33UVB_20250110T130712.SAFE,S2B,2025-01-10T10:23:19Z,2025-01-10,2025,T33UVB,65,N0511,2025-01-10T13:07:12Z,S2B_MSIL2A_20250110T102319_N0511_R065_T33UVB_20250110T130712.SAFE,,True,25,31,2,3,2,2,inventoried
S2B_MSIL2A_20250113T103309_N0511_R108_T33UVB_20250113T124201,L2A,S2B_MSIL2A_20250113T103309_N0511_R108_T33UVB_20250113T124201.SAFE,S2B,2025-01-13T10:33:09Z,2025-01-13,2025,T33UVB,108,N0511,2025-01-13T12:42:01Z,S2B_MSIL2A_20250113T103309_N0511_R108_T33UVB_20250113T124201.SAFE,,True,25,31,2,3,2,2,inventoried
S2A_MSIL2A_20250115T102351_N0511_R065_T33UVB_20250115T120652,L2A,S2A_MSIL2A_20250115T102351_N0511_R065_T33UVB_20250115T120652.SAFE,S2A,2025-01-15T10:23:51Z,2025-01-15,2025,T33UVB,65,N0511,2025-01-15T12:06:52Z,S2A_MSIL2A_20250115T102351_N0511_R065_T33UVB_20250115T120652.SAFE,,True,25,31,2,3,2,2,inventoried
S2A_MSIL2A_20250118T103351_N0511_R108_T33UVB_20250118T143252,L2A,S2A_MSIL2A_20250118T103351_N0511_R108_T33UVB_20250118T143252.SAFE,S2A,2025-01-18T10:33:51Z,2025-01-18,2025,T33UVB,108,N0511,2025-01-18T14:32:52Z,S2A_MSIL2A_20250118T103351_N0511_R108_T33UVB_20250118T143252.SAFE,,True,25,31,2,3,2,2,inventoried
S2B_MSIL2A_20250120T102239_N0511_R065_T33UVB_20250120T130540,L2A,S2B_MSIL2A_20250120T102239_N0511_R065_T33UVB_20250120T130540.SAFE,S2B,2025-01-20T10:22:39Z,2025-01-20,2025,T33UVB,65,N0511,2025-01-20T13:05:40Z,S2B_MSIL2A_20250120T102239_N0511_R065_T33UVB_20250120T130540.SAFE,,True,25,31,2,3,2,2,inventoried
S2B_MSIL2A_20250123T103239_N0511_R108_T33UVB_20250123T131418,L2A,S2B_MSIL2A_20250123T103239_N0511_R108_T33UVB_20250123T131418.SAFE,S2B,2025-01-23T10:32:39Z,2025-01-23,2025,T33UVB,108,N0511,2025-01-23T13:14:18Z,S2B_MSIL2A_20250123T103239_N0511_R108_T33UVB_20250123T131418.SAFE,,True,25,31,2,3,2,2,inventoried
S2C_MSIL2A_20250125T102341_N0511_R065_T33UVB_20250125T134454,L2A,S2C_MSIL2A_20250125T102341_N0511_R065_T33UVB_20250125T134454.SAFE,S2C,2025-01-25T10:23:41Z,2025-01-25,2025,T33UVB,65,N0511,2025-01-25T13:44:54Z,S2C_MSIL2A_20250125T102341_N0511_R065_T33UVB_20250125T134454.SAFE,,True,25,31,2,3,2,2,inventoried
S2C_MSIL2A_20250128T103331_N0511_R108_T33UVB_20250205T155511,L2A,S2C_MSIL2A_20250128T103331_N0511_R108_T33UVB_20250205T155511.SAFE,S2C,2025-01-28T10:33:31Z,2025-01-28,2025,T33UVB,108,N0511,2025-02-05T15:55:11Z,S2C_MSIL2A_20250128T103331_N0511_R108_T33UVB_20250205T155511.SAFE,,True,25,31,2,3,2,2,inventoried
S2B_MSIL2A_20250130T102159_N0511_R065_T33UVB_20250130T141238,L2A,S2B_MSIL2A_20250130T102159_N0511_R065_T33UVB_20250130T141238.SAFE,S2B,2025-01-30T10:21:59Z,2025-01-30,2025,T33UVB,65,N0511,2025-01-30T14:12:38Z,S2B_MSIL2A_20250130T102159_N0511_R065_T33UVB_20250130T141238.SAFE,,True,25,31,2,3,2,2,inventoried
S2B_MSIL2A_20250202T103149_N0511_R108_T33UVB_20250202T124202,L2A,S2B_MSIL2A_20250202T103149_N0511_R108_T33UVB_20250202T124202.SAFE,S2B,2025-02-02T10:31:49Z,2025-02-02,2025,T33UVB,108,N0511,2025-02-02T12:42:02Z,S2B_MSIL2A_20250202T103149_N0511_R108_T33UVB_20250202T124202.SAFE,,True,25,31,2,3,2,2,inventoried
S2C_MSIL2A_20250204T102251_N0511_R065_T33UVB_20250204T144157,L2A,S2C_MSIL2A_20250204T102251_N0511_R065_T33UVB_20250204T144157.SAFE,S2C,2025-02-04T10:22:51Z,2025-02-04,2025,T33UVB,65,N0511,2025-02-04T14:41:57Z,S2C_MSIL2A_20250204T102251_N0511_R065_T33UVB_20250204T144157.SAFE,,True,25,31,2,3,2,2,inventoried
S2C_MSIL2A_20250207T103241_N0511_R108_T33UVB_20250207T134355,L2A,S2C_MSIL2A_20250207T103241_N0511_R108_T33UVB_20250207T134355.SAFE,S2C,2025-02-07T10:32:41Z,2025-02-07,2025,T33UVB,108,N0511,2025-02-07T13:43:55Z,S2C_MSIL2A_20250207T103241_N0511_R108_T33UVB_20250207T134355.SAFE,,True,25,31,2,3,2,2,inventoried
S2B_MSIL2A_20250209T102059_N0511_R065_T33UVB_20250209T125702,L2A,S2B_MSIL2A_20250209T102059_N0511_R065_T33UVB_20250209T125702.SAFE,S2B,2025-02-09T10:20:59Z,2025-02-09,2025,T33UVB,65,N0511,2025-02-09T12:57:02Z,S2B_MSIL2A_20250209T102059_N0511_R065_T33UVB_20250209T125702.SAFE,,True,25,31,2,3,2,2,inventoried
S2B_MSIL2A_20250212T103049_N0511_R108_T33UVB_20250212T112550,L2A,S2B_MSIL2A_20250212T103049_N0511_R108_T33UVB_20250212T112550.SAFE,S2B,2025-02-12T10:30:49Z,2025-02-12,2025,T33UVB,108,N0511,2025-02-12T11:25:50Z,S2B_MSIL2A_20250212T103049_N0511_R108_T33UVB_20250212T112550.SAFE,,True,25,31,2,3,2,2,inventoried
S2C_MSIL2A_20250214T102151_N0511_R065_T33UVB_20250214T142511,L2A,S2C_MSIL2A_20250214T102151_N0511_R065_T33UVB_20250214T142511.SAFE,S2C,2025-02-14T10:21:51Z,2025-02-14,2025,T33UVB,65,N0511,2025-02-14T14:25:11Z,S2C_MSIL2A_20250214T102151_N0511_R065_T33UVB_20250214T142511.SAFE,,True,25,31,2,3,2,2,inventoried
S2C_MSIL2A_20250217T103131_N0511_R108_T33UVB_20250217T145603,L2A,S2C_MSIL2A_20250217T103131_N0511_R108_T33UVB_20250217T145603.SAFE,S2C,2025-02-17T10:31:31Z,2025-02-17,2025,T33UVB,108,N0511,2025-02-17T14:56:03Z,S2C_MSIL2A_20250217T103131_N0511_R108_T33UVB_20250217T145603.SAFE,,True,25,31,2,3,2,2,inventoried
S2B_MSIL2A_20250219T101959_N0511_R065_T33UVB_20250219T142054,L2A,S2B_MSIL2A_20250219T101959_N0511_R065_T33UVB_20250219T142054.SAFE,S2B,2025-02-19T10:19:59Z,2025-02-19,2025,T33UVB,65,N0511,2025-02-19T14:20:54Z,S2B_MSIL2A_20250219T101959_N0511_R065_T33UVB_20250219T142054.SAFE,,True,25,31,2,3,2,2,inventoried
S2B_MSIL2A_20250222T102939_N0511_R108_T33UVB_20250222T124858,L2A,S2B_MSIL2A_20250222T102939_N0511_R108_T33UVB_20250222T124858.SAFE,S2B,2025-02-22T10:29:39Z,2025-02-22,2025,T33UVB,108,N0511,2025-02-22T12:48:58Z,S2B_MSIL2A_20250222T102939_N0511_R108_T33UVB_20250222T124858.SAFE,,True,25,31,2,3,2,2,inventoried
S2C_MSIL2A_20250224T102051_N0511_R065_T33UVB_20250224T155012,L2A,S2C_MSIL2A_20250224T102051_N0511_R065_T33UVB_20250224T155012.SAFE,S2C,2025-02-24T10:20:51Z,2025-02-24,2025,T33UVB,65,N0511,2025-02-24T15:50:12Z,S2C_MSIL2A_20250224T102051_N0511_R065_T33UVB_20250224T155012.SAFE,,True,25,31,2,3,2,2,inventoried
S2C_MSIL2A_20250227T103021_N0511_R108_T33UVB_20250227T161512,L2A,S2C_MSIL2A_20250227T103021_N0511_R108_T33UVB_20250227T161512.SAFE,S2C,2025-02-27T10:30:21Z,2025-02-27,2025,T33UVB,108,N0511,2025-02-27T16:15:12Z,S2C_MSIL2A_20250227T103021_N0511_R108_T33UVB_20250227T161512.SAFE,,True,25,31,2,3,2,2,inventoried
S2B_MSIL2A_20250301T101849_N0511_R065_T33UVB_20250301T131130,L2A,S2B_MSIL2A_20250301T101849_N0511_R065_T33UVB_20250301T131130.SAFE,S2B,2025-03-01T10:18:49Z,2025-03-01,2025,T33UVB,65,N0511,2025-03-01T13:11:30Z,S2B_MSIL2A_20250301T101849_N0511_R065_T33UVB_20250301T131130.SAFE,,True,25,31,2,3,2,2,inventoried
S2B_MSIL2A_20250304T102819_N0511_R108_T33UVB_20250304T124944,L2A,S2B_MSIL2A_20250304T102819_N0511_R108_T33UVB_20250304T124944.SAFE,S2B,2025-03-04T10:28:19Z,2025-03-04,2025,T33UVB,108,N0511,2025-03-04T12:49:44Z,S2B_MSIL2A_20250304T102819_N0511_R108_T33UVB_20250304T124944.SAFE,,True,25,31,2,3,2,2,inventoried
S2C_MSIL2A_20250306T101931_N0511_R065_T33UVB_20250306T152957,L2A,S2C_MSIL2A_20250306T101931_N0511_R065_T33UVB_20250306T152957.SAFE,S2C,2025-03-06T10:19:31Z,2025-03-06,2025,T33UVB,65,N0511,2025-03-06T15:29:57Z,S2C_MSIL2A_20250306T101931_N0511_R065_T33UVB_20250306T152957.SAFE,,True,25,31,2,3,2,2,inventoried
S2C_MSIL2A_20250309T102911_N0511_R108_T33UVB_20250309T154656,L2A,S2C_MSIL2A_20250309T102911_N0511_R108_T33UVB_20250309T154656.SAFE,S2C,2025-03-09T10:29:11Z,2025-03-09,2025,T33UVB,108,N0511,2025-03-09T15:46:56Z,S2C_MSIL2A_20250309T102911_N0511_R108_T33UVB_20250309T154656.SAFE,,True,25,31,2,3,2,2,inventoried
S2B_MSIL2A_20250311T101739_N0511_R065_T33UVB_20250311T142040,L2A,S2B_MSIL2A_20250311T101739_N0511_R065_T33UVB_20250311T142040.SAFE,S2B,2025-03-11T10:17:39Z,2025-03-11,2025,T33UVB,65,N0511,2025-03-11T14:20:40Z,S2B_MSIL2A_20250311T101739_N0511_R065_T33UVB_20250311T142040.SAFE,,True,25,31,2,3,2,2,inventoried
S2B_MSIL2A_20250314T102719_N0511_R108_T33UVB_20250314T160632,L2A,S2B_MSIL2A_20250314T102719_N0511_R108_T33UVB_20250314T160632.SAFE,S2B,2025-03-14T10:27:19Z,2025-03-14,2025,T33UVB,108,N0511,2025-03-14T16:06:32Z,S2B_MSIL2A_20250314T102719_N0511_R108_T33UVB_20250314T160632.SAFE,,True,25,31,2,3,2,2,inventoried
S2C_MSIL2A_20250316T101821_N0511_R065_T33UVB_20250316T161715,L2A,S2C_MSIL2A_20250316T101821_N0511_R065_T33UVB_20250316T161715.SAFE,S2C,2025-03-16T10:18:21Z,2025-03-16,2025,T33UVB,65,N0511,2025-03-16T16:17:15Z,S2C_MSIL2A_20250316T101821_N0511_R065_T33UVB_20250316T161715.SAFE,,True,25,31,2,3,2,2,inventoried
S2A_MSIL2A_20250318T101751_N0511_R065_T33UVB_20250318T160400,L2A,S2A_MSIL2A_20250318T101751_N0511_R065_T33UVB_20250318T160400.SAFE,S2A,2025-03-18T10:17:51Z,2025-03-18,2025,T33UVB,65,N0511,2025-03-18T16:04:00Z,S2A_MSIL2A_20250318T101751_N0511_R065_T33UVB_20250318T160400.SAFE,,True,25,31,2,3,2,2,inventoried
S2C_MSIL2A_20250319T102801_N0511_R108_T33UVB_20250319T154921,L2A,S2C_MSIL2A_20250319T102801_N0511_R108_T33UVB_20250319T154921.SAFE,S2C,2025-03-19T10:28:01Z,2025-03-19,2025,T33UVB,108,N0511,2025-03-19T15:49:21Z,S2C_MSIL2A_20250319T102801_N0511_R108_T33UVB_20250319T154921.SAFE,,True,25,31,2,3,2,2,inventoried
S2B_MSIL2A_20250321T101629_N0511_R065_T33UVB_20250321T160730,L2A,S2B_MSIL2A_20250321T101629_N0511_R065_T33UVB_20250321T160730.SAFE,S2B,2025-03-21T10:16:29Z,2025-03-21,2025,T33UVB,65,N0511,2025-03-21T16:07:30Z,S2B_MSIL2A_20250321T101629_N0511_R065_T33UVB_20250321T160730.SAFE,,True,25,31,2,3,2,2,inventoried
S2A_MSIL2A_20250321T102731_N0511_R108_T33UVB_20250321T122920,L2A,S2A_MSIL2A_20250321T102731_N0511_R108_T33UVB_20250321T122920.SAFE,S2A,2025-03-21T10:27:31Z,2025-03-21,2025,T33UVB,108,N0511,2025-03-21T12:29:20Z,S2A_MSIL2A_20250321T102731_N0511_R108_T33UVB_20250321T122920.SAFE,,True,25,31,2,3,2,2,inventoried
S2B_MSIL2A_20250324T102609_N0511_R108_T33UVB_20250324T131843,L2A,S2B_MSIL2A_20250324T102609_N0511_R108_T33UVB_20250324T131843.SAFE,S2B,2025-03-24T10:26:09Z,2025-03-24,2025,T33UVB,108,N0511,2025-03-24T13:18:43Z,S2B_MSIL2A_20250324T102609_N0511_R108_T33UVB_20250324T131843.SAFE,,True,25,31,2,3,2,2,inventoried
S2C_MSIL2A_20250326T102041_N0511_R065_T33UVB_20250326T162413,L2A,S2C_MSIL2A_20250326T102041_N0511_R065_T33UVB_20250326T162413.SAFE,S2C,2025-03-26T10:20:41Z,2025-03-26,2025,T33UVB,65,N0511,2025-03-26T16:24:13Z,S2C_MSIL2A_20250326T102041_N0511_R065_T33UVB_20250326T162413.SAFE,,True,25,31,2,3,2,2,inventoried
S2A_MSIL2A_20250328T102031_N0511_R065_T33UVB_20250328T185213,L2A,S2A_MSIL2A_20250328T102031_N0511_R065_T33UVB_20250328T185213.SAFE,S2A,2025-03-28T10:20:31Z,2025-03-28,2025,T33UVB,65,N0511,2025-03-28T18:52:13Z,S2A_MSIL2A_20250328T102031_N0511_R065_T33UVB_20250328T185213.SAFE,,True,25,31,2,3,2,2,inventoried
S2C_MSIL2A_20250329T103041_N0511_R108_T33UVB_20250329T163015,L2A,S2C_MSIL2A_20250329T103041_N0511_R108_T33UVB_20250329T163015.SAFE,S2C,2025-03-29T10:30:41Z,2025-03-29,2025,T33UVB,108,N0511,2025-03-29T16:30:15Z,S2C_MSIL2A_20250329T103041_N0511_R108_T33UVB_20250329T163015.SAFE,,True,25,31,2,3,2,2,inventoried
S2B_MSIL2A_20250331T101559_N0511_R065_T33UVB_20250331T141639,L2A,S2B_MSIL2A_20250331T101559_N0511_R065_T33UVB_20250331T141639.SAFE,S2B,2025-03-31T10:15:59Z,2025-03-31,2025,T33UVB,65,N0511,2025-03-31T14:16:39Z,S2B_MSIL2A_20250331T101559_N0511_R065_T33UVB_20250331T141639.SAFE,,True,25,31,2,3,2,2,inventoried
S2A_MSIL2A_20250331T103031_N0511_R108_T33UVB_20250331T205119,L2A,S2A_MSIL2A_20250331T103031_N0511_R108_T33UVB_20250331T205119.SAFE,S2A,2025-03-31T10:30:31Z,2025-03-31,2025,T33UVB,108,N0511,2025-03-31T20:51:19Z,S2A_MSIL2A_20250331T103031_N0511_R108_T33UVB_20250331T205119.SAFE,,True,25,31,2,3,2,2,inventoried
S2B_MSIL2A_20250403T102559_N0511_R108_T33UVB_20250403T132133,L2A,S2B_MSIL2A_20250403T102559_N0511_R108_T33UVB_20250403T132133.SAFE,S2B,2025-04-03T10:25:59Z,2025-04-03,2025,T33UVB,108,N0511,2025-04-03T13:21:33Z,S2B_MSIL2A_20250403T102559_N0511_R108_T33UVB_20250403T132133.SAFE,,True,25,31,2,3,2,2,inventoried
S2C_MSIL2A_20250405T102041_N0511_R065_T33UVB_20250405T175414,L2A,S2C_MSIL2A_20250405T102041_N0511_R065_T33UVB_20250405T175414.SAFE,S2C,2025-04-05T10:20:41Z,2025-04-05,2025,T33UVB,65,N0511,2025-04-05T17:54:14Z,S2C_MSIL2A_20250405T102041_N0511_R065_T33UVB_20250405T175414.SAFE,,True,25,31,2,3,2,2,inventoried
S2A_MSIL2A_20250407T101701_N0511_R065_T33UVB_20250407T171615,L2A,S2A_MSIL2A_20250407T101701_N0511_R065_T33UVB_20250407T171615.SAFE,S2A,2025-04-07T10:17:01Z,2025-04-07,2025,T33UVB,65,N0511,2025-04-07T17:16:15Z,S2A_MSIL2A_20250407T101701_N0511_R065_T33UVB_20250407T171615.SAFE,,True,25,31,2,3,2,2,inventoried
S2C_MSIL2A_20250408T103051_N0511_R108_T33UVB_20250408T161415,L2A,S2C_MSIL2A_20250408T103051_N0511_R108_T33UVB_20250408T161415.SAFE,S2C,2025-04-08T10:30:51Z,2025-04-08,2025,T33UVB,108,N0511,2025-04-08T16:14:15Z,S2C_MSIL2A_20250408T103051_N0511_R108_T33UVB_20250408T161415.SAFE,,True,25,31,2,3,2,2,inventoried
S2B_MSIL2A_20250410T101559_N0511_R065_T33UVB_20250410T130859,L2A,S2B_MSIL2A_20250410T101559_N0511_R065_T33UVB_20250410T130859.SAFE,S2B,2025-04-10T10:15:59Z,2025-04-10,2025,T33UVB,65,N0511,2025-04-10T13:08:59Z,S2B_MSIL2A_20250410T101559_N0511_R065_T33UVB_20250410T130859.SAFE,,True,25,31,2,3,2,2,inventoried
S2A_MSIL2A_20250410T102701_N0511_R108_T33UVB_20250410T192914,L2A,S2A_MSIL2A_20250410T102701_N0511_R108_T33UVB_20250410T192914.SAFE,S2A,2025-04-10T10:27:01Z,2025-04-10,2025,T33UVB,108,N0511,2025-04-10T19:29:14Z,S2A_MSIL2A_20250410T102701_N0511_R108_T33UVB_20250410T192914.SAFE,,True,25,31,2,3,2,2,inventoried
S2B_MSIL2A_20250413T102559_N0511_R108_T33UVB_20250413T124909,L2A,S2B_MSIL2A_20250413T102559_N0511_R108_T33UVB_20250413T124909.SAFE,S2B,2025-04-13T10:25:59Z,2025-04-13,2025,T33UVB,108,N0511,2025-04-13T12:49:09Z,S2B_MSIL2A_20250413T102559_N0511_R108_T33UVB_20250413T124909.SAFE,,True,25,31,2,3,2,2,inventoried
S2C_MSIL2A_20250415T102041_N0511_R065_T33UVB_20250415T160234,L2A,S2C_MSIL2A_20250415T102041_N0511_R065_T33UVB_20250415T160234.SAFE,S2C,2025-04-15T10:20:41Z,2025-04-15,2025,T33UVB,65,N0511,2025-04-15T16:02:34Z,S2C_MSIL2A_20250415T102041_N0511_R065_T33UVB_20250415T160234.SAFE,,True,25,31,2,3,2,2,inventoried
S2A_MSIL2A_20250417T102041_N0511_R065_T33UVB_20250417T190314,L2A,S2A_MSIL2A_20250417T102041_N0511_R065_T33UVB_20250417T190314.SAFE,S2A,2025-04-17T10:20:41Z,2025-04-17,2025,T33UVB,65,N0511,2025-04-17T19:03:14Z,S2A_MSIL2A_20250417T102041_N0511_R065_T33UVB_20250417T190314.SAFE,,True,25,31,2,3,2,2,inventoried
S2C_MSIL2A_20250418T103041_N0511_R108_T33UVB_20250418T160655,L2A,S2C_MSIL2A_20250418T103041_N0511_R108_T33UVB_20250418T160655.SAFE,S2C,2025-04-18T10:30:41Z,2025-04-18,2025,T33UVB,108,N0511,2025-04-18T16:06:55Z,S2C_MSIL2A_20250418T103041_N0511_R108_T33UVB_20250418T160655.SAFE,,True,25,31,2,3,2,2,inventoried
S2B_MSIL2A_20250420T101559_N0511_R065_T33UVB_20250420T131303,L2A,S2B_MSIL2A_20250420T101559_N0511_R065_T33UVB_20250420T131303.SAFE,S2B,2025-04-20T10:15:59Z,2025-04-20,2025,T33UVB,65,N0511,2025-04-20T13:13:03Z,S2B_MSIL2A_20250420T101559_N0511_R065_T33UVB_20250420T131303.SAFE,,True,25,31,2,3,2,2,inventoried
S2A_MSIL2A_20250420T103041_N0511_R108_T33UVB_20250420T202912,L2A,S2A_MSIL2A_20250420T103041_N0511_R108_T33UVB_20250420T202912.SAFE,S2A,2025-04-20T10:30:41Z,2025-04-20,2025,T33UVB,108,N0511,2025-04-20T20:29:12Z,S2A_MSIL2A_20250420T103041_N0511_R108_T33UVB_20250420T202912.SAFE,,True,25,31,2,3,2,2,inventoried
S2B_MSIL2A_20250423T102559_N0511_R108_T33UVB_20250423T124710,L2A,S2B_MSIL2A_20250423T102559_N0511_R108_T33UVB_20250423T124710.SAFE,S2B,2025-04-23T10:25:59Z,2025-04-23,2025,T33UVB,108,N0511,2025-04-23T12:47:10Z,S2B_MSIL2A_20250423T102559_N0511_R108_T33UVB_20250423T124710.SAFE,,True,25,31,2,3,2,2,inventoried
S2C_MSIL2A_20250425T102041_N0511_R065_T33UVB_20250425T155812,L2A,S2C_MSIL2A_20250425T102041_N0511_R065_T33UVB_20250425T155812.SAFE,S2C,2025-04-25T10:20:41Z,2025-04-25,2025,T33UVB,65,N0511,2025-04-25T15:58:12Z,S2C_MSIL2A_20250425T102041_N0511_R065_T33UVB_20250425T155812.SAFE,,True,25,31,2,3,2,2,inventoried
S2A_MSIL2A_20250427T101701_N0511_R065_T33UVB_20250427T170513,L2A,S2A_MSIL2A_20250427T101701_N0511_R065_T33UVB_20250427T170513.SAFE,S2A,2025-04-27T10:17:01Z,2025-04-27,2025,T33UVB,65,N0511,2025-04-27T17:05:13Z,S2A_MSIL2A_20250427T101701_N0511_R065_T33UVB_20250427T170513.SAFE,,True,25,31,2,3,2,2,inventoried
S2C_MSIL2A_20250428T103051_N0511_R108_T33UVB_20250428T151911,L2A,S2C_MSIL2A_20250428T103051_N0511_R108_T33UVB_20250428T151911.SAFE,S2C,2025-04-28T10:30:51Z,2025-04-28,2025,T33UVB,108,N0511,2025-04-28T15:19:11Z,S2C_MSIL2A_20250428T103051_N0511_R108_T33UVB_20250428T151911.SAFE,,True,25,31,2,3,2,2,inventoried
S2B_MSIL2A_20250430T101559_N0511_R065_T33UVB_20250430T131328,L2A,S2B_MSIL2A_20250430T101559_N0511_R065_T33UVB_20250430T131328.SAFE,S2B,2025-04-30T10:15:59Z,2025-04-30,2025,T33UVB,65,N0511,2025-04-30T13:13:28Z,S2B_MSIL2A_20250430T101559_N0511_R065_T33UVB_20250430T131328.SAFE,,True,25,31,2,3,2,2,inventoried
S2A_MSIL2A_20250430T102701_N0511_R108_T33UVB_20250430T190517,L2A,S2A_MSIL2A_20250430T102701_N0511_R108_T33UVB_20250430T190517.SAFE,S2A,2025-04-30T10:27:01Z,2025-04-30,2025,T33UVB,108,N0511,2025-04-30T19:05:17Z,S2A_MSIL2A_20250430T102701_N0511_R108_T33UVB_20250430T190517.SAFE,,True,25,31,2,3,2,2,inventoried
S2B_MSIL2A_20250503T102559_N0511_R108_T33UVB_20250503T124747,L2A,S2B_MSIL2A_20250503T102559_N0511_R108_T33UVB_20250503T124747.SAFE,S2B,2025-05-03T10:25:59Z,2025-05-03,2025,T33UVB,108,N0511,2025-05-03T12:47:47Z,S2B_MSIL2A_20250503T102559_N0511_R108_T33UVB_20250503T124747.SAFE,,True,25,31,2,3,2,2,inventoried
S2C_MSIL2A_20250505T101621_N0511_R065_T33UVB_20250505T141459,L2A,S2C_MSIL2A_20250505T101621_N0511_R065_T33UVB_20250505T141459.SAFE,S2C,2025-05-05T10:16:21Z,2025-05-05,2025,T33UVB,65,N0511,2025-05-05T14:14:59Z,S2C_MSIL2A_20250505T101621_N0511_R065_T33UVB_20250505T141459.SAFE,,True,25,31,2,3,2,2,inventoried
S2C_MSIL2A_20250508T102621_N0511_R108_T33UVB_20250508T155603,L2A,S2C_MSIL2A_20250508T102621_N0511_R108_T33UVB_20250508T155603.SAFE,S2C,2025-05-08T10:26:21Z,2025-05-08,2025,T33UVB,108,N0511,2025-05-08T15:56:03Z,S2C_MSIL2A_20250508T102621_N0511_R108_T33UVB_20250508T155603.SAFE,,True,25,31,2,3,2,2,inventoried
S2B_MSIL2A_20250510T101559_N0511_R065_T33UVB_20250510T123915,L2A,S2B_MSIL2A_20250510T101559_N0511_R065_T33UVB_20250510T123915.SAFE,S2B,2025-05-10T10:15:59Z,2025-05-10,2025,T33UVB,65,N0511,2025-05-10T12:39:15Z,S2B_MSIL2A_20250510T101559_N0511_R065_T33UVB_20250510T123915.SAFE,,True,25,31,2,3,2,2,inventoried
S2A_MSIL2A_20250510T103031_N0511_R108_T33UVB_20250510T122916,L2A,S2A_MSIL2A_20250510T103031_N0511_R108_T33UVB_20250510T122916.SAFE,S2A,2025-05-10T10:30:31Z,2025-05-10,2025,T33UVB,108,N0511,2025-05-10T12:29:16Z,S2A_MSIL2A_20250510T103031_N0511_R108_T33UVB_20250510T122916.SAFE,,True,25,31,2,3,2,2,inventoried
S2B_MSIL2A_20250513T102559_N0511_R108_T33UVB_20250513T132211,L2A,S2B_MSIL2A_20250513T102559_N0511_R108_T33UVB_20250513T132211.SAFE,S2B,2025-05-13T10:25:59Z,2025-05-13,2025,T33UVB,108,N0511,2025-05-13T13:22:11Z,S2B_MSIL2A_20250513T102559_N0511_R108_T33UVB_20250513T132211.SAFE,,True,25,31,2,3,2,2,inventoried
S2C_MSIL2A_20250515T101611_N0511_R065_T33UVB_20250515T154718,L2A,S2C_MSIL2A_20250515T101611_N0511_R065_T33UVB_20250515T154718.SAFE,S2C,2025-05-15T10:16:11Z,2025-05-15,2025,T33UVB,65,N0511,2025-05-15T15:47:18Z,S2C_MSIL2A_20250515T101611_N0511_R065_T33UVB_20250515T154718.SAFE,,True,25,31,2,3,2,2,inventoried
S2A_MSIL2A_20250517T101701_N0511_R065_T33UVB_20250517T122915,L2A,S2A_MSIL2A_20250517T101701_N0511_R065_T33UVB_20250517T122915.SAFE,S2A,2025-05-17T10:17:01Z,2025-05-17,2025,T33UVB,65,N0511,2025-05-17T12:29:15Z,S2A_MSIL2A_20250517T101701_N0511_R065_T33UVB_20250517T122915.SAFE,,True,25,31,2,3,2,2,inventoried
S2C_MSIL2A_20250518T102621_N0511_R108_T33UVB_20250518T142556,L2A,S2C_MSIL2A_20250518T102621_N0511_R108_T33UVB_20250518T142556.SAFE,S2C,2025-05-18T10:26:21Z,2025-05-18,2025,T33UVB,108,N0511,2025-05-18T14:25:56Z,S2C_MSIL2A_20250518T102621_N0511_R108_T33UVB_20250518T142556.SAFE,,True,25,31,2,3,2,2,inventoried
S2B_MSIL2A_20250520T101559_N0511_R065_T33UVB_20250520T130619,L2A,S2B_MSIL2A_20250520T101559_N0511_R065_T33UVB_20250520T130619.SAFE,S2B,2025-05-20T10:15:59Z,2025-05-20,2025,T33UVB,65,N0511,2025-05-20T13:06:19Z,S2B_MSIL2A_20250520T101559_N0511_R065_T33UVB_20250520T130619.SAFE,,True,25,31,2,3,2,2,inventoried
S2A_MSIL2A_20250520T102701_N0511_R108_T33UVB_20250520T142814,L2A,S2A_MSIL2A_20250520T102701_N0511_R108_T33UVB_20250520T142814.SAFE,S2A,2025-05-20T10:27:01Z,2025-05-20,2025,T33UVB,108,N0511,2025-05-20T14:28:14Z,S2A_MSIL2A_20250520T102701_N0511_R108_T33UVB_20250520T142814.SAFE,,True,25,31,2,3,2,2,inventoried
S2B_MSIL2A_20250523T102559_N0511_R108_T33UVB_20250523T131911,L2A,S2B_MSIL2A_20250523T102559_N0511_R108_T33UVB_20250523T131911.SAFE,S2B,2025-05-23T10:25:59Z,2025-05-23,2025,T33UVB,108,N0511,2025-05-23T13:19:11Z,S2B_MSIL2A_20250523T102559_N0511_R108_T33UVB_20250523T131911.SAFE,,True,25,31,2,3,2,2,inventoried
S2C_MSIL2A_20250525T101621_N0511_R065_T33UVB_20250525T153015,L2A,S2C_MSIL2A_20250525T101621_N0511_R065_T33UVB_20250525T153015.SAFE,S2C,2025-05-25T10:16:21Z,2025-05-25,2025,T33UVB,65,N0511,2025-05-25T15:30:15Z,S2C_MSIL2A_20250525T101621_N0511_R065_T33UVB_20250525T153015.SAFE,,True,25,31,2,3,2,2,inventoried
S2A_MSIL2A_20250527T102041_N0511_R065_T33UVB_20250527T165916,L2A,S2A_MSIL2A_20250527T102041_N0511_R065_T33UVB_20250527T165916.SAFE,S2A,2025-05-27T10:20:41Z,2025-05-27,2025,T33UVB,65,N0511,2025-05-27T16:59:16Z,S2A_MSIL2A_20250527T102041_N0511_R065_T33UVB_20250527T165916.SAFE,,True,25,31,2,3,2,2,inventoried
S2C_MSIL2A_20250528T102621_N0511_R108_T33UVB_20250528T143128,L2A,S2C_MSIL2A_20250528T102621_N0511_R108_T33UVB_20250528T143128.SAFE,S2C,2025-05-28T10:26:21Z,2025-05-28,2025,T33UVB,108,N0511,2025-05-28T14:31:28Z,S2C_MSIL2A_20250528T102621_N0511_R108_T33UVB_20250528T143128.SAFE,,True,25,31,2,3,2,2,inventoried
S2B_MSIL2A_20250530T101559_N0511_R065_T33UVB_20250530T130924,L2A,S2B_MSIL2A_20250530T101559_N0511_R065_T33UVB_20250530T130924.SAFE,S2B,2025-05-30T10:15:59Z,2025-05-30,2025,T33UVB,65,N0511,2025-05-30T13:09:24Z,S2B_MSIL2A_20250530T101559_N0511_R065_T33UVB_20250530T130924.SAFE,,True,25,31,2,3,2,2,inventoried
S2A_MSIL2A_20250530T103041_N0511_R108_T33UVB_20250530T142711,L2A,S2A_MSIL2A_20250530T103041_N0511_R108_T33UVB_20250530T142711.SAFE,S2A,2025-05-30T10:30:41Z,2025-05-30,2025,T33UVB,108,N0511,2025-05-30T14:27:11Z,S2A_MSIL2A_20250530T103041_N0511_R108_T33UVB_20250530T142711.SAFE,,True,25,31,2,3,2,2,inventoried
S2B_MSIL2A_20250602T102559_N0511_R108_T33UVB_20250602T124635,L2A,S2B_MSIL2A_20250602T102559_N0511_R108_T33UVB_20250602T124635.SAFE,S2B,2025-06-02T10:25:59Z,2025-06-02,2025,T33UVB,108,N0511,2025-06-02T12:46:35Z,S2B_MSIL2A_20250602T102559_N0511_R108_T33UVB_20250602T124635.SAFE,,True,25,31,2,3,2,2,inventoried
S2C_MSIL2A_20250604T102041_N0511_R065_T33UVB_20250604T184411,L2A,S2C_MSIL2A_20250604T102041_N0511_R065_T33UVB_20250604T184411.SAFE,S2C,2025-06-04T10:20:41Z,2025-06-04,2025,T33UVB,65,N0511,2025-06-04T18:44:11Z,S2C_MSIL2A_20250604T102041_N0511_R065_T33UVB_20250604T184411.SAFE,,True,25,31,2,3,2,2,inventoried
S2A_MSIL2A_20250606T101701_N0511_R065_T33UVB_20250606T121844,L2A,S2A_MSIL2A_20250606T101701_N0511_R065_T33UVB_20250606T121844.SAFE,S2A,2025-06-06T10:17:01Z,2025-06-06,2025,T33UVB,65,N0511,2025-06-06T12:18:44Z,S2A_MSIL2A_20250606T101701_N0511_R065_T33UVB_20250606T121844.SAFE,,True,25,31,2,3,2,2,inventoried
S2C_MSIL2A_20250607T102621_N0511_R108_T33UVB_20250607T161214,L2A,S2C_MSIL2A_20250607T102621_N0511_R108_T33UVB_20250607T161214.SAFE,S2C,2025-06-07T10:26:21Z,2025-06-07,2025,T33UVB,108,N0511,2025-06-07T16:12:14Z,S2C_MSIL2A_20250607T102621_N0511_R108_T33UVB_20250607T161214.SAFE,,True,25,31,2,3,2,2,inventoried
S2B_MSIL2A_20250609T101559_N0511_R065_T33UVB_20250609T123615,L2A,S2B_MSIL2A_20250609T101559_N0511_R065_T33UVB_20250609T123615.SAFE,S2B,2025-06-09T10:15:59Z,2025-06-09,2025,T33UVB,65,N0511,2025-06-09T12:36:15Z,S2B_MSIL2A_20250609T101559_N0511_R065_T33UVB_20250609T123615.SAFE,,True,25,31,2,3,2,2,inventoried
S2A_MSIL2A_20250609T102701_N0511_R108_T33UVB_20250609T123015,L2A,S2A_MSIL2A_20250609T102701_N0511_R108_T33UVB_20250609T123015.SAFE,S2A,2025-06-09T10:27:01Z,2025-06-09,2025,T33UVB,108,N0511,2025-06-09T12:30:15Z,S2A_MSIL2A_20250609T102701_N0511_R108_T33UVB_20250609T123015.SAFE,,True,25,31,2,3,2,2,inventoried
S2B_MSIL2A_20250612T102559_N0511_R108_T33UVB_20250612T124505,L2A,S2B_MSIL2A_20250612T102559_N0511_R108_T33UVB_20250612T124505.SAFE,S2B,2025-06-12T10:25:59Z,2025-06-12,2025,T33UVB,108,N0511,2025-06-12T12:45:05Z,S2B_MSIL2A_20250612T102559_N0511_R108_T33UVB_20250612T124505.SAFE,,True,25,31,2,3,2,2,inventoried
S2C_MSIL2A_20250614T101621_N0511_R065_T33UVB_20250614T142405,L2A,S2C_MSIL2A_20250614T101621_N0511_R065_T33UVB_20250614T142405.SAFE,S2C,2025-06-14T10:16:21Z,2025-06-14,2025,T33UVB,65,N0511,2025-06-14T14:24:05Z,S2C_MSIL2A_20250614T101621_N0511_R065_T33UVB_20250614T142405.SAFE,,True,25,31,2,3,2,2,inventoried
S2A_MSIL2A_20250616T102041_N0511_R065_T33UVB_20250616T121245,L2A,S2A_MSIL2A_20250616T102041_N0511_R065_T33UVB_20250616T121245.SAFE,S2A,2025-06-16T10:20:41Z,2025-06-16,2025,T33UVB,65,N0511,2025-06-16T12:12:45Z,S2A_MSIL2A_20250616T102041_N0511_R065_T33UVB_20250616T121245.SAFE,,True,25,31,2,3,2,2,inventoried
S2C_MSIL2A_20250617T102621_N0511_R108_T33UVB_20250617T142916,L2A,S2C_MSIL2A_20250617T102621_N0511_R108_T33UVB_20250617T142916.SAFE,S2C,2025-06-17T10:26:21Z,2025-06-17,2025,T33UVB,108,N0511,2025-06-17T14:29:16Z,S2C_MSIL2A_20250617T102621_N0511_R108_T33UVB_20250617T142916.SAFE,,True,25,31,2,3,2,2,inventoried
S2B_MSIL2A_20250619T101559_N0511_R065_T33UVB_20250619T132744,L2A,S2B_MSIL2A_20250619T101559_N0511_R065_T33UVB_20250619T132744.SAFE,S2B,2025-06-19T10:15:59Z,2025-06-19,2025,T33UVB,65,N0511,2025-06-19T13:27:44Z,S2B_MSIL2A_20250619T101559_N0511_R065_T33UVB_20250619T132744.SAFE,,True,25,31,2,3,2,2,inventoried
S2A_MSIL2A_20250619T103041_N0511_R108_T33UVB_20250619T160201,L2A,S2A_MSIL2A_20250619T103041_N0511_R108_T33UVB_20250619T160201.SAFE,S2A,2025-06-19T10:30:41Z,2025-06-19,2025,T33UVB,108,N0511,2025-06-19T16:02:01Z,S2A_MSIL2A_20250619T103041_N0511_R108_T33UVB_20250619T160201.SAFE,,True,25,31,2,3,2,2,inventoried
S2B_MSIL2A_20250622T102559_N0511_R108_T33UVB_20250622T124912,L2A,S2B_MSIL2A_20250622T102559_N0511_R108_T33UVB_20250622T124912.SAFE,S2B,2025-06-22T10:25:59Z,2025-06-22,2025,T33UVB,108,N0511,2025-06-22T12:49:12Z,S2B_MSIL2A_20250622T102559_N0511_R108_T33UVB_20250622T124912.SAFE,,True,25,31,2,3,2,2,inventoried
S2C_MSIL2A_20250624T101621_N0511_R065_T33UVB_20250624T140517,L2A,S2C_MSIL2A_20250624T101621_N0511_R065_T33UVB_20250624T140517.SAFE,S2C,2025-06-24T10:16:21Z,2025-06-24,2025,T33UVB,65,N0511,2025-06-24T14:05:17Z,S2C_MSIL2A_20250624T101621_N0511_R065_T33UVB_20250624T140517.SAFE,,True,25,31,2,3,2,2,inventoried
S2A_MSIL2A_20250626T101701_N0511_R065_T33UVB_20250626T120604,L2A,S2A_MSIL2A_20250626T101701_N0511_R065_T33UVB_20250626T120604.SAFE,S2A,2025-06-26T10:17:01Z,2025-06-26,2025,T33UVB,65,N0511,2025-06-26T12:06:04Z,S2A_MSIL2A_20250626T101701_N0511_R065_T33UVB_20250626T120604.SAFE,,True,25,31,2,3,2,2,inventoried
S2C_MSIL2A_20250627T103041_N0511_R108_T33UVB_20250627T155455,L2A,S2C_MSIL2A_20250627T103041_N0511_R108_T33UVB_20250627T155455.SAFE,S2C,2025-06-27T10:30:41Z,2025-06-27,2025,T33UVB,108,N0511,2025-06-27T15:54:55Z,S2C_MSIL2A_20250627T103041_N0511_R108_T33UVB_20250627T155455.SAFE,,True,25,31,2,3,2,2,inventoried
S2A_MSIL2A_20250629T102701_N0511_R108_T33UVB_20250629T122016,L2A,S2A_MSIL2A_20250629T102701_N0511_R108_T33UVB_20250629T122016.SAFE,S2A,2025-06-29T10:27:01Z,2025-06-29,2025,T33UVB,108,N0511,2025-06-29T12:20:16Z,S2A_MSIL2A_20250629T102701_N0511_R108_T33UVB_20250629T122016.SAFE,,True,25,31,2,3,2,2,inventoried
S2B_MSIL2A_20250702T102559_N0511_R108_T33UVB_20250702T124602,L2A,S2B_MSIL2A_20250702T102559_N0511_R108_T33UVB_20250702T124602.SAFE,S2B,2025-07-02T10:25:59Z,2025-07-02,2025,T33UVB,108,N0511,2025-07-02T12:46:02Z,S2B_MSIL2A_20250702T102559_N0511_R108_T33UVB_20250702T124602.SAFE,,True,25,31,2,3,2,2,inventoried
S2C_MSIL2A_20250704T102041_N0511_R065_T33UVB_20250704T153115,L2A,S2C_MSIL2A_20250704T102041_N0511_R065_T33UVB_20250704T153115.SAFE,S2C,2025-07-04T10:20:41Z,2025-07-04,2025,T33UVB,65,N0511,2025-07-04T15:31:15Z,S2C_MSIL2A_20250704T102041_N0511_R065_T33UVB_20250704T153115.SAFE,,True,25,31,2,3,2,2,inventoried
S2A_MSIL2A_20250706T102041_N0511_R065_T33UVB_20250706T121214,L2A,S2A_MSIL2A_20250706T102041_N0511_R065_T33UVB_20250706T121214.SAFE,S2A,2025-07-06T10:20:41Z,2025-07-06,2025,T33UVB,65,N0511,2025-07-06T12:12:14Z,S2A_MSIL2A_20250706T102041_N0511_R065_T33UVB_20250706T121214.SAFE,,True,25,31,2,3,2,2,inventoried
S2C_MSIL2A_20250707T103051_N0511_R108_T33UVB_20250707T154215,L2A,S2C_MSIL2A_20250707T103051_N0511_R108_T33UVB_20250707T154215.SAFE,S2C,2025-07-07T10:30:51Z,2025-07-07,2025,T33UVB,108,N0511,2025-07-07T15:42:15Z,S2C_MSIL2A_20250707T103051_N0511_R108_T33UVB_20250707T154215.SAFE,,True,25,31,2,3,2,2,inventoried
S2B_MSIL2A_20250709T101559_N0511_R065_T33UVB_20250709T155807,L2A,S2B_MSIL2A_20250709T101559_N0511_R065_T33UVB_20250709T155807.SAFE,S2B,2025-07-09T10:15:59Z,2025-07-09,2025,T33UVB,65,N0511,2025-07-09T15:58:07Z,S2B_MSIL2A_20250709T101559_N0511_R065_T33UVB_20250709T155807.SAFE,,True,25,31,2,3,2,2,inventoried
S2A_MSIL2A_20250709T103041_N0511_R108_T33UVB_20250709T173113,L2A,S2A_MSIL2A_20250709T103041_N0511_R108_T33UVB_20250709T173113.SAFE,S2A,2025-07-09T10:30:41Z,2025-07-09,2025,T33UVB,108,N0511,2025-07-09T17:31:13Z,S2A_MSIL2A_20250709T103041_N0511_R108_T33UVB_20250709T173113.SAFE,,True,25,31,2,3,2,2,inventoried
S2B_MSIL2A_20250712T102559_N0511_R108_T33UVB_20250712T130944,L2A,S2B_MSIL2A_20250712T102559_N0511_R108_T33UVB_20250712T130944.SAFE,S2B,2025-07-12T10:25:59Z,2025-07-12,2025,T33UVB,108,N0511,2025-07-12T13:09:44Z,S2B_MSIL2A_20250712T102559_N0511_R108_T33UVB_20250712T130944.SAFE,,True,25,31,2,3,2,2,inventoried
S2C_MSIL2A_20250714T102051_N0511_R065_T33UVB_20250714T152701,L2A,S2C_MSIL2A_20250714T102051_N0511_R065_T33UVB_20250714T152701.SAFE,S2C,2025-07-14T10:20:51Z,2025-07-14,2025,T33UVB,65,N0511,2025-07-14T15:27:01Z,S2C_MSIL2A_20250714T102051_N0511_R065_T33UVB_20250714T152701.SAFE,,True,25,31,2,3,2,2,inventoried
S2A_MSIL2A_20250716T101701_N0511_R065_T33UVB_20250716T121613,L2A,S2A_MSIL2A_20250716T101701_N0511_R065_T33UVB_20250716T121613.SAFE,S2A,2025-07-16T10:17:01Z,2025-07-16,2025,T33UVB,65,N0511,2025-07-16T12:16:13Z,S2A_MSIL2A_20250716T101701_N0511_R065_T33UVB_20250716T121613.SAFE,,True,25,31,2,3,2,2,inventoried
S2C_MSIL2A_20250717T103051_N0511_R108_T33UVB_20250717T155618,L2A,S2C_MSIL2A_20250717T103051_N0511_R108_T33UVB_20250717T155618.SAFE,S2C,2025-07-17T10:30:51Z,2025-07-17,2025,T33UVB,108,N0511,2025-07-17T15:56:18Z,S2C_MSIL2A_20250717T103051_N0511_R108_T33UVB_20250717T155618.SAFE,,True,25,31,2,3,2,2,inventoried
S2B_MSIL2A_20250719T101559_N0511_R065_T33UVB_20250719T130235,L2A,S2B_MSIL2A_20250719T101559_N0511_R065_T33UVB_20250719T130235.SAFE,S2B,2025-07-19T10:15:59Z,2025-07-19,2025,T33UVB,65,N0511,2025-07-19T13:02:35Z,S2B_MSIL2A_20250719T101559_N0511_R065_T33UVB_20250719T130235.SAFE,,True,25,31,2,3,2,2,inventoried
S2A_MSIL2A_20250719T102701_N0511_R108_T33UVB_20250719T143316,L2A,S2A_MSIL2A_20250719T102701_N0511_R108_T33UVB_20250719T143316.SAFE,S2A,2025-07-19T10:27:01Z,2025-07-19,2025,T33UVB,108,N0511,2025-07-19T14:33:16Z,S2A_MSIL2A_20250719T102701_N0511_R108_T33UVB_20250719T143316.SAFE,,True,25,31,2,3,2,2,inventoried
S2B_MSIL2A_20250722T102559_N0511_R108_T33UVB_20250722T143017,L2A,S2B_MSIL2A_20250722T102559_N0511_R108_T33UVB_20250722T143017.SAFE,S2B,2025-07-22T10:25:59Z,2025-07-22,2025,T33UVB,108,N0511,2025-07-22T14:30:17Z,S2B_MSIL2A_20250722T102559_N0511_R108_T33UVB_20250722T143017.SAFE,,True,25,31,2,3,2,2,inventoried
S2C_MSIL2A_20250724T102041_N0511_R065_T33UVB_20250724T152814,L2A,S2C_MSIL2A_20250724T102041_N0511_R065_T33UVB_20250724T152814.SAFE,S2C,2025-07-24T10:20:41Z,2025-07-24,2025,T33UVB,65,N0511,2025-07-24T15:28:14Z,S2C_MSIL2A_20250724T102041_N0511_R065_T33UVB_20250724T152814.SAFE,,True,25,31,2,3,2,2,inventoried
S2A_MSIL2A_20250726T102041_N0511_R065_T33UVB_20250726T155501,L2A,S2A_MSIL2A_20250726T102041_N0511_R065_T33UVB_20250726T155501.SAFE,S2A,2025-07-26T10:20:41Z,2025-07-26,2025,T33UVB,65,N0511,2025-07-26T15:55:01Z,S2A_MSIL2A_20250726T102041_N0511_R065_T33UVB_20250726T155501.SAFE,,True,25,31,2,3,2,2,inventoried
S2C_MSIL2A_20250727T103051_N0511_R108_T33UVB_20250727T145615,L2A,S2C_MSIL2A_20250727T103051_N0511_R108_T33UVB_20250727T145615.SAFE,S2C,2025-07-27T10:30:51Z,2025-07-27,2025,T33UVB,108,N0511,2025-07-27T14:56:15Z,S2C_MSIL2A_20250727T103051_N0511_R108_T33UVB_20250727T145615.SAFE,,True,25,31,2,3,2,2,inventoried
S2B_MSIL2A_20250729T101559_N0511_R065_T33UVB_20250729T142051,L2A,S2B_MSIL2A_20250729T101559_N0511_R065_T33UVB_20250729T142051.SAFE,S2B,2025-07-29T10:15:59Z,2025-07-29,2025,T33UVB,65,N0511,2025-07-29T14:20:51Z,S2B_MSIL2A_20250729T101559_N0511_R065_T33UVB_20250729T142051.SAFE,,True,25,31,2,3,2,2,inventoried
S2A_MSIL2A_20250729T103041_N0511_R108_T33UVB_20250729T121812,L2A,S2A_MSIL2A_20250729T103041_N0511_R108_T33UVB_20250729T121812.SAFE,S2A,2025-07-29T10:30:41Z,2025-07-29,2025,T33UVB,108,N0511,2025-07-29T12:18:12Z,S2A_MSIL2A_20250729T103041_N0511_R108_T33UVB_20250729T121812.SAFE,,True,25,31,2,3,2,2,inventoried
S2B_MSIL2A_20250801T102559_N0511_R108_T33UVB_20250801T143305,L2A,S2B_MSIL2A_20250801T102559_N0511_R108_T33UVB_20250801T143305.SAFE,S2B,2025-08-01T10:25:59Z,2025-08-01,2025,T33UVB,108,N0511,2025-08-01T14:33:05Z,S2B_MSIL2A_20250801T102559_N0511_R108_T33UVB_20250801T143305.SAFE,,True,25,31,2,3,2,2,inventoried
S2C_MSIL2A_20250803T102041_N0511_R065_T33UVB_20250803T153013,L2A,S2C_MSIL2A_20250803T102041_N0511_R065_T33UVB_20250803T153013.SAFE,S2C,2025-08-03T10:20:41Z,2025-08-03,2025,T33UVB,65,N0511,2025-08-03T15:30:13Z,S2C_MSIL2A_20250803T102041_N0511_R065_T33UVB_20250803T153013.SAFE,,True,25,31,2,3,2,2,inventoried
S2A_MSIL2A_20250805T101701_N0511_R065_T33UVB_20250805T124016,L2A,S2A_MSIL2A_20250805T101701_N0511_R065_T33UVB_20250805T124016.SAFE,S2A,2025-08-05T10:17:01Z,2025-08-05,2025,T33UVB,65,N0511,2025-08-05T12:40:16Z,S2A_MSIL2A_20250805T101701_N0511_R065_T33UVB_20250805T124016.SAFE,,True,25,31,2,3,2,2,inventoried
S2C_MSIL2A_20250806T102621_N0511_R108_T33UVB_20250806T144014,L2A,S2C_MSIL2A_20250806T102621_N0511_R108_T33UVB_20250806T144014.SAFE,S2C,2025-08-06T10:26:21Z,2025-08-06,2025,T33UVB,108,N0511,2025-08-06T14:40:14Z,S2C_MSIL2A_20250806T102621_N0511_R108_T33UVB_20250806T144014.SAFE,,True,25,31,2,3,2,2,inventoried
S2B_MSIL2A_20250808T101559_N0511_R065_T33UVB_20250808T125057,L2A,S2B_MSIL2A_20250808T101559_N0511_R065_T33UVB_20250808T125057.SAFE,S2B,2025-08-08T10:15:59Z,2025-08-08,2025,T33UVB,65,N0511,2025-08-08T12:50:57Z,S2B_MSIL2A_20250808T101559_N0511_R065_T33UVB_20250808T125057.SAFE,,True,25,31,2,3,2,2,inventoried
S2A_MSIL2A_20250808T102701_N0511_R108_T33UVB_20250808T123121,L2A,S2A_MSIL2A_20250808T102701_N0511_R108_T33UVB_20250808T123121.SAFE,S2A,2025-08-08T10:27:01Z,2025-08-08,2025,T33UVB,108,N0511,2025-08-08T12:31:21Z,S2A_MSIL2A_20250808T102701_N0511_R108_T33UVB_20250808T123121.SAFE,,True,25,31,2,3,2,2,inventoried
S2B_MSIL2A_20250811T102559_N0511_R108_T33UVB_20250811T124556,L2A,S2B_MSIL2A_20250811T102559_N0511_R108_T33UVB_20250811T124556.SAFE,S2B,2025-08-11T10:25:59Z,2025-08-11,2025,T33UVB,108,N0511,2025-08-11T12:45:56Z,S2B_MSIL2A_20250811T102559_N0511_R108_T33UVB_20250811T124556.SAFE,,True,25,31,2,3,2,2,inventoried
S2C_MSIL2A_20250813T102041_N0511_R065_T33UVB_20250813T160110,L2A,S2C_MSIL2A_20250813T102041_N0511_R065_T33UVB_20250813T160110.SAFE,S2C,2025-08-13T10:20:41Z,2025-08-13,2025,T33UVB,65,N0511,2025-08-13T16:01:10Z,S2C_MSIL2A_20250813T102041_N0511_R065_T33UVB_20250813T160110.SAFE,,True,25,31,2,3,2,2,inventoried
S2A_MSIL2A_20250815T102041_N0511_R065_T33UVB_20250815T120317,L2A,S2A_MSIL2A_20250815T102041_N0511_R065_T33UVB_20250815T120317.SAFE,S2A,2025-08-15T10:20:41Z,2025-08-15,2025,T33UVB,65,N0511,2025-08-15T12:03:17Z,S2A_MSIL2A_20250815T102041_N0511_R065_T33UVB_20250815T120317.SAFE,,True,25,31,2,3,2,2,inventoried
S2C_MSIL2A_20250816T103041_N0511_R108_T33UVB_20250816T161514,L2A,S2C_MSIL2A_20250816T103041_N0511_R108_T33UVB_20250816T161514.SAFE,S2C,2025-08-16T10:30:41Z,2025-08-16,2025,T33UVB,108,N0511,2025-08-16T16:15:14Z,S2C_MSIL2A_20250816T103041_N0511_R108_T33UVB_20250816T161514.SAFE,,True,25,31,2,3,2,2,inventoried
S2B_MSIL2A_20250818T101559_N0511_R065_T33UVB_20250818T125628,L2A,S2B_MSIL2A_20250818T101559_N0511_R065_T33UVB_20250818T125628.SAFE,S2B,2025-08-18T10:15:59Z,2025-08-18,2025,T33UVB,65,N0511,2025-08-18T12:56:28Z,S2B_MSIL2A_20250818T101559_N0511_R065_T33UVB_20250818T125628.SAFE,,True,25,31,2,3,2,2,inventoried
S2A_MSIL2A_20250818T103041_N0511_R108_T33UVB_20250818T143613,L2A,S2A_MSIL2A_20250818T103041_N0511_R108_T33UVB_20250818T143613.SAFE,S2A,2025-08-18T10:30:41Z,2025-08-18,2025,T33UVB,108,N0511,2025-08-18T14:36:13Z,S2A_MSIL2A_20250818T103041_N0511_R108_T33UVB_20250818T143613.SAFE,,True,25,31,2,3,2,2,inventoried
S2B_MSIL2A_20250821T102559_N0511_R108_T33UVB_20250821T125116,L2A,S2B_MSIL2A_20250821T102559_N0511_R108_T33UVB_20250821T125116.SAFE,S2B,2025-08-21T10:25:59Z,2025-08-21,2025,T33UVB,108,N0511,2025-08-21T12:51:16Z,S2B_MSIL2A_20250821T102559_N0511_R108_T33UVB_20250821T125116.SAFE,,True,25,31,2,3,2,2,inventoried
S2C_MSIL2A_20250823T102041_N0511_R065_T33UVB_20250823T152613,L2A,S2C_MSIL2A_20250823T102041_N0511_R065_T33UVB_20250823T152613.SAFE,S2C,2025-08-23T10:20:41Z,2025-08-23,2025,T33UVB,65,N0511,2025-08-23T15:26:13Z,S2C_MSIL2A_20250823T102041_N0511_R065_T33UVB_20250823T152613.SAFE,,True,25,31,2,3,2,2,inventoried
S2A_MSIL2A_20250825T101701_N0511_R065_T33UVB_20250825T142615,L2A,S2A_MSIL2A_20250825T101701_N0511_R065_T33UVB_20250825T142615.SAFE,S2A,2025-08-25T10:17:01Z,2025-08-25,2025,T33UVB,65,N0511,2025-08-25T14:26:15Z,S2A_MSIL2A_20250825T101701_N0511_R065_T33UVB_20250825T142615.SAFE,,True,25,31,2,3,2,2,inventoried
S2C_MSIL2A_20250826T103051_N0511_R108_T33UVB_20250827T091516,L2A,S2C_MSIL2A_20250826T103051_N0511_R108_T33UVB_20250827T091516.SAFE,S2C,2025-08-26T10:30:51Z,2025-08-26,2025,T33UVB,108,N0511,2025-08-27T09:15:16Z,S2C_MSIL2A_20250826T103051_N0511_R108_T33UVB_20250827T091516.SAFE,,True,25,31,2,3,2,2,inventoried
S2B_MSIL2A_20250828T101559_N0511_R065_T33UVB_20250828T130342,L2A,S2B_MSIL2A_20250828T101559_N0511_R065_T33UVB_20250828T130342.SAFE,S2B,2025-08-28T10:15:59Z,2025-08-28,2025,T33UVB,65,N0511,2025-08-28T13:03:42Z,S2B_MSIL2A_20250828T101559_N0511_R065_T33UVB_20250828T130342.SAFE,,True,25,31,2,3,2,2,inventoried
S2A_MSIL2A_20250828T102701_N0511_R108_T33UVB_20250828T125119,L2A,S2A_MSIL2A_20250828T102701_N0511_R108_T33UVB_20250828T125119.SAFE,S2A,2025-08-28T10:27:01Z,2025-08-28,2025,T33UVB,108,N0511,2025-08-28T12:51:19Z,S2A_MSIL2A_20250828T102701_N0511_R108_T33UVB_20250828T125119.SAFE,,True,25,31,2,3,2,2,inventoried
S2B_MSIL2A_20250831T102559_N0511_R108_T33UVB_20250831T143825,L2A,S2B_MSIL2A_20250831T102559_N0511_R108_T33UVB_20250831T143825.SAFE,S2B,2025-08-31T10:25:59Z,2025-08-31,2025,T33UVB,108,N0511,2025-08-31T14:38:25Z,S2B_MSIL2A_20250831T102559_N0511_R108_T33UVB_20250831T143825.SAFE,,True,25,31,2,3,2,2,inventoried
S2C_MSIL2A_20250902T102041_N0511_R065_T33UVB_20250902T151717,L2A,S2C_MSIL2A_20250902T102041_N0511_R065_T33UVB_20250902T151717.SAFE,S2C,2025-09-02T10:20:41Z,2025-09-02,2025,T33UVB,65,N0511,2025-09-02T15:17:17Z,S2C_MSIL2A_20250902T102041_N0511_R065_T33UVB_20250902T151717.SAFE,,True,25,31,2,3,2,2,inventoried
S2A_MSIL2A_20250904T102041_N0511_R065_T33UVB_20250904T121100,L2A,S2A_MSIL2A_20250904T102041_N0511_R065_T33UVB_20250904T121100.SAFE,S2A,2025-09-04T10:20:41Z,2025-09-04,2025,T33UVB,65,N0511,2025-09-04T12:11:00Z,S2A_MSIL2A_20250904T102041_N0511_R065_T33UVB_20250904T121100.SAFE,,True,25,31,2,3,2,2,inventoried
S2C_MSIL2A_20250905T103041_N0511_R108_T33UVB_20250905T154017,L2A,S2C_MSIL2A_20250905T103041_N0511_R108_T33UVB_20250905T154017.SAFE,S2C,2025-09-05T10:30:41Z,2025-09-05,2025,T33UVB,108,N0511,2025-09-05T15:40:17Z,S2C_MSIL2A_20250905T103041_N0511_R108_T33UVB_20250905T154017.SAFE,,True,25,31,2,3,2,2,inventoried
S2B_MSIL2A_20250907T101559_N0511_R065_T33UVB_20250907T142103,L2A,S2B_MSIL2A_20250907T101559_N0511_R065_T33UVB_20250907T142103.SAFE,S2B,2025-09-07T10:15:59Z,2025-09-07,2025,T33UVB,65,N0511,2025-09-07T14:21:03Z,S2B_MSIL2A_20250907T101559_N0511_R065_T33UVB_20250907T142103.SAFE,,True,25,31,2,3,2,2,inventoried
S2A_MSIL2A_20250907T103031_N0511_R108_T33UVB_20250907T142815,L2A,S2A_MSIL2A_20250907T103031_N0511_R108_T33UVB_20250907T142815.SAFE,S2A,2025-09-07T10:30:31Z,2025-09-07,2025,T33UVB,108,N0511,2025-09-07T14:28:15Z,S2A_MSIL2A_20250907T103031_N0511_R108_T33UVB_20250907T142815.SAFE,,True,25,31,2,3,2,2,inventoried
S2B_MSIL2A_20250910T102559_N0511_R108_T33UVB_20250910T130748,L2A,S2B_MSIL2A_20250910T102559_N0511_R108_T33UVB_20250910T130748.SAFE,S2B,2025-09-10T10:25:59Z,2025-09-10,2025,T33UVB,108,N0511,2025-09-10T13:07:48Z,S2B_MSIL2A_20250910T102559_N0511_R108_T33UVB_20250910T130748.SAFE,,True,25,31,2,3,2,2,inventoried
S2C_MSIL2A_20250912T101641_N0511_R065_T33UVB_20250912T155618,L2A,S2C_MSIL2A_20250912T101641_N0511_R065_T33UVB_20250912T155618.SAFE,S2C,2025-09-12T10:16:41Z,2025-09-12,2025,T33UVB,65,N0511,2025-09-12T15:56:18Z,S2C_MSIL2A_20250912T101641_N0511_R065_T33UVB_20250912T155618.SAFE,,True,25,31,2,3,2,2,inventoried
S2A_MSIL2A_20250914T101701_N0511_R065_T33UVB_20250914T123258,L2A,S2A_MSIL2A_20250914T101701_N0511_R065_T33UVB_20250914T123258.SAFE,S2A,2025-09-14T10:17:01Z,2025-09-14,2025,T33UVB,65,N0511,2025-09-14T12:32:58Z,S2A_MSIL2A_20250914T101701_N0511_R065_T33UVB_20250914T123258.SAFE,,True,25,31,2,3,2,2,inventoried
S2C_MSIL2A_20250915T103041_N0511_R108_T33UVB_20250915T174614,L2A,S2C_MSIL2A_20250915T103041_N0511_R108_T33UVB_20250915T174614.SAFE,S2C,2025-09-15T10:30:41Z,2025-09-15,2025,T33UVB,108,N0511,2025-09-15T17:46:14Z,S2C_MSIL2A_20250915T103041_N0511_R108_T33UVB_20250915T174614.SAFE,,True,25,31,2,3,2,2,inventoried
S2B_MSIL2A_20250917T102019_N0511_R065_T33UVB_20250917T155807,L2A,S2B_MSIL2A_20250917T102019_N0511_R065_T33UVB_20250917T155807.SAFE,S2B,2025-09-17T10:20:19Z,2025-09-17,2025,T33UVB,65,N0511,2025-09-17T15:58:07Z,S2B_MSIL2A_20250917T102019_N0511_R065_T33UVB_20250917T155807.SAFE,,True,25,31,2,3,2,2,inventoried
S2A_MSIL2A_20250917T102711_N0511_R108_T33UVB_20250917T143314,L2A,S2A_MSIL2A_20250917T102711_N0511_R108_T33UVB_20250917T143314.SAFE,S2A,2025-09-17T10:27:11Z,2025-09-17,2025,T33UVB,108,N0511,2025-09-17T14:33:14Z,S2A_MSIL2A_20250917T102711_N0511_R108_T33UVB_20250917T143314.SAFE,,True,25,31,2,3,2,2,inventoried
S2B_MSIL2A_20250920T102619_N0511_R108_T33UVB_20250920T142941,L2A,S2B_MSIL2A_20250920T102619_N0511_R108_T33UVB_20250920T142941.SAFE,S2B,2025-09-20T10:26:19Z,2025-09-20,2025,T33UVB,108,N0511,2025-09-20T14:29:41Z,S2B_MSIL2A_20250920T102619_N0511_R108_T33UVB_20250920T142941.SAFE,,True,25,31,2,3,2,2,inventoried
S2C_MSIL2A_20250922T101741_N0511_R065_T33UVB_20250922T155314,L2A,S2C_MSIL2A_20250922T101741_N0511_R065_T33UVB_20250922T155314.SAFE,S2C,2025-09-22T10:17:41Z,2025-09-22,2025,T33UVB,65,N0511,2025-09-22T15:53:14Z,S2C_MSIL2A_20250922T101741_N0511_R065_T33UVB_20250922T155314.SAFE,,True,25,31,2,3,2,2,inventoried
S2A_MSIL2A_20250924T102041_N0511_R065_T33UVB_20250924T160513,L2A,S2A_MSIL2A_20250924T102041_N0511_R065_T33UVB_20250924T160513.SAFE,S2A,2025-09-24T10:20:41Z,2025-09-24,2025,T33UVB,65,N0511,2025-09-24T16:05:13Z,S2A_MSIL2A_20250924T102041_N0511_R065_T33UVB_20250924T160513.SAFE,,True,25,31,2,3,2,2,inventoried
S2C_MSIL2A_20250925T102811_N0511_R108_T33UVB_20250925T154059,L2A,S2C_MSIL2A_20250925T102811_N0511_R108_T33UVB_20250925T154059.SAFE,S2C,2025-09-25T10:28:11Z,2025-09-25,2025,T33UVB,108,N0511,2025-09-25T15:40:59Z,S2C_MSIL2A_20250925T102811_N0511_R108_T33UVB_20250925T154059.SAFE,,True,25,31,2,3,2,2,inventoried
S2B_MSIL2A_20250927T101709_N0511_R065_T33UVB_20250927T160120,L2A,S2B_MSIL2A_20250927T101709_N0511_R065_T33UVB_20250927T160120.SAFE,S2B,2025-09-27T10:17:09Z,2025-09-27,2025,T33UVB,65,N0511,2025-09-27T16:01:20Z,S2B_MSIL2A_20250927T101709_N0511_R065_T33UVB_20250927T160120.SAFE,,True,25,31,2,3,2,2,inventoried
S2A_MSIL2A_20250927T103041_N0511_R108_T33UVB_20250927T141918,L2A,S2A_MSIL2A_20250927T103041_N0511_R108_T33UVB_20250927T141918.SAFE,S2A,2025-09-27T10:30:41Z,2025-09-27,2025,T33UVB,108,N0511,2025-09-27T14:19:18Z,S2A_MSIL2A_20250927T103041_N0511_R108_T33UVB_20250927T141918.SAFE,,True,25,31,2,3,2,2,inventoried
S2B_MSIL2A_20250930T102739_N0511_R108_T33UVB_20250930T142814,L2A,S2B_MSIL2A_20250930T102739_N0511_R108_T33UVB_20250930T142814.SAFE,S2B,2025-09-30T10:27:39Z,2025-09-30,2025,T33UVB,108,N0511,2025-09-30T14:28:14Z,S2B_MSIL2A_20250930T102739_N0511_R108_T33UVB_20250930T142814.SAFE,,True,25,31,2,3,2,2,inventoried
S2C_MSIL2A_20251002T101851_N0511_R065_T33UVB_20251002T152415,L2A,S2C_MSIL2A_20251002T101851_N0511_R065_T33UVB_20251002T152415.SAFE,S2C,2025-10-02T10:18:51Z,2025-10-02,2025,T33UVB,65,N0511,2025-10-02T15:24:15Z,S2C_MSIL2A_20251002T101851_N0511_R065_T33UVB_20251002T152415.SAFE,,True,25,31,2,3,2,2,inventoried
S2A_MSIL2A_20251004T101911_N0511_R065_T33UVB_20251004T122915,L2A,S2A_MSIL2A_20251004T101911_N0511_R065_T33UVB_20251004T122915.SAFE,S2A,2025-10-04T10:19:11Z,2025-10-04,2025,T33UVB,65,N0511,2025-10-04T12:29:15Z,S2A_MSIL2A_20251004T101911_N0511_R065_T33UVB_20251004T122915.SAFE,,True,25,31,2,3,2,2,inventoried
S2C_MSIL2A_20251005T102921_N0511_R108_T33UVB_20251005T155605,L2A,S2C_MSIL2A_20251005T102921_N0511_R108_T33UVB_20251005T155605.SAFE,S2C,2025-10-05T10:29:21Z,2025-10-05,2025,T33UVB,108,N0511,2025-10-05T15:56:05Z,S2C_MSIL2A_20251005T102921_N0511_R108_T33UVB_20251005T155605.SAFE,,True,25,31,2,3,2,2,inventoried
S2B_MSIL2A_20251007T101809_N0511_R065_T33UVB_20251007T141226,L2A,S2B_MSIL2A_20251007T101809_N0511_R065_T33UVB_20251007T141226.SAFE,S2B,2025-10-07T10:18:09Z,2025-10-07,2025,T33UVB,65,N0511,2025-10-07T14:12:26Z,S2B_MSIL2A_20251007T101809_N0511_R065_T33UVB_20251007T141226.SAFE,,True,25,31,2,3,2,2,inventoried
S2A_MSIL2A_20251007T102931_N0511_R108_T33UVB_20251007T122114,L2A,S2A_MSIL2A_20251007T102931_N0511_R108_T33UVB_20251007T122114.SAFE,S2A,2025-10-07T10:29:31Z,2025-10-07,2025,T33UVB,108,N0511,2025-10-07T12:21:14Z,S2A_MSIL2A_20251007T102931_N0511_R108_T33UVB_20251007T122114.SAFE,,True,25,31,2,3,2,2,inventoried
S2B_MSIL2A_20251010T102849_N0511_R108_T33UVB_20251010T130840,L2A,S2B_MSIL2A_20251010T102849_N0511_R108_T33UVB_20251010T130840.SAFE,S2B,2025-10-10T10:28:49Z,2025-10-10,2025,T33UVB,108,N0511,2025-10-10T13:08:40Z,S2B_MSIL2A_20251010T102849_N0511_R108_T33UVB_20251010T130840.SAFE,,True,25,31,2,3,2,2,inventoried
S2C_MSIL2A_20251012T102001_N0511_R065_T33UVB_20251012T154505,L2A,S2C_MSIL2A_20251012T102001_N0511_R065_T33UVB_20251012T154505.SAFE,S2C,2025-10-12T10:20:01Z,2025-10-12,2025,T33UVB,65,N0511,2025-10-12T15:45:05Z,S2C_MSIL2A_20251012T102001_N0511_R065_T33UVB_20251012T154505.SAFE,,True,25,31,2,3,2,2,inventoried
S2A_MSIL2A_20251014T102041_N0511_R065_T33UVB_20251014T120206,L2A,S2A_MSIL2A_20251014T102041_N0511_R065_T33UVB_20251014T120206.SAFE,S2A,2025-10-14T10:20:41Z,2025-10-14,2025,T33UVB,65,N0511,2025-10-14T12:02:06Z,S2A_MSIL2A_20251014T102041_N0511_R065_T33UVB_20251014T120206.SAFE,,True,25,31,2,3,2,2,inventoried
S2C_MSIL2A_20251015T103031_N0511_R108_T33UVB_20251015T140117,L2A,S2C_MSIL2A_20251015T103031_N0511_R108_T33UVB_20251015T140117.SAFE,S2C,2025-10-15T10:30:31Z,2025-10-15,2025,T33UVB,108,N0511,2025-10-15T14:01:17Z,S2C_MSIL2A_20251015T103031_N0511_R108_T33UVB_20251015T140117.SAFE,,True,25,31,2,3,2,2,inventoried
S2B_MSIL2A_20251017T101929_N0511_R065_T33UVB_20251017T125110,L2A,S2B_MSIL2A_20251017T101929_N0511_R065_T33UVB_20251017T125110.SAFE,S2B,2025-10-17T10:19:29Z,2025-10-17,2025,T33UVB,65,N0511,2025-10-17T12:51:10Z,S2B_MSIL2A_20251017T101929_N0511_R065_T33UVB_20251017T125110.SAFE,,True,25,31,2,3,2,2,inventoried
S2A_MSIL2A_20251017T103041_N0511_R108_T33UVB_20251017T141804,L2A,S2A_MSIL2A_20251017T103041_N0511_R108_T33UVB_20251017T141804.SAFE,S2A,2025-10-17T10:30:41Z,2025-10-17,2025,T33UVB,108,N0511,2025-10-17T14:18:04Z,S2A_MSIL2A_20251017T103041_N0511_R108_T33UVB_20251017T141804.SAFE,,True,25,31,2,3,2,2,inventoried
S2B_MSIL2A_20251020T102949_N0511_R108_T33UVB_20251020T125028,L2A,S2B_MSIL2A_20251020T102949_N0511_R108_T33UVB_20251020T125028.SAFE,S2B,2025-10-20T10:29:49Z,2025-10-20,2025,T33UVB,108,N0511,2025-10-20T12:50:28Z,S2B_MSIL2A_20251020T102949_N0511_R108_T33UVB_20251020T125028.SAFE,,True,25,31,2,3,2,2,inventoried
S2C_MSIL2A_20251022T102111_N0511_R065_T33UVB_20251022T135720,L2A,S2C_MSIL2A_20251022T102111_N0511_R065_T33UVB_20251022T135720.SAFE,S2C,2025-10-22T10:21:11Z,2025-10-22,2025,T33UVB,65,N0511,2025-10-22T13:57:20Z,S2C_MSIL2A_20251022T102111_N0511_R065_T33UVB_20251022T135720.SAFE,,True,25,31,2,3,2,2,inventoried
S2A_MSIL2A_20251024T102121_N0511_R065_T33UVB_20251024T120609,L2A,S2A_MSIL2A_20251024T102121_N0511_R065_T33UVB_20251024T120609.SAFE,S2A,2025-10-24T10:21:21Z,2025-10-24,2025,T33UVB,65,N0511,2025-10-24T12:06:09Z,S2A_MSIL2A_20251024T102121_N0511_R065_T33UVB_20251024T120609.SAFE,,True,25,31,2,3,2,2,inventoried
S2C_MSIL2A_20251025T103131_N0511_R108_T33UVB_20251025T144005,L2A,S2C_MSIL2A_20251025T103131_N0511_R108_T33UVB_20251025T144005.SAFE,S2C,2025-10-25T10:31:31Z,2025-10-25,2025,T33UVB,108,N0511,2025-10-25T14:40:05Z,S2C_MSIL2A_20251025T103131_N0511_R108_T33UVB_20251025T144005.SAFE,,True,25,31,2,3,2,2,inventoried
S2B_MSIL2A_20251027T102029_N0511_R065_T33UVB_20251027T142204,L2A,S2B_MSIL2A_20251027T102029_N0511_R065_T33UVB_20251027T142204.SAFE,S2B,2025-10-27T10:20:29Z,2025-10-27,2025,T33UVB,65,N0511,2025-10-27T14:22:04Z,S2B_MSIL2A_20251027T102029_N0511_R065_T33UVB_20251027T142204.SAFE,,True,25,31,2,3,2,2,inventoried
S2A_MSIL2A_20251027T103151_N0511_R108_T33UVB_20251027T120010,L2A,S2A_MSIL2A_20251027T103151_N0511_R108_T33UVB_20251027T120010.SAFE,S2A,2025-10-27T10:31:51Z,2025-10-27,2025,T33UVB,108,N0511,2025-10-27T12:00:10Z,S2A_MSIL2A_20251027T103151_N0511_R108_T33UVB_20251027T120010.SAFE,,True,25,31,2,3,2,2,inventoried
S2B_MSIL2A_20251030T103049_N0511_R108_T33UVB_20251030T130433,L2A,S2B_MSIL2A_20251030T103049_N0511_R108_T33UVB_20251030T130433.SAFE,S2B,2025-10-30T10:30:49Z,2025-10-30,2025,T33UVB,108,N0511,2025-10-30T13:04:33Z,S2B_MSIL2A_20251030T103049_N0511_R108_T33UVB_20251030T130433.SAFE,,True,25,31,2,3,2,2,inventoried
S2C_MSIL2A_20251101T102211_N0511_R065_T33UVB_20251101T141916,L2A,S2C_MSIL2A_20251101T102211_N0511_R065_T33UVB_20251101T141916.SAFE,S2C,2025-11-01T10:22:11Z,2025-11-01,2025,T33UVB,65,N0511,2025-11-01T14:19:16Z,S2C_MSIL2A_20251101T102211_N0511_R065_T33UVB_20251101T141916.SAFE,,True,25,31,2,3,2,2,inventoried
S2A_MSIL2A_20251103T102221_N0511_R065_T33UVB_20251103T115021,L2A,S2A_MSIL2A_20251103T102221_N0511_R065_T33UVB_20251103T115021.SAFE,S2A,2025-11-03T10:22:21Z,2025-11-03,2025,T33UVB,65,N0511,2025-11-03T11:50:21Z,S2A_MSIL2A_20251103T102221_N0511_R065_T33UVB_20251103T115021.SAFE,,True,25,31,2,3,2,2,inventoried
S2C_MSIL2A_20251104T103231_N0511_R108_T33UVB_20251104T142114,L2A,S2C_MSIL2A_20251104T103231_N0511_R108_T33UVB_20251104T142114.SAFE,S2C,2025-11-04T10:32:31Z,2025-11-04,2025,T33UVB,108,N0511,2025-11-04T14:21:14Z,S2C_MSIL2A_20251104T103231_N0511_R108_T33UVB_20251104T142114.SAFE,,True,25,31,2,3,2,2,inventoried
S2B_MSIL2A_20251106T102119_N0511_R065_T33UVB_20251106T124828,L2A,S2B_MSIL2A_20251106T102119_N0511_R065_T33UVB_20251106T124828.SAFE,S2B,2025-11-06T10:21:19Z,2025-11-06,2025,T33UVB,65,N0511,2025-11-06T12:48:28Z,S2B_MSIL2A_20251106T102119_N0511_R065_T33UVB_20251106T124828.SAFE,,True,25,31,2,3,2,2,inventoried
S2A_MSIL2A_20251106T103241_N0511_R108_T33UVB_20251106T121207,L2A,S2A_MSIL2A_20251106T103241_N0511_R108_T33UVB_20251106T121207.SAFE,S2A,2025-11-06T10:32:41Z,2025-11-06,2025,T33UVB,108,N0511,2025-11-06T12:12:07Z,S2A_MSIL2A_20251106T103241_N0511_R108_T33UVB_20251106T121207.SAFE,,True,25,31,2,3,2,2,inventoried
S2B_MSIL2A_20251109T103149_N0511_R108_T33UVB_20251109T125446,L2A,S2B_MSIL2A_20251109T103149_N0511_R108_T33UVB_20251109T125446.SAFE,S2B,2025-11-09T10:31:49Z,2025-11-09,2025,T33UVB,108,N0511,2025-11-09T12:54:46Z,S2B_MSIL2A_20251109T103149_N0511_R108_T33UVB_20251109T125446.SAFE,,True,25,31,2,3,2,2,inventoried
S2C_MSIL2A_20251111T102301_N0511_R065_T33UVB_20251111T135609,L2A,S2C_MSIL2A_20251111T102301_N0511_R065_T33UVB_20251111T135609.SAFE,S2C,2025-11-11T10:23:01Z,2025-11-11,2025,T33UVB,65,N0511,2025-11-11T13:56:09Z,S2C_MSIL2A_20251111T102301_N0511_R065_T33UVB_20251111T135609.SAFE,,True,25,31,2,3,2,2,inventoried
S2A_MSIL2A_20251113T102311_N0511_R065_T33UVB_20251113T114616,L2A,S2A_MSIL2A_20251113T102311_N0511_R065_T33UVB_20251113T114616.SAFE,S2A,2025-11-13T10:23:11Z,2025-11-13,2025,T33UVB,65,N0511,2025-11-13T11:46:16Z,S2A_MSIL2A_20251113T102311_N0511_R065_T33UVB_20251113T114616.SAFE,,True,25,31,2,3,2,2,inventoried
S2C_MSIL2A_20251114T103321_N0511_R108_T33UVB_20251114T120013,L2A,S2C_MSIL2A_20251114T103321_N0511_R108_T33UVB_20251114T120013.SAFE,S2C,2025-11-14T10:33:21Z,2025-11-14,2025,T33UVB,108,N0511,2025-11-14T12:00:13Z,S2C_MSIL2A_20251114T103321_N0511_R108_T33UVB_20251114T120013.SAFE,,True,25,31,2,3,2,2,inventoried
S2B_MSIL2A_20251116T102219_N0511_R065_T33UVB_20251116T125013,L2A,S2B_MSIL2A_20251116T102219_N0511_R065_T33UVB_20251116T125013.SAFE,S2B,2025-11-16T10:22:19Z,2025-11-16,2025,T33UVB,65,N0511,2025-11-16T12:50:13Z,S2B_MSIL2A_20251116T102219_N0511_R065_T33UVB_20251116T125013.SAFE,,True,25,31,2,3,2,2,inventoried
S2A_MSIL2A_20251116T103331_N0511_R108_T33UVB_20251116T143209,L2A,S2A_MSIL2A_20251116T103331_N0511_R108_T33UVB_20251116T143209.SAFE,S2A,2025-11-16T10:33:31Z,2025-11-16,2025,T33UVB,108,N0511,2025-11-16T14:32:09Z,S2A_MSIL2A_20251116T103331_N0511_R108_T33UVB_20251116T143209.SAFE,,True,25,31,2,3,2,2,inventoried
S2B_MSIL2A_20251119T103229_N0511_R108_T33UVB_20251119T123328,L2A,S2B_MSIL2A_20251119T103229_N0511_R108_T33UVB_20251119T123328.SAFE,S2B,2025-11-19T10:32:29Z,2025-11-19,2025,T33UVB,108,N0511,2025-11-19T12:33:28Z,S2B_MSIL2A_20251119T103229_N0511_R108_T33UVB_20251119T123328.SAFE,,True,25,31,2,3,2,2,inventoried
S2C_MSIL2A_20251121T102341_N0511_R065_T33UVB_20251121T115707,L2A,S2C_MSIL2A_20251121T102341_N0511_R065_T33UVB_20251121T115707.SAFE,S2C,2025-11-21T10:23:41Z,2025-11-21,2025,T33UVB,65,N0511,2025-11-21T11:57:07Z,S2C_MSIL2A_20251121T102341_N0511_R065_T33UVB_20251121T115707.SAFE,,True,25,31,2,3,2,2,inventoried
S2A_MSIL2A_20251123T102401_N0511_R065_T33UVB_20251123T141913,L2A,S2A_MSIL2A_20251123T102401_N0511_R065_T33UVB_20251123T141913.SAFE,S2A,2025-11-23T10:24:01Z,2025-11-23,2025,T33UVB,65,N0511,2025-11-23T14:19:13Z,S2A_MSIL2A_20251123T102401_N0511_R065_T33UVB_20251123T141913.SAFE,,True,25,31,2,3,2,2,inventoried
S2C_MSIL2A_20251124T103401_N0511_R108_T33UVB_20251124T120517,L2A,S2C_MSIL2A_20251124T103401_N0511_R108_T33UVB_20251124T120517.SAFE,S2C,2025-11-24T10:34:01Z,2025-11-24,2025,T33UVB,108,N0511,2025-11-24T12:05:17Z,S2C_MSIL2A_20251124T103401_N0511_R108_T33UVB_20251124T120517.SAFE,,True,25,31,2,3,2,2,inventoried
S2B_MSIL2A_20251126T102249_N0511_R065_T33UVB_20251126T125827,L2A,S2B_MSIL2A_20251126T102249_N0511_R065_T33UVB_20251126T125827.SAFE,S2B,2025-11-26T10:22:49Z,2025-11-26,2025,T33UVB,65,N0511,2025-11-26T12:58:27Z,S2B_MSIL2A_20251126T102249_N0511_R065_T33UVB_20251126T125827.SAFE,,True,25,31,2,3,2,2,inventoried
S2A_MSIL2A_20251126T103411_N0511_R108_T33UVB_20251126T142509,L2A,S2A_MSIL2A_20251126T103411_N0511_R108_T33UVB_20251126T142509.SAFE,S2A,2025-11-26T10:34:11Z,2025-11-26,2025,T33UVB,108,N0511,2025-11-26T14:25:09Z,S2A_MSIL2A_20251126T103411_N0511_R108_T33UVB_20251126T142509.SAFE,,True,25,31,2,3,2,2,inventoried
S2B_MSIL2A_20251129T103309_N0511_R108_T33UVB_20251129T111758,L2A,S2B_MSIL2A_20251129T103309_N0511_R108_T33UVB_20251129T111758.SAFE,S2B,2025-11-29T10:33:09Z,2025-11-29,2025,T33UVB,108,N0511,2025-11-29T11:17:58Z,S2B_MSIL2A_20251129T103309_N0511_R108_T33UVB_20251129T111758.SAFE,,True,25,31,2,3,2,2,inventoried
S2C_MSIL2A_20251201T102411_N0511_R065_T33UVB_20251201T140015,L2A,S2C_MSIL2A_20251201T102411_N0511_R065_T33UVB_20251201T140015.SAFE,S2C,2025-12-01T10:24:11Z,2025-12-01,2025,T33UVB,65,N0511,2025-12-01T14:00:15Z,S2C_MSIL2A_20251201T102411_N0511_R065_T33UVB_20251201T140015.SAFE,,True,25,31,2,3,2,2,inventoried
S2A_MSIL2A_20251203T102421_N0511_R065_T33UVB_20251203T113919,L2A,S2A_MSIL2A_20251203T102421_N0511_R065_T33UVB_20251203T113919.SAFE,S2A,2025-12-03T10:24:21Z,2025-12-03,2025,T33UVB,65,N0511,2025-12-03T11:39:19Z,S2A_MSIL2A_20251203T102421_N0511_R065_T33UVB_20251203T113919.SAFE,,True,25,31,2,3,2,2,inventoried
S2C_MSIL2A_20251204T103421_N0511_R108_T33UVB_20251204T114209,L2A,S2C_MSIL2A_20251204T103421_N0511_R108_T33UVB_20251204T114209.SAFE,S2C,2025-12-04T10:34:21Z,2025-12-04,2025,T33UVB,108,N0511,2025-12-04T11:42:09Z,S2C_MSIL2A_20251204T103421_N0511_R108_T33UVB_20251204T114209.SAFE,,True,25,31,2,3,2,2,inventoried
S2B_MSIL2A_20251206T102319_N0511_R065_T33UVB_20251206T125135,L2A,S2B_MSIL2A_20251206T102319_N0511_R065_T33UVB_20251206T125135.SAFE,S2B,2025-12-06T10:23:19Z,2025-12-06,2025,T33UVB,65,N0511,2025-12-06T12:51:35Z,S2B_MSIL2A_20251206T102319_N0511_R065_T33UVB_20251206T125135.SAFE,,True,25,31,2,3,2,2,inventoried
S2A_MSIL2A_20251206T103441_N0511_R108_T33UVB_20251206T113707,L2A,S2A_MSIL2A_20251206T103441_N0511_R108_T33UVB_20251206T113707.SAFE,S2A,2025-12-06T10:34:41Z,2025-12-06,2025,T33UVB,108,N0511,2025-12-06T11:37:07Z,S2A_MSIL2A_20251206T103441_N0511_R108_T33UVB_20251206T113707.SAFE,,True,25,31,2,3,2,2,inventoried
S2B_MSIL2A_20251209T103329_N0511_R108_T33UVB_20251209T111818,L2A,S2B_MSIL2A_20251209T103329_N0511_R108_T33UVB_20251209T111818.SAFE,S2B,2025-12-09T10:33:29Z,2025-12-09,2025,T33UVB,108,N0511,2025-12-09T11:18:18Z,S2B_MSIL2A_20251209T103329_N0511_R108_T33UVB_20251209T111818.SAFE,,True,25,31,2,3,2,2,inventoried
S2C_MSIL2A_20251211T102441_N0511_R065_T33UVB_20251211T142709,L2A,S2C_MSIL2A_20251211T102441_N0511_R065_T33UVB_20251211T142709.SAFE,S2C,2025-12-11T10:24:41Z,2025-12-11,2025,T33UVB,65,N0511,2025-12-11T14:27:09Z,S2C_MSIL2A_20251211T102441_N0511_R065_T33UVB_20251211T142709.SAFE,,True,25,31,2,3,2,2,inventoried
S2A_MSIL2A_20251213T102441_N0511_R065_T33UVB_20251213T114209,L2A,S2A_MSIL2A_20251213T102441_N0511_R065_T33UVB_20251213T114209.SAFE,S2A,2025-12-13T10:24:41Z,2025-12-13,2025,T33UVB,65,N0511,2025-12-13T11:42:09Z,S2A_MSIL2A_20251213T102441_N0511_R065_T33UVB_20251213T114209.SAFE,,True,25,31,2,3,2,2,inventoried
S2C_MSIL2A_20251214T103441_N0511_R108_T33UVB_20251214T114508,L2A,S2C_MSIL2A_20251214T103441_N0511_R108_T33UVB_20251214T114508.SAFE,S2C,2025-12-14T10:34:41Z,2025-12-14,2025,T33UVB,108,N0511,2025-12-14T11:45:08Z,S2C_MSIL2A_20251214T103441_N0511_R108_T33UVB_20251214T114508.SAFE,,True,25,31,2,3,2,2,inventoried
S2B_MSIL2A_20251216T102339_N0511_R065_T33UVB_20251216T110124,L2A,S2B_MSIL2A_20251216T102339_N0511_R065_T33UVB_20251216T110124.SAFE,S2B,2025-12-16T10:23:39Z,2025-12-16,2025,T33UVB,65,N0511,2025-12-16T11:01:24Z,S2B_MSIL2A_20251216T102339_N0511_R065_T33UVB_20251216T110124.SAFE,,True,25,31,2,3,2,2,inventoried
S2A_MSIL2A_20251216T103451_N0511_R108_T33UVB_20251216T141616,L2A,S2A_MSIL2A_20251216T103451_N0511_R108_T33UVB_20251216T141616.SAFE,S2A,2025-12-16T10:34:51Z,2025-12-16,2025,T33UVB,108,N0511,2025-12-16T14:16:16Z,S2A_MSIL2A_20251216T103451_N0511_R108_T33UVB_20251216T141616.SAFE,,True,25,31,2,3,2,2,inventoried
S2B_MSIL2A_20251219T103339_N0511_R108_T33UVB_20251219T112213,L2A,S2B_MSIL2A_20251219T103339_N0511_R108_T33UVB_20251219T112213.SAFE,S2B,2025-12-19T10:33:39Z,2025-12-19,2025,T33UVB,108,N0511,2025-12-19T11:22:13Z,S2B_MSIL2A_20251219T103339_N0511_R108_T33UVB_20251219T112213.SAFE,,True,25,31,2,3,2,2,inventoried
S2C_MSIL2A_20251221T102441_N0511_R065_T33UVB_20251221T114415,L2A,S2C_MSIL2A_20251221T102441_N0511_R065_T33UVB_20251221T114415.SAFE,S2C,2025-12-21T10:24:41Z,2025-12-21,2025,T33UVB,65,N0511,2025-12-21T11:44:15Z,S2C_MSIL2A_20251221T102441_N0511_R065_T33UVB_20251221T114415.SAFE,,True,25,31,2,3,2,2,inventoried
S2A_MSIL2A_20251223T102501_N0511_R065_T33UVB_20251223T114312,L2A,S2A_MSIL2A_20251223T102501_N0511_R065_T33UVB_20251223T114312.SAFE,S2A,2025-12-23T10:25:01Z,2025-12-23,2025,T33UVB,65,N0511,2025-12-23T11:43:12Z,S2A_MSIL2A_20251223T102501_N0511_R065_T33UVB_20251223T114312.SAFE,,True,25,31,2,3,2,2,inventoried
S2C_MSIL2A_20251224T103451_N0511_R108_T33UVB_20251224T115618,L2A,S2C_MSIL2A_20251224T103451_N0511_R108_T33UVB_20251224T115618.SAFE,S2C,2025-12-24T10:34:51Z,2025-12-24,2025,T33UVB,108,N0511,2025-12-24T11:56:18Z,S2C_MSIL2A_20251224T103451_N0511_R108_T33UVB_20251224T115618.SAFE,,True,25,31,2,3,2,2,inventoried
S2B_MSIL2A_20251226T102339_N0511_R065_T33UVB_20251226T124209,L2A,S2B_MSIL2A_20251226T102339_N0511_R065_T33UVB_20251226T124209.SAFE,S2B,2025-12-26T10:23:39Z,2025-12-26,2025,T33UVB,65,N0511,2025-12-26T12:42:09Z,S2B_MSIL2A_20251226T102339_N0511_R065_T33UVB_20251226T124209.SAFE,,True,25,31,2,3,2,2,inventoried
S2A_MSIL2A_20251226T103501_N0511_R108_T33UVB_20251226T115008,L2A,S2A_MSIL2A_20251226T103501_N0511_R108_T33UVB_20251226T115008.SAFE,S2A,2025-12-26T10:35:01Z,2025-12-26,2025,T33UVB,108,N0511,2025-12-26T11:50:08Z,S2A_MSIL2A_20251226T103501_N0511_R108_T33UVB_20251226T115008.SAFE,,True,25,31,2,3,2,2,inventoried
S2B_MSIL2A_20251229T103339_N0511_R108_T33UVB_20251229T142007,L2A,S2B_MSIL2A_20251229T103339_N0511_R108_T33UVB_20251229T142007.SAFE,S2B,2025-12-29T10:33:39Z,2025-12-29,2025,T33UVB,108,N0511,2025-12-29T14:20:07Z,S2B_MSIL2A_20251229T103339_N0511_R108_T33UVB_20251229T142007.SAFE,,True,25,31,2,3,2,2,inventoried
S2C_MSIL2A_20251231T102441_N0511_R065_T33UVB_20251231T114314,L2A,S2C_MSIL2A_20251231T102441_N0511_R065_T33UVB_20251231T114314.SAFE,S2C,2025-12-31T10:24:41Z,2025-12-31,2025,T33UVB,65,N0511,2025-12-31T11:43:14Z,S2C_MSIL2A_20251231T102441_N0511_R065_T33UVB_20251231T114314.SAFE,,True,25,31,2,3,2,2,inventoried
S2C_MSIL2A_20260103T103441_N0511_R108_T33UVB_20260103T115007,L2A,S2C_MSIL2A_20260103T103441_N0511_R108_T33UVB_20260103T115007.SAFE,S2C,2026-01-03T10:34:41Z,2026-01-03,2026,T33UVB,108,N0511,2026-01-03T11:50:07Z,S2C_MSIL2A_20260103T103441_N0511_R108_T33UVB_20260103T115007.SAFE,,True,25,31,2,3,2,2,inventoried
S2B_MSIL2A_20260105T102329_N0511_R065_T33UVB_20260105T140404,L2A,S2B_MSIL2A_20260105T102329_N0511_R065_T33UVB_20260105T140404.SAFE,S2B,2026-01-05T10:23:29Z,2026-01-05,2026,T33UVB,65,N0511,2026-01-05T14:04:04Z,S2B_MSIL2A_20260105T102329_N0511_R065_T33UVB_20260105T140404.SAFE,,True,25,31,2,3,2,2,inventoried
S2A_MSIL2A_20260105T103041_N0511_R108_T33UVB_20260105T143010,L2A,S2A_MSIL2A_20260105T103041_N0511_R108_T33UVB_20260105T143010.SAFE,S2A,2026-01-05T10:30:41Z,2026-01-05,2026,T33UVB,108,N0511,2026-01-05T14:30:10Z,S2A_MSIL2A_20260105T103041_N0511_R108_T33UVB_20260105T143010.SAFE,,True,25,31,2,3,2,2,inventoried
S2B_MSIL2A_20260108T103319_N0511_R108_T33UVB_20260108T125529,L2A,S2B_MSIL2A_20260108T103319_N0511_R108_T33UVB_20260108T125529.SAFE,S2B,2026-01-08T10:33:19Z,2026-01-08,2026,T33UVB,108,N0511,2026-01-08T12:55:29Z,S2B_MSIL2A_20260108T103319_N0511_R108_T33UVB_20260108T125529.SAFE,,True,25,31,2,3,2,2,inventoried
S2C_MSIL2A_20260110T102411_N0511_R065_T33UVB_20260110T140709,L2A,S2C_MSIL2A_20260110T102411_N0511_R065_T33UVB_20260110T140709.SAFE,S2C,2026-01-10T10:24:11Z,2026-01-10,2026,T33UVB,65,N0511,2026-01-10T14:07:09Z,S2C_MSIL2A_20260110T102411_N0511_R065_T33UVB_20260110T140709.SAFE,,True,25,31,2,3,2,2,inventoried
S2C_MSIL2A_20260113T103411_N0511_R108_T33UVB_20260113T141911,L2A,S2C_MSIL2A_20260113T103411_N0511_R108_T33UVB_20260113T141911.SAFE,S2C,2026-01-13T10:34:11Z,2026-01-13,2026,T33UVB,108,N0511,2026-01-13T14:19:11Z,S2C_MSIL2A_20260113T103411_N0511_R108_T33UVB_20260113T141911.SAFE,,True,25,31,2,3,2,2,inventoried
S2B_MSIL2A_20260115T102259_N0511_R065_T33UVB_20260115T160126,L2A,S2B_MSIL2A_20260115T102259_N0511_R065_T33UVB_20260115T160126.SAFE,S2B,2026-01-15T10:22:59Z,2026-01-15,2026,T33UVB,65,N0511,2026-01-15T16:01:26Z,S2B_MSIL2A_20260115T102259_N0511_R065_T33UVB_20260115T160126.SAFE,,True,25,31,2,3,2,2,inventoried
S2B_MSIL2A_20260118T103249_N0511_R108_T33UVB_20260118T142238,L2A,S2B_MSIL2A_20260118T103249_N0511_R108_T33UVB_20260118T142238.SAFE,S2B,2026-01-18T10:32:49Z,2026-01-18,2026,T33UVB,108,N0511,2026-01-18T14:22:38Z,S2B_MSIL2A_20260118T103249_N0511_R108_T33UVB_20260118T142238.SAFE,,True,25,31,2,3,2,2,inventoried
S2C_MSIL2A_20260120T102341_N0511_R065_T33UVB_20260120T135514,L2A,S2C_MSIL2A_20260120T102341_N0511_R065_T33UVB_20260120T135514.SAFE,S2C,2026-01-20T10:23:41Z,2026-01-20,2026,T33UVB,65,N0511,2026-01-20T13:55:14Z,S2C_MSIL2A_20260120T102341_N0511_R065_T33UVB_20260120T135514.SAFE,,True,25,31,2,3,2,2,inventoried
S2C_MSIL2A_20260123T103331_N0511_R108_T33UVB_20260123T143010,L2A,S2C_MSIL2A_20260123T103331_N0511_R108_T33UVB_20260123T143010.SAFE,S2C,2026-01-23T10:33:31Z,2026-01-23,2026,T33UVB,108,N0511,2026-01-23T14:30:10Z,S2C_MSIL2A_20260123T103331_N0511_R108_T33UVB_20260123T143010.SAFE,,True,25,31,2,3,2,2,inventoried
S2B_MSIL2A_20260125T102219_N0511_R065_T33UVB_20260125T143745,L2A,S2B_MSIL2A_20260125T102219_N0511_R065_T33UVB_20260125T143745.SAFE,S2B,2026-01-25T10:22:19Z,2026-01-25,2026,T33UVB,65,N0511,2026-01-25T14:37:45Z,S2B_MSIL2A_20260125T102219_N0511_R065_T33UVB_20260125T143745.SAFE,,True,25,31,2,3,2,2,inventoried
S2B_MSIL2A_20260128T103209_N0511_R108_T33UVB_20260128T141930,L2A,S2B_MSIL2A_20260128T103209_N0511_R108_T33UVB_20260128T141930.SAFE,S2B,2026-01-28T10:32:09Z,2026-01-28,2026,T33UVB,108,N0511,2026-01-28T14:19:30Z,S2B_MSIL2A_20260128T103209_N0511_R108_T33UVB_20260128T141930.SAFE,,True,25,31,2,3,2,2,inventoried
S2C_MSIL2A_20260130T102251_N0511_R065_T33UVB_20260130T132715,L2A,S2C_MSIL2A_20260130T102251_N0511_R065_T33UVB_20260130T132715.SAFE,S2C,2026-01-30T10:22:51Z,2026-01-30,2026,T33UVB,65,N0511,2026-01-30T13:27:15Z,S2C_MSIL2A_20260130T102251_N0511_R065_T33UVB_20260130T132715.SAFE,,True,25,31,2,3,2,2,inventoried
S2C_MSIL2A_20260202T103241_N0511_R108_T33UVB_20260202T135509,L2A,S2C_MSIL2A_20260202T103241_N0511_R108_T33UVB_20260202T135509.SAFE,S2C,2026-02-02T10:32:41Z,2026-02-02,2026,T33UVB,108,N0511,2026-02-02T13:55:09Z,S2C_MSIL2A_20260202T103241_N0511_R108_T33UVB_20260202T135509.SAFE,,True,25,31,2,3,2,2,inventoried
S2B_MSIL2A_20260204T102119_N0512_R065_T33UVB_20260204T155838,L2A,S2B_MSIL2A_20260204T102119_N0512_R065_T33UVB_20260204T155838.SAFE,S2B,2026-02-04T10:21:19Z,2026-02-04,2026,T33UVB,65,N0512,2026-02-04T15:58:38Z,S2B_MSIL2A_20260204T102119_N0512_R065_T33UVB_20260204T155838.SAFE,,True,25,31,2,3,2,2,inventoried
S2A_MSIL2A_20260204T102431_N0512_R065_T33UVB_20260204T145808,L2A,S2A_MSIL2A_20260204T102431_N0512_R065_T33UVB_20260204T145808.SAFE,S2A,2026-02-04T10:24:31Z,2026-02-04,2026,T33UVB,65,N0512,2026-02-04T14:58:08Z,S2A_MSIL2A_20260204T102431_N0512_R065_T33UVB_20260204T145808.SAFE,,True,25,31,2,3,2,2,inventoried
S2B_MSIL2A_20260207T103109_N0512_R108_T33UVB_20260207T145116,L2A,S2B_MSIL2A_20260207T103109_N0512_R108_T33UVB_20260207T145116.SAFE,S2B,2026-02-07T10:31:09Z,2026-02-07,2026,T33UVB,108,N0512,2026-02-07T14:51:16Z,S2B_MSIL2A_20260207T103109_N0512_R108_T33UVB_20260207T145116.SAFE,,True,25,31,2,3,2,2,inventoried
S2A_MSIL2A_20260207T103501_N0512_R108_T33UVB_20260207T153211,L2A,S2A_MSIL2A_20260207T103501_N0512_R108_T33UVB_20260207T153211.SAFE,S2A,2026-02-07T10:35:01Z,2026-02-07,2026,T33UVB,108,N0512,2026-02-07T15:32:11Z,S2A_MSIL2A_20260207T103501_N0512_R108_T33UVB_20260207T153211.SAFE,,True,25,31,2,3,2,2,inventoried
S2C_MSIL2A_20260209T102201_N0512_R065_T33UVB_20260209T141811,L2A,S2C_MSIL2A_20260209T102201_N0512_R065_T33UVB_20260209T141811.SAFE,S2C,2026-02-09T10:22:01Z,2026-02-09,2026,T33UVB,65,N0512,2026-02-09T14:18:11Z,S2C_MSIL2A_20260209T102201_N0512_R065_T33UVB_20260209T141811.SAFE,,True,25,31,2,3,2,2,inventoried
S2C_MSIL2A_20260212T103141_N0512_R108_T33UVB_20260212T144711,L2A,S2C_MSIL2A_20260212T103141_N0512_R108_T33UVB_20260212T144711.SAFE,S2C,2026-02-12T10:31:41Z,2026-02-12,2026,T33UVB,108,N0512,2026-02-12T14:47:11Z,S2C_MSIL2A_20260212T103141_N0512_R108_T33UVB_20260212T144711.SAFE,,True,25,31,2,3,2,2,inventoried
S2B_MSIL2A_20260214T102029_N0512_R065_T33UVB_20260214T155157,L2A,S2B_MSIL2A_20260214T102029_N0512_R065_T33UVB_20260214T155157.SAFE,S2B,2026-02-14T10:20:29Z,2026-02-14,2026,T33UVB,65,N0512,2026-02-14T15:51:57Z,S2B_MSIL2A_20260214T102029_N0512_R065_T33UVB_20260214T155157.SAFE,,True,25,31,2,3,2,2,inventoried
S2A_MSIL2A_20260214T102431_N0512_R065_T33UVB_20260214T115111,L2A,S2A_MSIL2A_20260214T102431_N0512_R065_T33UVB_20260214T115111.SAFE,S2A,2026-02-14T10:24:31Z,2026-02-14,2026,T33UVB,65,N0512,2026-02-14T11:51:11Z,S2A_MSIL2A_20260214T102431_N0512_R065_T33UVB_20260214T115111.SAFE,,True,25,31,2,3,2,2,inventoried
S2B_MSIL2A_20260217T103019_N0512_R108_T33UVB_20260217T145740,L2A,S2B_MSIL2A_20260217T103019_N0512_R108_T33UVB_20260217T145740.SAFE,S2B,2026-02-17T10:30:19Z,2026-02-17,2026,T33UVB,108,N0512,2026-02-17T14:57:40Z,S2B_MSIL2A_20260217T103019_N0512_R108_T33UVB_20260217T145740.SAFE,,True,25,31,2,3,2,2,inventoried
S2A_MSIL2A_20260217T103501_N0512_R108_T33UVB_20260217T153909,L2A,S2A_MSIL2A_20260217T103501_N0512_R108_T33UVB_20260217T153909.SAFE,S2A,2026-02-17T10:35:01Z,2026-02-17,2026,T33UVB,108,N0512,2026-02-17T15:39:09Z,S2A_MSIL2A_20260217T103501_N0512_R108_T33UVB_20260217T153909.SAFE,,True,25,31,2,3,2,2,inventoried
S2C_MSIL2A_20260219T102051_N0512_R065_T33UVB_20260219T135112,L2A,S2C_MSIL2A_20260219T102051_N0512_R065_T33UVB_20260219T135112.SAFE,S2C,2026-02-19T10:20:51Z,2026-02-19,2026,T33UVB,65,N0512,2026-02-19T13:51:12Z,S2C_MSIL2A_20260219T102051_N0512_R065_T33UVB_20260219T135112.SAFE,,True,25,31,2,3,2,2,inventoried
S2C_MSIL2A_20260222T103041_N0512_R108_T33UVB_20260222T143309,L2A,S2C_MSIL2A_20260222T103041_N0512_R108_T33UVB_20260222T143309.SAFE,S2C,2026-02-22T10:30:41Z,2026-02-22,2026,T33UVB,108,N0512,2026-02-22T14:33:09Z,S2C_MSIL2A_20260222T103041_N0512_R108_T33UVB_20260222T143309.SAFE,,True,25,31,2,3,2,2,inventoried
S2B_MSIL2A_20260224T102019_N0512_R065_T33UVB_20260224T155610,L2A,S2B_MSIL2A_20260224T102019_N0512_R065_T33UVB_20260224T155610.SAFE,S2B,2026-02-24T10:20:19Z,2026-02-24,2026,T33UVB,65,N0512,2026-02-24T15:56:10Z,S2B_MSIL2A_20260224T102019_N0512_R065_T33UVB_20260224T155610.SAFE,,True,25,31,2,3,2,2,inventoried
S2A_MSIL2A_20260224T102431_N0512_R065_T33UVB_20260224T114417,L2A,S2A_MSIL2A_20260224T102431_N0512_R065_T33UVB_20260224T114417.SAFE,S2A,2026-02-24T10:24:31Z,2026-02-24,2026,T33UVB,65,N0512,2026-02-24T11:44:17Z,S2A_MSIL2A_20260224T102431_N0512_R065_T33UVB_20260224T114417.SAFE,,True,25,31,2,3,2,2,inventoried
S2B_MSIL2A_20260227T103019_N0512_R108_T33UVB_20260227T141527,L2A,S2B_MSIL2A_20260227T103019_N0512_R108_T33UVB_20260227T141527.SAFE,S2B,2026-02-27T10:30:19Z,2026-02-27,2026,T33UVB,108,N0512,2026-02-27T14:15:27Z,S2B_MSIL2A_20260227T103019_N0512_R108_T33UVB_20260227T141527.SAFE,,True,25,31,2,3,2,2,inventoried
S2C_MSIL2A_20260301T101941_N0512_R065_T33UVB_20260301T154010,L2A,S2C_MSIL2A_20260301T101941_N0512_R065_T33UVB_20260301T154010.SAFE,S2C,2026-03-01T10:19:41Z,2026-03-01,2026,T33UVB,65,N0512,2026-03-01T15:40:10Z,S2C_MSIL2A_20260301T101941_N0512_R065_T33UVB_20260301T154010.SAFE,,True,25,31,2,3,2,2,inventoried
S2C_MSIL2A_20260304T102921_N0512_R108_T33UVB_20260304T160811,L2A,S2C_MSIL2A_20260304T102921_N0512_R108_T33UVB_20260304T160811.SAFE,S2C,2026-03-04T10:29:21Z,2026-03-04,2026,T33UVB,108,N0512,2026-03-04T16:08:11Z,S2C_MSIL2A_20260304T102921_N0512_R108_T33UVB_20260304T160811.SAFE,,True,25,31,2,3,2,2,inventoried
S2B_MSIL2A_20260306T102019_N0512_R065_T33UVB_20260306T155115,L2A,S2B_MSIL2A_20260306T102019_N0512_R065_T33UVB_20260306T155115.SAFE,S2B,2026-03-06T10:20:19Z,2026-03-06,2026,T33UVB,65,N0512,2026-03-06T15:51:15Z,S2B_MSIL2A_20260306T102019_N0512_R065_T33UVB_20260306T155115.SAFE,,True,25,31,2,3,2,2,inventoried
S2A_MSIL2A_20260306T103041_N0512_R108_T33UVB_20260306T172811,L2A,S2A_MSIL2A_20260306T103041_N0512_R108_T33UVB_20260306T172811.SAFE,S2A,2026-03-06T10:30:41Z,2026-03-06,2026,T33UVB,108,N0512,2026-03-06T17:28:11Z,S2A_MSIL2A_20260306T103041_N0512_R108_T33UVB_20260306T172811.SAFE,,True,25,31,2,3,2,2,inventoried
S2B_MSIL2A_20260309T103019_N0512_R108_T33UVB_20260309T145835,L2A,S2B_MSIL2A_20260309T103019_N0512_R108_T33UVB_20260309T145835.SAFE,S2B,2026-03-09T10:30:19Z,2026-03-09,2026,T33UVB,108,N0512,2026-03-09T14:58:35Z,S2B_MSIL2A_20260309T103019_N0512_R108_T33UVB_20260309T145835.SAFE,,True,25,31,2,3,2,2,inventoried
S2C_MSIL2A_20260311T101831_N0512_R065_T33UVB_20260311T160416,L2A,S2C_MSIL2A_20260311T101831_N0512_R065_T33UVB_20260311T160416.SAFE,S2C,2026-03-11T10:18:31Z,2026-03-11,2026,T33UVB,65,N0512,2026-03-11T16:04:16Z,S2C_MSIL2A_20260311T101831_N0512_R065_T33UVB_20260311T160416.SAFE,,True,25,31,2,3,2,2,inventoried
S2A_MSIL2A_20260313T101741_N0512_R065_T33UVB_20260313T171916,L2A,S2A_MSIL2A_20260313T101741_N0512_R065_T33UVB_20260313T171916.SAFE,S2A,2026-03-13T10:17:41Z,2026-03-13,2026,T33UVB,65,N0512,2026-03-13T17:19:16Z,S2A_MSIL2A_20260313T101741_N0512_R065_T33UVB_20260313T171916.SAFE,,True,25,31,2,3,2,2,inventoried
S2C_MSIL2A_20260314T102811_N0512_R108_T33UVB_20260314T154409,L2A,S2C_MSIL2A_20260314T102811_N0512_R108_T33UVB_20260314T154409.SAFE,S2C,2026-03-14T10:28:11Z,2026-03-14,2026,T33UVB,108,N0512,2026-03-14T15:44:09Z,S2C_MSIL2A_20260314T102811_N0512_R108_T33UVB_20260314T154409.SAFE,,True,25,31,2,3,2,2,inventoried
S2B_MSIL2A_20260316T101649_N0512_R065_T33UVB_20260316T155405,L2A,S2B_MSIL2A_20260316T101649_N0512_R065_T33UVB_20260316T155405.SAFE,S2B,2026-03-16T10:16:49Z,2026-03-16,2026,T33UVB,65,N0512,2026-03-16T15:54:05Z,S2B_MSIL2A_20260316T101649_N0512_R065_T33UVB_20260316T155405.SAFE,,True,25,31,2,3,2,2,inventoried
S2A_MSIL2A_20260316T103041_N0512_R108_T33UVB_20260316T171615,L2A,S2A_MSIL2A_20260316T103041_N0512_R108_T33UVB_20260316T171615.SAFE,S2A,2026-03-16T10:30:41Z,2026-03-16,2026,T33UVB,108,N0512,2026-03-16T17:16:15Z,S2A_MSIL2A_20260316T103041_N0512_R108_T33UVB_20260316T171615.SAFE,,True,25,31,2,3,2,2,inventoried
S2B_MSIL2A_20260319T103019_N0512_R108_T33UVB_20260319T151320,L2A,S2B_MSIL2A_20260319T103019_N0512_R108_T33UVB_20260319T151320.SAFE,S2B,2026-03-19T10:30:19Z,2026-03-19,2026,T33UVB,108,N0512,2026-03-19T15:13:20Z,S2B_MSIL2A_20260319T103019_N0512_R108_T33UVB_20260319T151320.SAFE,,True,25,31,2,3,2,2,inventoried
S2C_MSIL2A_20260321T101721_N0512_R065_T33UVB_20260321T155809,L2A,S2C_MSIL2A_20260321T101721_N0512_R065_T33UVB_20260321T155809.SAFE,S2C,2026-03-21T10:17:21Z,2026-03-21,2026,T33UVB,65,N0512,2026-03-21T15:58:09Z,S2C_MSIL2A_20260321T101721_N0512_R065_T33UVB_20260321T155809.SAFE,,True,25,31,2,3,2,2,inventoried
S2B_MSIL2A_20260326T102019_N0512_R065_T33UVB_20260326T155529,L2A,S2B_MSIL2A_20260326T102019_N0512_R065_T33UVB_20260326T155529.SAFE,S2B,2026-03-26T10:20:19Z,2026-03-26,2026,T33UVB,65,N0512,2026-03-26T15:55:29Z,S2B_MSIL2A_20260326T102019_N0512_R065_T33UVB_20260326T155529.SAFE,,True,25,31,2,3,2,2,inventoried
S2A_MSIL2A_20260326T102701_N0512_R108_T33UVB_20260326T172711,L2A,S2A_MSIL2A_20260326T102701_N0512_R108_T33UVB_20260326T172711.SAFE,S2A,2026-03-26T10:27:01Z,2026-03-26,2026,T33UVB,108,N0512,2026-03-26T17:27:11Z,S2A_MSIL2A_20260326T102701_N0512_R108_T33UVB_20260326T172711.SAFE,,True,25,31,2,3,2,2,inventoried
S2B_MSIL2A_20260329T103029_N0512_R108_T33UVB_20260329T145641,L2A,S2B_MSIL2A_20260329T103029_N0512_R108_T33UVB_20260329T145641.SAFE,S2B,2026-03-29T10:30:29Z,2026-03-29,2026,T33UVB,108,N0512,2026-03-29T14:56:41Z,S2B_MSIL2A_20260329T103029_N0512_R108_T33UVB_20260329T145641.SAFE,,True,25,31,2,3,2,2,inventoried
S2C_MSIL2A_20260331T102021_N0512_R065_T33UVB_20260331T154047,L2A,S2C_MSIL2A_20260331T102021_N0512_R065_T33UVB_20260331T154047.SAFE,S2C,2026-03-31T10:20:21Z,2026-03-31,2026,T33UVB,65,N0512,2026-03-31T15:40:47Z,S2C_MSIL2A_20260331T102021_N0512_R065_T33UVB_20260331T154047.SAFE,,True,25,31,2,3,2,2,inventoried
S2A_MSIL2A_20260402T102041_N0512_R065_T33UVB_20260402T172155,L2A,S2A_MSIL2A_20260402T102041_N0512_R065_T33UVB_20260402T172155.SAFE,S2A,2026-04-02T10:20:41Z,2026-04-02,2026,T33UVB,65,N0512,2026-04-02T17:21:55Z,S2A_MSIL2A_20260402T102041_N0512_R065_T33UVB_20260402T172155.SAFE,,True,25,31,2,3,2,2,inventoried
S2C_MSIL2A_20260403T103031_N0512_R108_T33UVB_20260403T161412,L2A,S2C_MSIL2A_20260403T103031_N0512_R108_T33UVB_20260403T161412.SAFE,S2C,2026-04-03T10:30:31Z,2026-04-03,2026,T33UVB,108,N0512,2026-04-03T16:14:12Z,S2C_MSIL2A_20260403T103031_N0512_R108_T33UVB_20260403T161412.SAFE,,True,25,31,2,3,2,2,inventoried
S2B_MSIL2A_20260405T102019_N0512_R065_T33UVB_20260405T143934,L2A,S2B_MSIL2A_20260405T102019_N0512_R065_T33UVB_20260405T143934.SAFE,S2B,2026-04-05T10:20:19Z,2026-04-05,2026,T33UVB,65,N0512,2026-04-05T14:39:34Z,S2B_MSIL2A_20260405T102019_N0512_R065_T33UVB_20260405T143934.SAFE,,True,25,31,2,3,2,2,inventoried
S2A_MSIL2A_20260405T103041_N0512_R108_T33UVB_20260405T171615,L2A,S2A_MSIL2A_20260405T103041_N0512_R108_T33UVB_20260405T171615.SAFE,S2A,2026-04-05T10:30:41Z,2026-04-05,2026,T33UVB,108,N0512,2026-04-05T17:16:15Z,S2A_MSIL2A_20260405T103041_N0512_R108_T33UVB_20260405T171615.SAFE,,True,25,31,2,3,2,2,inventoried
S2B_MSIL2A_20260408T103019_N0512_R108_T33UVB_20260408T142456,L2A,S2B_MSIL2A_20260408T103019_N0512_R108_T33UVB_20260408T142456.SAFE,S2B,2026-04-08T10:30:19Z,2026-04-08,2026,T33UVB,108,N0512,2026-04-08T14:24:56Z,S2B_MSIL2A_20260408T103019_N0512_R108_T33UVB_20260408T142456.SAFE,,True,25,31,2,3,2,2,inventoried
S2C_MSIL2A_20260410T102021_N0512_R065_T33UVB_20260410T160212,L2A,S2C_MSIL2A_20260410T102021_N0512_R065_T33UVB_20260410T160212.SAFE,S2C,2026-04-10T10:20:21Z,2026-04-10,2026,T33UVB,65,N0512,2026-04-10T16:02:12Z,S2C_MSIL2A_20260410T102021_N0512_R065_T33UVB_20260410T160212.SAFE,,True,25,31,2,3,2,2,inventoried
S2A_MSIL2A_20260412T101701_N0512_R065_T33UVB_20260412T171700,L2A,S2A_MSIL2A_20260412T101701_N0512_R065_T33UVB_20260412T171700.SAFE,S2A,2026-04-12T10:17:01Z,2026-04-12,2026,T33UVB,65,N0512,2026-04-12T17:17:00Z,S2A_MSIL2A_20260412T101701_N0512_R065_T33UVB_20260412T171700.SAFE,,True,25,31,2,3,2,2,inventoried
S2C_MSIL2A_20260413T103021_N0512_R108_T33UVB_20260413T142821,L2A,S2C_MSIL2A_20260413T103021_N0512_R108_T33UVB_20260413T142821.SAFE,S2C,2026-04-13T10:30:21Z,2026-04-13,2026,T33UVB,108,N0512,2026-04-13T14:28:21Z,S2C_MSIL2A_20260413T103021_N0512_R108_T33UVB_20260413T142821.SAFE,,True,25,31,2,3,2,2,inventoried
S2B_MSIL2A_20260415T101559_N0512_R065_T33UVB_20260415T153336,L2A,S2B_MSIL2A_20260415T101559_N0512_R065_T33UVB_20260415T153336.SAFE,S2B,2026-04-15T10:15:59Z,2026-04-15,2026,T33UVB,65,N0512,2026-04-15T15:33:36Z,S2B_MSIL2A_20260415T101559_N0512_R065_T33UVB_20260415T153336.SAFE,,True,25,31,2,3,2,2,inventoried
S2A_MSIL2A_20260415T102701_N0512_R108_T33UVB_20260415T174607,L2A,S2A_MSIL2A_20260415T102701_N0512_R108_T33UVB_20260415T174607.SAFE,S2A,2026-04-15T10:27:01Z,2026-04-15,2026,T33UVB,108,N0512,2026-04-15T17:46:07Z,S2A_MSIL2A_20260415T102701_N0512_R108_T33UVB_20260415T174607.SAFE,,True,25,31,2,3,2,2,inventoried
S2B_MSIL2A_20260418T103019_N0512_R108_T33UVB_20260418T142312,L2A,S2B_MSIL2A_20260418T103019_N0512_R108_T33UVB_20260418T142312.SAFE,S2B,2026-04-18T10:30:19Z,2026-04-18,2026,T33UVB,108,N0512,2026-04-18T14:23:12Z,S2B_MSIL2A_20260418T103019_N0512_R108_T33UVB_20260418T142312.SAFE,,True,25,31,2,3,2,2,inventoried
S2C_MSIL2A_20260420T102021_N0512_R065_T33UVB_20260420T154809,L2A,S2C_MSIL2A_20260420T102021_N0512_R065_T33UVB_20260420T154809.SAFE,S2C,2026-04-20T10:20:21Z,2026-04-20,2026,T33UVB,65,N0512,2026-04-20T15:48:09Z,S2C_MSIL2A_20260420T102021_N0512_R065_T33UVB_20260420T154809.SAFE,,True,25,31,2,3,2,2,inventoried
S2A_MSIL2A_20260422T102041_N0512_R065_T33UVB_20260422T172315,L2A,S2A_MSIL2A_20260422T102041_N0512_R065_T33UVB_20260422T172315.SAFE,S2A,2026-04-22T10:20:41Z,2026-04-22,2026,T33UVB,65,N0512,2026-04-22T17:23:15Z,S2A_MSIL2A_20260422T102041_N0512_R065_T33UVB_20260422T172315.SAFE,,True,25,31,2,3,2,2,inventoried
S2C_MSIL2A_20260423T103021_N0512_R108_T33UVB_20260423T143011,L2A,S2C_MSIL2A_20260423T103021_N0512_R108_T33UVB_20260423T143011.SAFE,S2C,2026-04-23T10:30:21Z,2026-04-23,2026,T33UVB,108,N0512,2026-04-23T14:30:11Z,S2C_MSIL2A_20260423T103021_N0512_R108_T33UVB_20260423T143011.SAFE,,True,25,31,2,3,2,2,inventoried
S2B_MSIL2A_20260425T101559_N0512_R065_T33UVB_20260425T141249,L2A,S2B_MSIL2A_20260425T101559_N0512_R065_T33UVB_20260425T141249.SAFE,S2B,2026-04-25T10:15:59Z,2026-04-25,2026,T33UVB,65,N0512,2026-04-25T14:12:49Z,S2B_MSIL2A_20260425T101559_N0512_R065_T33UVB_20260425T141249.SAFE,,True,25,31,2,3,2,2,inventoried
S2A_MSIL2A_20260425T103041_N0512_R108_T33UVB_20260425T172012,L2A,S2A_MSIL2A_20260425T103041_N0512_R108_T33UVB_20260425T172012.SAFE,S2A,2026-04-25T10:30:41Z,2026-04-25,2026,T33UVB,108,N0512,2026-04-25T17:20:12Z,S2A_MSIL2A_20260425T103041_N0512_R108_T33UVB_20260425T172012.SAFE,,True,25,31,2,3,2,2,inventoried
S2B_MSIL2A_20260428T103019_N0512_R108_T33UVB_20260428T142608,L2A,S2B_MSIL2A_20260428T103019_N0512_R108_T33UVB_20260428T142608.SAFE,S2B,2026-04-28T10:30:19Z,2026-04-28,2026,T33UVB,108,N0512,2026-04-28T14:26:08Z,S2B_MSIL2A_20260428T103019_N0512_R108_T33UVB_20260428T142608.SAFE,,True,25,31,2,3,2,2,inventoried
S2C_MSIL2A_20260430T102021_N0512_R065_T33UVB_20260430T155216,L2A,S2C_MSIL2A_20260430T102021_N0512_R065_T33UVB_20260430T155216.SAFE,S2C,2026-04-30T10:20:21Z,2026-04-30,2026,T33UVB,65,N0512,2026-04-30T15:52:16Z,S2C_MSIL2A_20260430T102021_N0512_R065_T33UVB_20260430T155216.SAFE,,True,25,31,2,3,2,2,inventoried
S2A_MSIL2A_20260502T101701_N0512_R065_T33UVB_20260502T172211,L2A,S2A_MSIL2A_20260502T101701_N0512_R065_T33UVB_20260502T172211.SAFE,S2A,2026-05-02T10:17:01Z,2026-05-02,2026,T33UVB,65,N0512,2026-05-02T17:22:11Z,S2A_MSIL2A_20260502T101701_N0512_R065_T33UVB_20260502T172211.SAFE,,True,25,31,2,3,2,2,inventoried
S2C_MSIL2A_20260503T103021_N0512_R108_T33UVB_20260503T144415,L2A,S2C_MSIL2A_20260503T103021_N0512_R108_T33UVB_20260503T144415.SAFE,S2C,2026-05-03T10:30:21Z,2026-05-03,2026,T33UVB,108,N0512,2026-05-03T14:44:15Z,S2C_MSIL2A_20260503T103021_N0512_R108_T33UVB_20260503T144415.SAFE,,True,25,31,2,3,2,2,inventoried
S2B_MSIL2A_20260505T101559_N0512_R065_T33UVB_20260505T141425,L2A,S2B_MSIL2A_20260505T101559_N0512_R065_T33UVB_20260505T141425.SAFE,S2B,2026-05-05T10:15:59Z,2026-05-05,2026,T33UVB,65,N0512,2026-05-05T14:14:25Z,S2B_MSIL2A_20260505T101559_N0512_R065_T33UVB_20260505T141425.SAFE,,True,25,31,2,3,2,2,inventoried
S2A_MSIL2A_20260505T102701_N0512_R108_T33UVB_20260505T172317,L2A,S2A_MSIL2A_20260505T102701_N0512_R108_T33UVB_20260505T172317.SAFE,S2A,2026-05-05T10:27:01Z,2026-05-05,2026,T33UVB,108,N0512,2026-05-05T17:23:17Z,S2A_MSIL2A_20260505T102701_N0512_R108_T33UVB_20260505T172317.SAFE,,True,25,31,2,3,2,2,inventoried
S2B_MSIL2A_20260508T102559_N0512_R108_T33UVB_20260508T142319,L2A,S2B_MSIL2A_20260508T102559_N0512_R108_T33UVB_20260508T142319.SAFE,S2B,2026-05-08T10:25:59Z,2026-05-08,2026,T33UVB,108,N0512,2026-05-08T14:23:19Z,S2B_MSIL2A_20260508T102559_N0512_R108_T33UVB_20260508T142319.SAFE,,True,25,31,2,3,2,2,inventoried
S2C_MSIL2A_20260510T101601_N0512_R065_T33UVB_20260510T152419,L2A,S2C_MSIL2A_20260510T101601_N0512_R065_T33UVB_20260510T152419.SAFE,S2C,2026-05-10T10:16:01Z,2026-05-10,2026,T33UVB,65,N0512,2026-05-10T15:24:19Z,S2C_MSIL2A_20260510T101601_N0512_R065_T33UVB_20260510T152419.SAFE,,True,25,31,2,3,2,2,inventoried
S2A_MSIL2A_20260512T102041_N0512_R065_T33UVB_20260512T164956,L2A,S2A_MSIL2A_20260512T102041_N0512_R065_T33UVB_20260512T164956.SAFE,S2A,2026-05-12T10:20:41Z,2026-05-12,2026,T33UVB,65,N0512,2026-05-12T16:49:56Z,S2A_MSIL2A_20260512T102041_N0512_R065_T33UVB_20260512T164956.SAFE,,True,25,31,2,3,2,2,inventoried
S2C_MSIL2A_20260513T103021_N0512_R108_T33UVB_20260513T154315,L2A,S2C_MSIL2A_20260513T103021_N0512_R108_T33UVB_20260513T154315.SAFE,S2C,2026-05-13T10:30:21Z,2026-05-13,2026,T33UVB,108,N0512,2026-05-13T15:43:15Z,S2C_MSIL2A_20260513T103021_N0512_R108_T33UVB_20260513T154315.SAFE,,True,25,31,2,3,2,2,inventoried
S2B_MSIL2A_20260515T101559_N0512_R065_T33UVB_20260515T141545,L2A,S2B_MSIL2A_20260515T101559_N0512_R065_T33UVB_20260515T141545.SAFE,S2B,2026-05-15T10:15:59Z,2026-05-15,2026,T33UVB,65,N0512,2026-05-15T14:15:45Z,S2B_MSIL2A_20260515T101559_N0512_R065_T33UVB_20260515T141545.SAFE,,True,25,31,2,3,2,2,inventoried
S2A_MSIL2A_20260515T103041_N0512_R108_T33UVB_20260515T170309,L2A,S2A_MSIL2A_20260515T103041_N0512_R108_T33UVB_20260515T170309.SAFE,S2A,2026-05-15T10:30:41Z,2026-05-15,2026,T33UVB,108,N0512,2026-05-15T17:03:09Z,S2A_MSIL2A_20260515T103041_N0512_R108_T33UVB_20260515T170309.SAFE,,True,25,31,2,3,2,2,inventoried
S2B_MSIL2A_20260518T102559_N0512_R108_T33UVB_20260518T142528,L2A,S2B_MSIL2A_20260518T102559_N0512_R108_T33UVB_20260518T142528.SAFE,S2B,2026-05-18T10:25:59Z,2026-05-18,2026,T33UVB,108,N0512,2026-05-18T14:25:28Z,S2B_MSIL2A_20260518T102559_N0512_R108_T33UVB_20260518T142528.SAFE,,True,25,31,2,3,2,2,inventoried
S2C_MSIL2A_20260520T101601_N0512_R065_T33UVB_20260520T153511,L2A,S2C_MSIL2A_20260520T101601_N0512_R065_T33UVB_20260520T153511.SAFE,S2C,2026-05-20T10:16:01Z,2026-05-20,2026,T33UVB,65,N0512,2026-05-20T15:35:11Z,S2C_MSIL2A_20260520T101601_N0512_R065_T33UVB_20260520T153511.SAFE,,True,25,31,2,3,2,2,inventoried
S2A_MSIL2A_20260522T101701_N0512_R065_T33UVB_20260522T170405,L2A,S2A_MSIL2A_20260522T101701_N0512_R065_T33UVB_20260522T170405.SAFE,S2A,2026-05-22T10:17:01Z,2026-05-22,2026,T33UVB,65,N0512,2026-05-22T17:04:05Z,S2A_MSIL2A_20260522T101701_N0512_R065_T33UVB_20260522T170405.SAFE,,True,25,31,2,3,2,2,inventoried
S2C_MSIL2A_20260523T103021_N0512_R108_T33UVB_20260523T154816,L2A,S2C_MSIL2A_20260523T103021_N0512_R108_T33UVB_20260523T154816.SAFE,S2C,2026-05-23T10:30:21Z,2026-05-23,2026,T33UVB,108,N0512,2026-05-23T15:48:16Z,S2C_MSIL2A_20260523T103021_N0512_R108_T33UVB_20260523T154816.SAFE,,True,25,31,2,3,2,2,inventoried
S2B_MSIL2A_20260525T101559_N0512_R065_T33UVB_20260525T141344,L2A,S2B_MSIL2A_20260525T101559_N0512_R065_T33UVB_20260525T141344.SAFE,S2B,2026-05-25T10:15:59Z,2026-05-25,2026,T33UVB,65,N0512,2026-05-25T14:13:44Z,S2B_MSIL2A_20260525T101559_N0512_R065_T33UVB_20260525T141344.SAFE,,True,25,31,2,3,2,2,inventoried
S2A_MSIL2A_20260525T102701_N0512_R108_T33UVB_20260525T171454,L2A,S2A_MSIL2A_20260525T102701_N0512_R108_T33UVB_20260525T171454.SAFE,S2A,2026-05-25T10:27:01Z,2026-05-25,2026,T33UVB,108,N0512,2026-05-25T17:14:54Z,S2A_MSIL2A_20260525T102701_N0512_R108_T33UVB_20260525T171454.SAFE,,True,25,31,2,3,2,2,inventoried
S2B_MSIL2A_20260528T102549_N0512_R108_T33UVB_20260528T142243,L2A,S2B_MSIL2A_20260528T102549_N0512_R108_T33UVB_20260528T142243.SAFE,S2B,2026-05-28T10:25:49Z,2026-05-28,2026,T33UVB,108,N0512,2026-05-28T14:22:43Z,S2B_MSIL2A_20260528T102549_N0512_R108_T33UVB_20260528T142243.SAFE,,True,25,31,2,3,2,2,inventoried
S2C_MSIL2A_20260530T101601_N0512_R065_T33UVB_20260530T164416,L2A,S2C_MSIL2A_20260530T101601_N0512_R065_T33UVB_20260530T164416.SAFE,S2C,2026-05-30T10:16:01Z,2026-05-30,2026,T33UVB,65,N0512,2026-05-30T16:44:16Z,S2C_MSIL2A_20260530T101601_N0512_R065_T33UVB_20260530T164416.SAFE,,True,25,31,2,3,2,2,inventoried
S2A_MSIL2A_20260601T102041_N0512_R065_T33UVB_20260601T164417,L2A,S2A_MSIL2A_20260601T102041_N0512_R065_T33UVB_20260601T164417.SAFE,S2A,2026-06-01T10:20:41Z,2026-06-01,2026,T33UVB,65,N0512,2026-06-01T16:44:17Z,S2A_MSIL2A_20260601T102041_N0512_R065_T33UVB_20260601T164417.SAFE,,True,25,31,2,3,2,2,inventoried
S2C_MSIL2A_20260602T103021_N0512_R108_T33UVB_20260602T155116,L2A,S2C_MSIL2A_20260602T103021_N0512_R108_T33UVB_20260602T155116.SAFE,S2C,2026-06-02T10:30:21Z,2026-06-02,2026,T33UVB,108,N0512,2026-06-02T15:51:16Z,S2C_MSIL2A_20260602T103021_N0512_R108_T33UVB_20260602T155116.SAFE,,True,25,31,2,3,2,2,inventoried
S2B_MSIL2A_20260604T101559_N0512_R065_T33UVB_20260604T141357,L2A,S2B_MSIL2A_20260604T101559_N0512_R065_T33UVB_20260604T141357.SAFE,S2B,2026-06-04T10:15:59Z,2026-06-04,2026,T33UVB,65,N0512,2026-06-04T14:13:57Z,S2B_MSIL2A_20260604T101559_N0512_R065_T33UVB_20260604T141357.SAFE,,True,25,31,2,3,2,2,inventoried
S2A_MSIL2A_20260604T103041_N0512_R108_T33UVB_20260604T153711,L2A,S2A_MSIL2A_20260604T103041_N0512_R108_T33UVB_20260604T153711.SAFE,S2A,2026-06-04T10:30:41Z,2026-06-04,2026,T33UVB,108,N0512,2026-06-04T15:37:11Z,S2A_MSIL2A_20260604T103041_N0512_R108_T33UVB_20260604T153711.SAFE,,True,25,31,2,3,2,2,inventoried
S2B_MSIL2A_20260607T102559_N0512_R108_T33UVB_20260607T142314,L2A,S2B_MSIL2A_20260607T102559_N0512_R108_T33UVB_20260607T142314.SAFE,S2B,2026-06-07T10:25:59Z,2026-06-07,2026,T33UVB,108,N0512,2026-06-07T14:23:14Z,S2B_MSIL2A_20260607T102559_N0512_R108_T33UVB_20260607T142314.SAFE,,True,25,31,2,3,2,2,inventoried
S2C_MSIL2A_20260609T101601_N0512_R065_T33UVB_20260609T154111,L2A,S2C_MSIL2A_20260609T101601_N0512_R065_T33UVB_20260609T154111.SAFE,S2C,2026-06-09T10:16:01Z,2026-06-09,2026,T33UVB,65,N0512,2026-06-09T15:41:11Z,S2C_MSIL2A_20260609T101601_N0512_R065_T33UVB_20260609T154111.SAFE,,True,25,31,2,3,2,2,inventoried
S2A_MSIL2A_20260611T101701_N0512_R065_T33UVB_20260611T170311,L2A,S2A_MSIL2A_20260611T101701_N0512_R065_T33UVB_20260611T170311.SAFE,S2A,2026-06-11T10:17:01Z,2026-06-11,2026,T33UVB,65,N0512,2026-06-11T17:03:11Z,S2A_MSIL2A_20260611T101701_N0512_R065_T33UVB_20260611T170311.SAFE,,True,25,31,2,3,2,2,inventoried
S2C_MSIL2A_20260612T103021_N0512_R108_T33UVB_20260612T154155,L2A,S2C_MSIL2A_20260612T103021_N0512_R108_T33UVB_20260612T154155.SAFE,S2C,2026-06-12T10:30:21Z,2026-06-12,2026,T33UVB,108,N0512,2026-06-12T15:41:55Z,S2C_MSIL2A_20260612T103021_N0512_R108_T33UVB_20260612T154155.SAFE,,True,25,31,2,3,2,2,inventoried
S2B_MSIL2A_20260614T101559_N0512_R065_T33UVB_20260614T144531,L2A,S2B_MSIL2A_20260614T101559_N0512_R065_T33UVB_20260614T144531.SAFE,S2B,2026-06-14T10:15:59Z,2026-06-14,2026,T33UVB,65,N0512,2026-06-14T14:45:31Z,S2B_MSIL2A_20260614T101559_N0512_R065_T33UVB_20260614T144531.SAFE,,True,25,31,2,3,2,2,inventoried
S2A_MSIL2A_20260614T102701_N0512_R108_T33UVB_20260614T171009,L2A,S2A_MSIL2A_20260614T102701_N0512_R108_T33UVB_20260614T171009.SAFE,S2A,2026-06-14T10:27:01Z,2026-06-14,2026,T33UVB,108,N0512,2026-06-14T17:10:09Z,S2A_MSIL2A_20260614T102701_N0512_R108_T33UVB_20260614T171009.SAFE,,True,25,31,2,3,2,2,inventoried
S2B_MSIL2A_20260617T102559_N0512_R108_T33UVB_20260617T142419,L2A,S2B_MSIL2A_20260617T102559_N0512_R108_T33UVB_20260617T142419.SAFE,S2B,2026-06-17T10:25:59Z,2026-06-17,2026,T33UVB,108,N0512,2026-06-17T14:24:19Z,S2B_MSIL2A_20260617T102559_N0512_R108_T33UVB_20260617T142419.SAFE,,True,25,31,2,3,2,2,inventoried
S2C_MSIL2A_20260619T101601_N0512_R065_T33UVB_20260619T153814,L2A,S2C_MSIL2A_20260619T101601_N0512_R065_T33UVB_20260619T153814.SAFE,S2C,2026-06-19T10:16:01Z,2026-06-19,2026,T33UVB,65,N0512,2026-06-19T15:38:14Z,S2C_MSIL2A_20260619T101601_N0512_R065_T33UVB_20260619T153814.SAFE,,True,25,31,2,3,2,2,inventoried
S2A_MSIL2A_20260621T102041_N0512_R065_T33UVB_20260621T165858,L2A,S2A_MSIL2A_20260621T102041_N0512_R065_T33UVB_20260621T165858.SAFE,S2A,2026-06-21T10:20:41Z,2026-06-21,2026,T33UVB,65,N0512,2026-06-21T16:58:58Z,S2A_MSIL2A_20260621T102041_N0512_R065_T33UVB_20260621T165858.SAFE,,True,25,31,2,3,2,2,inventoried
S2C_MSIL2A_20260622T102601_N0512_R108_T33UVB_20260622T154112,L2A,S2C_MSIL2A_20260622T102601_N0512_R108_T33UVB_20260622T154112.SAFE,S2C,2026-06-22T10:26:01Z,2026-06-22,2026,T33UVB,108,N0512,2026-06-22T15:41:12Z,S2C_MSIL2A_20260622T102601_N0512_R108_T33UVB_20260622T154112.SAFE,,True,25,31,2,3,2,2,inventoried
S2B_MSIL2A_20260624T101559_N0512_R065_T33UVB_20260624T141421,L2A,S2B_MSIL2A_20260624T101559_N0512_R065_T33UVB_20260624T141421.SAFE,S2B,2026-06-24T10:15:59Z,2026-06-24,2026,T33UVB,65,N0512,2026-06-24T14:14:21Z,S2B_MSIL2A_20260624T101559_N0512_R065_T33UVB_20260624T141421.SAFE,,True,25,31,2,3,2,2,inventoried
S2A_MSIL2A_20260624T103041_N0512_R108_T33UVB_20260624T170101,L2A,S2A_MSIL2A_20260624T103041_N0512_R108_T33UVB_20260624T170101.SAFE,S2A,2026-06-24T10:30:41Z,2026-06-24,2026,T33UVB,108,N0512,2026-06-24T17:01:01Z,S2A_MSIL2A_20260624T103041_N0512_R108_T33UVB_20260624T170101.SAFE,,True,25,31,2,3,2,2,inventoried
S2B_MSIL2A_20260627T102559_N0512_R108_T33UVB_20260627T142435,L2A,S2B_MSIL2A_20260627T102559_N0512_R108_T33UVB_20260627T142435.SAFE,S2B,2026-06-27T10:25:59Z,2026-06-27,2026,T33UVB,108,N0512,2026-06-27T14:24:35Z,S2B_MSIL2A_20260627T102559_N0512_R108_T33UVB_20260627T142435.SAFE,,True,25,31,2,3,2,2,inventoried
S2C_MSIL2A_20260629T101601_N0512_R065_T33UVB_20260629T152911,L2A,S2C_MSIL2A_20260629T101601_N0512_R065_T33UVB_20260629T152911.SAFE,S2C,2026-06-29T10:16:01Z,2026-06-29,2026,T33UVB,65,N0512,2026-06-29T15:29:11Z,S2C_MSIL2A_20260629T101601_N0512_R065_T33UVB_20260629T152911.SAFE,,True,25,31,2,3,2,2,inventoried
S2A_MSIL2A_20260701T101701_N0512_R065_T33UVB_20260701T170611,L2A,S2A_MSIL2A_20260701T101701_N0512_R065_T33UVB_20260701T170611.SAFE,S2A,2026-07-01T10:17:01Z,2026-07-01,2026,T33UVB,65,N0512,2026-07-01T17:06:11Z,S2A_MSIL2A_20260701T101701_N0512_R065_T33UVB_20260701T170611.SAFE,,True,25,31,2,3,2,2,inventoried
S2C_MSIL2A_20260702T103021_N0512_R108_T33UVB_20260702T154313,L2A,S2C_MSIL2A_20260702T103021_N0512_R108_T33UVB_20260702T154313.SAFE,S2C,2026-07-02T10:30:21Z,2026-07-02,2026,T33UVB,108,N0512,2026-07-02T15:43:13Z,S2C_MSIL2A_20260702T103021_N0512_R108_T33UVB_20260702T154313.SAFE,,True,25,31,2,3,2,2,inventoried
S2B_MSIL2A_20260704T101559_N0512_R065_T33UVB_20260704T141416,L2A,S2B_MSIL2A_20260704T101559_N0512_R065_T33UVB_20260704T141416.SAFE,S2B,2026-07-04T10:15:59Z,2026-07-04,2026,T33UVB,65,N0512,2026-07-04T14:14:16Z,S2B_MSIL2A_20260704T101559_N0512_R065_T33UVB_20260704T141416.SAFE,,True,25,31,2,3,2,2,inventoried
S2A_MSIL2A_20260704T102701_N0512_R108_T33UVB_20260704T170718,L2A,S2A_MSIL2A_20260704T102701_N0512_R108_T33UVB_20260704T170718.SAFE,S2A,2026-07-04T10:27:01Z,2026-07-04,2026,T33UVB,108,N0512,2026-07-04T17:07:18Z,S2A_MSIL2A_20260704T102701_N0512_R108_T33UVB_20260704T170718.SAFE,,True,25,31,2,3,2,2,inventoried
S2B_MSIL2A_20260707T102559_N0512_R108_T33UVB_20260707T142442,L2A,S2B_MSIL2A_20260707T102559_N0512_R108_T33UVB_20260707T142442.SAFE,S2B,2026-07-07T10:25:59Z,2026-07-07,2026,T33UVB,108,N0512,2026-07-07T14:24:42Z,S2B_MSIL2A_20260707T102559_N0512_R108_T33UVB_20260707T142442.SAFE,,True,25,31,2,3,2,2,inventoried
S2C_MSIL2A_20260709T101601_N0512_R065_T33UVB_20260709T153312,L2A,S2C_MSIL2A_20260709T101601_N0512_R065_T33UVB_20260709T153312.SAFE,S2C,2026-07-09T10:16:01Z,2026-07-09,2026,T33UVB,65,N0512,2026-07-09T15:33:12Z,S2C_MSIL2A_20260709T101601_N0512_R065_T33UVB_20260709T153312.SAFE,,True,25,31,2,3,2,2,inventoried
S2A_MSIL2A_20260711T102041_N0512_R065_T33UVB_20260711T165309,L2A,S2A_MSIL2A_20260711T102041_N0512_R065_T33UVB_20260711T165309.SAFE,S2A,2026-07-11T10:20:41Z,2026-07-11,2026,T33UVB,65,N0512,2026-07-11T16:53:09Z,S2A_MSIL2A_20260711T102041_N0512_R065_T33UVB_20260711T165309.SAFE,,True,25,31,2,3,2,2,inventoried
S2C_MSIL2A_20260712T102601_N0512_R108_T33UVB_20260712T155209,L2A,S2C_MSIL2A_20260712T102601_N0512_R108_T33UVB_20260712T155209.SAFE,S2C,2026-07-12T10:26:01Z,2026-07-12,2026,T33UVB,108,N0512,2026-07-12T15:52:09Z,S2C_MSIL2A_20260712T102601_N0512_R108_T33UVB_20260712T155209.SAFE,,True,25,31,2,3,2,2,inventoried
S2B_MSIL2A_20260714T101559_N0512_R065_T33UVB_20260714T141323,L2A,S2B_MSIL2A_20260714T101559_N0512_R065_T33UVB_20260714T141323.SAFE,S2B,2026-07-14T10:15:59Z,2026-07-14,2026,T33UVB,65,N0512,2026-07-14T14:13:23Z,S2B_MSIL2A_20260714T101559_N0512_R065_T33UVB_20260714T141323.SAFE,,True,25,31,2,3,2,2,inventoried
S2A_MSIL2A_20260714T103041_N0512_R108_T33UVB_20260714T170210,L2A,S2A_MSIL2A_20260714T103041_N0512_R108_T33UVB_20260714T170210.SAFE,S2A,2026-07-14T10:30:41Z,2026-07-14,2026,T33UVB,108,N0512,2026-07-14T17:02:10Z,S2A_MSIL2A_20260714T103041_N0512_R108_T33UVB_20260714T170210.SAFE,,True,25,31,2,3,2,2,inventoried
S2B_MSIL2A_20260717T103029_N0512_R108_T33UVB_20260717T142404,L2A,S2B_MSIL2A_20260717T103029_N0512_R108_T33UVB_20260717T142404.SAFE,S2B,2026-07-17T10:30:29Z,2026-07-17,2026,T33UVB,108,N0512,2026-07-17T14:24:04Z,S2B_MSIL2A_20260717T103029_N0512_R108_T33UVB_20260717T142404.SAFE,,True,25,31,2,3,2,2,inventoried
S2C_MSIL2A_20260719T101601_N0512_R065_T33UVB_20260719T153416,L2A,S2C_MSIL2A_20260719T101601_N0512_R065_T33UVB_20260719T153416.SAFE,S2C,2026-07-19T10:16:01Z,2026-07-19,2026,T33UVB,65,N0512,2026-07-19T15:34:16Z,S2C_MSIL2A_20260719T101601_N0512_R065_T33UVB_20260719T153416.SAFE,,True,25,31,2,3,2,2,inventoried
S2A_MSIL2A_20260721T102041_N0512_R065_T33UVB_20260721T170018,L2A,S2A_MSIL2A_20260721T102041_N0512_R065_T33UVB_20260721T170018.SAFE,S2A,2026-07-21T10:20:41Z,2026-07-21,2026,T33UVB,65,N0512,2026-07-21T17:00:18Z,S2A_MSIL2A_20260721T102041_N0512_R065_T33UVB_20260721T170018.SAFE,,True,25,31,2,3,2,2,inventoried
S2C_MSIL2A_20260722T103031_N0512_R108_T33UVB_20260722T154710,L2A,S2C_MSIL2A_20260722T103031_N0512_R108_T33UVB_20260722T154710.SAFE,S2C,2026-07-22T10:30:31Z,2026-07-22,2026,T33UVB,108,N0512,2026-07-22T15:47:10Z,S2C_MSIL2A_20260722T103031_N0512_R108_T33UVB_20260722T154710.SAFE,,True,25,31,2,3,2,2,inventoried
S2B_MSIL2A_20260724T101559_N0512_R065_T33UVB_20260724T141313,L2A,S2B_MSIL2A_20260724T101559_N0512_R065_T33UVB_20260724T141313.SAFE,S2B,2026-07-24T10:15:59Z,2026-07-24,2026,T33UVB,65,N0512,2026-07-24T14:13:13Z,S2B_MSIL2A_20260724T101559_N0512_R065_T33UVB_20260724T141313.SAFE,,True,25,31,2,3,2,2,inventoried
S2A_MSIL2A_20260724T102701_N0512_R108_T33UVB_20260724T171410,L2A,S2A_MSIL2A_20260724T102701_N0512_R108_T33UVB_20260724T171410.SAFE,S2A,2026-07-24T10:27:01Z,2026-07-24,2026,T33UVB,108,N0512,2026-07-24T17:14:10Z,S2A_MSIL2A_20260724T102701_N0512_R108_T33UVB_20260724T171410.SAFE,,True,25,31,2,3,2,2,inventoried
S2B_MSIL2A_20260727T102559_N0512_R108_T33UVB_20260727T142452,L2A,S2B_MSIL2A_20260727T102559_N0512_R108_T33UVB_20260727T142452.SAFE,S2B,2026-07-27T10:25:59Z,2026-07-27,2026,T33UVB,108,N0512,2026-07-27T14:24:52Z,S2B_MSIL2A_20260727T102559_N0512_R108_T33UVB_20260727T142452.SAFE,,True,25,31,2,3,2,2,inventoried
S2C_MSIL2A_20260729T101601_N0512_R065_T33UVB_20260729T153614,L2A,S2C_MSIL2A_20260729T101601_N0512_R065_T33UVB_20260729T153614.SAFE,S2C,2026-07-29T10:16:01Z,2026-07-29,2026,T33UVB,65,N0512,2026-07-29T15:36:14Z,S2C_MSIL2A_20260729T101601_N0512_R065_T33UVB_20260729T153614.SAFE,,True,25,31,2,3,2,2,inventoried
S2A_MSIL2A_20260731T101701_N0512_R065_T33UVB_20260731T184614,L2A,S2A_MSIL2A_20260731T101701_N0512_R065_T33UVB_20260731T184614.SAFE,S2A,2026-07-31T10:17:01Z,2026-07-31,2026,T33UVB,65,N0512,2026-07-31T18:46:14Z,S2A_MSIL2A_20260731T101701_N0512_R065_T33UVB_20260731T184614.SAFE,,True,25,31,2,3,2,2,inventoried
S2C_MSIL2A_20260801T103031_N0512_R108_T33UVB_20260801T152513,L2A,S2C_MSIL2A_20260801T103031_N0512_R108_T33UVB_20260801T152513.SAFE,S2C,2026-08-01T10:30:31Z,2026-08-01,2026,T33UVB,108,N0512,2026-08-01T15:25:13Z,S2C_MSIL2A_20260801T103031_N0512_R108_T33UVB_20260801T152513.SAFE,,True,25,31,2,3,2,2,inventoried
S2B_MSIL2A_20260803T101559_N0512_R065_T33UVB_20260803T141121,L2A,S2B_MSIL2A_20260803T101559_N0512_R065_T33UVB_20260803T141121.SAFE,S2B,2026-08-03T10:15:59Z,2026-08-03,2026,T33UVB,65,N0512,2026-08-03T14:11:21Z,S2B_MSIL2A_20260803T101559_N0512_R065_T33UVB_20260803T141121.SAFE,,True,25,31,2,3,2,2,inventoried
S2A_MSIL2A_20260803T103041_N0512_R108_T33UVB_20260803T202516,L2A,S2A_MSIL2A_20260803T103041_N0512_R108_T33UVB_20260803T202516.SAFE,S2A,2026-08-03T10:30:41Z,2026-08-03,2026,T33UVB,108,N0512,2026-08-03T20:25:16Z,S2A_MSIL2A_20260803T103041_N0512_R108_T33UVB_20260803T202516.SAFE,,True,25,31,2,3,2,2,inventoried
S2B_MSIL2A_20260806T102559_N0512_R108_T33UVB_20260806T142406,L2A,S2B_MSIL2A_20260806T102559_N0512_R108_T33UVB_20260806T142406.SAFE,S2B,2026-08-06T10:25:59Z,2026-08-06,2026,T33UVB,108,N0512,2026-08-06T14:24:06Z,S2B_MSIL2A_20260806T102559_N0512_R108_T33UVB_20260806T142406.SAFE,,True,25,31,2,3,2,2,inventoried
S2C_MSIL2A_20260808T101601_N0512_R065_T33UVB_20260808T154124,L2A,S2C_MSIL2A_20260808T101601_N0512_R065_T33UVB_20260808T154124.SAFE,S2C,2026-08-08T10:16:01Z,2026-08-08,2026,T33UVB,65,N0512,2026-08-08T15:41:24Z,S2C_MSIL2A_20260808T101601_N0512_R065_T33UVB_20260808T154124.SAFE,,True,25,31,2,3,2,2,inventoried
S2A_MSIL2A_20260810T102041_N0512_R065_T33UVB_20260810T183054,L2A,S2A_MSIL2A_20260810T102041_N0512_R065_T33UVB_20260810T183054.SAFE,S2A,2026-08-10T10:20:41Z,2026-08-10,2026,T33UVB,65,N0512,2026-08-10T18:30:54Z,S2A_MSIL2A_20260810T102041_N0512_R065_T33UVB_20260810T183054.SAFE,,True,25,31,2,3,2,2,inventoried
S2C_MSIL2A_20260811T102601_N0512_R108_T33UVB_20260811T154722,L2A,S2C_MSIL2A_20260811T102601_N0512_R108_T33UVB_20260811T154722.SAFE,S2C,2026-08-11T10:26:01Z,2026-08-11,2026,T33UVB,108,N0512,2026-08-11T15:47:22Z,S2C_MSIL2A_20260811T102601_N0512_R108_T33UVB_20260811T154722.SAFE,,True,25,31,2,3,2,2,inventoried
S2B_MSIL2A_20260813T101559_N0512_R065_T33UVB_20260813T141204,L2A,S2B_MSIL2A_20260813T101559_N0512_R065_T33UVB_20260813T141204.SAFE,S2B,2026-08-13T10:15:59Z,2026-08-13,2026,T33UVB,65,N0512,2026-08-13T14:12:04Z,S2B_MSIL2A_20260813T101559_N0512_R065_T33UVB_20260813T141204.SAFE,,True,25,31,2,3,2,2,inventoried
S2A_MSIL2A_20260813T102701_N0512_R108_T33UVB_20260813T170810,L2A,S2A_MSIL2A_20260813T102701_N0512_R108_T33UVB_20260813T170810.SAFE,S2A,2026-08-13T10:27:01Z,2026-08-13,2026,T33UVB,108,N0512,2026-08-13T17:08:10Z,S2A_MSIL2A_20260813T102701_N0512_R108_T33UVB_20260813T170810.SAFE,,True,25,31,2,3,2,2,inventoried
S2B_MSIL2A_20260816T102559_N0512_R108_T33UVB_20260816T142413,L2A,S2B_MSIL2A_20260816T102559_N0512_R108_T33UVB_20260816T142413.SAFE,S2B,2026-08-16T10:25:59Z,2026-08-16,2026,T33UVB,108,N0512,2026-08-16T14:24:13Z,S2B_MSIL2A_20260816T102559_N0512_R108_T33UVB_20260816T142413.SAFE,,True,25,31,2,3,2,2,inventoried
S2C_MSIL2A_20260818T101601_N0512_R065_T33UVB_20260818T153703,L2A,S2C_MSIL2A_20260818T101601_N0512_R065_T33UVB_20260818T153703.SAFE,S2C,2026-08-18T10:16:01Z,2026-08-18,2026,T33UVB,65,N0512,2026-08-18T15:37:03Z,S2C_MSIL2A_20260818T101601_N0512_R065_T33UVB_20260818T153703.SAFE,,True,25,31,2,3,2,2,inventoried
S2A_MSIL2A_20260820T101701_N0512_R065_T33UVB_20260820T184309,L2A,S2A_MSIL2A_20260820T101701_N0512_R065_T33UVB_20260820T184309.SAFE,S2A,2026-08-20T10:17:01Z,2026-08-20,2026,T33UVB,65,N0512,2026-08-20T18:43:09Z,S2A_MSIL2A_20260820T101701_N0512_R065_T33UVB_20260820T184309.SAFE,,True,25,31,2,3,2,2,inventoried
S2C_MSIL2A_20260821T103021_N0512_R108_T33UVB_20260821T153310,L2A,S2C_MSIL2A_20260821T103021_N0512_R108_T33UVB_20260821T153310.SAFE,S2C,2026-08-21T10:30:21Z,2026-08-21,2026,T33UVB,108,N0512,2026-08-21T15:33:10Z,S2C_MSIL2A_20260821T103021_N0512_R108_T33UVB_20260821T153310.SAFE,,True,25,31,2,3,2,2,inventoried
S2B_MSIL2A_20260823T101559_N0512_R065_T33UVB_20260823T141012,L2A,S2B_MSIL2A_20260823T101559_N0512_R065_T33UVB_20260823T141012.SAFE,S2B,2026-08-23T10:15:59Z,2026-08-23,2026,T33UVB,65,N0512,2026-08-23T14:10:12Z,S2B_MSIL2A_20260823T101559_N0512_R065_T33UVB_20260823T141012.SAFE,,True,25,31,2,3,2,2,inventoried
S2A_MSIL2A_20260823T103041_N0512_R108_T33UVB_20260823T203409,L2A,S2A_MSIL2A_20260823T103041_N0512_R108_T33UVB_20260823T203409.SAFE,S2A,2026-08-23T10:30:41Z,2026-08-23,2026,T33UVB,108,N0512,2026-08-23T20:34:09Z,S2A_MSIL2A_20260823T103041_N0512_R108_T33UVB_20260823T203409.SAFE,,True,25,31,2,3,2,2,inventoried
S2B_MSIL2A_20260826T103019_N0512_R108_T33UVB_20260826T142512,L2A,S2B_MSIL2A_20260826T103019_N0512_R108_T33UVB_20260826T142512.SAFE,S2B,2026-08-26T10:30:19Z,2026-08-26,2026,T33UVB,108,N0512,2026-08-26T14:25:12Z,S2B_MSIL2A_20260826T103019_N0512_R108_T33UVB_20260826T142512.SAFE,,True,25,31,2,3,2,2,inventoried
S2C_MSIL2A_20260828T101601_N0512_R065_T33UVB_20260828T153211,L2A,S2C_MSIL2A_20260828T101601_N0512_R065_T33UVB_20260828T153211.SAFE,S2C,2026-08-28T10:16:01Z,2026-08-28,2026,T33UVB,65,N0512,2026-08-28T15:32:11Z,S2C_MSIL2A_20260828T101601_N0512_R065_T33UVB_20260828T153211.SAFE,,True,25,31,2,3,2,2,inventoried
S2A_MSIL2A_20260830T102041_N0512_R065_T33UVB_20260830T184408,L2A,S2A_MSIL2A_20260830T102041_N0512_R065_T33UVB_20260830T184408.SAFE,S2A,2026-08-30T10:20:41Z,2026-08-30,2026,T33UVB,65,N0512,2026-08-30T18:44:08Z,S2A_MSIL2A_20260830T102041_N0512_R065_T33UVB_20260830T184408.SAFE,,True,25,31,2,3,2,2,inventoried
S2C_MSIL2A_20260831T102601_N0512_R108_T33UVB_20260831T191907,L2A,S2C_MSIL2A_20260831T102601_N0512_R108_T33UVB_20260831T191907.SAFE,S2C,2026-08-31T10:26:01Z,2026-08-31,2026,T33UVB,108,N0512,2026-08-31T19:19:07Z,S2C_MSIL2A_20260831T102601_N0512_R108_T33UVB_20260831T191907.SAFE,,True,25,31,2,3,2,2,inventoried
S2B_MSIL2A_20260902T101559_N0512_R065_T33UVB_20260902T155445,L2A,S2B_MSIL2A_20260902T101559_N0512_R065_T33UVB_20260902T155445.SAFE,S2B,2026-09-02T10:15:59Z,2026-09-02,2026,T33UVB,65,N0512,2026-09-02T15:54:45Z,S2B_MSIL2A_20260902T101559_N0512_R065_T33UVB_20260902T155445.SAFE,,True,25,31,2,3,2,2,inventoried
S2A_MSIL2A_20260902T102701_N0512_R108_T33UVB_20260902T170713,L2A,S2A_MSIL2A_20260902T102701_N0512_R108_T33UVB_20260902T170713.SAFE,S2A,2026-09-02T10:27:01Z,2026-09-02,2026,T33UVB,108,N0512,2026-09-02T17:07:13Z,S2A_MSIL2A_20260902T102701_N0512_R108_T33UVB_20260902T170713.SAFE,,True,25,31,2,3,2,2,inventoried
S2B_MSIL2A_20260905T103019_N0512_R108_T33UVB_20260905T145427,L2A,S2B_MSIL2A_20260905T103019_N0512_R108_T33UVB_20260905T145427.SAFE,S2B,2026-09-05T10:30:19Z,2026-09-05,2026,T33UVB,108,N0512,2026-09-05T14:54:27Z,S2B_MSIL2A_20260905T103019_N0512_R108_T33UVB_20260905T145427.SAFE,,True,25,31,2,3,2,2,inventoried
S2C_MSIL2A_20260907T101601_N0512_R065_T33UVB_20260907T153115,L2A,S2C_MSIL2A_20260907T101601_N0512_R065_T33UVB_20260907T153115.SAFE,S2C,2026-09-07T10:16:01Z,2026-09-07,2026,T33UVB,65,N0512,2026-09-07T15:31:15Z,S2C_MSIL2A_20260907T101601_N0512_R065_T33UVB_20260907T153115.SAFE,,True,25,31,2,3,2,2,inventoried
S2A_MSIL2A_20260909T101701_N0512_R065_T33UVB_20260909T170501,L2A,S2A_MSIL2A_20260909T101701_N0512_R065_T33UVB_20260909T170501.SAFE,S2A,2026-09-09T10:17:01Z,2026-09-09,2026,T33UVB,65,N0512,2026-09-09T17:05:01Z,S2A_MSIL2A_20260909T101701_N0512_R065_T33UVB_20260909T170501.SAFE,,True,25,31,2,3,2,2,inventoried
S2C_MSIL2A_20260910T102601_N0512_R108_T33UVB_20260910T155813,L2A,S2C_MSIL2A_20260910T102601_N0512_R108_T33UVB_20260910T155813.SAFE,S2C,2026-09-10T10:26:01Z,2026-09-10,2026,T33UVB,108,N0512,2026-09-10T15:58:13Z,S2C_MSIL2A_20260910T102601_N0512_R108_T33UVB_20260910T155813.SAFE,,True,25,31,2,3,2,2,inventoried
S2B_MSIL2A_20260912T102019_N0512_R065_T33UVB_20260912T144047,L2A,S2B_MSIL2A_20260912T102019_N0512_R065_T33UVB_20260912T144047.SAFE,S2B,2026-09-12T10:20:19Z,2026-09-12,2026,T33UVB,65,N0512,2026-09-12T14:40:47Z,S2B_MSIL2A_20260912T102019_N0512_R065_T33UVB_20260912T144047.SAFE,,True,25,31,2,3,2,2,inventoried
S2A_MSIL2A_20260912T103041_N0512_R108_T33UVB_20260912T170409,L2A,S2A_MSIL2A_20260912T103041_N0512_R108_T33UVB_20260912T170409.SAFE,S2A,2026-09-12T10:30:41Z,2026-09-12,2026,T33UVB,108,N0512,2026-09-12T17:04:09Z,S2A_MSIL2A_20260912T103041_N0512_R108_T33UVB_20260912T170409.SAFE,,True,25,31,2,3,2,2,inventoried
S2B_MSIL2A_20260915T103019_N0512_R108_T33UVB_20260915T141611,L2A,S2B_MSIL2A_20260915T103019_N0512_R108_T33UVB_20260915T141611.SAFE,S2B,2026-09-15T10:30:19Z,2026-09-15,2026,T33UVB,108,N0512,2026-09-15T14:16:11Z,S2B_MSIL2A_20260915T103019_N0512_R108_T33UVB_20260915T141611.SAFE,,True,25,31,2,3,2,2,inventoried
S2C_MSIL2A_20260917T101651_N0512_R065_T33UVB_20260917T153725,L2A,S2C_MSIL2A_20260917T101651_N0512_R065_T33UVB_20260917T153725.SAFE,S2C,2026-09-17T10:16:51Z,2026-09-17,2026,T33UVB,65,N0512,2026-09-17T15:37:25Z,S2C_MSIL2A_20260917T101651_N0512_R065_T33UVB_20260917T153725.SAFE,,True,25,31,2,3,2,2,inventoried
S2A_MSIL2A_20260919T102041_N0512_R065_T33UVB_20260919T170225,L2A,S2A_MSIL2A_20260919T102041_N0512_R065_T33UVB_20260919T170225.SAFE,S2A,2026-09-19T10:20:41Z,2026-09-19,2026,T33UVB,65,N0512,2026-09-19T17:02:25Z,S2A_MSIL2A_20260919T102041_N0512_R065_T33UVB_20260919T170225.SAFE,,True,25,31,2,3,2,2,inventoried
S2C_MSIL2A_20260920T102721_N0512_R108_T33UVB_20260920T155512,L2A,S2C_MSIL2A_20260920T102721_N0512_R108_T33UVB_20260920T155512.SAFE,S2C,2026-09-20T10:27:21Z,2026-09-20,2026,T33UVB,108,N0512,2026-09-20T15:55:12Z,S2C_MSIL2A_20260920T102721_N0512_R108_T33UVB_20260920T155512.SAFE,,True,25,31,2,3,2,2,inventoried
