analysis_classification,outer_test_year,method,date,year,CHLF,s2_openwater_reference_candidate,common_support_segment_id,prediction,selected_p_seapar,reconstruction_status,reconstruction_failure_reason
secondary_sensitivity_double_logistic_seasonal_parameter,2019,timesat_double_logistic_cv_seapar,2019-04-17,2019,4.8965100000000001,True,2019_segment_1,3.582953929901123,0,ok,
secondary_sensitivity_double_logistic_seasonal_parameter,2019,timesat_double_logistic_cv_seapar,2019-04-18,2019,6.3200000000000003,False,2019_segment_1,3.5355081558227539,0,ok,
secondary_sensitivity_double_logistic_seasonal_parameter,2019,timesat_double_logistic_cv_seapar,2019-04-19,2019,4.9500000000000002,False,2019_segment_1,3.4879329204559326,0,ok,
secondary_sensitivity_double_logistic_seasonal_parameter,2019,timesat_double_logistic_cv_seapar,2019-04-20,2019,4.0700000000000003,False,2019_segment_1,3.4402682781219482,0,ok,
secondary_sensitivity_double_logistic_seasonal_parameter,2019,timesat_double_logistic_cv_seapar,2019-04-21,2019,4.0899999999999999,False,2019_segment_1,3.392554759979248,0,ok,
secondary_sensitivity_double_logistic_seasonal_parameter,2019,timesat_double_logistic_cv_seapar,2019-04-22,2019,3.9399999999999999,True,2019_segment_1,3.3448317050933838,0,ok,
secondary_sensitivity_double_logistic_seasonal_parameter,2019,timesat_double_logistic_cv_seapar,2019-04-23,2019,4.4000000000000004,False,2019_segment_1,3.2971389293670654,0,ok,
secondary_sensitivity_double_logistic_seasonal_parameter,2019,timesat_double_logistic_cv_seapar,2019-04-24,2019,1.9497,True,2019_segment_1,3.2495157718658447,0,ok,
secondary_sensitivity_double_logistic_seasonal_parameter,2019,timesat_double_logistic_cv_seapar,2019-04-25,2019,2.1053500000000001,False,2019_segment_1,3.2020008563995361,0,ok,
secondary_sensitivity_double_logistic_seasonal_parameter,2019,timesat_double_logistic_cv_seapar,2019-04-26,2019,2.5600100000000001,False,2019_segment_1,3.1546323299407959,0,ok,
secondary_sensitivity_double_logistic_seasonal_parameter,2019,timesat_double_logistic_cv_seapar,2019-04-27,2019,2.29786,True,2019_segment_1,3.1074483394622803,0,ok,
secondary_sensitivity_double_logistic_seasonal_parameter,2019,timesat_double_logistic_cv_seapar,2019-04-28,2019,2.7156500000000001,False,2019_segment_1,3.0604856014251709,0,ok,
secondary_sensitivity_double_logistic_seasonal_parameter,2019,timesat_double_logistic_cv_seapar,2019-04-29,2019,2.8999700000000002,True,2019_segment_1,3.0137808322906494,0,ok,
secondary_sensitivity_double_logistic_seasonal_parameter,2019,timesat_double_logistic_cv_seapar,2019-04-30,2019,1.86066,False,2019_segment_1,2.9673700332641602,0,ok,
secondary_sensitivity_double_logistic_seasonal_parameter,2019,timesat_double_logistic_cv_seapar,2019-05-01,2019,1.9510099999999999,False,2019_segment_1,2.9212877750396729,0,ok,
secondary_sensitivity_double_logistic_seasonal_parameter,2019,timesat_double_logistic_cv_seapar,2019-05-02,2019,1.7898499999999999,False,2019_segment_1,2.8755686283111572,0,ok,
secondary_sensitivity_double_logistic_seasonal_parameter,2019,timesat_double_logistic_cv_seapar,2019-05-03,2019,1.63357,False,2019_segment_1,2.8302457332611084,0,ok,
secondary_sensitivity_double_logistic_seasonal_parameter,2019,timesat_double_logistic_cv_seapar,2019-05-04,2019,1.5651999999999999,False,2019_segment_1,2.7853517532348633,0,ok,
secondary_sensitivity_double_logistic_seasonal_parameter,2019,timesat_double_logistic_cv_seapar,2019-05-05,2019,1.5090399999999999,False,2019_segment_1,2.7409186363220215,0,ok,
secondary_sensitivity_double_logistic_seasonal_parameter,2019,timesat_double_logistic_cv_seapar,2019-05-06,2019,1.4016,False,2019_segment_1,2.696976900100708,0,ok,
secondary_sensitivity_double_logistic_seasonal_parameter,2019,timesat_double_logistic_cv_seapar,2019-05-07,2019,1.9534499999999999,False,2019_segment_1,2.6535565853118896,0,ok,
secondary_sensitivity_double_logistic_seasonal_parameter,2019,timesat_double_logistic_cv_seapar,2019-05-08,2019,1.78077,False,2019_segment_1,2.6106867790222168,0,ok,
secondary_sensitivity_double_logistic_seasonal_parameter,2019,timesat_double_logistic_cv_seapar,2019-05-09,2019,1.83473,False,2019_segment_1,2.5683953762054443,0,ok,
secondary_sensitivity_double_logistic_seasonal_parameter,2019,timesat_double_logistic_cv_seapar,2019-05-10,2019,1.8851,False,2019_segment_1,2.526710033416748,0,ok,
secondary_sensitivity_double_logistic_seasonal_parameter,2019,timesat_double_logistic_cv_seapar,2019-05-11,2019,1.9822299999999999,False,2019_segment_1,2.4856572151184082,0,ok,
secondary_sensitivity_double_logistic_seasonal_parameter,2019,timesat_double_logistic_cv_seapar,2019-05-12,2019,1.8275399999999999,False,2019_segment_1,2.4452626705169678,0,ok,
secondary_sensitivity_double_logistic_seasonal_parameter,2019,timesat_double_logistic_cv_seapar,2019-05-13,2019,1.88869,False,2019_segment_1,2.4055509567260742,0,ok,
secondary_sensitivity_double_logistic_seasonal_parameter,2019,timesat_double_logistic_cv_seapar,2019-05-14,2019,2.04339,False,2019_segment_1,2.366546630859375,0,ok,
secondary_sensitivity_double_logistic_seasonal_parameter,2019,timesat_double_logistic_cv_seapar,2019-05-15,2019,2.25204,False,2019_segment_1,2.3282732963562012,0,ok,
secondary_sensitivity_double_logistic_seasonal_parameter,2019,timesat_double_logistic_cv_seapar,2019-05-16,2019,2.39235,False,2019_segment_1,2.2907540798187256,0,ok,
secondary_sensitivity_double_logistic_seasonal_parameter,2019,timesat_double_logistic_cv_seapar,2019-05-17,2019,2.24125,True,2019_segment_1,2.2540111541748047,0,ok,
secondary_sensitivity_double_logistic_seasonal_parameter,2019,timesat_double_logistic_cv_seapar,2019-05-18,2019,2.0182099999999998,False,2019_segment_1,2.218066930770874,0,ok,
secondary_sensitivity_double_logistic_seasonal_parameter,2019,timesat_double_logistic_cv_seapar,2019-05-19,2019,1.8203400000000001,False,2019_segment_1,2.1829431056976318,0,ok,
secondary_sensitivity_double_logistic_seasonal_parameter,2019,timesat_double_logistic_cv_seapar,2019-05-20,2019,1.6404700000000001,False,2019_segment_1,2.1486613750457764,0,ok,
secondary_sensitivity_double_logistic_seasonal_parameter,2019,timesat_double_logistic_cv_seapar,2019-05-21,2019,1.46394,False,2019_segment_1,2.1152431964874268,0,ok,
secondary_sensitivity_double_logistic_seasonal_parameter,2019,timesat_double_logistic_cv_seapar,2019-05-22,2019,1.2332099999999999,False,2019_segment_1,2.0827102661132812,0,ok,
secondary_sensitivity_double_logistic_seasonal_parameter,2019,timesat_double_logistic_cv_seapar,2019-05-23,2019,0.78368499999999996,False,2019_segment_1,2.0510845184326172,0,ok,
secondary_sensitivity_double_logistic_seasonal_parameter,2019,timesat_double_logistic_cv_seapar,2019-05-24,2019,0.62456100000000003,False,2019_segment_1,2.0203876495361328,0,ok,
secondary_sensitivity_double_logistic_seasonal_parameter,2019,timesat_double_logistic_cv_seapar,2019-05-25,2019,0.77175099999999996,False,2019_segment_1,1.990642786026001,0,ok,
secondary_sensitivity_double_logistic_seasonal_parameter,2019,timesat_double_logistic_cv_seapar,2019-05-26,2019,0.81550999999999996,False,2019_segment_1,1.9618731737136841,0,ok,
secondary_sensitivity_double_logistic_seasonal_parameter,2019,timesat_double_logistic_cv_seapar,2019-05-27,2019,0.80755399999999999,False,2019_segment_1,1.93410325050354,0,ok,
secondary_sensitivity_double_logistic_seasonal_parameter,2019,timesat_double_logistic_cv_seapar,2019-05-28,2019,1.3580099999999999,False,2019_segment_1,1.9073585271835327,0,ok,
secondary_sensitivity_double_logistic_seasonal_parameter,2019,timesat_double_logistic_cv_seapar,2019-05-29,2019,1.14049,True,2019_segment_1,1.881665825843811,0,ok,
secondary_sensitivity_double_logistic_seasonal_parameter,2019,timesat_double_logistic_cv_seapar,2019-05-30,2019,1.24631,False,2019_segment_1,1.8570537567138672,0,ok,
secondary_sensitivity_double_logistic_seasonal_parameter,2019,timesat_double_logistic_cv_seapar,2019-05-31,2019,1.1992799999999999,False,2019_segment_1,1.8335527181625366,0,ok,
secondary_sensitivity_double_logistic_seasonal_parameter,2019,timesat_double_logistic_cv_seapar,2019-06-01,2019,1.3580099999999999,False,2019_segment_1,1.8111956119537354,0,ok,
secondary_sensitivity_double_logistic_seasonal_parameter,2019,timesat_double_logistic_cv_seapar,2019-06-02,2019,1.3697699999999999,False,2019_segment_1,1.7900176048278809,0,ok,
secondary_sensitivity_double_logistic_seasonal_parameter,2019,timesat_double_logistic_cv_seapar,2019-06-03,2019,1.62256,False,2019_segment_1,1.7700569629669189,0,ok,
secondary_sensitivity_double_logistic_seasonal_parameter,2019,timesat_double_logistic_cv_seapar,2019-06-04,2019,1.75545,False,2019_segment_1,1.7513551712036133,0,ok,
secondary_sensitivity_double_logistic_seasonal_parameter,2019,timesat_double_logistic_cv_seapar,2019-06-05,2019,1.4982800000000001,False,2019_segment_1,1.7339575290679932,0,ok,
secondary_sensitivity_double_logistic_seasonal_parameter,2019,timesat_double_logistic_cv_seapar,2019-06-06,2019,1.5709599999999999,True,2019_segment_1,1.7179136276245117,0,ok,
secondary_sensitivity_double_logistic_seasonal_parameter,2019,timesat_double_logistic_cv_seapar,2019-06-07,2019,2.22506,False,2019_segment_1,1.7032774686813354,0,ok,
secondary_sensitivity_double_logistic_seasonal_parameter,2019,timesat_double_logistic_cv_seapar,2019-06-08,2019,1.4647399999999999,True,2019_segment_1,1.6901085376739502,0,ok,
secondary_sensitivity_double_logistic_seasonal_parameter,2019,timesat_double_logistic_cv_seapar,2019-06-09,2019,1.0398499999999999,False,2019_segment_1,1.6784718036651611,0,ok,
secondary_sensitivity_double_logistic_seasonal_parameter,2019,timesat_double_logistic_cv_seapar,2019-06-10,2019,1.0566199999999999,False,2019_segment_1,1.6684387922286987,0,ok,
secondary_sensitivity_double_logistic_seasonal_parameter,2019,timesat_double_logistic_cv_seapar,2019-06-11,2019,1.1684399999999999,False,2019_segment_1,1.6600884199142456,0,ok,
secondary_sensitivity_double_logistic_seasonal_parameter,2019,timesat_double_logistic_cv_seapar,2019-06-12,2019,1.6633800000000001,False,2019_segment_1,1.6535067558288574,0,ok,
secondary_sensitivity_double_logistic_seasonal_parameter,2019,timesat_double_logistic_cv_seapar,2019-06-13,2019,1.5412999999999999,False,2019_segment_1,1.6487891674041748,0,ok,
secondary_sensitivity_double_logistic_seasonal_parameter,2019,timesat_double_logistic_cv_seapar,2019-06-14,2019,1.3581700000000001,False,2019_segment_1,1.6460399627685547,0,ok,
secondary_sensitivity_double_logistic_seasonal_parameter,2019,timesat_double_logistic_cv_seapar,2019-06-15,2019,1.6633800000000001,False,2019_segment_1,1.645374059677124,0,ok,
secondary_sensitivity_double_logistic_seasonal_parameter,2019,timesat_double_logistic_cv_seapar,2019-06-16,2019,1.32002,False,2019_segment_1,1.6469178199768066,0,ok,
secondary_sensitivity_double_logistic_seasonal_parameter,2019,timesat_double_logistic_cv_seapar,2019-06-17,2019,1.7244200000000001,False,2019_segment_1,1.6508097648620605,0,ok,
secondary_sensitivity_double_logistic_seasonal_parameter,2019,timesat_double_logistic_cv_seapar,2019-06-18,2019,3.2976000000000001,True,2019_segment_1,1.6572026014328003,0,ok,
secondary_sensitivity_double_logistic_seasonal_parameter,2019,timesat_double_logistic_cv_seapar,2019-06-19,2019,3.1624500000000002,False,2019_segment_1,1.6662633419036865,0,ok,
secondary_sensitivity_double_logistic_seasonal_parameter,2019,timesat_double_logistic_cv_seapar,2019-06-20,2019,3.06785,False,2019_segment_1,1.678175687789917,0,ok,
secondary_sensitivity_double_logistic_seasonal_parameter,2019,timesat_double_logistic_cv_seapar,2019-06-21,2019,2.59483,False,2019_segment_1,1.6931408643722534,0,ok,
secondary_sensitivity_double_logistic_seasonal_parameter,2019,timesat_double_logistic_cv_seapar,2019-06-22,2019,2.5678000000000001,False,2019_segment_1,1.7113794088363647,0,ok,
secondary_sensitivity_double_logistic_seasonal_parameter,2019,timesat_double_logistic_cv_seapar,2019-06-23,2019,3.0813600000000001,False,2019_segment_1,1.73313307762146,0,ok,
secondary_sensitivity_double_logistic_seasonal_parameter,2019,timesat_double_logistic_cv_seapar,2019-06-24,2019,2.5542899999999999,False,2019_segment_1,1.7586660385131836,0,ok,
secondary_sensitivity_double_logistic_seasonal_parameter,2019,timesat_double_logistic_cv_seapar,2019-06-25,2019,2.7935099999999999,False,2019_segment_1,1.7882677316665649,0,ok,
secondary_sensitivity_double_logistic_seasonal_parameter,2019,timesat_double_logistic_cv_seapar,2019-06-26,2019,2.4182600000000001,False,2019_segment_1,1.8222540616989136,0,ok,
secondary_sensitivity_double_logistic_seasonal_parameter,2019,timesat_double_logistic_cv_seapar,2019-06-27,2019,2.4391099999999999,False,2019_segment_1,1.8609700202941895,0,ok,
secondary_sensitivity_double_logistic_seasonal_parameter,2019,timesat_double_logistic_cv_seapar,2019-06-28,2019,1.8970899999999999,True,2019_segment_1,1.9047921895980835,0,ok,
secondary_sensitivity_double_logistic_seasonal_parameter,2019,timesat_double_logistic_cv_seapar,2019-06-29,2019,3.4085000000000001,False,2019_segment_1,1.954131007194519,0,ok,
secondary_sensitivity_double_logistic_seasonal_parameter,2019,timesat_double_logistic_cv_seapar,2019-06-30,2019,3.4918900000000002,False,2019_segment_1,2.0094332695007324,0,ok,
secondary_sensitivity_double_logistic_seasonal_parameter,2019,timesat_double_logistic_cv_seapar,2019-07-01,2019,8.6063299999999998,False,2019_segment_1,2.0711851119995117,0,ok,
secondary_sensitivity_double_logistic_seasonal_parameter,2019,timesat_double_logistic_cv_seapar,2019-07-02,2019,2.47038,False,2019_segment_1,2.1399147510528564,0,ok,
secondary_sensitivity_double_logistic_seasonal_parameter,2019,timesat_double_logistic_cv_seapar,2019-07-03,2019,10.0777,False,2019_segment_1,2.2161955833435059,0,ok,
secondary_sensitivity_double_logistic_seasonal_parameter,2019,timesat_double_logistic_cv_seapar,2019-07-04,2019,9.5450999999999997,False,2019_segment_1,2.3006491661071777,0,ok,
secondary_sensitivity_double_logistic_seasonal_parameter,2019,timesat_double_logistic_cv_seapar,2019-07-05,2019,8.0293600000000005,False,2019_segment_1,2.3939478397369385,0,ok,
secondary_sensitivity_double_logistic_seasonal_parameter,2019,timesat_double_logistic_cv_seapar,2019-07-06,2019,8.3570799999999998,False,2019_segment_1,2.4968185424804688,0,ok,
secondary_sensitivity_double_logistic_seasonal_parameter,2019,timesat_double_logistic_cv_seapar,2019-07-07,2019,7.6196900000000003,False,2019_segment_1,2.6100459098815918,0,ok,
secondary_sensitivity_double_logistic_seasonal_parameter,2019,timesat_double_logistic_cv_seapar,2019-07-08,2019,9.1354399999999991,False,2019_segment_1,2.7344739437103271,0,ok,
secondary_sensitivity_double_logistic_seasonal_parameter,2019,timesat_double_logistic_cv_seapar,2019-07-09,2019,4.6271699999999996,False,2019_segment_1,2.8710110187530518,0,ok,
secondary_sensitivity_double_logistic_seasonal_parameter,2019,timesat_double_logistic_cv_seapar,2019-07-10,2019,4.3254000000000001,False,2019_segment_1,3.0206298828125,0,ok,
secondary_sensitivity_double_logistic_seasonal_parameter,2019,timesat_double_logistic_cv_seapar,2019-07-11,2019,5.7940199999999997,True,2019_segment_1,3.1843719482421875,0,ok,
secondary_sensitivity_double_logistic_seasonal_parameter,2019,timesat_double_logistic_cv_seapar,2019-07-12,2019,6.6188599999999997,False,2019_segment_1,3.363347053527832,0,ok,
secondary_sensitivity_double_logistic_seasonal_parameter,2019,timesat_double_logistic_cv_seapar,2019-07-13,2019,6.8602800000000004,False,2019_segment_1,3.5587358474731445,0,ok,
secondary_sensitivity_double_logistic_seasonal_parameter,2019,timesat_double_logistic_cv_seapar,2019-07-14,2019,8.1076099999999993,False,2019_segment_1,3.7717885971069336,0,ok,
secondary_sensitivity_double_logistic_seasonal_parameter,2019,timesat_double_logistic_cv_seapar,2019-07-15,2019,9.3750499999999999,False,2019_segment_1,4.0038247108459473,0,ok,
secondary_sensitivity_double_logistic_seasonal_parameter,2019,timesat_double_logistic_cv_seapar,2019-07-16,2019,5.4650699999999999,False,2019_segment_1,4.2562289237976074,0,ok,
secondary_sensitivity_double_logistic_seasonal_parameter,2019,timesat_double_logistic_cv_seapar,2019-07-17,2019,6.5002399999999998,False,2019_segment_1,4.5304484367370605,0,ok,
secondary_sensitivity_double_logistic_seasonal_parameter,2019,timesat_double_logistic_cv_seapar,2019-07-18,2019,6.3632299999999997,True,2019_segment_1,4.8279852867126465,0,ok,
secondary_sensitivity_double_logistic_seasonal_parameter,2019,timesat_double_logistic_cv_seapar,2019-07-19,2019,6.1348799999999999,False,2019_segment_1,5.1503872871398926,0,ok,
secondary_sensitivity_double_logistic_seasonal_parameter,2019,timesat_double_logistic_cv_seapar,2019-07-20,2019,6.5002399999999998,False,2019_segment_1,5.4992351531982422,0,ok,
secondary_sensitivity_double_logistic_seasonal_parameter,2019,timesat_double_logistic_cv_seapar,2019-07-21,2019,6.7894699999999997,False,2019_segment_1,5.8761277198791504,0,ok,
secondary_sensitivity_double_logistic_seasonal_parameter,2019,timesat_double_logistic_cv_seapar,2019-07-22,2019,7.9532100000000003,False,2019_segment_1,6.2826619148254395,0,ok,
secondary_sensitivity_double_logistic_seasonal_parameter,2019,timesat_double_logistic_cv_seapar,2019-07-23,2019,8.6321399999999997,True,2019_segment_1,6.7204065322875977,0,ok,
secondary_sensitivity_double_logistic_seasonal_parameter,2019,timesat_double_logistic_cv_seapar,2019-07-24,2019,5.8679199999999998,False,2019_segment_1,7.1908736228942871,0,ok,
secondary_sensitivity_double_logistic_seasonal_parameter,2019,timesat_double_logistic_cv_seapar,2019-07-25,2019,6.5225999999999997,False,2019_segment_1,7.6954803466796875,0,ok,
secondary_sensitivity_double_logistic_seasonal_parameter,2019,timesat_double_logistic_cv_seapar,2019-07-26,2019,9.5777999999999999,True,2019_segment_1,8.235508918762207,0,ok,
secondary_sensitivity_double_logistic_seasonal_parameter,2019,timesat_double_logistic_cv_seapar,2019-07-27,2019,5.4072100000000001,False,2019_segment_1,8.8120527267456055,0,ok,
secondary_sensitivity_double_logistic_seasonal_parameter,2019,timesat_double_logistic_cv_seapar,2019-07-28,2019,7.0803000000000003,True,2019_segment_1,9.4259634017944336,0,ok,
secondary_sensitivity_double_logistic_seasonal_parameter,2019,timesat_double_logistic_cv_seapar,2019-07-29,2019,6.6195899999999996,False,2019_segment_1,10.077778816223145,0,ok,
secondary_sensitivity_double_logistic_seasonal_parameter,2019,timesat_double_logistic_cv_seapar,2019-07-30,2019,8.2439999999999998,False,2019_segment_1,10.767659187316895,0,ok,
secondary_sensitivity_double_logistic_seasonal_parameter,2019,timesat_double_logistic_cv_seapar,2019-07-31,2019,8.1256699999999995,False,2019_segment_1,11.495297431945801,0,ok,
secondary_sensitivity_double_logistic_seasonal_parameter,2019,timesat_double_logistic_cv_seapar,2019-08-01,2019,9.2301199999999994,False,2019_segment_1,12.259839057922363,0,ok,
secondary_sensitivity_double_logistic_seasonal_parameter,2019,timesat_double_logistic_cv_seapar,2019-08-02,2019,9.5456800000000008,True,2019_segment_1,13.059788703918457,0,ok,
secondary_sensitivity_double_logistic_seasonal_parameter,2019,timesat_double_logistic_cv_seapar,2019-08-03,2019,12.346299999999999,False,2019_segment_1,13.892916679382324,0,ok,
secondary_sensitivity_double_logistic_seasonal_parameter,2019,timesat_double_logistic_cv_seapar,2019-08-04,2019,11.517899999999999,False,2019_segment_1,14.756163597106934,0,ok,
secondary_sensitivity_double_logistic_seasonal_parameter,2019,timesat_double_logistic_cv_seapar,2019-08-05,2019,16.251300000000001,True,2019_segment_1,15.645557403564453,0,ok,
secondary_sensitivity_double_logistic_seasonal_parameter,2019,timesat_double_logistic_cv_seapar,2019-08-06,2019,25.572099999999999,False,2019_segment_1,16.556129455566406,0,ok,
secondary_sensitivity_double_logistic_seasonal_parameter,2019,timesat_double_logistic_cv_seapar,2019-08-07,2019,22.127300000000002,True,2019_segment_1,17.481847763061523,0,ok,
secondary_sensitivity_double_logistic_seasonal_parameter,2019,timesat_double_logistic_cv_seapar,2019-08-08,2019,18.651499999999999,False,2019_segment_1,18.415580749511719,0,ok,
secondary_sensitivity_double_logistic_seasonal_parameter,2019,timesat_double_logistic_cv_seapar,2019-08-09,2019,18.7135,False,2019_segment_1,19.349084854125977,0,ok,
secondary_sensitivity_double_logistic_seasonal_parameter,2019,timesat_double_logistic_cv_seapar,2019-08-10,2019,22.4376,False,2019_segment_1,20.273019790649414,0,ok,
secondary_sensitivity_double_logistic_seasonal_parameter,2019,timesat_double_logistic_cv_seapar,2019-08-11,2019,12.413600000000001,False,2019_segment_1,21.177019119262695,0,ok,
secondary_sensitivity_double_logistic_seasonal_parameter,2019,timesat_double_logistic_cv_seapar,2019-08-12,2019,13.4998,False,2019_segment_1,22.0498046875,0,ok,
secondary_sensitivity_double_logistic_seasonal_parameter,2019,timesat_double_logistic_cv_seapar,2019-08-13,2019,30.182500000000001,False,2019_segment_1,22.879367828369141,0,ok,
secondary_sensitivity_double_logistic_seasonal_parameter,2019,timesat_double_logistic_cv_seapar,2019-08-14,2019,25.755700000000001,False,2019_segment_1,23.653177261352539,0,ok,
secondary_sensitivity_double_logistic_seasonal_parameter,2019,timesat_double_logistic_cv_seapar,2019-08-15,2019,46.883499999999998,False,2019_segment_1,24.358486175537109,0,ok,
secondary_sensitivity_double_logistic_seasonal_parameter,2019,timesat_double_logistic_cv_seapar,2019-08-16,2019,24.910599999999999,False,2019_segment_1,24.982646942138672,0,ok,
secondary_sensitivity_double_logistic_seasonal_parameter,2019,timesat_double_logistic_cv_seapar,2019-08-17,2019,39.961599999999997,False,2019_segment_1,25.513504028320312,0,ok,
secondary_sensitivity_double_logistic_seasonal_parameter,2019,timesat_double_logistic_cv_seapar,2019-08-18,2019,27.647200000000002,False,2019_segment_1,25.939792633056641,0,ok,
secondary_sensitivity_double_logistic_seasonal_parameter,2019,timesat_double_logistic_cv_seapar,2019-08-19,2019,35.575099999999999,False,2019_segment_1,26.251556396484375,0,ok,
secondary_sensitivity_double_logistic_seasonal_parameter,2019,timesat_double_logistic_cv_seapar,2019-08-20,2019,19.279399999999999,False,2019_segment_1,26.440553665161133,0,ok,
secondary_sensitivity_double_logistic_seasonal_parameter,2019,timesat_double_logistic_cv_seapar,2019-08-21,2019,37.045400000000001,False,2019_segment_1,26.500631332397461,0,ok,
secondary_sensitivity_double_logistic_seasonal_parameter,2019,timesat_double_logistic_cv_seapar,2019-08-22,2019,25.7562,True,2019_segment_1,26.428028106689453,0,ok,
secondary_sensitivity_double_logistic_seasonal_parameter,2019,timesat_double_logistic_cv_seapar,2019-08-23,2019,41.676099999999998,False,2019_segment_1,26.221609115600586,0,ok,
secondary_sensitivity_double_logistic_seasonal_parameter,2019,timesat_double_logistic_cv_seapar,2019-08-24,2019,33.353000000000002,False,2019_segment_1,25.882991790771484,0,ok,
secondary_sensitivity_double_logistic_seasonal_parameter,2019,timesat_double_logistic_cv_seapar,2019-08-25,2019,29.236799999999999,True,2019_segment_1,25.416561126708984,0,ok,
secondary_sensitivity_double_logistic_seasonal_parameter,2019,timesat_double_logistic_cv_seapar,2019-08-26,2019,60.8949,False,2019_segment_1,24.829362869262695,0,ok,
secondary_sensitivity_double_logistic_seasonal_parameter,2019,timesat_double_logistic_cv_seapar,2019-08-27,2019,20.134,True,2019_segment_1,24.130880355834961,0,ok,
secondary_sensitivity_double_logistic_seasonal_parameter,2019,timesat_double_logistic_cv_seapar,2019-08-28,2019,58.387900000000002,False,2019_segment_1,23.332712173461914,0,ok,
secondary_sensitivity_double_logistic_seasonal_parameter,2019,timesat_double_logistic_cv_seapar,2019-08-29,2019,58.5319,False,2019_segment_1,22.448158264160156,0,ok,
secondary_sensitivity_double_logistic_seasonal_parameter,2019,timesat_double_logistic_cv_seapar,2019-08-30,2019,58.675800000000002,False,2019_segment_1,21.49174690246582,0,ok,
secondary_sensitivity_double_logistic_seasonal_parameter,2019,timesat_double_logistic_cv_seapar,2019-08-31,2019,25.717099999999999,False,2019_segment_1,20.478738784790039,0,ok,
secondary_sensitivity_double_logistic_seasonal_parameter,2019,timesat_double_logistic_cv_seapar,2019-09-01,2019,18.253699999999998,True,2019_segment_1,19.424619674682617,0,ok,
secondary_sensitivity_double_logistic_seasonal_parameter,2019,timesat_double_logistic_cv_seapar,2019-09-02,2019,10.6745,False,2019_segment_1,18.344621658325195,0,ok,
secondary_sensitivity_double_logistic_seasonal_parameter,2019,timesat_double_logistic_cv_seapar,2019-09-03,2019,20.482399999999998,False,2019_segment_1,17.253301620483398,0,ok,
secondary_sensitivity_double_logistic_seasonal_parameter,2019,timesat_double_logistic_cv_seapar,2019-09-04,2019,16.172999999999998,True,2019_segment_1,16.164178848266602,0,ok,
secondary_sensitivity_double_logistic_seasonal_parameter,2019,timesat_double_logistic_cv_seapar,2019-09-05,2019,44.1081,False,2019_segment_1,15.089459419250488,0,ok,
secondary_sensitivity_double_logistic_seasonal_parameter,2019,timesat_double_logistic_cv_seapar,2019-09-06,2019,12.902900000000001,True,2019_segment_1,14.039835929870605,0,ok,
secondary_sensitivity_double_logistic_seasonal_parameter,2019,timesat_double_logistic_cv_seapar,2019-09-07,2019,24.8171,False,2019_segment_1,13.024378776550293,0,ok,
secondary_sensitivity_double_logistic_seasonal_parameter,2019,timesat_double_logistic_cv_seapar,2019-09-08,2019,11.026999999999999,False,2019_segment_1,12.050500869750977,0,ok,
secondary_sensitivity_double_logistic_seasonal_parameter,2019,timesat_double_logistic_cv_seapar,2019-09-09,2019,10.165100000000001,False,2019_segment_1,11.123984336853027,0,ok,
secondary_sensitivity_double_logistic_seasonal_parameter,2019,timesat_double_logistic_cv_seapar,2019-09-10,2019,7.6478400000000004,False,2019_segment_1,10.249064445495605,0,ok,
secondary_sensitivity_double_logistic_seasonal_parameter,2019,timesat_double_logistic_cv_seapar,2019-09-11,2019,5.1599899999999996,False,2019_segment_1,9.4285507202148438,0,ok,
secondary_sensitivity_double_logistic_seasonal_parameter,2019,timesat_double_logistic_cv_seapar,2019-09-12,2019,6.6711299999999998,False,2019_segment_1,8.6639814376831055,0,ok,
secondary_sensitivity_double_logistic_seasonal_parameter,2019,timesat_double_logistic_cv_seapar,2019-09-13,2019,5.2336999999999998,False,2019_segment_1,7.9557857513427734,0,ok,
secondary_sensitivity_double_logistic_seasonal_parameter,2019,timesat_double_logistic_cv_seapar,2019-09-14,2019,7.0581300000000002,False,2019_segment_1,7.3034572601318359,0,ok,
secondary_sensitivity_double_logistic_seasonal_parameter,2019,timesat_double_logistic_cv_seapar,2019-09-15,2019,6.4131299999999998,False,2019_segment_1,6.705721378326416,0,ok,
secondary_sensitivity_double_logistic_seasonal_parameter,2019,timesat_double_logistic_cv_seapar,2019-09-16,2019,6.0998400000000004,False,2019_segment_1,6.1606960296630859,0,ok,
secondary_sensitivity_double_logistic_seasonal_parameter,2019,timesat_double_logistic_cv_seapar,2019-09-17,2019,16.944500000000001,False,2019_segment_1,5.6660361289978027,0,ok,
secondary_sensitivity_double_logistic_seasonal_parameter,2019,timesat_double_logistic_cv_seapar,2019-09-18,2019,17.962199999999999,False,2019_segment_1,5.2190656661987305,0,ok,
secondary_sensitivity_double_logistic_seasonal_parameter,2019,timesat_double_logistic_cv_seapar,2019-09-19,2019,20.7608,False,2019_segment_1,4.8168907165527344,0,ok,
secondary_sensitivity_double_logistic_seasonal_parameter,2019,timesat_double_logistic_cv_seapar,2019-09-20,2019,19.844899999999999,False,2019_segment_1,4.4564962387084961,0,ok,
secondary_sensitivity_double_logistic_seasonal_parameter,2019,timesat_double_logistic_cv_seapar,2019-09-21,2019,19.081600000000002,False,2019_segment_1,4.1348223686218262,0,ok,
secondary_sensitivity_double_logistic_seasonal_parameter,2019,timesat_double_logistic_cv_seapar,2019-09-22,2019,27.782800000000002,False,2019_segment_1,3.8488326072692871,0,ok,
secondary_sensitivity_double_logistic_seasonal_parameter,2019,timesat_double_logistic_cv_seapar,2019-09-23,2019,21.524100000000001,False,2019_segment_1,3.5955610275268555,0,ok,
secondary_sensitivity_double_logistic_seasonal_parameter,2019,timesat_double_logistic_cv_seapar,2019-09-24,2019,11.264699999999999,False,2019_segment_1,3.3721516132354736,0,ok,
secondary_sensitivity_double_logistic_seasonal_parameter,2019,timesat_double_logistic_cv_seapar,2019-09-25,2019,1.7599199999999999,False,2019_segment_1,3.1758840084075928,0,ok,
secondary_sensitivity_double_logistic_seasonal_parameter,2019,timesat_double_logistic_cv_seapar,2019-09-26,2019,0.95194400000000001,True,2019_segment_1,3.0041935443878174,0,ok,
secondary_sensitivity_double_logistic_seasonal_parameter,2019,timesat_double_logistic_cv_seapar,2019-09-27,2019,1.05772,False,2019_segment_1,2.8546814918518066,0,ok,
secondary_sensitivity_double_logistic_seasonal_parameter,2019,timesat_double_logistic_cv_seapar,2019-09-28,2019,1.0018899999999999,False,2019_segment_1,2.725121021270752,0,ok,
secondary_sensitivity_double_logistic_seasonal_parameter,2019,timesat_double_logistic_cv_seapar,2019-09-29,2019,1.2633799999999999,False,2019_segment_1,2.6134567260742188,0,ok,
secondary_sensitivity_double_logistic_seasonal_parameter,2019,timesat_double_logistic_cv_seapar,2019-09-30,2019,2.5561500000000001,False,2019_segment_1,2.5178036689758301,0,ok,
secondary_sensitivity_double_logistic_seasonal_parameter,2019,timesat_double_logistic_cv_seapar,2019-10-01,2019,1.1282300000000001,True,2019_segment_1,2.4364399909973145,0,ok,
secondary_sensitivity_double_logistic_seasonal_parameter,2019,timesat_double_logistic_cv_seapar,2019-10-02,2019,1.1282300000000001,False,2019_segment_1,2.3678004741668701,0,ok,
secondary_sensitivity_double_logistic_seasonal_parameter,2019,timesat_double_logistic_cv_seapar,2019-10-03,2019,1.0488999999999999,False,2019_segment_1,2.3104681968688965,0,ok,
secondary_sensitivity_double_logistic_seasonal_parameter,2019,timesat_double_logistic_cv_seapar,2019-10-04,2019,2.6580499999999998,True,2019_segment_1,2.2631640434265137,0,ok,
secondary_sensitivity_double_logistic_seasonal_parameter,2019,timesat_double_logistic_cv_seapar,2019-10-05,2019,1.04009,False,2019_segment_1,2.2247383594512939,0,ok,
secondary_sensitivity_double_logistic_seasonal_parameter,2019,timesat_double_logistic_cv_seapar,2019-10-06,2019,1.2839499999999999,False,2019_segment_1,2.1941592693328857,0,ok,
secondary_sensitivity_double_logistic_seasonal_parameter,2019,timesat_double_logistic_cv_seapar,2019-10-07,2019,0.86967700000000003,False,2019_segment_1,2.1705043315887451,0,ok,
secondary_sensitivity_double_logistic_seasonal_parameter,2019,timesat_double_logistic_cv_seapar,2019-10-08,2019,0.91668700000000003,False,2019_segment_1,2.1529507637023926,0,ok,
secondary_sensitivity_double_logistic_seasonal_parameter,2019,timesat_double_logistic_cv_seapar,2019-10-09,2019,7.9379099999999996,False,2019_segment_1,2.140765905380249,0,ok,
secondary_sensitivity_double_logistic_seasonal_parameter,2019,timesat_double_logistic_cv_seapar,2019-10-10,2019,6.0206999999999997,False,2019_segment_1,2.1332991123199463,0,ok,
secondary_sensitivity_double_logistic_seasonal_parameter,2019,timesat_double_logistic_cv_seapar,2019-10-11,2019,6.8111300000000004,False,2019_segment_1,2.1299738883972168,0,ok,
secondary_sensitivity_double_logistic_seasonal_parameter,2019,timesat_double_logistic_cv_seapar,2019-10-12,2019,11.507400000000001,False,2019_segment_1,2.1302802562713623,0,ok,
secondary_sensitivity_double_logistic_seasonal_parameter,2019,timesat_double_logistic_cv_seapar,2019-10-13,2019,10.8933,False,2019_segment_1,2.1337676048278809,0,ok,
secondary_sensitivity_double_logistic_seasonal_parameter,2019,timesat_double_logistic_cv_seapar,2019-10-14,2019,7.0129400000000004,False,2019_segment_1,2.1400389671325684,0,ok,
secondary_sensitivity_double_logistic_seasonal_parameter,2019,timesat_double_logistic_cv_seapar,2019-10-15,2019,10.1915,False,2019_segment_1,2.1487452983856201,0,ok,
secondary_sensitivity_double_logistic_seasonal_parameter,2019,timesat_double_logistic_cv_seapar,2019-10-16,2019,5.7852600000000001,False,2019_segment_1,2.1595797538757324,0,ok,
secondary_sensitivity_double_logistic_seasonal_parameter,2019,timesat_double_logistic_cv_seapar,2019-10-17,2019,7.5342900000000004,False,2019_segment_1,2.1722733974456787,0,ok,
secondary_sensitivity_double_logistic_seasonal_parameter,2019,timesat_double_logistic_cv_seapar,2019-10-18,2019,5.2302799999999996,False,2019_segment_1,2.1865906715393066,0,ok,
secondary_sensitivity_double_logistic_seasonal_parameter,2019,timesat_double_logistic_cv_seapar,2019-10-19,2019,6.6261400000000004,True,2019_segment_1,2.2023258209228516,0,ok,
secondary_sensitivity_double_logistic_seasonal_parameter,2019,timesat_double_logistic_cv_seapar,2019-10-20,2019,6.5588699999999998,False,2019_segment_1,2.2192995548248291,0,ok,
secondary_sensitivity_double_logistic_seasonal_parameter,2019,timesat_double_logistic_cv_seapar,2019-10-21,2019,5.8188899999999997,False,2019_segment_1,2.2373549938201904,0,ok,
secondary_sensitivity_double_logistic_seasonal_parameter,2019,timesat_double_logistic_cv_seapar,2019-10-22,2019,3.19095,False,2019_segment_1,2.256356954574585,0,ok,
secondary_sensitivity_double_logistic_seasonal_parameter,2019,timesat_double_logistic_cv_seapar,2019-10-23,2019,3.0886800000000001,False,2019_segment_1,2.2761869430541992,0,ok,
secondary_sensitivity_double_logistic_seasonal_parameter,2019,timesat_double_logistic_cv_seapar,2019-10-24,2019,3.2364999999999999,False,2019_segment_1,2.2967429161071777,0,ok,
secondary_sensitivity_double_logistic_seasonal_parameter,2019,timesat_double_logistic_cv_seapar,2019-10-25,2019,3.7227800000000002,False,2019_segment_1,2.317936897277832,0,ok,
secondary_sensitivity_double_logistic_seasonal_parameter,2019,timesat_double_logistic_cv_seapar,2019-10-26,2019,4.1216400000000002,False,2019_segment_1,2.3396921157836914,0,ok,
secondary_sensitivity_double_logistic_seasonal_parameter,2019,timesat_double_logistic_cv_seapar,2019-10-27,2019,3.3955000000000002,False,2019_segment_1,2.3619434833526611,0,ok,
secondary_sensitivity_double_logistic_seasonal_parameter,2019,timesat_double_logistic_cv_seapar,2019-10-28,2019,3.8148200000000001,False,2019_segment_1,2.3846344947814941,0,ok,
secondary_sensitivity_double_logistic_seasonal_parameter,2019,timesat_double_logistic_cv_seapar,2019-10-29,2019,3.18072,True,2019_segment_1,2.4077167510986328,0,ok,
secondary_sensitivity_double_logistic_seasonal_parameter,2019,timesat_double_logistic_cv_seapar,2019-10-30,2019,3.7432300000000001,False,2019_segment_1,2.4311490058898926,0,ok,
secondary_sensitivity_double_logistic_seasonal_parameter,2019,timesat_double_logistic_cv_seapar,2019-10-31,2019,4.4898300000000004,True,2019_segment_1,2.4548959732055664,0,ok,
secondary_sensitivity_double_logistic_seasonal_parameter,2019,timesat_double_logistic_cv_seapar,2019-11-01,2019,3.1284700000000001,False,2019_segment_1,2.4789280891418457,0,ok,
secondary_sensitivity_double_logistic_seasonal_parameter,2019,timesat_double_logistic_cv_seapar,2019-11-02,2019,3.11496,False,2019_segment_1,2.5032193660736084,0,ok,
secondary_sensitivity_double_logistic_seasonal_parameter,2019,timesat_double_logistic_cv_seapar,2019-11-03,2019,3.1014599999999999,True,2019_segment_1,2.5277485847473145,0,ok,
secondary_sensitivity_double_logistic_seasonal_parameter,2019,timesat_double_logistic_cv_seapar,2019-11-04,2019,3.0879500000000002,False,2019_segment_1,2.5524976253509521,0,ok,
secondary_sensitivity_double_logistic_seasonal_parameter,2019,timesat_double_logistic_cv_seapar,2019-11-05,2019,3.0060899999999999,True,2019_segment_1,2.5774509906768799,0,ok,
secondary_sensitivity_double_logistic_seasonal_parameter,2019,timesat_double_logistic_cv_seapar,2019-11-06,2019,2.9394,False,2019_segment_1,2.6025960445404053,0,ok,
secondary_sensitivity_double_logistic_seasonal_parameter,2019,timesat_double_logistic_cv_seapar,2019-11-07,2019,2.8727,False,2019_segment_1,2.6279218196868896,0,ok,
secondary_sensitivity_double_logistic_seasonal_parameter,2019,timesat_double_logistic_cv_seapar,2019-11-08,2019,2.8060100000000001,False,2019_segment_1,2.6534194946289062,0,ok,
secondary_sensitivity_double_logistic_seasonal_parameter,2019,timesat_double_logistic_cv_seapar,2019-11-09,2019,2.7393100000000001,False,2019_segment_1,2.6790814399719238,0,ok,
secondary_sensitivity_double_logistic_seasonal_parameter,2019,timesat_double_logistic_cv_seapar,2019-11-10,2019,2.6726200000000002,False,2019_segment_1,2.7049012184143066,0,ok,
secondary_sensitivity_double_logistic_seasonal_parameter,2019,timesat_double_logistic_cv_seapar,2019-11-11,2019,2.6059199999999998,False,2019_segment_1,2.7308735847473145,0,ok,
secondary_sensitivity_double_logistic_seasonal_parameter,2019,timesat_double_logistic_cv_seapar,2019-11-12,2019,2.5392299999999999,False,2019_segment_1,2.7569940090179443,0,ok,
secondary_sensitivity_double_logistic_seasonal_parameter,2019,timesat_double_logistic_cv_seapar,2019-11-13,2019,2.4725299999999999,False,2019_segment_1,2.7832586765289307,0,ok,
secondary_sensitivity_double_logistic_seasonal_parameter,2019,timesat_double_logistic_cv_seapar,2019-11-14,2019,2.40584,False,2019_segment_1,2.8096644878387451,0,ok,
secondary_sensitivity_double_logistic_seasonal_parameter,2019,timesat_double_logistic_cv_seapar,2019-11-15,2019,2.3391500000000001,False,2019_segment_1,2.8362083435058594,0,ok,
secondary_sensitivity_double_logistic_seasonal_parameter,2019,timesat_double_logistic_cv_seapar,2019-11-16,2019,2.2724500000000001,False,2019_segment_1,2.8628876209259033,0,ok,
secondary_sensitivity_double_logistic_seasonal_parameter,2019,timesat_double_logistic_cv_seapar,2019-11-17,2019,2.2057600000000002,False,2019_segment_1,2.8896999359130859,0,ok,
secondary_sensitivity_double_logistic_seasonal_parameter,2019,timesat_double_logistic_cv_seapar,2019-11-18,2019,2.1390600000000002,False,2019_segment_1,2.9166429042816162,0,ok,
secondary_sensitivity_double_logistic_seasonal_parameter,2019,timesat_double_logistic_cv_seapar,2019-11-19,2019,2.0723699999999998,False,2019_segment_1,2.9437146186828613,0,ok,
secondary_sensitivity_double_logistic_seasonal_parameter,2019,timesat_double_logistic_cv_seapar,2019-11-20,2019,2.0420099999999999,False,2019_segment_1,2.9709126949310303,0,ok,
secondary_sensitivity_double_logistic_seasonal_parameter,2019,timesat_double_logistic_cv_seapar,2019-11-21,2019,2.0116499999999999,False,2019_segment_1,2.9982352256774902,0,ok,
secondary_sensitivity_double_logistic_seasonal_parameter,2019,timesat_double_logistic_cv_seapar,2019-11-22,2019,1.9812799999999999,False,2019_segment_1,3.025679349899292,0,ok,
secondary_sensitivity_double_logistic_seasonal_parameter,2019,timesat_double_logistic_cv_seapar,2019-11-23,2019,1.95092,False,2019_segment_1,3.0532431602478027,0,ok,
secondary_sensitivity_double_logistic_seasonal_parameter,2019,timesat_double_logistic_cv_seapar,2019-11-24,2019,1.92056,False,2019_segment_1,3.0809237957000732,0,ok,
secondary_sensitivity_double_logistic_seasonal_parameter,2019,timesat_double_logistic_cv_seapar,2019-11-25,2019,1.8902000000000001,False,2019_segment_1,3.1087188720703125,0,ok,
secondary_sensitivity_double_logistic_seasonal_parameter,2019,timesat_double_logistic_cv_seapar,2019-11-26,2019,1.8598399999999999,False,2019_segment_1,3.1366250514984131,0,ok,
secondary_sensitivity_double_logistic_seasonal_parameter,2019,timesat_double_logistic_cv_seapar,2019-11-27,2019,1.82948,False,2019_segment_1,3.1646394729614258,0,ok,
secondary_sensitivity_double_logistic_seasonal_parameter,2019,timesat_double_logistic_cv_seapar,2019-11-28,2019,1.7991200000000001,False,2019_segment_1,3.1927587985992432,0,ok,
secondary_sensitivity_double_logistic_seasonal_parameter,2019,timesat_double_logistic_cv_seapar,2019-11-29,2019,1.76875,False,2019_segment_1,3.2209794521331787,0,ok,
secondary_sensitivity_double_logistic_seasonal_parameter,2019,timesat_double_logistic_cv_seapar,2019-11-30,2019,1.7383900000000001,True,2019_segment_1,3.2492976188659668,0,ok,
secondary_sensitivity_double_logistic_seasonal_parameter,2019,timesat_double_logistic_cv_seapar,2019-12-01,2019,1.7080299999999999,False,2019_segment_1,3.2777090072631836,0,ok,
secondary_sensitivity_double_logistic_seasonal_parameter,2019,timesat_double_logistic_cv_seapar,2019-12-02,2019,1.67767,False,2019_segment_1,3.3062098026275635,0,ok,
secondary_sensitivity_double_logistic_seasonal_parameter,2019,timesat_double_logistic_cv_seapar,2019-12-03,2019,1.6473100000000001,False,2019_segment_1,3.3347949981689453,0,ok,
secondary_sensitivity_double_logistic_seasonal_parameter,2019,timesat_double_logistic_cv_seapar,2019-12-04,2019,1.6169500000000001,False,2019_segment_1,3.3634600639343262,0,ok,
secondary_sensitivity_double_logistic_seasonal_parameter,2019,timesat_double_logistic_cv_seapar,2019-12-05,2019,1.5865899999999999,True,2019_segment_1,3.3921995162963867,0,ok,
secondary_sensitivity_double_logistic_seasonal_parameter,2020,timesat_double_logistic_cv_seapar,2020-01-19,2020,1.17279,True,2020_segment_1,2.2668101787567139,0,ok,
secondary_sensitivity_double_logistic_seasonal_parameter,2020,timesat_double_logistic_cv_seapar,2020-01-20,2020,1.1798999999999999,False,2020_segment_1,2.2319839000701904,0,ok,
secondary_sensitivity_double_logistic_seasonal_parameter,2020,timesat_double_logistic_cv_seapar,2020-01-21,2020,1.1870099999999999,False,2020_segment_1,2.1975400447845459,0,ok,
secondary_sensitivity_double_logistic_seasonal_parameter,2020,timesat_double_logistic_cv_seapar,2020-01-22,2020,1.1941200000000001,False,2020_segment_1,2.1635291576385498,0,ok,
secondary_sensitivity_double_logistic_seasonal_parameter,2020,timesat_double_logistic_cv_seapar,2020-01-23,2020,1.20123,False,2020_segment_1,2.130000114440918,0,ok,
secondary_sensitivity_double_logistic_seasonal_parameter,2020,timesat_double_logistic_cv_seapar,2020-01-24,2020,1.20834,True,2020_segment_1,2.097001314163208,0,ok,
secondary_sensitivity_double_logistic_seasonal_parameter,2020,timesat_double_logistic_cv_seapar,2020-01-25,2020,1.2154499999999999,False,2020_segment_1,2.0645794868469238,0,ok,
secondary_sensitivity_double_logistic_seasonal_parameter,2020,timesat_double_logistic_cv_seapar,2020-01-26,2020,1.2225600000000001,False,2020_segment_1,2.0327811241149902,0,ok,
secondary_sensitivity_double_logistic_seasonal_parameter,2020,timesat_double_logistic_cv_seapar,2020-01-27,2020,1.22967,False,2020_segment_1,2.0016520023345947,0,ok,
secondary_sensitivity_double_logistic_seasonal_parameter,2020,timesat_double_logistic_cv_seapar,2020-01-28,2020,1.23678,False,2020_segment_1,1.9712381362915039,0,ok,
secondary_sensitivity_double_logistic_seasonal_parameter,2020,timesat_double_logistic_cv_seapar,2020-01-29,2020,1.3253200000000001,False,2020_segment_1,1.9415856599807739,0,ok,
secondary_sensitivity_double_logistic_seasonal_parameter,2020,timesat_double_logistic_cv_seapar,2020-01-30,2020,1.4138599999999999,False,2020_segment_1,1.9127413034439087,0,ok,
secondary_sensitivity_double_logistic_seasonal_parameter,2020,timesat_double_logistic_cv_seapar,2020-01-31,2020,2.2000000000000002,False,2020_segment_1,1.8847532272338867,0,ok,
secondary_sensitivity_double_logistic_seasonal_parameter,2020,timesat_double_logistic_cv_seapar,2020-02-01,2020,2.3599999999999999,False,2020_segment_1,1.8576710224151611,0,ok,
secondary_sensitivity_double_logistic_seasonal_parameter,2020,timesat_double_logistic_cv_seapar,2020-02-02,2020,1.76,False,2020_segment_1,1.8315460681915283,0,ok,
secondary_sensitivity_double_logistic_seasonal_parameter,2020,timesat_double_logistic_cv_seapar,2020-02-03,2020,1.98,True,2020_segment_1,1.8064327239990234,0,ok,
secondary_sensitivity_double_logistic_seasonal_parameter,2020,timesat_double_logistic_cv_seapar,2020-02-04,2020,2.48,False,2020_segment_1,1.7823883295059204,0,ok,
secondary_sensitivity_double_logistic_seasonal_parameter,2020,timesat_double_logistic_cv_seapar,2020-02-05,2020,2.54,False,2020_segment_1,1.7594740390777588,0,ok,
secondary_sensitivity_double_logistic_seasonal_parameter,2020,timesat_double_logistic_cv_seapar,2020-02-06,2020,2.5800000000000001,True,2020_segment_1,1.7377558946609497,0,ok,
secondary_sensitivity_double_logistic_seasonal_parameter,2020,timesat_double_logistic_cv_seapar,2020-02-07,2020,2.1099999999999999,False,2020_segment_1,1.7173047065734863,0,ok,
secondary_sensitivity_double_logistic_seasonal_parameter,2020,timesat_double_logistic_cv_seapar,2020-02-08,2020,2.3599999999999999,False,2020_segment_1,1.6981979608535767,0,ok,
secondary_sensitivity_double_logistic_seasonal_parameter,2020,timesat_double_logistic_cv_seapar,2020-02-09,2020,2.54,False,2020_segment_1,1.6805199384689331,0,ok,
secondary_sensitivity_double_logistic_seasonal_parameter,2020,timesat_double_logistic_cv_seapar,2020-02-10,2020,2.29,False,2020_segment_1,1.6643630266189575,0,ok,
secondary_sensitivity_double_logistic_seasonal_parameter,2020,timesat_double_logistic_cv_seapar,2020-02-11,2020,2.3999999999999999,True,2020_segment_1,1.6498287916183472,0,ok,
secondary_sensitivity_double_logistic_seasonal_parameter,2020,timesat_double_logistic_cv_seapar,2020-02-12,2020,2.5649099999999998,False,2020_segment_1,1.6370296478271484,0,ok,
secondary_sensitivity_double_logistic_seasonal_parameter,2020,timesat_double_logistic_cv_seapar,2020-02-13,2020,2.5649099999999998,True,2020_segment_1,1.6260892152786255,0,ok,
secondary_sensitivity_double_logistic_seasonal_parameter,2020,timesat_double_logistic_cv_seapar,2020-02-14,2020,2.6272199999999999,False,2020_segment_1,1.6171445846557617,0,ok,
secondary_sensitivity_double_logistic_seasonal_parameter,2020,timesat_double_logistic_cv_seapar,2020-02-15,2020,4.0602400000000003,False,2020_segment_1,1.6103477478027344,0,ok,
secondary_sensitivity_double_logistic_seasonal_parameter,2020,timesat_double_logistic_cv_seapar,2020-02-16,2020,3.1671999999999998,False,2020_segment_1,1.6058672666549683,0,ok,
secondary_sensitivity_double_logistic_seasonal_parameter,2020,timesat_double_logistic_cv_seapar,2020-02-17,2020,2.6064500000000002,False,2020_segment_1,1.6038902997970581,0,ok,
secondary_sensitivity_double_logistic_seasonal_parameter,2020,timesat_double_logistic_cv_seapar,2020-02-18,2020,2.7102900000000001,False,2020_segment_1,1.6046242713928223,0,ok,
secondary_sensitivity_double_logistic_seasonal_parameter,2020,timesat_double_logistic_cv_seapar,2020-02-19,2020,2.8764400000000001,False,2020_segment_1,1.6082999706268311,0,ok,
secondary_sensitivity_double_logistic_seasonal_parameter,2020,timesat_double_logistic_cv_seapar,2020-02-20,2020,3.3896700000000002,False,2020_segment_1,1.61517333984375,0,ok,
secondary_sensitivity_double_logistic_seasonal_parameter,2020,timesat_double_logistic_cv_seapar,2020-02-21,2020,3.3427500000000001,True,2020_segment_1,1.6255286931991577,0,ok,
secondary_sensitivity_double_logistic_seasonal_parameter,2020,timesat_double_logistic_cv_seapar,2020-02-22,2020,3.17855,False,2020_segment_1,1.639681339263916,0,ok,
secondary_sensitivity_double_logistic_seasonal_parameter,2020,timesat_double_logistic_cv_seapar,2020-02-23,2020,3.4131300000000002,True,2020_segment_1,1.6579806804656982,0,ok,
secondary_sensitivity_double_logistic_seasonal_parameter,2020,timesat_double_logistic_cv_seapar,2020-02-24,2020,3.4483100000000002,False,2020_segment_1,1.6808140277862549,0,ok,
secondary_sensitivity_double_logistic_seasonal_parameter,2020,timesat_double_logistic_cv_seapar,2020-02-25,2020,3.1127400000000001,False,2020_segment_1,1.7086101770401001,0,ok,
secondary_sensitivity_double_logistic_seasonal_parameter,2020,timesat_double_logistic_cv_seapar,2020-02-26,2020,2.4901900000000001,True,2020_segment_1,1.7418429851531982,0,ok,
secondary_sensitivity_double_logistic_seasonal_parameter,2020,timesat_double_logistic_cv_seapar,2020-02-27,2020,2.4818899999999999,False,2020_segment_1,1.7810359001159668,0,ok,
secondary_sensitivity_double_logistic_seasonal_parameter,2020,timesat_double_logistic_cv_seapar,2020-02-28,2020,2.97993,True,2020_segment_1,1.8267661333084106,0,ok,
secondary_sensitivity_double_logistic_seasonal_parameter,2020,timesat_double_logistic_cv_seapar,2020-02-29,2020,3.2538499999999999,False,2020_segment_1,1.8796690702438354,0,ok,
secondary_sensitivity_double_logistic_seasonal_parameter,2020,timesat_double_logistic_cv_seapar,2020-03-01,2020,3.2289500000000002,False,2020_segment_1,1.9404430389404297,0,ok,
secondary_sensitivity_double_logistic_seasonal_parameter,2020,timesat_double_logistic_cv_seapar,2020-03-02,2020,3.1874500000000001,False,2020_segment_1,2.0098543167114258,0,ok,
secondary_sensitivity_double_logistic_seasonal_parameter,2020,timesat_double_logistic_cv_seapar,2020-03-03,2020,5.0450400000000002,False,2020_segment_1,2.0887408256530762,0,ok,
secondary_sensitivity_double_logistic_seasonal_parameter,2020,timesat_double_logistic_cv_seapar,2020-03-04,2020,4.21861,False,2020_segment_1,2.1780173778533936,0,ok,
secondary_sensitivity_double_logistic_seasonal_parameter,2020,timesat_double_logistic_cv_seapar,2020-03-05,2020,3.9495499999999999,False,2020_segment_1,2.2786798477172852,0,ok,
secondary_sensitivity_double_logistic_seasonal_parameter,2020,timesat_double_logistic_cv_seapar,2020-03-06,2020,3.9303300000000001,False,2020_segment_1,2.3918075561523438,0,ok,
secondary_sensitivity_double_logistic_seasonal_parameter,2020,timesat_double_logistic_cv_seapar,2020-03-07,2020,13.7417,False,2020_segment_1,2.5185675621032715,0,ok,
secondary_sensitivity_double_logistic_seasonal_parameter,2020,timesat_double_logistic_cv_seapar,2020-03-08,2020,7.1207099999999999,False,2020_segment_1,2.6602144241333008,0,ok,
secondary_sensitivity_double_logistic_seasonal_parameter,2020,timesat_double_logistic_cv_seapar,2020-03-09,2020,5.2084000000000001,False,2020_segment_1,2.8180916309356689,0,ok,
secondary_sensitivity_double_logistic_seasonal_parameter,2020,timesat_double_logistic_cv_seapar,2020-03-10,2020,5.4504900000000003,False,2020_segment_1,2.9936285018920898,0,ok,
secondary_sensitivity_double_logistic_seasonal_parameter,2020,timesat_double_logistic_cv_seapar,2020-03-11,2020,4.7472000000000003,False,2020_segment_1,3.188335657119751,0,ok,
secondary_sensitivity_double_logistic_seasonal_parameter,2020,timesat_double_logistic_cv_seapar,2020-03-12,2020,5.7405999999999997,False,2020_segment_1,3.4037971496582031,0,ok,
secondary_sensitivity_double_logistic_seasonal_parameter,2020,timesat_double_logistic_cv_seapar,2020-03-13,2020,6.9361899999999999,False,2020_segment_1,3.6416573524475098,0,ok,
secondary_sensitivity_double_logistic_seasonal_parameter,2020,timesat_double_logistic_cv_seapar,2020-03-14,2020,5.4329099999999997,True,2020_segment_1,3.9036054611206055,0,ok,
secondary_sensitivity_double_logistic_seasonal_parameter,2020,timesat_double_logistic_cv_seapar,2020-03-15,2020,10.944900000000001,False,2020_segment_1,4.1913504600524902,0,ok,
secondary_sensitivity_double_logistic_seasonal_parameter,2020,timesat_double_logistic_cv_seapar,2020-03-16,2020,5.8285099999999996,False,2020_segment_1,4.5065922737121582,0,ok,
secondary_sensitivity_double_logistic_seasonal_parameter,2020,timesat_double_logistic_cv_seapar,2020-03-17,2020,6.4241999999999999,False,2020_segment_1,4.8509836196899414,0,ok,
secondary_sensitivity_double_logistic_seasonal_parameter,2020,timesat_double_logistic_cv_seapar,2020-03-18,2020,6.8181700000000003,False,2020_segment_1,5.2260823249816895,0,ok,
secondary_sensitivity_double_logistic_seasonal_parameter,2020,timesat_double_logistic_cv_seapar,2020-03-19,2020,6.4644000000000004,True,2020_segment_1,5.6332964897155762,0,ok,
secondary_sensitivity_double_logistic_seasonal_parameter,2020,timesat_double_logistic_cv_seapar,2020-03-20,2020,7.0674200000000003,False,2020_segment_1,6.0738129615783691,0,ok,
secondary_sensitivity_double_logistic_seasonal_parameter,2020,timesat_double_logistic_cv_seapar,2020-03-21,2020,8.4985999999999997,False,2020_segment_1,6.5485234260559082,0,ok,
secondary_sensitivity_double_logistic_seasonal_parameter,2020,timesat_double_logistic_cv_seapar,2020-03-22,2020,8.11266,True,2020_segment_1,7.0579314231872559,0,ok,
secondary_sensitivity_double_logistic_seasonal_parameter,2020,timesat_double_logistic_cv_seapar,2020-03-23,2020,6.6895300000000004,False,2020_segment_1,7.6020560264587402,0,ok,
secondary_sensitivity_double_logistic_seasonal_parameter,2020,timesat_double_logistic_cv_seapar,2020-03-24,2020,9.1732499999999995,False,2020_segment_1,8.1803226470947266,0,ok,
secondary_sensitivity_double_logistic_seasonal_parameter,2020,timesat_double_logistic_cv_seapar,2020-03-25,2020,8.9118099999999991,False,2020_segment_1,8.7914514541625977,0,ok,
secondary_sensitivity_double_logistic_seasonal_parameter,2020,timesat_double_logistic_cv_seapar,2020-03-26,2020,9.5710999999999995,False,2020_segment_1,9.433344841003418,0,ok,
secondary_sensitivity_double_logistic_seasonal_parameter,2020,timesat_double_logistic_cv_seapar,2020-03-27,2020,10.486800000000001,False,2020_segment_1,10.102978706359863,0,ok,
secondary_sensitivity_double_logistic_seasonal_parameter,2020,timesat_double_logistic_cv_seapar,2020-03-28,2020,2.5510999999999999,False,2020_segment_1,10.796303749084473,0,ok,
secondary_sensitivity_double_logistic_seasonal_parameter,2020,timesat_double_logistic_cv_seapar,2020-03-29,2020,2.72316,True,2020_segment_1,11.508174896240234,0,ok,
secondary_sensitivity_double_logistic_seasonal_parameter,2020,timesat_double_logistic_cv_seapar,2020-03-30,2020,12.8523,False,2020_segment_1,12.232300758361816,0,ok,
secondary_sensitivity_double_logistic_seasonal_parameter,2020,timesat_double_logistic_cv_seapar,2020-03-31,2020,12.5707,False,2020_segment_1,12.961241722106934,0,ok,
secondary_sensitivity_double_logistic_seasonal_parameter,2020,timesat_double_logistic_cv_seapar,2020-04-01,2020,16.3386,True,2020_segment_1,13.686455726623535,0,ok,
secondary_sensitivity_double_logistic_seasonal_parameter,2020,timesat_double_logistic_cv_seapar,2020-04-02,2020,14.821,False,2020_segment_1,14.398399353027344,0,ok,
secondary_sensitivity_double_logistic_seasonal_parameter,2020,timesat_double_logistic_cv_seapar,2020-04-03,2020,15.624000000000001,True,2020_segment_1,15.086697578430176,0,ok,
secondary_sensitivity_double_logistic_seasonal_parameter,2020,timesat_double_logistic_cv_seapar,2020-04-04,2020,17.093299999999999,False,2020_segment_1,15.740382194519043,0,ok,
secondary_sensitivity_double_logistic_seasonal_parameter,2020,timesat_double_logistic_cv_seapar,2020-04-11,2020,30.654699999999998,True,2020_segment_2,18.458810806274414,0,ok,
secondary_sensitivity_double_logistic_seasonal_parameter,2020,timesat_double_logistic_cv_seapar,2020-04-12,2020,26.585999999999999,False,2020_segment_2,18.485252380371094,0,ok,
secondary_sensitivity_double_logistic_seasonal_parameter,2020,timesat_double_logistic_cv_seapar,2020-04-13,2020,23.674299999999999,False,2020_segment_2,18.410345077514648,0,ok,
secondary_sensitivity_double_logistic_seasonal_parameter,2020,timesat_double_logistic_cv_seapar,2020-04-14,2020,23.1463,False,2020_segment_2,18.236061096191406,0,ok,
secondary_sensitivity_double_logistic_seasonal_parameter,2020,timesat_double_logistic_cv_seapar,2020-04-15,2020,12.2692,False,2020_segment_2,17.966646194458008,0,ok,
secondary_sensitivity_double_logistic_seasonal_parameter,2020,timesat_double_logistic_cv_seapar,2020-04-16,2020,12.445499999999999,True,2020_segment_2,17.608406066894531,0,ok,
secondary_sensitivity_double_logistic_seasonal_parameter,2020,timesat_double_logistic_cv_seapar,2020-04-17,2020,22.0824,False,2020_segment_2,17.169425964355469,0,ok,
secondary_sensitivity_double_logistic_seasonal_parameter,2020,timesat_double_logistic_cv_seapar,2020-04-18,2020,22.152100000000001,True,2020_segment_2,16.659196853637695,0,ok,
secondary_sensitivity_double_logistic_seasonal_parameter,2020,timesat_double_logistic_cv_seapar,2020-04-19,2020,21.343800000000002,False,2020_segment_2,16.088220596313477,0,ok,
secondary_sensitivity_double_logistic_seasonal_parameter,2020,timesat_double_logistic_cv_seapar,2020-04-20,2020,19.720199999999998,False,2020_segment_2,15.467588424682617,0,ok,
secondary_sensitivity_double_logistic_seasonal_parameter,2020,timesat_double_logistic_cv_seapar,2020-04-21,2020,8.3686199999999999,True,2020_segment_2,14.808572769165039,0,ok,
secondary_sensitivity_double_logistic_seasonal_parameter,2020,timesat_double_logistic_cv_seapar,2020-04-22,2020,6.7309299999999999,False,2020_segment_2,14.12226390838623,0,ok,
secondary_sensitivity_double_logistic_seasonal_parameter,2020,timesat_double_logistic_cv_seapar,2020-04-23,2020,6.1324800000000002,True,2020_segment_2,13.419244766235352,0,ok,
secondary_sensitivity_double_logistic_seasonal_parameter,2020,timesat_double_logistic_cv_seapar,2020-04-24,2020,6.0649199999999999,False,2020_segment_2,12.709339141845703,0,ok,
secondary_sensitivity_double_logistic_seasonal_parameter,2020,timesat_double_logistic_cv_seapar,2020-04-25,2020,7.2682500000000001,False,2020_segment_2,12.001413345336914,0,ok,
secondary_sensitivity_double_logistic_seasonal_parameter,2020,timesat_double_logistic_cv_seapar,2020-04-26,2020,5.0707199999999997,False,2020_segment_2,11.303258895874023,0,ok,
secondary_sensitivity_double_logistic_seasonal_parameter,2020,timesat_double_logistic_cv_seapar,2020-04-27,2020,6.2225700000000002,False,2020_segment_2,10.621522903442383,0,ok,
secondary_sensitivity_double_logistic_seasonal_parameter,2020,timesat_double_logistic_cv_seapar,2020-04-28,2020,7.2030599999999998,False,2020_segment_2,9.9617013931274414,0,ok,
secondary_sensitivity_double_logistic_seasonal_parameter,2020,timesat_double_logistic_cv_seapar,2020-04-29,2020,5.2489699999999999,False,2020_segment_2,9.3281707763671875,0,ok,
secondary_sensitivity_double_logistic_seasonal_parameter,2020,timesat_double_logistic_cv_seapar,2020-04-30,2020,9.2501999999999995,False,2020_segment_2,8.7242527008056641,0,ok,
secondary_sensitivity_double_logistic_seasonal_parameter,2020,timesat_double_logistic_cv_seapar,2020-05-01,2020,7.4314600000000004,False,2020_segment_2,8.152308464050293,0,ok,
secondary_sensitivity_double_logistic_seasonal_parameter,2020,timesat_double_logistic_cv_seapar,2020-05-02,2020,7.3299500000000002,False,2020_segment_2,7.6138401031494141,0,ok,
secondary_sensitivity_double_logistic_seasonal_parameter,2020,timesat_double_logistic_cv_seapar,2020-05-03,2020,6.8477699999999997,False,2020_segment_2,7.1096076965332031,0,ok,
secondary_sensitivity_double_logistic_seasonal_parameter,2020,timesat_double_logistic_cv_seapar,2020-05-04,2020,5.6000300000000003,False,2020_segment_2,6.6397361755371094,0,ok,
secondary_sensitivity_double_logistic_seasonal_parameter,2020,timesat_double_logistic_cv_seapar,2020-05-05,2020,5.3416800000000002,False,2020_segment_2,6.2038302421569824,0,ok,
secondary_sensitivity_double_logistic_seasonal_parameter,2020,timesat_double_logistic_cv_seapar,2020-05-06,2020,5.1841900000000001,False,2020_segment_2,5.8010730743408203,0,ok,
secondary_sensitivity_double_logistic_seasonal_parameter,2020,timesat_double_logistic_cv_seapar,2020-05-07,2020,5.6347899999999997,False,2020_segment_2,5.430321216583252,0,ok,
secondary_sensitivity_double_logistic_seasonal_parameter,2020,timesat_double_logistic_cv_seapar,2020-05-08,2020,4.8167,True,2020_segment_2,5.090184211730957,0,ok,
secondary_sensitivity_double_logistic_seasonal_parameter,2020,timesat_double_logistic_cv_seapar,2020-05-09,2020,5.6260399999999997,False,2020_segment_2,4.7790980339050293,0,ok,
secondary_sensitivity_double_logistic_seasonal_parameter,2020,timesat_double_logistic_cv_seapar,2020-05-10,2020,5.34605,False,2020_segment_2,4.4953856468200684,0,ok,
secondary_sensitivity_double_logistic_seasonal_parameter,2020,timesat_double_logistic_cv_seapar,2020-05-11,2020,4.5892099999999996,False,2020_segment_2,4.2373051643371582,0,ok,
secondary_sensitivity_double_logistic_seasonal_parameter,2020,timesat_double_logistic_cv_seapar,2020-05-12,2020,4.2656000000000001,False,2020_segment_2,4.0030937194824219,0,ok,
secondary_sensitivity_double_logistic_seasonal_parameter,2020,timesat_double_logistic_cv_seapar,2020-05-13,2020,4.3386199999999997,False,2020_segment_2,3.7909984588623047,0,ok,
secondary_sensitivity_double_logistic_seasonal_parameter,2020,timesat_double_logistic_cv_seapar,2020-05-14,2020,3.9434200000000001,False,2020_segment_2,3.5993022918701172,0,ok,
secondary_sensitivity_double_logistic_seasonal_parameter,2020,timesat_double_logistic_cv_seapar,2020-05-15,2020,4.3429200000000003,False,2020_segment_2,3.4263439178466797,0,ok,
secondary_sensitivity_double_logistic_seasonal_parameter,2020,timesat_double_logistic_cv_seapar,2020-05-16,2020,3.70716,False,2020_segment_2,3.2705314159393311,0,ok,
secondary_sensitivity_double_logistic_seasonal_parameter,2020,timesat_double_logistic_cv_seapar,2020-05-17,2020,3.2561100000000001,False,2020_segment_2,3.1303524971008301,0,ok,
secondary_sensitivity_double_logistic_seasonal_parameter,2020,timesat_double_logistic_cv_seapar,2020-05-18,2020,3.31196,False,2020_segment_2,3.0043802261352539,0,ok,
secondary_sensitivity_double_logistic_seasonal_parameter,2020,timesat_double_logistic_cv_seapar,2020-05-19,2020,2.00678,False,2020_segment_2,2.8912763595581055,0,ok,
secondary_sensitivity_double_logistic_seasonal_parameter,2020,timesat_double_logistic_cv_seapar,2020-05-20,2020,1.9044300000000001,False,2020_segment_2,2.7897934913635254,0,ok,
secondary_sensitivity_double_logistic_seasonal_parameter,2020,timesat_double_logistic_cv_seapar,2020-05-21,2020,2.00678,True,2020_segment_2,2.6987729072570801,0,ok,
secondary_sensitivity_double_logistic_seasonal_parameter,2020,timesat_double_logistic_cv_seapar,2020-05-22,2020,1.4255800000000001,False,2020_segment_2,2.6171448230743408,0,ok,
secondary_sensitivity_double_logistic_seasonal_parameter,2020,timesat_double_logistic_cv_seapar,2020-05-23,2020,1.28302,False,2020_segment_2,2.5439236164093018,0,ok,
secondary_sensitivity_double_logistic_seasonal_parameter,2020,timesat_double_logistic_cv_seapar,2020-05-24,2020,1.21722,False,2020_segment_2,2.4782066345214844,0,ok,
secondary_sensitivity_double_logistic_seasonal_parameter,2020,timesat_double_logistic_cv_seapar,2020-05-25,2020,0.96500699999999995,False,2020_segment_2,2.4191679954528809,0,ok,
secondary_sensitivity_double_logistic_seasonal_parameter,2020,timesat_double_logistic_cv_seapar,2020-05-26,2020,0.97672499999999995,True,2020_segment_2,2.3660571575164795,0,ok,
secondary_sensitivity_double_logistic_seasonal_parameter,2020,timesat_double_logistic_cv_seapar,2020-05-27,2020,0.59269400000000005,False,2020_segment_2,2.3181929588317871,0,ok,
secondary_sensitivity_double_logistic_seasonal_parameter,2020,timesat_double_logistic_cv_seapar,2020-05-28,2020,0.59491400000000005,False,2020_segment_2,2.2749605178833008,0,ok,
secondary_sensitivity_double_logistic_seasonal_parameter,2020,timesat_double_logistic_cv_seapar,2020-05-29,2020,0.570496,False,2020_segment_2,2.235806941986084,0,ok,
secondary_sensitivity_double_logistic_seasonal_parameter,2020,timesat_double_logistic_cv_seapar,2020-05-30,2020,0.67038900000000001,False,2020_segment_2,2.2002377510070801,0,ok,
secondary_sensitivity_double_logistic_seasonal_parameter,2020,timesat_double_logistic_cv_seapar,2020-05-31,2020,0.712565,True,2020_segment_2,2.1678135395050049,0,ok,
secondary_sensitivity_double_logistic_seasonal_parameter,2020,timesat_double_logistic_cv_seapar,2020-06-01,2020,0.50412100000000004,False,2020_segment_2,2.1381456851959229,0,ok,
secondary_sensitivity_double_logistic_seasonal_parameter,2020,timesat_double_logistic_cv_seapar,2020-06-02,2020,2.4866999999999999,True,2020_segment_2,2.1108942031860352,0,ok,
secondary_sensitivity_double_logistic_seasonal_parameter,2020,timesat_double_logistic_cv_seapar,2020-06-03,2020,4.75,False,2020_segment_2,2.0857646465301514,0,ok,
secondary_sensitivity_double_logistic_seasonal_parameter,2020,timesat_double_logistic_cv_seapar,2020-06-04,2020,5.0599999999999996,False,2020_segment_2,2.0625052452087402,0,ok,
secondary_sensitivity_double_logistic_seasonal_parameter,2020,timesat_double_logistic_cv_seapar,2020-06-05,2020,5.25,True,2020_segment_2,2.0409042835235596,0,ok,
secondary_sensitivity_double_logistic_seasonal_parameter,2020,timesat_double_logistic_cv_seapar,2020-06-06,2020,4.5300000000000002,False,2020_segment_2,2.0207886695861816,0,ok,
secondary_sensitivity_double_logistic_seasonal_parameter,2020,timesat_double_logistic_cv_seapar,2020-06-07,2020,5.7000000000000002,True,2020_segment_2,2.002021312713623,0,ok,
secondary_sensitivity_double_logistic_seasonal_parameter,2020,timesat_double_logistic_cv_seapar,2020-06-08,2020,6.4699999999999998,False,2020_segment_2,1.9845004081726074,0,ok,
secondary_sensitivity_double_logistic_seasonal_parameter,2020,timesat_double_logistic_cv_seapar,2020-06-09,2020,2.19591,False,2020_segment_2,1.9681564569473267,0,ok,
secondary_sensitivity_double_logistic_seasonal_parameter,2020,timesat_double_logistic_cv_seapar,2020-06-10,2020,1.9469799999999999,True,2020_segment_2,1.95295250415802,0,ok,
secondary_sensitivity_double_logistic_seasonal_parameter,2020,timesat_double_logistic_cv_seapar,2020-06-11,2020,1.5647,False,2020_segment_2,1.9388824701309204,0,ok,
secondary_sensitivity_double_logistic_seasonal_parameter,2020,timesat_double_logistic_cv_seapar,2020-06-12,2020,1.5869200000000001,True,2020_segment_2,1.925970196723938,0,ok,
secondary_sensitivity_double_logistic_seasonal_parameter,2020,timesat_double_logistic_cv_seapar,2020-06-13,2020,1.3735599999999999,False,2020_segment_2,1.9142693281173706,0,ok,
secondary_sensitivity_double_logistic_seasonal_parameter,2020,timesat_double_logistic_cv_seapar,2020-06-14,2020,1.2090799999999999,False,2020_segment_2,1.9038625955581665,0,ok,
secondary_sensitivity_double_logistic_seasonal_parameter,2020,timesat_double_logistic_cv_seapar,2020-06-15,2020,1.23678,True,2020_segment_2,1.8948620557785034,0,ok,
secondary_sensitivity_double_logistic_seasonal_parameter,2020,timesat_double_logistic_cv_seapar,2020-06-16,2020,1.08988,False,2020_segment_2,1.8874086141586304,0,ok,
secondary_sensitivity_double_logistic_seasonal_parameter,2020,timesat_double_logistic_cv_seapar,2020-06-17,2020,1.3410299999999999,False,2020_segment_2,1.8816728591918945,0,ok,
secondary_sensitivity_double_logistic_seasonal_parameter,2020,timesat_double_logistic_cv_seapar,2020-06-18,2020,1.2888999999999999,False,2020_segment_2,1.8778555393218994,0,ok,
secondary_sensitivity_double_logistic_seasonal_parameter,2020,timesat_double_logistic_cv_seapar,2020-06-19,2020,1.2273000000000001,False,2020_segment_2,1.8761880397796631,0,ok,
secondary_sensitivity_double_logistic_seasonal_parameter,2020,timesat_double_logistic_cv_seapar,2020-06-20,2020,1.1277900000000001,True,2020_segment_2,1.8769336938858032,0,ok,
secondary_sensitivity_double_logistic_seasonal_parameter,2020,timesat_double_logistic_cv_seapar,2020-06-21,2020,1.40737,False,2020_segment_2,1.8803892135620117,0,ok,
secondary_sensitivity_double_logistic_seasonal_parameter,2020,timesat_double_logistic_cv_seapar,2020-06-22,2020,1.05671,True,2020_segment_2,1.8868858814239502,0,ok,
secondary_sensitivity_double_logistic_seasonal_parameter,2020,timesat_double_logistic_cv_seapar,2020-06-23,2020,2.0754000000000001,False,2020_segment_2,1.8967911005020142,0,ok,
secondary_sensitivity_double_logistic_seasonal_parameter,2020,timesat_double_logistic_cv_seapar,2020-06-24,2020,1.89493,False,2020_segment_2,1.9105112552642822,0,ok,
secondary_sensitivity_double_logistic_seasonal_parameter,2020,timesat_double_logistic_cv_seapar,2020-06-25,2020,1.4765699999999999,True,2020_segment_2,1.9284927845001221,0,ok,
secondary_sensitivity_double_logistic_seasonal_parameter,2020,timesat_double_logistic_cv_seapar,2020-06-26,2020,2.0179800000000001,False,2020_segment_2,1.9512255191802979,0,ok,
secondary_sensitivity_double_logistic_seasonal_parameter,2020,timesat_double_logistic_cv_seapar,2020-06-27,2020,1.5504,True,2020_segment_2,1.9792442321777344,0,ok,
secondary_sensitivity_double_logistic_seasonal_parameter,2020,timesat_double_logistic_cv_seapar,2020-06-28,2020,1.57501,False,2020_segment_2,2.013131856918335,0,ok,
secondary_sensitivity_double_logistic_seasonal_parameter,2020,timesat_double_logistic_cv_seapar,2020-06-29,2020,1.78009,False,2020_segment_2,2.0535218715667725,0,ok,
secondary_sensitivity_double_logistic_seasonal_parameter,2020,timesat_double_logistic_cv_seapar,2020-06-30,2020,3.61755,False,2020_segment_2,2.1011002063751221,0,ok,
secondary_sensitivity_double_logistic_seasonal_parameter,2020,timesat_double_logistic_cv_seapar,2020-07-01,2020,3.3892600000000002,False,2020_segment_2,2.1566081047058105,0,ok,
secondary_sensitivity_double_logistic_seasonal_parameter,2020,timesat_double_logistic_cv_seapar,2020-07-02,2020,4.0038900000000002,True,2020_segment_2,2.2208435535430908,0,ok,
secondary_sensitivity_double_logistic_seasonal_parameter,2020,timesat_double_logistic_cv_seapar,2020-07-03,2020,4.9170600000000002,False,2020_segment_2,2.2946624755859375,0,ok,
secondary_sensitivity_double_logistic_seasonal_parameter,2020,timesat_double_logistic_cv_seapar,2020-07-04,2020,5.1102299999999996,False,2020_segment_2,2.3789787292480469,0,ok,
secondary_sensitivity_double_logistic_seasonal_parameter,2020,timesat_double_logistic_cv_seapar,2020-07-05,2020,6.0760800000000001,False,2020_segment_2,2.4747638702392578,0,ok,
secondary_sensitivity_double_logistic_seasonal_parameter,2020,timesat_double_logistic_cv_seapar,2020-07-06,2020,5.3209600000000004,False,2020_segment_2,2.5830445289611816,0,ok,
secondary_sensitivity_double_logistic_seasonal_parameter,2020,timesat_double_logistic_cv_seapar,2020-07-07,2020,6.0903900000000002,False,2020_segment_2,2.7048981189727783,0,ok,
secondary_sensitivity_double_logistic_seasonal_parameter,2020,timesat_double_logistic_cv_seapar,2020-07-08,2020,5.4829100000000004,False,2020_segment_2,2.8414463996887207,0,ok,
secondary_sensitivity_double_logistic_seasonal_parameter,2020,timesat_double_logistic_cv_seapar,2020-07-09,2020,5.6542500000000002,False,2020_segment_2,2.9938457012176514,0,ok,
secondary_sensitivity_double_logistic_seasonal_parameter,2020,timesat_double_logistic_cv_seapar,2020-07-10,2020,4.45486,False,2020_segment_2,3.1632747650146484,0,ok,
secondary_sensitivity_double_logistic_seasonal_parameter,2020,timesat_double_logistic_cv_seapar,2020-07-11,2020,4.6417799999999998,False,2020_segment_2,3.3509163856506348,0,ok,
secondary_sensitivity_double_logistic_seasonal_parameter,2020,timesat_double_logistic_cv_seapar,2020-07-12,2020,6.4330699999999998,True,2020_segment_2,3.5579378604888916,0,ok,
secondary_sensitivity_double_logistic_seasonal_parameter,2020,timesat_double_logistic_cv_seapar,2020-07-13,2020,4.1900599999999999,False,2020_segment_2,3.78546142578125,0,ok,
secondary_sensitivity_double_logistic_seasonal_parameter,2020,timesat_double_logistic_cv_seapar,2020-07-14,2020,3.7242000000000002,False,2020_segment_2,4.0345335006713867,0,ok,
secondary_sensitivity_double_logistic_seasonal_parameter,2020,timesat_double_logistic_cv_seapar,2020-07-15,2020,4.6254900000000001,False,2020_segment_2,4.3060836791992188,0,ok,
secondary_sensitivity_double_logistic_seasonal_parameter,2020,timesat_double_logistic_cv_seapar,2020-07-16,2020,4.1153300000000002,False,2020_segment_2,4.6008815765380859,0,ok,
secondary_sensitivity_double_logistic_seasonal_parameter,2020,timesat_double_logistic_cv_seapar,2020-07-17,2020,3.3670800000000001,False,2020_segment_2,4.9194822311401367,0,ok,
secondary_sensitivity_double_logistic_seasonal_parameter,2020,timesat_double_logistic_cv_seapar,2020-07-18,2020,3.38409,False,2020_segment_2,5.2621679306030273,0,ok,
secondary_sensitivity_double_logistic_seasonal_parameter,2020,timesat_double_logistic_cv_seapar,2020-07-19,2020,3.8602400000000001,False,2020_segment_2,5.6288876533508301,0,ok,
secondary_sensitivity_double_logistic_seasonal_parameter,2020,timesat_double_logistic_cv_seapar,2020-07-20,2020,3.6901899999999999,False,2020_segment_2,6.0191879272460938,0,ok,
secondary_sensitivity_double_logistic_seasonal_parameter,2020,timesat_double_logistic_cv_seapar,2020-07-21,2020,4.2003500000000003,False,2020_segment_2,6.4321470260620117,0,ok,
secondary_sensitivity_double_logistic_seasonal_parameter,2020,timesat_double_logistic_cv_seapar,2020-07-22,2020,4.0303000000000004,False,2020_segment_2,6.8663101196289062,0,ok,
secondary_sensitivity_double_logistic_seasonal_parameter,2020,timesat_double_logistic_cv_seapar,2020-07-23,2020,4.2513699999999996,False,2020_segment_2,7.3196287155151367,0,ok,
secondary_sensitivity_double_logistic_seasonal_parameter,2020,timesat_double_logistic_cv_seapar,2020-07-24,2020,4.1323299999999996,False,2020_segment_2,7.7894158363342285,0,ok,
secondary_sensitivity_double_logistic_seasonal_parameter,2020,timesat_double_logistic_cv_seapar,2020-07-25,2020,5.1186499999999997,True,2020_segment_2,8.272313117980957,0,ok,
secondary_sensitivity_double_logistic_seasonal_parameter,2020,timesat_double_logistic_cv_seapar,2020-07-26,2020,5.03362,False,2020_segment_2,8.7642831802368164,0,ok,
secondary_sensitivity_double_logistic_seasonal_parameter,2020,timesat_double_logistic_cv_seapar,2020-07-27,2020,6.0539500000000004,False,2020_segment_2,9.2606315612792969,0,ok,
secondary_sensitivity_double_logistic_seasonal_parameter,2020,timesat_double_logistic_cv_seapar,2020-07-28,2020,7.8764399999999997,False,2020_segment_2,9.7560577392578125,0,ok,
secondary_sensitivity_double_logistic_seasonal_parameter,2020,timesat_double_logistic_cv_seapar,2020-07-29,2020,8.0701199999999993,False,2020_segment_2,10.244746208190918,0,ok,
secondary_sensitivity_double_logistic_seasonal_parameter,2020,timesat_double_logistic_cv_seapar,2020-07-30,2020,9.5873100000000004,False,2020_segment_2,10.720495223999023,0,ok,
secondary_sensitivity_double_logistic_seasonal_parameter,2020,timesat_double_logistic_cv_seapar,2020-07-31,2020,9.9101099999999995,False,2020_segment_2,11.176885604858398,0,ok,
secondary_sensitivity_double_logistic_seasonal_parameter,2020,timesat_double_logistic_cv_seapar,2020-08-01,2020,10.039199999999999,True,2020_segment_2,11.60748291015625,0,ok,
secondary_sensitivity_double_logistic_seasonal_parameter,2020,timesat_double_logistic_cv_seapar,2020-08-02,2020,11.2659,False,2020_segment_2,12.006063461303711,0,ok,
secondary_sensitivity_double_logistic_seasonal_parameter,2020,timesat_double_logistic_cv_seapar,2020-08-03,2020,11.782400000000001,False,2020_segment_2,12.366864204406738,0,ok,
secondary_sensitivity_double_logistic_seasonal_parameter,2020,timesat_double_logistic_cv_seapar,2020-08-04,2020,32.060600000000001,False,2020_segment_2,12.684830665588379,0,ok,
secondary_sensitivity_double_logistic_seasonal_parameter,2020,timesat_double_logistic_cv_seapar,2020-08-05,2020,21.400500000000001,False,2020_segment_2,12.955854415893555,0,ok,
secondary_sensitivity_double_logistic_seasonal_parameter,2020,timesat_double_logistic_cv_seapar,2020-08-06,2020,36.148299999999999,False,2020_segment_2,13.17699146270752,0,ok,
secondary_sensitivity_double_logistic_seasonal_parameter,2020,timesat_double_logistic_cv_seapar,2020-08-07,2020,36.789499999999997,False,2020_segment_2,13.34662914276123,0,ok,
secondary_sensitivity_double_logistic_seasonal_parameter,2020,timesat_double_logistic_cv_seapar,2020-08-08,2020,38.312399999999997,False,2020_segment_2,13.464607238769531,0,ok,
secondary_sensitivity_double_logistic_seasonal_parameter,2020,timesat_double_logistic_cv_seapar,2020-08-09,2020,38.953600000000002,True,2020_segment_2,13.532273292541504,0,ok,
secondary_sensitivity_double_logistic_seasonal_parameter,2020,timesat_double_logistic_cv_seapar,2020-08-10,2020,36.468899999999998,False,2020_segment_2,13.552470207214355,0,ok,
secondary_sensitivity_double_logistic_seasonal_parameter,2020,timesat_double_logistic_cv_seapar,2020-08-11,2020,7.8166799999999999,True,2020_segment_2,13.529458999633789,0,ok,
secondary_sensitivity_double_logistic_seasonal_parameter,2020,timesat_double_logistic_cv_seapar,2020-08-12,2020,6.2315899999999997,False,2020_segment_2,13.468777656555176,0,ok,
secondary_sensitivity_double_logistic_seasonal_parameter,2020,timesat_double_logistic_cv_seapar,2020-08-13,2020,6.8842699999999999,False,2020_segment_2,13.377046585083008,0,ok,
secondary_sensitivity_double_logistic_seasonal_parameter,2020,timesat_double_logistic_cv_seapar,2020-08-14,2020,11.1112,True,2020_segment_2,13.261731147766113,0,ok,
secondary_sensitivity_double_logistic_seasonal_parameter,2020,timesat_double_logistic_cv_seapar,2020-08-15,2020,7.7079000000000004,False,2020_segment_2,13.130880355834961,0,ok,
secondary_sensitivity_double_logistic_seasonal_parameter,2020,timesat_double_logistic_cv_seapar,2020-08-16,2020,8.4538200000000003,True,2020_segment_2,12.992853164672852,0,ok,
secondary_sensitivity_double_logistic_seasonal_parameter,2020,timesat_double_logistic_cv_seapar,2020-08-17,2020,8.2517999999999994,False,2020_segment_2,12.856040000915527,0,ok,
secondary_sensitivity_double_logistic_seasonal_parameter,2020,timesat_double_logistic_cv_seapar,2020-08-18,2020,5.8770899999999999,False,2020_segment_2,12.728597640991211,0,ok,
secondary_sensitivity_double_logistic_seasonal_parameter,2020,timesat_double_logistic_cv_seapar,2020-08-19,2020,5.4730999999999996,True,2020_segment_2,12.618212699890137,0,ok,
secondary_sensitivity_double_logistic_seasonal_parameter,2020,timesat_double_logistic_cv_seapar,2020-08-20,2020,5.8001399999999999,False,2020_segment_2,12.531880378723145,0,ok,
secondary_sensitivity_double_logistic_seasonal_parameter,2020,timesat_double_logistic_cv_seapar,2020-08-21,2020,6.5023099999999996,True,2020_segment_2,12.47571849822998,0,ok,
secondary_sensitivity_double_logistic_seasonal_parameter,2020,timesat_double_logistic_cv_seapar,2020-08-22,2020,7.5988600000000002,False,2020_segment_2,12.454811096191406,0,ok,
secondary_sensitivity_double_logistic_seasonal_parameter,2020,timesat_double_logistic_cv_seapar,2020-08-23,2020,12.485200000000001,False,2020_segment_2,12.473078727722168,0,ok,
secondary_sensitivity_double_logistic_seasonal_parameter,2020,timesat_double_logistic_cv_seapar,2020-08-24,2020,9.76309,True,2020_segment_2,12.533174514770508,0,ok,
secondary_sensitivity_double_logistic_seasonal_parameter,2020,timesat_double_logistic_cv_seapar,2020-08-25,2020,8.9546399999999995,False,2020_segment_2,12.636409759521484,0,ok,
secondary_sensitivity_double_logistic_seasonal_parameter,2020,timesat_double_logistic_cv_seapar,2020-08-26,2020,9.0987100000000005,True,2020_segment_2,12.782695770263672,0,ok,
secondary_sensitivity_double_logistic_seasonal_parameter,2020,timesat_double_logistic_cv_seapar,2020-08-27,2020,10.1579,False,2020_segment_2,12.97050952911377,0,ok,
secondary_sensitivity_double_logistic_seasonal_parameter,2020,timesat_double_logistic_cv_seapar,2020-08-28,2020,10.274800000000001,False,2020_segment_2,13.196887969970703,0,ok,
secondary_sensitivity_double_logistic_seasonal_parameter,2020,timesat_double_logistic_cv_seapar,2020-08-29,2020,10.3918,False,2020_segment_2,13.457446098327637,0,ok,
secondary_sensitivity_double_logistic_seasonal_parameter,2020,timesat_double_logistic_cv_seapar,2020-08-30,2020,15.5265,False,2020_segment_2,13.746423721313477,0,ok,
secondary_sensitivity_double_logistic_seasonal_parameter,2020,timesat_double_logistic_cv_seapar,2020-08-31,2020,6.5054100000000004,False,2020_segment_2,14.05677604675293,0,ok,
secondary_sensitivity_double_logistic_seasonal_parameter,2020,timesat_double_logistic_cv_seapar,2020-09-01,2020,9.6933600000000002,False,2020_segment_2,14.380306243896484,0,ok,
secondary_sensitivity_double_logistic_seasonal_parameter,2020,timesat_double_logistic_cv_seapar,2020-09-02,2020,7.2078800000000003,False,2020_segment_2,14.707839965820312,0,ok,
secondary_sensitivity_double_logistic_seasonal_parameter,2020,timesat_double_logistic_cv_seapar,2020-09-03,2020,16.542200000000001,False,2020_segment_2,15.02945613861084,0,ok,
secondary_sensitivity_double_logistic_seasonal_parameter,2020,timesat_double_logistic_cv_seapar,2020-09-04,2020,7.4840499999999999,False,2020_segment_2,15.334766387939453,0,ok,
secondary_sensitivity_double_logistic_seasonal_parameter,2020,timesat_double_logistic_cv_seapar,2020-09-05,2020,7.3597700000000001,True,2020_segment_2,15.613235473632812,0,ok,
secondary_sensitivity_double_logistic_seasonal_parameter,2020,timesat_double_logistic_cv_seapar,2020-09-06,2020,16.5975,False,2020_segment_2,15.85453987121582,0,ok,
secondary_sensitivity_double_logistic_seasonal_parameter,2020,timesat_double_logistic_cv_seapar,2020-09-07,2020,13.0488,False,2020_segment_2,16.048938751220703,0,ok,
secondary_sensitivity_double_logistic_seasonal_parameter,2020,timesat_double_logistic_cv_seapar,2020-09-08,2020,9.6297300000000003,False,2020_segment_2,16.187648773193359,0,ok,
secondary_sensitivity_double_logistic_seasonal_parameter,2020,timesat_double_logistic_cv_seapar,2020-09-09,2020,42.731900000000003,False,2020_segment_2,16.263200759887695,0,ok,
secondary_sensitivity_double_logistic_seasonal_parameter,2020,timesat_double_logistic_cv_seapar,2020-09-10,2020,22.781400000000001,True,2020_segment_2,16.269735336303711,0,ok,
secondary_sensitivity_double_logistic_seasonal_parameter,2020,timesat_double_logistic_cv_seapar,2020-09-11,2020,35.732500000000002,False,2020_segment_2,16.203252792358398,0,ok,
secondary_sensitivity_double_logistic_seasonal_parameter,2020,timesat_double_logistic_cv_seapar,2020-09-12,2020,28.8446,False,2020_segment_2,16.061750411987305,0,ok,
secondary_sensitivity_double_logistic_seasonal_parameter,2020,timesat_double_logistic_cv_seapar,2020-09-13,2020,30.6279,True,2020_segment_2,15.845293045043945,0,ok,
secondary_sensitivity_double_logistic_seasonal_parameter,2020,timesat_double_logistic_cv_seapar,2020-09-14,2020,19.348600000000001,False,2020_segment_2,15.555960655212402,0,ok,
secondary_sensitivity_double_logistic_seasonal_parameter,2020,timesat_double_logistic_cv_seapar,2020-09-15,2020,8.5735299999999999,False,2020_segment_2,15.197710037231445,0,ok,
secondary_sensitivity_double_logistic_seasonal_parameter,2020,timesat_double_logistic_cv_seapar,2020-09-16,2020,11.9734,False,2020_segment_2,14.776153564453125,0,ok,
secondary_sensitivity_double_logistic_seasonal_parameter,2020,timesat_double_logistic_cv_seapar,2020-09-17,2020,6.9770799999999999,False,2020_segment_2,14.298261642456055,0,ok,
secondary_sensitivity_double_logistic_seasonal_parameter,2020,timesat_double_logistic_cv_seapar,2020-09-18,2020,10.0665,True,2020_segment_2,13.772035598754883,0,ok,
secondary_sensitivity_double_logistic_seasonal_parameter,2020,timesat_double_logistic_cv_seapar,2020-09-19,2020,13.229900000000001,False,2020_segment_2,13.206147193908691,0,ok,
secondary_sensitivity_double_logistic_seasonal_parameter,2020,timesat_double_logistic_cv_seapar,2020-09-20,2020,16.319299999999998,False,2020_segment_2,12.609590530395508,0,ok,
secondary_sensitivity_double_logistic_seasonal_parameter,2020,timesat_double_logistic_cv_seapar,2020-09-21,2020,3.9172199999999999,False,2020_segment_2,11.991353034973145,0,ok,
secondary_sensitivity_double_logistic_seasonal_parameter,2020,timesat_double_logistic_cv_seapar,2020-09-22,2020,6.07538,False,2020_segment_2,11.360123634338379,0,ok,
secondary_sensitivity_double_logistic_seasonal_parameter,2020,timesat_double_logistic_cv_seapar,2020-09-23,2020,4.8857900000000001,True,2020_segment_2,10.724058151245117,0,ok,
secondary_sensitivity_double_logistic_seasonal_parameter,2020,timesat_double_logistic_cv_seapar,2020-09-24,2020,4.2777799999999999,False,2020_segment_2,10.090591430664062,0,ok,
secondary_sensitivity_double_logistic_seasonal_parameter,2020,timesat_double_logistic_cv_seapar,2020-09-25,2020,4.4297800000000001,False,2020_segment_2,9.4663152694702148,0,ok,
secondary_sensitivity_double_logistic_seasonal_parameter,2020,timesat_double_logistic_cv_seapar,2020-09-26,2020,3.89777,False,2020_segment_2,8.8569011688232422,0,ok,
secondary_sensitivity_double_logistic_seasonal_parameter,2020,timesat_double_logistic_cv_seapar,2020-09-27,2020,3.0291899999999998,False,2020_segment_2,8.2670793533325195,0,ok,
secondary_sensitivity_double_logistic_seasonal_parameter,2020,timesat_double_logistic_cv_seapar,2020-09-28,2020,3.0291899999999998,False,2020_segment_2,7.7006497383117676,0,ok,
secondary_sensitivity_double_logistic_seasonal_parameter,2020,timesat_double_logistic_cv_seapar,2020-09-29,2020,2.4731999999999998,False,2020_segment_2,7.1605315208435059,0,ok,
secondary_sensitivity_double_logistic_seasonal_parameter,2020,timesat_double_logistic_cv_seapar,2020-09-30,2020,3.31847,False,2020_segment_2,6.6488280296325684,0,ok,
secondary_sensitivity_double_logistic_seasonal_parameter,2020,timesat_double_logistic_cv_seapar,2020-10-01,2020,3.5793599999999999,False,2020_segment_2,6.1669149398803711,0,ok,
secondary_sensitivity_double_logistic_seasonal_parameter,2020,timesat_double_logistic_cv_seapar,2020-10-02,2020,3.0367099999999998,False,2020_segment_2,5.7155270576477051,0,ok,
secondary_sensitivity_double_logistic_seasonal_parameter,2020,timesat_double_logistic_cv_seapar,2020-10-03,2020,2.5358100000000001,False,2020_segment_2,5.2948579788208008,0,ok,
secondary_sensitivity_double_logistic_seasonal_parameter,2020,timesat_double_logistic_cv_seapar,2020-10-04,2020,2.6714699999999998,False,2020_segment_2,4.9046473503112793,0,ok,
secondary_sensitivity_double_logistic_seasonal_parameter,2020,timesat_double_logistic_cv_seapar,2020-10-05,2020,2.6297299999999999,False,2020_segment_2,4.5442709922790527,0,ok,
secondary_sensitivity_double_logistic_seasonal_parameter,2020,timesat_double_logistic_cv_seapar,2020-10-06,2020,2.76539,False,2020_segment_2,4.2128181457519531,0,ok,
secondary_sensitivity_double_logistic_seasonal_parameter,2020,timesat_double_logistic_cv_seapar,2020-10-07,2020,2.5149400000000002,False,2020_segment_2,3.9091639518737793,0,ok,
secondary_sensitivity_double_logistic_seasonal_parameter,2020,timesat_double_logistic_cv_seapar,2020-10-08,2020,2.8801800000000002,False,2020_segment_2,3.6320302486419678,0,ok,
secondary_sensitivity_double_logistic_seasonal_parameter,2020,timesat_double_logistic_cv_seapar,2020-10-09,2020,2.9114900000000001,False,2020_segment_2,3.3800384998321533,0,ok,
secondary_sensitivity_double_logistic_seasonal_parameter,2020,timesat_double_logistic_cv_seapar,2020-10-10,2020,2.8697499999999998,False,2020_segment_2,3.1517531871795654,0,ok,
secondary_sensitivity_double_logistic_seasonal_parameter,2020,timesat_double_logistic_cv_seapar,2020-10-11,2020,2.76539,False,2020_segment_2,2.9457192420959473,0,ok,
secondary_sensitivity_double_logistic_seasonal_parameter,2020,timesat_double_logistic_cv_seapar,2020-10-12,2020,3.0680200000000002,False,2020_segment_2,2.7604882717132568,0,ok,
secondary_sensitivity_double_logistic_seasonal_parameter,2020,timesat_double_logistic_cv_seapar,2020-10-13,2020,2.4195199999999999,False,2020_segment_2,2.5946431159973145,0,ok,
secondary_sensitivity_double_logistic_seasonal_parameter,2020,timesat_double_logistic_cv_seapar,2020-10-14,2020,2.5827399999999998,False,2020_segment_2,2.4468133449554443,0,ok,
secondary_sensitivity_double_logistic_seasonal_parameter,2020,timesat_double_logistic_cv_seapar,2020-10-15,2020,2.75556,True,2020_segment_2,2.3156874179840088,0,ok,
secondary_sensitivity_double_logistic_seasonal_parameter,2020,timesat_double_logistic_cv_seapar,2020-10-16,2020,3.0051899999999998,False,2020_segment_2,2.2000212669372559,0,ok,
secondary_sensitivity_double_logistic_seasonal_parameter,2020,timesat_double_logistic_cv_seapar,2020-10-17,2020,3.2260200000000001,False,2020_segment_2,2.0986433029174805,0,ok,
secondary_sensitivity_double_logistic_seasonal_parameter,2020,timesat_double_logistic_cv_seapar,2020-10-18,2020,2.57314,False,2020_segment_2,2.0104563236236572,0,ok,
secondary_sensitivity_double_logistic_seasonal_parameter,2020,timesat_double_logistic_cv_seapar,2020-10-19,2020,2.5635300000000001,False,2020_segment_2,1.9344391822814941,0,ok,
secondary_sensitivity_double_logistic_seasonal_parameter,2020,timesat_double_logistic_cv_seapar,2020-10-20,2020,2.88998,False,2020_segment_2,1.8696440458297729,0,ok,
secondary_sensitivity_double_logistic_seasonal_parameter,2020,timesat_double_logistic_cv_seapar,2020-10-21,2020,3.6964800000000002,False,2020_segment_2,1.8151955604553223,0,ok,
secondary_sensitivity_double_logistic_seasonal_parameter,2020,timesat_double_logistic_cv_seapar,2020-10-22,2020,3.7540900000000001,False,2020_segment_2,1.7702864408493042,0,ok,
secondary_sensitivity_double_logistic_seasonal_parameter,2020,timesat_double_logistic_cv_seapar,2020-10-23,2020,2.8035600000000001,False,2020_segment_2,1.7341746091842651,0,ok,
secondary_sensitivity_double_logistic_seasonal_parameter,2020,timesat_double_logistic_cv_seapar,2020-10-24,2020,3.2452200000000002,False,2020_segment_2,1.7061783075332642,0,ok,
secondary_sensitivity_double_logistic_seasonal_parameter,2020,timesat_double_logistic_cv_seapar,2020-10-25,2020,3.0628000000000002,False,2020_segment_2,1.6856721639633179,0,ok,
secondary_sensitivity_double_logistic_seasonal_parameter,2020,timesat_double_logistic_cv_seapar,2020-10-26,2020,2.0608200000000001,False,2020_segment_2,1.6720821857452393,0,ok,
secondary_sensitivity_double_logistic_seasonal_parameter,2020,timesat_double_logistic_cv_seapar,2020-10-27,2020,1.32568,False,2020_segment_2,1.6648813486099243,0,ok,
secondary_sensitivity_double_logistic_seasonal_parameter,2020,timesat_double_logistic_cv_seapar,2020-10-28,2020,1.2944899999999999,False,2020_segment_2,1.6635855436325073,0,ok,
secondary_sensitivity_double_logistic_seasonal_parameter,2020,timesat_double_logistic_cv_seapar,2020-10-29,2020,1.2633099999999999,False,2020_segment_2,1.6677485704421997,0,ok,
secondary_sensitivity_double_logistic_seasonal_parameter,2020,timesat_double_logistic_cv_seapar,2020-10-30,2020,1.2321200000000001,False,2020_segment_2,1.6769583225250244,0,ok,
secondary_sensitivity_double_logistic_seasonal_parameter,2020,timesat_double_logistic_cv_seapar,2020-10-31,2020,1.2009399999999999,False,2020_segment_2,1.6908328533172607,0,ok,
secondary_sensitivity_double_logistic_seasonal_parameter,2020,timesat_double_logistic_cv_seapar,2020-11-01,2020,1.9818100000000001,False,2020_segment_2,1.7090169191360474,0,ok,
secondary_sensitivity_double_logistic_seasonal_parameter,2020,timesat_double_logistic_cv_seapar,2020-11-02,2020,1.86988,False,2020_segment_2,1.7311779260635376,0,ok,
secondary_sensitivity_double_logistic_seasonal_parameter,2020,timesat_double_logistic_cv_seapar,2020-11-03,2020,1.5736000000000001,False,2020_segment_2,1.7570034265518188,0,ok,
secondary_sensitivity_double_logistic_seasonal_parameter,2020,timesat_double_logistic_cv_seapar,2020-11-04,2020,1.0762,True,2020_segment_2,1.7861979007720947,0,ok,
secondary_sensitivity_double_logistic_seasonal_parameter,2020,timesat_double_logistic_cv_seapar,2020-11-05,2020,1.04501,False,2020_segment_2,1.8184801340103149,0,ok,
secondary_sensitivity_double_logistic_seasonal_parameter,2020,timesat_double_logistic_cv_seapar,2020-11-06,2020,1.01383,False,2020_segment_2,1.8535810708999634,0,ok,
secondary_sensitivity_double_logistic_seasonal_parameter,2020,timesat_double_logistic_cv_seapar,2020-11-07,2020,0.98264399999999996,False,2020_segment_2,1.8912414312362671,0,ok,
secondary_sensitivity_double_logistic_seasonal_parameter,2020,timesat_double_logistic_cv_seapar,2020-11-08,2020,0.95145900000000005,False,2020_segment_2,1.9312105178833008,0,ok,
secondary_sensitivity_double_logistic_seasonal_parameter,2020,timesat_double_logistic_cv_seapar,2020-11-09,2020,0.92027400000000004,True,2020_segment_2,1.9732438325881958,0,ok,
secondary_sensitivity_double_logistic_seasonal_parameter,2020,timesat_double_logistic_cv_seapar,2020-11-10,2020,1.35036,False,2020_segment_2,2.0171027183532715,0,ok,
secondary_sensitivity_double_logistic_seasonal_parameter,2020,timesat_double_logistic_cv_seapar,2020-11-11,2020,1.3564400000000001,False,2020_segment_2,2.0625526905059814,0,ok,
secondary_sensitivity_double_logistic_seasonal_parameter,2020,timesat_double_logistic_cv_seapar,2020-11-12,2020,2.8500000000000001,False,2020_segment_2,2.109363317489624,0,ok,
secondary_sensitivity_double_logistic_seasonal_parameter,2020,timesat_double_logistic_cv_seapar,2020-11-13,2020,2.96,False,2020_segment_2,2.157306432723999,0,ok,
secondary_sensitivity_double_logistic_seasonal_parameter,2020,timesat_double_logistic_cv_seapar,2020-11-14,2020,2.4500000000000002,False,2020_segment_2,2.2061574459075928,0,ok,
secondary_sensitivity_double_logistic_seasonal_parameter,2020,timesat_double_logistic_cv_seapar,2020-11-15,2020,2.46,False,2020_segment_2,2.2556939125061035,0,ok,
secondary_sensitivity_double_logistic_seasonal_parameter,2020,timesat_double_logistic_cv_seapar,2020-11-16,2020,2.29,False,2020_segment_2,2.3056962490081787,0,ok,
secondary_sensitivity_double_logistic_seasonal_parameter,2020,timesat_double_logistic_cv_seapar,2020-11-17,2020,2.4100000000000001,False,2020_segment_2,2.3559482097625732,0,ok,
secondary_sensitivity_double_logistic_seasonal_parameter,2020,timesat_double_logistic_cv_seapar,2020-11-18,2020,2.0899999999999999,False,2020_segment_2,2.4062356948852539,0,ok,
secondary_sensitivity_double_logistic_seasonal_parameter,2020,timesat_double_logistic_cv_seapar,2020-11-19,2020,2.1400000000000001,False,2020_segment_2,2.4563496112823486,0,ok,
secondary_sensitivity_double_logistic_seasonal_parameter,2020,timesat_double_logistic_cv_seapar,2020-11-20,2020,2.2400000000000002,False,2020_segment_2,2.5060844421386719,0,ok,
secondary_sensitivity_double_logistic_seasonal_parameter,2020,timesat_double_logistic_cv_seapar,2020-11-21,2020,2.3500000000000001,False,2020_segment_2,2.5552396774291992,0,ok,
secondary_sensitivity_double_logistic_seasonal_parameter,2020,timesat_double_logistic_cv_seapar,2020-11-22,2020,2.1299999999999999,True,2020_segment_2,2.6036210060119629,0,ok,
secondary_sensitivity_double_logistic_seasonal_parameter,2021,timesat_double_logistic_cv_seapar,2021-03-19,2021,3.4342299999999999,True,2021_segment_1,11.746433258056641,0,ok,
secondary_sensitivity_double_logistic_seasonal_parameter,2021,timesat_double_logistic_cv_seapar,2021-03-20,2021,4.6899800000000003,False,2021_segment_1,12.599769592285156,0,ok,
secondary_sensitivity_double_logistic_seasonal_parameter,2021,timesat_double_logistic_cv_seapar,2021-03-21,2021,4.0031299999999996,False,2021_segment_1,13.476363182067871,0,ok,
secondary_sensitivity_double_logistic_seasonal_parameter,2021,timesat_double_logistic_cv_seapar,2021-03-22,2021,4.1904500000000002,True,2021_segment_1,14.36861515045166,0,ok,
secondary_sensitivity_double_logistic_seasonal_parameter,2021,timesat_double_logistic_cv_seapar,2021-03-23,2021,5.1270600000000002,False,2021_segment_1,15.26750659942627,0,ok,
secondary_sensitivity_double_logistic_seasonal_parameter,2021,timesat_double_logistic_cv_seapar,2021-03-24,2021,5.8416600000000001,False,2021_segment_1,16.16264533996582,0,ok,
secondary_sensitivity_double_logistic_seasonal_parameter,2021,timesat_double_logistic_cv_seapar,2021-03-25,2021,5.6265799999999997,False,2021_segment_1,17.042381286621094,0,ok,
secondary_sensitivity_double_logistic_seasonal_parameter,2021,timesat_double_logistic_cv_seapar,2021-03-26,2021,7.4032200000000001,False,2021_segment_1,17.894010543823242,0,ok,
secondary_sensitivity_double_logistic_seasonal_parameter,2021,timesat_double_logistic_cv_seapar,2021-03-27,2021,9.6227699999999992,False,2021_segment_1,18.704048156738281,0,ok,
secondary_sensitivity_double_logistic_seasonal_parameter,2021,timesat_double_logistic_cv_seapar,2021-03-28,2021,11.2254,False,2021_segment_1,19.458595275878906,0,ok,
secondary_sensitivity_double_logistic_seasonal_parameter,2021,timesat_double_logistic_cv_seapar,2021-03-29,2021,10.7361,False,2021_segment_1,20.143758773803711,0,ok,
secondary_sensitivity_double_logistic_seasonal_parameter,2021,timesat_double_logistic_cv_seapar,2021-03-30,2021,13.0663,False,2021_segment_1,20.746145248413086,0,ok,
secondary_sensitivity_double_logistic_seasonal_parameter,2021,timesat_double_logistic_cv_seapar,2021-03-31,2021,16.456299999999999,False,2021_segment_1,21.253360748291016,0,ok,
secondary_sensitivity_double_logistic_seasonal_parameter,2021,timesat_double_logistic_cv_seapar,2021-04-01,2021,20.668199999999999,False,2021_segment_1,21.654529571533203,0,ok,
secondary_sensitivity_double_logistic_seasonal_parameter,2021,timesat_double_logistic_cv_seapar,2021-04-02,2021,29.1557,False,2021_segment_1,21.940757751464844,0,ok,
secondary_sensitivity_double_logistic_seasonal_parameter,2021,timesat_double_logistic_cv_seapar,2021-04-03,2021,29.1252,True,2021_segment_1,22.105548858642578,0,ok,
secondary_sensitivity_double_logistic_seasonal_parameter,2021,timesat_double_logistic_cv_seapar,2021-04-04,2021,27.808399999999999,False,2021_segment_1,22.145103454589844,0,ok,
secondary_sensitivity_double_logistic_seasonal_parameter,2021,timesat_double_logistic_cv_seapar,2021-04-05,2021,23.422599999999999,False,2021_segment_1,22.058504104614258,0,ok,
secondary_sensitivity_double_logistic_seasonal_parameter,2021,timesat_double_logistic_cv_seapar,2021-04-06,2021,32.954999999999998,False,2021_segment_1,21.847761154174805,0,ok,
secondary_sensitivity_double_logistic_seasonal_parameter,2021,timesat_double_logistic_cv_seapar,2021-04-07,2021,35.546100000000003,False,2021_segment_1,21.517711639404297,0,ok,
secondary_sensitivity_double_logistic_seasonal_parameter,2021,timesat_double_logistic_cv_seapar,2021-04-08,2021,37.868200000000002,True,2021_segment_1,21.075794219970703,0,ok,
secondary_sensitivity_double_logistic_seasonal_parameter,2021,timesat_double_logistic_cv_seapar,2021-04-09,2021,35.853400000000001,False,2021_segment_1,20.531696319580078,0,ok,
secondary_sensitivity_double_logistic_seasonal_parameter,2021,timesat_double_logistic_cv_seapar,2021-04-10,2021,25.151399999999999,False,2021_segment_1,19.896919250488281,0,ok,
secondary_sensitivity_double_logistic_seasonal_parameter,2021,timesat_double_logistic_cv_seapar,2021-04-11,2021,23.660399999999999,False,2021_segment_1,19.184293746948242,0,ok,
secondary_sensitivity_double_logistic_seasonal_parameter,2021,timesat_double_logistic_cv_seapar,2021-04-12,2021,26.803100000000001,False,2021_segment_1,18.407461166381836,0,ok,
secondary_sensitivity_double_logistic_seasonal_parameter,2021,timesat_double_logistic_cv_seapar,2021-04-13,2021,16.1616,True,2021_segment_1,17.58036994934082,0,ok,
secondary_sensitivity_double_logistic_seasonal_parameter,2021,timesat_double_logistic_cv_seapar,2021-04-14,2021,10.6212,False,2021_segment_1,16.716814041137695,0,ok,
secondary_sensitivity_double_logistic_seasonal_parameter,2021,timesat_double_logistic_cv_seapar,2021-04-15,2021,6.2700399999999998,False,2021_segment_1,15.830021858215332,0,ok,
secondary_sensitivity_double_logistic_seasonal_parameter,2021,timesat_double_logistic_cv_seapar,2021-04-16,2021,4.2911299999999999,False,2021_segment_1,14.93233585357666,0,ok,
secondary_sensitivity_double_logistic_seasonal_parameter,2021,timesat_double_logistic_cv_seapar,2021-04-17,2021,3.2130999999999998,False,2021_segment_1,14.034954071044922,0,ok,
secondary_sensitivity_double_logistic_seasonal_parameter,2021,timesat_double_logistic_cv_seapar,2021-04-18,2021,2.9368300000000001,True,2021_segment_1,13.14776611328125,0,ok,
secondary_sensitivity_double_logistic_seasonal_parameter,2021,timesat_double_logistic_cv_seapar,2021-04-19,2021,2.6275300000000001,False,2021_segment_1,12.279264450073242,0,ok,
secondary_sensitivity_double_logistic_seasonal_parameter,2021,timesat_double_logistic_cv_seapar,2021-04-20,2021,3.9138299999999999,False,2021_segment_1,11.436513900756836,0,ok,
secondary_sensitivity_double_logistic_seasonal_parameter,2021,timesat_double_logistic_cv_seapar,2021-04-21,2021,4.2085999999999997,True,2021_segment_1,10.62519359588623,0,ok,
secondary_sensitivity_double_logistic_seasonal_parameter,2021,timesat_double_logistic_cv_seapar,2021-04-22,2021,3.6026899999999999,False,2021_segment_1,9.8496646881103516,0,ok,
secondary_sensitivity_double_logistic_seasonal_parameter,2021,timesat_double_logistic_cv_seapar,2021-04-23,2021,3.5371899999999998,True,2021_segment_1,9.1130809783935547,0,ok,
secondary_sensitivity_double_logistic_seasonal_parameter,2021,timesat_double_logistic_cv_seapar,2021-04-24,2021,3.5917699999999999,False,2021_segment_1,8.4175186157226562,0,ok,
secondary_sensitivity_double_logistic_seasonal_parameter,2021,timesat_double_logistic_cv_seapar,2021-04-25,2021,3.8919999999999999,False,2021_segment_1,7.7641091346740723,0,ok,
secondary_sensitivity_double_logistic_seasonal_parameter,2021,timesat_double_logistic_cv_seapar,2021-04-26,2021,3.9083700000000001,False,2021_segment_1,7.1531820297241211,0,ok,
secondary_sensitivity_double_logistic_seasonal_parameter,2021,timesat_double_logistic_cv_seapar,2021-04-27,2021,3.70818,False,2021_segment_1,6.5844011306762695,0,ok,
secondary_sensitivity_double_logistic_seasonal_parameter,2021,timesat_double_logistic_cv_seapar,2021-04-28,2021,4.2967000000000004,False,2021_segment_1,6.0568909645080566,0,ok,
secondary_sensitivity_double_logistic_seasonal_parameter,2021,timesat_double_logistic_cv_seapar,2021-04-29,2021,4.1101000000000001,False,2021_segment_1,5.5693545341491699,0,ok,
secondary_sensitivity_double_logistic_seasonal_parameter,2021,timesat_double_logistic_cv_seapar,2021-04-30,2021,3.6268400000000001,False,2021_segment_1,5.1201777458190918,0,ok,
secondary_sensitivity_double_logistic_seasonal_parameter,2021,timesat_double_logistic_cv_seapar,2021-05-01,2021,3.1148699999999998,False,2021_segment_1,4.7075176239013672,0,ok,
secondary_sensitivity_double_logistic_seasonal_parameter,2021,timesat_double_logistic_cv_seapar,2021-05-02,2021,2.9426199999999998,False,2021_segment_1,4.3293814659118652,0,ok,
secondary_sensitivity_double_logistic_seasonal_parameter,2021,timesat_double_logistic_cv_seapar,2021-05-03,2021,3.2010000000000001,False,2021_segment_1,3.9836888313293457,0,ok,
secondary_sensitivity_double_logistic_seasonal_parameter,2021,timesat_double_logistic_cv_seapar,2021-05-04,2021,2.51851,False,2021_segment_1,3.6683270931243896,0,ok,
secondary_sensitivity_double_logistic_seasonal_parameter,2021,timesat_double_logistic_cv_seapar,2021-05-05,2021,2.21435,False,2021_segment_1,3.3811907768249512,0,ok,
secondary_sensitivity_double_logistic_seasonal_parameter,2021,timesat_double_logistic_cv_seapar,2021-05-06,2021,2.2954599999999998,False,2021_segment_1,3.1202154159545898,0,ok,
secondary_sensitivity_double_logistic_seasonal_parameter,2021,timesat_double_logistic_cv_seapar,2021-05-07,2021,1.93451,False,2021_segment_1,2.8834033012390137,0,ok,
secondary_sensitivity_double_logistic_seasonal_parameter,2021,timesat_double_logistic_cv_seapar,2021-05-08,2021,2.1332300000000002,True,2021_segment_1,2.6688394546508789,0,ok,
secondary_sensitivity_double_logistic_seasonal_parameter,2021,timesat_double_logistic_cv_seapar,2021-05-09,2021,2.0399600000000002,False,2021_segment_1,2.4747071266174316,0,ok,
secondary_sensitivity_double_logistic_seasonal_parameter,2021,timesat_double_logistic_cv_seapar,2021-05-10,2021,2.1291799999999999,False,2021_segment_1,2.2992925643920898,0,ok,
secondary_sensitivity_double_logistic_seasonal_parameter,2021,timesat_double_logistic_cv_seapar,2021-05-11,2021,1.9680299999999999,False,2021_segment_1,2.1409926414489746,0,ok,
secondary_sensitivity_double_logistic_seasonal_parameter,2021,timesat_double_logistic_cv_seapar,2021-05-12,2021,2.0485899999999999,False,2021_segment_1,1.998313307762146,0,ok,
secondary_sensitivity_double_logistic_seasonal_parameter,2021,timesat_double_logistic_cv_seapar,2021-05-13,2021,2.0792799999999998,True,2021_segment_1,1.8698712587356567,0,ok,
secondary_sensitivity_double_logistic_seasonal_parameter,2021,timesat_double_logistic_cv_seapar,2021-05-14,2021,1.90665,False,2021_segment_1,1.7543895244598389,0,ok,
secondary_sensitivity_double_logistic_seasonal_parameter,2021,timesat_double_logistic_cv_seapar,2021-05-15,2021,2.14066,False,2021_segment_1,1.6506952047348022,0,ok,
secondary_sensitivity_double_logistic_seasonal_parameter,2021,timesat_double_logistic_cv_seapar,2021-05-16,2021,2.2902800000000001,False,2021_segment_1,1.5577142238616943,0,ok,
secondary_sensitivity_double_logistic_seasonal_parameter,2021,timesat_double_logistic_cv_seapar,2021-05-17,2021,2.0907900000000001,False,2021_segment_1,1.47446608543396,0,ok,
secondary_sensitivity_double_logistic_seasonal_parameter,2021,timesat_double_logistic_cv_seapar,2021-05-18,2021,2.2734000000000001,True,2021_segment_1,1.4000589847564697,0,ok,
secondary_sensitivity_double_logistic_seasonal_parameter,2021,timesat_double_logistic_cv_seapar,2021-05-19,2021,2.1675599999999999,False,2021_segment_1,1.3336840867996216,0,ok,
secondary_sensitivity_double_logistic_seasonal_parameter,2021,timesat_double_logistic_cv_seapar,2021-05-20,2021,1.98129,False,2021_segment_1,1.2746094465255737,0,ok,
secondary_sensitivity_double_logistic_seasonal_parameter,2021,timesat_double_logistic_cv_seapar,2021-05-21,2021,2.2564700000000002,False,2021_segment_1,1.2221753597259521,0,ok,
secondary_sensitivity_double_logistic_seasonal_parameter,2021,timesat_double_logistic_cv_seapar,2021-05-22,2021,2.4342700000000002,False,2021_segment_1,1.1757889986038208,0,ok,
secondary_sensitivity_double_logistic_seasonal_parameter,2021,timesat_double_logistic_cv_seapar,2021-05-23,2021,1.9050800000000001,False,2021_segment_1,1.1349189281463623,0,ok,
secondary_sensitivity_double_logistic_seasonal_parameter,2021,timesat_double_logistic_cv_seapar,2021-05-24,2021,1.74421,False,2021_segment_1,1.0990909337997437,0,ok,
secondary_sensitivity_double_logistic_seasonal_parameter,2021,timesat_double_logistic_cv_seapar,2021-05-25,2021,1.7547299999999999,False,2021_segment_1,1.0678837299346924,0,ok,
secondary_sensitivity_double_logistic_seasonal_parameter,2021,timesat_double_logistic_cv_seapar,2021-05-26,2021,1.3544700000000001,False,2021_segment_1,1.0409247875213623,0,ok,
secondary_sensitivity_double_logistic_seasonal_parameter,2021,timesat_double_logistic_cv_seapar,2021-05-27,2021,1.4473800000000001,False,2021_segment_1,1.0178864002227783,0,ok,
secondary_sensitivity_double_logistic_seasonal_parameter,2021,timesat_double_logistic_cv_seapar,2021-05-28,2021,1.5831900000000001,True,2021_segment_1,0.99848282337188721,0,ok,
secondary_sensitivity_double_logistic_seasonal_parameter,2021,timesat_double_logistic_cv_seapar,2021-05-29,2021,1.36161,False,2021_segment_1,0.98246711492538452,0,ok,
secondary_sensitivity_double_logistic_seasonal_parameter,2021,timesat_double_logistic_cv_seapar,2021-05-30,2021,1.5331600000000001,False,2021_segment_1,0.96962827444076538,0,ok,
secondary_sensitivity_double_logistic_seasonal_parameter,2021,timesat_double_logistic_cv_seapar,2021-05-31,2021,1.5117100000000001,False,2021_segment_1,0.959788978099823,0,ok,
secondary_sensitivity_double_logistic_seasonal_parameter,2021,timesat_double_logistic_cv_seapar,2021-06-01,2021,1.9756800000000001,False,2021_segment_1,0.95280361175537109,0,ok,
secondary_sensitivity_double_logistic_seasonal_parameter,2021,timesat_double_logistic_cv_seapar,2021-06-02,2021,2.0250699999999999,True,2021_segment_1,0.94855606555938721,0,ok,
secondary_sensitivity_double_logistic_seasonal_parameter,2021,timesat_double_logistic_cv_seapar,2021-06-03,2021,2.1856,False,2021_segment_1,0.94695872068405151,0,ok,
secondary_sensitivity_double_logistic_seasonal_parameter,2021,timesat_double_logistic_cv_seapar,2021-06-04,2021,1.69991,False,2021_segment_1,0.94795072078704834,0,ok,
secondary_sensitivity_double_logistic_seasonal_parameter,2021,timesat_double_logistic_cv_seapar,2021-06-05,2021,1.6093599999999999,True,2021_segment_1,0.95149713754653931,0,ok,
secondary_sensitivity_double_logistic_seasonal_parameter,2021,timesat_double_logistic_cv_seapar,2021-06-06,2021,1.35416,False,2021_segment_1,0.95758801698684692,0,ok,
secondary_sensitivity_double_logistic_seasonal_parameter,2021,timesat_double_logistic_cv_seapar,2021-06-07,2021,1.8439700000000001,True,2021_segment_1,0.96623802185058594,0,ok,
secondary_sensitivity_double_logistic_seasonal_parameter,2021,timesat_double_logistic_cv_seapar,2021-06-08,2021,1.86138,False,2021_segment_1,0.97748559713363647,0,ok,
secondary_sensitivity_double_logistic_seasonal_parameter,2021,timesat_double_logistic_cv_seapar,2021-06-09,2021,1.6292899999999999,False,2021_segment_1,0.99139314889907837,0,ok,
secondary_sensitivity_double_logistic_seasonal_parameter,2021,timesat_double_logistic_cv_seapar,2021-06-10,2021,1.86602,True,2021_segment_1,1.0080468654632568,0,ok,
secondary_sensitivity_double_logistic_seasonal_parameter,2021,timesat_double_logistic_cv_seapar,2021-06-11,2021,1.57359,False,2021_segment_1,1.0275567770004272,0,ok,
secondary_sensitivity_double_logistic_seasonal_parameter,2021,timesat_double_logistic_cv_seapar,2021-06-12,2021,1.57359,True,2021_segment_1,1.0500572919845581,0,ok,
secondary_sensitivity_double_logistic_seasonal_parameter,2021,timesat_double_logistic_cv_seapar,2021-06-13,2021,1.36934,False,2021_segment_1,1.0757071971893311,0,ok,
secondary_sensitivity_double_logistic_seasonal_parameter,2021,timesat_double_logistic_cv_seapar,2021-06-14,2021,1.58287,False,2021_segment_1,1.1046907901763916,0,ok,
secondary_sensitivity_double_logistic_seasonal_parameter,2021,timesat_double_logistic_cv_seapar,2021-06-15,2021,1.6633800000000001,True,2021_segment_1,1.1372182369232178,0,ok,
secondary_sensitivity_double_logistic_seasonal_parameter,2021,timesat_double_logistic_cv_seapar,2021-06-16,2021,1.73698,False,2021_segment_1,1.1735262870788574,0,ok,
secondary_sensitivity_double_logistic_seasonal_parameter,2021,timesat_double_logistic_cv_seapar,2021-06-17,2021,1.88418,False,2021_segment_1,1.2138797044754028,0,ok,
secondary_sensitivity_double_logistic_seasonal_parameter,2021,timesat_double_logistic_cv_seapar,2021-06-18,2021,1.6265799999999999,False,2021_segment_1,1.2585713863372803,0,ok,
secondary_sensitivity_double_logistic_seasonal_parameter,2021,timesat_double_logistic_cv_seapar,2021-06-19,2021,1.6045,False,2021_segment_1,1.3079240322113037,0,ok,
secondary_sensitivity_double_logistic_seasonal_parameter,2021,timesat_double_logistic_cv_seapar,2021-06-20,2021,1.7517,True,2021_segment_1,1.3622910976409912,0,ok,
secondary_sensitivity_double_logistic_seasonal_parameter,2021,timesat_double_logistic_cv_seapar,2021-06-21,2021,1.5235399999999999,False,2021_segment_1,1.422057032585144,0,ok,
secondary_sensitivity_double_logistic_seasonal_parameter,2021,timesat_double_logistic_cv_seapar,2021-06-22,2021,1.6488,False,2021_segment_1,1.487639307975769,0,ok,
secondary_sensitivity_double_logistic_seasonal_parameter,2021,timesat_double_logistic_cv_seapar,2021-06-23,2021,1.40923,False,2021_segment_1,1.5594879388809204,0,ok,
secondary_sensitivity_double_logistic_seasonal_parameter,2021,timesat_double_logistic_cv_seapar,2021-06-24,2021,1.66289,False,2021_segment_1,1.638087272644043,0,ok,
secondary_sensitivity_double_logistic_seasonal_parameter,2021,timesat_double_logistic_cv_seapar,2021-06-25,2021,1.85314,False,2021_segment_1,1.7239551544189453,0,ok,
secondary_sensitivity_double_logistic_seasonal_parameter,2021,timesat_double_logistic_cv_seapar,2021-06-26,2021,1.90951,False,2021_segment_1,1.8176436424255371,0,ok,
secondary_sensitivity_double_logistic_seasonal_parameter,2021,timesat_double_logistic_cv_seapar,2021-06-27,2021,1.90951,True,2021_segment_1,1.9197385311126709,0,ok,
secondary_sensitivity_double_logistic_seasonal_parameter,2021,timesat_double_logistic_cv_seapar,2021-06-28,2021,2.15612,False,2021_segment_1,2.030858039855957,0,ok,
secondary_sensitivity_double_logistic_seasonal_parameter,2021,timesat_double_logistic_cv_seapar,2021-06-29,2021,4.9463999999999997,False,2021_segment_1,2.1516509056091309,0,ok,
secondary_sensitivity_double_logistic_seasonal_parameter,2021,timesat_double_logistic_cv_seapar,2021-06-30,2021,3.94116,True,2021_segment_1,2.2827951908111572,0,ok,
secondary_sensitivity_double_logistic_seasonal_parameter,2021,timesat_double_logistic_cv_seapar,2021-07-01,2021,3.9252099999999999,False,2021_segment_1,2.4249930381774902,0,ok,
secondary_sensitivity_double_logistic_seasonal_parameter,2021,timesat_double_logistic_cv_seapar,2021-07-02,2021,5.0421399999999998,True,2021_segment_1,2.5789687633514404,0,ok,
secondary_sensitivity_double_logistic_seasonal_parameter,2021,timesat_double_logistic_cv_seapar,2021-07-03,2021,4.4677199999999999,False,2021_segment_1,2.7454602718353271,0,ok,
secondary_sensitivity_double_logistic_seasonal_parameter,2021,timesat_double_logistic_cv_seapar,2021-07-04,2021,3.9571200000000002,False,2021_segment_1,2.9252147674560547,0,ok,
secondary_sensitivity_double_logistic_seasonal_parameter,2021,timesat_double_logistic_cv_seapar,2021-07-05,2021,4.1964600000000001,True,2021_segment_1,3.11897873878479,0,ok,
secondary_sensitivity_double_logistic_seasonal_parameter,2021,timesat_double_logistic_cv_seapar,2021-07-06,2021,2.8848600000000002,False,2021_segment_1,3.3274881839752197,0,ok,
secondary_sensitivity_double_logistic_seasonal_parameter,2021,timesat_double_logistic_cv_seapar,2021-07-07,2021,3.4419400000000002,False,2021_segment_1,3.5514569282531738,0,ok,
secondary_sensitivity_double_logistic_seasonal_parameter,2021,timesat_double_logistic_cv_seapar,2021-07-08,2021,4.8445799999999997,False,2021_segment_1,3.7915618419647217,0,ok,
secondary_sensitivity_double_logistic_seasonal_parameter,2021,timesat_double_logistic_cv_seapar,2021-07-09,2021,3.74037,False,2021_segment_1,4.0484285354614258,0,ok,
secondary_sensitivity_double_logistic_seasonal_parameter,2021,timesat_double_logistic_cv_seapar,2021-07-10,2021,3.8796400000000002,True,2021_segment_1,4.3226132392883301,0,ok,
secondary_sensitivity_double_logistic_seasonal_parameter,2021,timesat_double_logistic_cv_seapar,2021-07-11,2021,4.2974500000000004,False,2021_segment_1,4.6145825386047363,0,ok,
secondary_sensitivity_double_logistic_seasonal_parameter,2021,timesat_double_logistic_cv_seapar,2021-07-12,2021,6.1676299999999999,True,2021_segment_1,4.9246940612792969,0,ok,
secondary_sensitivity_double_logistic_seasonal_parameter,2021,timesat_double_logistic_cv_seapar,2021-07-13,2021,6.7786200000000001,False,2021_segment_1,5.2531733512878418,0,ok,
secondary_sensitivity_double_logistic_seasonal_parameter,2021,timesat_double_logistic_cv_seapar,2021-07-14,2021,6.5163099999999998,False,2021_segment_1,5.600090503692627,0,ok,
secondary_sensitivity_double_logistic_seasonal_parameter,2021,timesat_double_logistic_cv_seapar,2021-07-15,2021,6.6405599999999998,True,2021_segment_1,5.965336799621582,0,ok,
secondary_sensitivity_double_logistic_seasonal_parameter,2021,timesat_double_logistic_cv_seapar,2021-07-16,2021,6.4058599999999997,False,2021_segment_1,6.3486032485961914,0,ok,
secondary_sensitivity_double_logistic_seasonal_parameter,2021,timesat_double_logistic_cv_seapar,2021-07-17,2021,6.0607199999999999,False,2021_segment_1,6.7493557929992676,0,ok,
secondary_sensitivity_double_logistic_seasonal_parameter,2021,timesat_double_logistic_cv_seapar,2021-07-18,2021,6.0331099999999998,False,2021_segment_1,7.1668176651000977,0,ok,
secondary_sensitivity_double_logistic_seasonal_parameter,2021,timesat_double_logistic_cv_seapar,2021-07-19,2021,5.3290199999999999,False,2021_segment_1,7.5999507904052734,0,ok,
secondary_sensitivity_double_logistic_seasonal_parameter,2021,timesat_double_logistic_cv_seapar,2021-07-20,2021,6.3644499999999997,False,2021_segment_1,8.0474443435668945,0,ok,
secondary_sensitivity_double_logistic_seasonal_parameter,2021,timesat_double_logistic_cv_seapar,2021-07-21,2021,5.3980499999999996,False,2021_segment_1,8.5077047348022461,0,ok,
secondary_sensitivity_double_logistic_seasonal_parameter,2021,timesat_double_logistic_cv_seapar,2021-07-22,2021,5.7569900000000001,False,2021_segment_1,8.9788532257080078,0,ok,
secondary_sensitivity_double_logistic_seasonal_parameter,2021,timesat_double_logistic_cv_seapar,2021-07-23,2021,5.3704299999999998,False,2021_segment_1,9.4587316513061523,0,ok,
secondary_sensitivity_double_logistic_seasonal_parameter,2021,timesat_double_logistic_cv_seapar,2021-07-24,2021,4.9424599999999996,False,2021_segment_1,9.944911003112793,0,ok,
secondary_sensitivity_double_logistic_seasonal_parameter,2021,timesat_double_logistic_cv_seapar,2021-07-25,2021,4.8734299999999999,True,2021_segment_1,10.434711456298828,0,ok,
secondary_sensitivity_double_logistic_seasonal_parameter,2021,timesat_double_logistic_cv_seapar,2021-07-26,2021,4.9838699999999996,False,2021_segment_1,10.925228118896484,0,ok,
secondary_sensitivity_double_logistic_seasonal_parameter,2021,timesat_double_logistic_cv_seapar,2021-07-27,2021,6.2898300000000003,True,2021_segment_1,11.413359642028809,0,ok,
secondary_sensitivity_double_logistic_seasonal_parameter,2021,timesat_double_logistic_cv_seapar,2021-07-28,2021,5.6227299999999998,False,2021_segment_1,11.895852088928223,0,ok,
secondary_sensitivity_double_logistic_seasonal_parameter,2021,timesat_double_logistic_cv_seapar,2021-07-29,2021,8.0433599999999998,False,2021_segment_1,12.36933708190918,0,ok,
secondary_sensitivity_double_logistic_seasonal_parameter,2021,timesat_double_logistic_cv_seapar,2021-07-30,2021,8.5770400000000002,False,2021_segment_1,12.830384254455566,0,ok,
secondary_sensitivity_double_logistic_seasonal_parameter,2021,timesat_double_logistic_cv_seapar,2021-07-31,2021,8.2530199999999994,False,2021_segment_1,13.275545120239258,0,ok,
secondary_sensitivity_double_logistic_seasonal_parameter,2021,timesat_double_logistic_cv_seapar,2021-08-01,2021,7.6240399999999999,False,2021_segment_1,13.701408386230469,0,ok,
secondary_sensitivity_double_logistic_seasonal_parameter,2021,timesat_double_logistic_cv_seapar,2021-08-02,2021,7.7384000000000004,False,2021_segment_1,14.104649543762207,0,ok,
secondary_sensitivity_double_logistic_seasonal_parameter,2021,timesat_double_logistic_cv_seapar,2021-08-03,2021,20.7455,False,2021_segment_1,14.482073783874512,0,ok,
secondary_sensitivity_double_logistic_seasonal_parameter,2021,timesat_double_logistic_cv_seapar,2021-08-04,2021,24.822299999999998,False,2021_segment_1,14.830667495727539,0,ok,
secondary_sensitivity_double_logistic_seasonal_parameter,2021,timesat_double_logistic_cv_seapar,2021-08-05,2021,17.442699999999999,False,2021_segment_1,15.147631645202637,0,ok,
secondary_sensitivity_double_logistic_seasonal_parameter,2021,timesat_double_logistic_cv_seapar,2021-08-06,2021,19.919799999999999,True,2021_segment_1,15.430423736572266,0,ok,
secondary_sensitivity_double_logistic_seasonal_parameter,2021,timesat_double_logistic_cv_seapar,2021-08-07,2021,18.732800000000001,False,2021_segment_1,15.676782608032227,0,ok,
secondary_sensitivity_double_logistic_seasonal_parameter,2021,timesat_double_logistic_cv_seapar,2021-08-08,2021,24.151399999999999,False,2021_segment_1,15.884754180908203,0,ok,
secondary_sensitivity_double_logistic_seasonal_parameter,2021,timesat_double_logistic_cv_seapar,2021-08-09,2021,25.183499999999999,True,2021_segment_1,16.052711486816406,0,ok,
secondary_sensitivity_double_logistic_seasonal_parameter,2021,timesat_double_logistic_cv_seapar,2021-08-10,2021,14.1211,False,2021_segment_1,16.17936897277832,0,ok,
secondary_sensitivity_double_logistic_seasonal_parameter,2021,timesat_double_logistic_cv_seapar,2021-08-11,2021,14.9703,True,2021_segment_1,16.263790130615234,0,ok,
secondary_sensitivity_double_logistic_seasonal_parameter,2021,timesat_double_logistic_cv_seapar,2021-08-12,2021,14.0726,False,2021_segment_1,16.305395126342773,0,ok,
secondary_sensitivity_double_logistic_seasonal_parameter,2021,timesat_double_logistic_cv_seapar,2021-08-13,2021,12.3256,False,2021_segment_1,16.303960800170898,0,ok,
secondary_sensitivity_double_logistic_seasonal_parameter,2021,timesat_double_logistic_cv_seapar,2021-08-14,2021,12.6168,False,2021_segment_1,16.259620666503906,0,ok,
secondary_sensitivity_double_logistic_seasonal_parameter,2021,timesat_double_logistic_cv_seapar,2021-08-15,2021,13.2476,False,2021_segment_1,16.172859191894531,0,ok,
secondary_sensitivity_double_logistic_seasonal_parameter,2021,timesat_double_logistic_cv_seapar,2021-08-16,2021,12.398400000000001,False,2021_segment_1,16.044504165649414,0,ok,
secondary_sensitivity_double_logistic_seasonal_parameter,2021,timesat_double_logistic_cv_seapar,2021-08-17,2021,4.0295699999999997,False,2021_segment_1,15.875720024108887,0,ok,
secondary_sensitivity_double_logistic_seasonal_parameter,2021,timesat_double_logistic_cv_seapar,2021-08-18,2021,3.8565800000000001,False,2021_segment_1,15.667990684509277,0,ok,
secondary_sensitivity_double_logistic_seasonal_parameter,2021,timesat_double_logistic_cv_seapar,2021-08-19,2021,4.6706399999999997,False,2021_segment_1,15.423104286193848,0,ok,
secondary_sensitivity_double_logistic_seasonal_parameter,2021,timesat_double_logistic_cv_seapar,2021-08-20,2021,5.19977,False,2021_segment_1,15.14313793182373,0,ok,
secondary_sensitivity_double_logistic_seasonal_parameter,2021,timesat_double_logistic_cv_seapar,2021-08-21,2021,6.4513800000000003,True,2021_segment_1,14.830426216125488,0,ok,
secondary_sensitivity_double_logistic_seasonal_parameter,2021,timesat_double_logistic_cv_seapar,2021-08-22,2021,6.5327900000000003,False,2021_segment_1,14.487544059753418,0,ok,
secondary_sensitivity_double_logistic_seasonal_parameter,2021,timesat_double_logistic_cv_seapar,2021-08-23,2021,8.3440600000000007,False,2021_segment_1,14.117269515991211,0,ok,
secondary_sensitivity_double_logistic_seasonal_parameter,2021,timesat_double_logistic_cv_seapar,2021-08-24,2021,9.3872699999999991,False,2021_segment_1,13.722550392150879,0,ok,
secondary_sensitivity_double_logistic_seasonal_parameter,2021,timesat_double_logistic_cv_seapar,2021-08-25,2021,9.8422699999999992,False,2021_segment_1,13.306468963623047,0,ok,
secondary_sensitivity_double_logistic_seasonal_parameter,2021,timesat_double_logistic_cv_seapar,2021-08-26,2021,9.3752999999999993,False,2021_segment_1,12.872203826904297,0,ok,
secondary_sensitivity_double_logistic_seasonal_parameter,2021,timesat_double_logistic_cv_seapar,2021-08-27,2021,8.5970200000000006,False,2021_segment_1,12.422980308532715,0,ok,
secondary_sensitivity_double_logistic_seasonal_parameter,2021,timesat_double_logistic_cv_seapar,2021-08-28,2021,9.48306,False,2021_segment_1,11.962038040161133,0,ok,
secondary_sensitivity_double_logistic_seasonal_parameter,2021,timesat_double_logistic_cv_seapar,2021-08-29,2021,8.0103100000000005,False,2021_segment_1,11.492578506469727,0,ok,
secondary_sensitivity_double_logistic_seasonal_parameter,2021,timesat_double_logistic_cv_seapar,2021-08-30,2021,7.3757099999999998,False,2021_segment_1,11.017729759216309,0,ok,
secondary_sensitivity_double_logistic_seasonal_parameter,2021,timesat_double_logistic_cv_seapar,2021-08-31,2021,7.8305400000000001,True,2021_segment_1,10.540508270263672,0,ok,
secondary_sensitivity_double_logistic_seasonal_parameter,2021,timesat_double_logistic_cv_seapar,2021-09-01,2021,10.3849,False,2021_segment_1,10.063776016235352,0,ok,
secondary_sensitivity_double_logistic_seasonal_parameter,2021,timesat_double_logistic_cv_seapar,2021-09-02,2021,10.619199999999999,False,2021_segment_1,9.5902194976806641,0,ok,
secondary_sensitivity_double_logistic_seasonal_parameter,2021,timesat_double_logistic_cv_seapar,2021-09-03,2021,16.676100000000002,True,2021_segment_1,9.1223134994506836,0,ok,
secondary_sensitivity_double_logistic_seasonal_parameter,2021,timesat_double_logistic_cv_seapar,2021-09-04,2021,12.392799999999999,False,2021_segment_1,8.6623096466064453,0,ok,
secondary_sensitivity_double_logistic_seasonal_parameter,2021,timesat_double_logistic_cv_seapar,2021-09-05,2021,10.753,False,2021_segment_1,8.212214469909668,0,ok,
secondary_sensitivity_double_logistic_seasonal_parameter,2021,timesat_double_logistic_cv_seapar,2021-09-06,2021,10.5746,False,2021_segment_1,7.7737851142883301,0,ok,
secondary_sensitivity_double_logistic_seasonal_parameter,2021,timesat_double_logistic_cv_seapar,2021-09-07,2021,6.83622,False,2021_segment_1,7.3485255241394043,0,ok,
secondary_sensitivity_double_logistic_seasonal_parameter,2021,timesat_double_logistic_cv_seapar,2021-09-08,2021,5.3160499999999997,True,2021_segment_1,6.9376869201660156,0,ok,
secondary_sensitivity_double_logistic_seasonal_parameter,2021,timesat_double_logistic_cv_seapar,2021-09-09,2021,5.0156599999999996,False,2021_segment_1,6.5422759056091309,0,ok,
secondary_sensitivity_double_logistic_seasonal_parameter,2021,timesat_double_logistic_cv_seapar,2021-09-10,2021,4.6515399999999998,False,2021_segment_1,6.1630668640136719,0,ok,
secondary_sensitivity_double_logistic_seasonal_parameter,2021,timesat_double_logistic_cv_seapar,2021-09-11,2021,4.4148699999999996,False,2021_segment_1,5.8006114959716797,0,ok,
secondary_sensitivity_double_logistic_seasonal_parameter,2021,timesat_double_logistic_cv_seapar,2021-09-12,2021,4.9519399999999996,False,2021_segment_1,5.4552617073059082,0,ok,
secondary_sensitivity_double_logistic_seasonal_parameter,2021,timesat_double_logistic_cv_seapar,2021-09-13,2021,3.4590700000000001,False,2021_segment_1,5.1271834373474121,0,ok,
secondary_sensitivity_double_logistic_seasonal_parameter,2021,timesat_double_logistic_cv_seapar,2021-09-14,2021,3.5247600000000001,False,2021_segment_1,4.8163766860961914,0,ok,
secondary_sensitivity_double_logistic_seasonal_parameter,2021,timesat_double_logistic_cv_seapar,2021-09-15,2021,3.3050099999999998,True,2021_segment_1,4.5226988792419434,0,ok,
secondary_sensitivity_double_logistic_seasonal_parameter,2021,timesat_double_logistic_cv_seapar,2021-09-16,2021,2.8918900000000001,False,2021_segment_1,4.245880126953125,0,ok,
secondary_sensitivity_double_logistic_seasonal_parameter,2021,timesat_double_logistic_cv_seapar,2021-09-17,2021,2.62819,False,2021_segment_1,3.9855453968048096,0,ok,
secondary_sensitivity_double_logistic_seasonal_parameter,2021,timesat_double_logistic_cv_seapar,2021-09-18,2021,2.6721400000000002,False,2021_segment_1,3.74123215675354,0,ok,
secondary_sensitivity_double_logistic_seasonal_parameter,2021,timesat_double_logistic_cv_seapar,2021-09-19,2021,2.52271,False,2021_segment_1,3.5124075412750244,0,ok,
secondary_sensitivity_double_logistic_seasonal_parameter,2021,timesat_double_logistic_cv_seapar,2021-09-20,2021,2.68093,False,2021_segment_1,3.29848313331604,0,ok,
secondary_sensitivity_double_logistic_seasonal_parameter,2021,timesat_double_logistic_cv_seapar,2021-09-21,2021,1.8621000000000001,False,2021_segment_1,3.0988304615020752,0,ok,
secondary_sensitivity_double_logistic_seasonal_parameter,2021,timesat_double_logistic_cv_seapar,2021-09-22,2021,2.79901,False,2021_segment_1,2.9127931594848633,0,ok,
secondary_sensitivity_double_logistic_seasonal_parameter,2021,timesat_double_logistic_cv_seapar,2021-09-23,2021,1.8035399999999999,False,2021_segment_1,2.7396974563598633,0,ok,
secondary_sensitivity_double_logistic_seasonal_parameter,2021,timesat_double_logistic_cv_seapar,2021-09-24,2021,1.6630100000000001,False,2021_segment_1,2.5788626670837402,0,ok,
secondary_sensitivity_double_logistic_seasonal_parameter,2021,timesat_double_logistic_cv_seapar,2021-09-25,2021,1.9850699999999999,True,2021_segment_1,2.4296088218688965,0,ok,
secondary_sensitivity_double_logistic_seasonal_parameter,2021,timesat_double_logistic_cv_seapar,2021-09-26,2021,1.7566999999999999,False,2021_segment_1,2.2912635803222656,0,ok,
secondary_sensitivity_double_logistic_seasonal_parameter,2021,timesat_double_logistic_cv_seapar,2021-09-27,2021,2.00264,False,2021_segment_1,2.1631677150726318,0,ok,
secondary_sensitivity_double_logistic_seasonal_parameter,2021,timesat_double_logistic_cv_seapar,2021-09-28,2021,1.6488,False,2021_segment_1,2.044680118560791,0,ok,
secondary_sensitivity_double_logistic_seasonal_parameter,2021,timesat_double_logistic_cv_seapar,2021-09-29,2021,1.36707,False,2021_segment_1,1.9351805448532104,0,ok,
secondary_sensitivity_double_logistic_seasonal_parameter,2021,timesat_double_logistic_cv_seapar,2021-09-30,2021,1.3624499999999999,False,2021_segment_1,1.8340728282928467,0,ok,
secondary_sensitivity_double_logistic_seasonal_parameter,2021,timesat_double_logistic_cv_seapar,2021-10-01,2021,1.24237,False,2021_segment_1,1.7407866716384888,0,ok,
secondary_sensitivity_double_logistic_seasonal_parameter,2021,timesat_double_logistic_cv_seapar,2021-10-02,2021,1.41788,False,2021_segment_1,1.6547788381576538,0,ok,
secondary_sensitivity_double_logistic_seasonal_parameter,2021,timesat_double_logistic_cv_seapar,2021-10-03,2021,1.5102500000000001,False,2021_segment_1,1.5755336284637451,0,ok,
secondary_sensitivity_double_logistic_seasonal_parameter,2021,timesat_double_logistic_cv_seapar,2021-10-04,2021,1.41326,False,2021_segment_1,1.5025639533996582,0,ok,
secondary_sensitivity_double_logistic_seasonal_parameter,2021,timesat_double_logistic_cv_seapar,2021-10-05,2021,1.3901600000000001,False,2021_segment_1,1.4354101419448853,0,ok,
secondary_sensitivity_double_logistic_seasonal_parameter,2021,timesat_double_logistic_cv_seapar,2021-10-06,2021,1.2146600000000001,False,2021_segment_1,1.3736405372619629,0,ok,
secondary_sensitivity_double_logistic_seasonal_parameter,2021,timesat_double_logistic_cv_seapar,2021-10-07,2021,1.27932,False,2021_segment_1,1.3168500661849976,0,ok,
secondary_sensitivity_double_logistic_seasonal_parameter,2021,timesat_double_logistic_cv_seapar,2021-10-08,2021,1.21004,True,2021_segment_1,1.264660120010376,0,ok,
secondary_sensitivity_double_logistic_seasonal_parameter,2021,timesat_double_logistic_cv_seapar,2021-10-09,2021,1.25623,False,2021_segment_1,1.2167171239852905,0,ok,
secondary_sensitivity_double_logistic_seasonal_parameter,2021,timesat_double_logistic_cv_seapar,2021-10-10,2021,1.24699,False,2021_segment_1,1.1726913452148438,0,ok,
secondary_sensitivity_double_logistic_seasonal_parameter,2021,timesat_double_logistic_cv_seapar,2021-10-11,2021,2.47356,False,2021_segment_1,1.1322765350341797,0,ok,
secondary_sensitivity_double_logistic_seasonal_parameter,2021,timesat_double_logistic_cv_seapar,2021-10-12,2021,2.41344,False,2021_segment_1,1.0951876640319824,0,ok,
secondary_sensitivity_double_logistic_seasonal_parameter,2021,timesat_double_logistic_cv_seapar,2021-10-13,2021,2.3103699999999998,True,2021_segment_1,1.061160683631897,0,ok,
secondary_sensitivity_double_logistic_seasonal_parameter,2021,timesat_double_logistic_cv_seapar,2021-10-14,2021,2.4821499999999999,False,2021_segment_1,1.0299508571624756,0,ok,
secondary_sensitivity_double_logistic_seasonal_parameter,2021,timesat_double_logistic_cv_seapar,2021-10-15,2021,2.4306199999999998,False,2021_segment_1,1.0013318061828613,0,ok,
secondary_sensitivity_double_logistic_seasonal_parameter,2021,timesat_double_logistic_cv_seapar,2021-10-16,2021,2.3704999999999998,False,2021_segment_1,0.97509407997131348,0,ok,
secondary_sensitivity_double_logistic_seasonal_parameter,2021,timesat_double_logistic_cv_seapar,2021-10-17,2021,2.6796899999999999,False,2021_segment_1,0.95104438066482544,0,ok,
secondary_sensitivity_double_logistic_seasonal_parameter,2021,timesat_double_logistic_cv_seapar,2021-10-18,2021,2.5680399999999999,True,2021_segment_1,0.92900419235229492,0,ok,
secondary_sensitivity_double_logistic_seasonal_parameter,2021,timesat_double_logistic_cv_seapar,2021-10-19,2021,3.39256,False,2021_segment_1,0.90880894660949707,0,ok,
secondary_sensitivity_double_logistic_seasonal_parameter,2021,timesat_double_logistic_cv_seapar,2021-10-20,2021,3.5986899999999999,False,2021_segment_1,0.89030712842941284,0,ok,
secondary_sensitivity_double_logistic_seasonal_parameter,2021,timesat_double_logistic_cv_seapar,2021-10-21,2021,2.6539199999999998,False,2021_segment_1,0.8733590841293335,0,ok,
secondary_sensitivity_double_logistic_seasonal_parameter,2021,timesat_double_logistic_cv_seapar,2021-10-22,2021,2.4649700000000001,False,2021_segment_1,0.85783630609512329,0,ok,
secondary_sensitivity_double_logistic_seasonal_parameter,2021,timesat_double_logistic_cv_seapar,2021-10-23,2021,2.70546,True,2021_segment_1,0.84362059831619263,0,ok,
secondary_sensitivity_double_logistic_seasonal_parameter,2021,timesat_double_logistic_cv_seapar,2021-10-24,2021,3.2551399999999999,False,2021_segment_1,0.83060330152511597,0,ok,
secondary_sensitivity_double_logistic_seasonal_parameter,2021,timesat_double_logistic_cv_seapar,2021-10-25,2021,2.7398099999999999,True,2021_segment_1,0.81868457794189453,0,ok,
secondary_sensitivity_double_logistic_seasonal_parameter,2021,timesat_double_logistic_cv_seapar,2021-10-26,2021,2.2741199999999999,False,2021_segment_1,0.80777275562286377,0,ok,
secondary_sensitivity_double_logistic_seasonal_parameter,2021,timesat_double_logistic_cv_seapar,2021-10-27,2021,2.0596999999999999,False,2021_segment_1,0.79778355360031128,0,ok,
secondary_sensitivity_double_logistic_seasonal_parameter,2021,timesat_double_logistic_cv_seapar,2021-10-28,2021,2.13767,False,2021_segment_1,0.78863966464996338,0,ok,
secondary_sensitivity_double_logistic_seasonal_parameter,2021,timesat_double_logistic_cv_seapar,2021-10-29,2021,1.98173,False,2021_segment_1,0.78027009963989258,0,ok,
secondary_sensitivity_double_logistic_seasonal_parameter,2021,timesat_double_logistic_cv_seapar,2021-10-30,2021,2.05321,True,2021_segment_1,0.7726098895072937,0,ok,
secondary_sensitivity_double_logistic_seasonal_parameter,2021,timesat_double_logistic_cv_seapar,2021-10-31,2021,2.39107,False,2021_segment_1,0.76559925079345703,0,ok,
secondary_sensitivity_double_logistic_seasonal_parameter,2021,timesat_double_logistic_cv_seapar,2021-11-01,2021,2.4755400000000001,False,2021_segment_1,0.75918346643447876,0,ok,
secondary_sensitivity_double_logistic_seasonal_parameter,2021,timesat_double_logistic_cv_seapar,2021-11-02,2021,2.61199,False,2021_segment_1,0.75331240892410278,0,ok,
secondary_sensitivity_double_logistic_seasonal_parameter,2021,timesat_double_logistic_cv_seapar,2021-11-03,2021,2.4755400000000001,False,2021_segment_1,0.74794000387191772,0,ok,
secondary_sensitivity_double_logistic_seasonal_parameter,2021,timesat_double_logistic_cv_seapar,2021-11-04,2021,2.61849,False,2021_segment_1,0.74302423000335693,0,ok,
secondary_sensitivity_double_logistic_seasonal_parameter,2021,timesat_double_logistic_cv_seapar,2021-11-05,2021,2.13767,False,2021_segment_1,0.73852634429931641,0,ok,
secondary_sensitivity_double_logistic_seasonal_parameter,2021,timesat_double_logistic_cv_seapar,2021-11-06,2021,1.89727,False,2021_segment_1,0.73441106081008911,0,ok,
secondary_sensitivity_double_logistic_seasonal_parameter,2021,timesat_double_logistic_cv_seapar,2021-11-07,2021,1.94275,False,2021_segment_1,0.73064595460891724,0,ok,
secondary_sensitivity_double_logistic_seasonal_parameter,2021,timesat_double_logistic_cv_seapar,2021-11-08,2021,2.0727000000000002,False,2021_segment_1,0.72720140218734741,0,ok,
secondary_sensitivity_double_logistic_seasonal_parameter,2021,timesat_double_logistic_cv_seapar,2021-11-09,2021,1.6633800000000001,False,2021_segment_1,0.72405016422271729,0,ok,
secondary_sensitivity_double_logistic_seasonal_parameter,2021,timesat_double_logistic_cv_seapar,2021-11-10,2021,1.4074800000000001,False,2021_segment_1,0.72116744518280029,0,ok,
secondary_sensitivity_double_logistic_seasonal_parameter,2021,timesat_double_logistic_cv_seapar,2021-11-11,2021,1.2662899999999999,False,2021_segment_1,0.71853035688400269,0,ok,
secondary_sensitivity_double_logistic_seasonal_parameter,2021,timesat_double_logistic_cv_seapar,2021-11-12,2021,1.25746,True,2021_segment_1,0.7161182165145874,0,ok,
secondary_sensitivity_double_logistic_seasonal_parameter,2021,timesat_double_logistic_cv_seapar,2021-11-13,2021,1.37659,False,2021_segment_1,0.71391177177429199,0,ok,
secondary_sensitivity_double_logistic_seasonal_parameter,2021,timesat_double_logistic_cv_seapar,2021-11-14,2021,1.58396,False,2021_segment_1,0.71189367771148682,0,ok,
secondary_sensitivity_double_logistic_seasonal_parameter,2021,timesat_double_logistic_cv_seapar,2021-11-15,2021,1.4427700000000001,False,2021_segment_1,0.71004790067672729,0,ok,
secondary_sensitivity_double_logistic_seasonal_parameter,2021,timesat_double_logistic_cv_seapar,2021-11-16,2021,0.71038000000000001,False,2021_segment_1,0.70835983753204346,0,ok,
secondary_sensitivity_double_logistic_seasonal_parameter,2021,timesat_double_logistic_cv_seapar,2021-11-17,2021,0.70701899999999995,False,2021_segment_1,0.70681613683700562,0,ok,
secondary_sensitivity_double_logistic_seasonal_parameter,2021,timesat_double_logistic_cv_seapar,2021-11-18,2021,0.70365800000000001,False,2021_segment_1,0.70540457963943481,0,ok,
secondary_sensitivity_double_logistic_seasonal_parameter,2021,timesat_double_logistic_cv_seapar,2021-11-19,2021,0.70029699999999995,False,2021_segment_1,0.70411390066146851,0,ok,
secondary_sensitivity_double_logistic_seasonal_parameter,2021,timesat_double_logistic_cv_seapar,2021-11-20,2021,0.696936,False,2021_segment_1,0.7029339075088501,0,ok,
secondary_sensitivity_double_logistic_seasonal_parameter,2021,timesat_double_logistic_cv_seapar,2021-11-21,2021,0.69357500000000005,False,2021_segment_1,0.70185524225234985,0,ok,
secondary_sensitivity_double_logistic_seasonal_parameter,2021,timesat_double_logistic_cv_seapar,2021-11-22,2021,0.69021399999999999,True,2021_segment_1,0.70086932182312012,0,ok,
secondary_sensitivity_double_logistic_seasonal_parameter,2021,timesat_double_logistic_cv_seapar,2021-11-23,2021,1.5567299999999999,False,2021_segment_1,0.69996839761734009,0,ok,
secondary_sensitivity_double_logistic_seasonal_parameter,2021,timesat_double_logistic_cv_seapar,2021-11-24,2021,2.52,False,2021_segment_1,0.69914531707763672,0,ok,
secondary_sensitivity_double_logistic_seasonal_parameter,2021,timesat_double_logistic_cv_seapar,2021-11-25,2021,2.6400000000000001,False,2021_segment_1,0.69839352369308472,0,ok,
secondary_sensitivity_double_logistic_seasonal_parameter,2021,timesat_double_logistic_cv_seapar,2021-11-26,2021,2.52,False,2021_segment_1,0.69770705699920654,0,ok,
secondary_sensitivity_double_logistic_seasonal_parameter,2021,timesat_double_logistic_cv_seapar,2021-11-27,2021,2.9500000000000002,False,2021_segment_1,0.69708055257797241,0,ok,
secondary_sensitivity_double_logistic_seasonal_parameter,2021,timesat_double_logistic_cv_seapar,2021-11-28,2021,3.1499999999999999,False,2021_segment_1,0.69650894403457642,0,ok,
secondary_sensitivity_double_logistic_seasonal_parameter,2021,timesat_double_logistic_cv_seapar,2021-11-29,2021,2.6600000000000001,False,2021_segment_1,0.69598788022994995,0,ok,
secondary_sensitivity_double_logistic_seasonal_parameter,2021,timesat_double_logistic_cv_seapar,2021-11-30,2021,2.3500000000000001,False,2021_segment_1,0.69551306962966919,0,ok,
secondary_sensitivity_double_logistic_seasonal_parameter,2021,timesat_double_logistic_cv_seapar,2021-12-01,2021,2.2799999999999998,False,2021_segment_1,0.69508093595504761,0,ok,
secondary_sensitivity_double_logistic_seasonal_parameter,2021,timesat_double_logistic_cv_seapar,2021-12-02,2021,2.8799999999999999,False,2021_segment_1,0.69468802213668823,0,ok,
secondary_sensitivity_double_logistic_seasonal_parameter,2021,timesat_double_logistic_cv_seapar,2021-12-03,2021,2.6400000000000001,False,2021_segment_1,0.69433122873306274,0,ok,
secondary_sensitivity_double_logistic_seasonal_parameter,2021,timesat_double_logistic_cv_seapar,2021-12-04,2021,2.7400000000000002,True,2021_segment_1,0.6940077543258667,0,ok,
secondary_sensitivity_double_logistic_seasonal_parameter,2022,timesat_double_logistic_cv_seapar,2022-04-18,2022,6.5410700000000004,True,2022_segment_1,6.2847542762756348,0,ok,
secondary_sensitivity_double_logistic_seasonal_parameter,2022,timesat_double_logistic_cv_seapar,2022-04-19,2022,7.4376899999999999,False,2022_segment_1,6.1604714393615723,0,ok,
secondary_sensitivity_double_logistic_seasonal_parameter,2022,timesat_double_logistic_cv_seapar,2022-04-20,2022,7.0985699999999996,False,2022_segment_1,6.0345826148986816,0,ok,
secondary_sensitivity_double_logistic_seasonal_parameter,2022,timesat_double_logistic_cv_seapar,2022-04-21,2022,7.1035500000000003,True,2022_segment_1,5.907320499420166,0,ok,
secondary_sensitivity_double_logistic_seasonal_parameter,2022,timesat_double_logistic_cv_seapar,2022-04-22,2022,6.7149999999999999,False,2022_segment_1,5.7789225578308105,0,ok,
secondary_sensitivity_double_logistic_seasonal_parameter,2022,timesat_double_logistic_cv_seapar,2022-04-23,2022,6.3214600000000001,False,2022_segment_1,5.649630069732666,0,ok,
secondary_sensitivity_double_logistic_seasonal_parameter,2022,timesat_double_logistic_cv_seapar,2022-04-24,2022,7.9105499999999997,False,2022_segment_1,5.5196876525878906,0,ok,
secondary_sensitivity_double_logistic_seasonal_parameter,2022,timesat_double_logistic_cv_seapar,2022-04-25,2022,6.3762600000000003,False,2022_segment_1,5.3893389701843262,0,ok,
secondary_sensitivity_double_logistic_seasonal_parameter,2022,timesat_double_logistic_cv_seapar,2022-04-26,2022,6.2883899999999997,False,2022_segment_1,5.258826732635498,0,ok,
secondary_sensitivity_double_logistic_seasonal_parameter,2022,timesat_double_logistic_cv_seapar,2022-04-27,2022,5.4524100000000004,False,2022_segment_1,5.1283926963806152,0,ok,
secondary_sensitivity_double_logistic_seasonal_parameter,2022,timesat_double_logistic_cv_seapar,2022-04-28,2022,5.97722,False,2022_segment_1,4.9982714653015137,0,ok,
secondary_sensitivity_double_logistic_seasonal_parameter,2022,timesat_double_logistic_cv_seapar,2022-04-29,2022,4.15665,False,2022_segment_1,4.8686943054199219,0,ok,
secondary_sensitivity_double_logistic_seasonal_parameter,2022,timesat_double_logistic_cv_seapar,2022-04-30,2022,3.9058600000000001,False,2022_segment_1,4.7398834228515625,0,ok,
secondary_sensitivity_double_logistic_seasonal_parameter,2022,timesat_double_logistic_cv_seapar,2022-05-01,2022,4.2681199999999997,False,2022_segment_1,4.6120538711547852,0,ok,
secondary_sensitivity_double_logistic_seasonal_parameter,2022,timesat_double_logistic_cv_seapar,2022-05-02,2022,3.3299699999999999,False,2022_segment_1,4.4854097366333008,0,ok,
secondary_sensitivity_double_logistic_seasonal_parameter,2022,timesat_double_logistic_cv_seapar,2022-05-03,2022,3.1813500000000001,True,2022_segment_1,4.3601446151733398,0,ok,
secondary_sensitivity_double_logistic_seasonal_parameter,2022,timesat_double_logistic_cv_seapar,2022-05-04,2022,3.9083399999999999,False,2022_segment_1,4.2364397048950195,0,ok,
secondary_sensitivity_double_logistic_seasonal_parameter,2022,timesat_double_logistic_cv_seapar,2022-05-05,2022,3.1311800000000001,False,2022_segment_1,4.1144652366638184,0,ok,
secondary_sensitivity_double_logistic_seasonal_parameter,2022,timesat_double_logistic_cv_seapar,2022-05-06,2022,2.9284400000000002,True,2022_segment_1,3.9943764209747314,0,ok,
secondary_sensitivity_double_logistic_seasonal_parameter,2022,timesat_double_logistic_cv_seapar,2022-05-07,2022,3.2944900000000001,False,2022_segment_1,3.8763165473937988,0,ok,
secondary_sensitivity_double_logistic_seasonal_parameter,2022,timesat_double_logistic_cv_seapar,2022-05-08,2022,3.2325499999999998,False,2022_segment_1,3.7604143619537354,0,ok,
secondary_sensitivity_double_logistic_seasonal_parameter,2022,timesat_double_logistic_cv_seapar,2022-05-09,2022,2.90028,False,2022_segment_1,3.6467850208282471,0,ok,
secondary_sensitivity_double_logistic_seasonal_parameter,2022,timesat_double_logistic_cv_seapar,2022-05-10,2022,3.25156,False,2022_segment_1,3.5355300903320312,0,ok,
secondary_sensitivity_double_logistic_seasonal_parameter,2022,timesat_double_logistic_cv_seapar,2022-05-11,2022,3.1656499999999999,True,2022_segment_1,3.4267377853393555,0,ok,
secondary_sensitivity_double_logistic_seasonal_parameter,2022,timesat_double_logistic_cv_seapar,2022-05-12,2022,3.1326100000000001,False,2022_segment_1,3.320483922958374,0,ok,
secondary_sensitivity_double_logistic_seasonal_parameter,2022,timesat_double_logistic_cv_seapar,2022-05-13,2022,3.2713899999999998,False,2022_segment_1,3.2168316841125488,0,ok,
secondary_sensitivity_double_logistic_seasonal_parameter,2022,timesat_double_logistic_cv_seapar,2022-05-14,2022,2.9607700000000001,False,2022_segment_1,3.1158323287963867,0,ok,
secondary_sensitivity_double_logistic_seasonal_parameter,2022,timesat_double_logistic_cv_seapar,2022-05-15,2022,2.7228599999999998,False,2022_segment_1,3.0175273418426514,0,ok,
secondary_sensitivity_double_logistic_seasonal_parameter,2022,timesat_double_logistic_cv_seapar,2022-05-16,2022,2.8814700000000002,True,2022_segment_1,2.9219479560852051,0,ok,
secondary_sensitivity_double_logistic_seasonal_parameter,2022,timesat_double_logistic_cv_seapar,2022-05-17,2022,2.9776500000000001,False,2022_segment_1,2.8291165828704834,0,ok,
secondary_sensitivity_double_logistic_seasonal_parameter,2022,timesat_double_logistic_cv_seapar,2022-05-18,2022,2.5281899999999999,True,2022_segment_1,2.7390487194061279,0,ok,
secondary_sensitivity_double_logistic_seasonal_parameter,2022,timesat_double_logistic_cv_seapar,2022-05-19,2022,2.4283100000000002,False,2022_segment_1,2.6517529487609863,0,ok,
secondary_sensitivity_double_logistic_seasonal_parameter,2022,timesat_double_logistic_cv_seapar,2022-05-20,2022,2.32219,False,2022_segment_1,2.5672340393066406,0,ok,
secondary_sensitivity_double_logistic_seasonal_parameter,2022,timesat_double_logistic_cv_seapar,2022-05-21,2022,2.6155900000000001,False,2022_segment_1,2.4854917526245117,0,ok,
secondary_sensitivity_double_logistic_seasonal_parameter,2022,timesat_double_logistic_cv_seapar,2022-05-22,2022,2.5094699999999999,False,2022_segment_1,2.4065253734588623,0,ok,
secondary_sensitivity_double_logistic_seasonal_parameter,2022,timesat_double_logistic_cv_seapar,2022-05-23,2022,2.36619,True,2022_segment_1,2.3303322792053223,0,ok,
secondary_sensitivity_double_logistic_seasonal_parameter,2022,timesat_double_logistic_cv_seapar,2022-05-24,2022,1.96438,False,2022_segment_1,2.2569117546081543,0,ok,
secondary_sensitivity_double_logistic_seasonal_parameter,2022,timesat_double_logistic_cv_seapar,2022-05-25,2022,2.12622,False,2022_segment_1,2.1862657070159912,0,ok,
secondary_sensitivity_double_logistic_seasonal_parameter,2022,timesat_double_logistic_cv_seapar,2022-05-26,2022,2.0760000000000001,False,2022_segment_1,2.1184000968933105,0,ok,
secondary_sensitivity_double_logistic_seasonal_parameter,2022,timesat_double_logistic_cv_seapar,2022-05-27,2022,2.3606099999999999,False,2022_segment_1,2.0533277988433838,0,ok,
secondary_sensitivity_double_logistic_seasonal_parameter,2022,timesat_double_logistic_cv_seapar,2022-05-28,2022,2.2210899999999998,False,2022_segment_1,1.9910690784454346,0,ok,
secondary_sensitivity_double_logistic_seasonal_parameter,2022,timesat_double_logistic_cv_seapar,2022-05-29,2022,2.3327100000000001,False,2022_segment_1,1.931654691696167,0,ok,
secondary_sensitivity_double_logistic_seasonal_parameter,2022,timesat_double_logistic_cv_seapar,2022-05-30,2022,2.5224500000000001,False,2022_segment_1,1.8751276731491089,0,ok,
secondary_sensitivity_double_logistic_seasonal_parameter,2022,timesat_double_logistic_cv_seapar,2022-05-31,2022,2.0480900000000002,False,2022_segment_1,1.8215447664260864,0,ok,
secondary_sensitivity_double_logistic_seasonal_parameter,2022,timesat_double_logistic_cv_seapar,2022-06-01,2022,2.4728400000000001,False,2022_segment_1,1.7709797620773315,0,ok,
secondary_sensitivity_double_logistic_seasonal_parameter,2022,timesat_double_logistic_cv_seapar,2022-06-02,2022,2.67781,False,2022_segment_1,1.7235249280929565,0,ok,
secondary_sensitivity_double_logistic_seasonal_parameter,2022,timesat_double_logistic_cv_seapar,2022-06-03,2022,2.6645799999999999,False,2022_segment_1,1.6792943477630615,0,ok,
secondary_sensitivity_double_logistic_seasonal_parameter,2022,timesat_double_logistic_cv_seapar,2022-06-04,2022,2.2678699999999998,False,2022_segment_1,1.6384255886077881,0,ok,
secondary_sensitivity_double_logistic_seasonal_parameter,2022,timesat_double_logistic_cv_seapar,2022-06-05,2022,2.32077,True,2022_segment_1,1.601083517074585,0,ok,
secondary_sensitivity_double_logistic_seasonal_parameter,2022,timesat_double_logistic_cv_seapar,2022-06-06,2022,2.1885300000000001,False,2022_segment_1,1.5674623250961304,0,ok,
secondary_sensitivity_double_logistic_seasonal_parameter,2022,timesat_double_logistic_cv_seapar,2022-06-07,2022,1.7117100000000001,True,2022_segment_1,1.5377891063690186,0,ok,
secondary_sensitivity_double_logistic_seasonal_parameter,2022,timesat_double_logistic_cv_seapar,2022-06-08,2022,1.3953,False,2022_segment_1,1.5123268365859985,0,ok,
secondary_sensitivity_double_logistic_seasonal_parameter,2022,timesat_double_logistic_cv_seapar,2022-06-09,2022,1.37974,False,2022_segment_1,1.4913773536682129,0,ok,
secondary_sensitivity_double_logistic_seasonal_parameter,2022,timesat_double_logistic_cv_seapar,2022-06-10,2022,1.09964,False,2022_segment_1,1.4752854108810425,0,ok,
secondary_sensitivity_double_logistic_seasonal_parameter,2022,timesat_double_logistic_cv_seapar,2022-06-11,2022,1.11002,False,2022_segment_1,1.4644415378570557,0,ok,
secondary_sensitivity_double_logistic_seasonal_parameter,2022,timesat_double_logistic_cv_seapar,2022-06-12,2022,1.37456,True,2022_segment_1,1.4592856168746948,0,ok,
secondary_sensitivity_double_logistic_seasonal_parameter,2022,timesat_double_logistic_cv_seapar,2022-06-13,2022,1.4368000000000001,False,2022_segment_1,1.4603099822998047,0,ok,
secondary_sensitivity_double_logistic_seasonal_parameter,2022,timesat_double_logistic_cv_seapar,2022-06-14,2022,1.3964000000000001,False,2022_segment_1,1.4680631160736084,0,ok,
secondary_sensitivity_double_logistic_seasonal_parameter,2022,timesat_double_logistic_cv_seapar,2022-06-15,2022,1.37253,True,2022_segment_1,1.4831520318984985,0,ok,
secondary_sensitivity_double_logistic_seasonal_parameter,2022,timesat_double_logistic_cv_seapar,2022-06-16,2022,1.2114,False,2022_segment_1,1.5062451362609863,0,ok,
secondary_sensitivity_double_logistic_seasonal_parameter,2022,timesat_double_logistic_cv_seapar,2022-06-17,2022,1.6768700000000001,False,2022_segment_1,1.5380738973617554,0,ok,
secondary_sensitivity_double_logistic_seasonal_parameter,2022,timesat_double_logistic_cv_seapar,2022-06-18,2022,1.29495,False,2022_segment_1,1.579433798789978,0,ok,
secondary_sensitivity_double_logistic_seasonal_parameter,2022,timesat_double_logistic_cv_seapar,2022-06-19,2022,1.2233400000000001,False,2022_segment_1,1.6311845779418945,0,ok,
secondary_sensitivity_double_logistic_seasonal_parameter,2022,timesat_double_logistic_cv_seapar,2022-06-20,2022,1.18753,False,2022_segment_1,1.6942490339279175,0,ok,
secondary_sensitivity_double_logistic_seasonal_parameter,2022,timesat_double_logistic_cv_seapar,2022-06-21,2022,1.5567299999999999,False,2022_segment_1,1.7696096897125244,0,ok,
secondary_sensitivity_double_logistic_seasonal_parameter,2022,timesat_double_logistic_cv_seapar,2022-06-22,2022,1.70468,False,2022_segment_1,1.8583039045333862,0,ok,
secondary_sensitivity_double_logistic_seasonal_parameter,2022,timesat_double_logistic_cv_seapar,2022-06-23,2022,1.7883100000000001,False,2022_segment_1,1.9614167213439941,0,ok,
secondary_sensitivity_double_logistic_seasonal_parameter,2022,timesat_double_logistic_cv_seapar,2022-06-24,2022,1.8076099999999999,False,2022_segment_1,2.0800697803497314,0,ok,
secondary_sensitivity_double_logistic_seasonal_parameter,2022,timesat_double_logistic_cv_seapar,2022-06-25,2022,1.73685,True,2022_segment_1,2.2154085636138916,0,ok,
secondary_sensitivity_double_logistic_seasonal_parameter,2022,timesat_double_logistic_cv_seapar,2022-06-26,2022,1.5953299999999999,False,2022_segment_1,2.3685846328735352,0,ok,
secondary_sensitivity_double_logistic_seasonal_parameter,2022,timesat_double_logistic_cv_seapar,2022-06-27,2022,1.60819,False,2022_segment_1,2.5407340526580811,0,ok,
secondary_sensitivity_double_logistic_seasonal_parameter,2022,timesat_double_logistic_cv_seapar,2022-06-28,2022,2.6715599999999999,False,2022_segment_1,2.7329530715942383,0,ok,
secondary_sensitivity_double_logistic_seasonal_parameter,2022,timesat_double_logistic_cv_seapar,2022-06-29,2022,3.1347700000000001,False,2022_segment_1,2.9462664127349854,0,ok,
secondary_sensitivity_double_logistic_seasonal_parameter,2022,timesat_double_logistic_cv_seapar,2022-06-30,2022,2.8654600000000001,True,2022_segment_1,3.1815948486328125,0,ok,
secondary_sensitivity_double_logistic_seasonal_parameter,2022,timesat_double_logistic_cv_seapar,2022-07-01,2022,3.2101799999999998,False,2022_segment_1,3.4397158622741699,0,ok,
secondary_sensitivity_double_logistic_seasonal_parameter,2022,timesat_double_logistic_cv_seapar,2022-07-02,2022,3.1455500000000001,False,2022_segment_1,3.7212235927581787,0,ok,
secondary_sensitivity_double_logistic_seasonal_parameter,2022,timesat_double_logistic_cv_seapar,2022-07-03,2022,3.5979899999999998,False,2022_segment_1,4.026484489440918,0,ok,
secondary_sensitivity_double_logistic_seasonal_parameter,2022,timesat_double_logistic_cv_seapar,2022-07-04,2022,3.1024600000000002,False,2022_segment_1,4.3555951118469238,0,ok,
secondary_sensitivity_double_logistic_seasonal_parameter,2022,timesat_double_logistic_cv_seapar,2022-07-05,2022,4.5919800000000004,False,2022_segment_1,4.708336353302002,0,ok,
secondary_sensitivity_double_logistic_seasonal_parameter,2022,timesat_double_logistic_cv_seapar,2022-07-06,2022,4.2639800000000001,False,2022_segment_1,5.0841379165649414,0,ok,
secondary_sensitivity_double_logistic_seasonal_parameter,2022,timesat_double_logistic_cv_seapar,2022-07-07,2022,4.6632800000000003,False,2022_segment_1,5.4820427894592285,0,ok,
secondary_sensitivity_double_logistic_seasonal_parameter,2022,timesat_double_logistic_cv_seapar,2022-07-08,2022,3.72207,False,2022_segment_1,5.9006819725036621,0,ok,
secondary_sensitivity_double_logistic_seasonal_parameter,2022,timesat_double_logistic_cv_seapar,2022-07-09,2022,7.3469300000000004,False,2022_segment_1,6.3382635116577148,0,ok,
secondary_sensitivity_double_logistic_seasonal_parameter,2022,timesat_double_logistic_cv_seapar,2022-07-10,2022,3.7078099999999998,False,2022_segment_1,6.7925705909729004,0,ok,
secondary_sensitivity_double_logistic_seasonal_parameter,2022,timesat_double_logistic_cv_seapar,2022-07-11,2022,3.76485,False,2022_segment_1,7.2609763145446777,0,ok,
secondary_sensitivity_double_logistic_seasonal_parameter,2022,timesat_double_logistic_cv_seapar,2022-07-12,2022,5.57172,True,2022_segment_1,7.740476131439209,0,ok,
secondary_sensitivity_double_logistic_seasonal_parameter,2022,timesat_double_logistic_cv_seapar,2022-07-13,2022,5.8029999999999999,False,2022_segment_1,8.2277364730834961,0,ok,
secondary_sensitivity_double_logistic_seasonal_parameter,2022,timesat_double_logistic_cv_seapar,2022-07-14,2022,6.58094,False,2022_segment_1,8.7191553115844727,0,ok,
secondary_sensitivity_double_logistic_seasonal_parameter,2022,timesat_double_logistic_cv_seapar,2022-07-15,2022,6.45479,True,2022_segment_1,9.2109384536743164,0,ok,
secondary_sensitivity_double_logistic_seasonal_parameter,2022,timesat_double_logistic_cv_seapar,2022-07-16,2022,6.6229899999999997,False,2022_segment_1,9.6991853713989258,0,ok,
secondary_sensitivity_double_logistic_seasonal_parameter,2022,timesat_double_logistic_cv_seapar,2022-07-17,2022,6.83324,True,2022_segment_1,10.179983139038086,0,ok,
secondary_sensitivity_double_logistic_seasonal_parameter,2022,timesat_double_logistic_cv_seapar,2022-07-18,2022,9.5244900000000001,False,2022_segment_1,10.649490356445312,0,ok,
secondary_sensitivity_double_logistic_seasonal_parameter,2022,timesat_double_logistic_cv_seapar,2022-07-19,2022,13.9231,False,2022_segment_1,11.104036331176758,0,ok,
secondary_sensitivity_double_logistic_seasonal_parameter,2022,timesat_double_logistic_cv_seapar,2022-07-20,2022,16.980699999999999,True,2022_segment_1,11.540193557739258,0,ok,
secondary_sensitivity_double_logistic_seasonal_parameter,2022,timesat_double_logistic_cv_seapar,2022-07-21,2022,20.147500000000001,False,2022_segment_1,11.954851150512695,0,ok,
secondary_sensitivity_double_logistic_seasonal_parameter,2022,timesat_double_logistic_cv_seapar,2022-07-22,2022,18.0181,False,2022_segment_1,12.345271110534668,0,ok,
secondary_sensitivity_double_logistic_seasonal_parameter,2022,timesat_double_logistic_cv_seapar,2022-07-23,2022,17.4175,False,2022_segment_1,12.709125518798828,0,ok,
secondary_sensitivity_double_logistic_seasonal_parameter,2022,timesat_double_logistic_cv_seapar,2022-07-24,2022,19.273900000000001,False,2022_segment_1,13.044520378112793,0,ok,
secondary_sensitivity_double_logistic_seasonal_parameter,2022,timesat_double_logistic_cv_seapar,2022-07-25,2022,21.785499999999999,False,2022_segment_1,13.350003242492676,0,ok,
secondary_sensitivity_double_logistic_seasonal_parameter,2022,timesat_double_logistic_cv_seapar,2022-07-26,2022,18.727900000000002,False,2022_segment_1,13.624555587768555,0,ok,
secondary_sensitivity_double_logistic_seasonal_parameter,2022,timesat_double_logistic_cv_seapar,2022-07-27,2022,17.253699999999998,False,2022_segment_1,13.867575645446777,0,ok,
secondary_sensitivity_double_logistic_seasonal_parameter,2022,timesat_double_logistic_cv_seapar,2022-07-28,2022,14.742100000000001,False,2022_segment_1,14.07884693145752,0,ok,
secondary_sensitivity_double_logistic_seasonal_parameter,2022,timesat_double_logistic_cv_seapar,2022-07-29,2022,13.431699999999999,False,2022_segment_1,14.258500099182129,0,ok,
secondary_sensitivity_double_logistic_seasonal_parameter,2022,timesat_double_logistic_cv_seapar,2022-07-30,2022,15.233499999999999,True,2022_segment_1,14.406977653503418,0,ok,
secondary_sensitivity_double_logistic_seasonal_parameter,2022,timesat_double_logistic_cv_seapar,2022-07-31,2022,22.986699999999999,False,2022_segment_1,14.524982452392578,0,ok,
secondary_sensitivity_double_logistic_seasonal_parameter,2022,timesat_double_logistic_cv_seapar,2022-08-01,2022,18.181899999999999,True,2022_segment_1,14.61344051361084,0,ok,
secondary_sensitivity_double_logistic_seasonal_parameter,2022,timesat_double_logistic_cv_seapar,2022-08-02,2022,29.9084,False,2022_segment_1,14.673455238342285,0,ok,
secondary_sensitivity_double_logistic_seasonal_parameter,2022,timesat_double_logistic_cv_seapar,2022-08-03,2022,32.500500000000002,False,2022_segment_1,14.706269264221191,0,ok,
secondary_sensitivity_double_logistic_seasonal_parameter,2022,timesat_double_logistic_cv_seapar,2022-08-04,2022,36.1892,False,2022_segment_1,14.713225364685059,0,ok,
secondary_sensitivity_double_logistic_seasonal_parameter,2022,timesat_double_logistic_cv_seapar,2022-08-05,2022,36.089500000000001,False,2022_segment_1,14.695737838745117,0,ok,
secondary_sensitivity_double_logistic_seasonal_parameter,2022,timesat_double_logistic_cv_seapar,2022-08-06,2022,35.890099999999997,False,2022_segment_1,14.65526294708252,0,ok,
secondary_sensitivity_double_logistic_seasonal_parameter,2022,timesat_double_logistic_cv_seapar,2022-08-07,2022,57.523899999999998,False,2022_segment_1,14.59327220916748,0,ok,
secondary_sensitivity_double_logistic_seasonal_parameter,2022,timesat_double_logistic_cv_seapar,2022-08-08,2022,39.6785,False,2022_segment_1,14.511239051818848,0,ok,
secondary_sensitivity_double_logistic_seasonal_parameter,2022,timesat_double_logistic_cv_seapar,2022-08-09,2022,9.0687599999999993,False,2022_segment_1,14.410616874694824,0,ok,
secondary_sensitivity_double_logistic_seasonal_parameter,2022,timesat_double_logistic_cv_seapar,2022-08-10,2022,11.335900000000001,False,2022_segment_1,14.292829513549805,0,ok,
secondary_sensitivity_double_logistic_seasonal_parameter,2022,timesat_double_logistic_cv_seapar,2022-08-11,2022,13.190899999999999,False,2022_segment_1,14.159260749816895,0,ok,
secondary_sensitivity_double_logistic_seasonal_parameter,2022,timesat_double_logistic_cv_seapar,2022-08-12,2022,11.1004,False,2022_segment_1,14.011247634887695,0,ok,
secondary_sensitivity_double_logistic_seasonal_parameter,2022,timesat_double_logistic_cv_seapar,2022-08-13,2022,12.5137,False,2022_segment_1,13.850075721740723,0,ok,
secondary_sensitivity_double_logistic_seasonal_parameter,2022,timesat_double_logistic_cv_seapar,2022-08-14,2022,12.1309,True,2022_segment_1,13.676975250244141,0,ok,
secondary_sensitivity_double_logistic_seasonal_parameter,2022,timesat_double_logistic_cv_seapar,2022-08-15,2022,12.955399999999999,False,2022_segment_1,13.493120193481445,0,ok,
secondary_sensitivity_double_logistic_seasonal_parameter,2022,timesat_double_logistic_cv_seapar,2022-08-16,2022,6.87141,False,2022_segment_1,13.299626350402832,0,ok,
secondary_sensitivity_double_logistic_seasonal_parameter,2022,timesat_double_logistic_cv_seapar,2022-08-17,2022,11.9796,False,2022_segment_1,13.097556114196777,0,ok,
secondary_sensitivity_double_logistic_seasonal_parameter,2022,timesat_double_logistic_cv_seapar,2022-08-18,2022,12.6538,False,2022_segment_1,12.887911796569824,0,ok,
secondary_sensitivity_double_logistic_seasonal_parameter,2022,timesat_double_logistic_cv_seapar,2022-08-19,2022,12.212999999999999,True,2022_segment_1,12.67164421081543,0,ok,
secondary_sensitivity_double_logistic_seasonal_parameter,2022,timesat_double_logistic_cv_seapar,2022-08-20,2022,11.2536,False,2022_segment_1,12.449649810791016,0,ok,
secondary_sensitivity_double_logistic_seasonal_parameter,2022,timesat_double_logistic_cv_seapar,2022-08-21,2022,10.5016,False,2022_segment_1,12.222774505615234,0,ok,
secondary_sensitivity_double_logistic_seasonal_parameter,2022,timesat_double_logistic_cv_seapar,2022-08-22,2022,10.3719,False,2022_segment_1,11.991816520690918,0,ok,
secondary_sensitivity_double_logistic_seasonal_parameter,2022,timesat_double_logistic_cv_seapar,2022-08-23,2022,7.3915199999999999,False,2022_segment_1,11.757526397705078,0,ok,
secondary_sensitivity_double_logistic_seasonal_parameter,2022,timesat_double_logistic_cv_seapar,2022-08-24,2022,6.7494899999999998,False,2022_segment_1,11.520610809326172,0,ok,
secondary_sensitivity_double_logistic_seasonal_parameter,2022,timesat_double_logistic_cv_seapar,2022-08-25,2022,6.4367099999999997,False,2022_segment_1,11.281730651855469,0,ok,
secondary_sensitivity_double_logistic_seasonal_parameter,2022,timesat_double_logistic_cv_seapar,2022-08-26,2022,6.4202500000000002,False,2022_segment_1,11.041509628295898,0,ok,
secondary_sensitivity_double_logistic_seasonal_parameter,2022,timesat_double_logistic_cv_seapar,2022-08-27,2022,5.5477600000000002,False,2022_segment_1,10.800529479980469,0,ok,
secondary_sensitivity_double_logistic_seasonal_parameter,2022,timesat_double_logistic_cv_seapar,2022-08-28,2022,6.1074700000000002,False,2022_segment_1,10.559335708618164,0,ok,
secondary_sensitivity_double_logistic_seasonal_parameter,2022,timesat_double_logistic_cv_seapar,2022-08-29,2022,4.6917200000000001,False,2022_segment_1,10.318438529968262,0,ok,
secondary_sensitivity_double_logistic_seasonal_parameter,2022,timesat_double_logistic_cv_seapar,2022-08-30,2022,3.6950400000000001,False,2022_segment_1,10.078310012817383,0,ok,
secondary_sensitivity_double_logistic_seasonal_parameter,2022,timesat_double_logistic_cv_seapar,2022-08-31,2022,4.0350700000000002,False,2022_segment_1,9.8393936157226562,0,ok,
secondary_sensitivity_double_logistic_seasonal_parameter,2022,timesat_double_logistic_cv_seapar,2022-09-01,2022,4.7151399999999999,False,2022_segment_1,9.6020975112915039,0,ok,
secondary_sensitivity_double_logistic_seasonal_parameter,2022,timesat_double_logistic_cv_seapar,2022-09-02,2022,4.61313,False,2022_segment_1,9.3668003082275391,0,ok,
secondary_sensitivity_double_logistic_seasonal_parameter,2022,timesat_double_logistic_cv_seapar,2022-09-03,2022,4.9985099999999996,False,2022_segment_1,9.1338529586791992,0,ok,
secondary_sensitivity_double_logistic_seasonal_parameter,2022,timesat_double_logistic_cv_seapar,2022-09-04,2022,4.4771200000000002,False,2022_segment_1,8.9035749435424805,0,ok,
secondary_sensitivity_double_logistic_seasonal_parameter,2022,timesat_double_logistic_cv_seapar,2022-09-05,2022,4.4884500000000003,False,2022_segment_1,8.6762599945068359,0,ok,
secondary_sensitivity_double_logistic_seasonal_parameter,2022,timesat_double_logistic_cv_seapar,2022-09-06,2022,3.0988799999999999,False,2022_segment_1,8.4521770477294922,0,ok,
secondary_sensitivity_double_logistic_seasonal_parameter,2022,timesat_double_logistic_cv_seapar,2022-09-07,2022,2.4832100000000001,False,2022_segment_1,8.2315673828125,0,ok,
secondary_sensitivity_double_logistic_seasonal_parameter,2022,timesat_double_logistic_cv_seapar,2022-09-08,2022,2.59266,True,2022_segment_1,8.0146493911743164,0,ok,
secondary_sensitivity_double_logistic_seasonal_parameter,2022,timesat_double_logistic_cv_seapar,2022-09-09,2022,2.2506200000000001,False,2022_segment_1,7.8016180992126465,0,ok,
secondary_sensitivity_double_logistic_seasonal_parameter,2022,timesat_double_logistic_cv_seapar,2022-09-10,2022,2.2301000000000002,False,2022_segment_1,7.5926475524902344,0,ok,
secondary_sensitivity_double_logistic_seasonal_parameter,2022,timesat_double_logistic_cv_seapar,2022-09-11,2022,1.53918,False,2022_segment_1,7.3878884315490723,0,ok,
secondary_sensitivity_double_logistic_seasonal_parameter,2022,timesat_double_logistic_cv_seapar,2022-09-12,2022,1.8812199999999999,False,2022_segment_1,7.1874737739562988,0,ok,
secondary_sensitivity_double_logistic_seasonal_parameter,2022,timesat_double_logistic_cv_seapar,2022-09-13,2022,3.6957599999999999,False,2022_segment_1,6.99151611328125,0,ok,
secondary_sensitivity_double_logistic_seasonal_parameter,2022,timesat_double_logistic_cv_seapar,2022-09-14,2022,2.85493,False,2022_segment_1,6.8001093864440918,0,ok,
secondary_sensitivity_double_logistic_seasonal_parameter,2022,timesat_double_logistic_cv_seapar,2022-09-15,2022,3.4611100000000001,False,2022_segment_1,6.6133317947387695,0,ok,
secondary_sensitivity_double_logistic_seasonal_parameter,2022,timesat_double_logistic_cv_seapar,2022-09-16,2022,3.4317799999999998,False,2022_segment_1,6.431243896484375,0,ok,
secondary_sensitivity_double_logistic_seasonal_parameter,2022,timesat_double_logistic_cv_seapar,2022-09-17,2022,3.3535599999999999,False,2022_segment_1,6.2538924217224121,0,ok,
secondary_sensitivity_double_logistic_seasonal_parameter,2022,timesat_double_logistic_cv_seapar,2022-09-18,2022,3.7837499999999999,False,2022_segment_1,6.0813088417053223,0,ok,
secondary_sensitivity_double_logistic_seasonal_parameter,2022,timesat_double_logistic_cv_seapar,2022-09-19,2022,4.5952599999999997,False,2022_segment_1,5.9135117530822754,0,ok,
secondary_sensitivity_double_logistic_seasonal_parameter,2022,timesat_double_logistic_cv_seapar,2022-09-20,2022,4.7327399999999997,False,2022_segment_1,5.7505068778991699,0,ok,
secondary_sensitivity_double_logistic_seasonal_parameter,2022,timesat_double_logistic_cv_seapar,2022-09-21,2022,4.8348899999999997,False,2022_segment_1,5.5922889709472656,0,ok,
secondary_sensitivity_double_logistic_seasonal_parameter,2022,timesat_double_logistic_cv_seapar,2022-09-22,2022,5.7995900000000002,False,2022_segment_1,5.4388418197631836,0,ok,
secondary_sensitivity_double_logistic_seasonal_parameter,2022,timesat_double_logistic_cv_seapar,2022-09-23,2022,7.2523299999999997,False,2022_segment_1,5.2901391983032227,0,ok,
secondary_sensitivity_double_logistic_seasonal_parameter,2022,timesat_double_logistic_cv_seapar,2022-09-24,2022,7.4906699999999997,False,2022_segment_1,5.1461472511291504,0,ok,
secondary_sensitivity_double_logistic_seasonal_parameter,2022,timesat_double_logistic_cv_seapar,2022-09-25,2022,5.2661699999999998,False,2022_segment_1,5.0068221092224121,0,ok,
secondary_sensitivity_double_logistic_seasonal_parameter,2022,timesat_double_logistic_cv_seapar,2022-09-26,2022,9.1590399999999992,False,2022_segment_1,4.8721141815185547,0,ok,
secondary_sensitivity_double_logistic_seasonal_parameter,2022,timesat_double_logistic_cv_seapar,2022-09-27,2022,3.6562999999999999,False,2022_segment_1,4.7419657707214355,0,ok,
secondary_sensitivity_double_logistic_seasonal_parameter,2022,timesat_double_logistic_cv_seapar,2022-09-28,2022,4.06515,True,2022_segment_1,4.6163153648376465,0,ok,
secondary_sensitivity_double_logistic_seasonal_parameter,2022,timesat_double_logistic_cv_seapar,2022-09-29,2022,4.1235499999999998,False,2022_segment_1,4.4950942993164062,0,ok,
secondary_sensitivity_double_logistic_seasonal_parameter,2022,timesat_double_logistic_cv_seapar,2022-09-30,2022,4.6492199999999997,True,2022_segment_1,4.3782305717468262,0,ok,
secondary_sensitivity_double_logistic_seasonal_parameter,2022,timesat_double_logistic_cv_seapar,2022-10-01,2022,4.2053200000000004,False,2022_segment_1,4.2656474113464355,0,ok,
secondary_sensitivity_double_logistic_seasonal_parameter,2022,timesat_double_logistic_cv_seapar,2022-10-02,2022,4.1001899999999996,False,2022_segment_1,4.1572656631469727,0,ok,
secondary_sensitivity_double_logistic_seasonal_parameter,2022,timesat_double_logistic_cv_seapar,2022-10-03,2022,4.6959400000000002,True,2022_segment_1,4.0530028343200684,0,ok,
secondary_sensitivity_double_logistic_seasonal_parameter,2022,timesat_double_logistic_cv_seapar,2022-10-04,2022,5.2800200000000004,False,2022_segment_1,3.9527738094329834,0,ok,
secondary_sensitivity_double_logistic_seasonal_parameter,2022,timesat_double_logistic_cv_seapar,2022-10-05,2022,4.6141699999999997,False,2022_segment_1,3.8564929962158203,0,ok,
secondary_sensitivity_double_logistic_seasonal_parameter,2022,timesat_double_logistic_cv_seapar,2022-10-06,2022,4.5090399999999997,False,2022_segment_1,3.7640719413757324,0,ok,
secondary_sensitivity_double_logistic_seasonal_parameter,2022,timesat_double_logistic_cv_seapar,2022-10-07,2022,4.6959400000000002,False,2022_segment_1,3.6754226684570312,0,ok,
secondary_sensitivity_double_logistic_seasonal_parameter,2022,timesat_double_logistic_cv_seapar,2022-10-08,2022,4.6608999999999998,True,2022_segment_1,3.5904552936553955,0,ok,
secondary_sensitivity_double_logistic_seasonal_parameter,2022,timesat_double_logistic_cv_seapar,2022-10-09,2022,6.7869200000000003,False,2022_segment_1,3.5090811252593994,0,ok,
secondary_sensitivity_double_logistic_seasonal_parameter,2022,timesat_double_logistic_cv_seapar,2022-10-10,2022,5.6771900000000004,True,2022_segment_1,3.4312107563018799,0,ok,
secondary_sensitivity_double_logistic_seasonal_parameter,2022,timesat_double_logistic_cv_seapar,2022-10-11,2022,4.9456800000000003,False,2022_segment_1,3.3567557334899902,0,ok,
secondary_sensitivity_double_logistic_seasonal_parameter,2022,timesat_double_logistic_cv_seapar,2022-10-12,2022,4.5425800000000001,False,2022_segment_1,3.2856278419494629,0,ok,
secondary_sensitivity_double_logistic_seasonal_parameter,2022,timesat_double_logistic_cv_seapar,2022-10-13,2022,4.55558,False,2022_segment_1,3.2177402973175049,0,ok,
secondary_sensitivity_double_logistic_seasonal_parameter,2022,timesat_double_logistic_cv_seapar,2022-10-14,2022,4.7716700000000003,False,2022_segment_1,3.1530072689056396,0,ok,
secondary_sensitivity_double_logistic_seasonal_parameter,2022,timesat_double_logistic_cv_seapar,2022-10-15,2022,5.4585699999999999,False,2022_segment_1,3.0913448333740234,0,ok,
secondary_sensitivity_double_logistic_seasonal_parameter,2022,timesat_double_logistic_cv_seapar,2022-10-16,2022,4.2313000000000001,False,2022_segment_1,3.0326700210571289,0,ok,
secondary_sensitivity_double_logistic_seasonal_parameter,2022,timesat_double_logistic_cv_seapar,2022-10-17,2022,5.2845500000000003,False,2022_segment_1,2.9769017696380615,0,ok,
secondary_sensitivity_double_logistic_seasonal_parameter,2022,timesat_double_logistic_cv_seapar,2022-10-18,2022,4.5152200000000002,False,2022_segment_1,2.9239614009857178,0,ok,
secondary_sensitivity_double_logistic_seasonal_parameter,2022,timesat_double_logistic_cv_seapar,2022-10-19,2022,4.0298100000000003,False,2022_segment_1,2.8737714290618896,0,ok,
secondary_sensitivity_double_logistic_seasonal_parameter,2022,timesat_double_logistic_cv_seapar,2022-10-20,2022,4.5976499999999998,True,2022_segment_1,2.8262572288513184,0,ok,
secondary_sensitivity_double_logistic_seasonal_parameter,2022,timesat_double_logistic_cv_seapar,2022-10-21,2022,5.4310900000000002,False,2022_segment_1,2.7813460826873779,0,ok,
secondary_sensitivity_double_logistic_seasonal_parameter,2022,timesat_double_logistic_cv_seapar,2022-10-22,2022,4.0114999999999998,False,2022_segment_1,2.7389676570892334,0,ok,
secondary_sensitivity_double_logistic_seasonal_parameter,2022,timesat_double_logistic_cv_seapar,2022-10-23,2022,4.5793299999999997,True,2022_segment_1,2.6990535259246826,0,ok,
secondary_sensitivity_double_logistic_seasonal_parameter,2022,timesat_double_logistic_cv_seapar,2022-10-24,2022,3.86496,False,2022_segment_1,2.6615383625030518,0,ok,
secondary_sensitivity_double_logistic_seasonal_parameter,2022,timesat_double_logistic_cv_seapar,2022-10-25,2022,5.1444000000000001,False,2022_segment_1,2.6263585090637207,0,ok,
secondary_sensitivity_double_logistic_seasonal_parameter,2022,timesat_double_logistic_cv_seapar,2022-10-26,2022,3.9967299999999999,False,2022_segment_1,2.5934536457061768,0,ok,
secondary_sensitivity_double_logistic_seasonal_parameter,2022,timesat_double_logistic_cv_seapar,2022-10-27,2022,3.92625,False,2022_segment_1,2.5627648830413818,0,ok,
secondary_sensitivity_double_logistic_seasonal_parameter,2022,timesat_double_logistic_cv_seapar,2022-10-28,2022,3.8155100000000002,False,2022_segment_1,2.5342371463775635,0,ok,
secondary_sensitivity_double_logistic_seasonal_parameter,2022,timesat_double_logistic_cv_seapar,2022-10-29,2022,3.7148400000000001,False,2022_segment_1,2.5078165531158447,0,ok,
secondary_sensitivity_double_logistic_seasonal_parameter,2022,timesat_double_logistic_cv_seapar,2022-10-30,2022,3.41282,True,2022_segment_1,2.483452320098877,0,ok,
secondary_sensitivity_double_logistic_seasonal_parameter,2022,timesat_double_logistic_cv_seapar,2022-10-31,2022,3.9161899999999998,False,2022_segment_1,2.4610962867736816,0,ok,
secondary_sensitivity_double_logistic_seasonal_parameter,2022,timesat_double_logistic_cv_seapar,2022-11-01,2022,3.9866600000000001,False,2022_segment_1,2.4407021999359131,0,ok,
secondary_sensitivity_double_logistic_seasonal_parameter,2022,timesat_double_logistic_cv_seapar,2022-11-02,2022,3.6745700000000001,False,2022_segment_1,2.422227144241333,0,ok,
secondary_sensitivity_double_logistic_seasonal_parameter,2022,timesat_double_logistic_cv_seapar,2022-11-03,2022,3.82558,False,2022_segment_1,2.4056296348571777,0,ok,
secondary_sensitivity_double_logistic_seasonal_parameter,2022,timesat_double_logistic_cv_seapar,2022-11-04,2022,3.2517399999999999,False,2022_segment_1,2.3908712863922119,0,ok,
secondary_sensitivity_double_logistic_seasonal_parameter,2022,timesat_double_logistic_cv_seapar,2022-11-05,2022,3.43296,False,2022_segment_1,2.3779153823852539,0,ok,
secondary_sensitivity_double_logistic_seasonal_parameter,2022,timesat_double_logistic_cv_seapar,2022-11-06,2022,3.2416800000000001,False,2022_segment_1,2.3667283058166504,0,ok,
secondary_sensitivity_double_logistic_seasonal_parameter,2022,timesat_double_logistic_cv_seapar,2022-11-07,2022,2.8809900000000002,False,2022_segment_1,2.3572781085968018,0,ok,
secondary_sensitivity_double_logistic_seasonal_parameter,2022,timesat_double_logistic_cv_seapar,2022-11-08,2022,2.68614,False,2022_segment_1,2.3495354652404785,0,ok,
secondary_sensitivity_double_logistic_seasonal_parameter,2022,timesat_double_logistic_cv_seapar,2022-11-09,2022,2.6415299999999999,True,2022_segment_1,2.3434727191925049,0,ok,
secondary_sensitivity_double_logistic_seasonal_parameter,2022,timesat_double_logistic_cv_seapar,2022-11-10,2022,2.5969099999999998,False,2022_segment_1,2.3390645980834961,0,ok,
secondary_sensitivity_double_logistic_seasonal_parameter,2022,timesat_double_logistic_cv_seapar,2022-11-11,2022,2.5522999999999998,False,2022_segment_1,2.3362882137298584,0,ok,
secondary_sensitivity_double_logistic_seasonal_parameter,2022,timesat_double_logistic_cv_seapar,2022-11-12,2022,2.5076800000000001,True,2022_segment_1,2.3351221084594727,0,ok,
secondary_sensitivity_double_logistic_seasonal_parameter,2022,timesat_double_logistic_cv_seapar,2022-11-13,2022,2.4630700000000001,False,2022_segment_1,2.3355472087860107,0,ok,
secondary_sensitivity_double_logistic_seasonal_parameter,2022,timesat_double_logistic_cv_seapar,2022-11-14,2022,2.41845,False,2022_segment_1,2.3375463485717773,0,ok,
secondary_sensitivity_double_logistic_seasonal_parameter,2022,timesat_double_logistic_cv_seapar,2022-11-15,2022,2.37384,False,2022_segment_1,2.3411035537719727,0,ok,
secondary_sensitivity_double_logistic_seasonal_parameter,2022,timesat_double_logistic_cv_seapar,2022-11-16,2022,2.3292299999999999,False,2022_segment_1,2.346205472946167,0,ok,
secondary_sensitivity_double_logistic_seasonal_parameter,2022,timesat_double_logistic_cv_seapar,2022-11-17,2022,2.2400000000000002,True,2022_segment_1,2.3528399467468262,0,ok,
secondary_sensitivity_double_logistic_seasonal_parameter,2022,timesat_double_logistic_cv_seapar,2022-11-18,2022,2.5699999999999998,False,2022_segment_1,2.3609962463378906,0,ok,
secondary_sensitivity_double_logistic_seasonal_parameter,2022,timesat_double_logistic_cv_seapar,2022-11-19,2022,2.1000000000000001,False,2022_segment_1,2.3706660270690918,0,ok,
secondary_sensitivity_double_logistic_seasonal_parameter,2022,timesat_double_logistic_cv_seapar,2022-11-20,2022,2.23,False,2022_segment_1,2.3818414211273193,0,ok,
secondary_sensitivity_double_logistic_seasonal_parameter,2022,timesat_double_logistic_cv_seapar,2022-11-21,2022,2.3599999999999999,False,2022_segment_1,2.3945169448852539,0,ok,
secondary_sensitivity_double_logistic_seasonal_parameter,2022,timesat_double_logistic_cv_seapar,2022-11-22,2022,2.0615399999999999,True,2022_segment_1,2.4086875915527344,0,ok,
secondary_sensitivity_double_logistic_seasonal_parameter,2022,timesat_double_logistic_cv_seapar,2022-11-23,2022,2.7487200000000001,False,2022_segment_1,2.4243497848510742,0,ok,
secondary_sensitivity_double_logistic_seasonal_parameter,2022,timesat_double_logistic_cv_seapar,2022-11-24,2022,2.5230800000000002,False,2022_segment_1,2.4415018558502197,0,ok,
secondary_sensitivity_double_logistic_seasonal_parameter,2022,timesat_double_logistic_cv_seapar,2022-11-25,2022,2.3692299999999999,False,2022_segment_1,2.4601421356201172,0,ok,
secondary_sensitivity_double_logistic_seasonal_parameter,2022,timesat_double_logistic_cv_seapar,2022-11-26,2022,1.9897499999999999,False,2022_segment_1,2.4802706241607666,0,ok,
secondary_sensitivity_double_logistic_seasonal_parameter,2022,timesat_double_logistic_cv_seapar,2022-11-27,2022,2.57436,False,2022_segment_1,2.5018882751464844,0,ok,
secondary_sensitivity_double_logistic_seasonal_parameter,2022,timesat_double_logistic_cv_seapar,2022-11-28,2022,1.9897499999999999,False,2022_segment_1,2.5249965190887451,0,ok,
secondary_sensitivity_double_logistic_seasonal_parameter,2022,timesat_double_logistic_cv_seapar,2022-11-29,2022,2.1025700000000001,False,2022_segment_1,2.5495975017547607,0,ok,
secondary_sensitivity_double_logistic_seasonal_parameter,2022,timesat_double_logistic_cv_seapar,2022-11-30,2022,2.30769,False,2022_segment_1,2.5756943225860596,0,ok,
secondary_sensitivity_double_logistic_seasonal_parameter,2022,timesat_double_logistic_cv_seapar,2022-12-01,2022,2.1333299999999999,False,2022_segment_1,2.6032900810241699,0,ok,
secondary_sensitivity_double_logistic_seasonal_parameter,2022,timesat_double_logistic_cv_seapar,2022-12-02,2022,2.33846,False,2022_segment_1,2.6323888301849365,0,ok,
secondary_sensitivity_double_logistic_seasonal_parameter,2022,timesat_double_logistic_cv_seapar,2022-12-03,2022,2.0718000000000001,False,2022_segment_1,2.6629946231842041,0,ok,
secondary_sensitivity_double_logistic_seasonal_parameter,2022,timesat_double_logistic_cv_seapar,2022-12-04,2022,2.0820500000000002,False,2022_segment_1,2.6951119899749756,0,ok,
secondary_sensitivity_double_logistic_seasonal_parameter,2022,timesat_double_logistic_cv_seapar,2022-12-05,2022,4.2256400000000003,False,2022_segment_1,2.7287449836730957,0,ok,
secondary_sensitivity_double_logistic_seasonal_parameter,2022,timesat_double_logistic_cv_seapar,2022-12-06,2022,2.1820499999999998,False,2022_segment_1,2.7638981342315674,0,ok,
secondary_sensitivity_double_logistic_seasonal_parameter,2022,timesat_double_logistic_cv_seapar,2022-12-07,2022,2.2606799999999998,False,2022_segment_1,2.8005754947662354,0,ok,
secondary_sensitivity_double_logistic_seasonal_parameter,2022,timesat_double_logistic_cv_seapar,2022-12-08,2022,1.8282,False,2022_segment_1,2.8387813568115234,0,ok,
secondary_sensitivity_double_logistic_seasonal_parameter,2022,timesat_double_logistic_cv_seapar,2022-12-09,2022,2.1427299999999998,True,2022_segment_1,2.87851881980896,0,ok,
secondary_sensitivity_double_logistic_seasonal_parameter,2023,timesat_double_logistic_cv_seapar,2023-04-21,2023,13.4612,True,2023_segment_1,15.887511253356934,0,ok,
secondary_sensitivity_double_logistic_seasonal_parameter,2023,timesat_double_logistic_cv_seapar,2023-04-22,2023,10.954800000000001,False,2023_segment_1,15.212027549743652,0,ok,
secondary_sensitivity_double_logistic_seasonal_parameter,2023,timesat_double_logistic_cv_seapar,2023-04-23,2023,15.9877,True,2023_segment_1,14.537473678588867,0,ok,
secondary_sensitivity_double_logistic_seasonal_parameter,2023,timesat_double_logistic_cv_seapar,2023-04-24,2023,15.9374,False,2023_segment_1,13.866539001464844,0,ok,
secondary_sensitivity_double_logistic_seasonal_parameter,2023,timesat_double_logistic_cv_seapar,2023-04-25,2023,11.004,False,2023_segment_1,13.201848030090332,0,ok,
secondary_sensitivity_double_logistic_seasonal_parameter,2023,timesat_double_logistic_cv_seapar,2023-04-26,2023,12.669499999999999,False,2023_segment_1,12.545920372009277,0,ok,
secondary_sensitivity_double_logistic_seasonal_parameter,2023,timesat_double_logistic_cv_seapar,2023-04-27,2023,11.8451,False,2023_segment_1,11.901139259338379,0,ok,
secondary_sensitivity_double_logistic_seasonal_parameter,2023,timesat_double_logistic_cv_seapar,2023-04-28,2023,11.492900000000001,True,2023_segment_1,11.269715309143066,0,ok,
secondary_sensitivity_double_logistic_seasonal_parameter,2023,timesat_double_logistic_cv_seapar,2023-04-29,2023,12.3505,False,2023_segment_1,10.653668403625488,0,ok,
secondary_sensitivity_double_logistic_seasonal_parameter,2023,timesat_double_logistic_cv_seapar,2023-04-30,2023,9.7901100000000003,False,2023_segment_1,10.054800033569336,0,ok,
secondary_sensitivity_double_logistic_seasonal_parameter,2023,timesat_double_logistic_cv_seapar,2023-05-01,2023,10.1381,False,2023_segment_1,9.4746856689453125,0,ok,
secondary_sensitivity_double_logistic_seasonal_parameter,2023,timesat_double_logistic_cv_seapar,2023-05-02,2023,10.5305,False,2023_segment_1,8.9146585464477539,0,ok,
secondary_sensitivity_double_logistic_seasonal_parameter,2023,timesat_double_logistic_cv_seapar,2023-05-03,2023,9.7523999999999997,True,2023_segment_1,8.3758172988891602,0,ok,
secondary_sensitivity_double_logistic_seasonal_parameter,2023,timesat_double_logistic_cv_seapar,2023-05-04,2023,7.5717400000000001,False,2023_segment_1,7.8590183258056641,0,ok,
secondary_sensitivity_double_logistic_seasonal_parameter,2023,timesat_double_logistic_cv_seapar,2023-05-05,2023,6.2810499999999996,False,2023_segment_1,7.3648900985717773,0,ok,
secondary_sensitivity_double_logistic_seasonal_parameter,2023,timesat_double_logistic_cv_seapar,2023-05-06,2023,7.7674399999999997,True,2023_segment_1,6.8938412666320801,0,ok,
secondary_sensitivity_double_logistic_seasonal_parameter,2023,timesat_double_logistic_cv_seapar,2023-05-07,2023,4.9018300000000004,False,2023_segment_1,6.4460763931274414,0,ok,
secondary_sensitivity_double_logistic_seasonal_parameter,2023,timesat_double_logistic_cv_seapar,2023-05-08,2023,3.7742200000000001,True,2023_segment_1,6.0216121673583984,0,ok,
secondary_sensitivity_double_logistic_seasonal_parameter,2023,timesat_double_logistic_cv_seapar,2023-05-09,2023,3.9460000000000002,False,2023_segment_1,5.6202969551086426,0,ok,
secondary_sensitivity_double_logistic_seasonal_parameter,2023,timesat_double_logistic_cv_seapar,2023-05-10,2023,5.1168699999999996,False,2023_segment_1,5.2418298721313477,0,ok,
secondary_sensitivity_double_logistic_seasonal_parameter,2023,timesat_double_logistic_cv_seapar,2023-05-11,2023,5.7119999999999997,True,2023_segment_1,4.8857803344726562,0,ok,
secondary_sensitivity_double_logistic_seasonal_parameter,2023,timesat_double_logistic_cv_seapar,2023-05-12,2023,4.9034000000000004,False,2023_segment_1,4.5516104698181152,0,ok,
secondary_sensitivity_double_logistic_seasonal_parameter,2023,timesat_double_logistic_cv_seapar,2023-05-13,2023,4.3341399999999997,True,2023_segment_1,4.2386922836303711,0,ok,
secondary_sensitivity_double_logistic_seasonal_parameter,2023,timesat_double_logistic_cv_seapar,2023-05-14,2023,4.6705199999999998,False,2023_segment_1,3.9463262557983398,0,ok,
secondary_sensitivity_double_logistic_seasonal_parameter,2023,timesat_double_logistic_cv_seapar,2023-05-15,2023,4.2370999999999999,False,2023_segment_1,3.6737604141235352,0,ok,
secondary_sensitivity_double_logistic_seasonal_parameter,2023,timesat_double_logistic_cv_seapar,2023-05-16,2023,4.1673200000000001,False,2023_segment_1,3.4202044010162354,0,ok,
secondary_sensitivity_double_logistic_seasonal_parameter,2023,timesat_double_logistic_cv_seapar,2023-05-17,2023,3.9114300000000002,False,2023_segment_1,3.184844970703125,0,ok,
secondary_sensitivity_double_logistic_seasonal_parameter,2023,timesat_double_logistic_cv_seapar,2023-05-18,2023,3.8246099999999998,True,2023_segment_1,2.96685791015625,0,ok,
secondary_sensitivity_double_logistic_seasonal_parameter,2023,timesat_double_logistic_cv_seapar,2023-05-19,2023,3.5321699999999998,False,2023_segment_1,2.7654201984405518,0,ok,
secondary_sensitivity_double_logistic_seasonal_parameter,2023,timesat_double_logistic_cv_seapar,2023-05-20,2023,3.1300599999999998,False,2023_segment_1,2.5797202587127686,0,ok,
secondary_sensitivity_double_logistic_seasonal_parameter,2023,timesat_double_logistic_cv_seapar,2023-05-21,2023,2.8604599999999998,True,2023_segment_1,2.4089653491973877,0,ok,
secondary_sensitivity_double_logistic_seasonal_parameter,2023,timesat_double_logistic_cv_seapar,2023-05-22,2023,3.05694,False,2023_segment_1,2.2523891925811768,0,ok,
secondary_sensitivity_double_logistic_seasonal_parameter,2023,timesat_double_logistic_cv_seapar,2023-05-23,2023,2.8848600000000002,True,2023_segment_1,2.1092591285705566,0,ok,
secondary_sensitivity_double_logistic_seasonal_parameter,2023,timesat_double_logistic_cv_seapar,2023-05-24,2023,2.8411300000000002,False,2023_segment_1,1.9788795709609985,0,ok,
secondary_sensitivity_double_logistic_seasonal_parameter,2023,timesat_double_logistic_cv_seapar,2023-05-25,2023,2.7974100000000002,False,2023_segment_1,1.8605968952178955,0,ok,
secondary_sensitivity_double_logistic_seasonal_parameter,2023,timesat_double_logistic_cv_seapar,2023-05-26,2023,2.7536800000000001,True,2023_segment_1,1.753803014755249,0,ok,
secondary_sensitivity_double_logistic_seasonal_parameter,2023,timesat_double_logistic_cv_seapar,2023-05-27,2023,2.7099500000000001,False,2023_segment_1,1.6579375267028809,0,ok,
secondary_sensitivity_double_logistic_seasonal_parameter,2023,timesat_double_logistic_cv_seapar,2023-05-28,2023,2.66622,False,2023_segment_1,1.572489857673645,0,ok,
secondary_sensitivity_double_logistic_seasonal_parameter,2023,timesat_double_logistic_cv_seapar,2023-05-29,2023,2.6225000000000001,False,2023_segment_1,1.4970012903213501,0,ok,
secondary_sensitivity_double_logistic_seasonal_parameter,2023,timesat_double_logistic_cv_seapar,2023-05-30,2023,2.57877,False,2023_segment_1,1.4310653209686279,0,ok,
secondary_sensitivity_double_logistic_seasonal_parameter,2023,timesat_double_logistic_cv_seapar,2023-05-31,2023,3.0969099999999998,False,2023_segment_1,1.3743293285369873,0,ok,
secondary_sensitivity_double_logistic_seasonal_parameter,2023,timesat_double_logistic_cv_seapar,2023-06-01,2023,2.74553,False,2023_segment_1,1.3264943361282349,0,ok,
secondary_sensitivity_double_logistic_seasonal_parameter,2023,timesat_double_logistic_cv_seapar,2023-06-02,2023,2.0546799999999998,True,2023_segment_1,1.2873159646987915,0,ok,
secondary_sensitivity_double_logistic_seasonal_parameter,2023,timesat_double_logistic_cv_seapar,2023-06-03,2023,2.3107700000000002,False,2023_segment_1,1.2566039562225342,0,ok,
secondary_sensitivity_double_logistic_seasonal_parameter,2023,timesat_double_logistic_cv_seapar,2023-06-04,2023,1.8105,False,2023_segment_1,1.2342222929000854,0,ok,
secondary_sensitivity_double_logistic_seasonal_parameter,2023,timesat_double_logistic_cv_seapar,2023-06-05,2023,2.07254,True,2023_segment_1,1.2200881242752075,0,ok,
secondary_sensitivity_double_logistic_seasonal_parameter,2023,timesat_double_logistic_cv_seapar,2023-06-06,2023,2.3226800000000001,False,2023_segment_1,1.2141717672348022,0,ok,
secondary_sensitivity_double_logistic_seasonal_parameter,2023,timesat_double_logistic_cv_seapar,2023-06-07,2023,1.3427100000000001,True,2023_segment_1,1.2164950370788574,0,ok,
secondary_sensitivity_double_logistic_seasonal_parameter,2023,timesat_double_logistic_cv_seapar,2023-06-08,2023,1.17639,False,2023_segment_1,1.2271296977996826,0,ok,
secondary_sensitivity_double_logistic_seasonal_parameter,2023,timesat_double_logistic_cv_seapar,2023-06-09,2023,1.3143100000000001,False,2023_segment_1,1.2461954355239868,0,ok,
secondary_sensitivity_double_logistic_seasonal_parameter,2023,timesat_double_logistic_cv_seapar,2023-06-10,2023,1.3427100000000001,True,2023_segment_1,1.2738567590713501,0,ok,
secondary_sensitivity_double_logistic_seasonal_parameter,2023,timesat_double_logistic_cv_seapar,2023-06-11,2023,1.2534700000000001,False,2023_segment_1,1.3103197813034058,0,ok,
secondary_sensitivity_double_logistic_seasonal_parameter,2023,timesat_double_logistic_cv_seapar,2023-06-12,2023,0.90460499999999999,True,2023_segment_1,1.3558272123336792,0,ok,
secondary_sensitivity_double_logistic_seasonal_parameter,2023,timesat_double_logistic_cv_seapar,2023-06-13,2023,0.93069000000000002,False,2023_segment_1,1.4106531143188477,0,ok,
secondary_sensitivity_double_logistic_seasonal_parameter,2023,timesat_double_logistic_cv_seapar,2023-06-14,2023,0.69228699999999999,False,2023_segment_1,1.475095272064209,0,ok,
secondary_sensitivity_double_logistic_seasonal_parameter,2023,timesat_double_logistic_cv_seapar,2023-06-15,2023,0.802319,False,2023_segment_1,1.5494675636291504,0,ok,
secondary_sensitivity_double_logistic_seasonal_parameter,2023,timesat_double_logistic_cv_seapar,2023-06-16,2023,0.802319,False,2023_segment_1,1.6340893507003784,0,ok,
secondary_sensitivity_double_logistic_seasonal_parameter,2023,timesat_double_logistic_cv_seapar,2023-06-17,2023,0.73354900000000001,False,2023_segment_1,1.7292742729187012,0,ok,
secondary_sensitivity_double_logistic_seasonal_parameter,2023,timesat_double_logistic_cv_seapar,2023-06-18,2023,0.63268599999999997,False,2023_segment_1,1.8353170156478882,0,ok,
secondary_sensitivity_double_logistic_seasonal_parameter,2023,timesat_double_logistic_cv_seapar,2023-06-19,2023,0.86192000000000002,False,2023_segment_1,1.9524780511856079,0,ok,
secondary_sensitivity_double_logistic_seasonal_parameter,2023,timesat_double_logistic_cv_seapar,2023-06-20,2023,1.2222,False,2023_segment_1,2.080967903137207,0,ok,
secondary_sensitivity_double_logistic_seasonal_parameter,2023,timesat_double_logistic_cv_seapar,2023-06-21,2023,1.4798899999999999,False,2023_segment_1,2.2209298610687256,0,ok,
secondary_sensitivity_double_logistic_seasonal_parameter,2023,timesat_double_logistic_cv_seapar,2023-06-22,2023,2.1130800000000001,False,2023_segment_1,2.3724212646484375,0,ok,
secondary_sensitivity_double_logistic_seasonal_parameter,2023,timesat_double_logistic_cv_seapar,2023-06-23,2023,1.84066,False,2023_segment_1,2.5353963375091553,0,ok,
secondary_sensitivity_double_logistic_seasonal_parameter,2023,timesat_double_logistic_cv_seapar,2023-06-24,2023,2.1793399999999998,False,2023_segment_1,2.7096879482269287,0,ok,
secondary_sensitivity_double_logistic_seasonal_parameter,2023,timesat_double_logistic_cv_seapar,2023-06-25,2023,1.93638,True,2023_segment_1,2.8949928283691406,0,ok,
secondary_sensitivity_double_logistic_seasonal_parameter,2023,timesat_double_logistic_cv_seapar,2023-06-26,2023,1.6786799999999999,False,2023_segment_1,3.0908584594726562,0,ok,
secondary_sensitivity_double_logistic_seasonal_parameter,2023,timesat_double_logistic_cv_seapar,2023-06-27,2023,2.6722800000000002,True,2023_segment_1,3.2966728210449219,0,ok,
secondary_sensitivity_double_logistic_seasonal_parameter,2023,timesat_double_logistic_cv_seapar,2023-06-28,2023,2.4580500000000001,False,2023_segment_1,3.5116603374481201,0,ok,
secondary_sensitivity_double_logistic_seasonal_parameter,2023,timesat_double_logistic_cv_seapar,2023-06-29,2023,2.32274,False,2023_segment_1,3.7348830699920654,0,ok,
secondary_sensitivity_double_logistic_seasonal_parameter,2023,timesat_double_logistic_cv_seapar,2023-06-30,2023,2.1310600000000002,False,2023_segment_1,3.9652471542358398,0,ok,
secondary_sensitivity_double_logistic_seasonal_parameter,2023,timesat_double_logistic_cv_seapar,2023-07-01,2023,2.4467699999999999,False,2023_segment_1,4.2015156745910645,0,ok,
secondary_sensitivity_double_logistic_seasonal_parameter,2023,timesat_double_logistic_cv_seapar,2023-07-02,2023,3.3488099999999998,False,2023_segment_1,4.4423294067382812,0,ok,
secondary_sensitivity_double_logistic_seasonal_parameter,2023,timesat_double_logistic_cv_seapar,2023-07-03,2023,2.8639600000000001,False,2023_segment_1,4.6862320899963379,0,ok,
secondary_sensitivity_double_logistic_seasonal_parameter,2023,timesat_double_logistic_cv_seapar,2023-07-04,2023,2.9922300000000002,False,2023_segment_1,4.9317002296447754,0,ok,
secondary_sensitivity_double_logistic_seasonal_parameter,2023,timesat_double_logistic_cv_seapar,2023-07-05,2023,2.9134899999999999,False,2023_segment_1,5.177177906036377,0,ok,
secondary_sensitivity_double_logistic_seasonal_parameter,2023,timesat_double_logistic_cv_seapar,2023-07-06,2023,2.6969400000000001,False,2023_segment_1,5.4211106300354004,0,ok,
secondary_sensitivity_double_logistic_seasonal_parameter,2023,timesat_double_logistic_cv_seapar,2023-07-07,2023,2.67726,False,2023_segment_1,5.661982536315918,0,ok,
secondary_sensitivity_double_logistic_seasonal_parameter,2023,timesat_double_logistic_cv_seapar,2023-07-08,2023,2.7559999999999998,False,2023_segment_1,5.8983492851257324,0,ok,
secondary_sensitivity_double_logistic_seasonal_parameter,2023,timesat_double_logistic_cv_seapar,2023-07-09,2023,2.6575700000000002,False,2023_segment_1,6.1288690567016602,0,ok,
secondary_sensitivity_double_logistic_seasonal_parameter,2023,timesat_double_logistic_cv_seapar,2023-07-10,2023,1.85046,False,2023_segment_1,6.3523283004760742,0,ok,
secondary_sensitivity_double_logistic_seasonal_parameter,2023,timesat_double_logistic_cv_seapar,2023-07-11,2023,2.6868599999999998,False,2023_segment_1,6.567659854888916,0,ok,
secondary_sensitivity_double_logistic_seasonal_parameter,2023,timesat_double_logistic_cv_seapar,2023-07-12,2023,2.57491,False,2023_segment_1,6.7739582061767578,0,ok,
secondary_sensitivity_double_logistic_seasonal_parameter,2023,timesat_double_logistic_cv_seapar,2023-07-13,2023,2.7490600000000001,False,2023_segment_1,6.9704861640930176,0,ok,
secondary_sensitivity_double_logistic_seasonal_parameter,2023,timesat_double_logistic_cv_seapar,2023-07-14,2023,3.1346699999999998,False,2023_segment_1,7.1566758155822754,0,ok,
secondary_sensitivity_double_logistic_seasonal_parameter,2023,timesat_double_logistic_cv_seapar,2023-07-15,2023,2.8610099999999998,False,2023_segment_1,7.3321237564086914,0,ok,
secondary_sensitivity_double_logistic_seasonal_parameter,2023,timesat_double_logistic_cv_seapar,2023-07-16,2023,2.79881,False,2023_segment_1,7.4965829849243164,0,ok,
secondary_sensitivity_double_logistic_seasonal_parameter,2023,timesat_double_logistic_cv_seapar,2023-07-17,2023,3.22174,False,2023_segment_1,7.6499495506286621,0,ok,
secondary_sensitivity_double_logistic_seasonal_parameter,2023,timesat_double_logistic_cv_seapar,2023-07-18,2023,10.3347,False,2023_segment_1,7.7922468185424805,0,ok,
secondary_sensitivity_double_logistic_seasonal_parameter,2023,timesat_double_logistic_cv_seapar,2023-07-19,2023,9.5397200000000009,False,2023_segment_1,7.9236102104187012,0,ok,
secondary_sensitivity_double_logistic_seasonal_parameter,2023,timesat_double_logistic_cv_seapar,2023-07-20,2023,10.7149,True,2023_segment_1,8.0442686080932617,0,ok,
secondary_sensitivity_double_logistic_seasonal_parameter,2023,timesat_double_logistic_cv_seapar,2023-07-21,2023,11.6136,False,2023_segment_1,8.1545276641845703,0,ok,
secondary_sensitivity_double_logistic_seasonal_parameter,2023,timesat_double_logistic_cv_seapar,2023-07-22,2023,10.369300000000001,False,2023_segment_1,8.2547521591186523,0,ok,
secondary_sensitivity_double_logistic_seasonal_parameter,2023,timesat_double_logistic_cv_seapar,2023-07-23,2023,10.9223,False,2023_segment_1,8.3453531265258789,0,ok,
secondary_sensitivity_double_logistic_seasonal_parameter,2023,timesat_double_logistic_cv_seapar,2023-07-24,2023,10.4038,False,2023_segment_1,8.4267711639404297,0,ok,
secondary_sensitivity_double_logistic_seasonal_parameter,2023,timesat_double_logistic_cv_seapar,2023-07-25,2023,10.4038,False,2023_segment_1,8.4994640350341797,0,ok,
secondary_sensitivity_double_logistic_seasonal_parameter,2023,timesat_double_logistic_cv_seapar,2023-07-26,2023,12.4777,False,2023_segment_1,8.563899040222168,0,ok,
secondary_sensitivity_double_logistic_seasonal_parameter,2023,timesat_double_logistic_cv_seapar,2023-07-27,2023,11.648099999999999,False,2023_segment_1,8.6205425262451172,0,ok,
secondary_sensitivity_double_logistic_seasonal_parameter,2023,timesat_double_logistic_cv_seapar,2023-07-28,2023,11.5444,False,2023_segment_1,8.6698522567749023,0,ok,
secondary_sensitivity_double_logistic_seasonal_parameter,2023,timesat_double_logistic_cv_seapar,2023-07-29,2023,14.758900000000001,False,2023_segment_1,8.7122697830200195,0,ok,
secondary_sensitivity_double_logistic_seasonal_parameter,2023,timesat_double_logistic_cv_seapar,2023-07-30,2023,14.5861,False,2023_segment_1,8.7482223510742188,0,ok,
secondary_sensitivity_double_logistic_seasonal_parameter,2023,timesat_double_logistic_cv_seapar,2023-07-31,2023,15.726699999999999,False,2023_segment_1,8.7781124114990234,0,ok,
secondary_sensitivity_double_logistic_seasonal_parameter,2023,timesat_double_logistic_cv_seapar,2023-08-01,2023,10.318,False,2023_segment_1,8.8023195266723633,0,ok,
secondary_sensitivity_double_logistic_seasonal_parameter,2023,timesat_double_logistic_cv_seapar,2023-08-02,2023,8.5227400000000006,False,2023_segment_1,8.821197509765625,0,ok,
secondary_sensitivity_double_logistic_seasonal_parameter,2023,timesat_double_logistic_cv_seapar,2023-08-03,2023,9.6470199999999995,False,2023_segment_1,8.8350763320922852,0,ok,
secondary_sensitivity_double_logistic_seasonal_parameter,2023,timesat_double_logistic_cv_seapar,2023-08-04,2023,8.2326099999999993,True,2023_segment_1,8.8442583084106445,0,ok,
secondary_sensitivity_double_logistic_seasonal_parameter,2023,timesat_double_logistic_cv_seapar,2023-08-05,2023,9.3024799999999992,False,2023_segment_1,8.8490200042724609,0,ok,
secondary_sensitivity_double_logistic_seasonal_parameter,2023,timesat_double_logistic_cv_seapar,2023-08-06,2023,8.3051399999999997,False,2023_segment_1,8.849614143371582,0,ok,
secondary_sensitivity_double_logistic_seasonal_parameter,2023,timesat_double_logistic_cv_seapar,2023-08-07,2023,8.3051399999999997,False,2023_segment_1,8.8462686538696289,0,ok,
secondary_sensitivity_double_logistic_seasonal_parameter,2023,timesat_double_logistic_cv_seapar,2023-08-08,2023,5.8472099999999996,False,2023_segment_1,8.8391895294189453,0,ok,
secondary_sensitivity_double_logistic_seasonal_parameter,2023,timesat_double_logistic_cv_seapar,2023-08-09,2023,4.7907000000000002,False,2023_segment_1,8.8285598754882812,0,ok,
secondary_sensitivity_double_logistic_seasonal_parameter,2023,timesat_double_logistic_cv_seapar,2023-08-10,2023,7.3408899999999999,False,2023_segment_1,8.8145437240600586,0,ok,
secondary_sensitivity_double_logistic_seasonal_parameter,2023,timesat_double_logistic_cv_seapar,2023-08-11,2023,9.4903300000000002,False,2023_segment_1,8.7972860336303711,0,ok,
secondary_sensitivity_double_logistic_seasonal_parameter,2023,timesat_double_logistic_cv_seapar,2023-08-12,2023,6.5667299999999997,False,2023_segment_1,8.7769155502319336,0,ok,
secondary_sensitivity_double_logistic_seasonal_parameter,2023,timesat_double_logistic_cv_seapar,2023-08-13,2023,7.0221200000000001,False,2023_segment_1,8.7535438537597656,0,ok,
secondary_sensitivity_double_logistic_seasonal_parameter,2023,timesat_double_logistic_cv_seapar,2023-08-14,2023,4.9819699999999996,False,2023_segment_1,8.7272672653198242,0,ok,
secondary_sensitivity_double_logistic_seasonal_parameter,2023,timesat_double_logistic_cv_seapar,2023-08-15,2023,6.6865500000000004,False,2023_segment_1,8.6981697082519531,0,ok,
secondary_sensitivity_double_logistic_seasonal_parameter,2023,timesat_double_logistic_cv_seapar,2023-08-16,2023,9.0494699999999995,False,2023_segment_1,8.666325569152832,0,ok,
secondary_sensitivity_double_logistic_seasonal_parameter,2023,timesat_double_logistic_cv_seapar,2023-08-17,2023,7.7758399999999996,False,2023_segment_1,8.6317930221557617,0,ok,
secondary_sensitivity_double_logistic_seasonal_parameter,2023,timesat_double_logistic_cv_seapar,2023-08-18,2023,8.2283100000000005,False,2023_segment_1,8.5946273803710938,0,ok,
secondary_sensitivity_double_logistic_seasonal_parameter,2023,timesat_double_logistic_cv_seapar,2023-08-19,2023,7.5579799999999997,False,2023_segment_1,8.5548696517944336,0,ok,
secondary_sensitivity_double_logistic_seasonal_parameter,2023,timesat_double_logistic_cv_seapar,2023-08-20,2023,6.1335300000000004,False,2023_segment_1,8.5125570297241211,0,ok,
secondary_sensitivity_double_logistic_seasonal_parameter,2023,timesat_double_logistic_cv_seapar,2023-08-21,2023,7.2563300000000002,False,2023_segment_1,8.4677190780639648,0,ok,
secondary_sensitivity_double_logistic_seasonal_parameter,2023,timesat_double_logistic_cv_seapar,2023-08-22,2023,4.32036,False,2023_segment_1,8.4203815460205078,0,ok,
secondary_sensitivity_double_logistic_seasonal_parameter,2023,timesat_double_logistic_cv_seapar,2023-08-23,2023,7.5244499999999999,False,2023_segment_1,8.3705635070800781,0,ok,
secondary_sensitivity_double_logistic_seasonal_parameter,2023,timesat_double_logistic_cv_seapar,2023-08-24,2023,4.5890899999999997,False,2023_segment_1,8.3182830810546875,0,ok,
secondary_sensitivity_double_logistic_seasonal_parameter,2023,timesat_double_logistic_cv_seapar,2023-08-25,2023,4.8784900000000002,False,2023_segment_1,8.263554573059082,0,ok,
secondary_sensitivity_double_logistic_seasonal_parameter,2023,timesat_double_logistic_cv_seapar,2023-08-26,2023,4.4547299999999996,False,2023_segment_1,8.2063894271850586,0,ok,
secondary_sensitivity_double_logistic_seasonal_parameter,2023,timesat_double_logistic_cv_seapar,2023-08-27,2023,3.8242400000000001,False,2023_segment_1,8.1467990875244141,0,ok,
secondary_sensitivity_double_logistic_seasonal_parameter,2023,timesat_double_logistic_cv_seapar,2023-08-28,2023,4.0102900000000004,False,2023_segment_1,8.0847959518432617,0,ok,
secondary_sensitivity_double_logistic_seasonal_parameter,2023,timesat_double_logistic_cv_seapar,2023-08-29,2023,6.3964800000000004,True,2023_segment_1,8.020390510559082,0,ok,
secondary_sensitivity_double_logistic_seasonal_parameter,2023,timesat_double_logistic_cv_seapar,2023-08-30,2023,7.9263899999999996,False,2023_segment_1,7.9535961151123047,0,ok,
secondary_sensitivity_double_logistic_seasonal_parameter,2023,timesat_double_logistic_cv_seapar,2023-08-31,2023,7.4747000000000003,False,2023_segment_1,7.8844261169433594,0,ok,
secondary_sensitivity_double_logistic_seasonal_parameter,2023,timesat_double_logistic_cv_seapar,2023-09-01,2023,10.2285,False,2023_segment_1,7.812896728515625,0,ok,
secondary_sensitivity_double_logistic_seasonal_parameter,2023,timesat_double_logistic_cv_seapar,2023-09-02,2023,8.8589099999999998,False,2023_segment_1,7.7390279769897461,0,ok,
secondary_sensitivity_double_logistic_seasonal_parameter,2023,timesat_double_logistic_cv_seapar,2023-09-03,2023,7.0521599999999998,False,2023_segment_1,7.6628422737121582,0,ok,
secondary_sensitivity_double_logistic_seasonal_parameter,2023,timesat_double_logistic_cv_seapar,2023-09-04,2023,7.8243999999999998,False,2023_segment_1,7.5843663215637207,0,ok,
secondary_sensitivity_double_logistic_seasonal_parameter,2023,timesat_double_logistic_cv_seapar,2023-09-05,2023,7.1104399999999996,True,2023_segment_1,7.5036301612854004,0,ok,
secondary_sensitivity_double_logistic_seasonal_parameter,2023,timesat_double_logistic_cv_seapar,2023-09-06,2023,6.0750900000000003,False,2023_segment_1,7.4206690788269043,0,ok,
secondary_sensitivity_double_logistic_seasonal_parameter,2023,timesat_double_logistic_cv_seapar,2023-09-07,2023,5.6594300000000004,False,2023_segment_1,7.3355245590209961,0,ok,
secondary_sensitivity_double_logistic_seasonal_parameter,2023,timesat_double_logistic_cv_seapar,2023-09-08,2023,5.5421899999999997,False,2023_segment_1,7.2482414245605469,0,ok,
secondary_sensitivity_double_logistic_seasonal_parameter,2023,timesat_double_logistic_cv_seapar,2023-09-09,2023,6.3415400000000002,False,2023_segment_1,7.1588716506958008,0,ok,
secondary_sensitivity_double_logistic_seasonal_parameter,2023,timesat_double_logistic_cv_seapar,2023-09-10,2023,5.5635000000000003,False,2023_segment_1,7.0674724578857422,0,ok,
secondary_sensitivity_double_logistic_seasonal_parameter,2023,timesat_double_logistic_cv_seapar,2023-09-11,2023,5.7558600000000002,False,2023_segment_1,6.9741067886352539,0,ok,
secondary_sensitivity_double_logistic_seasonal_parameter,2023,timesat_double_logistic_cv_seapar,2023-09-12,2023,4.7866600000000004,False,2023_segment_1,6.8788447380065918,0,ok,
secondary_sensitivity_double_logistic_seasonal_parameter,2023,timesat_double_logistic_cv_seapar,2023-09-13,2023,6.7745100000000003,False,2023_segment_1,6.7817621231079102,0,ok,
secondary_sensitivity_double_logistic_seasonal_parameter,2023,timesat_double_logistic_cv_seapar,2023-09-14,2023,4.77677,False,2023_segment_1,6.6829404830932617,0,ok,
secondary_sensitivity_double_logistic_seasonal_parameter,2023,timesat_double_logistic_cv_seapar,2023-09-15,2023,6.6459400000000004,False,2023_segment_1,6.5824685096740723,0,ok,
secondary_sensitivity_double_logistic_seasonal_parameter,2023,timesat_double_logistic_cv_seapar,2023-09-16,2023,8.1393000000000004,False,2023_segment_1,6.4804401397705078,0,ok,
secondary_sensitivity_double_logistic_seasonal_parameter,2023,timesat_double_logistic_cv_seapar,2023-09-17,2023,6.9030800000000001,False,2023_segment_1,6.3769559860229492,0,ok,
secondary_sensitivity_double_logistic_seasonal_parameter,2023,timesat_double_logistic_cv_seapar,2023-09-18,2023,7.1602100000000002,False,2023_segment_1,6.2721214294433594,0,ok,
secondary_sensitivity_double_logistic_seasonal_parameter,2023,timesat_double_logistic_cv_seapar,2023-09-19,2023,5.7700800000000001,False,2023_segment_1,6.1660475730895996,0,ok,
secondary_sensitivity_double_logistic_seasonal_parameter,2023,timesat_double_logistic_cv_seapar,2023-09-20,2023,5.4398099999999996,False,2023_segment_1,6.0588512420654297,0,ok,
secondary_sensitivity_double_logistic_seasonal_parameter,2023,timesat_double_logistic_cv_seapar,2023-09-21,2023,6.1877800000000001,False,2023_segment_1,5.950653076171875,0,ok,
secondary_sensitivity_double_logistic_seasonal_parameter,2023,timesat_double_logistic_cv_seapar,2023-09-22,2023,6.0517799999999999,False,2023_segment_1,5.841578483581543,0,ok,
secondary_sensitivity_double_logistic_seasonal_parameter,2023,timesat_double_logistic_cv_seapar,2023-09-23,2023,5.2941000000000003,False,2023_segment_1,5.7317562103271484,0,ok,
secondary_sensitivity_double_logistic_seasonal_parameter,2023,timesat_double_logistic_cv_seapar,2023-09-24,2023,5.4883800000000003,False,2023_segment_1,5.6213183403015137,0,ok,
secondary_sensitivity_double_logistic_seasonal_parameter,2023,timesat_double_logistic_cv_seapar,2023-09-25,2023,5.5855199999999998,False,2023_segment_1,5.510399341583252,0,ok,
secondary_sensitivity_double_logistic_seasonal_parameter,2023,timesat_double_logistic_cv_seapar,2023-09-26,2023,5.2053799999999999,False,2023_segment_1,5.3991360664367676,0,ok,
secondary_sensitivity_double_logistic_seasonal_parameter,2023,timesat_double_logistic_cv_seapar,2023-09-27,2023,6.5522900000000002,False,2023_segment_1,5.2876667976379395,0,ok,
secondary_sensitivity_double_logistic_seasonal_parameter,2023,timesat_double_logistic_cv_seapar,2023-09-28,2023,8.8916699999999995,False,2023_segment_1,5.1761298179626465,0,ok,
secondary_sensitivity_double_logistic_seasonal_parameter,2023,timesat_double_logistic_cv_seapar,2023-09-29,2023,5.5699500000000004,False,2023_segment_1,5.0646648406982422,0,ok,
secondary_sensitivity_double_logistic_seasonal_parameter,2023,timesat_double_logistic_cv_seapar,2023-09-30,2023,7.0991600000000004,True,2023_segment_1,4.9534101486206055,0,ok,
secondary_sensitivity_double_logistic_seasonal_parameter,2023,timesat_double_logistic_cv_seapar,2023-10-01,2023,6.30924,False,2023_segment_1,4.8425021171569824,0,ok,
secondary_sensitivity_double_logistic_seasonal_parameter,2023,timesat_double_logistic_cv_seapar,2023-10-02,2023,5.46868,False,2023_segment_1,4.7320771217346191,0,ok,
secondary_sensitivity_double_logistic_seasonal_parameter,2023,timesat_double_logistic_cv_seapar,2023-10-03,2023,4.3445600000000004,False,2023_segment_1,4.6222677230834961,0,ok,
secondary_sensitivity_double_logistic_seasonal_parameter,2023,timesat_double_logistic_cv_seapar,2023-10-04,2023,3.4837500000000001,False,2023_segment_1,4.5132031440734863,0,ok,
secondary_sensitivity_double_logistic_seasonal_parameter,2023,timesat_double_logistic_cv_seapar,2023-10-05,2023,3.0786699999999998,False,2023_segment_1,4.4050107002258301,0,ok,
secondary_sensitivity_double_logistic_seasonal_parameter,2023,timesat_double_logistic_cv_seapar,2023-10-06,2023,2.6938300000000002,False,2023_segment_1,4.2978119850158691,0,ok,
secondary_sensitivity_double_logistic_seasonal_parameter,2023,timesat_double_logistic_cv_seapar,2023-10-07,2023,2.7242099999999998,False,2023_segment_1,4.1917243003845215,0,ok,
secondary_sensitivity_double_logistic_seasonal_parameter,2023,timesat_double_logistic_cv_seapar,2023-10-08,2023,2.58243,True,2023_segment_1,4.086860179901123,0,ok,
secondary_sensitivity_double_logistic_seasonal_parameter,2023,timesat_double_logistic_cv_seapar,2023-10-09,2023,2.6634500000000001,False,2023_segment_1,3.9833261966705322,0,ok,
secondary_sensitivity_double_logistic_seasonal_parameter,2023,timesat_double_logistic_cv_seapar,2023-10-10,2023,2.7789299999999999,False,2023_segment_1,3.8812234401702881,0,ok,
secondary_sensitivity_double_logistic_seasonal_parameter,2023,timesat_double_logistic_cv_seapar,2023-10-11,2023,2.3583799999999999,False,2023_segment_1,3.7806465625762939,0,ok,
secondary_sensitivity_double_logistic_seasonal_parameter,2023,timesat_double_logistic_cv_seapar,2023-10-12,2023,1.9873099999999999,False,2023_segment_1,3.6816842555999756,0,ok,
secondary_sensitivity_double_logistic_seasonal_parameter,2023,timesat_double_logistic_cv_seapar,2023-10-13,2023,2.3913600000000002,False,2023_segment_1,3.5844178199768066,0,ok,
secondary_sensitivity_double_logistic_seasonal_parameter,2023,timesat_double_logistic_cv_seapar,2023-10-14,2023,2.2676699999999999,False,2023_segment_1,3.4889225959777832,0,ok,
secondary_sensitivity_double_logistic_seasonal_parameter,2023,timesat_double_logistic_cv_seapar,2023-10-15,2023,2.28417,False,2023_segment_1,3.3952665328979492,0,ok,
secondary_sensitivity_double_logistic_seasonal_parameter,2023,timesat_double_logistic_cv_seapar,2023-10-16,2023,2.3418899999999998,False,2023_segment_1,3.3035111427307129,0,ok,
secondary_sensitivity_double_logistic_seasonal_parameter,2023,timesat_double_logistic_cv_seapar,2023-10-17,2023,2.6964700000000001,False,2023_segment_1,3.2137110233306885,0,ok,
secondary_sensitivity_double_logistic_seasonal_parameter,2023,timesat_double_logistic_cv_seapar,2023-10-18,2023,2.8449,True,2023_segment_1,3.1259136199951172,0,ok,
secondary_sensitivity_double_logistic_seasonal_parameter,2023,timesat_double_logistic_cv_seapar,2023-10-19,2023,2.6717300000000002,False,2023_segment_1,3.0401601791381836,0,ok,
secondary_sensitivity_double_logistic_seasonal_parameter,2023,timesat_double_logistic_cv_seapar,2023-10-20,2023,2.67998,False,2023_segment_1,2.9564847946166992,0,ok,
secondary_sensitivity_double_logistic_seasonal_parameter,2023,timesat_double_logistic_cv_seapar,2023-10-21,2023,2.7459500000000001,False,2023_segment_1,2.8749158382415771,0,ok,
secondary_sensitivity_double_logistic_seasonal_parameter,2023,timesat_double_logistic_cv_seapar,2023-10-22,2023,2.96034,False,2023_segment_1,2.7954752445220947,0,ok,
secondary_sensitivity_double_logistic_seasonal_parameter,2023,timesat_double_logistic_cv_seapar,2023-10-23,2023,2.8036699999999999,False,2023_segment_1,2.7181789875030518,0,ok,
secondary_sensitivity_double_logistic_seasonal_parameter,2023,timesat_double_logistic_cv_seapar,2023-10-24,2023,2.57985,False,2023_segment_1,2.6430373191833496,0,ok,
secondary_sensitivity_double_logistic_seasonal_parameter,2023,timesat_double_logistic_cv_seapar,2023-10-25,2023,2.5552800000000002,False,2023_segment_1,2.5700557231903076,0,ok,
secondary_sensitivity_double_logistic_seasonal_parameter,2023,timesat_double_logistic_cv_seapar,2023-10-26,2023,2.6044200000000002,False,2023_segment_1,2.4992339611053467,0,ok,
secondary_sensitivity_double_logistic_seasonal_parameter,2023,timesat_double_logistic_cv_seapar,2023-10-27,2023,2.85012,False,2023_segment_1,2.4305675029754639,0,ok,
secondary_sensitivity_double_logistic_seasonal_parameter,2023,timesat_double_logistic_cv_seapar,2023-10-28,2023,2.4160499999999998,False,2023_segment_1,2.3640475273132324,0,ok,
secondary_sensitivity_double_logistic_seasonal_parameter,2023,timesat_double_logistic_cv_seapar,2023-10-29,2023,2.57985,False,2023_segment_1,2.2996609210968018,0,ok,
secondary_sensitivity_double_logistic_seasonal_parameter,2023,timesat_double_logistic_cv_seapar,2023-10-30,2023,2.8828800000000001,False,2023_segment_1,2.2373909950256348,0,ok,
secondary_sensitivity_double_logistic_seasonal_parameter,2023,timesat_double_logistic_cv_seapar,2023-10-31,2023,2.2113,False,2023_segment_1,2.1772177219390869,0,ok,
secondary_sensitivity_double_logistic_seasonal_parameter,2023,timesat_double_logistic_cv_seapar,2023-11-01,2023,2.0065499999999998,False,2023_segment_1,2.1191186904907227,0,ok,
secondary_sensitivity_double_logistic_seasonal_parameter,2023,timesat_double_logistic_cv_seapar,2023-11-02,2023,1.3185899999999999,False,2023_segment_1,2.0630683898925781,0,ok,
secondary_sensitivity_double_logistic_seasonal_parameter,2023,timesat_double_logistic_cv_seapar,2023-11-03,2023,1.3677299999999999,False,2023_segment_1,2.0090389251708984,0,ok,
secondary_sensitivity_double_logistic_seasonal_parameter,2023,timesat_double_logistic_cv_seapar,2023-11-04,2023,1.28583,False,2023_segment_1,1.9570013284683228,0,ok,
secondary_sensitivity_double_logistic_seasonal_parameter,2023,timesat_double_logistic_cv_seapar,2023-11-05,2023,2.0229300000000001,False,2023_segment_1,1.9069243669509888,0,ok,
secondary_sensitivity_double_logistic_seasonal_parameter,2023,timesat_double_logistic_cv_seapar,2023-11-06,2023,1.4823900000000001,False,2023_segment_1,1.858776330947876,0,ok,
secondary_sensitivity_double_logistic_seasonal_parameter,2023,timesat_double_logistic_cv_seapar,2023-11-07,2023,0.94184999999999997,False,2023_segment_1,1.8125244379043579,0,ok,
secondary_sensitivity_double_logistic_seasonal_parameter,2023,timesat_double_logistic_cv_seapar,2023-11-08,2023,1.3267800000000001,False,2023_segment_1,1.7681353092193604,0,ok,
secondary_sensitivity_double_logistic_seasonal_parameter,2023,timesat_double_logistic_cv_seapar,2023-11-09,2023,0.89271,False,2023_segment_1,1.7255759239196777,0,ok,
secondary_sensitivity_double_logistic_seasonal_parameter,2023,timesat_double_logistic_cv_seapar,2023-11-10,2023,1.17117,False,2023_segment_1,1.6848131418228149,0,ok,
secondary_sensitivity_double_logistic_seasonal_parameter,2023,timesat_double_logistic_cv_seapar,2023-11-11,2023,0.86814000000000002,False,2023_segment_1,1.6458148956298828,0,ok,
secondary_sensitivity_double_logistic_seasonal_parameter,2023,timesat_double_logistic_cv_seapar,2023-11-12,2023,0.81899999999999995,False,2023_segment_1,1.6085494756698608,0,ok,
secondary_sensitivity_double_logistic_seasonal_parameter,2023,timesat_double_logistic_cv_seapar,2023-11-13,2023,1.22031,False,2023_segment_1,1.5729870796203613,0,ok,
secondary_sensitivity_double_logistic_seasonal_parameter,2023,timesat_double_logistic_cv_seapar,2023-11-14,2023,1.5954699999999999,False,2023_segment_1,1.5390992164611816,0,ok,
secondary_sensitivity_double_logistic_seasonal_parameter,2023,timesat_double_logistic_cv_seapar,2023-11-15,2023,1.2763800000000001,False,2023_segment_1,1.5068594217300415,0,ok,
secondary_sensitivity_double_logistic_seasonal_parameter,2023,timesat_double_logistic_cv_seapar,2023-11-16,2023,1.45587,False,2023_segment_1,1.4762438535690308,0,ok,
secondary_sensitivity_double_logistic_seasonal_parameter,2023,timesat_double_logistic_cv_seapar,2023-11-17,2023,1.5356399999999999,False,2023_segment_1,1.4472312927246094,0,ok,
secondary_sensitivity_double_logistic_seasonal_parameter,2023,timesat_double_logistic_cv_seapar,2023-11-18,2023,1.4259599999999999,False,2023_segment_1,1.4198036193847656,0,ok,
secondary_sensitivity_double_logistic_seasonal_parameter,2023,timesat_double_logistic_cv_seapar,2023-11-19,2023,1.10686,False,2023_segment_1,1.393946647644043,0,ok,
secondary_sensitivity_double_logistic_seasonal_parameter,2023,timesat_double_logistic_cv_seapar,2023-11-20,2023,1.46584,False,2023_segment_1,1.3696497678756714,0,ok,
secondary_sensitivity_double_logistic_seasonal_parameter,2023,timesat_double_logistic_cv_seapar,2023-11-21,2023,1.21655,False,2023_segment_1,1.346907377243042,0,ok,
secondary_sensitivity_double_logistic_seasonal_parameter,2023,timesat_double_logistic_cv_seapar,2023-11-22,2023,1.69519,False,2023_segment_1,1.3257185220718384,0,ok,
secondary_sensitivity_double_logistic_seasonal_parameter,2023,timesat_double_logistic_cv_seapar,2023-11-23,2023,1.5954699999999999,False,2023_segment_1,1.3060879707336426,0,ok,
secondary_sensitivity_double_logistic_seasonal_parameter,2023,timesat_double_logistic_cv_seapar,2023-11-24,2023,1.89463,False,2023_segment_1,1.2880266904830933,0,ok,
secondary_sensitivity_double_logistic_seasonal_parameter,2023,timesat_double_logistic_cv_seapar,2023-11-25,2023,1.0968899999999999,False,2023_segment_1,1.2715523242950439,0,ok,
secondary_sensitivity_double_logistic_seasonal_parameter,2023,timesat_double_logistic_cv_seapar,2023-11-26,2023,1.26641,False,2023_segment_1,1.2566903829574585,0,ok,
secondary_sensitivity_double_logistic_seasonal_parameter,2023,timesat_double_logistic_cv_seapar,2023-11-27,2023,1.0769500000000001,False,2023_segment_1,1.2434741258621216,0,ok,
secondary_sensitivity_double_logistic_seasonal_parameter,2023,timesat_double_logistic_cv_seapar,2023-11-28,2023,1.0234799999999999,False,2023_segment_1,1.2319463491439819,0,ok,
secondary_sensitivity_double_logistic_seasonal_parameter,2023,timesat_double_logistic_cv_seapar,2023-11-29,2023,0.96865100000000004,True,2023_segment_1,1.2221596240997314,0,ok,
secondary_sensitivity_double_logistic_seasonal_parameter,2024,timesat_double_logistic_cv_seapar,2024-04-17,2024,4.34274,True,2024_segment_1,5.2307085990905762,0,ok,
secondary_sensitivity_double_logistic_seasonal_parameter,2024,timesat_double_logistic_cv_seapar,2024-04-18,2024,2.5985499999999999,False,2024_segment_1,5.1933646202087402,0,ok,
secondary_sensitivity_double_logistic_seasonal_parameter,2024,timesat_double_logistic_cv_seapar,2024-04-19,2024,2.00434,False,2024_segment_1,5.1522207260131836,0,ok,
secondary_sensitivity_double_logistic_seasonal_parameter,2024,timesat_double_logistic_cv_seapar,2024-04-20,2024,1.6880200000000001,False,2024_segment_1,5.1070342063903809,0,ok,
secondary_sensitivity_double_logistic_seasonal_parameter,2024,timesat_double_logistic_cv_seapar,2024-04-21,2024,1.3983099999999999,False,2024_segment_1,5.0575699806213379,0,ok,
secondary_sensitivity_double_logistic_seasonal_parameter,2024,timesat_double_logistic_cv_seapar,2024-04-22,2024,1.4101300000000001,False,2024_segment_1,5.0036039352416992,0,ok,
secondary_sensitivity_double_logistic_seasonal_parameter,2024,timesat_double_logistic_cv_seapar,2024-04-23,2024,2.7782100000000001,False,2024_segment_1,4.9449324607849121,0,ok,
secondary_sensitivity_double_logistic_seasonal_parameter,2024,timesat_double_logistic_cv_seapar,2024-04-24,2024,2.3921700000000001,False,2024_segment_1,4.8813776969909668,0,ok,
secondary_sensitivity_double_logistic_seasonal_parameter,2024,timesat_double_logistic_cv_seapar,2024-04-25,2024,2.38584,False,2024_segment_1,4.8127951622009277,0,ok,
secondary_sensitivity_double_logistic_seasonal_parameter,2024,timesat_double_logistic_cv_seapar,2024-04-26,2024,2.1833300000000002,False,2024_segment_1,4.7390851974487305,0,ok,
secondary_sensitivity_double_logistic_seasonal_parameter,2024,timesat_double_logistic_cv_seapar,2024-04-27,2024,1.80362,False,2024_segment_1,4.6601977348327637,0,ok,
secondary_sensitivity_double_logistic_seasonal_parameter,2024,timesat_double_logistic_cv_seapar,2024-04-28,2024,1.9301900000000001,False,2024_segment_1,4.5761442184448242,0,ok,
secondary_sensitivity_double_logistic_seasonal_parameter,2024,timesat_double_logistic_cv_seapar,2024-04-29,2024,1.82894,False,2024_segment_1,4.487004280090332,0,ok,
secondary_sensitivity_double_logistic_seasonal_parameter,2024,timesat_double_logistic_cv_seapar,2024-04-30,2024,2.6182300000000001,False,2024_segment_1,4.3929328918457031,0,ok,
secondary_sensitivity_double_logistic_seasonal_parameter,2024,timesat_double_logistic_cv_seapar,2024-05-01,2024,2.7320700000000002,False,2024_segment_1,4.2941670417785645,0,ok,
secondary_sensitivity_double_logistic_seasonal_parameter,2024,timesat_double_logistic_cv_seapar,2024-05-02,2024,2.7527699999999999,False,2024_segment_1,4.1910271644592285,0,ok,
secondary_sensitivity_double_logistic_seasonal_parameter,2024,timesat_double_logistic_cv_seapar,2024-05-03,2024,2.3905599999999998,False,2024_segment_1,4.0839204788208008,0,ok,
secondary_sensitivity_double_logistic_seasonal_parameter,2024,timesat_double_logistic_cv_seapar,2024-05-04,2024,3.5082300000000002,False,2024_segment_1,3.9733376502990723,0,ok,
secondary_sensitivity_double_logistic_seasonal_parameter,2024,timesat_double_logistic_cv_seapar,2024-05-05,2024,3.45648,False,2024_segment_1,3.8598487377166748,0,ok,
secondary_sensitivity_double_logistic_seasonal_parameter,2024,timesat_double_logistic_cv_seapar,2024-05-06,2024,3.9118300000000001,False,2024_segment_1,3.7440943717956543,0,ok,
secondary_sensitivity_double_logistic_seasonal_parameter,2024,timesat_double_logistic_cv_seapar,2024-05-07,2024,3.1356700000000002,True,2024_segment_1,3.626774787902832,0,ok,
secondary_sensitivity_double_logistic_seasonal_parameter,2024,timesat_double_logistic_cv_seapar,2024-05-08,2024,3.9118300000000001,False,2024_segment_1,3.5086355209350586,0,ok,
secondary_sensitivity_double_logistic_seasonal_parameter,2024,timesat_double_logistic_cv_seapar,2024-05-09,2024,5.4848400000000002,False,2024_segment_1,3.3904514312744141,0,ok,
secondary_sensitivity_double_logistic_seasonal_parameter,2024,timesat_double_logistic_cv_seapar,2024-05-10,2024,5.8159999999999998,True,2024_segment_1,3.2730090618133545,0,ok,
secondary_sensitivity_double_logistic_seasonal_parameter,2024,timesat_double_logistic_cv_seapar,2024-05-11,2024,5.7642600000000002,False,2024_segment_1,3.1570882797241211,0,ok,
secondary_sensitivity_double_logistic_seasonal_parameter,2024,timesat_double_logistic_cv_seapar,2024-05-12,2024,4.9881000000000002,False,2024_segment_1,3.0434458255767822,0,ok,
secondary_sensitivity_double_logistic_seasonal_parameter,2024,timesat_double_logistic_cv_seapar,2024-05-13,2024,4.6362399999999999,False,2024_segment_1,2.9327969551086426,0,ok,
secondary_sensitivity_double_logistic_seasonal_parameter,2024,timesat_double_logistic_cv_seapar,2024-05-14,2024,2.61131,False,2024_segment_1,2.8258023262023926,0,ok,
secondary_sensitivity_double_logistic_seasonal_parameter,2024,timesat_double_logistic_cv_seapar,2024-05-15,2024,2.10792,True,2024_segment_1,2.7230563163757324,0,ok,
secondary_sensitivity_double_logistic_seasonal_parameter,2024,timesat_double_logistic_cv_seapar,2024-05-16,2024,2.2914500000000002,False,2024_segment_1,2.6250779628753662,0,ok,
secondary_sensitivity_double_logistic_seasonal_parameter,2024,timesat_double_logistic_cv_seapar,2024-05-17,2024,2.4277799999999998,True,2024_segment_1,2.5323047637939453,0,ok,
secondary_sensitivity_double_logistic_seasonal_parameter,2024,timesat_double_logistic_cv_seapar,2024-05-18,2024,3.08847,False,2024_segment_1,2.4450922012329102,0,ok,
secondary_sensitivity_double_logistic_seasonal_parameter,2024,timesat_double_logistic_cv_seapar,2024-05-19,2024,2.5483799999999999,False,2024_segment_1,2.3637130260467529,0,ok,
secondary_sensitivity_double_logistic_seasonal_parameter,2024,timesat_double_logistic_cv_seapar,2024-05-20,2024,2.3176600000000001,True,2024_segment_1,2.2883601188659668,0,ok,
secondary_sensitivity_double_logistic_seasonal_parameter,2024,timesat_double_logistic_cv_seapar,2024-05-21,2024,2.1674699999999998,False,2024_segment_1,2.2191541194915771,0,ok,
secondary_sensitivity_double_logistic_seasonal_parameter,2024,timesat_double_logistic_cv_seapar,2024-05-22,2024,2.30382,True,2024_segment_1,2.1561472415924072,0,ok,
secondary_sensitivity_double_logistic_seasonal_parameter,2024,timesat_double_logistic_cv_seapar,2024-05-23,2024,2.0452300000000001,False,2024_segment_1,2.099334716796875,0,ok,
secondary_sensitivity_double_logistic_seasonal_parameter,2024,timesat_double_logistic_cv_seapar,2024-05-24,2024,2.2709100000000002,False,2024_segment_1,2.0486602783203125,0,ok,
secondary_sensitivity_double_logistic_seasonal_parameter,2024,timesat_double_logistic_cv_seapar,2024-05-25,2024,1.9794,True,2024_segment_1,2.0040278434753418,0,ok,
secondary_sensitivity_double_logistic_seasonal_parameter,2024,timesat_double_logistic_cv_seapar,2024-05-26,2024,2.2050800000000002,False,2024_segment_1,1.9653077125549316,0,ok,
secondary_sensitivity_double_logistic_seasonal_parameter,2024,timesat_double_logistic_cv_seapar,2024-05-27,2024,1.8383499999999999,True,2024_segment_1,1.9323468208312988,0,ok,
secondary_sensitivity_double_logistic_seasonal_parameter,2024,timesat_double_logistic_cv_seapar,2024-05-28,2024,1.80877,False,2024_segment_1,1.9049748182296753,0,ok,
secondary_sensitivity_double_logistic_seasonal_parameter,2024,timesat_double_logistic_cv_seapar,2024-05-29,2024,1.8435600000000001,False,2024_segment_1,1.8830114603042603,0,ok,
secondary_sensitivity_double_logistic_seasonal_parameter,2024,timesat_double_logistic_cv_seapar,2024-05-30,2024,1.7681899999999999,True,2024_segment_1,1.8662725687026978,0,ok,
secondary_sensitivity_double_logistic_seasonal_parameter,2024,timesat_double_logistic_cv_seapar,2024-05-31,2024,1.3507800000000001,False,2024_segment_1,1.8545749187469482,0,ok,
secondary_sensitivity_double_logistic_seasonal_parameter,2024,timesat_double_logistic_cv_seapar,2024-06-01,2024,1.3623799999999999,False,2024_segment_1,1.8477401733398438,0,ok,
secondary_sensitivity_double_logistic_seasonal_parameter,2024,timesat_double_logistic_cv_seapar,2024-06-02,2024,1.15367,False,2024_segment_1,1.8455990552902222,0,ok,
secondary_sensitivity_double_logistic_seasonal_parameter,2024,timesat_double_logistic_cv_seapar,2024-06-03,2024,1.4783299999999999,False,2024_segment_1,1.847993016242981,0,ok,
secondary_sensitivity_double_logistic_seasonal_parameter,2024,timesat_double_logistic_cv_seapar,2024-06-04,2024,1.3288500000000001,True,2024_segment_1,1.8547773361206055,0,ok,
secondary_sensitivity_double_logistic_seasonal_parameter,2024,timesat_double_logistic_cv_seapar,2024-06-05,2024,1.08226,False,2024_segment_1,1.8658218383789062,0,ok,
secondary_sensitivity_double_logistic_seasonal_parameter,2024,timesat_double_logistic_cv_seapar,2024-06-06,2024,1.1987000000000001,True,2024_segment_1,1.8810123205184937,0,ok,
secondary_sensitivity_double_logistic_seasonal_parameter,2024,timesat_double_logistic_cv_seapar,2024-06-07,2024,1.14391,False,2024_segment_1,1.9002511501312256,0,ok,
secondary_sensitivity_double_logistic_seasonal_parameter,2024,timesat_double_logistic_cv_seapar,2024-06-08,2024,1.1233599999999999,False,2024_segment_1,1.9234572649002075,0,ok,
secondary_sensitivity_double_logistic_seasonal_parameter,2024,timesat_double_logistic_cv_seapar,2024-06-09,2024,1.3083,True,2024_segment_1,1.9505667686462402,0,ok,
secondary_sensitivity_double_logistic_seasonal_parameter,2024,timesat_double_logistic_cv_seapar,2024-06-10,2024,1.4453,False,2024_segment_1,1.9815323352813721,0,ok,
secondary_sensitivity_double_logistic_seasonal_parameter,2024,timesat_double_logistic_cv_seapar,2024-06-11,2024,1.6488,True,2024_segment_1,2.0163228511810303,0,ok,
secondary_sensitivity_double_logistic_seasonal_parameter,2024,timesat_double_logistic_cv_seapar,2024-06-12,2024,1.50159,False,2024_segment_1,2.0549235343933105,0,ok,
secondary_sensitivity_double_logistic_seasonal_parameter,2024,timesat_double_logistic_cv_seapar,2024-06-13,2024,1.7886500000000001,False,2024_segment_1,2.0973341464996338,0,ok,
secondary_sensitivity_double_logistic_seasonal_parameter,2024,timesat_double_logistic_cv_seapar,2024-06-14,2024,1.9285099999999999,True,2024_segment_1,2.1435704231262207,0,ok,
secondary_sensitivity_double_logistic_seasonal_parameter,2024,timesat_double_logistic_cv_seapar,2024-06-15,2024,1.9211499999999999,False,2024_segment_1,2.1936609745025635,0,ok,
secondary_sensitivity_double_logistic_seasonal_parameter,2024,timesat_double_logistic_cv_seapar,2024-06-16,2024,2.41431,False,2024_segment_1,2.2476487159729004,0,ok,
secondary_sensitivity_double_logistic_seasonal_parameter,2024,timesat_double_logistic_cv_seapar,2024-06-17,2024,2.0242,False,2024_segment_1,2.3055884838104248,0,ok,
secondary_sensitivity_double_logistic_seasonal_parameter,2024,timesat_double_logistic_cv_seapar,2024-06-18,2024,1.5275700000000001,False,2024_segment_1,2.3675475120544434,0,ok,
secondary_sensitivity_double_logistic_seasonal_parameter,2024,timesat_double_logistic_cv_seapar,2024-06-19,2024,1.14059,False,2024_segment_1,2.4336044788360596,0,ok,
secondary_sensitivity_double_logistic_seasonal_parameter,2024,timesat_double_logistic_cv_seapar,2024-06-20,2024,1.0916999999999999,False,2024_segment_1,2.5038480758666992,0,ok,
secondary_sensitivity_double_logistic_seasonal_parameter,2024,timesat_double_logistic_cv_seapar,2024-06-21,2024,1.0061599999999999,True,2024_segment_1,2.5783765316009521,0,ok,
secondary_sensitivity_double_logistic_seasonal_parameter,2024,timesat_double_logistic_cv_seapar,2024-06-22,2024,1.05504,False,2024_segment_1,2.6572976112365723,0,ok,
secondary_sensitivity_double_logistic_seasonal_parameter,2024,timesat_double_logistic_cv_seapar,2024-06-23,2024,0.91246799999999995,False,2024_segment_1,2.7407267093658447,0,ok,
secondary_sensitivity_double_logistic_seasonal_parameter,2024,timesat_double_logistic_cv_seapar,2024-06-24,2024,0.93691000000000002,False,2024_segment_1,2.8287866115570068,0,ok,
secondary_sensitivity_double_logistic_seasonal_parameter,2024,timesat_double_logistic_cv_seapar,2024-06-25,2024,2.31358,False,2024_segment_1,2.9216067790985107,0,ok,
secondary_sensitivity_double_logistic_seasonal_parameter,2024,timesat_double_logistic_cv_seapar,2024-06-26,2024,1.6033999999999999,False,2024_segment_1,3.0193221569061279,0,ok,
secondary_sensitivity_double_logistic_seasonal_parameter,2024,timesat_double_logistic_cv_seapar,2024-06-27,2024,1.62537,False,2024_segment_1,3.1220722198486328,0,ok,
secondary_sensitivity_double_logistic_seasonal_parameter,2024,timesat_double_logistic_cv_seapar,2024-06-28,2024,1.9694799999999999,False,2024_segment_1,3.2300004959106445,0,ok,
secondary_sensitivity_double_logistic_seasonal_parameter,2024,timesat_double_logistic_cv_seapar,2024-06-29,2024,2.11591,True,2024_segment_1,3.3432528972625732,0,ok,
secondary_sensitivity_double_logistic_seasonal_parameter,2024,timesat_double_logistic_cv_seapar,2024-06-30,2024,1.8743000000000001,False,2024_segment_1,3.461977481842041,0,ok,
secondary_sensitivity_double_logistic_seasonal_parameter,2024,timesat_double_logistic_cv_seapar,2024-07-01,2024,1.9841200000000001,False,2024_segment_1,3.5863223075866699,0,ok,
secondary_sensitivity_double_logistic_seasonal_parameter,2024,timesat_double_logistic_cv_seapar,2024-07-02,2024,8.6933699999999998,False,2024_segment_1,3.7164359092712402,0,ok,
secondary_sensitivity_double_logistic_seasonal_parameter,2024,timesat_double_logistic_cv_seapar,2024-07-03,2024,9.3600399999999997,False,2024_segment_1,3.852463960647583,0,ok,
secondary_sensitivity_double_logistic_seasonal_parameter,2024,timesat_double_logistic_cv_seapar,2024-07-04,2024,8.93337,False,2024_segment_1,3.9945495128631592,0,ok,
secondary_sensitivity_double_logistic_seasonal_parameter,2024,timesat_double_logistic_cv_seapar,2024-07-05,2024,8.6133699999999997,False,2024_segment_1,4.1428313255310059,0,ok,
secondary_sensitivity_double_logistic_seasonal_parameter,2024,timesat_double_logistic_cv_seapar,2024-07-06,2024,11.013400000000001,False,2024_segment_1,4.2974419593811035,0,ok,
secondary_sensitivity_double_logistic_seasonal_parameter,2024,timesat_double_logistic_cv_seapar,2024-07-07,2024,11.6267,False,2024_segment_1,4.4585070610046387,0,ok,
secondary_sensitivity_double_logistic_seasonal_parameter,2024,timesat_double_logistic_cv_seapar,2024-07-08,2024,11.9467,False,2024_segment_1,4.6261429786682129,0,ok,
secondary_sensitivity_double_logistic_seasonal_parameter,2024,timesat_double_logistic_cv_seapar,2024-07-09,2024,7.49817,True,2024_segment_1,4.8004550933837891,0,ok,
secondary_sensitivity_double_logistic_seasonal_parameter,2024,timesat_double_logistic_cv_seapar,2024-07-10,2024,10.717499999999999,False,2024_segment_1,4.9815378189086914,0,ok,
secondary_sensitivity_double_logistic_seasonal_parameter,2024,timesat_double_logistic_cv_seapar,2024-07-11,2024,7.2740400000000003,False,2024_segment_1,5.1694698333740234,0,ok,
secondary_sensitivity_double_logistic_seasonal_parameter,2024,timesat_double_logistic_cv_seapar,2024-07-12,2024,12.4087,False,2024_segment_1,5.3643159866333008,0,ok,
secondary_sensitivity_double_logistic_seasonal_parameter,2024,timesat_double_logistic_cv_seapar,2024-07-13,2024,8.2113099999999992,False,2024_segment_1,5.5661220550537109,0,ok,
secondary_sensitivity_double_logistic_seasonal_parameter,2024,timesat_double_logistic_cv_seapar,2024-07-14,2024,7.8241800000000001,False,2024_segment_1,5.7749152183532715,0,ok,
secondary_sensitivity_double_logistic_seasonal_parameter,2024,timesat_double_logistic_cv_seapar,2024-07-15,2024,9.0059500000000003,False,2024_segment_1,5.9907016754150391,0,ok,
secondary_sensitivity_double_logistic_seasonal_parameter,2024,timesat_double_logistic_cv_seapar,2024-07-16,2024,9.6783400000000004,False,2024_segment_1,6.2134637832641602,0,ok,
secondary_sensitivity_double_logistic_seasonal_parameter,2024,timesat_double_logistic_cv_seapar,2024-07-17,2024,10.330399999999999,False,2024_segment_1,6.4431610107421875,0,ok,
secondary_sensitivity_double_logistic_seasonal_parameter,2024,timesat_double_logistic_cv_seapar,2024-07-18,2024,11.614000000000001,False,2024_segment_1,6.6797242164611816,0,ok,
secondary_sensitivity_double_logistic_seasonal_parameter,2024,timesat_double_logistic_cv_seapar,2024-07-19,2024,14.2628,False,2024_segment_1,6.923058032989502,0,ok,
secondary_sensitivity_double_logistic_seasonal_parameter,2024,timesat_double_logistic_cv_seapar,2024-07-20,2024,9.1078299999999999,False,2024_segment_1,7.1730375289916992,0,ok,
secondary_sensitivity_double_logistic_seasonal_parameter,2024,timesat_double_logistic_cv_seapar,2024-07-21,2024,11.023099999999999,True,2024_segment_1,7.4295063018798828,0,ok,
secondary_sensitivity_double_logistic_seasonal_parameter,2024,timesat_double_logistic_cv_seapar,2024-07-22,2024,8.4354399999999998,False,2024_segment_1,7.6922764778137207,0,ok,
secondary_sensitivity_double_logistic_seasonal_parameter,2024,timesat_double_logistic_cv_seapar,2024-07-23,2024,5.4504900000000003,False,2024_segment_1,7.9611268043518066,0,ok,
secondary_sensitivity_double_logistic_seasonal_parameter,2024,timesat_double_logistic_cv_seapar,2024-07-24,2024,5.7839,False,2024_segment_1,8.2358016967773438,0,ok,
secondary_sensitivity_double_logistic_seasonal_parameter,2024,timesat_double_logistic_cv_seapar,2024-07-25,2024,4.7981699999999998,False,2024_segment_1,8.5160131454467773,0,ok,
secondary_sensitivity_double_logistic_seasonal_parameter,2024,timesat_double_logistic_cv_seapar,2024-07-26,2024,5.1460699999999999,True,2024_segment_1,8.8014345169067383,0,ok,
secondary_sensitivity_double_logistic_seasonal_parameter,2024,timesat_double_logistic_cv_seapar,2024-07-27,2024,5.4359900000000003,False,2024_segment_1,9.0917072296142578,0,ok,
secondary_sensitivity_double_logistic_seasonal_parameter,2024,timesat_double_logistic_cv_seapar,2024-07-28,2024,5.7694000000000001,False,2024_segment_1,9.3864345550537109,0,ok,
secondary_sensitivity_double_logistic_seasonal_parameter,2024,timesat_double_logistic_cv_seapar,2024-07-29,2024,6.1463000000000001,False,2024_segment_1,9.6851863861083984,0,ok,
secondary_sensitivity_double_logistic_seasonal_parameter,2024,timesat_double_logistic_cv_seapar,2024-07-30,2024,13.7544,False,2024_segment_1,9.9874982833862305,0,ok,
secondary_sensitivity_double_logistic_seasonal_parameter,2024,timesat_double_logistic_cv_seapar,2024-07-31,2024,10.321999999999999,False,2024_segment_1,10.29287052154541,0,ok,
secondary_sensitivity_double_logistic_seasonal_parameter,2024,timesat_double_logistic_cv_seapar,2024-08-01,2024,10.7418,False,2024_segment_1,10.600770950317383,0,ok,
secondary_sensitivity_double_logistic_seasonal_parameter,2024,timesat_double_logistic_cv_seapar,2024-08-02,2024,14.7174,False,2024_segment_1,10.91063404083252,0,ok,
secondary_sensitivity_double_logistic_seasonal_parameter,2024,timesat_double_logistic_cv_seapar,2024-08-03,2024,11.186199999999999,False,2024_segment_1,11.221865653991699,0,ok,
secondary_sensitivity_double_logistic_seasonal_parameter,2024,timesat_double_logistic_cv_seapar,2024-08-04,2024,11.951700000000001,False,2024_segment_1,11.533839225769043,0,ok,
secondary_sensitivity_double_logistic_seasonal_parameter,2024,timesat_double_logistic_cv_seapar,2024-08-05,2024,9.6058500000000002,False,2024_segment_1,11.845902442932129,0,ok,
secondary_sensitivity_double_logistic_seasonal_parameter,2024,timesat_double_logistic_cv_seapar,2024-08-06,2024,7.5105899999999997,False,2024_segment_1,12.157373428344727,0,ok,
secondary_sensitivity_double_logistic_seasonal_parameter,2024,timesat_double_logistic_cv_seapar,2024-08-07,2024,6.4060899999999998,False,2024_segment_1,12.467546463012695,0,ok,
secondary_sensitivity_double_logistic_seasonal_parameter,2024,timesat_double_logistic_cv_seapar,2024-08-08,2024,8.39419,False,2024_segment_1,12.775691032409668,0,ok,
secondary_sensitivity_double_logistic_seasonal_parameter,2024,timesat_double_logistic_cv_seapar,2024-08-09,2024,7.9724700000000004,False,2024_segment_1,13.081052780151367,0,ok,
secondary_sensitivity_double_logistic_seasonal_parameter,2024,timesat_double_logistic_cv_seapar,2024-08-10,2024,8.3339400000000001,False,2024_segment_1,13.382855415344238,0,ok,
secondary_sensitivity_double_logistic_seasonal_parameter,2024,timesat_double_logistic_cv_seapar,2024-08-11,2024,14.478999999999999,False,2024_segment_1,13.680302619934082,0,ok,
secondary_sensitivity_double_logistic_seasonal_parameter,2024,timesat_double_logistic_cv_seapar,2024-08-12,2024,18.756399999999999,False,2024_segment_1,13.972574234008789,0,ok,
secondary_sensitivity_double_logistic_seasonal_parameter,2024,timesat_double_logistic_cv_seapar,2024-08-13,2024,12.441000000000001,True,2024_segment_1,14.258832931518555,0,ok,
secondary_sensitivity_double_logistic_seasonal_parameter,2024,timesat_double_logistic_cv_seapar,2024-08-14,2024,7.1908099999999999,False,2024_segment_1,14.538217544555664,0,ok,
secondary_sensitivity_double_logistic_seasonal_parameter,2024,timesat_double_logistic_cv_seapar,2024-08-15,2024,8.1091599999999993,False,2024_segment_1,14.809847831726074,0,ok,
secondary_sensitivity_double_logistic_seasonal_parameter,2024,timesat_double_logistic_cv_seapar,2024-08-16,2024,8.1957900000000006,False,2024_segment_1,15.072819709777832,0,ok,
secondary_sensitivity_double_logistic_seasonal_parameter,2024,timesat_double_logistic_cv_seapar,2024-08-17,2024,15.559900000000001,False,2024_segment_1,15.326208114624023,0,ok,
secondary_sensitivity_double_logistic_seasonal_parameter,2024,timesat_double_logistic_cv_seapar,2024-08-18,2024,14.5549,True,2024_segment_1,15.569062232971191,0,ok,
secondary_sensitivity_double_logistic_seasonal_parameter,2024,timesat_double_logistic_cv_seapar,2024-08-19,2024,21.035299999999999,False,2024_segment_1,15.800406455993652,0,ok,
secondary_sensitivity_double_logistic_seasonal_parameter,2024,timesat_double_logistic_cv_seapar,2024-08-20,2024,18.315899999999999,True,2024_segment_1,16.019235610961914,0,ok,
secondary_sensitivity_double_logistic_seasonal_parameter,2024,timesat_double_logistic_cv_seapar,2024-08-21,2024,25.3337,False,2024_segment_1,16.224515914916992,0,ok,
secondary_sensitivity_double_logistic_seasonal_parameter,2024,timesat_double_logistic_cv_seapar,2024-08-22,2024,22.770399999999999,False,2024_segment_1,16.415182113647461,0,ok,
secondary_sensitivity_double_logistic_seasonal_parameter,2024,timesat_double_logistic_cv_seapar,2024-08-23,2024,29.464700000000001,False,2024_segment_1,16.590137481689453,0,ok,
secondary_sensitivity_double_logistic_seasonal_parameter,2024,timesat_double_logistic_cv_seapar,2024-08-24,2024,19.485499999999998,False,2024_segment_1,16.748252868652344,0,ok,
secondary_sensitivity_double_logistic_seasonal_parameter,2024,timesat_double_logistic_cv_seapar,2024-08-25,2024,13.886200000000001,False,2024_segment_1,16.888360977172852,0,ok,
secondary_sensitivity_double_logistic_seasonal_parameter,2024,timesat_double_logistic_cv_seapar,2024-08-26,2024,15.3047,False,2024_segment_1,17.009265899658203,0,ok,
secondary_sensitivity_double_logistic_seasonal_parameter,2024,timesat_double_logistic_cv_seapar,2024-08-27,2024,13.040100000000001,False,2024_segment_1,17.109743118286133,0,ok,
secondary_sensitivity_double_logistic_seasonal_parameter,2024,timesat_double_logistic_cv_seapar,2024-08-28,2024,9.3197299999999998,True,2024_segment_1,17.18853759765625,0,ok,
secondary_sensitivity_double_logistic_seasonal_parameter,2024,timesat_double_logistic_cv_seapar,2024-08-29,2024,13.352499999999999,False,2024_segment_1,17.244380950927734,0,ok,
secondary_sensitivity_double_logistic_seasonal_parameter,2024,timesat_double_logistic_cv_seapar,2024-08-30,2024,18.253499999999999,False,2024_segment_1,17.275993347167969,0,ok,
secondary_sensitivity_double_logistic_seasonal_parameter,2024,timesat_double_logistic_cv_seapar,2024-08-31,2024,35.773899999999998,False,2024_segment_1,17.282094955444336,0,ok,
secondary_sensitivity_double_logistic_seasonal_parameter,2024,timesat_double_logistic_cv_seapar,2024-09-01,2024,15.6294,False,2024_segment_1,17.26142692565918,0,ok,
secondary_sensitivity_double_logistic_seasonal_parameter,2024,timesat_double_logistic_cv_seapar,2024-09-02,2024,15.243399999999999,False,2024_segment_1,17.212772369384766,0,ok,
secondary_sensitivity_double_logistic_seasonal_parameter,2024,timesat_double_logistic_cv_seapar,2024-09-03,2024,21.2712,False,2024_segment_1,17.134971618652344,0,ok,
secondary_sensitivity_double_logistic_seasonal_parameter,2024,timesat_double_logistic_cv_seapar,2024-09-04,2024,27.197600000000001,True,2024_segment_1,17.026962280273438,0,ok,
secondary_sensitivity_double_logistic_seasonal_parameter,2024,timesat_double_logistic_cv_seapar,2024-09-05,2024,11.4102,False,2024_segment_1,16.887802124023438,0,ok,
secondary_sensitivity_double_logistic_seasonal_parameter,2024,timesat_double_logistic_cv_seapar,2024-09-06,2024,10.7217,False,2024_segment_1,16.716711044311523,0,ok,
secondary_sensitivity_double_logistic_seasonal_parameter,2024,timesat_double_logistic_cv_seapar,2024-09-07,2024,14.6808,True,2024_segment_1,16.513105392456055,0,ok,
secondary_sensitivity_double_logistic_seasonal_parameter,2024,timesat_double_logistic_cv_seapar,2024-09-08,2024,15.0251,False,2024_segment_1,16.276645660400391,0,ok,
secondary_sensitivity_double_logistic_seasonal_parameter,2024,timesat_double_logistic_cv_seapar,2024-09-09,2024,15.7628,False,2024_segment_1,16.007278442382812,0,ok,
secondary_sensitivity_double_logistic_seasonal_parameter,2024,timesat_double_logistic_cv_seapar,2024-09-10,2024,13.648,False,2024_segment_1,15.705266952514648,0,ok,
secondary_sensitivity_double_logistic_seasonal_parameter,2024,timesat_double_logistic_cv_seapar,2024-09-11,2024,13.537800000000001,False,2024_segment_1,15.371242523193359,0,ok,
secondary_sensitivity_double_logistic_seasonal_parameter,2024,timesat_double_logistic_cv_seapar,2024-09-12,2024,10.9353,True,2024_segment_1,15.006223678588867,0,ok,
secondary_sensitivity_double_logistic_seasonal_parameter,2024,timesat_double_logistic_cv_seapar,2024-09-13,2024,15.2843,False,2024_segment_1,14.611648559570312,0,ok,
secondary_sensitivity_double_logistic_seasonal_parameter,2024,timesat_double_logistic_cv_seapar,2024-09-14,2024,26.835999999999999,True,2024_segment_1,14.189379692077637,0,ok,
secondary_sensitivity_double_logistic_seasonal_parameter,2024,timesat_double_logistic_cv_seapar,2024-09-15,2024,6.7232599999999998,False,2024_segment_1,13.741704940795898,0,ok,
secondary_sensitivity_double_logistic_seasonal_parameter,2024,timesat_double_logistic_cv_seapar,2024-09-16,2024,5.2621799999999999,False,2024_segment_1,13.271319389343262,0,ok,
secondary_sensitivity_double_logistic_seasonal_parameter,2024,timesat_double_logistic_cv_seapar,2024-09-17,2024,2.871,False,2024_segment_1,12.781295776367188,0,ok,
secondary_sensitivity_double_logistic_seasonal_parameter,2024,timesat_double_logistic_cv_seapar,2024-09-18,2024,3.2820499999999999,False,2024_segment_1,12.275032043457031,0,ok,
secondary_sensitivity_double_logistic_seasonal_parameter,2024,timesat_double_logistic_cv_seapar,2024-09-19,2024,3.7310400000000001,True,2024_segment_1,11.756189346313477,0,ok,
secondary_sensitivity_double_logistic_seasonal_parameter,2024,timesat_double_logistic_cv_seapar,2024-09-20,2024,3.1366000000000001,False,2024_segment_1,11.228617668151855,0,ok,
secondary_sensitivity_double_logistic_seasonal_parameter,2024,timesat_double_logistic_cv_seapar,2024-09-21,2024,4.3760599999999998,False,2024_segment_1,10.696270942687988,0,ok,
secondary_sensitivity_double_logistic_seasonal_parameter,2024,timesat_double_logistic_cv_seapar,2024-09-22,2024,3.3832300000000002,False,2024_segment_1,10.163113594055176,0,ok,
secondary_sensitivity_double_logistic_seasonal_parameter,2024,timesat_double_logistic_cv_seapar,2024-09-23,2024,3.9397199999999999,False,2024_segment_1,9.6330337524414062,0,ok,
secondary_sensitivity_double_logistic_seasonal_parameter,2024,timesat_double_logistic_cv_seapar,2024-09-24,2024,5.1305399999999999,False,2024_segment_1,9.1097564697265625,0,ok,
secondary_sensitivity_double_logistic_seasonal_parameter,2024,timesat_double_logistic_cv_seapar,2024-09-25,2024,6.0723799999999999,False,2024_segment_1,8.5967597961425781,0,ok,
secondary_sensitivity_double_logistic_seasonal_parameter,2024,timesat_double_logistic_cv_seapar,2024-09-26,2024,4.6100500000000002,False,2024_segment_1,8.0972137451171875,0,ok,
secondary_sensitivity_double_logistic_seasonal_parameter,2024,timesat_double_logistic_cv_seapar,2024-09-27,2024,4.2258800000000001,False,2024_segment_1,7.613924503326416,0,ok,
secondary_sensitivity_double_logistic_seasonal_parameter,2024,timesat_double_logistic_cv_seapar,2024-09-28,2024,3.1972900000000002,False,2024_segment_1,7.149296760559082,0,ok,
secondary_sensitivity_double_logistic_seasonal_parameter,2024,timesat_double_logistic_cv_seapar,2024-09-29,2024,3.2096900000000002,True,2024_segment_1,6.7053127288818359,0,ok,
secondary_sensitivity_double_logistic_seasonal_parameter,2024,timesat_double_logistic_cv_seapar,2024-09-30,2024,3.9160599999999999,False,2024_segment_1,6.2835264205932617,0,ok,
secondary_sensitivity_double_logistic_seasonal_parameter,2024,timesat_double_logistic_cv_seapar,2024-10-01,2024,4.1267399999999999,False,2024_segment_1,5.885073184967041,0,ok,
secondary_sensitivity_double_logistic_seasonal_parameter,2024,timesat_double_logistic_cv_seapar,2024-10-02,2024,3.9284599999999998,False,2024_segment_1,5.5106887817382812,0,ok,
secondary_sensitivity_double_logistic_seasonal_parameter,2024,timesat_double_logistic_cv_seapar,2024-10-03,2024,3.4203600000000001,False,2024_segment_1,5.1607389450073242,0,ok,
secondary_sensitivity_double_logistic_seasonal_parameter,2024,timesat_double_logistic_cv_seapar,2024-10-04,2024,3.4079700000000002,True,2024_segment_1,4.8352580070495605,0,ok,
secondary_sensitivity_double_logistic_seasonal_parameter,2024,timesat_double_logistic_cv_seapar,2024-10-05,2024,3.6682100000000002,False,2024_segment_1,4.5339899063110352,0,ok,
secondary_sensitivity_double_logistic_seasonal_parameter,2024,timesat_double_logistic_cv_seapar,2024-10-06,2024,3.4699300000000002,False,2024_segment_1,4.2564291954040527,0,ok,
secondary_sensitivity_double_logistic_seasonal_parameter,2024,timesat_double_logistic_cv_seapar,2024-10-07,2024,3.63103,True,2024_segment_1,4.0018668174743652,0,ok,
secondary_sensitivity_double_logistic_seasonal_parameter,2024,timesat_double_logistic_cv_seapar,2024-10-08,2024,3.0697199999999998,False,2024_segment_1,3.7694318294525146,0,ok,
secondary_sensitivity_double_logistic_seasonal_parameter,2024,timesat_double_logistic_cv_seapar,2024-10-09,2024,3.0095299999999998,False,2024_segment_1,3.5581290721893311,0,ok,
secondary_sensitivity_double_logistic_seasonal_parameter,2024,timesat_double_logistic_cv_seapar,2024-10-10,2024,2.8490199999999999,False,2024_segment_1,3.3668756484985352,0,ok,
secondary_sensitivity_double_logistic_seasonal_parameter,2024,timesat_double_logistic_cv_seapar,2024-10-11,2024,2.3273700000000002,False,2024_segment_1,3.1945323944091797,0,ok,
secondary_sensitivity_double_logistic_seasonal_parameter,2024,timesat_double_logistic_cv_seapar,2024-10-12,2024,2.4878800000000001,True,2024_segment_1,3.0399308204650879,0,ok,
secondary_sensitivity_double_logistic_seasonal_parameter,2024,timesat_double_logistic_cv_seapar,2024-10-13,2024,2.3474300000000001,False,2024_segment_1,2.9018957614898682,0,ok,
secondary_sensitivity_double_logistic_seasonal_parameter,2024,timesat_double_logistic_cv_seapar,2024-10-14,2024,2.70858,False,2024_segment_1,2.7792649269104004,0,ok,
secondary_sensitivity_double_logistic_seasonal_parameter,2024,timesat_double_logistic_cv_seapar,2024-10-15,2024,2.5882000000000001,False,2024_segment_1,2.6709029674530029,0,ok,
secondary_sensitivity_double_logistic_seasonal_parameter,2024,timesat_double_logistic_cv_seapar,2024-10-16,2024,2.5581,False,2024_segment_1,2.5757136344909668,0,ok,
secondary_sensitivity_double_logistic_seasonal_parameter,2024,timesat_double_logistic_cv_seapar,2024-10-17,2024,2.72864,True,2024_segment_1,2.4926483631134033,0,ok,
secondary_sensitivity_double_logistic_seasonal_parameter,2024,timesat_double_logistic_cv_seapar,2024-10-18,2024,2.61829,False,2024_segment_1,2.4207124710083008,0,ok,
secondary_sensitivity_double_logistic_seasonal_parameter,2024,timesat_double_logistic_cv_seapar,2024-10-19,2024,3.0095299999999998,True,2024_segment_1,2.3589682579040527,0,ok,
secondary_sensitivity_double_logistic_seasonal_parameter,2024,timesat_double_logistic_cv_seapar,2024-10-20,2024,2.64839,False,2024_segment_1,2.3065383434295654,0,ok,
secondary_sensitivity_double_logistic_seasonal_parameter,2024,timesat_double_logistic_cv_seapar,2024-10-21,2024,2.75874,False,2024_segment_1,2.2626049518585205,0,ok,
secondary_sensitivity_double_logistic_seasonal_parameter,2024,timesat_double_logistic_cv_seapar,2024-10-22,2024,3.19095,False,2024_segment_1,2.226409912109375,0,ok,
secondary_sensitivity_double_logistic_seasonal_parameter,2024,timesat_double_logistic_cv_seapar,2024-10-23,2024,3.7633200000000002,False,2024_segment_1,2.1972537040710449,0,ok,
secondary_sensitivity_double_logistic_seasonal_parameter,2024,timesat_double_logistic_cv_seapar,2024-10-24,2024,3.67746,True,2024_segment_1,2.174492359161377,0,ok,
secondary_sensitivity_double_logistic_seasonal_parameter,2024,timesat_double_logistic_cv_seapar,2024-10-25,2024,3.7633200000000002,False,2024_segment_1,2.1575357913970947,0,ok,
secondary_sensitivity_double_logistic_seasonal_parameter,2024,timesat_double_logistic_cv_seapar,2024-10-26,2024,4.3070700000000004,False,2024_segment_1,2.1458444595336914,0,ok,
secondary_sensitivity_double_logistic_seasonal_parameter,2024,timesat_double_logistic_cv_seapar,2024-10-27,2024,4.1639799999999996,False,2024_segment_1,2.1389257907867432,0,ok,
secondary_sensitivity_double_logistic_seasonal_parameter,2024,timesat_double_logistic_cv_seapar,2024-10-28,2024,3.5773000000000001,False,2024_segment_1,2.1363325119018555,0,ok,
secondary_sensitivity_double_logistic_seasonal_parameter,2024,timesat_double_logistic_cv_seapar,2024-10-29,2024,3.8777900000000001,False,2024_segment_1,2.1376578807830811,0,ok,
secondary_sensitivity_double_logistic_seasonal_parameter,2024,timesat_double_logistic_cv_seapar,2024-10-30,2024,3.53437,False,2024_segment_1,2.1425328254699707,0,ok,
secondary_sensitivity_double_logistic_seasonal_parameter,2024,timesat_double_logistic_cv_seapar,2024-10-31,2024,3.86348,False,2024_segment_1,2.1506240367889404,0,ok,
secondary_sensitivity_double_logistic_seasonal_parameter,2024,timesat_double_logistic_cv_seapar,2024-11-01,2024,3.7203900000000001,False,2024_segment_1,2.1616294384002686,0,ok,
secondary_sensitivity_double_logistic_seasonal_parameter,2024,timesat_double_logistic_cv_seapar,2024-11-02,2024,3.70608,False,2024_segment_1,2.1752762794494629,0,ok,
secondary_sensitivity_double_logistic_seasonal_parameter,2024,timesat_double_logistic_cv_seapar,2024-11-03,2024,3.69177,False,2024_segment_1,2.1913192272186279,0,ok,
secondary_sensitivity_double_logistic_seasonal_parameter,2024,timesat_double_logistic_cv_seapar,2024-11-04,2024,3.7776299999999998,False,2024_segment_1,2.2095355987548828,0,ok,
secondary_sensitivity_double_logistic_seasonal_parameter,2024,timesat_double_logistic_cv_seapar,2024-11-05,2024,2.8046000000000002,False,2024_segment_1,2.2297260761260986,0,ok,
secondary_sensitivity_double_logistic_seasonal_parameter,2024,timesat_double_logistic_cv_seapar,2024-11-06,2024,3.20526,False,2024_segment_1,2.2517099380493164,0,ok,
secondary_sensitivity_double_logistic_seasonal_parameter,2024,timesat_double_logistic_cv_seapar,2024-11-07,2024,3.37697,False,2024_segment_1,2.2753245830535889,0,ok,
secondary_sensitivity_double_logistic_seasonal_parameter,2024,timesat_double_logistic_cv_seapar,2024-11-08,2024,2.2751600000000001,True,2024_segment_1,2.3004238605499268,0,ok,
secondary_sensitivity_double_logistic_seasonal_parameter,2024,timesat_double_logistic_cv_seapar,2024-11-09,2024,3.1623299999999999,False,2024_segment_1,2.3268754482269287,0,ok,
secondary_sensitivity_double_logistic_seasonal_parameter,2024,timesat_double_logistic_cv_seapar,2024-11-10,2024,2.7759800000000001,False,2024_segment_1,2.3545596599578857,0,ok,
secondary_sensitivity_double_logistic_seasonal_parameter,2024,timesat_double_logistic_cv_seapar,2024-11-11,2024,2.6901299999999999,False,2024_segment_1,2.3833692073822021,0,ok,
secondary_sensitivity_double_logistic_seasonal_parameter,2024,timesat_double_logistic_cv_seapar,2024-11-12,2024,2.2135099999999999,False,2024_segment_1,2.4132058620452881,0,ok,
secondary_sensitivity_double_logistic_seasonal_parameter,2024,timesat_double_logistic_cv_seapar,2024-11-13,2024,2.3468499999999999,True,2024_segment_1,2.443981409072876,0,ok,
secondary_sensitivity_double_logistic_seasonal_parameter,2024,timesat_double_logistic_cv_seapar,2024-11-14,2024,3.8536299999999999,False,2024_segment_1,2.4756155014038086,0,ok,
secondary_sensitivity_double_logistic_seasonal_parameter,2024,timesat_double_logistic_cv_seapar,2024-11-15,2024,2.4535200000000001,False,2024_segment_1,2.5080349445343018,0,ok,
secondary_sensitivity_double_logistic_seasonal_parameter,2024,timesat_double_logistic_cv_seapar,2024-11-16,2024,2.3468499999999999,False,2024_segment_1,2.5411727428436279,0,ok,
secondary_sensitivity_double_logistic_seasonal_parameter,2024,timesat_double_logistic_cv_seapar,2024-11-17,2024,3.57361,False,2024_segment_1,2.5749678611755371,0,ok,
secondary_sensitivity_double_logistic_seasonal_parameter,2024,timesat_double_logistic_cv_seapar,2024-11-18,2024,2.78688,False,2024_segment_1,2.6093642711639404,0,ok,
secondary_sensitivity_double_logistic_seasonal_parameter,2024,timesat_double_logistic_cv_seapar,2024-11-19,2024,3.0535700000000001,False,2024_segment_1,2.6443099975585938,0,ok,
secondary_sensitivity_double_logistic_seasonal_parameter,2024,timesat_double_logistic_cv_seapar,2024-11-20,2024,3.5069400000000002,False,2024_segment_1,2.6797571182250977,0,ok,
secondary_sensitivity_double_logistic_seasonal_parameter,2024,timesat_double_logistic_cv_seapar,2024-11-21,2024,2.5735299999999999,False,2024_segment_1,2.7156612873077393,0,ok,
secondary_sensitivity_double_logistic_seasonal_parameter,2024,timesat_double_logistic_cv_seapar,2024-11-22,2024,3.7202899999999999,False,2024_segment_1,2.7519805431365967,0,ok,
secondary_sensitivity_double_logistic_seasonal_parameter,2024,timesat_double_logistic_cv_seapar,2024-11-23,2024,3.4136000000000002,False,2024_segment_1,2.7886762619018555,0,ok,
secondary_sensitivity_double_logistic_seasonal_parameter,2024,timesat_double_logistic_cv_seapar,2024-11-24,2024,1.9601500000000001,False,2024_segment_1,2.8257119655609131,0,ok,
secondary_sensitivity_double_logistic_seasonal_parameter,2024,timesat_double_logistic_cv_seapar,2024-11-25,2024,2.8668900000000002,False,2024_segment_1,2.8630523681640625,0,ok,
secondary_sensitivity_double_logistic_seasonal_parameter,2024,timesat_double_logistic_cv_seapar,2024-11-26,2024,3.7469600000000001,True,2024_segment_1,2.9006650447845459,0,ok,
secondary_sensitivity_double_logistic_seasonal_parameter,2024,timesat_double_logistic_cv_seapar,2024-11-27,2024,2.32708,False,2024_segment_1,2.9385185241699219,0,ok,
secondary_sensitivity_double_logistic_seasonal_parameter,2024,timesat_double_logistic_cv_seapar,2024-11-28,2024,2.8471000000000002,True,2024_segment_1,2.9765825271606445,0,ok,
secondary_sensitivity_double_logistic_seasonal_parameter,2025,timesat_double_logistic_cv_seapar,2025-03-21,2025,27.9665,True,2025_segment_1,33.29803466796875,0,ok,
secondary_sensitivity_double_logistic_seasonal_parameter,2025,timesat_double_logistic_cv_seapar,2025-03-22,2025,31.335100000000001,False,2025_segment_1,32.479042053222656,0,ok,
secondary_sensitivity_double_logistic_seasonal_parameter,2025,timesat_double_logistic_cv_seapar,2025-03-23,2025,38.259500000000003,True,2025_segment_1,31.603340148925781,0,ok,
secondary_sensitivity_double_logistic_seasonal_parameter,2025,timesat_double_logistic_cv_seapar,2025-03-24,2025,38.493400000000001,False,2025_segment_1,30.67255973815918,0,ok,
secondary_sensitivity_double_logistic_seasonal_parameter,2025,timesat_double_logistic_cv_seapar,2025-03-25,2025,27.380299999999998,False,2025_segment_1,29.689172744750977,0,ok,
secondary_sensitivity_double_logistic_seasonal_parameter,2025,timesat_double_logistic_cv_seapar,2025-03-26,2025,35.609299999999998,False,2025_segment_1,28.656520843505859,0,ok,
secondary_sensitivity_double_logistic_seasonal_parameter,2025,timesat_double_logistic_cv_seapar,2025-03-27,2025,34.433700000000002,False,2025_segment_1,27.578819274902344,0,ok,
secondary_sensitivity_double_logistic_seasonal_parameter,2025,timesat_double_logistic_cv_seapar,2025-03-28,2025,40.700299999999999,True,2025_segment_1,26.46113395690918,0,ok,
secondary_sensitivity_double_logistic_seasonal_parameter,2025,timesat_double_logistic_cv_seapar,2025-03-29,2025,38.2288,False,2025_segment_1,25.309326171875,0,ok,
secondary_sensitivity_double_logistic_seasonal_parameter,2025,timesat_double_logistic_cv_seapar,2025-03-30,2025,40.746499999999997,False,2025_segment_1,24.129953384399414,0,ok,
secondary_sensitivity_double_logistic_seasonal_parameter,2025,timesat_double_logistic_cv_seapar,2025-03-31,2025,38.043700000000001,False,2025_segment_1,22.930149078369141,0,ok,
secondary_sensitivity_double_logistic_seasonal_parameter,2025,timesat_double_logistic_cv_seapar,2025-04-01,2025,16.215599999999998,False,2025_segment_1,21.717477798461914,0,ok,
secondary_sensitivity_double_logistic_seasonal_parameter,2025,timesat_double_logistic_cv_seapar,2025-04-02,2025,13.369,False,2025_segment_1,20.499755859375,0,ok,
secondary_sensitivity_double_logistic_seasonal_parameter,2025,timesat_double_logistic_cv_seapar,2025-04-03,2025,6.9510399999999999,False,2025_segment_1,19.284873962402344,0,ok,
secondary_sensitivity_double_logistic_seasonal_parameter,2025,timesat_double_logistic_cv_seapar,2025-04-04,2025,7.7140899999999997,True,2025_segment_1,18.080608367919922,0,ok,
secondary_sensitivity_double_logistic_seasonal_parameter,2025,timesat_double_logistic_cv_seapar,2025-04-05,2025,8.1565899999999996,False,2025_segment_1,16.894439697265625,0,ok,
secondary_sensitivity_double_logistic_seasonal_parameter,2025,timesat_double_logistic_cv_seapar,2025-04-06,2025,7.18797,False,2025_segment_1,15.733382225036621,0,ok,
secondary_sensitivity_double_logistic_seasonal_parameter,2025,timesat_double_logistic_cv_seapar,2025-04-07,2025,6.28904,True,2025_segment_1,14.603845596313477,0,ok,
secondary_sensitivity_double_logistic_seasonal_parameter,2025,timesat_double_logistic_cv_seapar,2025-04-08,2025,8.3335500000000007,False,2025_segment_1,13.511513710021973,0,ok,
secondary_sensitivity_double_logistic_seasonal_parameter,2025,timesat_double_logistic_cv_seapar,2025-04-09,2025,8.2102299999999993,False,2025_segment_1,12.461264610290527,0,ok,
secondary_sensitivity_double_logistic_seasonal_parameter,2025,timesat_double_logistic_cv_seapar,2025-04-10,2025,8.4331499999999995,False,2025_segment_1,11.45711612701416,0,ok,
secondary_sensitivity_double_logistic_seasonal_parameter,2025,timesat_double_logistic_cv_seapar,2025-04-11,2025,6.9580599999999997,False,2025_segment_1,10.502209663391113,0,ok,
secondary_sensitivity_double_logistic_seasonal_parameter,2025,timesat_double_logistic_cv_seapar,2025-04-12,2025,8.2718900000000009,True,2025_segment_1,9.5988197326660156,0,ok,
secondary_sensitivity_double_logistic_seasonal_parameter,2025,timesat_double_logistic_cv_seapar,2025-04-13,2025,8.2529199999999996,False,2025_segment_1,8.7483930587768555,0,ok,
secondary_sensitivity_double_logistic_seasonal_parameter,2025,timesat_double_logistic_cv_seapar,2025-04-14,2025,7.0387000000000004,True,2025_segment_1,7.951606273651123,0,ok,
secondary_sensitivity_double_logistic_seasonal_parameter,2025,timesat_double_logistic_cv_seapar,2025-04-15,2025,7.9284600000000003,False,2025_segment_1,7.2084393501281738,0,ok,
secondary_sensitivity_double_logistic_seasonal_parameter,2025,timesat_double_logistic_cv_seapar,2025-04-16,2025,8.54833,False,2025_segment_1,6.5182580947875977,0,ok,
secondary_sensitivity_double_logistic_seasonal_parameter,2025,timesat_double_logistic_cv_seapar,2025-04-17,2025,9.9710900000000002,False,2025_segment_1,5.8799071311950684,0,ok,
secondary_sensitivity_double_logistic_seasonal_parameter,2025,timesat_double_logistic_cv_seapar,2025-04-18,2025,7.7867699999999997,False,2025_segment_1,5.2917943000793457,0,ok,
secondary_sensitivity_double_logistic_seasonal_parameter,2025,timesat_double_logistic_cv_seapar,2025-04-19,2025,8.0524299999999993,False,2025_segment_1,4.751983642578125,0,ok,
secondary_sensitivity_double_logistic_seasonal_parameter,2025,timesat_double_logistic_cv_seapar,2025-04-20,2025,9.1504899999999996,False,2025_segment_1,4.2582740783691406,0,ok,
secondary_sensitivity_double_logistic_seasonal_parameter,2025,timesat_double_logistic_cv_seapar,2025-04-21,2025,12.3561,False,2025_segment_1,3.8082756996154785,0,ok,
secondary_sensitivity_double_logistic_seasonal_parameter,2025,timesat_double_logistic_cv_seapar,2025-04-22,2025,10.0892,False,2025_segment_1,3.3994765281677246,0,ok,
secondary_sensitivity_double_logistic_seasonal_parameter,2025,timesat_double_logistic_cv_seapar,2025-04-23,2025,6.8301400000000001,False,2025_segment_1,3.0293004512786865,0,ok,
secondary_sensitivity_double_logistic_seasonal_parameter,2025,timesat_double_logistic_cv_seapar,2025-04-24,2025,8.0165500000000005,False,2025_segment_1,2.6951565742492676,0,ok,
secondary_sensitivity_double_logistic_seasonal_parameter,2025,timesat_double_logistic_cv_seapar,2025-04-25,2025,10.0512,False,2025_segment_1,2.394479513168335,0,ok,
secondary_sensitivity_double_logistic_seasonal_parameter,2025,timesat_double_logistic_cv_seapar,2025-04-26,2025,6.9521100000000002,False,2025_segment_1,2.1247622966766357,0,ok,
secondary_sensitivity_double_logistic_seasonal_parameter,2025,timesat_double_logistic_cv_seapar,2025-04-27,2025,8.9756499999999999,True,2025_segment_1,1.8835809230804443,0,ok,
secondary_sensitivity_double_logistic_seasonal_parameter,2025,timesat_double_logistic_cv_seapar,2025-04-28,2025,7.1128900000000002,False,2025_segment_1,1.6686142683029175,0,ok,
secondary_sensitivity_double_logistic_seasonal_parameter,2025,timesat_double_logistic_cv_seapar,2025-04-29,2025,5.8607100000000001,False,2025_segment_1,1.4776568412780762,0,ok,
secondary_sensitivity_double_logistic_seasonal_parameter,2025,timesat_double_logistic_cv_seapar,2025-04-30,2025,4.4662800000000002,False,2025_segment_1,1.3086279630661011,0,ok,
secondary_sensitivity_double_logistic_seasonal_parameter,2025,timesat_double_logistic_cv_seapar,2025-05-01,2025,3.7936700000000001,False,2025_segment_1,1.1888799667358398,0,ok,
secondary_sensitivity_double_logistic_seasonal_parameter,2025,timesat_double_logistic_cv_seapar,2025-05-02,2025,4.2038000000000002,False,2025_segment_1,1.1888799667358398,0,ok,
secondary_sensitivity_double_logistic_seasonal_parameter,2025,timesat_double_logistic_cv_seapar,2025-05-03,2025,4.4990899999999998,False,2025_segment_1,1.1888799667358398,0,ok,
secondary_sensitivity_double_logistic_seasonal_parameter,2025,timesat_double_logistic_cv_seapar,2025-05-04,2025,3.5680999999999998,True,2025_segment_1,1.1888799667358398,0,ok,
secondary_sensitivity_double_logistic_seasonal_parameter,2025,timesat_double_logistic_cv_seapar,2025-05-05,2025,2.93241,False,2025_segment_1,1.1888799667358398,0,ok,
secondary_sensitivity_double_logistic_seasonal_parameter,2025,timesat_double_logistic_cv_seapar,2025-05-06,2025,2.5649099999999998,False,2025_segment_1,1.1888799667358398,0,ok,
secondary_sensitivity_double_logistic_seasonal_parameter,2025,timesat_double_logistic_cv_seapar,2025-05-07,2025,2.7595700000000001,True,2025_segment_1,1.1888799667358398,0,ok,
secondary_sensitivity_double_logistic_seasonal_parameter,2025,timesat_double_logistic_cv_seapar,2025-05-08,2025,2.0572699999999999,False,2025_segment_1,1.1888799667358398,0,ok,
secondary_sensitivity_double_logistic_seasonal_parameter,2025,timesat_double_logistic_cv_seapar,2025-05-09,2025,2.03437,False,2025_segment_1,1.1888799667358398,0,ok,
secondary_sensitivity_double_logistic_seasonal_parameter,2025,timesat_double_logistic_cv_seapar,2025-05-10,2025,1.9694799999999999,False,2025_segment_1,1.1888799667358398,0,ok,
secondary_sensitivity_double_logistic_seasonal_parameter,2025,timesat_double_logistic_cv_seapar,2025-05-11,2025,1.9122300000000001,False,2025_segment_1,1.1888799667358398,0,ok,
secondary_sensitivity_double_logistic_seasonal_parameter,2025,timesat_double_logistic_cv_seapar,2025-05-12,2025,2.0381900000000002,True,2025_segment_1,1.1888799667358398,0,ok,
secondary_sensitivity_double_logistic_seasonal_parameter,2025,timesat_double_logistic_cv_seapar,2025-05-13,2025,1.6411500000000001,False,2025_segment_1,1.1888799667358398,0,ok,
secondary_sensitivity_double_logistic_seasonal_parameter,2025,timesat_double_logistic_cv_seapar,2025-05-14,2025,1.38771,True,2025_segment_1,1.1888799667358398,0,ok,
secondary_sensitivity_double_logistic_seasonal_parameter,2025,timesat_double_logistic_cv_seapar,2025-05-15,2025,1.5453399999999999,True,2025_segment_1,1.1888799667358398,0,ok,
secondary_sensitivity_double_logistic_seasonal_parameter,2025,timesat_double_logistic_cv_seapar,2025-05-16,2025,1.6195200000000001,False,2025_segment_1,1.1888799667358398,0,ok,
secondary_sensitivity_double_logistic_seasonal_parameter,2025,timesat_double_logistic_cv_seapar,2025-05-17,2025,1.5453399999999999,False,2025_segment_1,1.1888799667358398,0,ok,
secondary_sensitivity_double_logistic_seasonal_parameter,2025,timesat_double_logistic_cv_seapar,2025-05-18,2025,1.92858,False,2025_segment_1,1.1888799667358398,0,ok,
secondary_sensitivity_double_logistic_seasonal_parameter,2025,timesat_double_logistic_cv_seapar,2025-05-19,2025,1.5267900000000001,False,2025_segment_1,1.1888799667358398,0,ok,
secondary_sensitivity_double_logistic_seasonal_parameter,2025,timesat_double_logistic_cv_seapar,2025-05-20,2025,1.7872699999999999,True,2025_segment_1,1.1888799667358398,0,ok,
secondary_sensitivity_double_logistic_seasonal_parameter,2025,timesat_double_logistic_cv_seapar,2025-05-21,2025,1.6870400000000001,False,2025_segment_1,1.1888799667358398,0,ok,
secondary_sensitivity_double_logistic_seasonal_parameter,2025,timesat_double_logistic_cv_seapar,2025-05-22,2025,1.5450699999999999,False,2025_segment_1,1.1888799667358398,0,ok,
secondary_sensitivity_double_logistic_seasonal_parameter,2025,timesat_double_logistic_cv_seapar,2025-05-23,2025,1.6828700000000001,False,2025_segment_1,1.1888799667358398,0,ok,
secondary_sensitivity_double_logistic_seasonal_parameter,2025,timesat_double_logistic_cv_seapar,2025-05-24,2025,2.03782,False,2025_segment_1,1.1888799667358398,0,ok,
secondary_sensitivity_double_logistic_seasonal_parameter,2025,timesat_double_logistic_cv_seapar,2025-05-25,2025,2.2925399999999998,False,2025_segment_1,1.1888799667358398,0,ok,
secondary_sensitivity_double_logistic_seasonal_parameter,2025,timesat_double_logistic_cv_seapar,2025-05-26,2025,2.0837500000000002,False,2025_segment_1,1.1888799667358398,0,ok,
secondary_sensitivity_double_logistic_seasonal_parameter,2025,timesat_double_logistic_cv_seapar,2025-05-27,2025,1.5421499999999999,True,2025_segment_1,1.1888799667358398,0,ok,
secondary_sensitivity_double_logistic_seasonal_parameter,2025,timesat_double_logistic_cv_seapar,2025-05-28,2025,1.4912000000000001,False,2025_segment_1,1.1888799667358398,0,ok,
secondary_sensitivity_double_logistic_seasonal_parameter,2025,timesat_double_logistic_cv_seapar,2025-05-29,2025,1.3383400000000001,False,2025_segment_1,1.1888799667358398,0,ok,
secondary_sensitivity_double_logistic_seasonal_parameter,2025,timesat_double_logistic_cv_seapar,2025-05-30,2025,1.42326,False,2025_segment_1,1.1888799667358398,0,ok,
secondary_sensitivity_double_logistic_seasonal_parameter,2025,timesat_double_logistic_cv_seapar,2025-05-31,2025,1.2262500000000001,False,2025_segment_1,1.1888799667358398,0,ok,
secondary_sensitivity_double_logistic_seasonal_parameter,2025,timesat_double_logistic_cv_seapar,2025-06-01,2025,1.1888799999999999,True,2025_segment_1,1.1888799667358398,0,ok,
secondary_sensitivity_double_logistic_seasonal_parameter,2025,timesat_double_logistic_cv_seapar,2025-06-02,2025,0.594441,False,2025_segment_1,1.1888799667358398,0,ok,
secondary_sensitivity_double_logistic_seasonal_parameter,2025,timesat_double_logistic_cv_seapar,2025-06-03,2025,1.2364200000000001,True,2025_segment_1,1.1888799667358398,0,ok,
secondary_sensitivity_double_logistic_seasonal_parameter,2025,timesat_double_logistic_cv_seapar,2025-06-04,2025,1.0658799999999999,False,2025_segment_1,1.1888799667358398,0,ok,
secondary_sensitivity_double_logistic_seasonal_parameter,2025,timesat_double_logistic_cv_seapar,2025-06-05,2025,1.6079600000000001,False,2025_segment_1,1.1888799667358398,0,ok,
secondary_sensitivity_double_logistic_seasonal_parameter,2025,timesat_double_logistic_cv_seapar,2025-06-06,2025,1.69323,False,2025_segment_1,1.1888799667358398,0,ok,
secondary_sensitivity_double_logistic_seasonal_parameter,2025,timesat_double_logistic_cv_seapar,2025-06-07,2025,1.6201399999999999,False,2025_segment_1,1.1888799667358398,0,ok,
secondary_sensitivity_double_logistic_seasonal_parameter,2025,timesat_double_logistic_cv_seapar,2025-06-08,2025,1.5957699999999999,False,2025_segment_1,1.1888799667358398,0,ok,
secondary_sensitivity_double_logistic_seasonal_parameter,2025,timesat_double_logistic_cv_seapar,2025-06-09,2025,1.55314,False,2025_segment_1,1.1888799667358398,0,ok,
secondary_sensitivity_double_logistic_seasonal_parameter,2025,timesat_double_logistic_cv_seapar,2025-06-10,2025,1.75545,False,2025_segment_1,1.1888799667358398,0,ok,
secondary_sensitivity_double_logistic_seasonal_parameter,2025,timesat_double_logistic_cv_seapar,2025-06-11,2025,1.6601900000000001,False,2025_segment_1,1.1888799667358398,0,ok,
secondary_sensitivity_double_logistic_seasonal_parameter,2025,timesat_double_logistic_cv_seapar,2025-06-12,2025,1.61256,False,2025_segment_1,1.1888799667358398,0,ok,
secondary_sensitivity_double_logistic_seasonal_parameter,2025,timesat_double_logistic_cv_seapar,2025-06-13,2025,1.55813,False,2025_segment_1,1.1888799667358398,0,ok,
secondary_sensitivity_double_logistic_seasonal_parameter,2025,timesat_double_logistic_cv_seapar,2025-06-14,2025,1.7282299999999999,True,2025_segment_1,1.1888799667358398,0,ok,
secondary_sensitivity_double_logistic_seasonal_parameter,2025,timesat_double_logistic_cv_seapar,2025-06-15,2025,1.25875,False,2025_segment_1,1.1888799667358398,0,ok,
secondary_sensitivity_double_logistic_seasonal_parameter,2025,timesat_double_logistic_cv_seapar,2025-06-16,2025,1.26556,False,2025_segment_1,1.1888799667358398,0,ok,
secondary_sensitivity_double_logistic_seasonal_parameter,2025,timesat_double_logistic_cv_seapar,2025-06-17,2025,1.3288500000000001,False,2025_segment_1,1.1888799667358398,0,ok,
secondary_sensitivity_double_logistic_seasonal_parameter,2025,timesat_double_logistic_cv_seapar,2025-06-18,2025,1.26166,False,2025_segment_1,1.1888799667358398,0,ok,
secondary_sensitivity_double_logistic_seasonal_parameter,2025,timesat_double_logistic_cv_seapar,2025-06-19,2025,1.37364,False,2025_segment_1,1.2381578683853149,0,ok,
secondary_sensitivity_double_logistic_seasonal_parameter,2025,timesat_double_logistic_cv_seapar,2025-06-20,2025,1.2765899999999999,False,2025_segment_1,1.2931692600250244,0,ok,
secondary_sensitivity_double_logistic_seasonal_parameter,2025,timesat_double_logistic_cv_seapar,2025-06-21,2025,1.26166,False,2025_segment_1,1.352013111114502,0,ok,
secondary_sensitivity_double_logistic_seasonal_parameter,2025,timesat_double_logistic_cv_seapar,2025-06-22,2025,1.4184399999999999,False,2025_segment_1,1.4151266813278198,0,ok,
secondary_sensitivity_double_logistic_seasonal_parameter,2025,timesat_double_logistic_cv_seapar,2025-06-23,2025,1.94848,False,2025_segment_1,1.4829943180084229,0,ok,
secondary_sensitivity_double_logistic_seasonal_parameter,2025,timesat_double_logistic_cv_seapar,2025-06-24,2025,1.6488,False,2025_segment_1,1.5561522245407104,0,ok,
secondary_sensitivity_double_logistic_seasonal_parameter,2025,timesat_double_logistic_cv_seapar,2025-06-25,2025,1.56636,False,2025_segment_1,1.6351922750473022,0,ok,
secondary_sensitivity_double_logistic_seasonal_parameter,2025,timesat_double_logistic_cv_seapar,2025-06-26,2025,1.7312399999999999,True,2025_segment_1,1.7207678556442261,0,ok,
secondary_sensitivity_double_logistic_seasonal_parameter,2025,timesat_double_logistic_cv_seapar,2025-06-27,2025,2.1659199999999998,False,2025_segment_1,1.8135982751846313,0,ok,
secondary_sensitivity_double_logistic_seasonal_parameter,2025,timesat_double_logistic_cv_seapar,2025-06-28,2025,2.0834800000000002,False,2025_segment_1,1.9144748449325562,0,ok,
secondary_sensitivity_double_logistic_seasonal_parameter,2025,timesat_double_logistic_cv_seapar,2025-06-29,2025,1.96357,False,2025_segment_1,2.0242657661437988,0,ok,
secondary_sensitivity_double_logistic_seasonal_parameter,2025,timesat_double_logistic_cv_seapar,2025-06-30,2025,2.1059700000000001,False,2025_segment_1,2.1439225673675537,0,ok,
secondary_sensitivity_double_logistic_seasonal_parameter,2025,timesat_double_logistic_cv_seapar,2025-07-01,2025,3.7490899999999998,False,2025_segment_1,2.2744851112365723,0,ok,
secondary_sensitivity_double_logistic_seasonal_parameter,2025,timesat_double_logistic_cv_seapar,2025-07-02,2025,3.37019,False,2025_segment_1,2.4170873165130615,0,ok,
secondary_sensitivity_double_logistic_seasonal_parameter,2025,timesat_double_logistic_cv_seapar,2025-07-03,2025,2.9813200000000002,True,2025_segment_1,2.5729620456695557,0,ok,
secondary_sensitivity_double_logistic_seasonal_parameter,2025,timesat_double_logistic_cv_seapar,2025-07-04,2025,2.7420200000000001,True,2025_segment_1,2.7434461116790771,0,ok,
secondary_sensitivity_double_logistic_seasonal_parameter,2025,timesat_double_logistic_cv_seapar,2025-07-05,2025,2.60242,False,2025_segment_1,2.929983377456665,0,ok,
secondary_sensitivity_double_logistic_seasonal_parameter,2025,timesat_double_logistic_cv_seapar,2025-07-06,2025,3.0610900000000001,False,2025_segment_1,3.1341264247894287,0,ok,
secondary_sensitivity_double_logistic_seasonal_parameter,2025,timesat_double_logistic_cv_seapar,2025-07-07,2025,3.2106499999999998,False,2025_segment_1,3.357539176940918,0,ok,
secondary_sensitivity_double_logistic_seasonal_parameter,2025,timesat_double_logistic_cv_seapar,2025-07-08,2025,4.61259,False,2025_segment_1,3.6019928455352783,0,ok,
secondary_sensitivity_double_logistic_seasonal_parameter,2025,timesat_double_logistic_cv_seapar,2025-07-09,2025,4.4582699999999997,True,2025_segment_1,3.8693630695343018,0,ok,
secondary_sensitivity_double_logistic_seasonal_parameter,2025,timesat_double_logistic_cv_seapar,2025-07-10,2025,5.33277,False,2025_segment_1,4.1616215705871582,0,ok,
secondary_sensitivity_double_logistic_seasonal_parameter,2025,timesat_double_logistic_cv_seapar,2025-07-11,2025,4.3896800000000002,False,2025_segment_1,4.4808244705200195,0,ok,
secondary_sensitivity_double_logistic_seasonal_parameter,2025,timesat_double_logistic_cv_seapar,2025-07-12,2025,5.79575,False,2025_segment_1,4.8290929794311523,0,ok,
secondary_sensitivity_double_logistic_seasonal_parameter,2025,timesat_double_logistic_cv_seapar,2025-07-13,2025,7.8191100000000002,False,2025_segment_1,5.2085928916931152,0,ok,
secondary_sensitivity_double_logistic_seasonal_parameter,2025,timesat_double_logistic_cv_seapar,2025-07-14,2025,27.281199999999998,False,2025_segment_1,5.6215023994445801,0,ok,
secondary_sensitivity_double_logistic_seasonal_parameter,2025,timesat_double_logistic_cv_seapar,2025-07-15,2025,5.3445600000000004,False,2025_segment_1,6.069974422454834,0,ok,
secondary_sensitivity_double_logistic_seasonal_parameter,2025,timesat_double_logistic_cv_seapar,2025-07-16,2025,5.2949200000000003,True,2025_segment_1,6.5560898780822754,0,ok,
secondary_sensitivity_double_logistic_seasonal_parameter,2025,timesat_double_logistic_cv_seapar,2025-07-17,2025,5.1129100000000003,False,2025_segment_1,7.0818009376525879,0,ok,
secondary_sensitivity_double_logistic_seasonal_parameter,2025,timesat_double_logistic_cv_seapar,2025-07-18,2025,5.36111,False,2025_segment_1,7.6488666534423828,0,ok,
secondary_sensitivity_double_logistic_seasonal_parameter,2025,timesat_double_logistic_cv_seapar,2025-07-19,2025,4.66615,True,2025_segment_1,8.2587766647338867,0,ok,
secondary_sensitivity_double_logistic_seasonal_parameter,2025,timesat_double_logistic_cv_seapar,2025-07-20,2025,5.7747700000000002,False,2025_segment_1,8.9126663208007812,0,ok,
secondary_sensitivity_double_logistic_seasonal_parameter,2025,timesat_double_logistic_cv_seapar,2025-07-21,2025,6.6352000000000002,True,2025_segment_1,9.6112232208251953,0,ok,
secondary_sensitivity_double_logistic_seasonal_parameter,2025,timesat_double_logistic_cv_seapar,2025-07-22,2025,6.9005700000000001,False,2025_segment_1,10.354591369628906,0,ok,
secondary_sensitivity_double_logistic_seasonal_parameter,2025,timesat_double_logistic_cv_seapar,2025-07-23,2025,4.77102,True,2025_segment_1,11.142269134521484,0,ok,
secondary_sensitivity_double_logistic_seasonal_parameter,2025,timesat_double_logistic_cv_seapar,2025-07-24,2025,5.7948399999999998,True,2025_segment_1,11.973002433776855,0,ok,
secondary_sensitivity_double_logistic_seasonal_parameter,2025,timesat_double_logistic_cv_seapar,2025-07-25,2025,6.9619999999999997,False,2025_segment_1,12.844696044921875,0,ok,
secondary_sensitivity_double_logistic_seasonal_parameter,2025,timesat_double_logistic_cv_seapar,2025-07-26,2025,6.9619999999999997,True,2025_segment_1,13.754323959350586,0,ok,
secondary_sensitivity_double_logistic_seasonal_parameter,2025,timesat_double_logistic_cv_seapar,2025-07-27,2025,7.1258100000000004,False,2025_segment_1,14.697861671447754,0,ok,
secondary_sensitivity_double_logistic_seasonal_parameter,2025,timesat_double_logistic_cv_seapar,2025-07-28,2025,7.3101000000000003,False,2025_segment_1,15.67023754119873,0,ok,
secondary_sensitivity_double_logistic_seasonal_parameter,2025,timesat_double_logistic_cv_seapar,2025-07-29,2025,6.6958099999999998,False,2025_segment_1,16.665317535400391,0,ok,
secondary_sensitivity_double_logistic_seasonal_parameter,2025,timesat_double_logistic_cv_seapar,2025-07-30,2025,7.7401099999999996,False,2025_segment_1,17.675920486450195,0,ok,
secondary_sensitivity_double_logistic_seasonal_parameter,2025,timesat_double_logistic_cv_seapar,2025-07-31,2025,7.6581999999999999,False,2025_segment_1,18.693866729736328,0,ok,
secondary_sensitivity_double_logistic_seasonal_parameter,2025,timesat_double_logistic_cv_seapar,2025-08-01,2025,8.0882100000000001,False,2025_segment_1,19.710079193115234,0,ok,
secondary_sensitivity_double_logistic_seasonal_parameter,2025,timesat_double_logistic_cv_seapar,2025-08-02,2025,28.339400000000001,True,2025_segment_1,20.71470832824707,0,ok,
secondary_sensitivity_double_logistic_seasonal_parameter,2025,timesat_double_logistic_cv_seapar,2025-08-03,2025,7.2281899999999997,False,2025_segment_1,21.697298049926758,0,ok,
secondary_sensitivity_double_logistic_seasonal_parameter,2025,timesat_double_logistic_cv_seapar,2025-08-04,2025,7.45343,False,2025_segment_1,22.646999359130859,0,ok,
secondary_sensitivity_double_logistic_seasonal_parameter,2025,timesat_double_logistic_cv_seapar,2025-08-05,2025,31.384799999999998,True,2025_segment_1,23.552780151367188,0,ok,
secondary_sensitivity_double_logistic_seasonal_parameter,2025,timesat_double_logistic_cv_seapar,2025-08-06,2025,28.438199999999998,False,2025_segment_1,24.403678894042969,0,ok,
secondary_sensitivity_double_logistic_seasonal_parameter,2025,timesat_double_logistic_cv_seapar,2025-08-07,2025,30.014299999999999,False,2025_segment_1,25.189048767089844,0,ok,
secondary_sensitivity_double_logistic_seasonal_parameter,2025,timesat_double_logistic_cv_seapar,2025-08-08,2025,26.930599999999998,False,2025_segment_1,25.898805618286133,0,ok,
secondary_sensitivity_double_logistic_seasonal_parameter,2025,timesat_double_logistic_cv_seapar,2025-08-09,2025,28.506699999999999,False,2025_segment_1,26.523664474487305,0,ok,
secondary_sensitivity_double_logistic_seasonal_parameter,2025,timesat_double_logistic_cv_seapar,2025-08-10,2025,23.778400000000001,False,2025_segment_1,27.055355072021484,0,ok,
secondary_sensitivity_double_logistic_seasonal_parameter,2025,timesat_double_logistic_cv_seapar,2025-08-11,2025,36.250100000000003,False,2025_segment_1,27.486814498901367,0,ok,
secondary_sensitivity_double_logistic_seasonal_parameter,2025,timesat_double_logistic_cv_seapar,2025-08-12,2025,29.877099999999999,True,2025_segment_1,27.812349319458008,0,ok,
secondary_sensitivity_double_logistic_seasonal_parameter,2025,timesat_double_logistic_cv_seapar,2025-08-13,2025,19.918099999999999,False,2025_segment_1,28.027763366699219,0,ok,
secondary_sensitivity_double_logistic_seasonal_parameter,2025,timesat_double_logistic_cv_seapar,2025-08-14,2025,19.872399999999999,False,2025_segment_1,28.130449295043945,0,ok,
secondary_sensitivity_double_logistic_seasonal_parameter,2025,timesat_double_logistic_cv_seapar,2025-08-15,2025,20.2379,True,2025_segment_1,28.119453430175781,0,ok,
secondary_sensitivity_double_logistic_seasonal_parameter,2025,timesat_double_logistic_cv_seapar,2025-08-16,2025,22.019500000000001,False,2025_segment_1,27.995489120483398,0,ok,
secondary_sensitivity_double_logistic_seasonal_parameter,2025,timesat_double_logistic_cv_seapar,2025-08-17,2025,28.141100000000002,False,2025_segment_1,27.76092529296875,0,ok,
secondary_sensitivity_double_logistic_seasonal_parameter,2025,timesat_double_logistic_cv_seapar,2025-08-18,2025,24.4864,True,2025_segment_1,27.419734954833984,0,ok,
secondary_sensitivity_double_logistic_seasonal_parameter,2025,timesat_double_logistic_cv_seapar,2025-08-19,2025,16.5932,False,2025_segment_1,26.977405548095703,0,ok,
secondary_sensitivity_double_logistic_seasonal_parameter,2025,timesat_double_logistic_cv_seapar,2025-08-20,2025,20.9514,False,2025_segment_1,26.440820693969727,0,ok,
secondary_sensitivity_double_logistic_seasonal_parameter,2025,timesat_double_logistic_cv_seapar,2025-08-21,2025,22.790700000000001,False,2025_segment_1,25.818099975585938,0,ok,
secondary_sensitivity_double_logistic_seasonal_parameter,2025,timesat_double_logistic_cv_seapar,2025-08-22,2025,26.749099999999999,False,2025_segment_1,25.118412017822266,0,ok,
secondary_sensitivity_double_logistic_seasonal_parameter,2025,timesat_double_logistic_cv_seapar,2025-08-23,2025,13.114599999999999,False,2025_segment_1,24.351764678955078,0,ok,
secondary_sensitivity_double_logistic_seasonal_parameter,2025,timesat_double_logistic_cv_seapar,2025-08-24,2025,23.110499999999998,False,2025_segment_1,23.528768539428711,0,ok,
secondary_sensitivity_double_logistic_seasonal_parameter,2025,timesat_double_logistic_cv_seapar,2025-08-25,2025,16.313300000000002,False,2025_segment_1,22.660394668579102,0,ok,
secondary_sensitivity_double_logistic_seasonal_parameter,2025,timesat_double_logistic_cv_seapar,2025-08-26,2025,15.6693,False,2025_segment_1,21.757719039916992,0,ok,
secondary_sensitivity_double_logistic_seasonal_parameter,2025,timesat_double_logistic_cv_seapar,2025-08-27,2025,17.275300000000001,False,2025_segment_1,20.831689834594727,0,ok,
secondary_sensitivity_double_logistic_seasonal_parameter,2025,timesat_double_logistic_cv_seapar,2025-08-28,2025,37.697400000000002,True,2025_segment_1,19.892881393432617,0,ok,
secondary_sensitivity_double_logistic_seasonal_parameter,2025,timesat_double_logistic_cv_seapar,2025-08-29,2025,15.6693,False,2025_segment_1,18.951309204101562,0,ok,
secondary_sensitivity_double_logistic_seasonal_parameter,2025,timesat_double_logistic_cv_seapar,2025-08-30,2025,30.470400000000001,False,2025_segment_1,18.0162353515625,0,ok,
secondary_sensitivity_double_logistic_seasonal_parameter,2025,timesat_double_logistic_cv_seapar,2025-08-31,2025,22.245200000000001,False,2025_segment_1,17.096042633056641,0,ok,
secondary_sensitivity_double_logistic_seasonal_parameter,2025,timesat_double_logistic_cv_seapar,2025-09-01,2025,15.2569,False,2025_segment_1,16.198137283325195,0,ok,
secondary_sensitivity_double_logistic_seasonal_parameter,2025,timesat_double_logistic_cv_seapar,2025-09-02,2025,14.584099999999999,False,2025_segment_1,15.328875541687012,0,ok,
secondary_sensitivity_double_logistic_seasonal_parameter,2025,timesat_double_logistic_cv_seapar,2025-09-03,2025,16.276900000000001,False,2025_segment_1,14.493556022644043,0,ok,
secondary_sensitivity_double_logistic_seasonal_parameter,2025,timesat_double_logistic_cv_seapar,2025-09-04,2025,8.6129999999999995,True,2025_segment_1,13.696425437927246,0,ok,
secondary_sensitivity_double_logistic_seasonal_parameter,2025,timesat_double_logistic_cv_seapar,2025-09-05,2025,8.8386700000000005,False,2025_segment_1,12.94072151184082,0,ok,
secondary_sensitivity_double_logistic_seasonal_parameter,2025,timesat_double_logistic_cv_seapar,2025-09-06,2025,5.6793100000000001,False,2025_segment_1,12.228737831115723,0,ok,
secondary_sensitivity_double_logistic_seasonal_parameter,2025,timesat_double_logistic_cv_seapar,2025-09-07,2025,4.5760500000000004,True,2025_segment_1,11.561910629272461,0,ok,
secondary_sensitivity_double_logistic_seasonal_parameter,2025,timesat_double_logistic_cv_seapar,2025-09-08,2025,6.6070599999999997,False,2025_segment_1,10.940910339355469,0,ok,
secondary_sensitivity_double_logistic_seasonal_parameter,2025,timesat_double_logistic_cv_seapar,2025-09-09,2025,3.0842999999999998,False,2025_segment_1,10.365741729736328,0,ok,
secondary_sensitivity_double_logistic_seasonal_parameter,2025,timesat_double_logistic_cv_seapar,2025-09-10,2025,2.89737,False,2025_segment_1,9.8358488082885742,0,ok,
secondary_sensitivity_double_logistic_seasonal_parameter,2025,timesat_double_logistic_cv_seapar,2025-09-11,2025,2.43005,False,2025_segment_1,9.3502120971679688,0,ok,
secondary_sensitivity_double_logistic_seasonal_parameter,2025,timesat_double_logistic_cv_seapar,2025-09-12,2025,3.8413599999999999,True,2025_segment_1,8.9074440002441406,0,ok,
secondary_sensitivity_double_logistic_seasonal_parameter,2025,timesat_double_logistic_cv_seapar,2025-09-13,2025,4.4021400000000002,False,2025_segment_1,8.5058717727661133,0,ok,
secondary_sensitivity_double_logistic_seasonal_parameter,2025,timesat_double_logistic_cv_seapar,2025-09-14,2025,3.8413599999999999,False,2025_segment_1,8.1436195373535156,0,ok,
secondary_sensitivity_double_logistic_seasonal_parameter,2025,timesat_double_logistic_cv_seapar,2025-09-15,2025,3.7759299999999998,False,2025_segment_1,7.818669319152832,0,ok,
secondary_sensitivity_double_logistic_seasonal_parameter,2025,timesat_double_logistic_cv_seapar,2025-09-16,2025,5.49315,False,2025_segment_1,7.5289249420166016,0,ok,
secondary_sensitivity_double_logistic_seasonal_parameter,2025,timesat_double_logistic_cv_seapar,2025-09-17,2025,5.37791,False,2025_segment_1,7.2722578048706055,0,ok,
secondary_sensitivity_double_logistic_seasonal_parameter,2025,timesat_double_logistic_cv_seapar,2025-09-18,2025,5.1730400000000003,False,2025_segment_1,7.0465445518493652,0,ok,
secondary_sensitivity_double_logistic_seasonal_parameter,2025,timesat_double_logistic_cv_seapar,2025-09-19,2025,5.6340000000000003,True,2025_segment_1,6.8497023582458496,0,ok,
secondary_sensitivity_double_logistic_seasonal_parameter,2025,timesat_double_logistic_cv_seapar,2025-09-20,2025,4.9425499999999998,False,2025_segment_1,6.6797099113464355,0,ok,
secondary_sensitivity_double_logistic_seasonal_parameter,2025,timesat_double_logistic_cv_seapar,2025-09-21,2025,5.3010799999999998,False,2025_segment_1,6.5346283912658691,0,ok,
secondary_sensitivity_double_logistic_seasonal_parameter,2025,timesat_double_logistic_cv_seapar,2025-09-22,2025,5.4035200000000003,True,2025_segment_1,6.4126133918762207,0,ok,
secondary_sensitivity_double_logistic_seasonal_parameter,2025,timesat_double_logistic_cv_seapar,2025-09-23,2025,7.3052999999999999,False,2025_segment_1,6.3119220733642578,0,ok,
secondary_sensitivity_double_logistic_seasonal_parameter,2025,timesat_double_logistic_cv_seapar,2025-09-24,2025,6.1494,False,2025_segment_1,6.2309212684631348,0,ok,
secondary_sensitivity_double_logistic_seasonal_parameter,2025,timesat_double_logistic_cv_seapar,2025-09-25,2025,8.4611999999999998,False,2025_segment_1,6.1680870056152344,0,ok,
secondary_sensitivity_double_logistic_seasonal_parameter,2025,timesat_double_logistic_cv_seapar,2025-09-26,2025,10.7422,False,2025_segment_1,6.1220040321350098,0,ok,
secondary_sensitivity_double_logistic_seasonal_parameter,2025,timesat_double_logistic_cv_seapar,2025-09-27,2025,7.7676600000000002,True,2025_segment_1,6.0913662910461426,0,ok,
secondary_sensitivity_double_logistic_seasonal_parameter,2025,timesat_double_logistic_cv_seapar,2025-09-28,2025,6.0106900000000003,False,2025_segment_1,6.0749702453613281,0,ok,
secondary_sensitivity_double_logistic_seasonal_parameter,2025,timesat_double_logistic_cv_seapar,2025-09-29,2025,6.4114000000000004,False,2025_segment_1,6.0717134475708008,0,ok,
secondary_sensitivity_double_logistic_seasonal_parameter,2025,timesat_double_logistic_cv_seapar,2025-09-30,2025,7.7100299999999997,False,2025_segment_1,6.0805869102478027,0,ok,
secondary_sensitivity_double_logistic_seasonal_parameter,2025,timesat_double_logistic_cv_seapar,2025-10-01,2025,11.2464,False,2025_segment_1,6.1006717681884766,0,ok,
secondary_sensitivity_double_logistic_seasonal_parameter,2025,timesat_double_logistic_cv_seapar,2025-10-02,2025,14.4643,False,2025_segment_1,6.1311321258544922,0,ok,
secondary_sensitivity_double_logistic_seasonal_parameter,2025,timesat_double_logistic_cv_seapar,2025-10-03,2025,13.763400000000001,False,2025_segment_1,6.1712102890014648,0,ok,
secondary_sensitivity_double_logistic_seasonal_parameter,2025,timesat_double_logistic_cv_seapar,2025-10-04,2025,13.444800000000001,False,2025_segment_1,6.2202200889587402,0,ok,
secondary_sensitivity_double_logistic_seasonal_parameter,2025,timesat_double_logistic_cv_seapar,2025-10-05,2025,25.838200000000001,False,2025_segment_1,6.2775421142578125,0,ok,
secondary_sensitivity_double_logistic_seasonal_parameter,2025,timesat_double_logistic_cv_seapar,2025-10-06,2025,41.831699999999998,False,2025_segment_1,6.342618465423584,0,ok,
secondary_sensitivity_double_logistic_seasonal_parameter,2025,timesat_double_logistic_cv_seapar,2025-10-07,2025,9.9907199999999996,False,2025_segment_1,6.4149465560913086,0,ok,
secondary_sensitivity_double_logistic_seasonal_parameter,2025,timesat_double_logistic_cv_seapar,2025-10-08,2025,13.4186,False,2025_segment_1,6.4940762519836426,0,ok,
secondary_sensitivity_double_logistic_seasonal_parameter,2025,timesat_double_logistic_cv_seapar,2025-10-09,2025,14.2097,True,2025_segment_1,6.5796036720275879,0,ok,
secondary_sensitivity_double_logistic_seasonal_parameter,2025,timesat_double_logistic_cv_seapar,2025-10-10,2025,19.424800000000001,False,2025_segment_1,6.6711668968200684,0,ok,
secondary_sensitivity_double_logistic_seasonal_parameter,2025,timesat_double_logistic_cv_seapar,2025-10-11,2025,12.920500000000001,True,2025_segment_1,6.7684435844421387,0,ok,
secondary_sensitivity_double_logistic_seasonal_parameter,2025,timesat_double_logistic_cv_seapar,2025-10-12,2025,13.7995,False,2025_segment_1,6.8711457252502441,0,ok,
secondary_sensitivity_double_logistic_seasonal_parameter,2025,timesat_double_logistic_cv_seapar,2025-10-13,2025,23.409300000000002,False,2025_segment_1,6.9790177345275879,0,ok,
secondary_sensitivity_double_logistic_seasonal_parameter,2025,timesat_double_logistic_cv_seapar,2025-10-14,2025,83.4709,False,2025_segment_1,7.0918316841125488,0,ok,
secondary_sensitivity_double_logistic_seasonal_parameter,2025,timesat_double_logistic_cv_seapar,2025-10-15,2025,27.306000000000001,False,2025_segment_1,7.209385871887207,0,ok,
secondary_sensitivity_double_logistic_seasonal_parameter,2025,timesat_double_logistic_cv_seapar,2025-10-16,2025,12.920500000000001,False,2025_segment_1,7.3315019607543945,0,ok,
secondary_sensitivity_double_logistic_seasonal_parameter,2025,timesat_double_logistic_cv_seapar,2025-10-17,2025,12.627599999999999,True,2025_segment_1,7.4580221176147461,0,ok,
secondary_sensitivity_double_logistic_seasonal_parameter,2025,timesat_double_logistic_cv_seapar,2025-10-18,2025,8.8773800000000005,False,2025_segment_1,7.5888075828552246,0,ok,
secondary_sensitivity_double_logistic_seasonal_parameter,2025,timesat_double_logistic_cv_seapar,2025-10-19,2025,14.1511,True,2025_segment_1,7.7237362861633301,0,ok,
secondary_sensitivity_double_logistic_seasonal_parameter,2025,timesat_double_logistic_cv_seapar,2025-10-20,2025,10.9283,False,2025_segment_1,7.8627009391784668,0,ok,
secondary_sensitivity_double_logistic_seasonal_parameter,2025,timesat_double_logistic_cv_seapar,2025-10-21,2025,6.4344999999999999,False,2025_segment_1,8.0056066513061523,0,ok,
secondary_sensitivity_double_logistic_seasonal_parameter,2025,timesat_double_logistic_cv_seapar,2025-10-22,2025,5.74003,False,2025_segment_1,8.1523723602294922,0,ok,
secondary_sensitivity_double_logistic_seasonal_parameter,2025,timesat_double_logistic_cv_seapar,2025-10-23,2025,21.5428,False,2025_segment_1,8.3029260635375977,0,ok,
secondary_sensitivity_double_logistic_seasonal_parameter,2025,timesat_double_logistic_cv_seapar,2025-10-24,2025,5.6124799999999997,False,2025_segment_1,8.4572057723999023,0,ok,
secondary_sensitivity_double_logistic_seasonal_parameter,2025,timesat_double_logistic_cv_seapar,2025-10-25,2025,12.9682,False,2025_segment_1,8.6151561737060547,0,ok,
secondary_sensitivity_double_logistic_seasonal_parameter,2025,timesat_double_logistic_cv_seapar,2025-10-26,2025,5.6124799999999997,False,2025_segment_1,8.7767314910888672,0,ok,
secondary_sensitivity_double_logistic_seasonal_parameter,2025,timesat_double_logistic_cv_seapar,2025-10-27,2025,4.4077799999999998,False,2025_segment_1,8.941889762878418,0,ok,
secondary_sensitivity_double_logistic_seasonal_parameter,2025,timesat_double_logistic_cv_seapar,2025-10-28,2025,4.2802199999999999,False,2025_segment_1,9.1105966567993164,0,ok,
secondary_sensitivity_double_logistic_seasonal_parameter,2025,timesat_double_logistic_cv_seapar,2025-10-29,2025,4.8754799999999996,False,2025_segment_1,9.2828216552734375,0,ok,
secondary_sensitivity_double_logistic_seasonal_parameter,2025,timesat_double_logistic_cv_seapar,2025-10-30,2025,5.9668000000000001,False,2025_segment_1,9.4585371017456055,0,ok,
secondary_sensitivity_double_logistic_seasonal_parameter,2025,timesat_double_logistic_cv_seapar,2025-10-31,2025,5.20146,False,2025_segment_1,9.6377201080322266,0,ok,
secondary_sensitivity_double_logistic_seasonal_parameter,2025,timesat_double_logistic_cv_seapar,2025-11-01,2025,4.7621000000000002,False,2025_segment_1,9.8203496932983398,0,ok,
secondary_sensitivity_double_logistic_seasonal_parameter,2025,timesat_double_logistic_cv_seapar,2025-11-02,2025,4.6912399999999996,False,2025_segment_1,10.00640869140625,0,ok,
secondary_sensitivity_double_logistic_seasonal_parameter,2025,timesat_double_logistic_cv_seapar,2025-11-03,2025,15.406000000000001,True,2025_segment_1,10.195879936218262,0,ok,
secondary_sensitivity_double_logistic_seasonal_parameter,2025,timesat_double_logistic_cv_seapar,2025-11-04,2025,7.2343799999999998,False,2025_segment_1,10.388749122619629,0,ok,
secondary_sensitivity_double_logistic_seasonal_parameter,2025,timesat_double_logistic_cv_seapar,2025-11-05,2025,8.83291,False,2025_segment_1,10.585000991821289,0,ok,
secondary_sensitivity_double_logistic_seasonal_parameter,2025,timesat_double_logistic_cv_seapar,2025-11-06,2025,10.533899999999999,False,2025_segment_1,10.784622192382812,0,ok,
secondary_sensitivity_double_logistic_seasonal_parameter,2025,timesat_double_logistic_cv_seapar,2025-11-07,2025,8.3615499999999994,False,2025_segment_1,10.98759937286377,0,ok,
secondary_sensitivity_double_logistic_seasonal_parameter,2025,timesat_double_logistic_cv_seapar,2025-11-08,2025,6.8449900000000001,False,2025_segment_1,11.19391918182373,0,ok,
secondary_sensitivity_double_logistic_seasonal_parameter,2025,timesat_double_logistic_cv_seapar,2025-11-09,2025,6.0662200000000004,False,2025_segment_1,11.403569221496582,0,ok,
secondary_sensitivity_double_logistic_seasonal_parameter,2025,timesat_double_logistic_cv_seapar,2025-11-10,2025,7.0909199999999997,False,2025_segment_1,11.616533279418945,0,ok,
secondary_sensitivity_double_logistic_seasonal_parameter,2025,timesat_double_logistic_cv_seapar,2025-11-11,2025,9.1608199999999993,False,2025_segment_1,11.832798004150391,0,ok,
secondary_sensitivity_double_logistic_seasonal_parameter,2025,timesat_double_logistic_cv_seapar,2025-11-12,2025,11.6816,False,2025_segment_1,12.052346229553223,0,ok,
secondary_sensitivity_double_logistic_seasonal_parameter,2025,timesat_double_logistic_cv_seapar,2025-11-13,2025,8.9558800000000005,False,2025_segment_1,12.275160789489746,0,ok,
secondary_sensitivity_double_logistic_seasonal_parameter,2025,timesat_double_logistic_cv_seapar,2025-11-14,2025,6.5170899999999996,False,2025_segment_1,12.501223564147949,0,ok,
secondary_sensitivity_double_logistic_seasonal_parameter,2025,timesat_double_logistic_cv_seapar,2025-11-15,2025,5.82029,False,2025_segment_1,12.730513572692871,0,ok,
secondary_sensitivity_double_logistic_seasonal_parameter,2025,timesat_double_logistic_cv_seapar,2025-11-16,2025,7.6442600000000001,True,2025_segment_1,12.963007926940918,0,ok,
secondary_sensitivity_double_logistic_seasonal_parameter,2025,timesat_double_logistic_cv_seapar,2025-11-17,2025,4.1192900000000003,False,2025_segment_1,13.198684692382812,0,ok,
secondary_sensitivity_double_logistic_seasonal_parameter,2025,timesat_double_logistic_cv_seapar,2025-11-18,2025,8.8693200000000001,False,2025_segment_1,13.437517166137695,0,ok,
secondary_sensitivity_double_logistic_seasonal_parameter,2025,timesat_double_logistic_cv_seapar,2025-11-19,2025,9.9127700000000001,False,2025_segment_1,13.679476737976074,0,ok,
secondary_sensitivity_double_logistic_seasonal_parameter,2025,timesat_double_logistic_cv_seapar,2025-11-20,2025,7.2766900000000003,True,2025_segment_1,13.924532890319824,0,ok,
secondary_sensitivity_double_logistic_seasonal_parameter,2025,timesat_double_logistic_cv_seapar,2025-11-21,2025,6.4803699999999997,False,2025_segment_1,14.172653198242188,0,ok,
secondary_sensitivity_double_logistic_seasonal_parameter,2025,timesat_double_logistic_cv_seapar,2025-11-22,2025,8.7869399999999995,False,2025_segment_1,14.423802375793457,0,ok,
secondary_sensitivity_double_logistic_seasonal_parameter,2025,timesat_double_logistic_cv_seapar,2025-11-23,2025,9.4734200000000008,False,2025_segment_1,14.677943229675293,0,ok,
secondary_sensitivity_double_logistic_seasonal_parameter,2025,timesat_double_logistic_cv_seapar,2025-11-24,2025,8.2377599999999997,False,2025_segment_1,14.935035705566406,0,ok,
secondary_sensitivity_double_logistic_seasonal_parameter,2025,timesat_double_logistic_cv_seapar,2025-11-25,2025,6.5902099999999999,False,2025_segment_1,15.195036888122559,0,ok,
secondary_sensitivity_double_logistic_seasonal_parameter,2025,timesat_double_logistic_cv_seapar,2025-11-26,2025,8.0180799999999994,True,2025_segment_1,15.457901000976562,0,ok,
